0.000372
0.000382
0.000384
0.000386
0.000392
0.000407
0.000425
0.000435
0.000425
0.000402
0.000387
0.000392
0.000409
0.000417
0.000414
0.000408
0.000406
0.000401
0.000390
0.000379
0.000380
0.000399
0.000423
0.000439
0.000435
0.000409
0.000369
0.000325
0.000284
0.000251
0.000227
0.000209
0.000191
0.000169
0.000153
0.000157
0.000181
0.000210
0.000234
0.000252
0.000266
0.000277
0.000293
0.000325
0.000372
0.000415
0.000437
0.000436
0.000414
0.000372
0.000314
0.000260
0.000226
0.000211
0.000206
0.000212
0.000233
0.000260
0.000272
0.000269
0.000274
0.000300
0.000331
0.000343
0.000335
0.000324
0.000323
0.000327
0.000327
0.000319
0.000308
0.000303
0.000311
0.000331
0.000357
0.000377
0.000384
0.000383
0.000385
0.000399
0.000421
0.000433
0.000429
0.000424
0.000433
0.000448
0.000449
0.000433
0.000420
0.000427
0.000445
0.000453
0.000446
0.000434
0.000421
0.000403
0.000379
0.000365
0.000379
0.000417
0.000453
0.000467
0.000463
0.000459
0.000466
0.000484
0.000513
0.000553
0.000596
0.000620
0.000612
0.000581
0.000546
0.000514
0.000482
0.000451
0.000427
0.000412
0.000401
0.000393
0.000390
0.000390
0.000391
0.000393
0.000398
0.000403
0.000398
0.000384
0.000370
0.000358
0.000337
0.000310
0.000298
0.000316
0.000348
0.000368
0.000362
0.000341
0.000323
0.000321
0.000345
0.000391
0.000442
0.000473
0.000468
0.000436
0.000400
0.000384
0.000399
0.000425
0.000427
0.000394
0.000355
0.000343
0.000361
0.000382
0.000387
0.000385
0.000386
0.000386
0.000369
0.000334
0.000299
0.000284
0.000294
0.000317
0.000338
0.000355
0.000369
0.000381
0.000393
0.000411
0.000442
0.000480
0.000504
0.000503
0.000492
0.000495
0.000521
0.000559
0.000592
0.000606
0.000599
0.000577
0.000551
0.000527
0.000505
0.000489
0.000486
0.000492
0.000486
0.000457
0.000413
0.000377
0.000362
0.000367
0.000381
0.000398
0.000406
0.000402
0.000398
0.000416
0.000461
0.000521
0.000574
0.000600
0.000585
0.000538
0.000494
0.000485
0.000508
0.000531
0.000533
0.000527
0.000535
0.000558
0.000575
0.000572
0.000545
0.000505
0.000460
0.000419
0.000392
0.000390
0.000415
0.000452
0.000479
0.000482
0.000473
0.000477
0.000501
0.000527
0.000535
0.000521
0.000499
0.000486
0.000491
0.000510
0.000532
0.000545
0.000552
0.000562
0.000574
0.000572
0.000548
0.000514
0.000494
0.000492
0.000497
0.000498
0.000491
0.000480
0.000466
0.000452
0.000439
0.000428
0.000429
0.000450
0.000491
0.000530
0.000544
0.000524
0.000485
0.000451
0.000430
0.000419
0.000413
0.000416
0.000429
0.000441
0.000434
0.000406
0.000377
0.000366
0.000364
0.000350
0.000319
0.000288
0.000274
0.000279
0.000295
0.000314
0.000330
0.000335
0.000332
0.000334
0.000345
0.000360
0.000370
0.000378
0.000387
0.000395
0.000393
0.000384
0.000383
0.000401
0.000439
0.000483
0.000514
0.000525
0.000527
0.000534
0.000546
0.000545
0.000525
0.000504
0.000499
0.000514
0.000542
0.000584
0.000634
0.000673
0.000679
0.000648
0.000595
0.000533
0.000473
0.000424
0.000392
0.000381
0.000384
0.000400
0.000426
0.000449
0.000457
0.000453
0.000451
0.000454
0.000458
0.000455
0.000447
0.000435
0.000419
0.000405
0.000399
0.000401
0.000401
0.000397
0.000400
0.000419
0.000445
0.000462
0.000460
0.000444
0.000427
0.000415
0.000404
0.000388
0.000363
0.000337
0.000315
0.000298
0.000290
0.000294
0.000306
0.000315
0.000319
0.000335
0.000386
0.000462
0.000526
0.000552
0.000545
0.000528
0.000518
0.000518
0.000522
0.000524
0.000523
0.000525
0.000533
0.000539
0.000530
0.000508
0.000487
0.000474
0.000463
0.000448
0.000431
0.000418
0.000414
0.000420
0.000435
0.000449
0.000446
0.000431
0.000429
0.000455
0.000490
0.000506
0.000497
0.000481
0.000471
0.000463
0.000449
0.000426
0.000403
0.000388
0.000392
0.000417
0.000458
0.000506
0.000547
0.000564
0.000544
0.000496
0.000453
0.000433
0.000421
0.000396
0.000363
0.000343
0.000342
0.000333
0.000300
0.000255
0.000227
0.000226
0.000242
0.000266
0.000292
0.000316
0.000338
0.000360
0.000380
0.000389
0.000376
0.000341
0.000299
0.000269
0.000258
0.000260
0.000266
0.000270
0.000278
0.000296
0.000323
0.000342
0.000341
0.000325
0.000308
0.000297
0.000291
0.000291
0.000295
0.000302
0.000313
0.000337
0.000379
0.000429
0.000462
0.000468
0.000462
0.000458
0.000455
0.000445
0.000432
0.000430
0.000436
0.000435
0.000416
0.000390
0.000375
0.000372
0.000380
0.000396
0.000419
0.000438
0.000445
0.000447
0.000455
0.000468
0.000472
0.000463
0.000457
0.000466
0.000487
0.000505
0.000519
0.000533
0.000552
0.000573
0.000584
0.000577
0.000552
0.000521
0.000503
0.000507
0.000516
0.000512
0.000493
0.000474
0.000470
0.000484
0.000512
0.000540
0.000553
0.000545
0.000529
0.000524
0.000535
0.000545
0.000532
0.000486
0.000418
0.000349
0.000301
0.000289
0.000313
0.000362
0.000419
0.000466
0.000489
0.000481
0.000446
0.000393
0.000333
0.000287
0.000279
0.000311
0.000356
0.000379
0.000371
0.000351
0.000342
0.000356
0.000397
0.000455
0.000502
0.000510
0.000481
0.000445
0.000431
0.000434
0.000442
0.000451
0.000467
0.000480
0.000469
0.000434
0.000391
0.000366
0.000367
0.000391
0.000426
0.000454
0.000463
0.000452
0.000439
0.000440
0.000459
0.000487
0.000515
0.000531
0.000531
0.000524
0.000512
0.000496
0.000475
0.000463
0.000474
0.000504
0.000529
0.000535
0.000533
0.000539
0.000549
0.000550
0.000544
0.000540
0.000538
0.000527
0.000501
0.000465
0.000427
0.000396
0.000384
0.000401
0.000440
0.000485
0.000529
0.000572
0.000605
0.000610
0.000583
0.000544
0.000524
0.000525
0.000526
0.000511
0.000481
0.000443
0.000401
0.000359
0.000326
0.000317
0.000334
0.000367
0.000391
0.000384
0.000341
0.000282
0.000242
0.000245
0.000291
0.000349
0.000386
0.000383
0.000350
0.000309
0.000272
0.000240
0.000222
0.000233
0.000271
0.000314
0.000337
0.000343
0.000346
0.000352
0.000352
0.000343
0.000333
0.000324
0.000306
0.000278
0.000253
0.000243
0.000246
0.000249
0.000247
0.000240
0.000230
0.000215
0.000202
0.000204
0.000223
0.000255
0.000288
0.000314
0.000332
0.000353
0.000391
0.000445
0.000500
0.000536
0.000553
0.000557
0.000558
0.000561
0.000575
0.000599
0.000618
0.000613
0.000588
0.000562
0.000543
0.000530
0.000523
0.000527
0.000539
0.000540
0.000524
0.000504
0.000496
0.000503
0.000525
0.000572
0.000645
0.000724
0.000775
0.000783
0.000759
0.000721
0.000681
0.000654
0.000657
0.000696
0.000754
0.000797
0.000805
0.000790
0.000781
0.000791
0.000800
0.000780
0.000728
0.000671
0.000631
0.000606
0.000574
0.000523
0.000457
0.000391
0.000337
0.000302
0.000286
0.000283
0.000285
0.000292
0.000304
0.000320
0.000334
0.000340
0.000336
0.000321
0.000300
0.000289
0.000309
0.000366
0.000435
0.000481
0.000492
0.000484
0.000475
0.000470
0.000464
0.000468
0.000502
0.000569
0.000641
0.000681
0.000677
0.000648
0.000616
0.000588
0.000564
0.000545
0.000534
0.000531
0.000530
0.000525
0.000508
0.000476
0.000439
0.000419
0.000434
0.000475
0.000523
0.000564
0.000600
0.000631
0.000650
0.000653
0.000642
0.000623
0.000591
0.000545
0.000498
0.000473
0.000489
0.000540
0.000610
0.000669
0.000689
0.000652
0.000572
0.000489
0.000442
0.000438
0.000456
0.000475
0.000493
0.000512
0.000523
0.000517
0.000499
0.000484
0.000473
0.000454
0.000423
0.000392
0.000377
0.000385
0.000416
0.000467
0.000523
0.000563
0.000572
0.000555
0.000528
0.000507
0.000503
0.000523
0.000559
0.000585
0.000585
0.000567
0.000555
0.000555
0.000553
0.000541
0.000532
0.000535
0.000545
0.000550
0.000547
0.000536
0.000511
0.000467
0.000411
0.000358
0.000317
0.000286
0.000266
0.000263
0.000278
0.000309
0.000349
0.000395
0.000448
0.000503
0.000551
0.000581
0.000588
0.000576
0.000556
0.000536
0.000514
0.000487
0.000462
0.000455
0.000473
0.000505
0.000537
0.000552
0.000543
0.000507
0.000451
0.000388
0.000340
0.000323
0.000341
0.000378
0.000411
0.000425
0.000422
0.000414
0.000407
0.000404
0.000414
0.000441
0.000473
0.000486
0.000468
0.000433
0.000404
0.000388
0.000380
0.000381
0.000393
0.000407
0.000419
0.000437
0.000477
0.000530
0.000558
0.000539
0.000488
0.000449
0.000442
0.000455
0.000471
0.000486
0.000507
0.000534
0.000561
0.000579
0.000586
0.000588
0.000589
0.000588
0.000577
0.000559
0.000548
0.000547
0.000543
0.000525
0.000502
0.000489
0.000478
0.000441
0.000371
0.000301
0.000270
0.000289
0.000331
0.000364
0.000375
0.000370
0.000361
0.000358
0.000368
0.000385
0.000402
0.000411
0.000415
0.000426
0.000454
0.000494
0.000524
0.000529
0.000510
0.000484
0.000462
0.000444
0.000425
0.000402
0.000375
0.000343
0.000323
0.000330
0.000358
0.000379
0.000369
0.000336
0.000303
0.000279
0.000265
0.000262
0.000269
0.000273
0.000268
0.000262
0.000267
0.000286
0.000316
0.000360
0.000417
0.000469
0.000500
0.000518
0.000542
0.000567
0.000565
0.000531
0.000497
0.000494
0.000523
0.000559
0.000581
0.000584
0.000571
0.000559
0.000561
0.000575
0.000581
0.000577
0.000579
0.000592
0.000595
0.000565
0.000511
0.000463
0.000439
0.000434
0.000444
0.000462
0.000471
0.000458
0.000439
0.000443
0.000473
0.000494
0.000472
0.000410
0.000334
0.000271
0.000229
0.000209
0.000213
0.000247
0.000312
0.000390
0.000445
0.000458
0.000448
0.000460
0.000511
0.000580
0.000635
0.000673
0.000700
0.000709
0.000683
0.000621
0.000547
0.000493
0.000476
0.000488
0.000502
0.000493
0.000458
0.000416
0.000387
0.000379
0.000391
0.000417
0.000443
0.000449
0.000429
0.000393
0.000358
0.000331
0.000320
0.000339
0.000386
0.000434
0.000447
0.000426
0.000410
0.000434
0.000495
0.000556
0.000584
0.000569
0.000526
0.000478
0.000442
0.000422
0.000405
0.000380
0.000344
0.000305
0.000282
0.000281
0.000294
0.000301
0.000301
0.000316
0.000360
0.000411
0.000435
0.000434
0.000434
0.000448
0.000459
0.000456
0.000465
0.000520
0.000608
0.000680
0.000694
0.000653
0.000585
0.000517
0.000462
0.000418
0.000380
0.000346
0.000326
0.000331
0.000351
0.000369
0.000376
0.000385
0.000403
0.000419
0.000408
0.000367
0.000314
0.000275
0.000261
0.000270
0.000292
0.000321
0.000351
0.000382
0.000410
0.000430
0.000435
0.000415
0.000373
0.000330
0.000317
0.000339
0.000372
0.000387
0.000383
0.000385
0.000409
0.000443
0.000469
0.000481
0.000488
0.000494
0.000495
0.000486
0.000472
0.000457
0.000452
0.000465
0.000494
0.000525
0.000547
0.000557
0.000553
0.000526
0.000470
0.000399
0.000338
0.000300
0.000281
0.000283
0.000311
0.000358
0.000397
0.000409
0.000401
0.000393
0.000389
0.000377
0.000353
0.000322
0.000288
0.000247
0.000202
0.000163
0.000141
0.000136
0.000149
0.000177
0.000217
0.000255
0.000282
0.000304
0.000330
0.000367
0.000409
0.000442
0.000454
0.000439
0.000404
0.000368
0.000349
0.000356
0.000382
0.000415
0.000447
0.000472
0.000482
0.000468
0.000433
0.000402
0.000402
0.000441
0.000496
0.000533
0.000536
0.000514
0.000488
0.000477
0.000490
0.000526
0.000573
0.000615
0.000649
0.000684
0.000722
0.000744
0.000728
0.000672
0.000604
0.000560
0.000556
0.000590
0.000635
0.000663
0.000656
0.000627
0.000605
0.000603
0.000598
0.000569
0.000527
0.000505
0.000511
0.000519
0.000499
0.000457
0.000424
0.000419
0.000437
0.000459
0.000466
0.000447
0.000409
0.000385
0.000404
0.000464
0.000533
0.000585
0.000627
0.000670
0.000704
0.000705
0.000672
0.000637
0.000630
0.000644
0.000654
0.000650
0.000645
0.000649
0.000649
0.000628
0.000587
0.000544
0.000513
0.000493
0.000487
0.000506
0.000546
0.000577
0.000570
0.000534
0.000506
0.000507
0.000521
0.000527
0.000522
0.000524
0.000544
0.000581
0.000623
0.000652
0.000650
0.000612
0.000559
0.000518
0.000497
0.000489
0.000483
0.000479
0.000479
0.000478
0.000477
0.000487
0.000515
0.000551
0.000574
0.000568
0.000534
0.000491
0.000455
0.000427
0.000399
0.000366
0.000339
0.000327
0.000324
0.000318
0.000311
0.000313
0.000317
0.000306
0.000274
0.000248
0.000254
0.000292
0.000337
0.000369
0.000381
0.000365
0.000314
0.000236
0.000163
0.000130
0.000148
0.000197
0.000249
0.000287
0.000314
0.000341
0.000373
0.000410
0.000453
0.000496
0.000529
0.000548
0.000559
0.000578
0.000608
0.000638
0.000658
0.000662
0.000652
0.000627
0.000588
0.000538
0.000482
0.000434
0.000411
0.000420
0.000446
0.000459
0.000444
0.000417
0.000401
0.000408
0.000439
0.000487
0.000539
0.000575
0.000584
0.000569
0.000531
0.000460
0.000358
0.000259
0.000205
0.000210
0.000248
0.000296
0.000356
0.000442
0.000546
0.000641
0.000702
0.000728
0.000731
0.000721
0.000689
0.000627
0.000551
0.000496
0.000488
0.000513
0.000528
0.000512
0.000482
0.000473
0.000497
0.000528
0.000534
0.000501
0.000446
0.000392
0.000355
0.000332
0.000316
0.000311
0.000323
0.000357
0.000412
0.000476
0.000532
0.000565
0.000569
0.000555
0.000537
0.000526
0.000518
0.000507
0.000496
0.000493
0.000506
0.000541
0.000589
0.000635
0.000658
0.000649
0.000617
0.000579
0.000548
0.000529
0.000522
0.000518
0.000502
0.000468
0.000428
0.000402
0.000404
0.000421
0.000431
0.000423
0.000415
0.000430
0.000474
0.000528
0.000568
0.000586
0.000587
0.000579
0.000567
0.000560
0.000565
0.000588
0.000619
0.000636
0.000617
0.000557
0.000480
0.000420
0.000393
0.000388
0.000392
0.000402
0.000405
0.000379
0.000319
0.000258
0.000239
0.000265
0.000303
0.000326
0.000335
0.000341
0.000346
0.000353
0.000375
0.000417
0.000468
0.000510
0.000539
0.000551
0.000538
0.000500
0.000458
0.000439
0.000448
0.000465
0.000467
0.000457
0.000453
0.000468
0.000502
0.000538
0.000555
0.000545
0.000523
0.000514
0.000523
0.000535
0.000529
0.000504
0.000482
0.000484
0.000508
0.000528
0.000521
0.000489
0.000448
0.000411
0.000375
0.000336
0.000306
0.000305
0.000340
0.000392
0.000432
0.000446
0.000442
0.000439
0.000444
0.000448
0.000436
0.000404
0.000366
0.000334
0.000316
0.000315
0.000332
0.000359
0.000376
0.000372
0.000354
0.000344
0.000360
0.000411
0.000485
0.000551
0.000574
0.000542
0.000479
0.000423
0.000391
0.000375
0.000364
0.000357
0.000368
0.000409
0.000484
0.000575
0.000644
0.000667
0.000658
0.000648
0.000653
0.000660
0.000656
0.000645
0.000629
0.000600
0.000550
0.000495
0.000456
0.000433
0.000410
0.000383
0.000358
0.000343
0.000333
0.000328
0.000336
0.000362
0.000395
0.000423
0.000444
0.000470
0.000510
0.000563
0.000617
0.000656
0.000667
0.000646
0.000603
0.000555
0.000515
0.000487
0.000470
0.000455
0.000435
0.000407
0.000380
0.000363
0.000352
0.000337
0.000321
0.000321
0.000340
0.000361
0.000362
0.000345
0.000323
0.000303
0.000284
0.000268
0.000272
0.000294
0.000318
0.000324
0.000316
0.000309
0.000312
0.000330
0.000368
0.000421
0.000476
0.000518
0.000551
0.000587
0.000623
0.000643
0.000641
0.000624
0.000599
0.000563
0.000524
0.000500
0.000502
0.000518
0.000530
0.000544
0.000577
0.000638
0.000714
0.000778
0.000811
0.000815
0.000809
0.000805
0.000789
0.000739
0.000657
0.000578
0.000537
0.000536
0.000547
0.000548
0.000540
0.000527
0.000509
0.000485
0.000469
0.000475
0.000496
0.000518
0.000534
0.000552
0.000580
0.000610
0.000630
0.000634
0.000633
0.000636
0.000646
0.000650
0.000631
0.000584
0.000524
0.000474
0.000445
0.000424
0.000393
0.000350
0.000315
0.000308
0.000335
0.000384
0.000429
0.000446
0.000432
0.000414
0.000422
0.000457
0.000496
0.000531
0.000579
0.000643
0.000695
0.000710
0.000703
0.000705
0.000713
0.000700
0.000655
0.000605
0.000571
0.000541
0.000501
0.000455
0.000413
0.000365
0.000303
0.000243
0.000218
0.000231
0.000256
0.000270
0.000274
0.000283
0.000301
0.000323
0.000351
0.000393
0.000451
0.000514
0.000555
0.000555
0.000520
0.000473
0.000435
0.000406
0.000385
0.000377
0.000388
0.000411
0.000436
0.000459
0.000481
0.000497
0.000497
0.000483
0.000474
0.000481
0.000500
0.000521
0.000536
0.000540
0.000522
0.000481
0.000433
0.000404
0.000400
0.000409
0.000416
0.000426
0.000449
0.000481
0.000495
0.000469
0.000415
0.000360
0.000325
0.000313
0.000320
0.000341
0.000367
0.000381
0.000377
0.000360
0.000337
0.000313
0.000299
0.000312
0.000354
0.000401
0.000425
0.000424
0.000420
0.000425
0.000436
0.000448
0.000458
0.000464
0.000467
0.000480
0.000514
0.000558
0.000585
0.000584
0.000571
0.000563
0.000563
0.000566
0.000582
0.000618
0.000663
0.000688
0.000679
0.000643
0.000597
0.000556
0.000520
0.000482
0.000447
0.000436
0.000466
0.000526
0.000578
0.000592
0.000571
0.000535
0.000498
0.000462
0.000433
0.000416
0.000402
0.000375
0.000330
0.000287
0.000276
0.000304
0.000353
0.000396
0.000414
0.000411
0.000410
0.000425
0.000449
0.000467
0.000472
0.000476
0.000488
0.000509
0.000535
0.000566
0.000597
0.000620
0.000630
0.000639
0.000655
0.000667
0.000652
0.000606
0.000556
0.000527
0.000522
0.000529
0.000543
0.000567
0.000598
0.000623
0.000625
0.000601
0.000555
0.000494
0.000436
0.000396
0.000375
0.000361
0.000351
0.000361
0.000408
0.000477
0.000529
0.000529
0.000481
0.000418
0.000376
0.000367
0.000375
0.000369
0.000330
0.000266
0.000204
0.000165
0.000153
0.000163
0.000189
0.000223
0.000257
0.000282
0.000295
0.000299
0.000310
0.000345
0.000409
0.000475
0.000507
0.000486
0.000434
0.000387
0.000368
0.000379
0.000411
0.000456
0.000508
0.000553
0.000579
0.000584
0.000575
0.000563
0.000556
0.000550
0.000534
0.000501
0.000458
0.000426
0.000419
0.000439
0.000474
0.000514
0.000560
0.000618
0.000675
0.000707
0.000698
0.000653
0.000599
0.000556
0.000527
0.000502
0.000475
0.000449
0.000432
0.000424
0.000422
0.000421
0.000420
0.000419
0.000411
0.000397
0.000386
0.000393
0.000414
0.000425
0.000404
0.000362
0.000332
0.000339
0.000382
0.000445
0.000510
0.000559
0.000575
0.000567
0.000563
0.000586
0.000624
0.000651
0.000652
0.000631
0.000608
0.000602
0.000628
0.000677
0.000719
0.000722
0.000683
0.000629
0.000593
0.000580
0.000575
0.000560
0.000533
0.000503
0.000490
0.000510
0.000566
0.000639
0.000701
0.000731
0.000734
0.000731
0.000740
0.000756
0.000757
0.000731
0.000680
0.000620
0.000565
0.000533
0.000538
0.000579
0.000638
0.000687
0.000712
0.000711
0.000692
0.000657
0.000609
0.000553
0.000497
0.000450
0.000418
0.000401
0.000390
0.000379
0.000367
0.000356
0.000341
0.000323
0.000315
0.000342
0.000408
0.000490
0.000550
0.000566
0.000543
0.000497
0.000443
0.000391
0.000348
0.000321
0.000317
0.000340
0.000391
0.000459
0.000522
0.000559
0.000562
0.000541
0.000512
0.000481
0.000446
0.000417
0.000413
0.000440
0.000484
0.000520
0.000543
0.000561
0.000584
0.000610
0.000632
0.000635
0.000612
0.000570
0.000529
0.000503
0.000484
0.000451
0.000396
0.000337
0.000304
0.000313
0.000359
0.000419
0.000474
0.000510
0.000518
0.000492
0.000441
0.000386
0.000349
0.000333
0.000324
0.000319
0.000327
0.000349
0.000368
0.000369
0.000357
0.000354
0.000373
0.000409
0.000447
0.000468
0.000459
0.000427
0.000403
0.000408
0.000430
0.000456
0.000496
0.000573
0.000674
0.000751
0.000771
0.000750
0.000715
0.000676
0.000635
0.000612
0.000628
0.000663
0.000673
0.000640
0.000591
0.000571
0.000590
0.000625
0.000646
0.000651
0.000656
0.000675
0.000703
0.000724
0.000731
0.000730
0.000723
0.000699
0.000643
0.000564
0.000495
0.000466
0.000480
0.000513
0.000533
0.000529
0.000510
0.000498
0.000504
0.000522
0.000536
0.000533
0.000511
0.000489
0.000491
0.000525
0.000576
0.000622
0.000654
0.000670
0.000665
0.000639
0.000606
0.000582
0.000563
0.000529
0.000476
0.000435
0.000430
0.000450
0.000461
0.000444
0.000407
0.000368
0.000341
0.000337
0.000360
0.000412
0.000485
0.000560
0.000607
0.000601
0.000539
0.000447
0.000358
0.000295
0.000272
0.000295
0.000347
0.000394
0.000414
0.000415
0.000415
0.000414
0.000403
0.000390
0.000387
0.000386
0.000365
0.000326
0.000304
0.000326
0.000380
0.000433
0.000466
0.000484
0.000497
0.000508
0.000519
0.000531
0.000542
0.000552
0.000560
0.000569
0.000580
0.000591
0.000597
0.000595
0.000589
0.000580
0.000568
0.000550
0.000536
0.000539
0.000568
0.000613
0.000657
0.000684
0.000689
0.000673
0.000637
0.000586
0.000535
0.000501
0.000499
0.000521
0.000538
0.000526
0.000501
0.000501
0.000536
0.000572
0.000575
0.000549
0.000519
0.000495
0.000472
0.000456
0.000465
0.000496
0.000525
0.000538
0.000539
0.000530
0.000504
0.000464
0.000428
0.000412
0.000409
0.000407
0.000409
0.000424
0.000448
0.000469
0.000479
0.000476
0.000464
0.000452
0.000450
0.000454
0.000452
0.000437
0.000419
0.000410
0.000409
0.000406
0.000392
0.000369
0.000343
0.000328
0.000341
0.000379
0.000415
0.000427
0.000417
0.000401
0.000390
0.000383
0.000382
0.000395
0.000421
0.000445
0.000456
0.000451
0.000431
0.000401
0.000368
0.000343
0.000332
0.000332
0.000344
0.000367
0.000399
0.000426
0.000437
0.000431
0.000424
0.000431
0.000446
0.000446
0.000413
0.000362
0.000323
0.000316
0.000336
0.000367
0.000405
0.000444
0.000474
0.000488
0.000498
0.000522
0.000572
0.000631
0.000672
0.000677
0.000643
0.000586
0.000522
0.000461
0.000414
0.000395
0.000412
0.000444
0.000465
0.000469
0.000479
0.000514
0.000565
0.000612
0.000649
0.000679
0.000700
0.000719
0.000742
0.000768
0.000774
0.000749
0.000713
0.000691
0.000675
0.000642
0.000596
0.000557
0.000530
0.000492
0.000428
0.000355
0.000294
0.000250
0.000221
0.000210
0.000209
0.000196
0.000162
0.000128
0.000119
0.000136
0.000162
0.000187
0.000212
0.000233
0.000255
0.000293
0.000357
0.000427
0.000463
0.000450
0.000410
0.000380
0.000380
0.000405
0.000440
0.000469
0.000487
0.000495
0.000497
0.000485
0.000447
0.000387
0.000330
0.000296
0.000279
0.000260
0.000235
0.000223
0.000239
0.000272
0.000295
0.000298
0.000292
0.000287
0.000283
0.000287
0.000311
0.000363
0.000430
0.000490
0.000537
0.000575
0.000604
0.000616
0.000603
0.000567
0.000520
0.000482
0.000475
0.000498
0.000523
0.000512
0.000459
0.000396
0.000361
0.000367
0.000403
0.000455
0.000512
0.000567
0.000620
0.000678
0.000739
0.000787
0.000800
0.000774
0.000719
0.000653
0.000595
0.000564
0.000565
0.000581
0.000587
0.000575
0.000556
0.000536
0.000510
0.000477
0.000453
0.000459
0.000495
0.000540
0.000568
0.000572
0.000563
0.000551
0.000545
0.000553
0.000584
0.000637
0.000692
0.000733
0.000758
0.000780
0.000803
0.000817
0.000814
0.000807
0.000816
0.000843
0.000871
0.000872
0.000846
0.000818
0.000817
0.000845
0.000871
0.000868
0.000841
0.000819
0.000818
0.000825
0.000822
0.000804
0.000780
0.000761
0.000752
0.000755
0.000757
0.000739
0.000689
0.000616
0.000545
0.000499
0.000486
0.000501
0.000528
0.000548
0.000559
0.000575
0.000611
0.000651
0.000663
0.000627
0.000556
0.000484
0.000436
0.000417
0.000421
0.000447
0.000493
0.000544
0.000571
0.000556
0.000514
0.000470
0.000442
0.000429
0.000427
0.000436
0.000450
0.000460
0.000462
0.000462
0.000460
0.000455
0.000458
0.000488
0.000540
0.000575
0.000560
0.000499
0.000431
0.000387
0.000377
0.000389
0.000400
0.000393
0.000371
0.000356
0.000358
0.000364
0.000352
0.000325
0.000300
0.000279
0.000256
0.000238
0.000242
0.000266
0.000290
0.000299
0.000300
0.000305
0.000317
0.000345
0.000403
0.000476
0.000520
0.000509
0.000477
0.000472
0.000505
0.000536
0.000540
0.000528
0.000525
0.000527
0.000522
0.000512
0.000517
0.000543
0.000573
0.000583
0.000563
0.000529
0.000503
0.000499
0.000513
0.000534
0.000559
0.000591
0.000628
0.000657
0.000667
0.000669
0.000693
0.000755
0.000825
0.000857
0.000828
0.000770
0.000734
0.000748
0.000792
0.000823
0.000809
0.000751
0.000672
0.000599
0.000543
0.000499
0.000462
0.000427
0.000392
0.000363
0.000350
0.000362
0.000385
0.000384
0.000345
0.000290
0.000253
0.000241
0.000239
0.000243
0.000268
0.000328
0.000410
0.000493
0.000562
0.000615
0.000650
0.000665
0.000660
0.000633
0.000581
0.000517
0.000472
0.000472
0.000518
0.000585
0.000639
0.000661
0.000655
0.000635
0.000612
0.000585
0.000552
0.000525
0.000520
0.000539
0.000561
0.000568
0.000557
0.000537
0.000522
0.000515
0.000516
0.000509
0.000486
0.000461
0.000464
0.000505
0.000553
0.000567
0.000544
0.000507
0.000477
0.000453
0.000432
0.000420
0.000419
0.000420
0.000418
0.000418
0.000429
0.000452
0.000479
0.000495
0.000486
0.000450
0.000394
0.000337
0.000296
0.000274
0.000273
0.000290
0.000317
0.000337
0.000340
0.000330
0.000318
0.000314
0.000321
0.000338
0.000354
0.000357
0.000343
0.000318
0.000298
0.000292
0.000299
0.000318
0.000346
0.000376
0.000397
0.000404
0.000400
0.000397
0.000403
0.000425
0.000459
0.000501
0.000537
0.000559
0.000569
0.000577
0.000586
0.000585
0.000568
0.000557
0.000575
0.000621
0.000660
0.000665
0.000645
0.000630
0.000640
0.000665
0.000688
0.000698
0.000687
0.000653
0.000598
0.000532
0.000477
0.000462
0.000501
0.000580
0.000653
0.000686
0.000680
0.000665
0.000663
0.000674
0.000683
0.000680
0.000661
0.000628
0.000587
0.000542
0.000495
0.000450
0.000413
0.000390
0.000382
0.000384
0.000389
0.000389
0.000378
0.000365
0.000372
0.000407
0.000453
0.000492
0.000526
0.000570
0.000624
0.000665
0.000679
0.000669
0.000647
0.000617
0.000594
0.000592
0.000613
0.000635
0.000639
0.000625
0.000603
0.000572
0.000529
0.000481
0.000446
0.000436
0.000456
0.000497
0.000541
0.000562
0.000556
0.000538
0.000528
0.000523
0.000507
0.000478
0.000452
0.000440
0.000441
0.000449
0.000467
0.000501
0.000548
0.000592
0.000608
0.000584
0.000540
0.000516
0.000530
0.000562
0.000576
0.000561
0.000544
0.000550
0.000583
0.000619
0.000627
0.000584
0.000490
0.000372
0.000279
0.000243
0.000265
0.000319
0.000374
0.000415
0.000437
0.000452
0.000473
0.000505
0.000543
0.000578
0.000607
0.000623
0.000620
0.000592
0.000544
0.000485
0.000422
0.000361
0.000307
0.000265
0.000241
0.000236
0.000247
0.000266
0.000292
0.000330
0.000388
0.000457
0.000517
0.000557
0.000586
0.000613
0.000636
0.000636
0.000600
0.000542
0.000488
0.000452
0.000425
0.000394
0.000362
0.000352
0.000373
0.000405
0.000423
0.000426
0.000433
0.000452
0.000463
0.000450
0.000423
0.000409
0.000418
0.000446
0.000486
0.000538
0.000605
0.000676
0.000733
0.000759
0.000751
0.000723
0.000692
0.000660
0.000623
0.000585
0.000557
0.000538
0.000516
0.000487
0.000463
0.000460
0.000477
0.000504
0.000538
0.000572
0.000586
0.000561
0.000503
0.000445
0.000411
0.000401
0.000401
0.000407
0.000424
0.000453
0.000489
0.000515
0.000515
0.000478
0.000417
0.000365
0.000348
0.000362
0.000378
0.000375
0.000354
0.000331
0.000313
0.000298
0.000285
0.000278
0.000284
0.000300
0.000325
0.000362
0.000418
0.000485
0.000538
0.000560
0.000560
0.000561
0.000572
0.000581
0.000571
0.000540
0.000504
0.000474
0.000452
0.000426
0.000387
0.000342
0.000313
0.000320
0.000354
0.000384
0.000394
0.000396
0.000407
0.000425
0.000438
0.000441
0.000434
0.000419
0.000398
0.000379
0.000371
0.000377
0.000391
0.000419
0.000461
0.000501
0.000517
0.000503
0.000478
0.000459
0.000448
0.000444
0.000454
0.000481
0.000519
0.000549
0.000555
0.000535
0.000499
0.000465
0.000446
0.000439
0.000431
0.000429
0.000448
0.000492
0.000536
0.000556
0.000550
0.000536
0.000528
0.000538
0.000580
0.000652
0.000723
0.000743
0.000697
0.000615
0.000550
0.000543
0.000598
0.000679
0.000738
0.000754
0.000755
0.000778
0.000825
0.000854
0.000835
0.000783
0.000733
0.000710
0.000718
0.000753
0.000797
0.000822
0.000811
0.000777
0.000739
0.000698
0.000647
0.000594
0.000562
0.000559
0.000571
0.000581
0.000587
0.000586
0.000571
0.000541
0.000507
0.000483
0.000476
0.000491
0.000537
0.000616
0.000709
0.000791
0.000834
0.000831
0.000790
0.000740
0.000712
0.000716
0.000733
0.000744
0.000740
0.000725
0.000703
0.000679
0.000665
0.000672
0.000692
0.000710
0.000718
0.000715
0.000708
0.000702
0.000697
0.000679
0.000629
0.000553
0.000483
0.000457
0.000472
0.000503
0.000530
0.000559
0.000590
0.000603
0.000583
0.000548
0.000532
0.000545
0.000566
0.000575
0.000574
0.000574
0.000583
0.000600
0.000622
0.000643
0.000652
0.000635
0.000593
0.000535
0.000470
0.000402
0.000336
0.000295
0.000305
0.000367
0.000451
0.000510
0.000528
0.000529
0.000551
0.000597
0.000630
0.000615
0.000560
0.000510
0.000498
0.000520
0.000551
0.000573
0.000580
0.000572
0.000556
0.000542
0.000536
0.000534
0.000534
0.000548
0.000586
0.000625
0.000629
0.000586
0.000521
0.000466
0.000429
0.000405
0.000395
0.000396
0.000395
0.000381
0.000363
0.000357
0.000362
0.000373
0.000393
0.000424
0.000442
0.000425
0.000382
0.000355
0.000368
0.000409
0.000464
0.000529
0.000600
0.000653
0.000664
0.000634
0.000572
0.000482
0.000379
0.000298
0.000268
0.000281
0.000304
0.000322
0.000339
0.000352
0.000346
0.000321
0.000298
0.000290
0.000290
0.000299
0.000334
0.000402
0.000478
0.000533
0.000563
0.000590
0.000621
0.000646
0.000655
0.000645
0.000617
0.000574
0.000529
0.000499
0.000491
0.000494
0.000497
0.000499
0.000500
0.000495
0.000476
0.000444
0.000406
0.000373
0.000355
0.000357
0.000370
0.000382
0.000392
0.000410
0.000441
0.000476
0.000508
0.000541
0.000572
0.000587
0.000567
0.000510
0.000438
0.000382
0.000362
0.000380
0.000416
0.000440
0.000437
0.000415
0.000398
0.000397
0.000409
0.000423
0.000431
0.000426
0.000401
0.000360
0.000319
0.000300
0.000315
0.000364
0.000432
0.000497
0.000533
0.000528
0.000488
0.000442
0.000416
0.000413
0.000416
0.000410
0.000393
0.000370
0.000339
0.000298
0.000255
0.000230
0.000234
0.000263
0.000302
0.000343
0.000383
0.000418
0.000448
0.000476
0.000506
0.000538
0.000568
0.000587
0.000588
0.000565
0.000528
0.000500
0.000499
0.000526
0.000566
0.000608
0.000650
0.000687
0.000710
0.000718
0.000721
0.000733
0.000758
0.000796
0.000833
0.000852
0.000839
0.000799
0.000757
0.000731
0.000713
0.000686
0.000645
0.000603
0.000566
0.000533
0.000500
0.000480
0.000489
0.000530
0.000589
0.000637
0.000653
0.000641
0.000629
0.000644
0.000683
0.000721
0.000731
0.000712
0.000674
0.000628
0.000580
0.000538
0.000507
0.000481
0.000447
0.000407
0.000382
0.000388
0.000418
0.000452
0.000483
0.000511
0.000534
0.000541
0.000524
0.000496
0.000476
0.000468
0.000462
0.000454
0.000456
0.000477
0.000507
0.000522
0.000508
0.000478
0.000464
0.000479
0.000510
0.000534
0.000542
0.000543
0.000545
0.000545
0.000547
0.000560
0.000576
0.000570
0.000526
0.000472
0.000447
0.000457
0.000468
0.000460
0.000448
0.000452
0.000465
0.000466
0.000454
0.000443
0.000434
0.000421
0.000414
0.000438
0.000498
0.000570
0.000623
0.000642
0.000622
0.000568
0.000498
0.000430
0.000367
0.000293
0.000212
0.000163
0.000181
0.000252
0.000326
0.000365
0.000375
0.000382
0.000397
0.000418
0.000435
0.000441
0.000435
0.000421
0.000408
0.000400
0.000399
0.000404
0.000409
0.000409
0.000401
0.000391
0.000390
0.000404
0.000426
0.000454
0.000484
0.000510
0.000514
0.000484
0.000428
0.000368
0.000323
0.000297
0.000293
0.000319
0.000373
0.000434
0.000476
0.000488
0.000478
0.000468
0.000470
0.000487
0.000507
0.000510
0.000481
0.000429
0.000380
0.000355
0.000343
0.000318
0.000271
0.000221
0.000191
0.000193
0.000222
0.000260
0.000284
0.000287
0.000289
0.000314
0.000363
0.000408
0.000424
0.000414
0.000401
0.000402
0.000426
0.000468
0.000506
0.000510
0.000472
0.000425
0.000402
0.000397
0.000376
0.000335
0.000305
0.000311
0.000346
0.000395
0.000460
0.000542
0.000619
0.000672
0.000706
0.000746
0.000789
0.000805
0.000777
0.000721
0.000666
0.000621
0.000580
0.000535
0.000488
0.000450
0.000427
0.000421
0.000420
0.000415
0.000409
0.000415
0.000443
0.000481
0.000502
0.000491
0.000460
0.000438
0.000446
0.000477
0.000507
0.000526
0.000544
0.000574
0.000607
0.000620
0.000595
0.000536
0.000471
0.000428
0.000424
0.000452
0.000486
0.000503
0.000497
0.000474
0.000440
0.000401
0.000366
0.000335
0.000289
0.000213
0.000119
0.000041
0.000004
0.000004
0.000028
0.000077
0.000146
0.000217
0.000272
0.000318
0.000376
0.000450
0.000519
0.000560
0.000568
0.000551
0.000529
0.000521
0.000540
0.000579
0.000620
0.000651
0.000671
0.000688
0.000708
0.000733
0.000756
0.000762
0.000737
0.000688
0.000631
0.000581
0.000542
0.000516
0.000510
0.000520
0.000530
0.000527
0.000515
0.000505
0.000497
0.000482
0.000455
0.000430
0.000430
0.000474
0.000556
0.000638
0.000680
0.000668
0.000624
0.000579
0.000544
0.000507
0.000463
0.000427
0.000418
0.000445
0.000499
0.000554
0.000593
0.000620
0.000649
0.000684
0.000705
0.000703
0.000694
0.000702
0.000730
0.000772
0.000822
0.000876
0.000907
0.000890
0.000828
0.000761
0.000712
0.000669
0.000613
0.000551
0.000507
0.000485
0.000471
0.000456
0.000438
0.000418
0.000400
0.000398
0.000422
0.000451
0.000456
0.000432
0.000408
0.000403
0.000409
0.000412
0.000414
0.000427
0.000446
0.000459
0.000470
0.000498
0.000552
0.000616
0.000663
0.000672
0.000648
0.000612
0.000587
0.000574
0.000555
0.000515
0.000460
0.000409
0.000373
0.000358
0.000368
0.000402
0.000442
0.000460
0.000451
0.000436
0.000441
0.000464
0.000490
0.000513
0.000540
0.000573
0.000597
0.000605
0.000604
0.000616
0.000648
0.000693
0.000741
0.000782
0.000811
0.000821
0.000807
0.000768
0.000711
0.000656
0.000626
0.000625
0.000638
0.000639
0.000619
0.000597
0.000596
0.000615
0.000637
0.000649
0.000653
0.000659
0.000673
0.000698
0.000734
0.000767
0.000773
0.000735
0.000674
0.000628
0.000620
0.000642
0.000672
0.000697
0.000710
0.000701
0.000665
0.000620
0.000599
0.000613
0.000643
0.000653
0.000630
0.000587
0.000553
0.000546
0.000560
0.000572
0.000558
0.000512
0.000451
0.000398
0.000365
0.000343
0.000331
0.000335
0.000363
0.000408
0.000457
0.000503
0.000546
0.000581
0.000595
0.000592
0.000592
0.000607
0.000630
0.000642
0.000634
0.000613
0.000594
0.000584
0.000572
0.000545
0.000492
0.000425
0.000369
0.000342
0.000343
0.000360
0.000378
0.000382
0.000367
0.000349
0.000361
0.000419
0.000498
0.000551
0.000560
0.000542
0.000526
0.000525
0.000539
0.000560
0.000578
0.000582
0.000573
0.000568
0.000578
0.000596
0.000608
0.000613
0.000609
0.000589
0.000545
0.000488
0.000437
0.000396
0.000361
0.000335
0.000330
0.000351
0.000380
0.000399
0.000408
0.000420
0.000439
0.000453
0.000439
0.000394
0.000337
0.000294
0.000274
0.000265
0.000261
0.000272
0.000302
0.000335
0.000349
0.000347
0.000355
0.000388
0.000436
0.000473
0.000483
0.000465
0.000431
0.000405
0.000410
0.000451
0.000512
0.000582
0.000653
0.000710
0.000734
0.000722
0.000694
0.000675
0.000661
0.000638
0.000604
0.000572
0.000550
0.000536
0.000525
0.000517
0.000512
0.000505
0.000493
0.000481
0.000476
0.000490
0.000521
0.000550
0.000553
0.000526
0.000494
0.000486
0.000498
0.000506
0.000492
0.000460
0.000422
0.000388
0.000359
0.000336
0.000317
0.000307
0.000324
0.000377
0.000449
0.000499
0.000505
0.000475
0.000431
0.000382
0.000336
0.000303
0.000293
0.000303
0.000317
0.000317
0.000292
0.000250
0.000210
0.000192
0.000197
0.000210
0.000227
0.000260
0.000318
0.000387
0.000443
0.000480
0.000511
0.000547
0.000585
0.000609
0.000607
0.000584
0.000564
0.000564
0.000575
0.000567
0.000535
0.000505
0.000501
0.000520
0.000540
0.000552
0.000556
0.000540
0.000498
0.000449
0.000426
0.000435
0.000455
0.000469
0.000480
0.000495
0.000508
0.000513
0.000521
0.000537
0.000543
0.000522
0.000482
0.000448
0.000431
0.000419
0.000399
0.000378
0.000374
0.000398
0.000446
0.000503
0.000548
0.000564
0.000552
0.000525
0.000500
0.000492
0.000502
0.000524
0.000540
0.000530
0.000493
0.000451
0.000433
0.000449
0.000489
0.000540
0.000596
0.000651
0.000692
0.000711
0.000723
0.000738
0.000739
0.000690
0.000590
0.000481
0.000405
0.000360
0.000325
0.000300
0.000300
0.000322
0.000343
0.000356
0.000375
0.000405
0.000431
0.000440
0.000447
0.000468
0.000505
0.000547
0.000589
0.000618
0.000614
0.000573
0.000520
0.000476
0.000435
0.000384
0.000331
0.000298
0.000293
0.000308
0.000337
0.000377
0.000414
0.000431
0.000426
0.000416
0.000411
0.000413
0.000419
0.000425
0.000419
0.000382
0.000322
0.000274
0.000266
0.000287
0.000311
0.000325
0.000340
0.000371
0.000416
0.000462
0.000488
0.000476
0.000436
0.000402
0.000396
0.000408
0.000411
0.000401
0.000398
0.000418
0.000446
0.000458
0.000453
0.000452
0.000467
0.000491
0.000511
0.000523
0.000530
0.000541
0.000564
0.000608
0.000666
0.000712
0.000718
0.000682
0.000626
0.000572
0.000522
0.000471
0.000428
0.000403
0.000400
0.000415
0.000442
0.000474
0.000492
0.000489
0.000481
0.000494
0.000527
0.000553
0.000546
0.000512
0.000469
0.000426
0.000391
0.000374
0.000382
0.000405
0.000420
0.000421
0.000424
0.000442
0.000467
0.000485
0.000490
0.000490
0.000498
0.000520
0.000559
0.000599
0.000617
0.000602
0.000569
0.000548
0.000544
0.000541
0.000525
0.000512
0.000525
0.000566
0.000608
0.000631
0.000637
0.000643
0.000659
0.000676
0.000676
0.000645
0.000584
0.000517
0.000474
0.000467
0.000492
0.000531
0.000567
0.000583
0.000568
0.000529
0.000488
0.000456
0.000430
0.000400
0.000365
0.000330
0.000302
0.000286
0.000289
0.000308
0.000328
0.000342
0.000365
0.000400
0.000424
0.000410
0.000370
0.000341
0.000343
0.000364
0.000389
0.000421
0.000461
0.000495
0.000511
0.000509
0.000498
0.000478
0.000455
0.000445
0.000459
0.000490
0.000522
0.000553
0.000580
0.000597
0.000605
0.000624
0.000664
0.000707
0.000730
0.000744
0.000773
0.000818
0.000849
0.000844
0.000810
0.000760
0.000696
0.000624
0.000562
0.000528
0.000529
0.000557
0.000597
0.000629
0.000642
0.000640
0.000643
0.000663
0.000698
0.000737
0.000766
0.000763
0.000714
0.000639
0.000582
0.000573
0.000596
0.000620
0.000640
0.000676
0.000721
0.000735
0.000682
0.000583
0.000502
0.000481
0.000508
0.000536
0.000544
0.000542
0.000550
0.000570
0.000592
0.000608
0.000616
0.000611
0.000594
0.000581
0.000591
0.000630
0.000680
0.000719
0.000726
0.000699
0.000652
0.000614
0.000603
0.000610
0.000615
0.000606
0.000592
0.000575
0.000548
0.000508
0.000467
0.000439
0.000420
0.000403
0.000387
0.000383
0.000403
0.000447
0.000500
0.000545
0.000565
0.000559
0.000539
0.000519
0.000506
0.000502
0.000499
0.000480
0.000443
0.000409
0.000403
0.000430
0.000475
0.000523
0.000567
0.000597
0.000599
0.000571
0.000532
0.000501
0.000487
0.000493
0.000525
0.000576
0.000620
0.000638
0.000638
0.000644
0.000664
0.000685
0.000695
0.000701
0.000712
0.000730
0.000753
0.000778
0.000797
0.000796
0.000763
0.000699
0.000622
0.000557
0.000513
0.000480
0.000439
0.000386
0.000341
0.000326
0.000344
0.000384
0.000431
0.000470
0.000485
0.000465
0.000421
0.000371
0.000320
0.000273
0.000247
0.000263
0.000313
0.000359
0.000372
0.000361
0.000356
0.000359
0.000356
0.000338
0.000322
0.000325
0.000348
0.000378
0.000402
0.000417
0.000421
0.000415
0.000400
0.000386
0.000388
0.000416
0.000467
0.000521
0.000562
0.000584
0.000589
0.000579
0.000553
0.000517
0.000484
0.000461
0.000439
0.000408
0.000364
0.000316
0.000279
0.000263
0.000281
0.000332
0.000402
0.000467
0.000513
0.000548
0.000581
0.000599
0.000591
0.000565
0.000547
0.000548
0.000552
0.000539
0.000506
0.000468
0.000437
0.000419
0.000419
0.000432
0.000456
0.000490
0.000542
0.000599
0.000638
0.000643
0.000625
0.000605
0.000588
0.000573
0.000565
0.000565
0.000562
0.000542
0.000517
0.000511
0.000529
0.000551
0.000560
0.000557
0.000545
0.000520
0.000481
0.000441
0.000409
0.000388
0.000385
0.000403
0.000436
0.000466
0.000481
0.000489
0.000498
0.000500
0.000489
0.000481
0.000503
0.000560
0.000628
0.000668
0.000659
0.000608
0.000544
0.000501
0.000488
0.000496
0.000504
0.000499
0.000477
0.000442
0.000414
0.000414
0.000442
0.000472
0.000478
0.000464
0.000445
0.000429
0.000412
0.000401
0.000411
0.000443
0.000474
0.000487
0.000489
0.000495
0.000505
0.000501
0.000479
0.000460
0.000465
0.000489
0.000502
0.000486
0.000452
0.000436
0.000454
0.000491
0.000524
0.000542
0.000549
0.000545
0.000532
0.000511
0.000494
0.000494
0.000516
0.000553
0.000583
0.000578
0.000532
0.000474
0.000441
0.000439
0.000444
0.000432
0.000407
0.000389
0.000384
0.000382
0.000373
0.000361
0.000357
0.000366
0.000386
0.000415
0.000444
0.000461
0.000456
0.000440
0.000439
0.000466
0.000499
0.000508
0.000492
0.000488
0.000526
0.000596
0.000660
0.000698
0.000718
0.000738
0.000765
0.000794
0.000814
0.000806
0.000765
0.000709
0.000666
0.000644
0.000625
0.000597
0.000576
0.000581
0.000599
0.000599
0.000574
0.000550
0.000554
0.000578
0.000589
0.000571
0.000541
0.000524
0.000523
0.000525
0.000520
0.000514
0.000513
0.000507
0.000483
0.000448
0.000429
0.000443
0.000477
0.000511
0.000542
0.000575
0.000609
0.000630
0.000626
0.000604
0.000579
0.000567
0.000578
0.000610
0.000650
0.000682
0.000694
0.000681
0.000637
0.000557
0.000453
0.000354
0.000299
0.000301
0.000346
0.000411
0.000483
0.000548
0.000589
0.000595
0.000583
0.000585
0.000616
0.000658
0.000682
0.000679
0.000653
0.000614
0.000576
0.000553
0.000549
0.000543
0.000514
0.000470
0.000447
0.000462
0.000503
0.000546
0.000583
0.000604
0.000596
0.000557
0.000520
0.000519
0.000555
0.000595
0.000613
0.000602
0.000571
0.000522
0.000465
0.000411
0.000361
0.000310
0.000268
0.000258
0.000293
0.000345
0.000371
0.000345
0.000279
0.000208
0.000160
0.000142
0.000150
0.000179
0.000233
0.000317
0.000424
0.000531
0.000619
0.000673
0.000690
0.000673
0.000641
0.000618
0.000604
0.000571
0.000502
0.000413
0.000337
0.000285
0.000250
0.000232
0.000251
0.000310
0.000377
0.000417
0.000428
0.000431
0.000436
0.000436
0.000431
0.000432
0.000445
0.000463
0.000472
0.000464
0.000442
0.000414
0.000394
0.000398
0.000421
0.000450
0.000471
0.000491
0.000515
0.000535
0.000532
0.000494
0.000430
0.000365
0.000324
0.000322
0.000358
0.000418
0.000480
0.000522
0.000529
0.000498
0.000444
0.000393
0.000366
0.000365
0.000374
0.000376
0.000365
0.000343
0.000310
0.000264
0.000213
0.000175
0.000164
0.000177
0.000198
0.000216
0.000236
0.000255
0.000266
0.000261
0.000258
0.000276
0.000312
0.000344
0.000359
0.000372
0.000397
0.000430
0.000459
0.000487
0.000516
0.000536
0.000541
0.000534
0.000528
0.000523
0.000510
0.000489
0.000468
0.000456
0.000455
0.000464
0.000473
0.000464
0.000434
0.000401
0.000386
0.000382
0.000365
0.000338
0.000327
0.000345
0.000372
0.000378
0.000366
0.000355
0.000352
0.000348
0.000342
0.000343
0.000361
0.000391
0.000413
0.000410
0.000383
0.000355
0.000349
0.000369
0.000401
0.000438
0.000482
0.000524
0.000539
0.000511
0.000454
0.000396
0.000347
0.000301
0.000261
0.000240
0.000247
0.000276
0.000319
0.000370
0.000422
0.000472
0.000516
0.000552
0.000567
0.000552
0.000514
0.000475
0.000452
0.000448
0.000457
0.000478
0.000510
0.000550
0.000596
0.000637
0.000654
0.000639
0.000612
0.000600
0.000602
0.000590
0.000550
0.000499
0.000461
0.000433
0.000397
0.000352
0.000308
0.000263
0.000212
0.000173
0.000184
0.000257
0.000363
0.000459
0.000530
0.000578
0.000598
0.000582
0.000535
0.000487
0.000462
0.000459
0.000460
0.000459
0.000466
0.000491
0.000527
0.000564
0.000596
0.000626
0.000651
0.000654
0.000618
0.000541
0.000444
0.000357
0.000301
0.000283
0.000298
0.000337
0.000398
0.000475
0.000556
0.000618
0.000640
0.000620
0.000578
0.000538
0.000519
0.000522
0.000543
0.000575
0.000612
0.000654
0.000701
0.000750
0.000782
0.000778
0.000730
0.000656
0.000591
0.000557
0.000550
0.000550
0.000538
0.000513
0.000493
0.000498
0.000532
0.000566
0.000567
0.000524
0.000461
0.000413
0.000392
0.000385
0.000377
0.000374
0.000390
0.000426
0.000464
0.000480
0.000468
0.000444
0.000429
0.000438
0.000465
0.000494
0.000506
0.000491
0.000461
0.000438
0.000433
0.000435
0.000427
0.000404
0.000376
0.000349
0.000321
0.000301
0.000299
0.000316
0.000334
0.000343
0.000352
0.000372
0.000392
0.000397
0.000395
0.000414
0.000464
0.000531
0.000592
0.000634
0.000648
0.000626
0.000570
0.000500
0.000438
0.000397
0.000377
0.000379
0.000397
0.000422
0.000450
0.000481
0.000517
0.000550
0.000577
0.000597
0.000606
0.000589
0.000537
0.000460
0.000387
0.000347
0.000351
0.000393
0.000451
0.000509
0.000569
0.000641
0.000720
0.000780
0.000807
0.000819
0.000845
0.000890
0.000923
0.000918
0.000881
0.000835
0.000798
0.000763
0.000712
0.000640
0.000563
0.000514
0.000510
0.000539
0.000577
0.000609
0.000642
0.000680
0.000713
0.000727
0.000713
0.000673
0.000621
0.000573
0.000543
0.000525
0.000495
0.000438
0.000370
0.000323
0.000314
0.000324
0.000321
0.000299
0.000289
0.000316
0.000378
0.000440
0.000480
0.000501
0.000523
0.000557
0.000597
0.000617
0.000597
0.000536
0.000464
0.000418
0.000403
0.000393
0.000363
0.000314
0.000266
0.000235
0.000226
0.000244
0.000282
0.000324
0.000354
0.000375
0.000399
0.000431
0.000452
0.000452
0.000439
0.000430
0.000440
0.000466
0.000497
0.000522
0.000532
0.000531
0.000526
0.000528
0.000534
0.000531
0.000505
0.000450
0.000384
0.000343
0.000352
0.000406
0.000470
0.000511
0.000511
0.000477
0.000428
0.000381
0.000345
0.000317
0.000285
0.000244
0.000195
0.000146
0.000115
0.000118
0.000160
0.000226
0.000294
0.000353
0.000401
0.000436
0.000462
0.000491
0.000532
0.000575
0.000593
0.000577
0.000545
0.000518
0.000502
0.000491
0.000480
0.000470
0.000464
0.000463
0.000466
0.000471
0.000482
0.000501
0.000528
0.000551
0.000559
0.000552
0.000539
0.000518
0.000485
0.000451
0.000439
0.000462
0.000513
0.000572
0.000622
0.000648
0.000651
0.000647
0.000655
0.000670
0.000665
0.000628
0.000579
0.000541
0.000516
0.000501
0.000507
0.000539
0.000574
0.000582
0.000556
0.000515
0.000480
0.000457
0.000452
0.000470
0.000507
0.000554
0.000607
0.000670
0.000726
0.000741
0.000697
0.000612
0.000520
0.000445
0.000395
0.000368
0.000358
0.000347
0.000328
0.000306
0.000295
0.000301
0.000311
0.000311
0.000296
0.000274
0.000265
0.000282
0.000323
0.000372
0.000418
0.000452
0.000468
0.000459
0.000435
0.000416
0.000420
0.000440
0.000466
0.000494
0.000524
0.000547
0.000554
0.000554
0.000559
0.000565
0.000552
0.000516
0.000470
0.000430
0.000396
0.000368
0.000362
0.000386
0.000425
0.000452
0.000453
0.000426
0.000370
0.000281
0.000183
0.000123
0.000126
0.000172
0.000220
0.000253
0.000286
0.000332
0.000378
0.000409
0.000425
0.000442
0.000465
0.000488
0.000501
0.000493
0.000464
0.000423
0.000390
0.000381
0.000386
0.000383
0.000356
0.000311
0.000262
0.000226
0.000217
0.000238
0.000284
0.000340
0.000394
0.000443
0.000491
0.000541
0.000588
0.000632
0.000673
0.000706
0.000721
0.000714
0.000685
0.000644
0.000598
0.000549
0.000503
0.000468
0.000448
0.000431
0.000404
0.000362
0.000311
0.000257
0.000209
0.000179
0.000181
0.000220
0.000278
0.000334
0.000386
0.000440
0.000488
0.000512
0.000510
0.000500
0.000509
0.000537
0.000562
0.000569
0.000555
0.000527
0.000486
0.000431
0.000368
0.000317
0.000296
0.000305
0.000331
0.000361
0.000395
0.000429
0.000451
0.000451
0.000432
0.000401
0.000358
0.000301
0.000242
0.000213
0.000229
0.000277
0.000332
0.000382
0.000424
0.000461
0.000500
0.000543
0.000576
0.000576
0.000540
0.000505
0.000514
0.000563
0.000605
0.000606
0.000578
0.000551
0.000531
0.000503
0.000462
0.000418
0.000382
0.000356
0.000341
0.000345
0.000372
0.000413
0.000455
0.000494
0.000536
0.000582
0.000621
0.000637
0.000624
0.000597
0.000569
0.000539
0.000494
0.000435
0.000381
0.000352
0.000349
0.000353
0.000355
0.000365
0.000393
0.000432
0.000465
0.000487
0.000502
0.000508
0.000495
0.000457
0.000409
0.000376
0.000379
0.000423
0.000491
0.000554
0.000594
0.000611
0.000623
0.000643
0.000659
0.000657
0.000631
0.000588
0.000539
0.000494
0.000468
0.000473
0.000510
0.000561
0.000595
0.000584
0.000521
0.000431
0.000356
0.000332
0.000361
0.000421
0.000479
0.000514
0.000515
0.000487
0.000441
0.000393
0.000348
0.000309
0.000276
0.000254
0.000245
0.000248
0.000263
0.000286
0.000311
0.000332
0.000349
0.000367
0.000393
0.000428
0.000469
0.000505
0.000516
0.000489
0.000440
0.000402
0.000400
0.000427
0.000464
0.000497
0.000520
0.000524
0.000506
0.000475
0.000453
0.000448
0.000451
0.000453
0.000461
0.000484
0.000511
0.000520
0.000495
0.000445
0.000395
0.000359
0.000341
0.000343
0.000366
0.000404
0.000439
0.000460
0.000463
0.000454
0.000437
0.000419
0.000414
0.000437
0.000487
0.000547
0.000599
0.000636
0.000662
0.000681
0.000686
0.000667
0.000612
0.000530
0.000443
0.000372
0.000316
0.000264
0.000222
0.000220
0.000274
0.000371
0.000471
0.000542
0.000579
0.000585
0.000562
0.000513
0.000453
0.000408
0.000382
0.000362
0.000334
0.000317
0.000335
0.000381
0.000416
0.000415
0.000392
0.000377
0.000376
0.000375
0.000375
0.000384
0.000394
0.000387
0.000358
0.000326
0.000309
0.000311
0.000338
0.000401
0.000489
0.000569
0.000615
0.000633
0.000644
0.000653
0.000664
0.000686
0.000718
0.000732
0.000702
0.000647
0.000612
0.000619
0.000651
0.000680
0.000702
0.000717
0.000716
0.000690
0.000650
0.000618
0.000598
0.000584
0.000572
0.000569
0.000579
0.000588
0.000583
0.000566
0.000557
0.000569
0.000586
0.000582
0.000553
0.000520
0.000503
0.000494
0.000473
0.000432
0.000384
0.000343
0.000313
0.000299
0.000312
0.000355
0.000417
0.000476
0.000515
0.000537
0.000558
0.000589
0.000620
0.000631
0.000615
0.000588
0.000557
0.000509
0.000433
0.000350
0.000295
0.000265
0.000230
0.000174
0.000126
0.000115
0.000144
0.000194
0.000253
0.000308
0.000342
0.000346
0.000340
0.000354
0.000391
0.000433
0.000459
0.000464
0.000450
0.000423
0.000398
0.000382
0.000372
0.000360
0.000345
0.000329
0.000308
0.000289
0.000298
0.000356
0.000440
0.000504
0.000522
0.000518
0.000521
0.000532
0.000538
0.000544
0.000566
0.000599
0.000620
0.000617
0.000603
0.000597
0.000596
0.000583
0.000552
0.000515
0.000487
0.000478
0.000496
0.000541
0.000608
0.000678
0.000727
0.000731
0.000685
0.000605
0.000523
0.000459
0.000412
0.000370
0.000331
0.000296
0.000268
0.000252
0.000267
0.000330
0.000426
0.000508
0.000544
0.000548
0.000553
0.000569
0.000582
0.000587
0.000594
0.000613
0.000642
0.000674
0.000704
0.000715
0.000696
0.000651
0.000602
0.000570
0.000561
0.000578
0.000615
0.000652
0.000666
0.000657
0.000646
0.000646
0.000649
0.000647
0.000643
0.000636
0.000614
0.000576
0.000550
0.000559
0.000589
0.000598
0.000567
0.000512
0.000457
0.000426
0.000426
0.000444
0.000456
0.000447
0.000433
0.000435
0.000444
0.000432
0.000395
0.000365
0.000371
0.000411
0.000459
0.000494
0.000514
0.000518
0.000511
0.000496
0.000481
0.000475
0.000479
0.000486
0.000483
0.000464
0.000442
0.000435
0.000446
0.000466
0.000495
0.000539
0.000590
0.000626
0.000636
0.000629
0.000623
0.000620
0.000611
0.000601
0.000599
0.000607
0.000616
0.000610
0.000586
0.000552
0.000523
0.000514
0.000522
0.000535
0.000548
0.000573
0.000620
0.000675
0.000708
0.000693
0.000635
0.000563
0.000510
0.000490
0.000493
0.000498
0.000493
0.000478
0.000458
0.000435
0.000417
0.000411
0.000423
0.000450
0.000482
0.000506
0.000508
0.000485
0.000453
0.000433
0.000447
0.000494
0.000558
0.000616
0.000660
0.000696
0.000732
0.000761
0.000772
0.000774
0.000790
0.000823
0.000851
0.000854
0.000843
0.000840
0.000837
0.000810
0.000762
0.000722
0.000707
0.000699
0.000679
0.000655
0.000647
0.000666
0.000706
0.000758
0.000800
0.000802
0.000756
0.000689
0.000643
0.000630
0.000639
0.000651
0.000655
0.000646
0.000621
0.000592
0.000571
0.000557
0.000531
0.000487
0.000432
0.000379
0.000337
0.000308
0.000292
0.000285
0.000288
0.000307
0.000339
0.000366
0.000366
0.000348
0.000336
0.000343
0.000360
0.000368
0.000365
0.000359
0.000357
0.000358
0.000359
0.000353
0.000339
0.000327
0.000335
0.000369
0.000409
0.000431
0.000430
0.000422
0.000432
0.000461
0.000484
0.000467
0.000403
0.000319
0.000260
0.000246
0.000268
0.000302
0.000335
0.000366
0.000393
0.000413
0.000420
0.000414
0.000394
0.000364
0.000329
0.000300
0.000282
0.000284
0.000307
0.000351
0.000406
0.000454
0.000476
0.000470
0.000453
0.000454
0.000482
0.000523
0.000563
0.000602
0.000645
0.000687
0.000709
0.000704
0.000678
0.000635
0.000575
0.000507
0.000454
0.000440
0.000468
0.000514
0.000549
0.000561
0.000554
0.000536
0.000512
0.000479
0.000438
0.000396
0.000368
0.000359
0.000367
0.000389
0.000422
0.000465
0.000514
0.000564
0.000604
0.000626
0.000634
0.000639
0.000645
0.000639
0.000610
0.000570
0.000543
0.000540
0.000548
0.000553
0.000553
0.000550
0.000544
0.000540
0.000549
0.000566
0.000575
0.000563
0.000537
0.000511
0.000496
0.000491
0.000500
0.000517
0.000521
0.000495
0.000441
0.000374
0.000309
0.000258
0.000229
0.000230
0.000254
0.000282
0.000309
0.000342
0.000381
0.000413
0.000423
0.000415
0.000400
0.000383
0.000358
0.000334
0.000327
0.000343
0.000365
0.000371
0.000360
0.000359
0.000392
0.000454
0.000514
0.000546
0.000547
0.000531
0.000511
0.000493
0.000477
0.000457
0.000428
0.000397
0.000385
0.000409
0.000463
0.000520
0.000568
0.000613
0.000659
0.000697
0.000721
0.000743
0.000779
0.000810
0.000806
0.000769
0.000736
0.000728
0.000715
0.000660
0.000581
0.000528
0.000520
0.000533
0.000541
0.000551
0.000573
0.000595
0.000595
0.000579
0.000563
0.000550
0.000534
0.000517
0.000510
0.000509
0.000504
0.000492
0.000483
0.000475
0.000463
0.000456
0.000474
0.000521
0.000576
0.000615
0.000635
0.000640
0.000630
0.000600
0.000557
0.000511
0.000470
0.000443
0.000435
0.000435
0.000426
0.000403
0.000378
0.000354
0.000325
0.000289
0.000267
0.000278
0.000315
0.000358
0.000397
0.000445
0.000510
0.000586
0.000652
0.000692
0.000703
0.000697
0.000690
0.000678
0.000650
0.000606
0.000572
0.000572
0.000597
0.000629
0.000654
0.000672
0.000672
0.000647
0.000606
0.000566
0.000537
0.000523
0.000528
0.000559
0.000595
0.000605
0.000576
0.000528
0.000480
0.000439
0.000408
0.000393
0.000394
0.000402
0.000408
0.000414
0.000421
0.000425
0.000428
0.000442
0.000470
0.000488
0.000476
0.000442
0.000411
0.000398
0.000398
0.000407
0.000425
0.000441
0.000436
0.000404
0.000356
0.000313
0.000284
0.000268
0.000259
0.000252
0.000243
0.000241
0.000264
0.000324
0.000406
0.000483
0.000532
0.000549
0.000544
0.000527
0.000510
0.000500
0.000492
0.000466
0.000413
0.000359
0.000340
0.000359
0.000380
0.000373
0.000359
0.000380
0.000439
0.000494
0.000509
0.000490
0.000471
0.000469
0.000482
0.000502
0.000528
0.000557
0.000588
0.000618
0.000644
0.000654
0.000641
0.000611
0.000589
0.000590
0.000607
0.000615
0.000603
0.000574
0.000542
0.000514
0.000488
0.000476
0.000494
0.000538
0.000572
0.000560
0.000506
0.000457
0.000452
0.000485
0.000530
0.000576
0.000637
0.000723
0.000813
0.000870
0.000863
0.000795
0.000695
0.000605
0.000553
0.000537
0.000537
0.000535
0.000532
0.000543
0.000574
0.000613
0.000637
0.000643
0.000651
0.000670
0.000678
0.000643
0.000567
0.000484
0.000416
0.000359
0.000312
0.000300
0.000342
0.000414
0.000466
0.000472
0.000452
0.000435
0.000433
0.000444
0.000465
0.000491
0.000511
0.000514
0.000491
0.000449
0.000401
0.000366
0.000347
0.000336
0.000323
0.000314
0.000326
0.000358
0.000389
0.000405
0.000413
0.000432
0.000468
0.000513
0.000555
0.000584
0.000588
0.000564
0.000527
0.000506
0.000514
0.000534
0.000532
0.000501
0.000469
0.000466
0.000484
0.000491
0.000473
0.000448
0.000445
0.000459
0.000464
0.000450
0.000426
0.000408
0.000398
0.000393
0.000394
0.000399
0.000410
0.000425
0.000440
0.000450
0.000453
0.000455
0.000463
0.000478
0.000494
0.000502
0.000496
0.000469
0.000430
0.000404
0.000412
0.000441
0.000459
0.000448
0.000433
0.000439
0.000459
0.000466
0.000446
0.000413
0.000391
0.000394
0.000416
0.000444
0.000461
0.000462
0.000457
0.000455
0.000460
0.000467
0.000465
0.000447
0.000422
0.000409
0.000429
0.000473
0.000516
0.000545
0.000571
0.000608
0.000642
0.000653
0.000644
0.000634
0.000637
0.000642
0.000634
0.000604
0.000558
0.000512
0.000485
0.000484
0.000505
0.000540
0.000590
0.000655
0.000724
0.000783
0.000821
0.000829
0.000791
0.000710
0.000614
0.000539
0.000488
0.000437
0.000384
0.000366
0.000413
0.000511
0.000615
0.000692
0.000737
0.000760
0.000768
0.000770
0.000766
0.000743
0.000691
0.000625
0.000570
0.000542
0.000536
0.000542
0.000553
0.000556
0.000539
0.000502
0.000467
0.000456
0.000474
0.000508
0.000546
0.000578
0.000593
0.000580
0.000541
0.000497
0.000471
0.000473
0.000495
0.000522
0.000540
0.000549
0.000554
0.000556
0.000554
0.000545
0.000530
0.000515
0.000505
0.000507
0.000525
0.000554
0.000582
0.000591
0.000572
0.000537
0.000507
0.000498
0.000511
0.000532
0.000543
0.000540
0.000527
0.000515
0.000509
0.000507
0.000508
0.000514
0.000525
0.000542
0.000555
0.000551
0.000516
0.000450
0.000374
0.000319
0.000306
0.000338
0.000408
0.000494
0.000571
0.000622
0.000653
0.000677
0.000682
0.000637
0.000540
0.000440
0.000387
0.000384
0.000391
0.000381
0.000364
0.000361
0.000368
0.000370
0.000367
0.000365
0.000374
0.000401
0.000446
0.000494
0.000519
0.000514
0.000501
0.000502
0.000517
0.000530
0.000534
0.000531
0.000516
0.000481
0.000443
0.000431
0.000464
0.000530
0.000606
0.000665
0.000684
0.000660
0.000614
0.000576
0.000553
0.000530
0.000499
0.000469
0.000445
0.000422
0.000400
0.000394
0.000404
0.000408
0.000391
0.000371
0.000366
0.000361
0.000333
0.000296
0.000285
0.000305
0.000327
0.000328
0.000318
0.000310
0.000297
0.000269
0.000231
0.000193
0.000159
0.000129
0.000118
0.000138
0.000183
0.000232
0.000264
0.000269
0.000247
0.000221
0.000226
0.000281
0.000371
0.000464
0.000540
0.000596
0.000637
0.000664
0.000676
0.000657
0.000587
0.000475
0.000370
0.000326
0.000349
0.000392
0.000411
0.000406
0.000401
0.000415
0.000447
0.000483
0.000504
0.000494
0.000462
0.000434
0.000428
0.000435
0.000446
0.000468
0.000517
0.000589
0.000662
0.000717
0.000748
0.000755
0.000741
0.000712
0.000677
0.000638
0.000594
0.000550
0.000516
0.000488
0.000460
0.000428
0.000401
0.000386
0.000377
0.000372
0.000376
0.000396
0.000433
0.000485
0.000547
0.000614
0.000672
0.000713
0.000740
0.000761
0.000783
0.000803
0.000809
0.000787
0.000734
0.000670
0.000621
0.000595
0.000576
0.000547
0.000513
0.000493
0.000494
0.000512
0.000544
0.000591
0.000653
0.000721
0.000782
0.000824
0.000829
0.000791
0.000734
0.000696
0.000691
0.000696
0.000682
0.000655
0.000642
0.000651
0.000660
0.000646
0.000614
0.000590
0.000590
0.000603
0.000612
0.000605
0.000585
0.000564
0.000558
0.000576
0.000607
0.000626
0.000620
0.000602
0.000593
0.000585
0.000557
0.000506
0.000452
0.000413
0.000378
0.000329
0.000272
0.000238
0.000248
0.000292
0.000343
0.000383
0.000411
0.000435
0.000451
0.000444
0.000411
0.000374
0.000370
0.000408
0.000457
0.000480
0.000471
0.000453
0.000442
0.000439
0.000439
0.000448
0.000464
0.000474
0.000469
0.000458
0.000455
0.000466
0.000480
0.000489
0.000491
0.000493
0.000508
0.000548
0.000609
0.000671
0.000709
0.000711
0.000680
0.000631
0.000582
0.000548
0.000527
0.000511
0.000499
0.000505
0.000533
0.000564
0.000577
0.000571
0.000562
0.000555
0.000546
0.000534
0.000531
0.000548
0.000578
0.000611
0.000638
0.000656
0.000665
0.000669
0.000670
0.000666
0.000653
0.000627
0.000587
0.000531
0.000465
0.000408
0.000382
0.000386
0.000406
0.000425
0.000438
0.000443
0.000431
0.000397
0.000358
0.000337
0.000346
0.000374
0.000398
0.000404
0.000399
0.000398
0.000417
0.000455
0.000499
0.000534
0.000553
0.000559
0.000558
0.000554
0.000542
0.000515
0.000471
0.000416
0.000367
0.000340
0.000345
0.000386
0.000464
0.000564
0.000662
0.000741
0.000792
0.000820
0.000828
0.000821
0.000797
0.000753
0.000691
0.000629
0.000586
0.000557
0.000522
0.000470
0.000427
0.000434
0.000504
0.000608
0.000701
0.000756
0.000769
0.000749
0.000703
0.000629
0.000533
0.000433
0.000362
0.000339
0.000361
0.000411
0.000476
0.000550
0.000620
0.000676
0.000722
0.000771
0.000825
0.000864
0.000867
0.000826
0.000749
0.000653
0.000559
0.000490
0.000458
0.000467
0.000509
0.000567
0.000621
0.000657
0.000681
0.000702
0.000713
0.000695
0.000648
0.000595
0.000562
0.000553
0.000556
0.000577
0.000625
0.000689
0.000736
0.000743
0.000715
0.000672
0.000622
0.000566
0.000510
0.000467
0.000450
0.000459
0.000484
0.000509
0.000522
0.000513
0.000482
0.000442
0.000410
0.000384
0.000350
0.000298
0.000243
0.000211
0.000220
0.000264
0.000331
0.000419
0.000525
0.000628
0.000698
0.000716
0.000691
0.000649
0.000619
0.000613
0.000620
0.000615
0.000592
0.000573
0.000583
0.000616
0.000647
0.000669
0.000697
0.000730
0.000733
0.000679
0.000581
0.000476
0.000382
0.000304
0.000251
0.000236
0.000251
0.000271
0.000285
0.000304
0.000330
0.000347
0.000351
0.000359
0.000386
0.000420
0.000444
0.000462
0.000495
0.000543
0.000584
0.000598
0.000578
0.000535
0.000484
0.000441
0.000404
0.000353
0.000277
0.000202
0.000172
0.000201
0.000261
0.000316
0.000357
0.000396
0.000442
0.000489
0.000525
0.000544
0.000549
0.000548
0.000546
0.000545
0.000553
0.000576
0.000604
0.000615
0.000586
0.000529
0.000477
0.000446
0.000425
0.000392
0.000344
0.000293
0.000252
0.000231
0.000232
0.000243
0.000243
0.000233
0.000246
0.000302
0.000378
0.000427
0.000443
0.000460
0.000499
0.000538
0.000541
0.000508
0.000472
0.000463
0.000485
0.000525
0.000564
0.000585
0.000581
0.000559
0.000530
0.000502
0.000480
0.000464
0.000446
0.000423
0.000401
0.000402
0.000432
0.000476
0.000520
0.000567
0.000618
0.000661
0.000677
0.000664
0.000636
0.000597
0.000550
0.000508
0.000487
0.000478
0.000464
0.000452
0.000462
0.000493
0.000510
0.000494
0.000472
0.000469
0.000469
0.000443
0.000394
0.000357
0.000360
0.000393
0.000439
0.000485
0.000515
0.000511
0.000466
0.000398
0.000342
0.000325
0.000349
0.000395
0.000435
0.000451
0.000452
0.000453
0.000454
0.000450
0.000446
0.000460
0.000490
0.000510
0.000494
0.000443
0.000371
0.000297
0.000245
0.000239
0.000281
0.000347
0.000406
0.000445
0.000471
0.000492
0.000514
0.000547
0.000595
0.000652
0.000705
0.000748
0.000776
0.000780
0.000751
0.000698
0.000639
0.000593
0.000563
0.000548
0.000549
0.000561
0.000579
0.000589
0.000571
0.000515
0.000436
0.000373
0.000356
0.000383
0.000426
0.000457
0.000463
0.000445
0.000416
0.000395
0.000393
0.000406
0.000414
0.000407
0.000390
0.000377
0.000380
0.000397
0.000418
0.000433
0.000447
0.000483
0.000546
0.000618
0.000668
0.000689
0.000701
0.000716
0.000728
0.000729
0.000718
0.000702
0.000684
0.000667
0.000657
0.000643
0.000603
0.000532
0.000456
0.000414
0.000420
0.000455
0.000495
0.000521
0.000519
0.000483
0.000434
0.000413
0.000441
0.000493
0.000516
0.000490
0.000449
0.000446
0.000488
0.000539
0.000553
0.000518
0.000460
0.000407
0.000373
0.000355
0.000345
0.000340
0.000345
0.000370
0.000418
0.000480
0.000542
0.000598
0.000644
0.000676
0.000685
0.000665
0.000616
0.000545
0.000469
0.000406
0.000371
0.000353
0.000334
0.000302
0.000267
0.000244
0.000243
0.000267
0.000313
0.000374
0.000438
0.000497
0.000551
0.000598
0.000634
0.000662
0.000695
0.000735
0.000773
0.000806
0.000847
0.000904
0.000963
0.000999
0.000996
0.000953
0.000878
0.000784
0.000697
0.000641
0.000620
0.000611
0.000589
0.000545
0.000496
0.000467
0.000478
0.000521
0.000567
0.000597
0.000613
0.000625
0.000629
0.000611
0.000574
0.000542
0.000532
0.000541
0.000551
0.000542
0.000504
0.000445
0.000387
0.000349
0.000335
0.000335
0.000347
0.000374
0.000407
0.000429
0.000431
0.000420
0.000404
0.000391
0.000392
0.000415
0.000449
0.000471
0.000466
0.000445
0.000423
0.000406
0.000394
0.000394
0.000406
0.000421
0.000433
0.000444
0.000458
0.000467
0.000458
0.000433
0.000409
0.000405
0.000430
0.000480
0.000539
0.000589
0.000626
0.000652
0.000655
0.000623
0.000564
0.000514
0.000499
0.000506
0.000505
0.000488
0.000471
0.000459
0.000444
0.000423
0.000413
0.000432
0.000485
0.000563
0.000640
0.000684
0.000680
0.000648
0.000618
0.000596
0.000561
0.000508
0.000461
0.000440
0.000436
0.000436
0.000446
0.000481
0.000528
0.000553
0.000542
0.000516
0.000508
0.000530
0.000569
0.000595
0.000581
0.000520
0.000442
0.000391
0.000390
0.000419
0.000444
0.000444
0.000430
0.000416
0.000407
0.000395
0.000369
0.000330
0.000296
0.000287
0.000311
0.000356
0.000405
0.000452
0.000498
0.000535
0.000548
0.000533
0.000506
0.000488
0.000490
0.000511
0.000544
0.000574
0.000583
0.000570
0.000565
0.000598
0.000664
0.000714
0.000709
0.000650
0.000574
0.000518
0.000493
0.000494
0.000511
0.000528
0.000532
0.000527
0.000527
0.000546
0.000579
0.000618
0.000655
0.000682
0.000693
0.000680
0.000644
0.000596
0.000549
0.000519
0.000515
0.000538
0.000577
0.000615
0.000634
0.000620
0.000572
0.000501
0.000422
0.000348
0.000287
0.000252
0.000255
0.000293
0.000342
0.000381
0.000403
0.000415
0.000417
0.000411
0.000406
0.000411
0.000423
0.000431
0.000434
0.000442
0.000459
0.000478
0.000486
0.000483
0.000471
0.000455
0.000440
0.000428
0.000415
0.000396
0.000384
0.000410
0.000487
0.000593
0.000693
0.000771
0.000828
0.000855
0.000845
0.000806
0.000767
0.000740
0.000713
0.000683
0.000669
0.000684
0.000704
0.000688
0.000634
0.000581
0.000561
0.000564
0.000565
0.000556
0.000548
0.000547
0.000549
0.000551
0.000557
0.000564
0.000564
0.000558
0.000560
0.000577
0.000602
0.000615
0.000600
0.000557
0.000497
0.000441
0.000396
0.000356
0.000318
0.000293
0.000299
0.000334
0.000372
0.000400
0.000431
0.000488
0.000560
0.000606
0.000599
0.000550
0.000497
0.000464
0.000451
0.000455
0.000482
0.000529
0.000568
0.000562
0.000506
0.000435
0.000389
0.000367
0.000343
0.000301
0.000257
0.000240
0.000258
0.000296
0.000339
0.000370
0.000375
0.000354
0.000318
0.000288
0.000273
0.000273
0.000290
0.000322
0.000351
0.000355
0.000336
0.000328
0.000352
0.000390
0.000408
0.000400
0.000390
0.000395
0.000406
0.000407
0.000406
0.000421
0.000452
0.000487
0.000509
0.000514
0.000501
0.000471
0.000439
0.000423
0.000427
0.000439
0.000450
0.000461
0.000480
0.000501
0.000515
0.000515
0.000502
0.000484
0.000470
0.000470
0.000484
0.000504
0.000520
0.000526
0.000524
0.000516
0.000505
0.000495
0.000491
0.000488
0.000481
0.000472
0.000475
0.000492
0.000505
0.000491
0.000448
0.000405
0.000395
0.000429
0.000484
0.000535
0.000566
0.000570
0.000548
0.000509
0.000478
0.000473
0.000493
0.000520
0.000542
0.000553
0.000541
0.000500
0.000447
0.000414
0.000421
0.000456
0.000500
0.000543
0.000588
0.000626
0.000643
0.000637
0.000613
0.000582
0.000557
0.000555
0.000581
0.000611
0.000613
0.000581
0.000542
0.000523
0.000530
0.000559
0.000604
0.000653
0.000688
0.000693
0.000678
0.000659
0.000648
0.000642
0.000635
0.000623
0.000601
0.000567
0.000531
0.000509
0.000506
0.000515
0.000534
0.000571
0.000631
0.000697
0.000744
0.000762
0.000767
0.000785
0.000813
0.000823
0.000782
0.000702
0.000629
0.000603
0.000616
0.000630
0.000617
0.000582
0.000544
0.000518
0.000504
0.000503
0.000516
0.000545
0.000588
0.000638
0.000685
0.000716
0.000728
0.000729
0.000728
0.000724
0.000717
0.000713
0.000713
0.000711
0.000699
0.000686
0.000690
0.000714
0.000732
0.000715
0.000663
0.000602
0.000554
0.000523
0.000507
0.000509
0.000522
0.000529
0.000525
0.000518
0.000519
0.000521
0.000514
0.000510
0.000521
0.000536
0.000532
0.000508
0.000489
0.000492
0.000502
0.000493
0.000466
0.000438
0.000428
0.000441
0.000471
0.000504
0.000525
0.000531
0.000530
0.000531
0.000534
0.000537
0.000543
0.000546
0.000538
0.000517
0.000497
0.000489
0.000489
0.000494
0.000512
0.000548
0.000583
0.000597
0.000591
0.000585
0.000580
0.000569
0.000558
0.000570
0.000602
0.000622
0.000608
0.000576
0.000559
0.000565
0.000577
0.000574
0.000546
0.000498
0.000449
0.000426
0.000435
0.000458
0.000473
0.000485
0.000508
0.000539
0.000558
0.000558
0.000555
0.000559
0.000565
0.000558
0.000544
0.000531
0.000523
0.000512
0.000500
0.000502
0.000527
0.000564
0.000597
0.000612
0.000612
0.000603
0.000586
0.000562
0.000541
0.000535
0.000548
0.000564
0.000566
0.000547
0.000516
0.000484
0.000461
0.000452
0.000463
0.000490
0.000516
0.000526
0.000524
0.000529
0.000553
0.000584
0.000594
0.000577
0.000547
0.000518
0.000496
0.000487
0.000507
0.000561
0.000619
0.000639
0.000610
0.000565
0.000537
0.000537
0.000558
0.000592
0.000636
0.000678
0.000709
0.000732
0.000757
0.000788
0.000812
0.000816
0.000796
0.000760
0.000715
0.000672
0.000639
0.000616
0.000592
0.000554
0.000509
0.000473
0.000456
0.000446
0.000425
0.000390
0.000358
0.000350
0.000370
0.000407
0.000436
0.000446
0.000440
0.000440
0.000463
0.000511
0.000571
0.000630
0.000683
0.000725
0.000745
0.000742
0.000729
0.000719
0.000711
0.000696
0.000673
0.000643
0.000605
0.000558
0.000513
0.000485
0.000479
0.000498
0.000541
0.000592
0.000609
0.000563
0.000478
0.000405
0.000363
0.000330
0.000300
0.000300
0.000348
0.000412
0.000447
0.000441
0.000413
0.000374
0.000326
0.000282
0.000257
0.000257
0.000277
0.000324
0.000400
0.000482
0.000529
0.000522
0.000475
0.000421
0.000382
0.000369
0.000376
0.000388
0.000399
0.000425
0.000475
0.000520
0.000518
0.000471
0.000424
0.000411
0.000414
0.000397
0.000350
0.000295
0.000259
0.000256
0.000289
0.000344
0.000397
0.000432
0.000459
0.000490
0.000523
0.000541
0.000546
0.000549
0.000561
0.000585
0.000618
0.000662
0.000711
0.000750
0.000758
0.000721
0.000658
0.000606
0.000589
0.000594
0.000594
0.000582
0.000574
0.000571
0.000554
0.000514
0.000477
0.000464
0.000463
0.000453
0.000440
0.000450
0.000483
0.000522
0.000562
0.000614
0.000674
0.000716
0.000724
0.000713
0.000693
0.000657
0.000602
0.000547
0.000506
0.000473
0.000435
0.000402
0.000385
0.000370
0.000334
0.000278
0.000226
0.000198
0.000192
0.000208
0.000248
0.000295
0.000319
0.000309
0.000291
0.000286
0.000289
0.000287
0.000286
0.000307
0.000338
0.000343
0.000302
0.000249
0.000230
0.000263
0.000324
0.000381
0.000424
0.000464
0.000508
0.000551
0.000576
0.000572
0.000549
0.000521
0.000501
0.000491
0.000494
0.000511
0.000536
0.000561
0.000583
0.000609
0.000634
0.000641
0.000627
0.000603
0.000584
0.000564
0.000540
0.000525
0.000542
0.000588
0.000628
0.000630
0.000595
0.000550
0.000523
0.000526
0.000545
0.000550
0.000522
0.000475
0.000445
0.000442
0.000442
0.000424
0.000396
0.000382
0.000383
0.000377
0.000353
0.000325
0.000318
0.000346
0.000401
0.000456
0.000480
0.000467
0.000442
0.000446
0.000488
0.000532
0.000532
0.000483
0.000417
0.000366
0.000334
0.000310
0.000294
0.000294
0.000304
0.000305
0.000292
0.000284
0.000298
0.000321
0.000330
0.000319
0.000308
0.000311
0.000331
0.000361
0.000394
0.000423
0.000450
0.000481
0.000519
0.000552
0.000565
0.000566
0.000574
0.000593
0.000601
0.000587
0.000568
0.000564
0.000571
0.000576
0.000568
0.000542
0.000500
0.000462
0.000457
0.000498
0.000561
0.000615
0.000656
0.000698
0.000736
0.000748
0.000730
0.000702
0.000680
0.000658
0.000635
0.000620
0.000620
0.000628
0.000638
0.000658
0.000695
0.000734
0.000754
0.000749
0.000722
0.000676
0.000615
0.000552
0.000504
0.000472
0.000445
0.000416
0.000383
0.000344
0.000304
0.000283
0.000303
0.000361
0.000423
0.000459
0.000473
0.000497
0.000550
0.000619
0.000681
0.000727
0.000767
0.000805
0.000836
0.000853
0.000859
0.000851
0.000827
0.000792
0.000760
0.000742
0.000730
0.000713
0.000685
0.000652
0.000621
0.000594
0.000571
0.000554
0.000538
0.000517
0.000490
0.000469
0.000471
0.000502
0.000553
0.000600
0.000622
0.000620
0.000610
0.000598
0.000573
0.000529
0.000485
0.000467
0.000474
0.000486
0.000497
0.000521
0.000566
0.000612
0.000629
0.000609
0.000557
0.000489
0.000427
0.000395
0.000403
0.000437
0.000477
0.000518
0.000564
0.000609
0.000638
0.000642
0.000623
0.000592
0.000562
0.000545
0.000550
0.000577
0.000617
0.000661
0.000695
0.000710
0.000709
0.000705
0.000707
0.000712
0.000716
0.000722
0.000729
0.000724
0.000693
0.000634
0.000566
0.000514
0.000505
0.000546
0.000616
0.000679
0.000718
0.000748
0.000786
0.000828
0.000847
0.000833
0.000793
0.000742
0.000692
0.000650
0.000620
0.000599
0.000581
0.000570
0.000569
0.000575
0.000576
0.000565
0.000537
0.000495
0.000448
0.000418
0.000418
0.000441
0.000461
0.000471
0.000484
0.000515
0.000565
0.000625
0.000682
0.000716
0.000709
0.000662
0.000596
0.000541
0.000515
0.000524
0.000557
0.000594
0.000619
0.000634
0.000661
0.000711
0.000776
0.000835
0.000876
0.000890
0.000878
0.000850
0.000817
0.000775
0.000714
0.000638
0.000575
0.000550
0.000552
0.000542
0.000494
0.000419
0.000354
0.000332
0.000363
0.000423
0.000478
0.000507
0.000514
0.000513
0.000516
0.000521
0.000523
0.000511
0.000479
0.000439
0.000407
0.000389
0.000374
0.000364
0.000379
0.000435
0.000515
0.000586
0.000629
0.000643
0.000629
0.000583
0.000510
0.000434
0.000380
0.000356
0.000351
0.000346
0.000327
0.000295
0.000270
0.000272
0.000296
0.000318
0.000324
0.000332
0.000369
0.000440
0.000517
0.000565
0.000567
0.000541
0.000519
0.000515
0.000512
0.000483
0.000429
0.000376
0.000346
0.000332
0.000320
0.000313
0.000321
0.000338
0.000347
0.000346
0.000357
0.000400
0.000465
0.000522
0.000549
0.000547
0.000524
0.000487
0.000447
0.000422
0.000420
0.000430
0.000428
0.000402
0.000368
0.000349
0.000349
0.000358
0.000370
0.000395
0.000435
0.000465
0.000460
0.000415
0.000359
0.000322
0.000305
0.000291
0.000270
0.000251
0.000249
0.000272
0.000316
0.000373
0.000435
0.000495
0.000543
0.000562
0.000545
0.000509
0.000491
0.000511
0.000560
0.000612
0.000653
0.000684
0.000704
0.000707
0.000694
0.000676
0.000660
0.000641
0.000630
0.000649
0.000700
0.000747
0.000745
0.000691
0.000623
0.000572
0.000539
0.000508
0.000474
0.000439
0.000406
0.000383
0.000383
0.000413
0.000462
0.000512
0.000546
0.000556
0.000542
0.000508
0.000467
0.000431
0.000407
0.000397
0.000396
0.000393
0.000384
0.000378
0.000382
0.000387
0.000380
0.000371
0.000382
0.000418
0.000456
0.000468
0.000453
0.000424
0.000387
0.000350
0.000330
0.000340
0.000375
0.000420
0.000469
0.000520
0.000557
0.000553
0.000513
0.000474
0.000476
0.000525
0.000597
0.000662
0.000707
0.000732
0.000747
0.000757
0.000757
0.000732
0.000679
0.000620
0.000585
0.000583
0.000597
0.000603
0.000597
0.000597
0.000614
0.000638
0.000646
0.000627
0.000587
0.000536
0.000482
0.000441
0.000434
0.000463
0.000509
0.000542
0.000555
0.000552
0.000545
0.000542
0.000554
0.000577
0.000594
0.000591
0.000581
0.000589
0.000616
0.000629
0.000606
0.000556
0.000505
0.000464
0.000432
0.000409
0.000400
0.000393
0.000371
0.000326
0.000274
0.000244
0.000252
0.000291
0.000348
0.000416
0.000502
0.000607
0.000719
0.000817
0.000890
0.000934
0.000940
0.000900
0.000831
0.000771
0.000753
0.000771
0.000796
0.000811
0.000816
0.000824
0.000837
0.000845
0.000836
0.000813
0.000789
0.000775
0.000774
0.000775
0.000765
0.000735
0.000686
0.000640
0.000625
0.000655
0.000712
0.000757
0.000770
0.000756
0.000722
0.000669
0.000609
0.000571
0.000560
0.000545
0.000500
0.000445
0.000432
0.000477
0.000545
0.000597
0.000631
0.000661
0.000683
0.000685
0.000668
0.000644
0.000617
0.000581
0.000539
0.000515
0.000523
0.000553
0.000580
0.000587
0.000577
0.000565
0.000569
0.000602
0.000663
0.000731
0.000776
0.000779
0.000737
0.000665
0.000590
0.000541
0.000527
0.000538
0.000557
0.000575
0.000594
0.000608
0.000606
0.000583
0.000551
0.000522
0.000505
0.000501
0.000508
0.000514
0.000508
0.000495
0.000496
0.000523
0.000559
0.000572
0.000550
0.000514
0.000489
0.000482
0.000485
0.000490
0.000493
0.000487
0.000461
0.000414
0.000355
0.000299
0.000256
0.000223
0.000199
0.000193
0.000217
0.000266
0.000317
0.000353
0.000381
0.000414
0.000448
0.000470
0.000477
0.000481
0.000486
0.000482
0.000469
0.000466
0.000492
0.000544
0.000607
0.000669
0.000714
0.000731
0.000718
0.000688
0.000649
0.000597
0.000540
0.000504
0.000512
0.000557
0.000614
0.000665
0.000702
0.000713
0.000685
0.000625
0.000559
0.000504
0.000463
0.000440
0.000439
0.000450
0.000453
0.000442
0.000428
0.000428
0.000437
0.000444
0.000441
0.000432
0.000431
0.000448
0.000480
0.000502
0.000492
0.000454
0.000411
0.000386
0.000388
0.000412
0.000446
0.000477
0.000495
0.000511
0.000540
0.000582
0.000613
0.000620
0.000610
0.000593
0.000575
0.000559
0.000554
0.000564
0.000576
0.000590
0.000614
0.000654
0.000689
0.000696
0.000675
0.000644
0.000620
0.000608
0.000615
0.000641
0.000666
0.000668
0.000644
0.000609
0.000573
0.000536
0.000506
0.000507
0.000551
0.000625
0.000699
0.000748
0.000763
0.000745
0.000706
0.000673
0.000670
0.000697
0.000738
0.000770
0.000782
0.000769
0.000731
0.000672
0.000602
0.000542
0.000514
0.000523
0.000547
0.000557
0.000536
0.000494
0.000452
0.000427
0.000426
0.000447
0.000477
0.000496
0.000489
0.000462
0.000439
0.000442
0.000477
0.000528
0.000568
0.000576
0.000550
0.000505
0.000459
0.000425
0.000414
0.000432
0.000474
0.000522
0.000554
0.000561
0.000546
0.000515
0.000477
0.000449
0.000444
0.000457
0.000462
0.000440
0.000398
0.000366
0.000362
0.000379
0.000402
0.000428
0.000462
0.000498
0.000526
0.000546
0.000566
0.000590
0.000612
0.000627
0.000637
0.000641
0.000628
0.000589
0.000534
0.000486
0.000457
0.000444
0.000434
0.000415
0.000387
0.000364
0.000370
0.000417
0.000488
0.000550
0.000581
0.000578
0.000546
0.000495
0.000448
0.000430
0.000446
0.000471
0.000486
0.000495
0.000512
0.000537
0.000554
0.000556
0.000551
0.000549
0.000552
0.000566
0.000598
0.000650
0.000710
0.000760
0.000781
0.000762
0.000702
0.000620
0.000541
0.000480
0.000435
0.000408
0.000409
0.000443
0.000489
0.000524
0.000542
0.000547
0.000535
0.000506
0.000474
0.000460
0.000467
0.000479
0.000485
0.000490
0.000503
0.000517
0.000520
0.000509
0.000493
0.000480
0.000468
0.000446
0.000399
0.000329
0.000264
0.000242
0.000273
0.000326
0.000368
0.000401
0.000444
0.000504
0.000560
0.000596
0.000616
0.000635
0.000658
0.000678
0.000691
0.000689
0.000677
0.000666
0.000669
0.000681
0.000687
0.000676
0.000658
0.000648
0.000651
0.000659
0.000669
0.000684
0.000707
0.000730
0.000735
0.000708
0.000647
0.000573
0.000516
0.000501
0.000521
0.000547
0.000551
0.000535
0.000524
0.000532
0.000548
0.000559
0.000566
0.000593
0.000643
0.000690
0.000707
0.000692
0.000671
0.000654
0.000633
0.000599
0.000566
0.000554
0.000568
0.000599
0.000638
0.000682
0.000727
0.000763
0.000783
0.000788
0.000781
0.000764
0.000737
0.000694
0.000629
0.000553
0.000494
0.000478
0.000507
0.000563
0.000628
0.000691
0.000741
0.000770
0.000771
0.000742
0.000681
0.000600
0.000523
0.000474
0.000452
0.000434
0.000398
0.000352
0.000321
0.000332
0.000386
0.000462
0.000528
0.000560
0.000564
0.000561
0.000554
0.000528
0.000475
0.000415
0.000377
0.000371
0.000384
0.000398
0.000403
0.000402
0.000405
0.000425
0.000466
0.000514
0.000547
0.000550
0.000530
0.000510
0.000516
0.000557
0.000618
0.000670
0.000686
0.000665
0.000624
0.000582
0.000549
0.000529
0.000519
0.000506
0.000484
0.000461
0.000454
0.000468
0.000489
0.000499
0.000500
0.000506
0.000515
0.000506
0.000467
0.000408
0.000356
0.000328
0.000320
0.000324
0.000335
0.000354
0.000373
0.000382
0.000379
0.000370
0.000367
0.000376
0.000392
0.000406
0.000411
0.000414
0.000433
0.000479
0.000543
0.000601
0.000636
0.000643
0.000630
0.000607
0.000585
0.000575
0.000574
0.000572
0.000565
0.000558
0.000555
0.000553
0.000543
0.000532
0.000528
0.000541
0.000568
0.000602
0.000629
0.000637
0.000625
0.000598
0.000568
0.000545
0.000540
0.000557
0.000583
0.000598
0.000594
0.000590
0.000604
0.000626
0.000636
0.000622
0.000595
0.000563
0.000529
0.000502
0.000495
0.000507
0.000521
0.000531
0.000542
0.000554
0.000548
0.000503
0.000434
0.000377
0.000357
0.000373
0.000409
0.000446
0.000470
0.000476
0.000475
0.000491
0.000535
0.000591
0.000632
0.000646
0.000639
0.000624
0.000609
0.000589
0.000558
0.000521
0.000494
0.000496
0.000530
0.000573
0.000598
0.000596
0.000585
0.000587
0.000604
0.000623
0.000631
0.000629
0.000628
0.000635
0.000652
0.000669
0.000674
0.000661
0.000642
0.000623
0.000598
0.000556
0.000515
0.000507
0.000541
0.000584
0.000601
0.000591
0.000583
0.000589
0.000600
0.000608
0.000615
0.000622
0.000619
0.000603
0.000587
0.000582
0.000578
0.000561
0.000536
0.000526
0.000553
0.000612
0.000678
0.000722
0.000738
0.000738
0.000741
0.000745
0.000739
0.000722
0.000706
0.000703
0.000710
0.000721
0.000735
0.000743
0.000724
0.000678
0.000636
0.000632
0.000667
0.000719
0.000765
0.000798
0.000805
0.000777
0.000726
0.000686
0.000672
0.000669
0.000648
0.000598
0.000530
0.000465
0.000425
0.000425
0.000463
0.000515
0.000553
0.000567
0.000563
0.000544
0.000513
0.000476
0.000442
0.000415
0.000393
0.000378
0.000374
0.000380
0.000383
0.000367
0.000331
0.000301
0.000308
0.000355
0.000404
0.000410
0.000365
0.000302
0.000255
0.000230
0.000215
0.000212
0.000231
0.000266
0.000297
0.000316
0.000338
0.000383
0.000442
0.000489
0.000508
0.000511
0.000523
0.000557
0.000598
0.000622
0.000621
0.000609
0.000609
0.000631
0.000669
0.000707
0.000732
0.000734
0.000714
0.000683
0.000654
0.000627
0.000589
0.000537
0.000481
0.000439
0.000416
0.000403
0.000385
0.000367
0.000370
0.000411
0.000484
0.000557
0.000602
0.000618
0.000626
0.000640
0.000659
0.000675
0.000687
0.000689
0.000667
0.000615
0.000557
0.000525
0.000529
0.000552
0.000575
0.000600
0.000631
0.000660
0.000671
0.000669
0.000671
0.000682
0.000682
0.000652
0.000601
0.000557
0.000540
0.000539
0.000541
0.000535
0.000516
0.000484
0.000447
0.000423
0.000420
0.000427
0.000427
0.000420
0.000425
0.000451
0.000491
0.000535
0.000581
0.000630
0.000679
0.000716
0.000737
0.000742
0.000738
0.000732
0.000721
0.000685
0.000612
0.000525
0.000467
0.000465
0.000502
0.000543
0.000571
0.000592
0.000620
0.000656
0.000699
0.000741
0.000765
0.000760
0.000734
0.000716
0.000729
0.000761
0.000782
0.000767
0.000716
0.000645
0.000575
0.000518
0.000475
0.000446
0.000430
0.000424
0.000421
0.000422
0.000435
0.000463
0.000488
0.000500
0.000509
0.000538
0.000593
0.000650
0.000684
0.000691
0.000683
0.000671
0.000662
0.000668
0.000686
0.000700
0.000687
0.000647
0.000595
0.000545
0.000502
0.000472
0.000461
0.000473
0.000497
0.000523
0.000550
0.000587
0.000641
0.000707
0.000767
0.000797
0.000786
0.000730
0.000642
0.000547
0.000469
0.000419
0.000383
0.000345
0.000309
0.000291
0.000300
0.000335
0.000389
0.000460
0.000535
0.000589
0.000615
0.000626
0.000637
0.000640
0.000622
0.000598
0.000598
0.000627
0.000654
0.000653
0.000628
0.000603
0.000589
0.000573
0.000543
0.000498
0.000452
0.000416
0.000392
0.000376
0.000366
0.000366
0.000383
0.000417
0.000462
0.000503
0.000525
0.000525
0.000518
0.000519
0.000522
0.000510
0.000484
0.000470
0.000477
0.000478
0.000442
0.000385
0.000354
0.000369
0.000408
0.000449
0.000495
0.000556
0.000629
0.000701
0.000764
0.000812
0.000835
0.000831
0.000815
0.000803
0.000800
0.000805
0.000814
0.000814
0.000785
0.000723
0.000645
0.000583
0.000549
0.000542
0.000552
0.000566
0.000565
0.000550
0.000547
0.000582
0.000649
0.000711
0.000743
0.000737
0.000702
0.000650
0.000605
0.000585
0.000584
0.000576
0.000549
0.000515
0.000493
0.000489
0.000493
0.000502
0.000506
0.000492
0.000454
0.000401
0.000356
0.000332
0.000323
0.000320
0.000322
0.000339
0.000380
0.000443
0.000510
0.000558
0.000570
0.000544
0.000494
0.000446
0.000423
0.000435
0.000468
0.000496
0.000509
0.000513
0.000522
0.000544
0.000571
0.000577
0.000544
0.000475
0.000402
0.000353
0.000337
0.000352
0.000397
0.000460
0.000509
0.000518
0.000494
0.000466
0.000448
0.000437
0.000436
0.000455
0.000481
0.000486
0.000470
0.000464
0.000490
0.000530
0.000553
0.000564
0.000584
0.000613
0.000635
0.000639
0.000634
0.000631
0.000639
0.000664
0.000698
0.000711
0.000679
0.000613
0.000546
0.000493
0.000448
0.000411
0.000396
0.000408
0.000426
0.000436
0.000447
0.000478
0.000528
0.000582
0.000636
0.000688
0.000728
0.000743
0.000734
0.000713
0.000686
0.000660
0.000646
0.000654
0.000681
0.000713
0.000746
0.000778
0.000796
0.000781
0.000725
0.000636
0.000542
0.000476
0.000461
0.000489
0.000527
0.000548
0.000558
0.000579
0.000602
0.000597
0.000548
0.000484
0.000438
0.000421
0.000419
0.000432
0.000470
0.000536
0.000612
0.000674
0.000706
0.000701
0.000658
0.000586
0.000497
0.000407
0.000333
0.000291
0.000286
0.000312
0.000349
0.000381
0.000407
0.000426
0.000437
0.000440
0.000437
0.000422
0.000390
0.000339
0.000280
0.000224
0.000183
0.000164
0.000171
0.000204
0.000254
0.000314
0.000374
0.000424
0.000457
0.000483
0.000526
0.000586
0.000636
0.000648
0.000631
0.000615
0.000610
0.000604
0.000591
0.000588
0.000602
0.000615
0.000604
0.000564
0.000516
0.000482
0.000473
0.000488
0.000515
0.000536
0.000541
0.000537
0.000532
0.000526
0.000519
0.000515
0.000513
0.000509
0.000506
0.000517
0.000548
0.000571
0.000559
0.000522
0.000494
0.000486
0.000477
0.000445
0.000407
0.000386
0.000390
0.000412
0.000454
0.000510
0.000554
0.000558
0.000521
0.000476
0.000447
0.000432
0.000419
0.000400
0.000378
0.000353
0.000331
0.000320
0.000331
0.000358
0.000382
0.000391
0.000387
0.000388
0.000408
0.000437
0.000457
0.000459
0.000448
0.000440
0.000439
0.000445
0.000458
0.000472
0.000484
0.000489
0.000495
0.000507
0.000517
0.000512
0.000493
0.000476
0.000475
0.000486
0.000505
0.000532
0.000571
0.000613
0.000645
0.000669
0.000689
0.000708
0.000723
0.000732
0.000735
0.000729
0.000709
0.000689
0.000687
0.000700
0.000706
0.000677
0.000611
0.000525
0.000442
0.000383
0.000358
0.000355
0.000346
0.000318
0.000287
0.000280
0.000305
0.000343
0.000372
0.000390
0.000408
0.000439
0.000484
0.000529
0.000557
0.000566
0.000570
0.000585
0.000606
0.000625
0.000640
0.000656
0.000666
0.000658
0.000630
0.000598
0.000572
0.000546
0.000506
0.000453
0.000394
0.000344
0.000318
0.000328
0.000366
0.000409
0.000430
0.000428
0.000417
0.000421
0.000456
0.000524
0.000605
0.000666
0.000689
0.000680
0.000656
0.000628
0.000599
0.000572
0.000548
0.000524
0.000497
0.000470
0.000448
0.000434
0.000429
0.000434
0.000445
0.000454
0.000459
0.000463
0.000469
0.000469
0.000458
0.000451
0.000469
0.000521
0.000600
0.000692
0.000785
0.000858
0.000886
0.000864
0.000805
0.000734
0.000665
0.000602
0.000542
0.000487
0.000450
0.000447
0.000475
0.000505
0.000508
0.000489
0.000478
0.000490
0.000510
0.000514
0.000498
0.000472
0.000442
0.000415
0.000399
0.000398
0.000404
0.000404
0.000398
0.000403
0.000432
0.000482
0.000529
0.000548
0.000535
0.000507
0.000484
0.000470
0.000452
0.000423
0.000391
0.000373
0.000378
0.000405
0.000446
0.000490
0.000527
0.000550
0.000550
0.000525
0.000481
0.000440
0.000422
0.000424
0.000435
0.000454
0.000487
0.000527
0.000543
0.000512
0.000441
0.000363
0.000311
0.000299
0.000321
0.000360
0.000402
0.000448
0.000499
0.000539
0.000543
0.000510
0.000467
0.000439
0.000421
0.000399
0.000373
0.000356
0.000357
0.000372
0.000395
0.000424
0.000455
0.000488
0.000522
0.000551
0.000558
0.000533
0.000500
0.000488
0.000495
0.000491
0.000458
0.000412
0.000387
0.000398
0.000430
0.000460
0.000480
0.000499
0.000523
0.000541
0.000541
0.000524
0.000509
0.000505
0.000505
0.000496
0.000476
0.000453
0.000427
0.000396
0.000360
0.000323
0.000294
0.000286
0.000308
0.000344
0.000357
0.000329
0.000285
0.000261
0.000270
0.000297
0.000333
0.000383
0.000444
0.000505
0.000562
0.000618
0.000661
0.000667
0.000628
0.000569
0.000524
0.000512
0.000525
0.000539
0.000531
0.000496
0.000453
0.000424
0.000407
0.000391
0.000377
0.000377
0.000384
0.000381
0.000369
0.000377
0.000416
0.000462
0.000489
0.000499
0.000506
0.000508
0.000495
0.000470
0.000448
0.000442
0.000458
0.000499
0.000552
0.000580
0.000559
0.000509
0.000468
0.000447
0.000425
0.000393
0.000369
0.000374
0.000407
0.000448
0.000476
0.000484
0.000480
0.000478
0.000491
0.000506
0.000500
0.000471
0.000440
0.000433
0.000458
0.000500
0.000540
0.000559
0.000547
0.000511
0.000480
0.000484
0.000539
0.000629
0.000713
0.000755
0.000749
0.000721
0.000694
0.000674
0.000647
0.000615
0.000595
0.000602
0.000631
0.000668
0.000700
0.000719
0.000723
0.000715
0.000694
0.000659
0.000608
0.000551
0.000499
0.000453
0.000408
0.000369
0.000346
0.000346
0.000360
0.000385
0.000423
0.000470
0.000503
0.000501
0.000474
0.000455
0.000470
0.000508
0.000537
0.000536
0.000514
0.000496
0.000501
0.000525
0.000553
0.000573
0.000575
0.000561
0.000544
0.000542
0.000556
0.000563
0.000539
0.000494
0.000463
0.000471
0.000505
0.000539
0.000562
0.000588
0.000627
0.000673
0.000711
0.000729
0.000724
0.000697
0.000658
0.000625
0.000626
0.000671
0.000733
0.000764
0.000738
0.000678
0.000630
0.000609
0.000600
0.000587
0.000572
0.000566
0.000562
0.000543
0.000500
0.000445
0.000404
0.000398
0.000422
0.000445
0.000441
0.000408
0.000372
0.000355
0.000361
0.000383
0.000421
0.000468
0.000505
0.000514
0.000490
0.000456
0.000439
0.000449
0.000477
0.000503
0.000520
0.000533
0.000554
0.000589
0.000633
0.000673
0.000697
0.000698
0.000686
0.000680
0.000685
0.000686
0.000663
0.000612
0.000551
0.000495
0.000450
0.000410
0.000378
0.000361
0.000373
0.000414
0.000466
0.000501
0.000502
0.000479
0.000456
0.000450
0.000461
0.000482
0.000504
0.000526
0.000549
0.000576
0.000601
0.000606
0.000580
0.000541
0.000525
0.000537
0.000550
0.000532
0.000488
0.000448
0.000434
0.000441
0.000457
0.000480
0.000515
0.000569
0.000636
0.000702
0.000753
0.000780
0.000784
0.000761
0.000707
0.000630
0.000556
0.000502
0.000467
0.000438
0.000413
0.000409
0.000441
0.000503
0.000568
0.000602
0.000598
0.000576
0.000564
0.000568
0.000572
0.000557
0.000521
0.000486
0.000477
0.000512
0.000578
0.000637
0.000656
0.000639
0.000625
0.000641
0.000674
0.000693
0.000681
0.000644
0.000596
0.000546
0.000503
0.000471
0.000449
0.000431
0.000415
0.000399
0.000386
0.000382
0.000389
0.000396
0.000388
0.000368
0.000354
0.000359
0.000385
0.000428
0.000488
0.000552
0.000589
0.000582
0.000551
0.000528
0.000522
0.000528
0.000544
0.000570
0.000585
0.000565
0.000525
0.000514
0.000562
0.000644
0.000708
0.000727
0.000708
0.000673
0.000635
0.000598
0.000561
0.000535
0.000537
0.000573
0.000615
0.000628
0.000606
0.000581
0.000586
0.000624
0.000674
0.000719
0.000747
0.000746
0.000719
0.000686
0.000668
0.000669
0.000676
0.000685
0.000700
0.000713
0.000704
0.000659
0.000592
0.000535
0.000512
0.000525
0.000549
0.000549
0.000511
0.000449
0.000398
0.000389
0.000425
0.000479
0.000522
0.000545
0.000561
0.000571
0.000563
0.000524
0.000470
0.000434
0.000433
0.000453
0.000472
0.000485
0.000500
0.000522
0.000549
0.000577
0.000602
0.000625
0.000649
0.000676
0.000697
0.000695
0.000664
0.000630
0.000629
0.000666
0.000706
0.000712
0.000674
0.000610
0.000550
0.000505
0.000476
0.000459
0.000453
0.000458
0.000468
0.000468
0.000452
0.000431
0.000422
0.000426
0.000431
0.000425
0.000411
0.000398
0.000392
0.000399
0.000428
0.000475
0.000519
0.000540
0.000536
0.000522
0.000511
0.000506
0.000507
0.000525
0.000559
0.000587
0.000581
0.000535
0.000478
0.000436
0.000415
0.000410
0.000416
0.000437
0.000473
0.000523
0.000589
0.000665
0.000730
0.000756
0.000740
0.000704
0.000677
0.000667
0.000661
0.000644
0.000611
0.000573
0.000546
0.000535
0.000532
0.000528
0.000528
0.000540
0.000568
0.000609
0.000657
0.000704
0.000728
0.000712
0.000667
0.000624
0.000600
0.000581
0.000546
0.000499
0.000463
0.000453
0.000466
0.000491
0.000507
0.000500
0.000472
0.000440
0.000416
0.000396
0.000378
0.000379
0.000419
0.000494
0.000575
0.000639
0.000679
0.000701
0.000718
0.000734
0.000742
0.000732
0.000714
0.000719
0.000771
0.000850
0.000909
0.000927
0.000920
0.000920
0.000933
0.000946
0.000942
0.000910
0.000849
0.000774
0.000707
0.000660
0.000632
0.000615
0.000604
0.000589
0.000561
0.000520
0.000485
0.000479
0.000504
0.000541
0.000563
0.000557
0.000537
0.000526
0.000537
0.000557
0.000567
0.000567
0.000576
0.000608
0.000654
0.000692
0.000700
0.000673
0.000626
0.000584
0.000560
0.000548
0.000532
0.000509
0.000492
0.000493
0.000512
0.000540
0.000561
0.000555
0.000516
0.000463
0.000426
0.000420
0.000437
0.000469
0.000511
0.000546
0.000553
0.000527
0.000489
0.000468
0.000469
0.000485
0.000508
0.000535
0.000562
0.000585
0.000599
0.000596
0.000572
0.000534
0.000503
0.000490
0.000484
0.000472
0.000458
0.000452
0.000448
0.000436
0.000416
0.000401
0.000405
0.000431
0.000476
0.000531
0.000568
0.000569
0.000546
0.000528
0.000531
0.000548
0.000573
0.000613
0.000667
0.000714
0.000740
0.000745
0.000732
0.000692
0.000627
0.000566
0.000541
0.000554
0.000571
0.000568
0.000552
0.000548
0.000567
0.000598
0.000624
0.000636
0.000633
0.000611
0.000576
0.000534
0.000497
0.000476
0.000477
0.000502
0.000545
0.000594
0.000630
0.000646
0.000650
0.000654
0.000666
0.000682
0.000702
0.000732
0.000768
0.000798
0.000801
0.000774
0.000725
0.000668
0.000614
0.000572
0.000544
0.000517
0.000477
0.000421
0.000359
0.000310
0.000292
0.000317
0.000383
0.000472
0.000549
0.000589
0.000596
0.000600
0.000633
0.000693
0.000749
0.000768
0.000742
0.000695
0.000657
0.000636
0.000615
0.000583
0.000550
0.000541
0.000566
0.000609
0.000653
0.000694
0.000731
0.000750
0.000729
0.000671
0.000601
0.000551
0.000528
0.000523
0.000515
0.000487
0.000432
0.000363
0.000309
0.000286
0.000292
0.000311
0.000336
0.000360
0.000364
0.000334
0.000288
0.000262
0.000276
0.000314
0.000349
0.000374
0.000405
0.000460
0.000542
0.000634
0.000698
0.000698
0.000634
0.000551
0.000503
0.000501
0.000515
0.000519
0.000513
0.000512
0.000518
0.000519
0.000504
0.000476
0.000445
0.000424
0.000419
0.000421
0.000409
0.000368
0.000303
0.000241
0.000203
0.000192
0.000196
0.000211
0.000244
0.000304
0.000375
0.000427
0.000439
0.000427
0.000417
0.000421
0.000437
0.000473
0.000539
0.000617
0.000662
0.000648
0.000595
0.000550
0.000535
0.000548
0.000575
0.000612
0.000649
0.000679
0.000708
0.000749
0.000797
0.000835
0.000857
0.000869
0.000873
0.000859
0.000826
0.000786
0.000745
0.000695
0.000640
0.000610
0.000627
0.000672
0.000699
0.000685
0.000651
0.000618
0.000587
0.000547
0.000498
0.000453
0.000423
0.000423
0.000460
0.000519
0.000570
0.000596
0.000606
0.000614
0.000616
0.000602
0.000574
0.000551
0.000540
0.000535
0.000520
0.000489
0.000448
0.000410
0.000392
0.000402
0.000428
0.000451
0.000466
0.000478
0.000489
0.000492
0.000487
0.000487
0.000502
0.000528
0.000557
0.000590
0.000623
0.000633
0.000592
0.000501
0.000394
0.000310
0.000265
0.000256
0.000277
0.000320
0.000372
0.000418
0.000446
0.000453
0.000446
0.000441
0.000455
0.000494
0.000541
0.000574
0.000577
0.000549
0.000501
0.000455
0.000428
0.000411
0.000370
0.000285
0.000184
0.000117
0.000105
0.000122
0.000132
0.000133
0.000145
0.000184
0.000238
0.000286
0.000310
0.000306
0.000290
0.000290
0.000320
0.000367
0.000407
0.000426
0.000432
0.000437
0.000449
0.000470
0.000488
0.000484
0.000454
0.000419
0.000410
0.000422
0.000420
0.000392
0.000363
0.000364
0.000388
0.000408
0.000421
0.000441
0.000473
0.000492
0.000487
0.000482
0.000513
0.000589
0.000678
0.000741
0.000763
0.000765
0.000767
0.000769
0.000757
0.000729
0.000703
0.000695
0.000699
0.000697
0.000679
0.000651
0.000619
0.000587
0.000561
0.000549
0.000549
0.000556
0.000570
0.000595
0.000617
0.000615
0.000591
0.000575
0.000591
0.000628
0.000658
0.000672
0.000676
0.000670
0.000644
0.000602
0.000568
0.000557
0.000555
0.000538
0.000500
0.000448
0.000387
0.000327
0.000289
0.000305
0.000374
0.000455
0.000505
0.000514
0.000501
0.000485
0.000471
0.000464
0.000472
0.000490
0.000500
0.000488
0.000464
0.000451
0.000464
0.000501
0.000546
0.000573
0.000568
0.000540
0.000520
0.000531
0.000566
0.000600
0.000613
0.000605
0.000585
0.000563
0.000548
0.000536
0.000514
0.000472
0.000416
0.000373
0.000374
0.000428
0.000515
0.000598
0.000648
0.000659
0.000642
0.000606
0.000559
0.000521
0.000516
0.000546
0.000586
0.000612
0.000624
0.000625
0.000600
0.000542
0.000481
0.000460
0.000482
0.000518
0.000555
0.000620
0.000721
0.000818
0.000862
0.000850
0.000813
0.000774
0.000736
0.000703
0.000681
0.000661
0.000628
0.000583
0.000549
0.000543
0.000562
0.000592
0.000609
0.000594
0.000547
0.000502
0.000494
0.000524
0.000560
0.000579
0.000586
0.000592
0.000589
0.000572
0.000550
0.000539
0.000542
0.000552
0.000564
0.000568
0.000554
0.000525
0.000511
0.000537
0.000592
0.000640
0.000661
0.000664
0.000660
0.000648
0.000630
0.000617
0.000614
0.000604
0.000570
0.000524
0.000494
0.000491
0.000508
0.000535
0.000569
0.000594
0.000586
0.000541
0.000497
0.000494
0.000535
0.000584
0.000610
0.000607
0.000591
0.000575
0.000574
0.000594
0.000628
0.000656
0.000665
0.000657
0.000642
0.000617
0.000586
0.000563
0.000562
0.000573
0.000571
0.000540
0.000494
0.000458
0.000448
0.000465
0.000494
0.000524
0.000551
0.000572
0.000582
0.000573
0.000552
0.000532
0.000520
0.000511
0.000498
0.000484
0.000477
0.000470
0.000454
0.000427
0.000395
0.000364
0.000337
0.000316
0.000301
0.000299
0.000315
0.000354
0.000402
0.000436
0.000446
0.000449
0.000460
0.000470
0.000464
0.000447
0.000445
0.000456
0.000453
0.000427
0.000404
0.000417
0.000462
0.000503
0.000519
0.000524
0.000543
0.000580
0.000621
0.000647
0.000644
0.000612
0.000566
0.000527
0.000513
0.000527
0.000554
0.000582
0.000605
0.000623
0.000635
0.000640
0.000647
0.000662
0.000673
0.000654
0.000601
0.000548
0.000531
0.000552
0.000592
0.000640
0.000693
0.000735
0.000732
0.000673
0.000584
0.000502
0.000439
0.000386
0.000341
0.000314
0.000309
0.000321
0.000334
0.000336
0.000326
0.000320
0.000333
0.000365
0.000392
0.000401
0.000403
0.000413
0.000423
0.000408
0.000368
0.000338
0.000355
0.000419
0.000494
0.000548
0.000576
0.000598
0.000636
0.000690
0.000744
0.000777
0.000779
0.000762
0.000758
0.000788
0.000840
0.000879
0.000879
0.000850
0.000814
0.000771
0.000712
0.000642
0.000584
0.000553
0.000538
0.000523
0.000504
0.000483
0.000465
0.000467
0.000497
0.000539
0.000553
0.000527
0.000488
0.000468
0.000458
0.000435
0.000397
0.000364
0.000348
0.000343
0.000346
0.000357
0.000367
0.000369
0.000377
0.000408
0.000444
0.000449
0.000419
0.000392
0.000401
0.000439
0.000474
0.000491
0.000498
0.000504
0.000510
0.000521
0.000539
0.000559
0.000564
0.000552
0.000531
0.000516
0.000505
0.000486
0.000454
0.000423
0.000420
0.000459
0.000520
0.000576
0.000611
0.000628
0.000627
0.000609
0.000589
0.000589
0.000613
0.000634
0.000621
0.000570
0.000501
0.000447
0.000426
0.000439
0.000463
0.000475
0.000475
0.000486
0.000519
0.000557
0.000580
0.000586
0.000599
0.000631
0.000671
0.000692
0.000677
0.000633
0.000585
0.000557
0.000551
0.000563
0.000590
0.000637
0.000691
0.000725
0.000726
0.000704
0.000682
0.000674
0.000677
0.000689
0.000703
0.000705
0.000687
0.000654
0.000617
0.000583
0.000553
0.000536
0.000543
0.000576
0.000620
0.000656
0.000672
0.000669
0.000652
0.000623
0.000582
0.000540
0.000519
0.000530
0.000563
0.000587
0.000591
0.000585
0.000583
0.000584
0.000578
0.000568
0.000567
0.000579
0.000605
0.000642
0.000691
0.000741
0.000777
0.000784
0.000755
0.000700
0.000644
0.000611
0.000607
0.000610
0.000598
0.000565
0.000523
0.000489
0.000482
0.000509
0.000556
0.000588
0.000590
0.000577
0.000582
0.000617
0.000670
0.000717
0.000729
0.000684
0.000587
0.000477
0.000404
0.000382
0.000385
0.000383
0.000370
0.000358
0.000356
0.000372
0.000407
0.000447
0.000469
0.000465
0.000452
0.000449
0.000452
0.000447
0.000431
0.000418
0.000425
0.000454
0.000500
0.000553
0.000597
0.000618
0.000611
0.000588
0.000570
0.000570
0.000589
0.000616
0.000640
0.000650
0.000644
0.000633
0.000629
0.000632
0.000628
0.000606
0.000587
0.000603
0.000652
0.000698
0.000714
0.000708
0.000695
0.000665
0.000606
0.000540
0.000508
0.000520
0.000547
0.000561
0.000556
0.000539
0.000511
0.000484
0.000472
0.000476
0.000475
0.000460
0.000449
0.000458
0.000468
0.000455
0.000421
0.000394
0.000386
0.000383
0.000377
0.000378
0.000398
0.000433
0.000468
0.000497
0.000528
0.000574
0.000634
0.000687
0.000705
0.000687
0.000662
0.000663
0.000686
0.000698
0.000679
0.000632
0.000573
0.000518
0.000481
0.000476
0.000500
0.000534
0.000565
0.000594
0.000622
0.000634
0.000615
0.000573
0.000537
0.000520
0.000510
0.000491
0.000467
0.000450
0.000447
0.000458
0.000486
0.000533
0.000594
0.000648
0.000676
0.000684
0.000693
0.000720
0.000760
0.000795
0.000810
0.000803
0.000779
0.000743
0.000696
0.000643
0.000596
0.000571
0.000576
0.000596
0.000607
0.000592
0.000552
0.000504
0.000463
0.000440
0.000431
0.000427
0.000422
0.000419
0.000427
0.000448
0.000474
0.000501
0.000528
0.000554
0.000571
0.000574
0.000570
0.000567
0.000564
0.000556
0.000540
0.000517
0.000493
0.000488
0.000520
0.000580
0.000632
0.000642
0.000617
0.000593
0.000593
0.000607
0.000619
0.000628
0.000639
0.000650
0.000654
0.000656
0.000670
0.000703
0.000746
0.000778
0.000781
0.000748
0.000687
0.000617
0.000555
0.000503
0.000460
0.000432
0.000426
0.000446
0.000481
0.000519
0.000548
0.000559
0.000548
0.000519
0.000492
0.000482
0.000486
0.000483
0.000454
0.000404
0.000351
0.000316
0.000313
0.000348
0.000405
0.000456
0.000479
0.000482
0.000490
0.000514
0.000540
0.000548
0.000531
0.000495
0.000448
0.000406
0.000394
0.000422
0.000471
0.000512
0.000534
0.000558
0.000607
0.000671
0.000713
0.000709
0.000671
0.000634
0.000619
0.000618
0.000610
0.000592
0.000579
0.000582
0.000592
0.000603
0.000620
0.000640
0.000646
0.000621
0.000582
0.000566
0.000593
0.000645
0.000686
0.000699
0.000689
0.000673
0.000661
0.000656
0.000655
0.000652
0.000643
0.000630
0.000620
0.000620
0.000631
0.000641
0.000631
0.000595
0.000548
0.000517
0.000514
0.000531
0.000555
0.000584
0.000620
0.000663
0.000708
0.000749
0.000780
0.000796
0.000798
0.000790
0.000771
0.000742
0.000715
0.000704
0.000709
0.000705
0.000680
0.000646
0.000627
0.000624
0.000622
0.000611
0.000593
0.000567
0.000525
0.000474
0.000441
0.000448
0.000482
0.000505
0.000490
0.000446
0.000404
0.000382
0.000365
0.000333
0.000283
0.000240
0.000232
0.000254
0.000286
0.000318
0.000362
0.000425
0.000483
0.000505
0.000496
0.000487
0.000503
0.000532
0.000545
0.000528
0.000488
0.000446
0.000420
0.000420
0.000445
0.000476
0.000493
0.000499
0.000514
0.000551
0.000595
0.000617
0.000605
0.000570
0.000531
0.000501
0.000483
0.000477
0.000489
0.000526
0.000580
0.000624
0.000633
0.000616
0.000604
0.000613
0.000621
0.000604
0.000566
0.000539
0.000539
0.000554
0.000568
0.000583
0.000604
0.000626
0.000641
0.000656
0.000680
0.000706
0.000720
0.000719
0.000719
0.000731
0.000751
0.000771
0.000786
0.000795
0.000792
0.000769
0.000735
0.000701
0.000662
0.000605
0.000532
0.000472
0.000453
0.000471
0.000493
0.000499
0.000503
0.000527
0.000577
0.000636
0.000688
0.000723
0.000738
0.000735
0.000727
0.000730
0.000750
0.000775
0.000793
0.000803
0.000811
0.000824
0.000840
0.000856
0.000864
0.000858
0.000840
0.000811
0.000770
0.000721
0.000675
0.000649
0.000647
0.000659
0.000663
0.000639
0.000578
0.000499
0.000442
0.000439
0.000483
0.000545
0.000602
0.000646
0.000665
0.000645
0.000595
0.000552
0.000541
0.000553
0.000560
0.000551
0.000533
0.000507
0.000474
0.000440
0.000422
0.000430
0.000458
0.000497
0.000538
0.000569
0.000582
0.000583
0.000591
0.000622
0.000675
0.000725
0.000742
0.000717
0.000670
0.000625
0.000591
0.000567
0.000560
0.000582
0.000619
0.000634
0.000611
0.000581
0.000577
0.000589
0.000587
0.000571
0.000566
0.000577
0.000575
0.000541
0.000493
0.000469
0.000480
0.000508
0.000529
0.000525
0.000498
0.000467
0.000456
0.000472
0.000499
0.000530
0.000574
0.000631
0.000685
0.000728
0.000778
0.000852
0.000935
0.000986
0.000986
0.000945
0.000884
0.000818
0.000761
0.000731
0.000727
0.000724
0.000699
0.000655
0.000617
0.000600
0.000601
0.000609
0.000616
0.000611
0.000582
0.000532
0.000484
0.000459
0.000459
0.000466
0.000466
0.000460
0.000460
0.000470
0.000489
0.000519
0.000564
0.000616
0.000656
0.000666
0.000648
0.000626
0.000626
0.000645
0.000658
0.000634
0.000573
0.000508
0.000467
0.000455
0.000458
0.000474
0.000515
0.000583
0.000656
0.000705
0.000711
0.000680
0.000639
0.000612
0.000604
0.000594
0.000567
0.000539
0.000544
0.000590
0.000650
0.000694
0.000717
0.000721
0.000701
0.000658
0.000605
0.000563
0.000535
0.000517
0.000515
0.000535
0.000567
0.000587
0.000580
0.000554
0.000530
0.000524
0.000542
0.000568
0.000571
0.000529
0.000459
0.000402
0.000383
0.000395
0.000417
0.000445
0.000476
0.000493
0.000475
0.000422
0.000360
0.000313
0.000281
0.000254
0.000229
0.000217
0.000228
0.000255
0.000277
0.000285
0.000289
0.000308
0.000347
0.000397
0.000436
0.000451
0.000443
0.000425
0.000409
0.000395
0.000383
0.000378
0.000386
0.000402
0.000409
0.000404
0.000396
0.000393
0.000390
0.000382
0.000379
0.000396
0.000438
0.000498
0.000565
0.000630
0.000682
0.000717
0.000742
0.000765
0.000785
0.000795
0.000787
0.000762
0.000727
0.000702
0.000705
0.000729
0.000741
0.000715
0.000674
0.000662
0.000692
0.000727
0.000731
0.000698
0.000648
0.000600
0.000564
0.000540
0.000518
0.000482
0.000439
0.000415
0.000425
0.000454
0.000475
0.000475
0.000463
0.000452
0.000443
0.000434
0.000416
0.000387
0.000354
0.000336
0.000338
0.000345
0.000342
0.000340
0.000362
0.000416
0.000483
0.000546
0.000606
0.000678
0.000763
0.000842
0.000881
0.000864
0.000802
0.000727
0.000664
0.000625
0.000615
0.000632
0.000657
0.000651
0.000602
0.000540
0.000510
0.000519
0.000530
0.000512
0.000470
0.000441
0.000452
0.000495
0.000534
0.000540
0.000512
0.000480
0.000465
0.000464
0.000465
0.000478
0.000514
0.000562
0.000586
0.000564
0.000510
0.000450
0.000396
0.000352
0.000320
0.000300
0.000285
0.000276
0.000287
0.000321
0.000362
0.000387
0.000396
0.000403
0.000416
0.000431
0.000443
0.000455
0.000472
0.000494
0.000518
0.000541
0.000565
0.000589
0.000608
0.000620
0.000628
0.000641
0.000654
0.000645
0.000601
0.000538
0.000481
0.000435
0.000387
0.000348
0.000355
0.000423
0.000510
0.000564
0.000581
0.000596
0.000625
0.000649
0.000657
0.000668
0.000701
0.000749
0.000786
0.000802
0.000801
0.000785
0.000744
0.000672
0.000573
0.000462
0.000369
0.000323
0.000329
0.000362
0.000393
0.000418
0.000445
0.000474
0.000505
0.000545
0.000600
0.000650
0.000669
0.000649
0.000615
0.000593
0.000590
0.000604
0.000631
0.000654
0.000649
0.000614
0.000575
0.000556
0.000550
0.000529
0.000495
0.000480
0.000505
0.000553
0.000593
0.000614
0.000629
0.000651
0.000676
0.000695
0.000704
0.000712
0.000730
0.000758
0.000785
0.000799
0.000796
0.000789
0.000791
0.000800
0.000801
0.000784
0.000756
0.000729
0.000707
0.000682
0.000657
0.000643
0.000651
0.000677
0.000709
0.000732
0.000737
0.000711
0.000659
0.000610
0.000594
0.000606
0.000613
0.000590
0.000544
0.000496
0.000460
0.000448
0.000474
0.000538
0.000608
0.000646
0.000643
0.000621
0.000598
0.000571
0.000534
0.000494
0.000462
0.000445
0.000450
0.000492
0.000570
0.000663
0.000740
0.000782
0.000786
0.000757
0.000709
0.000664
0.000631
0.000599
0.000548
0.000477
0.000409
0.000367
0.000352
0.000356
0.000370
0.000391
0.000416
0.000450
0.000494
0.000544
0.000592
0.000632
0.000663
0.000678
0.000673
0.000652
0.000622
0.000583
0.000529
0.000469
0.000429
0.000438
0.000497
0.000580
0.000653
0.000689
0.000682
0.000639
0.000585
0.000540
0.000508
0.000476
0.000429
0.000371
0.000324
0.000306
0.000322
0.000360
0.000403
0.000435
0.000454
0.000466
0.000486
0.000517
0.000548
0.000562
0.000563
0.000567
0.000576
0.000582
0.000586
0.000597
0.000616
0.000624
0.000608
0.000589
0.000594
0.000617
0.000627
0.000605
0.000562
0.000518
0.000477
0.000441
0.000423
0.000429
0.000442
0.000443
0.000429
0.000405
0.000374
0.000342
0.000328
0.000348
0.000391
0.000439
0.000489
0.000555
0.000632
0.000700
0.000744
0.000772
0.000793
0.000800
0.000789
0.000775
0.000773
0.000780
0.000770
0.000729
0.000668
0.000621
0.000611
0.000632
0.000648
0.000638
0.000609
0.000581
0.000553
0.000506
0.000444
0.000389
0.000350
0.000313
0.000275
0.000265
0.000300
0.000347
0.000360
0.000345
0.000349
0.000397
0.000460
0.000490
0.000480
0.000451
0.000425
0.000406
0.000396
0.000390
0.000382
0.000373
0.000372
0.000387
0.000417
0.000461
0.000519
0.000583
0.000627
0.000634
0.000620
0.000613
0.000621
0.000623
0.000606
0.000583
0.000565
0.000539
0.000492
0.000439
0.000416
0.000438
0.000482
0.000518
0.000538
0.000551
0.000564
0.000568
0.000553
0.000520
0.000481
0.000445
0.000418
0.000404
0.000403
0.000406
0.000399
0.000380
0.000369
0.000386
0.000436
0.000506
0.000586
0.000676
0.000765
0.000821
0.000817
0.000756
0.000675
0.000606
0.000564
0.000545
0.000542
0.000546
0.000552
0.000562
0.000580
0.000602
0.000612
0.000599
0.000576
0.000569
0.000589
0.000619
0.000636
0.000628
0.000604
0.000578
0.000554
0.000529
0.000499
0.000472
0.000461
0.000479
0.000521
0.000563
0.000579
0.000555
0.000511
0.000475
0.000463
0.000463
0.000455
0.000430
0.000397
0.000361
0.000322
0.000286
0.000267
0.000273
0.000294
0.000310
0.000319
0.000333
0.000366
0.000413
0.000455
0.000476
0.000476
0.000476
0.000502
0.000554
0.000607
0.000629
0.000618
0.000599
0.000602
0.000629
0.000661
0.000684
0.000694
0.000691
0.000670
0.000631
0.000591
0.000571
0.000578
0.000597
0.000604
0.000586
0.000545
0.000495
0.000452
0.000433
0.000450
0.000499
0.000565
0.000623
0.000656
0.000663
0.000654
0.000641
0.000631
0.000621
0.000603
0.000571
0.000530
0.000491
0.000464
0.000452
0.000449
0.000455
0.000478
0.000525
0.000592
0.000660
0.000713
0.000742
0.000743
0.000721
0.000680
0.000629
0.000570
0.000502
0.000425
0.000356
0.000314
0.000305
0.000320
0.000341
0.000360
0.000380
0.000408
0.000450
0.000506
0.000572
0.000635
0.000682
0.000705
0.000702
0.000674
0.000631
0.000587
0.000560
0.000557
0.000562
0.000552
0.000517
0.000467
0.000428
0.000415
0.000427
0.000458
0.000496
0.000531
0.000556
0.000571
0.000579
0.000576
0.000560
0.000542
0.000539
0.000553
0.000564
0.000551
0.000516
0.000478
0.000442
0.000403
0.000359
0.000324
0.000309
0.000320
0.000352
0.000394
0.000432
0.000446
0.000437
0.000418
0.000404
0.000400
0.000406
0.000419
0.000429
0.000423
0.000403
0.000392
0.000405
0.000438
0.000470
0.000489
0.000487
0.000455
0.000403
0.000366
0.000380
0.000434
0.000473
0.000464
0.000427
0.000413
0.000439
0.000482
0.000514
0.000528
0.000536
0.000548
0.000561
0.000566
0.000558
0.000533
0.000496
0.000453
0.000414
0.000388
0.000381
0.000390
0.000402
0.000408
0.000404
0.000391
0.000371
0.000355
0.000360
0.000387
0.000419
0.000443
0.000463
0.000484
0.000493
0.000476
0.000451
0.000454
0.000494
0.000545
0.000578
0.000588
0.000586
0.000575
0.000549
0.000510
0.000469
0.000429
0.000394
0.000374
0.000376
0.000387
0.000387
0.000372
0.000360
0.000362
0.000367
0.000362
0.000353
0.000355
0.000370
0.000382
0.000382
0.000379
0.000391
0.000423
0.000463
0.000497
0.000520
0.000548
0.000597
0.000664
0.000726
0.000760
0.000763
0.000742
0.000706
0.000667
0.000640
0.000632
0.000633
0.000630
0.000625
0.000631
0.000657
0.000694
0.000729
0.000758
0.000785
0.000810
0.000830
0.000846
0.000854
0.000848
0.000824
0.000785
0.000743
0.000716
0.000723
0.000765
0.000818
0.000847
0.000838
0.000804
0.000761
0.000713
0.000655
0.000597
0.000552
0.000525
0.000513
0.000522
0.000554
0.000595
0.000620
0.000622
0.000619
0.000627
0.000634
0.000621
0.000589
0.000560
0.000555
0.000570
0.000594
0.000624
0.000655
0.000672
0.000665
0.000646
0.000645
0.000671
0.000699
0.000705
0.000698
0.000707
0.000733
0.000750
0.000746
0.000740
0.000748
0.000755
0.000743
0.000720
0.000715
0.000728
0.000733
0.000714
0.000683
0.000662
0.000655
0.000651
0.000645
0.000643
0.000645
0.000642
0.000619
0.000574
0.000521
0.000479
0.000456
0.000442
0.000427
0.000417
0.000421
0.000437
0.000451
0.000461
0.000470
0.000479
0.000487
0.000506
0.000552
0.000625
0.000701
0.000759
0.000793
0.000796
0.000755
0.000673
0.000581
0.000512
0.000476
0.000459
0.000451
0.000445
0.000431
0.000401
0.000352
0.000294
0.000241
0.000221
0.000258
0.000349
0.000458
0.000545
0.000601
0.000631
0.000639
0.000628
0.000615
0.000611
0.000602
0.000562
0.000503
0.000469
0.000489
0.000543
0.000593
0.000615
0.000612
0.000596
0.000580
0.000573
0.000573
0.000570
0.000555
0.000532
0.000511
0.000505
0.000524
0.000562
0.000599
0.000614
0.000605
0.000587
0.000571
0.000556
0.000544
0.000539
0.000533
0.000509
0.000473
0.000448
0.000448
0.000457
0.000459
0.000460
0.000474
0.000492
0.000500
0.000492
0.000471
0.000434
0.000385
0.000346
0.000344
0.000372
0.000392
0.000380
0.000354
0.000345
0.000363
0.000390
0.000402
0.000389
0.000355
0.000318
0.000288
0.000265
0.000253
0.000261
0.000297
0.000343
0.000368
0.000366
0.000359
0.000372
0.000408
0.000453
0.000500
0.000553
0.000605
0.000641
0.000649
0.000638
0.000628
0.000629
0.000634
0.000621
0.000579
0.000513
0.000444
0.000385
0.000341
0.000317
0.000322
0.000353
0.000386
0.000395
0.000379
0.000363
0.000363
0.000378
0.000403
0.000440
0.000487
0.000524
0.000531
0.000512
0.000492
0.000486
0.000491
0.000500
0.000521
0.000568
0.000631
0.000685
0.000710
0.000714
0.000709
0.000694
0.000664
0.000624
0.000596
0.000594
0.000602
0.000597
0.000569
0.000529
0.000499
0.000491
0.000505
0.000529
0.000545
0.000538
0.000508
0.000465
0.000429
0.000409
0.000408
0.000428
0.000466
0.000511
0.000544
0.000544
0.000509
0.000465
0.000442
0.000454
0.000493
0.000545
0.000609
0.000680
0.000733
0.000728
0.000659
0.000569
0.000509
0.000492
0.000489
0.000481
0.000479
0.000508
0.000569
0.000639
0.000694
0.000722
0.000716
0.000680
0.000624
0.000562
0.000502
0.000446
0.000394
0.000345
0.000301
0.000268
0.000262
0.000291
0.000342
0.000386
0.000400
0.000386
0.000366
0.000362
0.000385
0.000428
0.000474
0.000508
0.000519
0.000504
0.000466
0.000425
0.000404
0.000407
0.000413
0.000404
0.000387
0.000379
0.000371
0.000339
0.000283
0.000232
0.000208
0.000207
0.000221
0.000254
0.000313
0.000387
0.000457
0.000518
0.000579
0.000643
0.000710
0.000782
0.000846
0.000878
0.000862
0.000808
0.000746
0.000697
0.000670
0.000671
0.000701
0.000737
0.000745
0.000708
0.000643
0.000577
0.000529
0.000511
0.000526
0.000564
0.000605
0.000635
0.000657
0.000672
0.000677
0.000670
0.000660
0.000649
0.000630
0.000598
0.000560
0.000534
0.000525
0.000525
0.000518
0.000493
0.000447
0.000393
0.000358
0.000364
0.000404
0.000443
0.000454
0.000444
0.000452
0.000505
0.000592
0.000666
0.000690
0.000665
0.000620
0.000583
0.000563
0.000559
0.000565
0.000578
0.000600
0.000639
0.000697
0.000758
0.000791
0.000783
0.000744
0.000697
0.000656
0.000628
0.000611
0.000591
0.000554
0.000499
0.000443
0.000405
0.000382
0.000362
0.000347
0.000348
0.000373
0.000420
0.000478
0.000533
0.000568
0.000579
0.000568
0.000547
0.000531
0.000533
0.000562
0.000605
0.000626
0.000599
0.000534
0.000470
0.000430
0.000411
0.000402
0.000399
0.000403
0.000409
0.000411
0.000416
0.000432
0.000455
0.000469
0.000466
0.000452
0.000441
0.000443
0.000452
0.000458
0.000461
0.000473
0.000497
0.000524
0.000540
0.000544
0.000544
0.000539
0.000518
0.000483
0.000454
0.000451
0.000468
0.000475
0.000455
0.000422
0.000404
0.000413
0.000435
0.000452
0.000465
0.000486
0.000517
0.000549
0.000570
0.000578
0.000579
0.000581
0.000590
0.000607
0.000626
0.000645
0.000664
0.000686
0.000710
0.000728
0.000728
0.000707
0.000672
0.000638
0.000622
0.000632
0.000657
0.000681
0.000691
0.000691
0.000682
0.000663
0.000637
0.000614
0.000601
0.000594
0.000589
0.000590
0.000605
0.000623
0.000622
0.000592
0.000541
0.000481
0.000422
0.000377
0.000360
0.000371
0.000394
0.000414
0.000431
0.000450
0.000470
0.000481
0.000488
0.000500
0.000527
0.000565
0.000599
0.000611
0.000594
0.000552
0.000496
0.000433
0.000375
0.000343
0.000359
0.000420
0.000495
0.000537
0.000529
0.000495
0.000477
0.000492
0.000515
0.000512
0.000486
0.000480
0.000520
0.000583
0.000628
0.000643
0.000647
0.000650
0.000636
0.000592
0.000544
0.000527
0.000552
0.000596
0.000628
0.000636
0.000626
0.000615
0.000630
0.000683
0.000758
0.000820
0.000838
0.000812
0.000756
0.000690
0.000623
0.000560
0.000513
0.000503
0.000537
0.000591
0.000629
0.000628
0.000601
0.000568
0.000543
0.000536
0.000556
0.000599
0.000639
0.000653
0.000645
0.000639
0.000650
0.000670
0.000683
0.000684
0.000682
0.000682
0.000683
0.000682
0.000684
0.000699
0.000730
0.000765
0.000786
0.000780
0.000751
0.000711
0.000671
0.000635
0.000601
0.000568
0.000547
0.000554
0.000593
0.000643
0.000671
0.000663
0.000636
0.000616
0.000610
0.000609
0.000603
0.000586
0.000555
0.000522
0.000507
0.000519
0.000536
0.000535
0.000512
0.000487
0.000476
0.000475
0.000480
0.000492
0.000515
0.000553
0.000612
0.000686
0.000751
0.000778
0.000767
0.000744
0.000725
0.000707
0.000681
0.000648
0.000615
0.000585
0.000563
0.000558
0.000573
0.000592
0.000599
0.000596
0.000599
0.000616
0.000638
0.000649
0.000645
0.000629
0.000619
0.000626
0.000646
0.000657
0.000644
0.000615
0.000591
0.000582
0.000579
0.000578
0.000584
0.000605
0.000642
0.000682
0.000704
0.000694
0.000653
0.000601
0.000559
0.000534
0.000523
0.000522
0.000529
0.000535
0.000533
0.000529
0.000541
0.000581
0.000639
0.000686
0.000698
0.000679
0.000653
0.000653
0.000692
0.000755
0.000803
0.000806
0.000762
0.000702
0.000661
0.000657
0.000682
0.000721
0.000757
0.000776
0.000774
0.000760
0.000754
0.000764
0.000783
0.000797
0.000801
0.000794
0.000773
0.000737
0.000699
0.000673
0.000656
0.000632
0.000597
0.000572
0.000571
0.000583
0.000591
0.000597
0.000611
0.000623
0.000610
0.000567
0.000513
0.000466
0.000427
0.000397
0.000389
0.000417
0.000466
0.000503
0.000509
0.000498
0.000493
0.000508
0.000542
0.000585
0.000625
0.000654
0.000667
0.000676
0.000687
0.000691
0.000668
0.000612
0.000548
0.000513
0.000519
0.000553
0.000593
0.000627
0.000653
0.000678
0.000710
0.000752
0.000794
0.000820
0.000823
0.000810
0.000791
0.000765
0.000730
0.000697
0.000680
0.000683
0.000699
0.000717
0.000730
0.000737
0.000745
0.000762
0.000789
0.000807
0.000801
0.000773
0.000743
0.000726
0.000724
0.000735
0.000760
0.000789
0.000803
0.000791
0.000764
0.000742
0.000731
0.000718
0.000695
0.000671
0.000668
0.000693
0.000727
0.000746
0.000740
0.000721
0.000707
0.000705
0.000710
0.000713
0.000695
0.000647
0.000585
0.000545
0.000542
0.000558
0.000566
0.000561
0.000559
0.000568
0.000585
0.000609
0.000637
0.000657
0.000658
0.000652
0.000669
0.000720
0.000777
0.000810
0.000814
0.000806
0.000800
0.000799
0.000792
0.000761
0.000696
0.000612
0.000547
0.000533
0.000561
0.000596
0.000609
0.000601
0.000589
0.000592
0.000616
0.000646
0.000658
0.000640
0.000605
0.000569
0.000532
0.000493
0.000465
0.000459
0.000469
0.000480
0.000492
0.000512
0.000532
0.000536
0.000525
0.000524
0.000547
0.000574
0.000577
0.000556
0.000526
0.000496
0.000466
0.000451
0.000471
0.000528
0.000595
0.000635
0.000633
0.000605
0.000573
0.000552
0.000548
0.000557
0.000575
0.000593
0.000600
0.000588
0.000567
0.000558
0.000569
0.000591
0.000609
0.000620
0.000628
0.000629
0.000612
0.000581
0.000560
0.000565
0.000594
0.000631
0.000670
0.000713
0.000748
0.000746
0.000698
0.000628
0.000568
0.000527
0.000496
0.000476
0.000483
0.000519
0.000561
0.000587
0.000594
0.000597
0.000603
0.000609
0.000615
0.000622
0.000632
0.000641
0.000651
0.000655
0.000634
0.000581
0.000519
0.000477
0.000460
0.000446
0.000425
0.000415
0.000436
0.000473
0.000504
0.000525
0.000558
0.000611
0.000658
0.000668
0.000635
0.000580
0.000528
0.000489
0.000464
0.000454
0.000462
0.000488
0.000531
0.000592
0.000659
0.000707
0.000711
0.000669
0.000621
0.000608
0.000639
0.000688
0.000720
0.000723
0.000703
0.000677
0.000665
0.000673
0.000692
0.000704
0.000699
0.000688
0.000673
0.000644
0.000596
0.000549
0.000528
0.000529
0.000526
0.000509
0.000497
0.000511
0.000557
0.000624
0.000699
0.000755
0.000762
0.000719
0.000667
0.000656
0.000695
0.000755
0.000804
0.000826
0.000817
0.000775
0.000720
0.000688
0.000700
0.000740
0.000768
0.000769
0.000760
0.000760
0.000766
0.000757
0.000726
0.000685
0.000657
0.000652
0.000665
0.000676
0.000668
0.000636
0.000592
0.000556
0.000542
0.000557
0.000591
0.000630
0.000652
0.000647
0.000622
0.000589
0.000550
0.000506
0.000469
0.000465
0.000502
0.000556
0.000596
0.000618
0.000646
0.000692
0.000740
0.000767
0.000768
0.000754
0.000733
0.000712
0.000698
0.000690
0.000679
0.000657
0.000629
0.000605
0.000583
0.000557
0.000537
0.000543
0.000572
0.000589
0.000562
0.000497
0.000430
0.000394
0.000391
0.000400
0.000407
0.000421
0.000456
0.000512
0.000566
0.000592
0.000585
0.000554
0.000519
0.000501
0.000509
0.000534
0.000556
0.000562
0.000559
0.000558
0.000556
0.000542
0.000524
0.000516
0.000520
0.000526
0.000528
0.000531
0.000533
0.000526
0.000512
0.000500
0.000493
0.000477
0.000446
0.000412
0.000393
0.000380
0.000362
0.000348
0.000363
0.000418
0.000503
0.000601
0.000696
0.000767
0.000793
0.000775
0.000727
0.000665
0.000597
0.000528
0.000466
0.000410
0.000355
0.000307
0.000284
0.000290
0.000310
0.000327
0.000344
0.000371
0.000411
0.000462
0.000522
0.000580
0.000617
0.000621
0.000602
0.000579
0.000561
0.000545
0.000534
0.000537
0.000547
0.000545
0.000510
0.000445
0.000374
0.000326
0.000309
0.000311
0.000322
0.000341
0.000376
0.000417
0.000443
0.000440
0.000424
0.000426
0.000468
0.000546
0.000627
0.000667
0.000652
0.000611
0.000586
0.000589
0.000596
0.000586
0.000568
0.000557
0.000557
0.000564
0.000580
0.000595
0.000587
0.000545
0.000497
0.000473
0.000465
0.000442
0.000405
0.000390
0.000412
0.000447
0.000473
0.000496
0.000527
0.000555
0.000563
0.000565
0.000578
0.000595
0.000598
0.000589
0.000584
0.000581
0.000567
0.000540
0.000514
0.000488
0.000448
0.000402
0.000389
0.000420
0.000466
0.000500
0.000532
0.000591
0.000665
0.000716
0.000724
0.000706
0.000683
0.000654
0.000614
0.000573
0.000542
0.000515
0.000477
0.000431
0.000403
0.000406
0.000428
0.000447
0.000452
0.000445
0.000427
0.000394
0.000348
0.000308
0.000294
0.000317
0.000367
0.000425
0.000472
0.000506
0.000535
0.000561
0.000579
0.000588
0.000605
0.000650
0.000717
0.000771
0.000790
0.000786
0.000785
0.000784
0.000755
0.000683
0.000597
0.000539
0.000528
0.000546
0.000566
0.000575
0.000566
0.000537
0.000496
0.000464
0.000455
0.000458
0.000455
0.000443
0.000435
0.000444
0.000464
0.000487
0.000506
0.000515
0.000499
0.000453
0.000394
0.000354
0.000352
0.000386
0.000445
0.000521
0.000603
0.000678
0.000736
0.000775
0.000796
0.000807
0.000821
0.000843
0.000860
0.000845
0.000789
0.000710
0.000637
0.000590
0.000578
0.000598
0.000635
0.000658
0.000650
0.000619
0.000582
0.000551
0.000524
0.000509
0.000517
0.000543
0.000570
0.000587
0.000606
0.000639
0.000673
0.000679
0.000635
0.000557
0.000487
0.000456
0.000465
0.000497
0.000535
0.000574
0.000607
0.000620
0.000614
0.000608
0.000614
0.000616
0.000592
0.000556
0.000543
0.000563
0.000593
0.000609
0.000615
0.000622
0.000626
0.000615
0.000595
0.000581
0.000572
0.000553
0.000518
0.000475
0.000438
0.000416
0.000413
0.000428
0.000448
0.000455
0.000445
0.000433
0.000432
0.000445
0.000466
0.000492
0.000527
0.000566
0.000597
0.000610
0.000608
0.000603
0.000597
0.000583
0.000563
0.000558
0.000581
0.000622
0.000653
0.000662
0.000662
0.000658
0.000641
0.000608
0.000574
0.000558
0.000558
0.000558
0.000552
0.000543
0.000526
0.000492
0.000447
0.000402
0.000361
0.000327
0.000314
0.000340
0.000398
0.000458
0.000489
0.000486
0.000460
0.000428
0.000409
0.000419
0.000463
0.000526
0.000592
0.000652
0.000696
0.000714
0.000700
0.000670
0.000645
0.000635
0.000641
0.000657
0.000677
0.000686
0.000668
0.000624
0.000568
0.000517
0.000487
0.000483
0.000503
0.000533
0.000549
0.000535
0.000491
0.000442
0.000410
0.000404
0.000408
0.000399
0.000378
0.000368
0.000384
0.000412
0.000417
0.000380
0.000318
0.000269
0.000254
0.000262
0.000272
0.000284
0.000318
0.000376
0.000432
0.000452
0.000437
0.000418
0.000420
0.000437
0.000449
0.000449
0.000442
0.000443
0.000457
0.000481
0.000493
0.000473
0.000430
0.000395
0.000387
0.000389
0.000380
0.000359
0.000342
0.000331
0.000320
0.000313
0.000324
0.000350
0.000370
0.000375
0.000382
0.000394
0.000395
0.000376
0.000363
0.000384
0.000434
0.000482
0.000505
0.000512
0.000519
0.000532
0.000545
0.000544
0.000513
0.000452
0.000389
0.000371
0.000417
0.000499
0.000572
0.000623
0.000673
0.000738
0.000797
0.000821
0.000811
0.000800
0.000814
0.000840
0.000843
0.000811
0.000762
0.000713
0.000666
0.000614
0.000562
0.000528
0.000525
0.000549
0.000581
0.000592
0.000565
0.000505
0.000443
0.000410
0.000414
0.000449
0.000507
0.000578
0.000640
0.000667
0.000654
0.000620
0.000588
0.000563
0.000541
0.000517
0.000494
0.000472
0.000450
0.000435
0.000440
0.000478
0.000543
0.000616
0.000674
0.000702
0.000701
0.000684
0.000662
0.000638
0.000612
0.000592
0.000590
0.000606
0.000620
0.000617
0.000601
0.000588
0.000589
0.000592
0.000581
0.000550
0.000501
0.000439
0.000374
0.000322
0.000294
0.000294
0.000318
0.000359
0.000412
0.000465
0.000508
0.000538
0.000557
0.000575
0.000600
0.000631
0.000652
0.000649
0.000625
0.000597
0.000585
0.000591
0.000612
0.000645
0.000691
0.000737
0.000763
0.000757
0.000728
0.000698
0.000682
0.000676
0.000665
0.000634
0.000591
0.000565
0.000586
0.000654
0.000742
0.000814
0.000857
0.000875
0.000875
0.000856
0.000818
0.000770
0.000724
0.000681
0.000637
0.000593
0.000553
0.000529
0.000523
0.000524
0.000527
0.000541
0.000574
0.000615
0.000634
0.000619
0.000591
0.000577
0.000577
0.000566
0.000532
0.000496
0.000487
0.000515
0.000553
0.000570
0.000554
0.000528
0.000525
0.000558
0.000611
0.000657
0.000684
0.000691
0.000679
0.000646
0.000602
0.000559
0.000516
0.000461
0.000400
0.000352
0.000329
0.000315
0.000296
0.000283
0.000302
0.000358
0.000426
0.000485
0.000535
0.000588
0.000643
0.000680
0.000693
0.000691
0.000690
0.000700
0.000724
0.000759
0.000800
0.000838
0.000863
0.000859
0.000813
0.000726
0.000625
0.000555
0.000549
0.000599
0.000666
0.000711
0.000725
0.000719
0.000699
0.000665
0.000617
0.000561
0.000507
0.000476
0.000484
0.000536
0.000609
0.000674
0.000720
0.000752
0.000775
0.000780
0.000758
0.000717
0.000678
0.000659
0.000671
0.000708
0.000742
0.000738
0.000689
0.000632
0.000609
0.000626
0.000653
0.000668
0.000676
0.000690
0.000710
0.000730
0.000754
0.000784
0.000806
0.000802
0.000778
0.000761
0.000778
0.000827
0.000874
0.000881
0.000834
0.000747
0.000653
0.000573
0.000514
0.000479
0.000464
0.000457
0.000447
0.000439
0.000453
0.000497
0.000548
0.000581
0.000597
0.000621
0.000661
0.000694
0.000693
0.000661
0.000626
0.000612
0.000620
0.000637
0.000654
0.000669
0.000673
0.000653
0.000608
0.000555
0.000522
0.000514
0.000513
0.000510
0.000516
0.000550
0.000606
0.000659
0.000683
0.000674
0.000638
0.000586
0.000533
0.000493
0.000469
0.000445
0.000413
0.000378
0.000358
0.000365
0.000398
0.000451
0.000514
0.000574
0.000624
0.000653
0.000644
0.000590
0.000513
0.000450
0.000419
0.000405
0.000393
0.000395
0.000430
0.000480
0.000511
0.000515
0.000521
0.000552
0.000590
0.000606
0.000591
0.000560
0.000524
0.000487
0.000454
0.000431
0.000424
0.000432
0.000459
0.000504
0.000554
0.000586
0.000584
0.000559
0.000525
0.000491
0.000453
0.000406
0.000349
0.000287
0.000226
0.000178
0.000155
0.000170
0.000227
0.000323
0.000438
0.000545
0.000628
0.000682
0.000714
0.000727
0.000720
0.000692
0.000656
0.000631
0.000629
0.000648
0.000674
0.000692
0.000689
0.000654
0.000592
0.000526
0.000484
0.000476
0.000491
0.000523
0.000571
0.000631
0.000676
0.000683
0.000657
0.000617
0.000573
0.000523
0.000477
0.000460
0.000485
0.000534
0.000579
0.000600
0.000596
0.000573
0.000544
0.000522
0.000519
0.000530
0.000541
0.000539
0.000516
0.000479
0.000441
0.000418
0.000417
0.000436
0.000470
0.000513
0.000552
0.000578
0.000593
0.000608
0.000623
0.000627
0.000624
0.000629
0.000644
0.000652
0.000639
0.000617
0.000606
0.000610
0.000622
0.000638
0.000663
0.000691
0.000703
0.000690
0.000656
0.000609
0.000561
0.000524
0.000507
0.000501
0.000496
0.000493
0.000508
0.000544
0.000595
0.000651
0.000705
0.000734
0.000714
0.000660
0.000618
0.000617
0.000637
0.000646
0.000646
0.000669
0.000720
0.000767
0.000782
0.000767
0.000745
0.000729
0.000719
0.000713
0.000718
0.000750
0.000816
0.000893
0.000942
0.000939
0.000905
0.000886
0.000899
0.000919
0.000911
0.000867
0.000807
0.000756
0.000726
0.000716
0.000704
0.000668
0.000606
0.000545
0.000513
0.000514
0.000533
0.000553
0.000566
0.000563
0.000532
0.000484
0.000446
0.000444
0.000469
0.000490
0.000478
0.000438
0.000398
0.000379
0.000380
0.000387
0.000395
0.000410
0.000432
0.000451
0.000446
0.000411
0.000365
0.000338
0.000346
0.000380
0.000416
0.000437
0.000437
0.000422
0.000395
0.000365
0.000347
0.000353
0.000374
0.000386
0.000381
0.000377
0.000398
0.000444
0.000496
0.000543
0.000596
0.000660
0.000719
0.000751
0.000751
0.000735
0.000718
0.000705
0.000694
0.000692
0.000703
0.000726
0.000742
0.000737
0.000713
0.000685
0.000668
0.000665
0.000670
0.000677
0.000686
0.000691
0.000682
0.000653
0.000613
0.000580
0.000566
0.000575
0.000595
0.000611
0.000609
0.000582
0.000531
0.000469
0.000419
0.000400
0.000420
0.000461
0.000501
0.000534
0.000563
0.000590
0.000597
0.000568
0.000513
0.000464
0.000442
0.000443
0.000449
0.000447
0.000441
0.000439
0.000445
0.000458
0.000474
0.000484
0.000492
0.000512
0.000555
0.000611
0.000655
0.000671
0.000658
0.000626
0.000587
0.000552
0.000534
0.000530
0.000524
0.000503
0.000475
0.000455
0.000447
0.000433
0.000403
0.000365
0.000336
0.000322
0.000319
0.000323
0.000336
0.000363
0.000396
0.000419
0.000424
0.000421
0.000432
0.000466
0.000516
0.000565
0.000615
0.000671
0.000729
0.000769
0.000779
0.000768
0.000752
0.000735
0.000713
0.000681
0.000645
0.000614
0.000597
0.000597
0.000607
0.000608
0.000588
0.000558
0.000543
0.000554
0.000585
0.000626
0.000669
0.000700
0.000704
0.000679
0.000644
0.000617
0.000593
0.000558
0.000515
0.000489
0.000485
0.000478
0.000439
0.000388
0.000371
0.000410
0.000478
0.000532
0.000551
0.000541
0.000513
0.000489
0.000491
0.000520
0.000543
0.000528
0.000483
0.000449
0.000454
0.000485
0.000513
0.000519
0.000492
0.000426
0.000341
0.000277
0.000258
0.000266
0.000270
0.000270
0.000294
0.000351
0.000414
0.000454
0.000469
0.000474
0.000480
0.000484
0.000477
0.000459
0.000442
0.000441
0.000454
0.000458
0.000433
0.000391
0.000366
0.000381
0.000423
0.000470
0.000514
0.000557
0.000591
0.000614
0.000635
0.000667
0.000706
0.000729
0.000717
0.000676
0.000624
0.000576
0.000537
0.000509
0.000497
0.000507
0.000534
0.000563
0.000577
0.000568
0.000544
0.000523
0.000521
0.000547
0.000597
0.000653
0.000690
0.000696
0.000684
0.000670
0.000659
0.000648
0.000631
0.000605
0.000564
0.000508
0.000454
0.000425
0.000431
0.000461
0.000503
0.000550
0.000597
0.000627
0.000618
0.000565
0.000490
0.000435
0.000431
0.000479
0.000549
0.000605
0.000630
0.000631
0.000620
0.000605
0.000591
0.000581
0.000575
0.000576
0.000584
0.000590
0.000582
0.000565
0.000560
0.000579
0.000604
0.000609
0.000589
0.000564
0.000542
0.000516
0.000486
0.000468
0.000471
0.000482
0.000483
0.000479
0.000487
0.000509
0.000528
0.000528
0.000506
0.000472
0.000438
0.000418
0.000424
0.000455
0.000498
0.000542
0.000584
0.000622
0.000654
0.000679
0.000696
0.000708
0.000710
0.000702
0.000689
0.000676
0.000665
0.000643
0.000599
0.000536
0.000480
0.000450
0.000450
0.000471
0.000501
0.000531
0.000549
0.000550
0.000542
0.000536
0.000524
0.000494
0.000455
0.000431
0.000433
0.000444
0.000455
0.000481
0.000533
0.000586
0.000609
0.000605
0.000610
0.000643
0.000690
0.000723
0.000728
0.000699
0.000643
0.000582
0.000545
0.000552
0.000592
0.000643
0.000681
0.000685
0.000656
0.000620
0.000607
0.000619
0.000631
0.000633
0.000640
0.000659
0.000679
0.000689
0.000700
0.000719
0.000734
0.000732
0.000722
0.000716
0.000704
0.000670
0.000619
0.000569
0.000520
0.000456
0.000378
0.000313
0.000287
0.000303
0.000343
0.000387
0.000423
0.000454
0.000495
0.000551
0.000600
0.000612
0.000588
0.000560
0.000561
0.000594
0.000637
0.000669
0.000677
0.000656
0.000612
0.000568
0.000544
0.000549
0.000579
0.000614
0.000624
0.000590
0.000536
0.000508
0.000525
0.000559
0.000566
0.000540
0.000501
0.000466
0.000436
0.000414
0.000406
0.000408
0.000407
0.000400
0.000398
0.000418
0.000463
0.000516
0.000556
0.000565
0.000550
0.000537
0.000547
0.000569
0.000571
0.000535
0.000481
0.000442
0.000435
0.000454
0.000475
0.000473
0.000442
0.000409
0.000415
0.000482
0.000589
0.000683
0.000727
0.000713
0.000664
0.000611
0.000574
0.000559
0.000553
0.000542
0.000513
0.000460
0.000393
0.000336
0.000318
0.000347
0.000397
0.000434
0.000446
0.000441
0.000425
0.000393
0.000349
0.000316
0.000321
0.000361
0.000411
0.000447
0.000460
0.000451
0.000418
0.000372
0.000342
0.000353
0.000399
0.000449
0.000474
0.000477
0.000475
0.000476
0.000479
0.000488
0.000515
0.000561
0.000608
0.000629
0.000612
0.000570
0.000527
0.000502
0.000491
0.000472
0.000430
0.000377
0.000346
0.000351
0.000378
0.000398
0.000398
0.000395
0.000410
0.000446
0.000485
0.000509
0.000520
0.000533
0.000553
0.000563
0.000545
0.000505
0.000466
0.000446
0.000445
0.000451
0.000460
0.000475
0.000496
0.000512
0.000513
0.000493
0.000465
0.000453
0.000471
0.000518
0.000578
0.000641
0.000702
0.000759
0.000801
0.000823
0.000826
0.000811
0.000780
0.000739
0.000700
0.000664
0.000621
0.000570
0.000535
0.000548
0.000612
0.000688
0.000730
0.000718
0.000671
0.000631
0.000626
0.000649
0.000675
0.000683
0.000674
0.000646
0.000594
0.000521
0.000459
0.000438
0.000462
0.000504
0.000537
0.000548
0.000536
0.000503
0.000456
0.000410
0.000375
0.000352
0.000343
0.000360
0.000403
0.000455
0.000486
0.000486
0.000466
0.000454
0.000468
0.000499
0.000520
0.000522
0.000521
0.000542
0.000588
0.000640
0.000678
0.000698
0.000702
0.000700
0.000706
0.000725
0.000742
0.000735
0.000707
0.000681
0.000667
0.000652
0.000627
0.000609
0.000613
0.000628
0.000632
0.000628
0.000634
0.000643
0.000628
0.000582
0.000530
0.000494
0.000481
0.000490
0.000521
0.000562
0.000588
0.000589
0.000581
0.000579
0.000576
0.000558
0.000535
0.000531
0.000555
0.000588
0.000610
0.000615
0.000608
0.000592
0.000569
0.000544
0.000519
0.000496
0.000483
0.000495
0.000533
0.000579
0.000613
0.000633
0.000651
0.000668
0.000672
0.000659
0.000644
0.000644
0.000659
0.000673
0.000675
0.000667
0.000653
0.000634
0.000612
0.000601
0.000612
0.000639
0.000664
0.000668
0.000649
0.000620
0.000598
0.000582
0.000562
0.000527
0.000478
0.000426
0.000377
0.000330
0.000292
0.000279
0.000297
0.000328
0.000349
0.000362
0.000385
0.000426
0.000472
0.000510
0.000546
0.000584
0.000612
0.000609
0.000571
0.000526
0.000509
0.000531
0.000579
0.000632
0.000677
0.000711
0.000732
0.000736
0.000724
0.000701
0.000673
0.000644
0.000612
0.000582
0.000567
0.000581
0.000614
0.000634
0.000610
0.000546
0.000480
0.000449
0.000453
0.000468
0.000487
0.000526
0.000591
0.000659
0.000708
0.000739
0.000762
0.000768
0.000735
0.000668
0.000598
0.000552
0.000529
0.000516
0.000511
0.000518
0.000536
0.000553
0.000557
0.000542
0.000510
0.000479
0.000472
0.000500
0.000541
0.000563
0.000556
0.000538
0.000526
0.000517
0.000496
0.000465
0.000444
0.000445
0.000457
0.000466
0.000482
0.000520
0.000577
0.000630
0.000661
0.000674
0.000672
0.000655
0.000632
0.000631
0.000671
0.000733
0.000777
0.000788
0.000777
0.000758
0.000730
0.000695
0.000668
0.000661
0.000665
0.000663
0.000646
0.000614
0.000565
0.000501
0.000436
0.000396
0.000395
0.000428
0.000473
0.000501
0.000497
0.000469
0.000443
0.000432
0.000436
0.000450
0.000471
0.000489
0.000485
0.000466
0.000464
0.000500
0.000555
0.000594
0.000614
0.000629
0.000640
0.000631
0.000604
0.000585
0.000583
0.000582
0.000566
0.000555
0.000579
0.000641
0.000711
0.000754
0.000749
0.000699
0.000627
0.000564
0.000533
0.000540
0.000574
0.000618
0.000651
0.000658
0.000635
0.000591
0.000537
0.000485
0.000451
0.000447
0.000468
0.000491
0.000497
0.000486
0.000473
0.000469
0.000474
0.000483
0.000490
0.000492
0.000496
0.000514
0.000538
0.000548
0.000532
0.000505
0.000498
0.000525
0.000575
0.000620
0.000638
0.000631
0.000624
0.000653
0.000724
0.000805
0.000855
0.000856
0.000818
0.000772
0.000742
0.000740
0.000760
0.000785
0.000803
0.000811
0.000811
0.000797
0.000771
0.000750
0.000751
0.000767
0.000774
0.000766
0.000752
0.000737
0.000711
0.000671
0.000632
0.000620
0.000639
0.000672
0.000694
0.000695
0.000678
0.000657
0.000642
0.000637
0.000637
0.000642
0.000658
0.000679
0.000686
0.000665
0.000624
0.000587
0.000568
0.000559
0.000541
0.000510
0.000479
0.000462
0.000459
0.000453
0.000432
0.000406
0.000401
0.000428
0.000469
0.000492
0.000487
0.000469
0.000461
0.000467
0.000478
0.000486
0.000490
0.000499
0.000521
0.000555
0.000584
0.000596
0.000594
0.000593
0.000598
0.000603
0.000606
0.000623
0.000663
0.000716
0.000754
0.000764
0.000752
0.000731
0.000707
0.000680
0.000657
0.000645
0.000646
0.000658
0.000680
0.000701
0.000711
0.000711
0.000715
0.000733
0.000757
0.000765
0.000751
0.000725
0.000700
0.000680
0.000656
0.000614
0.000548
0.000474
0.000433
0.000456
0.000528
0.000597
0.000624
0.000606
0.000559
0.000489
0.000406
0.000338
0.000305
0.000307
0.000327
0.000360
0.000399
0.000430
0.000443
0.000452
0.000487
0.000547
0.000596
0.000599
0.000553
0.000483
0.000422
0.000404
0.000442
0.000511
0.000556
0.000553
0.000528
0.000522
0.000544
0.000576
0.000613
0.000660
0.000714
0.000747
0.000744
0.000714
0.000681
0.000654
0.000629
0.000606
0.000595
0.000601
0.000620
0.000643
0.000666
0.000688
0.000695
0.000670
0.000619
0.000581
0.000588
0.000628
0.000654
0.000639
0.000603
0.000580
0.000575
0.000576
0.000582
0.000603
0.000636
0.000665
0.000682
0.000699
0.000723
0.000742
0.000737
0.000705
0.000657
0.000613
0.000591
0.000601
0.000629
0.000649
0.000656
0.000666
0.000696
0.000734
0.000756
0.000757
0.000747
0.000725
0.000677
0.000598
0.000508
0.000437
0.000392
0.000360
0.000326
0.000297
0.000297
0.000337
0.000400
0.000453
0.000481
0.000494
0.000515
0.000556
0.000616
0.000689
0.000760
0.000809
0.000827
0.000817
0.000792
0.000759
0.000730
0.000716
0.000724
0.000740
0.000738
0.000700
0.000632
0.000557
0.000500
0.000477
0.000492
0.000527
0.000556
0.000566
0.000566
0.000578
0.000613
0.000664
0.000710
0.000733
0.000726
0.000699
0.000663
0.000626
0.000590
0.000560
0.000539
0.000533
0.000542
0.000563
0.000583
0.000581
0.000552
0.000512
0.000487
0.000488
0.000509
0.000548
0.000606
0.000674
0.000730
0.000758
0.000766
0.000765
0.000751
0.000710
0.000653
0.000611
0.000604
0.000622
0.000636
0.000631
0.000610
0.000580
0.000542
0.000504
0.000482
0.000491
0.000525
0.000560
0.000571
0.000557
0.000535
0.000532
0.000559
0.000606
0.000651
0.000673
0.000661
0.000624
0.000580
0.000548
0.000543
0.000572
0.000626
0.000675
0.000692
0.000668
0.000622
0.000579
0.000549
0.000537
0.000551
0.000595
0.000651
0.000693
0.000706
0.000694
0.000660
0.000612
0.000568
0.000547
0.000547
0.000542
0.000518
0.000485
0.000455
0.000422
0.000380
0.000353
0.000369
0.000424
0.000478
0.000500
0.000496
0.000490
0.000493
0.000504
0.000529
0.000572
0.000621
0.000654
0.000656
0.000643
0.000640
0.000657
0.000685
0.000711
0.000727
0.000729
0.000711
0.000675
0.000642
0.000637
0.000663
0.000698
0.000714
0.000707
0.000695
0.000692
0.000701
0.000728
0.000773
0.000826
0.000861
0.000862
0.000835
0.000803
0.000772
0.000731
0.000672
0.000608
0.000566
0.000566
0.000602
0.000644
0.000671
0.000684
0.000694
0.000707
0.000713
0.000706
0.000692
0.000680
0.000669
0.000647
0.000611
0.000561
0.000506
0.000452
0.000410
0.000394
0.000414
0.000465
0.000533
0.000597
0.000640
0.000657
0.000650
0.000630
0.000596
0.000548
0.000493
0.000449
0.000436
0.000458
0.000504
0.000559
0.000614
0.000665
0.000707
0.000736
0.000751
0.000752
0.000740
0.000713
0.000676
0.000633
0.000583
0.000520
0.000450
0.000396
0.000381
0.000407
0.000443
0.000453
0.000424
0.000376
0.000339
0.000332
0.000351
0.000386
0.000423
0.000447
0.000444
0.000421
0.000405
0.000419
0.000456
0.000492
0.000517
0.000544
0.000584
0.000617
0.000619
0.000588
0.000545
0.000513
0.000507
0.000531
0.000576
0.000612
0.000615
0.000591
0.000571
0.000575
0.000593
0.000602
0.000593
0.000568
0.000530
0.000491
0.000475
0.000503
0.000566
0.000634
0.000685
0.000721
0.000752
0.000784
0.000806
0.000799
0.000748
0.000657
0.000559
0.000492
0.000468
0.000463
0.000440
0.000392
0.000345
0.000329
0.000351
0.000397
0.000448
0.000496
0.000545
0.000591
0.000633
0.000665
0.000675
0.000645
0.000572
0.000485
0.000428
0.000421
0.000448
0.000480
0.000498
0.000502
0.000496
0.000490
0.000499
0.000528
0.000568
0.000609
0.000650
0.000691
0.000723
0.000734
0.000732
0.000729
0.000725
0.000711
0.000682
0.000648
0.000613
0.000569
0.000515
0.000463
0.000427
0.000417
0.000435
0.000475
0.000526
0.000575
0.000619
0.000664
0.000710
0.000753
0.000789
0.000826
0.000864
0.000887
0.000876
0.000828
0.000758
0.000690
0.000649
0.000639
0.000644
0.000642
0.000633
0.000638
0.000669
0.000711
0.000735
0.000727
0.000684
0.000609
0.000521
0.000458
0.000447
0.000471
0.000483
0.000454
0.000402
0.000364
0.000359
0.000384
0.000429
0.000486
0.000536
0.000560
0.000561
0.000558
0.000565
0.000574
0.000576
0.000578
0.000593
0.000616
0.000623
0.000606
0.000576
0.000548
0.000521
0.000488
0.000463
0.000462
0.000482
0.000505
0.000525
0.000549
0.000574
0.000589
0.000600
0.000619
0.000642
0.000638
0.000585
0.000497
0.000414
0.000360
0.000343
0.000357
0.000388
0.000418
0.000431
0.000427
0.000417
0.000410
0.000406
0.000400
0.000380
0.000341
0.000301
0.000301
0.000356
0.000436
0.000494
0.000513
0.000517
0.000531
0.000557
0.000573
0.000564
0.000533
0.000500
0.000484
0.000489
0.000501
0.000510
0.000520
0.000537
0.000556
0.000564
0.000558
0.000548
0.000538
0.000529
0.000528
0.000548
0.000590
0.000634
0.000650
0.000627
0.000578
0.000531
0.000505
0.000492
0.000472
0.000445
0.000440
0.000481
0.000563
0.000660
0.000757
0.000843
0.000893
0.000884
0.000823
0.000746
0.000678
0.000619
0.000562
0.000513
0.000478
0.000454
0.000440
0.000448
0.000484
0.000545
0.000620
0.000703
0.000775
0.000813
0.000814
0.000803
0.000808
0.000828
0.000851
0.000864
0.000863
0.000845
0.000820
0.000806
0.000802
0.000782
0.000734
0.000682
0.000659
0.000664
0.000672
0.000670
0.000667
0.000668
0.000669
0.000671
0.000681
0.000690
0.000675
0.000635
0.000596
0.000587
0.000605
0.000625
0.000627
0.000604
0.000560
0.000514
0.000493
0.000518
0.000592
0.000686
0.000759
0.000784
0.000765
0.000727
0.000686
0.000638
0.000573
0.000502
0.000445
0.000407
0.000385
0.000378
0.000394
0.000421
0.000437
0.000431
0.000411
0.000398
0.000406
0.000447
0.000516
0.000586
0.000623
0.000618
0.000597
0.000584
0.000584
0.000592
0.000614
0.000650
0.000686
0.000707
0.000722
0.000745
0.000773
0.000788
0.000786
0.000777
0.000766
0.000754
0.000744
0.000740
0.000736
0.000720
0.000696
0.000680
0.000687
0.000716
0.000758
0.000798
0.000816
0.000799
0.000754
0.000711
0.000696
0.000706
0.000718
0.000709
0.000674
0.000627
0.000591
0.000583
0.000601
0.000628
0.000649
0.000660
0.000659
0.000644
0.000618
0.000588
0.000567
0.000564
0.000590
0.000651
0.000742
0.000838
0.000916
0.000956
0.000947
0.000891
0.000817
0.000767
0.000769
0.000804
0.000834
0.000838
0.000827
0.000814
0.000799
0.000779
0.000753
0.000722
0.000681
0.000635
0.000605
0.000598
0.000597
0.000578
0.000538
0.000495
0.000462
0.000445
0.000449
0.000482
0.000539
0.000595
0.000633
0.000659
0.000689
0.000728
0.000760
0.000769
0.000755
0.000734
0.000720
0.000711
0.000700
0.000681
0.000665
0.000660
0.000657
0.000640
0.000614
0.000606
0.000630
0.000666
0.000677
0.000654
0.000623
0.000608
0.000609
0.000606
0.000587
0.000563
0.000551
0.000556
0.000572
0.000589
0.000616
0.000675
0.000770
0.000873
0.000940
0.000949
0.000913
0.000863
0.000823
0.000795
0.000771
0.000742
0.000712
0.000692
0.000687
0.000690
0.000691
0.000686
0.000681
0.000670
0.000640
0.000583
0.000516
0.000468
0.000456
0.000477
0.000514
0.000546
0.000562
0.000561
0.000546
0.000518
0.000477
0.000432
0.000397
0.000386
0.000397
0.000412
0.000411
0.000390
0.000366
0.000364
0.000390
0.000421
0.000433
0.000427
0.000429
0.000451
0.000479
0.000496
0.000505
0.000520
0.000537
0.000544
0.000541
0.000543
0.000560
0.000585
0.000612
0.000637
0.000656
0.000665
0.000669
0.000679
0.000695
0.000697
0.000671
0.000628
0.000597
0.000586
0.000588
0.000585
0.000573
0.000554
0.000532
0.000517
0.000519
0.000535
0.000549
0.000553
0.000556
0.000573
0.000604
0.000636
0.000652
0.000649
0.000629
0.000596
0.000566
0.000561
0.000597
0.000661
0.000725
0.000768
0.000787
0.000793
0.000790
0.000775
0.000739
0.000687
0.000642
0.000624
0.000632
0.000639
0.000630
0.000617
0.000618
0.000620
0.000591
0.000523
0.000450
0.000407
0.000409
0.000452
0.000529
0.000622
0.000687
0.000696
0.000660
0.000620
0.000606
0.000620
0.000651
0.000678
0.000673
0.000628
0.000574
0.000558
0.000584
0.000604
0.000580
0.000525
0.000486
0.000482
0.000498
0.000506
0.000488
0.000435
0.000356
0.000289
0.000275
0.000318
0.000382
0.000434
0.000475
0.000520
0.000575
0.000630
0.000688
0.000749
0.000798
0.000810
0.000776
0.000717
0.000657
0.000610
0.000583
0.000582
0.000600
0.000613
0.000604
0.000583
0.000579
0.000612
0.000670
0.000729
0.000770
0.000781
0.000757
0.000705
0.000648
0.000608
0.000583
0.000562
0.000541
0.000530
0.000530
0.000539
0.000557
0.000592
0.000645
0.000700
0.000742
0.000768
0.000781
0.000780
0.000768
0.000759
0.000765
0.000777
0.000784
0.000790
0.000803
0.000814
0.000801
0.000761
0.000716
0.000679
0.000639
0.000595
0.000574
0.000595
0.000627
0.000617
0.000556
0.000493
0.000464
0.000459
0.000452
0.000461
0.000511
0.000586
0.000631
0.000613
0.000556
0.000508
0.000487
0.000478
0.000466
0.000448
0.000422
0.000384
0.000334
0.000281
0.000237
0.000213
0.000216
0.000247
0.000300
0.000367
0.000440
0.000512
0.000575
0.000620
0.000651
0.000683
0.000731
0.000794
0.000858
0.000904
0.000928
0.000937
0.000936
0.000922
0.000892
0.000860
0.000842
0.000840
0.000838
0.000820
0.000788
0.000751
0.000720
0.000700
0.000685
0.000665
0.000633
0.000599
0.000589
0.000608
0.000641
0.000667
0.000685
0.000704
0.000716
0.000707
0.000674
0.000635
0.000613
0.000613
0.000619
0.000608
0.000573
0.000537
0.000533
0.000574
0.000639
0.000688
0.000700
0.000687
0.000678
0.000695
0.000727
0.000749
0.000740
0.000713
0.000696
0.000700
0.000707
0.000700
0.000682
0.000670
0.000660
0.000644
0.000621
0.000604
0.000599
0.000592
0.000573
0.000541
0.000499
0.000461
0.000448
0.000471
0.000512
0.000538
0.000541
0.000539
0.000549
0.000565
0.000574
0.000586
0.000618
0.000672
0.000740
0.000807
0.000866
0.000906
0.000917
0.000892
0.000831
0.000744
0.000664
0.000624
0.000627
0.000649
0.000665
0.000672
0.000674
0.000664
0.000641
0.000618
0.000615
0.000633
0.000669
0.000720
0.000776
0.000809
0.000805
0.000779
0.000762
0.000761
0.000758
0.000737
0.000701
0.000658
0.000615
0.000594
0.000612
0.000661
0.000706
0.000721
0.000716
0.000706
0.000695
0.000682
0.000677
0.000692
0.000720
0.000741
0.000740
0.000721
0.000691
0.000654
0.000618
0.000595
0.000595
0.000610
0.000616
0.000591
0.000534
0.000469
0.000423
0.000408
0.000415
0.000427
0.000434
0.000437
0.000445
0.000464
0.000488
0.000502
0.000501
0.000501
0.000527
0.000584
0.000657
0.000722
0.000767
0.000792
0.000801
0.000800
0.000795
0.000790
0.000784
0.000779
0.000777
0.000769
0.000742
0.000693
0.000632
0.000578
0.000544
0.000528
0.000520
0.000508
0.000494
0.000489
0.000501
0.000524
0.000553
0.000596
0.000667
0.000758
0.000841
0.000892
0.000906
0.000899
0.000883
0.000864
0.000828
0.000766
0.000688
0.000631
0.000628
0.000672
0.000723
0.000751
0.000764
0.000784
0.000823
0.000868
0.000897
0.000895
0.000857
0.000794
0.000720
0.000644
0.000570
0.000510
0.000484
0.000496
0.000532
0.000565
0.000582
0.000583
0.000579
0.000577
0.000573
0.000562
0.000545
0.000538
0.000555
0.000585
0.000602
0.000604
0.000611
0.000637
0.000676
0.000716
0.000755
0.000780
0.000778
0.000752
0.000735
0.000743
0.000759
0.000760
0.000752
0.000751
0.000749
0.000726
0.000683
0.000649
0.000631
0.000614
0.000582
0.000539
0.000494
0.000458
0.000445
0.000459
0.000487
0.000509
0.000529
0.000569
0.000631
0.000686
0.000709
0.000702
0.000678
0.000648
0.000619
0.000601
0.000593
0.000587
0.000581
0.000585
0.000600
0.000611
0.000610
0.000605
0.000597
0.000581
0.000567
0.000572
0.000599
0.000621
0.000614
0.000598
0.000606
0.000638
0.000660
0.000646
0.000599
0.000542
0.000496
0.000480
0.000501
0.000544
0.000583
0.000602
0.000601
0.000587
0.000568
0.000555
0.000556
0.000562
0.000560
0.000552
0.000556
0.000572
0.000588
0.000598
0.000620
0.000665
0.000721
0.000770
0.000805
0.000829
0.000834
0.000813
0.000774
0.000728
0.000672
0.000601
0.000523
0.000463
0.000430
0.000411
0.000395
0.000388
0.000399
0.000416
0.000421
0.000418
0.000430
0.000470
0.000526
0.000570
0.000579
0.000554
0.000511
0.000471
0.000443
0.000421
0.000390
0.000348
0.000304
0.000270
0.000247
0.000231
0.000224
0.000228
0.000239
0.000246
0.000246
0.000245
0.000250
0.000266
0.000298
0.000351
0.000418
0.000479
0.000521
0.000550
0.000588
0.000634
0.000664
0.000658
0.000623
0.000582
0.000543
0.000503
0.000473
0.000480
0.000533
0.000602
0.000643
0.000649
0.000649
0.000661
0.000668
0.000649
0.000608
0.000570
0.000544
0.000522
0.000498
0.000478
0.000468
0.000461
0.000445
0.000419
0.000397
0.000398
0.000428
0.000468
0.000485
0.000461
0.000417
0.000389
0.000389
0.000402
0.000413
0.000428
0.000456
0.000488
0.000512
0.000527
0.000532
0.000519
0.000479
0.000421
0.000363
0.000321
0.000301
0.000313
0.000367
0.000453
0.000539
0.000589
0.000594
0.000569
0.000542
0.000533
0.000552
0.000595
0.000644
0.000675
0.000671
0.000632
0.000584
0.000556
0.000559
0.000574
0.000580
0.000575
0.000572
0.000578
0.000588
0.000603
0.000631
0.000676
0.000728
0.000765
0.000775
0.000763
0.000747
0.000741
0.000748
0.000761
0.000770
0.000766
0.000747
0.000715
0.000677
0.000640
0.000606
0.000570
0.000528
0.000487
0.000460
0.000451
0.000451
0.000452
0.000451
0.000451
0.000447
0.000438
0.000429
0.000427
0.000425
0.000410
0.000374
0.000328
0.000294
0.000286
0.000305
0.000341
0.000385
0.000432
0.000477
0.000514
0.000537
0.000547
0.000544
0.000530
0.000504
0.000469
0.000434
0.000407
0.000390
0.000381
0.000376
0.000366
0.000353
0.000350
0.000373
0.000419
0.000464
0.000481
0.000468
0.000441
0.000420
0.000424
0.000458
0.000511
0.000556
0.000569
0.000552
0.000529
0.000521
0.000526
0.000532
0.000530
0.000521
0.000517
0.000535
0.000580
0.000632
0.000661
0.000655
0.000637
0.000633
0.000647
0.000659
0.000659
0.000649
0.000638
0.000627
0.000616
0.000611
0.000618
0.000635
0.000654
0.000665
0.000658
0.000631
0.000591
0.000550
0.000523
0.000507
0.000495
0.000477
0.000449
0.000421
0.000412
0.000430
0.000463
0.000486
0.000495
0.000500
0.000507
0.000505
0.000486
0.000463
0.000448
0.000428
0.000376
0.000297
0.000232
0.000218
0.000257
0.000321
0.000383
0.000432
0.000478
0.000532
0.000590
0.000635
0.000656
0.000661
0.000666
0.000668
0.000650
0.000610
0.000567
0.000540
0.000523
0.000506
0.000498
0.000512
0.000545
0.000588
0.000636
0.000688
0.000735
0.000760
0.000760
0.000749
0.000738
0.000726
0.000710
0.000687
0.000657
0.000623
0.000592
0.000569
0.000553
0.000545
0.000553
0.000580
0.000613
0.000640
0.000665
0.000695
0.000719
0.000723
0.000708
0.000689
0.000660
0.000609
0.000545
0.000499
0.000488
0.000497
0.000512
0.000542
0.000584
0.000608
0.000594
0.000563
0.000542
0.000528
0.000496
0.000442
0.000393
0.000370
0.000376
0.000413
0.000473
0.000527
0.000543
0.000529
0.000530
0.000577
0.000651
0.000716
0.000760
0.000790
0.000804
0.000790
0.000754
0.000719
0.000703
0.000705
0.000718
0.000740
0.000764
0.000785
0.000802
0.000821
0.000847
0.000879
0.000906
0.000921
0.000921
0.000913
0.000901
0.000882
0.000845
0.000787
0.000723
0.000673
0.000642
0.000621
0.000604
0.000593
0.000593
0.000604
0.000622
0.000640
0.000652
0.000652
0.000644
0.000634
0.000624
0.000613
0.000609
0.000626
0.000658
0.000681
0.000677
0.000651
0.000628
0.000622
0.000636
0.000662
0.000685
0.000686
0.000659
0.000620
0.000600
0.000608
0.000627
0.000639
0.000645
0.000649
0.000649
0.000635
0.000608
0.000579
0.000562
0.000570
0.000604
0.000655
0.000701
0.000732
0.000758
0.000787
0.000813
0.000820
0.000797
0.000740
0.000648
0.000541
0.000456
0.000428
0.000454
0.000504
0.000551
0.000589
0.000618
0.000635
0.000644
0.000654
0.000672
0.000696
0.000724
0.000748
0.000741
0.000678
0.000567
0.000463
0.000413
0.000413
0.000422
0.000413
0.000397
0.000398
0.000425
0.000461
0.000483
0.000479
0.000459
0.000444
0.000441
0.000443
0.000439
0.000427
0.000414
0.000409
0.000425
0.000477
0.000566
0.000664
0.000733
0.000755
0.000736
0.000695
0.000654
0.000637
0.000648
0.000668
0.000680
0.000689
0.000710
0.000732
0.000727
0.000683
0.000617
0.000550
0.000487
0.000440
0.000432
0.000471
0.000527
0.000565
0.000582
0.000598
0.000622
0.000640
0.000638
0.000625
0.000614
0.000610
0.000614
0.000636
0.000680
0.000738
0.000786
0.000808
0.000802
0.000783
0.000762
0.000740
0.000717
0.000699
0.000695
0.000704
0.000709
0.000696
0.000669
0.000642
0.000620
0.000602
0.000587
0.000578
0.000570
0.000561
0.000558
0.000576
0.000611
0.000646
0.000671
0.000702
0.000755
0.000822
0.000882
0.000920
0.000939
0.000938
0.000906
0.000840
0.000765
0.000717
0.000714
0.000739
0.000761
0.000767
0.000761
0.000762
0.000781
0.000818
0.000860
0.000884
0.000874
0.000826
0.000752
0.000669
0.000601
0.000573
0.000594
0.000650
0.000714
0.000761
0.000787
0.000794
0.000785
0.000771
0.000775
0.000813
0.000869
0.000900
0.000881
0.000824
0.000759
0.000704
0.000656
0.000611
0.000574
0.000554
0.000553
0.000575
0.000615
0.000663
0.000701
0.000708
0.000678
0.000620
0.000559
0.000528
0.000547
0.000611
0.000690
0.000763
0.000814
0.000829
0.000792
0.000704
0.000595
0.000498
0.000426
0.000375
0.000358
0.000389
0.000460
0.000532
0.000575
0.000596
0.000616
0.000644
0.000675
0.000705
0.000735
0.000763
0.000790
0.000819
0.000852
0.000881
0.000906
0.000944
0.001010
0.001106
0.001227
0.001375
0.001554
0.001738
0.001885
0.001960
0.001958
0.001893
0.001783
0.001659
0.001554
0.001480
0.001416
0.001328
0.001205
0.001066
0.000943
0.000858
0.000812
0.000793
0.000780
0.000757
0.000719
0.000676
0.000650
0.000654
0.000673
0.000671
0.000633
0.000585
0.000567
0.000579
0.000588
0.000575
0.000557
0.000558
0.000578
0.000598
0.000610
0.000622
0.000639
0.000663
0.000691
0.000717
0.000734
0.000738
0.000737
0.000728
0.000696
0.000643
0.000594
0.000572
0.000569
0.000565
0.000557
0.000560
0.000571
0.000570
0.000552
0.000539
0.000548
0.000564
0.000561
0.000541
0.000533
0.000563
0.000620
0.000673
0.000700
0.000710
0.000722
0.000742
0.000758
0.000762
0.000768
0.000790
0.000819
0.000826
0.000797
0.000750
0.000709
0.000683
0.000671
0.000678
0.000713
0.000771
0.000830
0.000870
0.000888
0.000889
0.000874
0.000843
0.000795
0.000736
0.000681
0.000646
0.000642
0.000661
0.000680
0.000682
0.000665
0.000642
0.000627
0.000632
0.000666
0.000723
0.000780
0.000816
0.000830
0.000843
0.000866
0.000886
0.000876
0.000829
0.000766
0.000710
0.000671
0.000651
0.000650
0.000660
0.000667
0.000664
0.000657
0.000658
0.000671
0.000685
0.000684
0.000662
0.000635
0.000635
0.000678
0.000742
0.000781
0.000779
0.000771
0.000790
0.000832
0.000865
0.000876
0.000874
0.000866
0.000840
0.000799
0.000767
0.000769
0.000812
0.000884
0.000967
0.001039
0.001083
0.001097
0.001095
0.001092
0.001092
0.001102
0.001132
0.001176
0.001217
0.001236
0.001233
0.001217
0.001199
0.001188
0.001192
0.001200
0.001185
0.001136
0.001070
0.001015
0.000983
0.000968
0.000963
0.000958
0.000951
0.000945
0.000958
0.001000
0.001054
0.001092
0.001099
0.001082
0.001060
0.001047
0.001050
0.001066
0.001082
0.001082
0.001062
0.001035
0.001023
0.001047
0.001108
0.001179
0.001224
0.001228
0.001203
0.001177
0.001167
0.001182
0.001217
0.001256
0.001273
0.001269
0.001276
0.001322
0.001390
0.001439
0.001446
0.001425
0.001397
0.001370
0.001343
0.001323
0.001319
0.001346
0.001408
0.001497
0.001589
0.001655
0.001686
0.001696
0.001708
0.001732
0.001762
0.001771
0.001737
0.001666
0.001603
0.001590
0.001630
0.001688
0.001734
0.001767
0.001798
0.001826
0.001845
0.001858
0.001865
0.001856
0.001817
0.001756
0.001689
0.001635
0.001601
0.001585
0.001582
0.001577
0.001561
0.001537
0.001515
0.001501
0.001497
0.001508
0.001531
0.001558
0.001576
0.001583
0.001583
0.001576
0.001552
0.001512
0.001473
0.001452
0.001449
0.001447
0.001438
0.001420
0.001398
0.001364
0.001315
0.001252
0.001191
0.001146
0.001125
0.001128
0.001145
0.001160
0.001157
0.001141
0.001129
0.001134
0.001142
0.001130
0.001090
0.001041
0.001006
0.000999
0.001011
0.001022
0.001008
0.000960
0.000900
0.000868
0.000880
0.000921
0.000961
0.000988
0.001009
0.001028
0.001036
0.001027
0.001007
0.000986
0.000975
0.000978
0.000991
0.001000
0.000988
0.000947
0.000897
0.000867
0.000868
0.000882
0.000888
0.000890
0.000904
0.000925
0.000929
0.000908
0.000885
0.000891
0.000919
0.000934
0.000915
0.000878
0.000848
0.000838
0.000848
0.000874
0.000905
0.000931
0.000949
0.000960
0.000956
0.000924
0.000872
0.000827
0.000806
0.000797
0.000775
0.000737
0.000707
0.000716
0.000775
0.000871
0.000969
0.001031
0.001049
0.001045
0.001040
0.001027
0.000987
0.000927
0.000870
0.000835
0.000818
0.000812
0.000819
0.000838
0.000860
0.000883
0.000912
0.000949
0.000978
0.000982
0.000958
0.000918
0.000871
0.000824
0.000788
0.000770
0.000777
0.000807
0.000849
0.000886
0.000898
0.000877
0.000833
0.000783
0.000742
0.000716
0.000706
0.000717
0.000755
0.000812
0.000867
0.000896
0.000895
0.000881
0.000864
0.000839
0.000795
0.000740
0.000687
0.000635
0.000576
0.000520
0.000494
0.000516
0.000570
0.000631
0.000684
0.000726
0.000756
0.000769
0.000774
0.000779
0.000781
0.000766
0.000732
0.000698
0.000681
0.000678
0.000677
0.000678
0.000688
0.000709
0.000729
0.000743
0.000751
0.000762
0.000773
0.000775
0.000763
0.000739
0.000709
0.000678
0.000643
0.000605
0.000567
0.000536
0.000517
0.000515
0.000534
0.000576
0.000632
0.000685
0.000716
0.000720
0.000703
0.000683
0.000675
0.000687
0.000719
0.000761
0.000797
0.000823
0.000846
0.000870
0.000878
0.000855
0.000804
0.000751
0.000707
0.000669
0.000628
0.000590
0.000570
0.000567
0.000574
0.000590
0.000613
0.000629
0.000618
0.000577
0.000527
0.000492
0.000483
0.000499
0.000538
0.000592
0.000645
0.000675
0.000677
0.000665
0.000653
0.000651
0.000653
0.000647
0.000623
0.000585
0.000552
0.000543
0.000562
0.000596
0.000632
0.000665
0.000697
0.000720
0.000722
0.000696
0.000655
0.000616
0.000583
0.000549
0.000511
0.000483
0.000484
0.000509
0.000535
0.000549
0.000559
0.000578
0.000600
0.000613
0.000615
0.000615
0.000616
0.000607
0.000591
0.000589
0.000615
0.000649
0.000658
0.000628
0.000581
0.000545
0.000528
0.000530
0.000551
0.000589
0.000618
0.000610
0.000566
0.000507
0.000457
0.000418
0.000389
0.000380
0.000397
0.000429
0.000461
0.000491
0.000531
0.000580
0.000621
0.000634
0.000622
0.000600
0.000585
0.000587
0.000607
0.000632
0.000642
0.000627
0.000602
0.000597
0.000628
0.000682
0.000732
0.000758
0.000762
0.000755
0.000747
0.000741
0.000738
0.000737
0.000739
0.000755
0.000790
0.000828
0.000832
0.000769
0.000645
0.000510
0.000413
0.000368
0.000362
0.000379
0.000410
0.000438
0.000451
0.000454
0.000467
0.000493
0.000508
0.000489
0.000450
0.000419
0.000412
0.000426
0.000460
0.000516
0.000585
0.000643
0.000669
0.000670
0.000670
0.000682
0.000702
0.000717
0.000726
0.000730
0.000728
0.000715
0.000695
0.000676
0.000669
0.000685
0.000723
0.000770
0.000798
0.000784
0.000731
0.000666
0.000613
0.000571
0.000527
0.000483
0.000466
0.000499
0.000576
0.000657
0.000704
0.000712
0.000700
0.000694
0.000704
0.000729
0.000766
0.000808
0.000846
0.000862
0.000843
0.000787
0.000714
0.000646
0.000606
0.000600
0.000627
0.000677
0.000740
0.000801
0.000847
0.000875
0.000894
0.000907
0.000902
0.000865
0.000804
0.000750
0.000730
0.000737
0.000734
0.000698
0.000636
0.000581
0.000559
0.000574
0.000602
0.000618
0.000616
0.000606
0.000592
0.000571
0.000547
0.000537
0.000557
0.000592
0.000609
0.000592
0.000550
0.000510
0.000489
0.000493
0.000520
0.000564
0.000616
0.000655
0.000656
0.000606
0.000525
0.000465
0.000462
0.000505
0.000552
0.000577
0.000592
0.000623
0.000677
0.000737
0.000778
0.000792
0.000794
0.000805
0.000829
0.000849
0.000849
0.000837
0.000827
0.000816
0.000797
0.000778
0.000774
0.000776
0.000756
0.000706
0.000649
0.000613
0.000603
0.000605
0.000603
0.000583
0.000545
0.000516
0.000534
0.000601
0.000678
0.000724
0.000735
0.000721
0.000691
0.000661
0.000661
0.000702
0.000751
0.000763
0.000734
0.000687
0.000639
0.000592
0.000564
0.000574
0.000603
0.000600
0.000538
0.000438
0.000342
0.000275
0.000248
0.000266
0.000314
0.000363
0.000393
0.000418
0.000461
0.000527
0.000598
0.000651
0.000675
0.000669
0.000648
0.000624
0.000602
0.000578
0.000556
0.000551
0.000567
0.000582
0.000576
0.000547
0.000512
0.000483
0.000464
0.000461
0.000476
0.000498
0.000506
0.000484
0.000445
0.000423
0.000448
0.000520
0.000605
0.000666
0.000687
0.000675
0.000642
0.000595
0.000549
0.000516
0.000493
0.000459
0.000409
0.000367
0.000355
0.000373
0.000399
0.000423
0.000451
0.000487
0.000528
0.000565
0.000590
0.000594
0.000581
0.000572
0.000580
0.000604
0.000624
0.000634
0.000642
0.000657
0.000671
0.000667
0.000640
0.000598
0.000555
0.000521
0.000505
0.000512
0.000537
0.000568
0.000585
0.000583
0.000580
0.000596
0.000630
0.000663
0.000680
0.000688
0.000699
0.000710
0.000705
0.000676
0.000634
0.000597
0.000574
0.000568
0.000570
0.000566
0.000541
0.000494
0.000451
0.000447
0.000496
0.000578
0.000653
0.000702
0.000732
0.000762
0.000793
0.000817
0.000835
0.000855
0.000874
0.000876
0.000848
0.000795
0.000732
0.000679
0.000654
0.000662
0.000681
0.000679
0.000647
0.000609
0.000592
0.000602
0.000631
0.000676
0.000720
0.000739
0.000720
0.000683
0.000652
0.000630
0.000604
0.000582
0.000585
0.000613
0.000634
0.000626
0.000596
0.000561
0.000524
0.000479
0.000438
0.000427
0.000460
0.000517
0.000557
0.000555
0.000520
0.000489
0.000487
0.000519
0.000575
0.000646
0.000723
0.000785
0.000813
0.000805
0.000772
0.000722
0.000659
0.000595
0.000545
0.000514
0.000492
0.000468
0.000440
0.000417
0.000416
0.000447
0.000501
0.000549
0.000562
0.000549
0.000537
0.000544
0.000559
0.000562
0.000547
0.000532
0.000533
0.000552
0.000577
0.000597
0.000609
0.000621
0.000634
0.000644
0.000646
0.000640
0.000625
0.000595
0.000558
0.000537
0.000543
0.000560
0.000564
0.000552
0.000542
0.000540
0.000539
0.000537
0.000540
0.000546
0.000540
0.000518
0.000497
0.000499
0.000519
0.000538
0.000530
0.000485
0.000414
0.000352
0.000336
0.000369
0.000421
0.000459
0.000478
0.000495
0.000524
0.000566
0.000612
0.000644
0.000651
0.000643
0.000646
0.000683
0.000744
0.000800
0.000823
0.000809
0.000771
0.000732
0.000704
0.000689
0.000684
0.000687
0.000693
0.000690
0.000674
0.000656
0.000648
0.000642
0.000627
0.000613
0.000616
0.000625
0.000617
0.000591
0.000586
0.000630
0.000699
0.000748
0.000748
0.000710
0.000662
0.000627
0.000614
0.000607
0.000586
0.000562
0.000564
0.000601
0.000647
0.000673
0.000676
0.000663
0.000624
0.000560
0.000505
0.000501
0.000552
0.000626
0.000694
0.000744
0.000773
0.000780
0.000779
0.000783
0.000782
0.000757
0.000716
0.000681
0.000660
0.000638
0.000610
0.000589
0.000579
0.000568
0.000551
0.000544
0.000553
0.000568
0.000570
0.000560
0.000545
0.000529
0.000510
0.000488
0.000461
0.000433
0.000418
0.000431
0.000465
0.000487
0.000470
0.000425
0.000382
0.000362
0.000369
0.000394
0.000434
0.000486
0.000539
0.000584
0.000612
0.000625
0.000636
0.000647
0.000640
0.000597
0.000530
0.000473
0.000448
0.000442
0.000436
0.000429
0.000435
0.000455
0.000480
0.000506
0.000540
0.000589
0.000647
0.000696
0.000718
0.000715
0.000712
0.000732
0.000769
0.000797
0.000803
0.000802
0.000807
0.000811
0.000799
0.000772
0.000741
0.000706
0.000668
0.000641
0.000643
0.000677
0.000727
0.000774
0.000804
0.000812
0.000800
0.000783
0.000770
0.000748
0.000704
0.000648
0.000603
0.000577
0.000558
0.000545
0.000557
0.000604
0.000665
0.000710
0.000726
0.000727
0.000730
0.000741
0.000752
0.000749
0.000729
0.000698
0.000672
0.000661
0.000670
0.000695
0.000726
0.000748
0.000749
0.000729
0.000702
0.000680
0.000668
0.000672
0.000696
0.000739
0.000790
0.000840
0.000886
0.000928
0.000953
0.000942
0.000892
0.000829
0.000791
0.000790
0.000800
0.000789
0.000746
0.000686
0.000628
0.000582
0.000558
0.000561
0.000592
0.000634
0.000669
0.000690
0.000696
0.000684
0.000656
0.000619
0.000587
0.000566
0.000549
0.000529
0.000510
0.000500
0.000502
0.000506
0.000496
0.000462
0.000415
0.000379
0.000376
0.000405
0.000451
0.000491
0.000510
0.000515
0.000524
0.000558
0.000615
0.000671
0.000698
0.000689
0.000661
0.000625
0.000586
0.000545
0.000515
0.000509
0.000526
0.000559
0.000606
0.000671
0.000752
0.000825
0.000867
0.000876
0.000875
0.000883
0.000903
0.000923
0.000942
0.000963
0.000978
0.000964
0.000915
0.000857
0.000818
0.000801
0.000787
0.000768
0.000753
0.000749
0.000752
0.000748
0.000724
0.000673
0.000597
0.000519
0.000466
0.000452
0.000473
0.000520
0.000579
0.000632
0.000656
0.000646
0.000630
0.000644
0.000690
0.000741
0.000767
0.000768
0.000755
0.000739
0.000721
0.000706
0.000693
0.000675
0.000638
0.000577
0.000513
0.000472
0.000468
0.000490
0.000518
0.000543
0.000569
0.000601
0.000642
0.000694
0.000753
0.000814
0.000861
0.000873
0.000841
0.000774
0.000697
0.000635
0.000601
0.000592
0.000602
0.000614
0.000618
0.000611
0.000603
0.000596
0.000576
0.000538
0.000502
0.000493
0.000511
0.000526
0.000525
0.000532
0.000570
0.000620
0.000641
0.000619
0.000579
0.000553
0.000556
0.000582
0.000622
0.000656
0.000670
0.000666
0.000663
0.000669
0.000678
0.000688
0.000699
0.000707
0.000693
0.000649
0.000599
0.000581
0.000613
0.000682
0.000756
0.000808
0.000825
0.000812
0.000790
0.000776
0.000777
0.000793
0.000813
0.000823
0.000804
0.000753
0.000684
0.000617
0.000561
0.000514
0.000480
0.000460
0.000444
0.000421
0.000400
0.000404
0.000446
0.000514
0.000586
0.000650
0.000701
0.000733
0.000734
0.000699
0.000634
0.000551
0.000465
0.000397
0.000374
0.000404
0.000463
0.000508
0.000519
0.000509
0.000503
0.000509
0.000517
0.000523
0.000528
0.000536
0.000545
0.000559
0.000583
0.000617
0.000651
0.000686
0.000724
0.000762
0.000790
0.000804
0.000813
0.000825
0.000831
0.000822
0.000797
0.000765
0.000731
0.000700
0.000671
0.000646
0.000630
0.000622
0.000618
0.000603
0.000574
0.000551
0.000557
0.000597
0.000640
0.000657
0.000644
0.000625
0.000624
0.000643
0.000661
0.000652
0.000614
0.000575
0.000571
0.000603
0.000642
0.000661
0.000657
0.000636
0.000598
0.000549
0.000507
0.000490
0.000494
0.000507
0.000529
0.000569
0.000632
0.000709
0.000786
0.000848
0.000882
0.000889
0.000884
0.000880
0.000874
0.000861
0.000857
0.000882
0.000934
0.000989
0.001035
0.001069
0.001091
0.001093
0.001078
0.001066
0.001079
0.001131
0.001222
0.001336
0.001445
0.001534
0.001619
0.001730
0.001874
0.002026
0.002158
0.002271
0.002372
0.002463
0.002538
0.002594
0.002625
0.002628
0.002610
0.002592
0.002584
0.002577
0.002556
0.002522
0.002482
0.002436
0.002380
0.002312
0.002225
0.002116
0.001994
0.001885
0.001802
0.001733
0.001663
0.001592
0.001526
0.001465
0.001409
0.001365
0.001344
0.001341
0.001345
0.001365
0.001417
0.001495
0.001563
0.001601
0.001623
0.001661
0.001731
0.001827
0.001940
0.002069
0.002219
0.002389
0.002565
0.002740
0.002928
0.003155
0.003436
0.003756
0.004091
0.004441
0.004831
0.005274
0.005746
0.006199
0.006598
0.006929
0.007187
0.007352
0.007394
0.007294
0.007064
0.006736
0.006349
0.005937
0.005531
0.005153
0.004794
0.004430
0.004046
0.003663
0.003316
0.003020
0.002766
0.002541
0.002341
0.002169
0.002025
0.001906
0.001800
0.001690
0.001578
0.001487
0.001440
0.001421
0.001390
0.001330
0.001263
0.001221
0.001213
0.001223
0.001241
0.001263
0.001284
0.001297
0.001291
0.001259
0.001200
0.001131
0.001076
0.001045
0.001015
0.000970
0.000924
0.000904
0.000916
0.000942
0.000974
0.001019
0.001070
0.001103
0.001107
0.001100
0.001106
0.001118
0.001111
0.001080
0.001043
0.001014
0.000993
0.000966
0.000933
0.000904
0.000887
0.000879
0.000867
0.000841
0.000803
0.000765
0.000740
0.000728
0.000717
0.000700
0.000682
0.000670
0.000675
0.000699
0.000739
0.000780
0.000809
0.000818
0.000812
0.000799
0.000784
0.000774
0.000771
0.000770
0.000761
0.000749
0.000747
0.000764
0.000792
0.000820
0.000850
0.000887
0.000920
0.000934
0.000933
0.000934
0.000944
0.000944
0.000920
0.000876
0.000829
0.000784
0.000736
0.000687
0.000656
0.000654
0.000678
0.000713
0.000742
0.000761
0.000770
0.000775
0.000789
0.000820
0.000863
0.000904
0.000923
0.000905
0.000853
0.000782
0.000715
0.000663
0.000627
0.000602
0.000582
0.000562
0.000545
0.000544
0.000568
0.000611
0.000646
0.000646
0.000610
0.000563
0.000539
0.000550
0.000583
0.000610
0.000617
0.000612
0.000608
0.000605
0.000593
0.000575
0.000571
0.000597
0.000645
0.000688
0.000713
0.000728
0.000746
0.000762
0.000764
0.000750
0.000734
0.000720
0.000702
0.000681
0.000680
0.000718
0.000781
0.000832
0.000846
0.000839
0.000832
0.000828
0.000813
0.000786
0.000756
0.000721
0.000674
0.000620
0.000578
0.000554
0.000536
0.000512
0.000489
0.000485
0.000501
0.000521
0.000534
0.000543
0.000552
0.000562
0.000571
0.000577
0.000580
0.000580
0.000573
0.000555
0.000525
0.000497
0.000493
0.000522
0.000565
0.000596
0.000606
0.000609
0.000614
0.000611
0.000597
0.000586
0.000600
0.000646
0.000715
0.000791
0.000855
0.000890
0.000889
0.000876
0.000876
0.000892
0.000896
0.000865
0.000813
0.000778
0.000786
0.000831
0.000894
0.000960
0.001034
0.001115
0.001191
0.001246
0.001281
0.001312
0.001353
0.001398
0.001431
0.001454
0.001485
0.001529
0.001566
0.001565
0.001525
0.001484
0.001486
0.001544
0.001629
0.001693
0.001712
0.001689
0.001643
0.001580
0.001501
0.001414
0.001335
0.001276
0.001234
0.001201
0.001169
0.001128
0.001061
0.000964
0.000857
0.000779
0.000751
0.000760
0.000778
0.000789
0.000802
0.000830
0.000870
0.000907
0.000926
0.000922
0.000897
0.000857
0.000819
0.000803
0.000820
0.000851
0.000865
0.000846
0.000809
0.000782
0.000777
0.000782
0.000781
0.000761
0.000718
0.000663
0.000620
0.000599
0.000585
0.000552
0.000504
0.000477
0.000490
0.000526
0.000559
0.000593
0.000647
0.000721
0.000789
0.000835
0.000876
0.000938
0.001010
0.001050
0.001024
0.000950
0.000877
0.000841
0.000834
0.000827
0.000801
0.000764
0.000732
0.000719
0.000726
0.000738
0.000729
0.000689
0.000640
0.000621
0.000639
0.000670
0.000691
0.000708
0.000731
0.000758
0.000774
0.000778
0.000768
0.000737
0.000692
0.000653
0.000636
0.000631
0.000620
0.000609
0.000610
0.000608
0.000575
0.000515
0.000467
0.000459
0.000477
0.000496
0.000513
0.000536
0.000563
0.000591
0.000625
0.000669
0.000705
0.000721
0.000723
0.000734
0.000758
0.000786
0.000805
0.000809
0.000793
0.000757
0.000714
0.000678
0.000645
0.000603
0.000562
0.000551
0.000586
0.000641
0.000671
0.000655
0.000607
0.000556
0.000527
0.000532
0.000560
0.000590
0.000605
0.000609
0.000618
0.000638
0.000659
0.000662
0.000647
0.000627
0.000612
0.000599
0.000586
0.000577
0.000577
0.000584
0.000596
0.000611
0.000628
0.000635
0.000615
0.000570
0.000522
0.000492
0.000477
0.000466
0.000463
0.000477
0.000507
0.000539
0.000569
0.000601
0.000633
0.000652
0.000651
0.000633
0.000611
0.000594
0.000589
0.000604
0.000635
0.000661
0.000657
0.000622
0.000579
0.000550
0.000536
0.000525
0.000510
0.000494
0.000472
0.000437
0.000389
0.000344
0.000319
0.000320
0.000334
0.000348
0.000352
0.000349
0.000349
0.000364
0.000391
0.000414
0.000421
0.000412
0.000396
0.000384
0.000392
0.000431
0.000489
0.000531
0.000536
0.000520
0.000516
0.000529
0.000530
0.000499
0.000450
0.000413
0.000407
0.000435
0.000503
0.000607
0.000719
0.000805
0.000847
0.000850
0.000826
0.000785
0.000738
0.000701
0.000691
0.000719
0.000783
0.000857
0.000912
0.000937
0.000947
0.000953
0.000943
0.000907
0.000862
0.000840
0.000851
0.000864
0.000852
0.000824
0.000808
0.000825
0.000864
0.000893
0.000890
0.000853
0.000802
0.000757
0.000717
0.000671
0.000617
0.000572
0.000554
0.000577
0.000640
0.000724
0.000795
0.000828
0.000836
0.000849
0.000881
0.000908
0.000904
0.000869
0.000823
0.000787
0.000770
0.000776
0.000798
0.000816
0.000813
0.000787
0.000751
0.000722
0.000705
0.000702
0.000707
0.000716
0.000729
0.000744
0.000746
0.000716
0.000656
0.000597
0.000569
0.000566
0.000562
0.000545
0.000528
0.000528
0.000545
0.000571
0.000605
0.000645
0.000687
0.000726
0.000754
0.000760
0.000737
0.000691
0.000639
0.000595
0.000563
0.000541
0.000531
0.000531
0.000530
0.000524
0.000528
0.000563
0.000630
0.000700
0.000744
0.000762
0.000783
0.000828
0.000881
0.000908
0.000896
0.000873
0.000877
0.000912
0.000950
0.000969
0.000974
0.000981
0.000981
0.000945
0.000862
0.000765
0.000706
0.000714
0.000778
0.000865
0.000950
0.001024
0.001083
0.001124
0.001144
0.001137
0.001114
0.001096
0.001094
0.001090
0.001053
0.000983
0.000918
0.000892
0.000903
0.000913
0.000901
0.000873
0.000840
0.000804
0.000764
0.000720
0.000676
0.000631
0.000584
0.000532
0.000463
0.000372
0.000278
0.000217
0.000212
0.000252
0.000312
0.000381
0.000451
0.000507
0.000540
0.000555
0.000566
0.000572
0.000566
0.000559
0.000574
0.000618
0.000667
0.000697
0.000701
0.000695
0.000690
0.000679
0.000658
0.000634
0.000623
0.000625
0.000623
0.000608
0.000602
0.000634
0.000702
0.000760
0.000775
0.000762
0.000754
0.000757
0.000746
0.000711
0.000671
0.000643
0.000623
0.000599
0.000579
0.000579
0.000595
0.000603
0.000584
0.000550
0.000524
0.000519
0.000526
0.000527
0.000524
0.000531
0.000551
0.000566
0.000563
0.000551
0.000559
0.000593
0.000635
0.000666
0.000676
0.000661
0.000621
0.000576
0.000564
0.000603
0.000667
0.000714
0.000734
0.000752
0.000785
0.000818
0.000824
0.000797
0.000753
0.000705
0.000648
0.000586
0.000534
0.000508
0.000505
0.000509
0.000513
0.000523
0.000547
0.000577
0.000605
0.000622
0.000623
0.000602
0.000572
0.000565
0.000604
0.000671
0.000733
0.000772
0.000804
0.000839
0.000866
0.000874
0.000874
0.000885
0.000916
0.000956
0.000994
0.001020
0.001036
0.001048
0.001068
0.001099
0.001137
0.001179
0.001233
0.001306
0.001384
0.001442
0.001470
0.001482
0.001500
0.001544
0.001620
0.001732
0.001872
0.002033
0.002207
0.002392
0.002599
0.002848
0.003153
0.003511
0.003910
0.004338
0.004791
0.005272
0.005777
0.006305
0.006853
0.007409
0.007953
0.008467
0.008938
0.009357
0.009710
0.009987
0.010175
0.010268
0.010260
0.010164
0.010001
0.009782
0.009494
0.009115
0.008649
0.008120
0.007559
0.006982
0.006395
0.005798
0.005199
0.004616
0.004082
0.003624
0.003243
0.002920
0.002642
0.002408
0.002215
0.002056
0.001919
0.001805
0.001715
0.001643
0.001573
0.001488
0.001384
0.001267
0.001149
0.001040
0.000945
0.000872
0.000828
0.000816
0.000827
0.000841
0.000848
0.000843
0.000833
0.000827
0.000833
0.000856
0.000884
0.000905
0.000917
0.000929
0.000943
0.000955
0.000956
0.000950
0.000944
0.000940
0.000933
0.000921
0.000898
0.000861
0.000804
0.000733
0.000666
0.000630
0.000639
0.000677
0.000709
0.000722
0.000732
0.000761
0.000797
0.000812
0.000800
0.000779
0.000761
0.000736
0.000703
0.000687
0.000712
0.000773
0.000840
0.000888
0.000912
0.000915
0.000908
0.000896
0.000875
0.000836
0.000783
0.000739
0.000722
0.000717
0.000703
0.000689
0.000705
0.000761
0.000827
0.000872
0.000894
0.000909
0.000927
0.000944
0.000964
0.000989
0.001015
0.001022
0.000997
0.000948
0.000904
0.000886
0.000896
0.000911
0.000918
0.000916
0.000918
0.000922
0.000909
0.000865
0.000803
0.000752
0.000733
0.000744
0.000764
0.000770
0.000757
0.000746
0.000760
0.000800
0.000847
0.000880
0.000894
0.000893
0.000880
0.000865
0.000867
0.000896
0.000934
0.000952
0.000939
0.000912
0.000891
0.000876
0.000865
0.000861
0.000863
0.000857
0.000833
0.000805
0.000796
0.000815
0.000848
0.000875
0.000887
0.000884
0.000870
0.000844
0.000809
0.000767
0.000734
0.000726
0.000745
0.000759
0.000736
0.000680
0.000630
0.000612
0.000612
0.000609
0.000602
0.000601
0.000597
0.000575
0.000542
0.000529
0.000563
0.000640
0.000733
0.000809
0.000843
0.000833
0.000801
0.000774
0.000757
0.000738
0.000719
0.000721
0.000756
0.000807
0.000850
0.000874
0.000886
0.000897
0.000909
0.000915
0.000907
0.000889
0.000875
0.000878
0.000894
0.000899
0.000877
0.000826
0.000759
0.000694
0.000650
0.000641
0.000659
0.000676
0.000673
0.000659
0.000657
0.000671
0.000683
0.000675
0.000640
0.000588
0.000539
0.000512
0.000513
0.000528
0.000534
0.000527
0.000517
0.000525
0.000561
0.000617
0.000673
0.000703
0.000696
0.000664
0.000629
0.000608
0.000607
0.000628
0.000667
0.000714
0.000755
0.000782
0.000792
0.000778
0.000742
0.000699
0.000669
0.000650
0.000627
0.000597
0.000583
0.000612
0.000683
0.000771
0.000862
0.000956
0.001058
0.001153
0.001215
0.001225
0.001195
0.001151
0.001117
0.001088
0.001054
0.001010
0.000962
0.000918
0.000879
0.000850
0.000837
0.000836
0.000831
0.000812
0.000775
0.000720
0.000652
0.000591
0.000557
0.000560
0.000584
0.000614
0.000648
0.000692
0.000747
0.000799
0.000840
0.000873
0.000902
0.000929
0.000943
0.000932
0.000898
0.000858
0.000823
0.000791
0.000749
0.000695
0.000641
0.000594
0.000559
0.000548
0.000578
0.000645
0.000714
0.000749
0.000751
0.000741
0.000736
0.000732
0.000728
0.000734
0.000760
0.000804
0.000856
0.000905
0.000940
0.000960
0.000975
0.000995
0.001017
0.001029
0.001023
0.000994
0.000938
0.000863
0.000792
0.000743
0.000719
0.000713
0.000721
0.000747
0.000789
0.000841
0.000906
0.000977
0.001029
0.001038
0.001014
0.000999
0.001013
0.001036
0.001045
0.001048
0.001056
0.001052
0.001013
0.000949
0.000903
0.000905
0.000947
0.001006
0.001067
0.001127
0.001173
0.001191
0.001171
0.001127
0.001081
0.001049
0.001031
0.001017
0.001006
0.001011
0.001036
0.001063
0.001072
0.001054
0.001020
0.000983
0.000950
0.000929
0.000922
0.000924
0.000923
0.000917
0.000908
0.000895
0.000874
0.000848
0.000815
0.000768
0.000705
0.000642
0.000613
0.000631
0.000671
0.000699
0.000699
0.000684
0.000676
0.000692
0.000730
0.000775
0.000807
0.000827
0.000850
0.000885
0.000920
0.000936
0.000932
0.000926
0.000934
0.000951
0.000961
0.000955
0.000937
0.000921
0.000912
0.000907
0.000907
0.000930
0.000993
0.001079
0.001144
0.001157
0.001130
0.001097
0.001072
0.001058
0.001060
0.001082
0.001110
0.001118
0.001095
0.001054
0.001012
0.000977
0.000951
0.000934
0.000926
0.000922
0.000925
0.000941
0.000964
0.000973
0.000957
0.000928
0.000903
0.000890
0.000887
0.000900
0.000935
0.000984
0.001033
0.001078
0.001123
0.001166
0.001188
0.001176
0.001135
0.001081
0.001027
0.000974
0.000925
0.000881
0.000846
0.000816
0.000787
0.000763
0.000756
0.000767
0.000788
0.000808
0.000817
0.000813
0.000793
0.000765
0.000748
0.000755
0.000782
0.000813
0.000839
0.000855
0.000849
0.000817
0.000775
0.000754
0.000775
0.000829
0.000901
0.000980
0.001055
0.001107
0.001131
0.001143
0.001157
0.001168
0.001167
0.001159
0.001155
0.001159
0.001167
0.001182
0.001209
0.001255
0.001326
0.001426
0.001536
0.001610
0.001620
0.001583
0.001542
0.001518
0.001497
0.001470
0.001459
0.001490
0.001560
0.001634
0.001664
0.001620
0.001518
0.001419
0.001389
0.001441
0.001526
0.001584
0.001592
0.001563
0.001527
0.001508
0.001523
0.001570
0.001634
0.001697
0.001758
0.001817
0.001869
0.001908
0.001940
0.001976
0.002020
0.002066
0.002106
0.002131
0.002131
0.002103
0.002056
0.002009
0.001975
0.001951
0.001920
0.001878
0.001838
0.001819
0.001823
0.001833
0.001833
0.001825
0.001819
0.001814
0.001803
0.001796
0.001811
0.001848
0.001884
0.001899
0.001900
0.001898
0.001897
0.001896
0.001897
0.001892
0.001855
0.001774
0.001667
0.001574
0.001516
0.001488
0.001473
0.001461
0.001450
0.001440
0.001438
0.001452
0.001477
0.001500
0.001506
0.001492
0.001477
0.001483
0.001519
0.001570
0.001606
0.001609
0.001584
0.001541
0.001495
0.001464
0.001462
0.001481
0.001497
0.001502
0.001517
0.001557
0.001609
0.001648
0.001677
0.001718
0.001777
0.001846
0.001918
0.001984
0.002017
0.002000
0.001954
0.001933
0.001959
0.002002
0.002020
0.002006
0.001978
0.001942
0.001893
0.001834
0.001778
0.001735
0.001701
0.001672
0.001645
0.001616
0.001589
0.001571
0.001556
0.001523
0.001459
0.001380
0.001320
0.001299
0.001313
0.001340
0.001357
0.001350
0.001326
0.001302
0.001290
0.001279
0.001261
0.001250
0.001266
0.001302
0.001323
0.001312
0.001280
0.001249
0.001215
0.001169
0.001122
0.001098
0.001099
0.001099
0.001080
0.001054
0.001045
0.001048
0.001039
0.001010
0.000984
0.000984
0.001001
0.001009
0.000994
0.000973
0.000968
0.000987
0.001016
0.001044
0.001070
0.001102
0.001142
0.001181
0.001200
0.001192
0.001173
0.001165
0.001178
0.001206
0.001235
0.001251
0.001240
0.001198
0.001146
0.001111
0.001105
0.001115
0.001121
0.001120
0.001117
0.001105
0.001071
0.001015
0.000958
0.000927
0.000926
0.000936
0.000945
0.000967
0.001022
0.001110
0.001199
0.001257
0.001273
0.001255
0.001218
0.001175
0.001147
0.001144
0.001161
0.001183
0.001211
0.001252
0.001288
0.001296
0.001278
0.001269
0.001295
0.001338
0.001360
0.001352
0.001341
0.001362
0.001424
0.001513
0.001595
0.001639
0.001631
0.001588
0.001544
0.001528
0.001548
0.001588
0.001615
0.001597
0.001529
0.001433
0.001336
0.001254
0.001199
0.001168
0.001137
0.001078
0.000992
0.000912
0.000861
0.000831
0.000808
0.000802
0.000832
0.000890
0.000948
0.000993
0.001032
0.001061
0.001070
0.001058
0.001039
0.001021
0.001001
0.000981
0.000977
0.000997
0.001030
0.001061
0.001085
0.001108
0.001139
0.001182
0.001236
0.001292
0.001344
0.001397
0.001455
0.001508
0.001536
0.001530
0.001492
0.001430
0.001350
0.001267
0.001193
0.001127
0.001061
0.001000
0.000957
0.000932
0.000913
0.000900
0.000902
0.000913
0.000914
0.000892
0.000862
0.000833
0.000800
0.000766
0.000755
0.000785
0.000844
0.000899
0.000935
0.000955
0.000957
0.000937
0.000900
0.000872
0.000872
0.000897
0.000924
0.000935
0.000933
0.000938
0.000965
0.000991
0.000980
0.000920
0.000840
0.000785
0.000771
0.000787
0.000816
0.000846
0.000865
0.000866
0.000852
0.000829
0.000808
0.000801
0.000825
0.000882
0.000951
0.001001
0.001023
0.001020
0.000992
0.000933
0.000853
0.000781
0.000746
0.000750
0.000775
0.000799
0.000806
0.000798
0.000791
0.000802
0.000837
0.000883
0.000928
0.000966
0.000999
0.001031
0.001067
0.001110
0.001143
0.001148
0.001121
0.001078
0.001038
0.001008
0.000993
0.001005
0.001049
0.001103
0.001134
0.001121
0.001075
0.001023
0.000988
0.000973
0.000967
0.000960
0.000957
0.000971
0.001006
0.001054
0.001103
0.001150
0.001198
0.001241
0.001269
0.001282
0.001285
0.001287
0.001290
0.001301
0.001333
0.001397
0.001498
0.001625
0.001761
0.001892
0.002019
0.002164
0.002360
0.002631
0.002964
0.003322
0.003657
0.003951
0.004217
0.004485
0.004781
0.005115
0.005481
0.005859
0.006222
0.006535
0.006761
0.006878
0.006896
0.006856
0.006808
0.006785
0.006797
0.006838
0.006900
0.006965
0.007011
0.007027
0.007018
0.007003
0.007006
0.007041
0.007103
0.007169
0.007221
0.007276
0.007363
0.007488
0.007613
0.007693
0.007711
0.007673
0.007579
0.007431
0.007247
0.007064
0.006910
0.006790
0.006707
0.006672
0.006692
0.006761
0.006869
0.007020
0.007225
0.007497
0.007840
0.008240
0.008664
0.009069
0.009427
0.009739
0.010028
0.010311
0.010589
0.010842
0.011053
0.011209
0.011297
0.011285
0.011138
0.010847
0.010453
0.010010
0.009540
0.009025
0.008450
0.007834
0.007217
0.006624
0.006063
0.005531
0.005022
0.004532
0.004065
0.003634
0.003245
0.002897
0.002591
0.002344
0.002170
0.002059
0.001977
0.001900
0.001822
0.001757
0.001715
0.001688
0.001662
0.001625
0.001580
0.001533
0.001483
0.001419
0.001340
0.001256
0.001181
0.001118
0.001070
0.001034
0.001010
0.000990
0.000975
0.000970
0.000976
0.000982
0.000975
0.000949
0.000907
0.000855
0.000807
0.000786
0.000804
0.000851
0.000902
0.000939
0.000962
0.000974
0.000967
0.000939
0.000902
0.000880
0.000882
0.000899
0.000915
0.000921
0.000919
0.000912
0.000902
0.000894
0.000904
0.000951
0.001042
0.001156
0.001255
0.001299
0.001276
0.001215
0.001160
0.001136
0.001130
0.001117
0.001087
0.001055
0.001033
0.001017
0.000998
0.000973
0.000944
0.000913
0.000883
0.000864
0.000861
0.000867
0.000876
0.000883
0.000881
0.000865
0.000843
0.000834
0.000847
0.000870
0.000885
0.000889
0.000897
0.000918
0.000954
0.000991
0.001012
0.001004
0.000972
0.000937
0.000915
0.000912
0.000930
0.000973
0.001032
0.001082
0.001110
0.001124
0.001131
0.001123
0.001092
0.001057
0.001042
0.001046
0.001034
0.000988
0.000930
0.000898
0.000910
0.000954
0.001004
0.001040
0.001053
0.001051
0.001046
0.001053
0.001078
0.001112
0.001127
0.001095
0.001025
0.000967
0.000959
0.000993
0.001029
0.001042
0.001039
0.001031
0.001023
0.001024
0.001041
0.001069
0.001096
0.001124
0.001158
0.001186
0.001184
0.001149
0.001108
0.001077
0.001044
0.001000
0.000963
0.000948
0.000942
0.000920
0.000878
0.000824
0.000766
0.000717
0.000703
0.000732
0.000783
0.000824
0.000857
0.000900
0.000955
0.001002
0.001029
0.001044
0.001057
0.001062
0.001057
0.001048
0.001035
0.001009
0.000973
0.000956
0.000991
0.001084
0.001196
0.001275
0.001291
0.001255
0.001205
0.001160
0.001116
0.001066
0.001020
0.000990
0.000956
0.000888
0.000788
0.000690
0.000625
0.000593
0.000582
0.000591
0.000624
0.000672
0.000718
0.000753
0.000776
0.000788
0.000791
0.000790
0.000790
0.000802
0.000837
0.000899
0.000972
0.001035
0.001079
0.001109
0.001119
0.001096
0.001043
0.000989
0.000962
0.000961
0.000974
0.000999
0.001038
0.001076
0.001089
0.001073
0.001039
0.001005
0.000978
0.000963
0.000959
0.000960
0.000962
0.000973
0.000999
0.001032
0.001047
0.001028
0.000985
0.000935
0.000890
0.000860
0.000851
0.000862
0.000878
0.000880
0.000860
0.000817
0.000753
0.000677
0.000604
0.000550
0.000522
0.000515
0.000521
0.000524
0.000510
0.000484
0.000469
0.000487
0.000535
0.000587
0.000624
0.000651
0.000678
0.000709
0.000735
0.000753
0.000770
0.000794
0.000829
0.000878
0.000939
0.000996
0.001023
0.001008
0.000965
0.000928
0.000920
0.000939
0.000962
0.000973
0.000973
0.000979
0.001003
0.001044
0.001082
0.001102
0.001104
0.001095
0.001080
0.001058
0.001034
0.001011
0.000986
0.000948
0.000896
0.000844
0.000812
0.000808
0.000824
0.000848
0.000873
0.000893
0.000900
0.000889
0.000857
0.000814
0.000776
0.000746
0.000719
0.000693
0.000677
0.000681
0.000694
0.000697
0.000682
0.000667
0.000676
0.000719
0.000787
0.000858
0.000906
0.000909
0.000872
0.000827
0.000803
0.000794
0.000779
0.000747
0.000710
0.000682
0.000665
0.000660
0.000666
0.000674
0.000677
0.000686
0.000726
0.000813
0.000925
0.001027
0.001085
0.001089
0.001047
0.000987
0.000949
0.000953
0.000985
0.001022
0.001061
0.001118
0.001191
0.001252
0.001273
0.001256
0.001229
0.001217
0.001226
0.001247
0.001276
0.001316
0.001365
0.001412
0.001443
0.001456
0.001460
0.001454
0.001420
0.001344
0.001238
0.001144
0.001088
0.001067
0.001059
0.001049
0.001038
0.001035
0.001043
0.001056
0.001060
0.001042
0.001018
0.001021
0.001071
0.001145
0.001207
0.001247
0.001282
0.001324
0.001360
0.001368
0.001344
0.001304
0.001263
0.001227
0.001197
0.001168
0.001134
0.001098
0.001076
0.001080
0.001099
0.001106
0.001084
0.001045
0.001011
0.000997
0.000999
0.001015
0.001038
0.001055
0.001044
0.000997
0.000927
0.000862
0.000825
0.000814
0.000816
0.000820
0.000831
0.000859
0.000902
0.000947
0.000986
0.001025
0.001068
0.001103
0.001107
0.001083
0.001060
0.001065
0.001097
0.001132
0.001155
0.001162
0.001158
0.001145
0.001132
0.001129
0.001143
0.001168
0.001198
0.001224
0.001240
0.001240
0.001226
0.001210
0.001193
0.001162
0.001107
0.001041
0.000984
0.000947
0.000921
0.000898
0.000878
0.000865
0.000865
0.000885
0.000928
0.000979
0.001016
0.001032
0.001044
0.001063
0.001079
0.001076
0.001057
0.001040
0.001035
0.001033
0.001022
0.001000
0.000977
0.000967
0.000986
0.001035
0.001095
0.001136
0.001147
0.001138
0.001128
0.001131
0.001156
0.001200
0.001245
0.001267
0.001257
0.001224
0.001181
0.001127
0.001060
0.000995
0.000952
0.000935
0.000933
0.000936
0.000948
0.000972
0.001001
0.001018
0.001015
0.000998
0.000978
0.000968
0.000974
0.001001
0.001045
0.001092
0.001119
0.001113
0.001084
0.001050
0.001023
0.001007
0.001005
0.001020
0.001047
0.001080
0.001121
0.001170
0.001217
0.001247
0.001269
0.001313
0.001394
0.001479
0.001520
0.001504
0.001453
0.001397
0.001347
0.001307
0.001273
0.001235
0.001188
0.001148
0.001142
0.001172
0.001203
0.001206
0.001181
0.001147
0.001103
0.001036
0.000957
0.000899
0.000882
0.000890
0.000895
0.000897
0.000913
0.000961
0.001035
0.001115
0.001185
0.001236
0.001273
0.001305
0.001339
0.001380
0.001428
0.001475
0.001511
0.001529
0.001536
0.001544
0.001553
0.001551
0.001521
0.001465
0.001406
0.001366
0.001344
0.001327
0.001306
0.001287
0.001276
0.001268
0.001258
0.001252
0.001266
0.001304
0.001351
0.001386
0.001404
0.001412
0.001421
0.001439
0.001466
0.001492
0.001498
0.001474
0.001427
0.001372
0.001321
0.001277
0.001246
0.001229
0.001219
0.001205
0.001183
0.001160
0.001143
0.001126
0.001099
0.001062
0.001015
0.000960
0.000903
0.000864
0.000859
0.000879
0.000898
0.000906
0.000917
0.000956
0.001024
0.001102
0.001174
0.001230
0.001261
0.001259
0.001237
0.001222
0.001231
0.001255
0.001272
0.001273
0.001274
0.001289
0.001317
0.001337
0.001328
0.001286
0.001218
0.001146
0.001092
0.001072
0.001082
0.001105
0.001123
0.001135
0.001145
0.001149
0.001128
0.001069
0.000998
0.000959
0.000976
0.001031
0.001093
0.001146
0.001187
0.001204
0.001190
0.001161
0.001142
0.001139
0.001133
0.001116
0.001098
0.001094
0.001101
0.001119
0.001159
0.001219
0.001272
0.001290
0.001279
0.001270
0.001290
0.001347
0.001435
0.001542
0.001650
0.001751
0.001852
0.001951
0.002013
0.001990
0.001879
0.001733
0.001623
0.001578
0.001584
0.001600
0.001588
0.001533
0.001454
0.001397
0.001391
0.001428
0.001473
0.001500
0.001504
0.001495
0.001483
0.001479
0.001484
0.001492
0.001500
0.001512
0.001534
0.001558
0.001571
0.001575
0.001588
0.001617
0.001653
0.001677
0.001679
0.001667
0.001650
0.001635
0.001618
0.001600
0.001585
0.001580
0.001583
0.001582
0.001565
0.001540
0.001518
0.001501
0.001481
0.001462
0.001454
0.001467
0.001492
0.001520
0.001546
0.001570
0.001586
0.001592
0.001591
0.001595
0.001610
0.001635
0.001662
0.001676
0.001667
0.001642
0.001626
0.001640
0.001676
0.001711
0.001732
0.001756
0.001804
0.001879
0.001960
0.002020
0.002041
0.002021
0.001973
0.001923
0.001895
0.001905
0.001957
0.002043
0.002148
0.002248
0.002319
0.002351
0.002363
0.002390
0.002446
0.002521
0.002596
0.002663
0.002729
0.002801
0.002878
0.002953
0.003011
0.003042
0.003050
0.003057
0.003083
0.003128
0.003173
0.003202
0.003219
0.003240
0.003270
0.003303
0.003337
0.003387
0.003463
0.003557
0.003640
0.003687
0.003704
0.003721
0.003759
0.003821
0.003895
0.003969
0.004037
0.004102
0.004183
0.004302
0.004462
0.004644
0.004828
0.005024
0.005244
0.005480
0.005702
0.005895
0.006066
0.006231
0.006396
0.006564
0.006735
0.006902
0.007060
0.007224
0.007418
0.007646
0.007879
0.008090
0.008284
0.008476
0.008661
0.008823
0.008959
0.009087
0.009213
0.009338
0.009462
0.009599
0.009751
0.009908
0.010058
0.010197
0.010333
0.010467
0.010587
0.010675
0.010720
0.010733
0.010750
0.010810
0.010927
0.011090
0.011274
0.011451
0.011602
0.011724
0.011839
0.011969
0.012109
0.012239
0.012355
0.012475
0.012608
0.012734
0.012814
0.012838
0.012829
0.012818
0.012811
0.012791
0.012744
0.012669
0.012578
0.012475
0.012356
0.012227
0.012097
0.011976
0.011863
0.011753
0.011646
0.011538
0.011412
0.011260
0.011099
0.010959
0.010858
0.010788
0.010729
0.010660
0.010570
0.010455
0.010323
0.010180
0.010035
0.009903
0.009801
0.009721
0.009629
0.009503
0.009357
0.009217
0.009086
0.008947
0.008801
0.008667
0.008551
0.008429
0.008286
0.008132
0.007984
0.007843
0.007703
0.007564
0.007437
0.007329
0.007248
0.007200
0.007184
0.007187
0.007204
0.007246
0.007317
0.007399
0.007465
0.007511
0.007558
0.007631
0.007751
0.007939
0.008211
0.008577
0.009029
0.009551
0.010115
0.010679
0.011194
0.011594
0.011810
0.011801
0.011587
0.011254
0.010915
0.010667
0.010572
0.010651
0.010870
0.011148
0.011385
0.011499
0.011434
0.011152
0.010652
0.009984
0.009222
0.008430
0.007652
0.006927
0.006284
0.005721
0.005222
0.004777
0.004396
0.004081
0.003822
0.003608
0.003443
0.003328
0.003247
0.003170
0.003079
0.002976
0.002878
0.002799
0.002737
0.002678
0.002613
0.002559
0.002536
0.002543
0.002555
0.002543
0.002507
0.002461
0.002416
0.002373
0.002330
0.002292
0.002268
0.002264
0.002270
0.002262
0.002227
0.002181
0.002153
0.002160
0.002188
0.002212
0.002219
0.002214
0.002213
0.002217
0.002214
0.002183
0.002130
0.002086
0.002074
0.002084
0.002084
0.002061
0.002028
0.002010
0.002022
0.002070
0.002147
0.002235
0.002319
0.002406
0.002500
0.002582
0.002616
0.002596
0.002561
0.002562
0.002626
0.002744
0.002898
0.003069
0.003240
0.003404
0.003553
0.003673
0.003749
0.003775
0.003766
0.003744
0.003732
0.003751
0.003805
0.003879
0.003942
0.003982
0.004007
0.004023
0.004018
0.003982
0.003919
0.003841
0.003755
0.003674
0.003613
0.003573
0.003534
0.003474
0.003398
0.003324
0.003260
0.003202
0.003143
0.003066
0.002951
0.002789
0.002600
0.002428
0.002302
0.002218
0.002153
0.002091
0.002044
0.002027
0.002035
0.002035
0.001999
0.001941
0.001894
0.001871
0.001851
0.001817
0.001790
0.001792
0.001809
0.001803
0.001756
0.001694
0.001656
0.001654
0.001681
0.001723
0.001772
0.001828
0.001879
0.001910
0.001909
0.001879
0.001840
0.001806
0.001784
0.001778
0.001793
0.001829
0.001879
0.001936
0.001989
0.002031
0.002056
0.002070
0.002078
0.002068
0.002026
0.001954
0.001874
0.001804
0.001753
0.001728
0.001744
0.001792
0.001848
0.001895
0.001943
0.001998
0.002043
0.002058
0.002046
0.002034
0.002038
0.002059
0.002091
0.002112
0.002096
0.002033
0.001939
0.001845
0.001779
0.001762
0.001791
0.001834
0.001854
0.001849
0.001854
0.001881
0.001902
0.001895
0.001876
0.001874
0.001887
0.001903
0.001927
0.001963
0.001997
0.002022
0.002057
0.002123
0.002202
0.002261
0.002306
0.002366
0.002446
0.002523
0.002578
0.002622
0.002666
0.002713
0.002762
0.002810
0.002858
0.002914
0.002995
0.003090
0.003169
0.003229
0.003309
0.003433
0.003574
0.003694
0.003797
0.003903
0.004011
0.004130
0.004304
0.004553
0.004833
0.005097
0.005364
0.005673
0.006021
0.006402
0.006862
0.007442
0.008126
0.008908
0.009874
0.011117
0.012640
0.014443
0.016663
0.019480
0.022958
0.027154
0.032310
0.038766
0.046769
0.056572
0.068464
0.081976
0.094780
0.103065
0.103895
0.097421
0.086590
0.074758
0.063799
0.054155
0.045801
0.038703
0.032732
0.027687
0.023482
0.020100
0.017419
0.015242
0.013459
0.012041
0.010909
0.009930
0.009043
0.008264
0.007587
0.006977
0.006438
0.006006
0.005684
0.005435
0.005255
0.005154
0.005092
0.004996
0.004851
0.004703
0.004575
0.004441
0.004287
0.004126
0.003970
0.003804
0.003622
0.003437
0.003261
0.003106
0.002991
0.002927
0.002883
0.002812
0.002707
0.002597
0.002498
0.002399
0.002306
0.002239
0.002200
0.002163
0.002111
0.002059
0.002024
0.002013
0.002033
0.002083
0.002135
0.002161
0.002163
0.002160
0.002158
0.002138
0.002098
0.002053
0.002007
0.001954
0.001903
0.001875
0.001868
0.001860
0.001846
0.001845
0.001858
0.001863
0.001848
0.001831
0.001831
0.001839
0.001833
0.001809
0.001778
0.001749
0.001732
0.001732
0.001743
0.001746
0.001742
0.001754
0.001801
0.001871
0.001941
0.001996
0.002028
0.002024
0.001978
0.001913
0.001870
0.001877
0.001929
0.002002
0.002074
0.002143
0.002219
0.002304
0.002380
0.002430
0.002464
0.002508
0.002563
0.002595
0.002567
0.002474
0.002344
0.002213
0.002107
0.002045
0.002024
0.002030
0.002042
0.002042
0.002016
0.001965
0.001903
0.001850
0.001810
0.001777
0.001750
0.001730
0.001707
0.001677
0.001655
0.001669
0.001726
0.001817
0.001937
0.002087
0.002249
0.002387
0.002474
0.002506
0.002488
0.002430
0.002352
0.002279
0.002209
0.002120
0.002008
0.001901
0.001827
0.001779
0.001744
0.001729
0.001755
0.001815
0.001878
0.001914
0.001914
0.001888
0.001854
0.001825
0.001802
0.001779
0.001763
0.001773
0.001810
0.001849
0.001879
0.001926
0.002014
0.002119
0.002196
0.002239
0.002283
0.002353
0.002431
0.002481
0.002495
0.002491
0.002482
0.002456
0.002393
0.002291
0.002173
0.002074
0.002014
0.001989
0.001983
0.001980
0.001970
0.001959
0.001968
0.002009
0.002071
0.002126
0.002161
0.002179
0.002180
0.002152
0.002100
0.002055
0.002043
0.002057
0.002078
0.002094
0.002109
0.002130
0.002162
0.002216
0.002287
0.002357
0.002407
0.002436
0.002460
0.002491
0.002536
0.002597
0.002666
0.002724
0.002759
0.002775
0.002777
0.002762
0.002737
0.002726
0.002739
0.002761
0.002767
0.002764
0.002774
0.002804
0.002838
0.002873
0.002914
0.002957
0.003001
0.003061
0.003154
0.003266
0.003371
0.003474
0.003626
0.003857
0.004150
0.004465
0.004790
0.005124
0.005445
0.005723
0.005941
0.006106
0.006224
0.006292
0.006320
0.006334
0.006351
0.006354
0.006302
0.006161
0.005937
0.005677
0.005429
0.005210
0.005004
0.004793
0.004585
0.004402
0.004254
0.004126
0.003995
0.003851
0.003712
0.003608
0.003556
0.003553
0.003573
0.003590
0.003582
0.003542
0.003482
0.003430
0.003398
0.003372
0.003326
0.003256
0.003184
0.003126
0.003082
0.003054
0.003047
0.003056
0.003056
0.003026
0.002976
0.002932
0.002903
0.002871
0.002811
0.002725
0.002637
0.002581
0.002564
0.002564
0.002543
0.002485
0.002409
0.002351
0.002329
0.002325
0.002308
0.002264
0.002204
0.002149
0.002107
0.002071
0.002033
0.002007
0.002013
0.002060
0.002124
0.002175
0.002195
0.002188
0.002170
0.002156
0.002152
0.002152
0.002153
0.002155
0.002164
0.002186
0.002216
0.002248
0.002278
0.002316
0.002376
0.002469
0.002588
0.002711
0.002817
0.002900
0.002971
0.003034
0.003083
0.003111
0.003110
0.003077
0.003020
0.002960
0.002914
0.002873
0.002818
0.002747
0.002683
0.002650
0.002653
0.002684
0.002734
0.002795
0.002859
0.002924
0.002998
0.003096
0.003231
0.003409
0.003630
0.003872
0.004097
0.004264
0.004345
0.004332
0.004234
0.004078
0.003902
0.003733
0.003577
0.003428
0.003282
0.003145
0.003022
0.002918
0.002831
0.002754
0.002674
0.002586
0.002500
0.002432
0.002384
0.002350
0.002316
0.002278
0.002235
0.002193
0.002158
0.002123
0.002069
0.001989
0.001902
0.001831
0.001784
0.001753
0.001738
0.001751
0.001792
0.001843
0.001889
0.001930
0.001982
0.002053
0.002139
0.002233
0.002329
0.002412
0.002468
0.002499
0.002522
0.002556
0.002601
0.002647
0.002686
0.002723
0.002763
0.002812
0.002876
0.002962
0.003064
0.003151
0.003191
0.003178
0.003143
0.003118
0.003112
0.003116
0.003118
0.003119
0.003129
0.003156
0.003199
0.003246
0.003276
0.003281
0.003270
0.003263
0.003270
0.003284
0.003289
0.003270
0.003219
0.003146
0.003078
0.003046
0.003064
0.003122
0.003197
0.003272
0.003330
0.003358
0.003341
0.003277
0.003177
0.003057
0.002927
0.002803
0.002708
0.002668
0.002679
0.002704
0.002712
0.002701
0.002692
0.002688
0.002671
0.002635
0.002601
0.002599
0.002625
0.002650
0.002649
0.002621
0.002579
0.002539
0.002512
0.002505
0.002518
0.002539
0.002552
0.002552
0.002550
0.002553
0.002558
0.002549
0.002526
0.002512
0.002522
0.002544
0.002554
0.002554
0.002574
0.002637
0.002724
0.002793
0.002818
0.002808
0.002790
0.002778
0.002766
0.002734
0.002676
0.002610
0.002568
0.002561
0.002578
0.002599
0.002614
0.002629
0.002640
0.002643
0.002636
0.002626
0.002622
0.002624
0.002619
0.002592
0.002553
0.002530
0.002545
0.002599
0.002672
0.002756
0.002850
0.002947
0.003035
0.003116
0.003208
0.003309
0.003394
0.003443
0.003458
0.003453
0.003425
0.003366
0.003282
0.003178
0.003047
0.002879
0.002698
0.002549
0.002466
0.002444
0.002464
0.002505
0.002549
0.002582
0.002599
0.002604
0.002610
0.002630
0.002673
0.002732
0.002788
0.002830
0.002876
0.002945
0.003038
0.003132
0.003207
0.003262
0.003306
0.003354
0.003413
0.003482
0.003554
0.003634
0.003738
0.003874
0.004021
0.004147
0.004247
0.004342
0.004453
0.004589
0.004751
0.004933
0.005114
0.005272
0.005400
0.005508
0.005598
0.005669
0.005726
0.005786
0.005852
0.005916
0.005963
0.005980
0.005950
0.005864
0.005735
0.005588
0.005429
0.005251
0.005060
0.004886
0.004747
0.004627
0.004501
0.004367
0.004233
0.004107
0.003992
0.003897
0.003826
0.003771
0.003722
0.003684
0.003664
0.003658
0.003657
0.003662
0.003675
0.003690
0.003699
0.003703
0.003706
0.003709
0.003715
0.003723
0.003726
0.003717
0.003700
0.003694
0.003714
0.003758
0.003814
0.003877
0.003947
0.004021
0.004103
0.004196
0.004284
0.004335
0.004323
0.004248
0.004124
0.003971
0.003821
0.003704
0.003625
0.003560
0.003497
0.003462
0.003478
0.003533
0.003597
0.003671
0.003777
0.003914
0.004051
0.004168
0.004277
0.004392
0.004512
0.004631
0.004751
0.004876
0.005003
0.005125
0.005242
0.005351
0.005452
0.005556
0.005683
0.005854
0.006088
0.006403
0.006812
0.007307
0.007882
0.008549
0.009340
0.010278
0.011360
0.012581
0.013938
0.015417
0.016961
0.018450
0.019709
0.020541
0.020799
0.020454
0.019601
0.018401
0.017018
0.015589
0.014206
0.012911
0.011717
0.010643
0.009716
0.008949
0.008320
0.007799
0.007368
0.007022
0.006746
0.006524
0.006356
0.006252
0.006215
0.006234
0.006296
0.006395
0.006520
0.006653
0.006772
0.006865
0.006926
0.006953
0.006925
0.006816
0.006617
0.006348
0.006047
0.005740
0.005433
0.005134
0.004855
0.004600
0.004369
0.004169
0.004020
0.003938
0.003909
0.003899
0.003877
0.003839
0.003808
0.003819
0.003876
0.003949
0.004006
0.004049
0.004115
0.004236
0.004421
0.004653
0.004897
0.005107
0.005251
0.005342
0.005417
0.005481
0.005491
0.005408
0.005245
0.005047
0.004844
0.004643
0.004455
0.004292
0.004154
0.004033
0.003941
0.003904
0.003933
0.004015
0.004129
0.004264
0.004411
0.004562
0.004704
0.004820
0.004898
0.004929
0.004916
0.004865
0.004775
0.004653
0.004510
0.004359
0.004204
0.004050
0.003913
0.003805
0.003717
0.003634
0.003554
0.003487
0.003436
0.003392
0.003350
0.003316
0.003296
0.003279
0.003251
0.003202
0.003136
0.003073
0.003037
0.003028
0.003029
0.003025
0.003027
0.003047
0.003068
0.003057
0.003008
0.002960
0.002950
0.002980
0.003021
0.003053
0.003083
0.003122
0.003176
0.003238
0.003296
0.003332
0.003334
0.003303
0.003255
0.003214
0.003207
0.003240
0.003291
0.003322
0.003318
0.003307
0.003333
0.003415
0.003533
0.003652
0.003758
0.003864
0.003981
0.004100
0.004189
0.004221
0.004192
0.004118
0.004012
0.003887
0.003765
0.003665
0.003587
0.003517
0.003445
0.003386
0.003363
0.003380
0.003422
0.003459
0.003473
0.003461
0.003444
0.003445
0.003479
0.003541
0.003622
0.003725
0.003843
0.003956
0.004039
0.004088
0.004127
0.004181
0.004253
0.004324
0.004378
0.004407
0.004416
0.004409
0.004386
0.004351
0.004311
0.004272
0.004225
0.004153
0.004049
0.003927
0.003812
0.003722
0.003650
0.003578
0.003499
0.003427
0.003384
0.003379
0.003403
0.003439
0.003476
0.003516
0.003567
0.003637
0.003733
0.003846
0.003953
0.004027
0.004066
0.004091
0.004121
0.004143
0.004133
0.004077
0.004000
0.003936
0.003900
0.003878
0.003850
0.003813
0.003782
0.003761
0.003740
0.003708
0.003673
0.003645
0.003615
0.003570
0.003512
0.003457
0.003407
0.003347
0.003279
0.003224
0.003203
0.003206
0.003209
0.003206
0.003215
0.003250
0.003299
0.003343
0.003370
0.003385
0.003401
0.003428
0.003473
0.003533
0.003598
0.003653
0.003693
0.003717
0.003731
0.003741
0.003754
0.003781
0.003828
0.003884
0.003926
0.003937
0.003924
0.003902
0.003877
0.003841
0.003787
0.003725
0.003669
0.003634
0.003624
0.003630
0.003631
0.003601
0.003546
0.003499
0.003489
0.003518
0.003564
0.003623
0.003706
0.003817
0.003930
0.004010
0.004046
0.004049
0.004040
0.004028
0.004018
0.004019
0.004048
0.004108
0.004179
0.004232
0.004262
0.004293
0.004351
0.004439
0.004541
0.004649
0.004765
0.004889
0.005012
0.005132
0.005260
0.005418
0.005625
0.005895
0.006235
0.006643
0.007108
0.007618
0.008175
0.008788
0.009467
0.010219
0.011049
0.011947
0.012879
0.013797
0.014656
0.015423
0.016069
0.016543
0.016788
0.016772
0.016510
0.016042
0.015408
0.014649
0.013828
0.013024
0.012301
0.011687
0.011178
0.010768
0.010462
0.010275
0.010212
0.010253
0.010365
0.010534
0.010788
0.011181
0.011747
0.012469
0.013283
0.014082
0.014719
0.015032
0.014906
0.014340
0.013454
0.012418
0.011376
0.010410
0.009542
0.008766
0.008075
0.007468
0.006945
0.006501
0.006133
0.005844
0.005631
0.005476
0.005346
0.005216
0.005079
0.004948
0.004843
0.004787
0.004791
0.004850
0.004943
0.005051
0.005166
0.005289
0.005423
0.005568
0.005723
0.005887
0.006061
0.006252
0.006470
0.006717
0.006993
0.007298
0.007639
0.008034
0.008509
0.009090
0.009791
0.010614
0.011553
0.012576
0.013585
0.014402
0.014838
0.014786
0.014266
0.013404
0.012362
0.011286
0.010282
0.009408
0.008673
0.008054
0.007520
0.007053
0.006660
0.006360
0.006150
0.005988
0.005832
0.005677
0.005550
0.005473
0.005433
0.005407
0.005382
0.005358
0.005327
0.005282
0.005237
0.005220
0.005245
0.005290
0.005318
0.005299
0.005232
0.005139
0.005061
0.005027
0.005041
0.005075
0.005095
0.005087
0.005066
0.005057
0.005073
0.005109
0.005149
0.005178
0.005198
0.005219
0.005245
0.005267
0.005265
0.005232
0.005187
0.005162
0.005177
0.005227
0.005290
0.005351
0.005407
0.005463
0.005521
0.005570
0.005593
0.005573
0.005510
0.005420
0.005321
0.005220
0.005122
0.005036
0.004971
0.004922
0.004876
0.004828
0.004792
0.004780
0.004791
0.004816
0.004845
0.004873
0.004895
0.004914
0.004935
0.004962
0.004991
0.005012
0.005026
0.005045
0.005085
0.005158
0.005262
0.005384
0.005511
0.005643
0.005786
0.005943
0.006115
0.006308
0.006530
0.006776
0.007027
0.007273
0.007530
0.007817
0.008127
0.008430
0.008699
0.008924
0.009095
0.009192
0.009193
0.009095
0.008924
0.008715
0.008505
0.008326
0.008199
0.008134
0.008128
0.008183
0.008303
0.008482
0.008687
0.008865
0.008969
0.008980
0.008905
0.008776
0.008632
0.008512
0.008439
0.008422
0.008470
0.008595
0.008801
0.009063
0.009343
0.009612
0.009863
0.010095
0.010312
0.010525
0.010743
0.010957
0.011135
0.011258
0.011329
0.011370
0.011399
0.011423
0.011434
0.011420
0.011369
0.011286
0.011184
0.011071
0.010948
0.010822
0.010707
0.010612
0.010526
0.010424
0.010295
0.010138
0.009957
0.009764
0.009578
0.009424
0.009313
0.009261
0.009297
0.009450
0.009717
0.010058
0.010419
0.010748
0.011002
0.011158
0.011230
0.011260
0.011289
0.011330
0.011378
0.011424
0.011455
0.011462
0.011440
0.011390
0.011312
0.011197
0.011043
0.010862
0.010673
0.010482
0.010273
0.010037
0.009779
0.009525
0.009290
0.009068
0.008830
0.008558
0.008274
0.008028
0.007859
0.007766
0.007707
0.007643
0.007560
0.007473
0.007394
0.007321
0.007244
0.007163
0.007095
0.007058
0.007058
0.007088
0.007136
0.007191
0.007242
0.007291
0.007348
0.007420
0.007496
0.007553
0.007568
0.007537
0.007466
0.007365
0.007242
0.007105
0.006960
0.006817
0.006698
0.006631
0.006634
0.006711
0.006846
0.007019
0.007207
0.007401
0.007609
0.007847
0.008120
0.008422
0.008752
0.009127
0.009553
0.009991
0.010356
0.010570
0.010617
0.010553
0.010463
0.010395
0.010348
0.010305
0.010258
0.010207
0.010143
0.010052
0.009943
0.009845
0.009785
0.009766
0.009784
0.009834
0.009912
0.010003
0.010099
0.010204
0.010338
0.010518
0.010749
0.011027
0.011345
0.011709
0.012128
0.012595
0.013053
0.013417
0.013633
0.013713
0.013719
0.013704
0.013701
0.013728
0.013793
0.013884
0.013977
0.014056
0.014126
0.014200
0.014292
0.014407
0.014534
0.014635
0.014665
0.014604
0.014470
0.014298
0.014117
0.013946
0.013798
0.013672
0.013554
0.013440
0.013344
0.013278
0.013232
0.013179
0.013111
0.013046
0.013002
0.012977
0.012959
0.012947
0.012957
0.013005
0.013091
0.013210
0.013351
0.013509
0.013682
0.013881
0.014124
0.014420
0.014763
0.015137
0.015525
0.015903
0.016239
0.016491
0.016640
0.016704
0.016729
0.016742
0.016734
0.016677
0.016561
0.016409
0.016244
0.016074
0.015890
0.015696
0.015503
0.015297
0.015043
0.014717
0.014340
0.013964
0.013619
0.013310
0.013030
0.012784
0.012574
0.012390
0.012225
0.012083
0.011974
0.011888
0.011803
0.011698
0.011576
0.011462
0.011385
0.011361
0.011380
0.011418
0.011468
0.011544
0.011659
0.011803
0.011960
0.012130
0.012328
0.012551
0.012777
0.012995
0.013219
0.013473
0.013770
0.014102
0.014450
0.014781
0.015060
0.015259
0.015356
0.015333
0.015186
0.014947
0.014681
0.014444
0.014254
0.014098
0.013976
0.013893
0.013846
0.013813
0.013779
0.013751
0.013745
0.013760
0.013782
0.013802
0.013821
0.013840
0.013859
0.013875
0.013887
0.013897
0.013909
0.013923
0.013936
0.013946
0.013949
0.013942
0.013925
0.013905
0.013896
0.013908
0.013935
0.013958
0.013954
0.013921
0.013885
0.013885
0.013951
0.014092
0.014309
0.014602
0.014967
0.015375
0.015774
0.016113
0.016351
0.016464
0.016441
0.016307
0.016121
0.015944
0.015801
0.015694
0.015624
0.015596
0.015602
0.015623
0.015636
0.015623
0.015569
0.015469
0.015342
0.015215
0.015093
0.014953
0.014780
0.014580
0.014373
0.014174
0.013995
0.013844
0.013701
0.013524
0.013288
0.013026
0.012793
0.012612
0.012465
0.012335
0.012229
0.012160
0.012131
0.012135
0.012167
0.012218
0.012276
0.012336
0.012400
0.012468
0.012534
0.012603
0.012687
0.012795
0.012928
0.013089
0.013288
0.013523
0.013779
0.014056
0.014369
0.014730
0.015123
0.015528
0.015942
0.016368
0.016808
0.017279
0.017815
0.018436
0.019112
0.019786
0.020437
0.021081
0.021727
0.022336
0.022858
0.023268
0.023574
0.023806
0.023989
0.024135
0.024228
0.024240
0.024153
0.023966
0.023683
0.023308
0.022856
0.022359
0.021838
0.021295
0.020725
0.020136
0.019551
0.018992
0.018469
0.017983
0.017526
0.017086
0.016658
0.016246
0.015854
0.015479
0.015124
0.014811
0.014556
0.014358
0.014207
0.014104
0.014052
0.014033
0.014020
0.014008
0.014019
0.014071
0.014157
0.014262
0.014376
0.014502
0.014639
0.014780
0.014923
0.015066
0.015211
0.015362
0.015521
0.015686
0.015853
0.016029
0.016241
0.016525
0.016903
0.017368
0.017897
0.018468
0.019067
0.019686
0.020312
0.020933
0.021553
0.022197
0.022897
0.023669
0.024496
0.025340
0.026170
0.026990
0.027826
0.028693
0.029574
0.030428
0.031223
0.031945
0.032586
0.033122
0.033520
0.033764
0.033870
0.033867
0.033781
0.033622
0.033388
0.033083
0.032721
0.032316
0.031879
0.031415
0.030943
0.030487
0.030058
0.029648
0.029249
0.028877
0.028557
0.028306
0.028124
0.028008
0.027963
0.027994
0.028105
0.028302
0.028583
0.028930
0.029313
0.029710
0.030126
0.030580
0.031082
0.031620
0.032172
0.032714
0.033232
0.033707
0.034116
0.034431
0.034640
0.034742
0.034729
0.034574
0.034261
0.033811
0.033267
0.032652
0.031959
0.031191
0.030380
0.029556
0.028717
0.027839
0.026919
0.025983
0.025061
0.024163
0.023287
0.022438
0.021627
0.020868
0.020164
0.019509
0.018893
0.018311
0.017769
0.017268
0.016790
0.016310
0.015822
0.015358
0.014954
0.014617
0.014315
0.014006
0.013678
0.013353
0.013057
0.012799
0.012560
0.012323
0.012088
0.011861
0.011647
0.011440
0.011235
0.011035
0.010847
0.010680
0.010526
0.010378
0.010237
0.010124
0.010057
0.010025
0.010002
0.009976
0.009964
0.009986
0.010034
0.010084
0.010117
0.010121
0.010074
0.009960
0.009795
0.009618
0.009465
0.009336
0.009224
0.009137
0.009090
0.009067
0.009024
0.008932
0.008808
0.008695
0.008612
0.008549
0.008486
0.008412
0.008317
0.008191
0.008036
0.007875
0.007728
0.007594
0.007467
0.007357
0.007284
0.007242
0.007199
0.007130
0.007047
0.006986
0.006965
0.006977
0.006997
0.006998
0.006961
0.006889
0.006806
0.006739
0.006710
0.006732
0.006810
0.006932
0.007062
0.007168
0.007233
0.007246
0.007184
0.007026
0.006795
0.006551
0.006340
0.006158
0.005981
0.005812
0.005685
0.005625
0.005621
0.005630
0.005608
0.005533
0.005419
0.005303
0.005221
0.005187
0.005191
0.005212
0.005230
0.005232
0.005208
0.005158
0.005092
0.005028
0.004980
0.004947
0.004915
0.004872
0.004826
0.004804
0.004814
0.004833
0.004825
0.004788
0.004753
0.004741
0.004745
0.004744
0.004737
0.004740
0.004760
0.004796
0.004848
0.004921
0.005008
0.005095
0.005179
0.005275
0.005400
0.005540
0.005663
0.005750
0.005810
0.005871
0.005954
0.006065
0.006207
0.006388
0.006615
0.006873
0.007129
0.007358
0.007566
0.007769
0.007953
0.008074
0.008106
0.008076
0.008035
0.008004
0.007980
0.007959
0.007941
0.007916
0.007873
0.007825
0.007809
0.007845
0.007921
0.008006
0.008072
0.008099
0.008068
0.007980
0.007856
0.007720
0.007590
0.007478
0.007402
0.007364
0.007354
0.007353
0.007350
0.007333
0.007298
0.007266
0.007275
0.007339
0.007434
0.007531
0.007630
0.007742
0.007865
0.007985
0.008105
0.008240
0.008391
0.008548
0.008693
0.008817
0.008921
0.009021
0.009138
0.009273
0.009396
0.009480
0.009535
0.009589
0.009655
0.009731
0.009831
0.009994
0.010251
0.010598
0.010996
0.011383
0.011694
0.011886
0.011957
0.011937
0.011850
0.011709
0.011528
0.011332
0.011143
0.010977
0.010855
0.010791
0.010775
0.010776
0.010768
0.010741
0.010706
0.010692
0.010721
0.010786
0.010832
0.010808
0.010723
0.010637
0.010606
0.010649
0.010758
0.010920
0.011117
0.011336
0.011591
0.011914
0.012314
0.012767
0.013248
0.013753
0.014284
0.014846
0.015456
0.016139
0.016902
0.017726
0.018597
0.019508
0.020453
0.021440
0.022529
0.023803
0.025308
0.027062
0.029122
0.031610
0.034642
0.038264
0.042471
0.047217
0.052408
0.057958
0.063959
0.070765
0.078875
0.088801
0.101072
0.116190
0.134263
0.154506
0.175191
0.194286
0.210384
0.223227
0.233464
0.241773
0.248003
0.251045
0.249673
0.243652
0.234068
0.222590
0.210493
0.198324
0.186190
0.174075
0.161880
0.149476
0.136900
0.124485
0.112717
0.102020
0.092672
0.084841
0.078579
0.073828
0.070492
0.068533
0.067952
0.068749
0.070946
0.074639
0.079914
0.086649
0.094426
0.102713
0.111173
0.119900
0.129449
0.140667
0.154376
0.171003
0.190290
0.211171
0.231814
0.249861
0.262948
0.269538
0.269735
0.265484
0.259724
0.254768
0.250947
0.246545
0.239135
0.227284
0.211325
0.192819
0.173457
0.154392
0.136259
0.119448
0.104230
0.090748
0.079023
0.069000
0.060554
0.053482
0.047552
0.042576
0.038416
0.034950
0.032064
0.029676
0.027739
0.026197
0.024977
0.023999
0.023180
0.022423
0.021635
0.020760
0.019811
0.018837
0.017898
0.017052
0.016348
0.015817
0.015471
0.015307
0.015293
0.015354
0.015386
0.015305
0.015070
0.014674
0.014125
0.013457
0.012721
0.011970
0.011233
0.010538
0.009920
0.009406
0.008989
0.008636
0.008322
0.008042
0.007800
0.007594
0.007416
0.007267
0.007154
0.007074
0.007007
0.006934
0.006854
0.006783
0.006731
0.006687
0.006634
0.006567
0.006492
0.006411
0.006329
0.006262
0.006218
0.006175
0.006096
0.005976
0.005841
0.005721
0.005622
0.005543
0.005486
0.005453
0.005445
0.005466
0.005520
0.005587
0.005628
0.005628
0.005604
0.005578
0.005544
0.005494
0.005441
0.005406
0.005392
0.005391
0.005398
0.005406
0.005399
0.005371
0.005344
0.005343
0.005365
0.005386
0.005397
0.005407
0.005421
0.005431
0.005426
0.005406
0.005381
0.005375
0.005417
0.005513
0.005627
0.005718
0.005782
0.005846
0.005926
0.006022
0.006140
0.006304
0.006522
0.006776
0.007040
0.007295
0.007516
0.007669
0.007735
0.007714
0.007611
0.007423
0.007160
0.006861
0.006573
0.006326
0.006136
0.006003
0.005904
0.005807
0.005706
0.005624
0.005585
0.005576
0.005574
0.005580
0.005616
0.005701
0.005836
0.006020
0.006247
0.006494
0.006723
0.006907
0.007047
0.007168
0.007302
0.007474
0.007694
0.007959
0.008259
0.008592
0.008962
0.009373
0.009827
0.010308
0.010787
0.011220
0.011570
0.011812
0.011935
0.011939
0.011827
0.011611
0.011310
0.010966
0.010633
0.010353
0.010127
0.009938
0.009774
0.009641
0.009543
0.009478
0.009453
0.009492
0.009600
0.009754
0.009927
0.010129
0.010386
0.010708
0.011088
0.011533
0.012070
0.012714
0.013433
0.014149
0.014769
0.015218
0.015461
0.015496
0.015333
0.014979
0.014450
0.013785
0.013046
0.012297
0.011591
0.010963
0.010429
0.009984
0.009601
0.009255
0.008943
0.008685
0.008505
0.008410
0.008373
0.008363
0.008360
0.008371
0.008405
0.008460
0.008534
0.008637
0.008781
0.008959
0.009135
0.009264
0.009326
0.009337
0.009341
0.009383
0.009488
0.009649
0.009837
0.010011
0.010146
0.010255
0.010379
0.010560
0.010800
0.011062
0.011292
0.011437
0.011458
0.011339
0.011108
0.010815
0.010493
0.010144
0.009759
0.009342
0.008908
0.008468
0.008047
0.007675
0.007374
0.007132
0.006923
0.006733
0.006557
0.006381
0.006198
0.006025
0.005897
0.005826
0.005788
0.005751
0.005703
0.005642
0.005575
0.005511
0.005462
0.005429
0.005404
0.005382
0.005366
0.005360
0.005359
0.005361
0.005371
0.005394
0.005429
0.005468
0.005505
0.005524
0.005510
0.005459
0.005388
0.005317
0.005256
0.005208
0.005179
0.005171
0.005168
0.005137
0.005054
0.004924
0.004772
0.004624
0.004489
0.004372
0.004274
0.004196
0.004128
0.004061
0.003994
0.003946
0.003933
0.003959
0.004012
0.004080
0.004159
0.004244
0.004339
0.004444
0.004554
0.004647
0.004702
0.004727
0.004748
0.004780
0.004816
0.004838
0.004855
0.004892
0.004963
0.005055
0.005144
0.005217
0.005275
0.005319
0.005347
0.005362
0.005380
0.005420
0.005490
0.005583
0.005688
0.005799
0.005917
0.006033
0.006134
0.006202
0.006232
0.006235
0.006234
0.006245
0.006257
0.006245
0.006194
0.006114
0.006013
0.005891
0.005749
0.005604
0.005479
0.005383
0.005316
0.005277
0.005270
0.005291
0.005332
0.005396
0.005486
0.005597
0.005725
0.005885
0.006109
0.006416
0.006811
0.007292
0.007870
0.008555
0.009342
0.010207
0.011096
0.011940
0.012696
0.013371
0.013988
0.014515
0.014853
0.014932
0.014780
0.014488
0.014111
0.013628
0.013002
0.012257
0.011485
0.010784
0.010190
0.009677
0.009203
0.008761
0.008384
0.008095
0.007881
0.007713
0.007574
0.007466
0.007389
0.007341
0.007324
0.007347
0.007411
0.007511
0.007642
0.007807
0.008027
0.008332
0.008753
0.009300
0.009967
0.010741
0.011619
0.012599
0.013658
0.014737
0.015759
0.016667
0.017465
0.018185
0.018815
0.019255
0.019389
0.019194
0.018759
0.018176
0.017452
0.016547
0.015474
0.014330
0.013228
0.012234
0.011363
0.010618
0.009997
0.009497
0.009105
0.008803
0.008580
0.008434
0.008364
0.008350
0.008358
0.008363
0.008363
0.008361
0.008356
0.008354
0.008385
0.008471
0.008609
0.008786
0.009007
0.009284
0.009622
0.010027
0.010524
0.011143
0.011911
0.012885
0.014158
0.015816
0.017895
0.020396
0.023284
0.026372
0.029273
0.031558
0.033035
0.033778
0.033865
0.033193
0.031627
0.029275
0.026512
0.023744
0.021212
0.018992
0.017084
0.015459
0.014068
0.012874
0.011863
0.011011
0.010283
0.009655
0.009140
0.008755
0.008493
0.008328
0.008225
0.008148
0.008065
0.007973
0.007890
0.007824
0.007761
0.007675
0.007546
0.007363
0.007130
0.006873
0.006629
0.006408
0.006198
0.005996
0.005824
0.005705
0.005637
0.005604
0.005599
0.005620
0.005655
0.005688
0.005715
0.005748
0.005795
0.005858
0.005931
0.006000
0.006053
0.006092
0.006126
0.006160
0.006196
0.006248
0.006338
0.006472
0.006646
0.006866
0.007140
0.007463
0.007805
0.008143
0.008471
0.008778
0.009038
0.009232
0.009380
0.009518
0.009675
0.009869
0.010113
0.010408
0.010741
0.011121
0.011599
0.012235
0.013058
0.014072
0.015296
0.016780
0.018584
0.020778
0.023410
0.026439
0.029648
0.032694
0.035308
0.037521
0.039695
0.042255
0.045270
0.048228
0.050276
0.050793
0.049845
0.048112
0.046375
0.045014
0.043874
0.042527
0.040663
0.038317
0.035828
0.033590
0.031835
0.030610
0.029872
0.029563
0.029610
0.029930
0.030458
0.031172
0.032078
0.033217
0.034680
0.036600
0.039113
0.042343
0.046419
0.051433
0.057330
0.063836
0.070520
0.077006
0.083221
0.089504
0.096396
0.104203
0.112736
0.121472
0.129817
0.137044
0.142062
0.143624
0.141087
0.134943
0.126494
0.117047
0.107522
0.098580
0.090720
0.084042
0.078102
0.072266
0.066243
0.060249
0.054724
0.049993
0.046144
0.043102
0.040739
0.038943
0.037641
0.036791
0.036371
0.036383
0.036862
0.037858
0.039440
0.041706
0.044768
0.048738
0.053715
0.059758
0.066732
0.074141
0.081190
0.087166
0.091897
0.095861
0.099798
0.104032
0.107978
0.110282
0.109655
0.105806
0.099699
0.092892
0.086531
0.080819
0.075242
0.069191
0.062478
0.055444
0.048689
0.042663
0.037479
0.033032
0.029225
0.026022
0.023364
0.021134
0.019231
0.017603
0.016201
0.014964
0.013862
0.012913
0.012127
0.011479
0.010941
0.010503
0.010150
0.009836
0.009531
0.009235
0.008951
0.008660
0.008360
0.008094
0.007908
0.007799
0.007725
0.007645
0.007539
0.007414
0.007302
0.007240
0.007238
0.007265
0.007295
0.007338
0.007422
0.007561
0.007737
0.007914
0.008039
0.008078
0.008036
0.007956
0.007883
0.007832
0.007811
0.007828
0.007880
0.007929
0.007928
0.007843
0.007659
0.007386
0.007062
0.006737
0.006437
0.006158
0.005901
0.005690
0.005535
0.005413
0.005305
0.005225
0.005200
0.005224
0.005266
0.005300
0.005318
0.005315
0.005299
0.005299
0.005343
0.005430
0.005542
0.005670
0.005806
0.005934
0.006034
0.006097
0.006122
0.006109
0.006073
0.006045
0.006047
0.006058
0.006042
0.006002
0.005974
0.005990
0.006050
0.006136
0.006231
0.006318
0.006388
0.006452
0.006522
0.006598
0.006679
0.006771
0.006877
0.006971
0.007020
0.007022
0.006996
0.006947
0.006860
0.006737
0.006606
0.006496
0.006414
0.006373
0.006391
0.006469
0.006592
0.006743
0.006917
0.007102
0.007275
0.007416
0.007528
0.007624
0.007712
0.007798
0.007889
0.007986
0.008086
0.008185
0.008267
0.008307
0.008292
0.008252
0.008233
0.008257
0.008316
0.008410
0.008553
0.008754
0.008999
0.009268
0.009543
0.009798
0.010004
0.010151
0.010263
0.010360
0.010448
0.010525
0.010591
0.010641
0.010673
0.010699
0.010743
0.010821
0.010929
0.011080
0.011305
0.011627
0.012045
0.012547
0.013128
0.013777
0.014483
0.015243
0.016063
0.016935
0.017850
0.018836
0.019948
0.021220
0.022648
0.024247
0.026079
0.028233
0.030805
0.033936
0.037819
0.042623
0.048376
0.054942
0.062095
0.069693
0.077894
0.087283
0.098658
0.112505
0.128493
0.145344
0.161086
0.173533
0.180928
0.182566
0.179032
0.171779
0.162399
0.152192
0.142141
0.132844
0.124277
0.115800
0.106738
0.097046
0.087364
0.078476
0.070805
0.064407
0.059207
0.055131
0.052084
0.049948
0.048632
0.048085
0.048264
0.049146
0.050776
0.053289
0.056866
0.061711
0.068052
0.076131
0.086141
0.098140
0.112009
0.127470
0.144155
0.161659
0.179595
0.197604
0.215325
0.232298
0.247862
0.261099
0.270836
0.275703
0.274362
0.266059
0.251309
0.232127
0.211365
0.191473
0.173615
0.157723
0.143210
0.129614
0.116822
0.105007
0.094460
0.085393
0.077777
0.071368
0.065897
0.061206
0.057223
0.053892
0.051186
0.049132
0.047782
0.047170
0.047342
0.048396
0.050457
0.053588
0.057702
0.062474
0.067344
0.071793
0.075770
0.079840
0.084771
0.090966
0.098280
0.106202
0.113966
0.120507
0.124653
0.125619
0.123325
0.118179
0.110757
0.101793
0.092296
0.083283
0.075272
0.068160
0.061636
0.055615
0.050252
0.045698
0.041969
0.038977
0.036553
0.034476
0.032568
0.030775
0.029131
0.027646
0.026277
0.024978
0.023727
0.022508
0.021303
0.020110
0.018937
0.017788
0.016673
0.015625
0.014682
0.013863
0.013168
0.012606
0.012175
0.011858
0.011619
0.011425
0.011242
0.011041
0.010826
0.010633
0.010481
0.010345
0.010193
0.010031
0.009883
0.009753
0.009628
0.009520
0.009459
0.009469
0.009565
0.009770
0.010094
0.010510
0.010969
0.011441
0.011918
0.012390
0.012847
0.013308
0.013815
0.014384
0.015010
0.015712
0.016531
0.017489
0.018580
0.019816
0.021255
0.022968
0.025014
0.027436
0.030258
0.033433
0.036819
0.040238
0.043531
0.046548
0.049081
0.050870
0.051682
0.051431
0.050207
0.048232
0.045757
0.042983
0.040054
0.037075
0.034116
0.031206
0.028367
0.025661
0.023197
0.021068
0.019295
0.017852
0.016701
0.015806
0.015124
0.014612
0.014249
0.014017
0.013899
0.013890
0.014004
0.014247
0.014589
0.015000
0.015485
0.016092
0.016862
0.017828
0.019034
0.020543
0.022431
0.024778
0.027651
0.031041
0.034806
0.038719
0.042590
0.046314
0.049784
0.052780
0.054993
0.056175
0.056234
0.055210
0.053196
0.050318
0.046765
0.042808
0.038741
0.034810
0.031168
0.027881
0.024965
0.022401
0.020156
0.018201
0.016525
0.015121
0.013967
0.013025
0.012264
0.011657
0.011174
0.010780
0.010451
0.010185
0.009995
0.009890
0.009878
0.009961
0.010130
0.010357
0.010600
0.010819
0.010988
0.011103
0.011184
0.011275
0.011430
0.011696
0.012092
0.012583
0.013082
0.013486
0.013723
0.013784
0.013695
0.013495
0.013226
0.012935
0.012662
0.012426
0.012224
0.012041
0.011857
0.011652
0.011415
0.011157
0.010893
0.010619
0.010323
0.010009
0.009701
0.009426
0.009195
0.009011
0.008879
0.008803
0.008786
0.008834
0.008953
0.009130
0.009338
0.009559
0.009802
0.010087
0.010420
0.010793
0.011193
0.011624
0.012112
0.012690
0.013369
0.014096
0.014756
0.015227
0.015449
0.015435
0.015240
0.014919
0.014513
0.014052
0.013558
0.013057
0.012570
0.012103
0.011635
0.011153
0.010675
0.010247
0.009895
0.009613
0.009385
0.009203
0.009061
0.008935
0.008798
0.008649
0.008510
0.008410
0.008371
0.008409
0.008527
0.008710
0.008933
0.009175
0.009430
0.009704
0.009997
0.010294
0.010565
0.010773
0.010898
0.010953
0.010984
0.011044
0.011170
0.011376
0.011652
0.011966
0.012262
0.012457
0.012467
0.012250
0.011841
0.011327
0.010797
0.010313
0.009921
0.009656
0.009522
0.009480
0.009477
0.009483
0.009504
0.009546
0.009611
0.009697
0.009803
0.009913
0.009995
0.010026
0.010005
0.009951
0.009892
0.009853
0.009851
0.009884
0.009933
0.009983
0.010021
0.010034
0.010014
0.009970
0.009917
0.009846
0.009736
0.009586
0.009435
0.009319
0.009232
0.009145
0.009060
0.009005
0.009000
0.009040
0.009107
0.009187
0.009260
0.009304
0.009310
0.009292
0.009267
0.009246
0.009238
0.009254
0.009303
0.009387
0.009511
0.009686
0.009923
0.010210
0.010520
0.010825
0.011116
0.011400
0.011701
0.012042
0.012426
0.012831
0.013237
0.013654
0.014119
0.014683
0.015396
0.016296
0.017368
0.018515
0.019602
0.020554
0.021402
0.022199
0.022913
0.023438
0.023707
0.023764
0.023702
0.023567
0.023340
0.023009
0.022596
0.022129
0.021597
0.020976
0.020288
0.019596
0.018962
0.018413
0.017952
0.017591
0.017357
0.017268
0.017312
0.017466
0.017720
0.018104
0.018676
0.019484
0.020550
0.021870
0.023418
0.025143
0.026964
0.028789
0.030551
0.032223
0.033798
0.035270
0.036647
0.037995
0.039469
0.041272
0.043517
0.046089
0.048634
0.050704
0.051999
0.052521
0.052548
0.052461
0.052547
0.052892
0.053386
0.053810
0.053939
0.053634
0.052874
0.051741
0.050358
0.048832
0.047226
0.045573
0.043908
0.042281
0.040763
0.039426
0.038313
0.037427
0.036740
0.036236
0.035908
0.035727
0.035610
0.035468
0.035297
0.035222
0.035425
0.036033
0.037073
0.038506
0.040255
0.042165
0.043977
0.045403
0.046274
0.046610
0.046523
0.046070
0.045222
0.043973
0.042451
0.040885
0.039497
0.038420
0.037693
0.037299
0.037208
0.037407
0.037913
0.038731
0.039796
0.040952
0.042009
0.042812
0.043279
0.043396
0.043183
0.042652
0.041761
0.040429
0.038632
0.036468
0.034132
0.031821
0.029666
0.027733
0.026049
0.024604
0.023366
0.022304
0.021414
0.020694
0.020106
0.019589
0.019114
0.018710
0.018434
0.018318
0.018358
0.018537
0.018846
0.019283
0.019835
0.020471
0.021159
0.021876
0.022600
0.023291
0.023883
0.024306
0.024520
0.024535
0.024411
0.024237
0.024097
0.024055
0.024147
0.024384
0.024775
0.025343
0.026112
0.027061
0.028072
0.028932
0.029416
0.029406
0.028941
0.028171
0.027251
0.026291
0.025356
0.024504
0.023786
0.023223
0.022803
0.022509
0.022350
0.022364
0.022589
0.023045
0.023738
0.024660
0.025768
0.026977
0.028192
0.029357
0.030472
0.031556
0.032620
0.033668
0.034711
0.035751
0.036748
0.037638
0.038377
0.038975
0.039472
0.039916
0.040341
0.040743
0.041074
0.041258
0.041259
0.041121
0.040938
0.040799
0.040754
0.040818
0.040974
0.041178
0.041378
0.041561
0.041775
0.042107
0.042604
0.043199
0.043697
0.043864
0.043575
0.042897
0.042041
0.041246
0.040699
0.040517
0.040738
0.041311
0.042114
0.043020
0.043939
0.044824
0.045650
0.046416
0.047146
0.047877
0.048657
0.049560
0.050702
0.052199
0.054108
0.056429
0.059162
0.062346
0.066033
0.070208
0.074739
0.079378
0.083809
0.087720
0.090885
0.093240
0.094890
0.096032
0.096811
0.097196
0.096978
0.095882
0.093710
0.090435
0.086191
0.081196
0.075675
0.069839
0.063921
0.058201
0.052967
0.048437
0.044709
0.041764
0.039488
0.037708
0.036256
0.035049
0.034099
0.033473
0.033229
0.033406
0.034026
0.035079
0.036512
0.038242
0.040182
0.042254
0.044404
0.046642
0.049062
0.051792
0.054922
0.058453
0.062256
0.066019
0.069264
0.071490
0.072386
0.071922
0.070284
0.067735
0.064548
0.060985
0.057269
0.053573
0.050028
0.046725
0.043703
0.040924
0.038307
0.035792
0.033370
0.031081
0.028983
0.027128
0.025528
0.024152
0.022954
0.021905
0.020996
0.020230
0.019608
0.019135
0.018801
0.018580
0.018444
0.018394
0.018459
0.018646
0.018901
0.019124
0.019245
0.019288
0.019369
0.019587
0.019923
0.020252
0.020454
0.020511
0.020479
0.020399
0.020254
0.020025
0.019746
0.019497
0.019348
0.019307
0.019324
0.019328
0.019290
0.019236
0.019222
0.019294
0.019470
0.019745
0.020099
0.020506
0.020941
0.021392
0.021859
0.022335
0.022813
0.023298
0.023809
0.024344
0.024872
0.025351
0.025759
0.026113
0.026463
0.026870
0.027379
0.028014
0.028783
0.029707
0.030815
0.032112
0.033544
0.035003
0.036379
0.037591
0.038591
0.039343
0.039805
0.039960
0.039839
0.039504
0.039001
0.038325
0.037456
0.036407
0.035227
0.033990
0.032777
0.031674
0.030744
0.029987
0.029353
0.028792
0.028293
0.027868
0.027521
0.027238
0.027012
0.026847
0.026761
0.026781
0.026932
0.027221
0.027624
0.028106
0.028634
0.029189
0.029761
0.030361
0.031040
0.031873
0.032924
0.034221
0.035749
0.037447
0.039213
0.040902
0.042349
0.043409
0.044008
0.044169
0.044000
0.043639
0.043205
0.042790
0.042467
0.042282
0.042219
0.042186
0.042044
0.041645
0.040865
0.039635
0.037972
0.035994
0.033884
0.031820
0.029923
0.028269
0.026893
0.025779
0.024850
0.024007
0.023196
0.022426
0.021724
0.021097
0.020545
0.020088
0.019755
0.019543
0.019419
0.019361
0.019372
0.019465
0.019644
0.019901
0.020223
0.020584
0.020955
0.021312
0.021652
0.021985
0.022321
0.022671
0.023039
0.023428
0.023847
0.024336
0.024964
0.025802
0.026879
0.028156
0.029517
0.030808
0.031908
0.032810
0.033602
0.034368
0.035069
0.035524
0.035514
0.034933
0.033862
0.032526
0.031159
0.029888
0.028716
0.027606
0.026557
0.025590
0.024718
0.023934
0.023241
0.022660
0.022209
0.021882
0.021642
0.021439
0.021236
0.021040
0.020908
0.020901
0.021043
0.021342
0.021832
0.022584
0.023661
0.025092
0.026889
0.029055
0.031545
0.034228
0.036935
0.039558
0.042115
0.044683
0.047255
0.049644
0.051551
0.052756
0.053292
0.053425
0.053436
0.053408
0.053193
0.052584
0.051528
0.050203
0.048916
0.047927
0.047323
0.047035
0.046930
0.046891
0.046835
0.046699
0.046434
0.046040
0.045570
0.045089
0.044598
0.043994
0.043133
0.041954
0.040549
0.039099
0.037740
0.036504
0.035382
0.034400
0.033629
0.033142
0.032982
0.033166
0.033674
0.034418
0.035244
0.036005
0.036638
0.037210
0.037842
0.038572
0.039245
0.039582
0.039380
0.038662
0.037633
0.036504
0.035370
0.034239
0.033120
0.032046
0.031057
0.030188
0.029481
0.028978
0.028701
0.028647
0.028805
0.029162
0.029674
0.030241
0.030712
0.030927
0.030783
0.030272
0.029472
0.028499
0.027464
0.026447
0.025507
0.024691
0.024050
0.023634
0.023463
0.023504
0.023671
0.023879
0.024088
0.024285
0.024424
0.024391
0.024064
0.023392
0.022430
0.021300
0.020126
0.019007
0.018020
0.017228
0.016653
0.016269
0.016017
0.015848
0.015751
0.015738
0.015820
0.015998
0.016257
0.016582
0.016955
0.017371
0.017838
0.018370
0.018983
0.019683
0.020453
0.021232
0.021931
0.022470
0.022823
0.023010
0.023081
0.023110
0.023194
0.023442
0.023937
0.024727
0.025839
0.027259
0.028901
0.030588
0.032097
0.033212
0.033752
0.033606
0.032772
0.031373
0.029610
0.027689
0.025781
0.024013
0.022463
0.021156
0.020085
0.019230
0.018571
0.018072
0.017684
0.017371
0.017121
0.016937
0.016820
0.016762
0.016741
0.016721
0.016683
0.016645
0.016657
0.016768
0.017023
0.017463
0.018109
0.018931
0.019839
0.020737
0.021572
0.022346
0.023087
0.023839
0.024657
0.025607
0.026743
0.028081
0.029558
0.031017
0.032239
0.033007
0.033159
0.032619
0.031427
0.029757
0.027870
0.025998
0.024262
0.022702
0.021346
0.020221
0.019318
0.018597
0.018031
0.017638
0.017428
0.017364
0.017363
0.017344
0.017259
0.017110
0.016943
0.016834
0.016845
0.016991
0.017240
0.017540
0.017853
0.018186
0.018593
0.019144
0.019881
0.020813
0.021940
0.023257
0.024708
0.026154
0.027438
0.028492
0.029369
0.030156
0.030846
0.031305
0.031376
0.031000
0.030260
0.029315
0.028327
0.027415
0.026662
0.026125
0.025846
0.025855
0.026179
0.026840
0.027861
0.029269
0.031083
0.033275
0.035727
0.038238
0.040576
0.042572
0.044186
0.045491
0.046546
0.047285
0.047549
0.047253
0.046529
0.045662
0.044929
0.044479
0.044351
0.044507
0.044859
0.045316
0.045841
0.046404
0.046878
0.047025
0.046666
0.045843
0.044771
0.043613
0.042371
0.040981
0.039456
0.037920
0.036530
0.035403
0.034615
0.034210
0.034198
0.034574
0.035339
0.036522
0.038148
0.040165
0.042413
0.044692
0.046892
0.049008
0.050994
0.052614
0.053517
0.053513
0.052739
0.051511
0.050039
0.048305
0.046215
0.043792
0.041225
0.038772
0.036661
0.035021
0.033845
0.033003
0.032340
0.031795
0.031412
0.031229
0.031183
0.031141
0.031000
0.030757
0.030482
0.030257
0.030129
0.030105
0.030173
0.030338
0.030641
0.031138
0.031856
0.032772
0.033835
0.035018
0.036358
0.037930
0.039751
0.041691
0.043473
0.044829
0.045656
0.046016
0.045981
0.045498
0.044446
0.042789
0.040664
0.038318
0.035989
0.033835
0.031930
0.030290
0.028898
0.027721
0.026724
0.025871
0.025129
0.024470
0.023875
0.023338
0.022866
0.022477
0.022183
0.021984
0.021879
0.021880
0.022005
0.022271
0.022699
0.023334
0.024237
0.025438
0.026903
0.028527
0.030160
0.031621
0.032739
0.033409
0.033637
0.033521
0.033193
0.032750
0.032254
0.031755
0.031304
0.030937
0.030638
0.030347
0.029987
0.029493
0.028830
0.027994
0.027019
0.025975
0.024953
0.024034
0.023268
0.022675
0.022254
0.022004
0.021936
0.022060
0.022361
0.022791
0.023287
0.023798
0.024283
0.024712
0.025061
0.025318
0.025471
0.025497
0.025389
0.025187
0.024971
0.024814
0.024746
0.024769
0.024886
0.025106
0.025413
0.025742
0.025984
0.026024
0.025784
0.025256
0.024498
0.023603
0.022660
0.021751
0.020948
0.020306
0.019847
0.019563
0.019436
0.019464
0.019663
0.020038
0.020535
0.021032
0.021378
0.021476
0.021319
0.020973
0.020513
0.019996
0.019464
0.018959
0.018525
0.018186
0.017945
0.017786
0.017688
0.017634
0.017602
0.017573
0.017547
0.017549
0.017625
0.017813
0.018118
0.018488
0.018809
0.018933
0.018755
0.018266
0.017556
0.016755
0.015974
0.015280
0.014700
0.014236
0.013879
0.013620
0.013447
0.013346
0.013307
0.013325
0.013393
0.013497
0.013615
0.013740
0.013887
0.014079
0.014329
0.014630
0.014964
0.015316
0.015677
0.016047
0.016416
0.016767
0.017089
0.017369
0.017576
0.017647
0.017540
0.017271
0.016908
0.016519
0.016141
0.015804
0.015536
0.015341
0.015199
0.015089
0.015015
0.014984
0.014989
0.015025
0.015109
0.015257
0.015459
0.015677
0.015878
0.016044
0.016171
0.016279
0.016414
0.016631
0.016951
0.017366
0.017854
0.018408
0.019033
0.019732
0.020481
0.021200
0.021770
0.022098
0.022166
0.022029
0.021760
0.021424
0.021087
0.020803
0.020594
0.020449
0.020343
0.020258
0.020157
0.019991
0.019731
0.019387
0.018997
0.018600
0.018223
0.017886
0.017591
0.017325
0.017079
0.016868
0.016722
0.016648
0.016626
0.016618
0.016606
0.016586
0.016558
0.016507
0.016413
0.016263
0.016065
0.015837
0.015600
0.015378
0.015197
0.015081
0.015043
0.015090
0.015229
0.015456
0.015752
0.016076
0.016380
0.016603
0.016692
0.016619
0.016416
0.016162
0.015945
0.015825
0.015816
0.015887
0.015994
0.016122
0.016303
0.016577
0.016936
0.017333
0.017734
0.018133
0.018529
0.018902
0.019235
0.019529
0.019775
0.019934
0.019968
0.019874
0.019678
0.019414
0.019114
0.018826
0.018579
0.018365
0.018148
0.017904
0.017631
0.017330
0.017006
0.016682
0.016393
0.016154
0.015948
0.015750
0.015560
0.015396
0.015283
0.015242
0.015281
0.015384
0.015526
0.015703
0.015943
0.016255
0.016586
0.016838
0.016951
0.016938
0.016861
0.016782
0.016742
0.016783
0.016942
0.017240
0.017674
0.018241
0.018950
0.019781
0.020636
0.021343
0.021731
0.021720
0.021350
0.020729
0.019976
0.019186
0.018429
0.017754
0.017185
0.016722
0.016343
0.016009
0.015678
0.015319
0.014926
0.014523
0.014154
0.013866
0.013675
0.013552
0.013445
0.013328
0.013224
0.013188
0.013256
0.013421
0.013665
0.013982
0.014388
0.014899
0.015529
0.016284
0.017165
0.018167
0.019267
0.020420
0.021525
0.022423
0.022959
0.023092
0.022939
0.022688
0.022465
0.022286
0.022105
0.021875
0.021540
0.021019
0.020248
0.019222
0.018015
0.016733
0.015481
0.014348
0.013389
0.012614
0.011996
0.011511
0.011156
0.010926
0.010787
0.010688
0.010593
0.010502
0.010441
0.010429
0.010460
0.010519
0.010606
0.010747
0.010976
0.011321
0.011807
0.012465
0.013334
0.014437
0.015783
0.017365
0.019145
0.021020
0.022827
0.024394
0.025622
0.026483
0.026968
0.027028
0.026611
0.025730
0.024500
0.023099
0.021691
0.020384
0.019210
0.018142
0.017125
0.016129
0.015178
0.014326
0.013610
0.013035
0.012602
0.012326
0.012226
0.012300
0.012525
0.012867
0.013287
0.013729
0.014126
0.014440
0.014687
0.014925
0.015227
0.015658
0.016260
0.017041
0.017947
0.018861
0.019660
0.020274
0.020718
0.021080
0.021476
0.022035
0.022858
0.023966
0.025254
0.026506
0.027462
0.027885
0.027614
0.026622
0.025055
0.023195
0.021341
0.019688
0.018312
0.017211
0.016354
0.015698
0.015189
0.014772
0.014405
0.014065
0.013748
0.013470
0.013246
0.013091
0.013025
0.013072
0.013243
0.013513
0.013834
0.014166
0.014485
0.014770
0.014997
0.015155
0.015276
0.015422
0.015639
0.015901
0.016119
0.016188
0.016062
0.015789
0.015481
0.015260
0.015200
0.015286
0.015419
0.015460
0.015309
0.014952
0.014452
0.013903
0.013394
0.012991
0.012712
0.012527
0.012381
0.012230
0.012062
0.011880
0.011692
0.011516
0.011373
0.011284
0.011253
0.011271
0.011329
0.011425
0.011561
0.011734
0.011936
0.012159
0.012410
0.012686
0.012959
0.013198
0.013406
0.013616
0.013832
0.014001
0.014055
0.013969
0.013774
0.013513
0.013225
0.012944
0.012688
0.012455
0.012235
0.012042
0.011905
0.011836
0.011835
0.011921
0.012119
0.012428
0.012806
0.013221
0.013681
0.014203
0.014774
0.015364
0.015970
0.016626
0.017374
0.018233
0.019202
0.020285
0.021513
0.022951
0.024665
0.026683
0.028965
0.031404
0.033817
0.035947
0.037516
0.038333
0.038365
0.037733
0.036637
0.035278
0.033818
0.032361
0.030958
0.029634
0.028391
0.027216
0.026090
0.025011
0.023994
0.023061
0.022220
0.021484
0.020868
0.020367
0.019961
0.019653
0.019487
0.019505
0.019709
0.020066
0.020563
0.021217
0.022050
0.023073
0.024295
0.025723
0.027334
0.029062
0.030808
0.032471
0.033989
0.035351
0.036595
0.037778
0.038956
0.040177
0.041457
0.042752
0.043958
0.044941
0.045559
0.045646
0.045030
0.043621
0.041506
0.038930
0.036170
0.033439
0.030871
0.028545
0.026489
0.024689
0.023116
0.021757
0.020603
0.019640
0.018849
0.018215
0.017722
0.017352
0.017090
0.016922
0.016834
0.016807
0.016830
0.016905
0.017036
0.017228
0.017498
0.017862
0.018321
0.018851
0.019411
0.019955
0.020439
0.020819
0.021072
0.021190
0.021168
0.021001
0.020707
0.020323
0.019897
0.019474
0.019099
0.018799
0.018567
0.018372
0.018204
0.018086
0.018032
0.018023
0.018030
0.018042
0.018040
0.017985
0.017854
0.017686
0.017562
0.017534
0.017620
0.017824
0.018133
0.018460
0.018646
0.018558
0.018186
0.017620
0.016966
0.016298
0.015666
0.015111
0.014642
0.014225
0.013812
0.013382
0.012947
0.012528
0.012129
0.011741
0.011350
0.010953
0.010560
0.010189
0.009865
0.009611
0.009442
0.009365
0.009381
0.009485
0.009667
0.009923
0.010270
0.010735
0.011315
0.011959
0.012602
0.013213
0.013791
0.014322
0.014774
0.015133
0.015437
0.015732
0.016023
0.016273
0.016444
0.016514
0.016468
0.016296
0.016019
0.015683
0.015320
0.014927
0.014491
0.014023
0.013549
0.013074
0.012579
0.012051
0.011515
0.011020
0.010617
0.010337
0.010173
0.010086
0.010044
0.010047
0.010119
0.010272
0.010477
0.010682
0.010839
0.010921
0.010926
0.010895
0.010902
0.011004
0.011205
0.011457
0.011698
0.011893
0.012049
0.012217
0.012471
0.012869
0.013417
0.014053
0.014674
0.015166
0.015442
0.015472
0.015290
0.014962
0.014547
0.014080
0.013598
0.013147
0.012764
0.012446
0.012169
0.011918
0.011695
0.011507
0.011344
0.011196
0.011063
0.010957
0.010878
0.010810
0.010735
0.010642
0.010528
0.010390
0.010235
0.010081
0.009942
0.009810
0.009655
0.009457
0.009220
0.008971
0.008734
0.008533
0.008387
0.008299
0.008250
0.008221
0.008212
0.008241
0.008313
0.008417
0.008532
0.008644
0.008738
0.008790
0.008771
0.008667
0.008496
0.008303
0.008138
0.008010
0.007891
0.007753
0.007609
0.007495
0.007434
0.007433
0.007488
0.007583
0.007672
0.007703
0.007670
0.007615
0.007590
0.007617
0.007685
0.007774
0.007858
0.007911
0.007928
0.007934
0.007963
0.008036
0.008156
0.008311
0.008469
0.008601
0.008706
0.008820
0.008969
0.009143
0.009308
0.009443
0.009554
0.009655
0.009758
0.009871
0.009989
0.010110
0.010241
0.010401
0.010601
0.010820
0.011020
0.011153
0.011166
0.011024
0.010745
0.010399
0.010062
0.009761
0.009491
0.009252
0.009061
0.008931
0.008860
0.008834
0.008839
0.008853
0.008864
0.008871
0.008882
0.008897
0.008916
0.008954
0.009035
0.009174
0.009367
0.009600
0.009849
0.010083
0.010279
0.010435
0.010559
0.010652
0.010709
0.010734
0.010730
0.010682
0.010581
0.010452
0.010335
0.010247
0.010177
0.010124
0.010109
0.010145
0.010214
0.010291
0.010364
0.010430
0.010489
0.010533
0.010553
0.010531
0.010457
0.010348
0.010229
0.010109
0.009973
0.009823
0.009685
0.009587
0.009533
0.009517
0.009555
0.009668
0.009847
0.010057
0.010256
0.010417
0.010530
0.010610
0.010691
0.010795
0.010920
0.011046
0.011159
0.011251
0.011316
0.011360
0.011415
0.011515
0.011660
0.011811
0.011923
0.011969
0.011948
0.011872
0.011754
0.011608
0.011449
0.011309
0.011229
0.011238
0.011328
0.011463
0.011601
0.011706
0.011754
0.011747
0.011719
0.011720
0.011768
0.011838
0.011886
0.011895
0.011889
0.011899
0.011930
0.011953
0.011935
0.011877
0.011818
0.011802
0.011858
0.011981
0.012153
0.012360
0.012598
0.012865
0.013152
0.013434
0.013691
0.013923
0.014136
0.014337
0.014534
0.014747
0.014995
0.015275
0.015560
0.015825
0.016059
0.016247
0.016370
0.016419
0.016421
0.016415
0.016425
0.016459
0.016521
0.016617
0.016736
0.016849
0.016925
0.016943
0.016904
0.016829
0.016744
0.016675
0.016640
0.016652
0.016704
0.016775
0.016867
0.017031
0.017351
0.017889
0.018658
0.019638
0.020762
0.021852
0.022641
0.022909
0.022643
0.022033
0.021324
0.020699
0.020262
0.020071
0.020124
0.020366
0.020729
0.021169
0.021661
0.022180
0.022722
0.023316
0.024004
0.024804
0.025721
0.026794
0.028086
0.029635
0.031404
0.033279
0.035066
0.036519
0.037402
0.037595
0.037144
0.036210
0.034968
0.033560
0.032110
0.030727
0.029473
0.028334
0.027243
0.026151
0.025053
0.023995
0.023054
0.022320
0.021858
0.021690
0.021799
0.022170
0.022783
0.023557
0.024317
0.024843
0.024985
0.024757
0.024323
0.023916
0.023722
0.023835
0.024263
0.024966
0.025865
0.026833
0.027734
0.028487
0.029106
0.029672
0.030276
0.030988
0.031850
0.032872
0.034027
0.035274
0.036554
0.037740
0.038597
0.038833
0.038238
0.036795
0.034683
0.032183
0.029574
0.027063
0.024773
0.022762
0.021050
0.019631
0.018487
0.017583
0.016872
0.016288
0.015766
0.015275
0.014818
0.014399
0.013987
0.013539
0.013051
0.012561
0.012120
0.011761
0.011503
0.011351
0.011305
0.011367
0.011534
0.011782
0.012047
0.012263
0.012417
0.012545
0.012678
0.012801
0.012885
0.012919
0.012927
0.012954
0.013062
0.013306
0.013699
0.014204
0.014765
0.015321
0.015778
0.015999
0.015858
0.015324
0.014484
0.013489
0.012481
0.011549
0.010727
0.010019
0.009427
0.008948
0.008566
0.008258
0.008014
0.007834
0.007714
0.007634
0.007573
0.007516
0.007445
0.007338
0.007194
0.007036
0.006888
0.006752
0.006619
0.006491
0.006385
0.006309
0.006267
0.006260
0.006275
0.006289
0.006287
0.006277
0.006278
0.006298
0.006330
0.006366
0.006397
0.006410
0.006392
0.006351
0.006303
0.006259
0.006223
0.006202
0.006198
0.006204
0.006213
0.006236
0.006294
0.006388
0.006496
0.006589
0.006651
0.006675
0.006662
0.006625
0.006581
0.006535
0.006471
0.006374
0.006253
0.006137
0.006044
0.005967
0.005886
0.005798
0.005722
0.005681
0.005663
0.005633
0.005569
0.005480
0.005384
0.005293
0.005213
0.005156
0.005122
0.005087
0.005037
0.004991
0.004975
0.004993
0.005024
0.005067
0.005136
0.005228
0.005311
0.005351
0.005353
0.005347
0.005360
0.005397
0.005442
0.005476
0.005496
0.005525
0.005584
0.005662
0.005730
0.005760
0.005747
0.005694
0.005608
0.005508
0.005422
0.005366
0.005342
0.005345
0.005370
0.005406
0.005441
0.005473
0.005510
0.005559
0.005621
0.005711
0.005846
0.006030
0.006240
0.006448
0.006653
0.006882
0.007173
0.007555
0.008041
0.008645
0.009391
0.010305
0.011364
0.012485
0.013580
0.014616
0.015587
0.016466
0.017210
0.017825
0.018381
0.018947
0.019536
0.020137
0.020760
0.021411
0.022054
0.022625
0.023076
0.023381
0.023514
0.023451
0.023200
0.022804
0.022316
0.021792
0.021291
0.020848
0.020430
0.019941
0.019295
0.018474
0.017521
0.016496
0.015464
0.014504
0.013680
0.013010
0.012461
0.012001
0.011635
0.011380
0.011226
0.011132
0.011079
0.011077
0.011133
0.011223
0.011313
0.011408
0.011540
0.011720
0.011916
0.012078
0.012176
0.012200
0.012147
0.012027
0.011867
0.011694
0.011523
0.011365
0.011241
0.011168
0.011142
0.011141
0.011131
0.011075
0.010932
0.010684
0.010355
0.009988
0.009615
0.009253
0.008915
0.008621
0.008374
0.008167
0.007992
0.007841
0.007703
0.007557
0.007389
0.007197
0.006993
0.006794
0.006624
0.006505
0.006445
0.006434
0.006454
0.006482
0.006492
0.006464
0.006397
0.006296
0.006164
0.005995
0.005790
0.005572
0.005373
0.005220
0.005124
0.005077
0.005072
0.005106
0.005182
0.005287
0.005392
0.005477
0.005538
0.005591
0.005654
0.005746
0.005884
0.006072
0.006292
0.006518
0.006742
0.006973
0.007223
0.007514
0.007879
0.008355
0.008957
0.009672
0.010476
0.011326
0.012151
0.012865
0.013422
0.013827
0.014097
0.014231
0.014217
0.014069
0.013827
0.013553
0.013323
0.013202
0.013216
0.013329
0.013482
0.013628
0.013731
0.013746
0.013633
0.013368
0.012939
0.012340
0.011586
0.010746
0.009918
0.009173
0.008524
0.007960
0.007476
0.007072
0.006737
0.006471
0.006298
0.006247
0.006311
0.006453
0.006641
0.006875
0.007176
0.007564
0.008058
0.008675
0.009405
0.010186
0.010916
0.011517
0.011973
0.012314
0.012559
0.012698
0.012705
0.012575
0.012329
0.012019
0.011731
0.011552
0.011523
0.011610
0.011737
0.011832
0.011851
0.011786
0.011656
0.011480
0.011253
0.010944
0.010538
0.010069
0.009594
0.009131
0.008654
0.008141
0.007613
0.007111
0.006654
0.006249
0.005907
0.005645
0.005456
0.005322
0.005236
0.005205
0.005234
0.005309
0.005406
0.005510
0.005607
0.005687
0.005762
0.005856
0.005981
0.006123
0.006253
0.006342
0.006366
0.006296
0.006115
0.005845
0.005537
0.005242
0.004982
0.004760
0.004583
0.004454
0.004363
0.004284
0.004193
0.004083
0.003968
0.003865
0.003785
0.003726
0.003684
0.003655
0.003634
0.003616
0.003601
0.003598
0.003610
0.003629
0.003638
0.003630
0.003612
0.003598
0.003595
0.003607
0.003640
0.003698
0.003776
0.003864
0.003953
0.004033
0.004105
0.004175
0.004254
0.004341
0.004425
0.004512
0.004631
0.004815
0.005069
0.005364
0.005676
0.005992
0.006293
0.006533
0.006658
0.006651
0.006540
0.006368
0.006156
0.005912
0.005659
0.005430
0.005240
0.005082
0.004942
0.004824
0.004733
0.004665
0.004609
0.004580
0.004601
0.004681
0.004798
0.004924
0.005037
0.005110
0.005116
0.005045
0.004922
0.004782
0.004639
0.004484
0.004313
0.004136
0.003968
0.003821
0.003703
0.003621
0.003573
0.003558
0.003571
0.003596
0.003601
0.003570
0.003520
0.003489
0.003492
0.003517
0.003558
0.003616
0.003690
0.003771
0.003859
0.003975
0.004132
0.004317
0.004501
0.004656
0.004760
0.004802
0.004789
0.004750
0.004713
0.004695
0.004706
0.004754
0.004844
0.004977
0.005161
0.005409
0.005716
0.006050
0.006377
0.006690
0.007013
0.007388
0.007872
0.008494
0.009210
0.009887
0.010374
0.010577
0.010477
0.010092
0.009468
0.008700
0.007920
0.007231
0.006664
0.006193
0.005791
0.005451
0.005173
0.004941
0.004730
0.004529
0.004346
0.004199
0.004096
0.004033
0.003997
0.003983
0.003987
0.004003
0.004029
0.004068
0.004125
0.004209
0.004338
0.004539
0.004830
0.005201
0.005628
0.006109
0.006663
0.007316
0.008080
0.008961
0.009941
0.010946
0.011844
0.012503
0.012851
0.012903
0.012726
0.012401
0.011994
0.011545
0.011070
0.010577
0.010079
0.009597
0.009142
0.008707
0.008276
0.007839
0.007405
0.006996
0.006634
0.006327
0.006064
0.005821
0.005573
0.005307
0.005032
0.004777
0.004570
0.004416
0.004301
0.004216
0.004164
0.004149
0.004167
0.004219
0.004301
0.004393
0.004458
0.004469
0.004422
0.004329
0.004198
0.004046
0.003899
0.003786
0.003716
0.003688
0.003706
0.003773
0.003874
0.003987
0.004100
0.004219
0.004339
0.004440
0.004498
0.004517
0.004521
0.004525
0.004517
0.004476
0.004408
0.004352
0.004343
0.004382
0.004441
0.004497
0.004554
0.004612
0.004652
0.004645
0.004588
0.004511
0.004438
0.004370
0.004302
0.004240
0.004204
0.004209
0.004268
0.004397
0.004604
0.004883
0.005203
0.005527
0.005825
0.006095
0.006370
0.006702
0.007140
0.007691
0.008332
0.009033
0.009767
0.010489
0.011112
0.011527
0.011667
0.011540
0.011215
0.010774
0.010286
0.009799
0.009341
0.008915
0.008510
0.008123
0.007758
0.007423
0.007119
0.006845
0.006602
0.006386
0.006177
0.005948
0.005690
0.005425
0.005189
0.005011
0.004902
0.004861
0.004889
0.004983
0.005135
0.005332
0.005555
0.005784
0.005978
0.006092
0.006102
0.006023
0.005901
0.005781
0.005706
0.005705
0.005782
0.005894
0.005973
0.005971
0.005895
0.005787
0.005686
0.005620
0.005616
0.005694
0.005830
0.005960
0.006019
0.006002
0.005958
0.005937
0.005970
0.006081
0.006303
0.006650
0.007078
0.007511
0.007908
0.008299
0.008749
0.009300
0.009943
0.010614
0.011201
0.011570
0.011637
0.011416
0.011011
0.010537
0.010071
0.009657
0.009338
0.009165
0.009170
0.009354
0.009694
0.010154
0.010672
0.011145
0.011435
0.011425
0.011078
0.010452
0.009663
0.008824
0.008019
0.007296
0.006667
0.006118
0.005639
0.005235
0.004906
0.004628
0.004376
0.004152
0.003979
0.003857
0.003751
0.003635
0.003521
0.003437
0.003390
0.003370
0.003369
0.003384
0.003405
0.003426
0.003457
0.003509
0.003568
0.003603
0.003594
0.003552
0.003496
0.003434
0.003365
0.003296
0.003248
0.003242
0.003284
0.003358
0.003432
0.003488
0.003529
0.003573
0.003624
0.003673
0.003706
0.003717
0.003705
0.003676
0.003647
0.003636
0.003646
0.003666
0.003688
0.003713
0.003742
0.003761
0.003755
0.003726
0.003691
0.003660
0.003629
0.003594
0.003562
0.003539
0.003524
0.003509
0.003497
0.003496
0.003505
0.003505
0.003477
0.003429
0.003382
0.003342
0.003290
0.003216
0.003138
0.003081
0.003043
0.002994
0.002920
0.002840
0.002782
0.002759
0.002767
0.002803
0.002864
0.002933
0.002989
0.003024
0.003052
0.003088
0.003136
0.003184
0.003217
0.003229
0.003222
0.003210
0.003206
0.003210
0.003214
0.003220
0.003246
0.003304
0.003375
0.003428
0.003455
0.003491
0.003566
0.003680
0.003802
0.003917
0.004042
0.004205
0.004411
0.004645
0.004890
0.005129
0.005342
0.005504
0.005589
0.005592
0.005530
0.005429
0.005306
0.005163
0.005004
0.004840
0.004686
0.004550
0.004438
0.004358
0.004310
0.004266
0.004197
0.004106
0.004033
0.004008
0.004024
0.004050
0.004065
0.004069
0.004065
0.004058
0.004058
0.004070
0.004081
0.004071
0.004038
0.003994
0.003947
0.003886
0.003811
0.003745
0.003711
0.003716
0.003743
0.003773
0.003798
0.003815
0.003831
0.003850
0.003868
0.003879
0.003888
0.003903
0.003925
0.003939
0.003930
0.003901
0.003878
0.003891
0.003957
0.004060
0.004169
0.004265
0.004356
0.004464
0.004595
0.004743
0.004911
0.005111
0.005347
0.005611
0.005899
0.006219
0.006591
0.007019
0.007482
0.007937
0.008326
0.008604
0.008758
0.008809
0.008789
0.008736
0.008689
0.008681
0.008730
0.008844
0.009025
0.009248
0.009435
0.009487
0.009346
0.009040
0.008647
0.008230
0.007818
0.007421
0.007051
0.006715
0.006419
0.006168
0.005960
0.005781
0.005624
0.005504
0.005439
0.005426
0.005442
0.005470
0.005521
0.005620
0.005786
0.006021
0.006317
0.006669
0.007079
0.007541
0.008023
0.008453
0.008752
0.008885
0.008884
0.008805
0.008673
0.008458
0.008125
0.007683
0.007184
0.006686
0.006222
0.005809
0.005463
0.005188
0.004960
0.004749
0.004555
0.004406
0.004322
0.004287
0.004268
0.004248
0.004232
0.004236
0.004284
0.004399
0.004588
0.004823
0.005070
0.005312
0.005556
0.005823
0.006141
0.006527
0.006954
0.007324
0.007516
0.007475
0.007256
0.006964
0.006673
0.006399
0.006135
0.005874
0.005614
0.005359
0.005122
0.004919
0.004755
0.004621
0.004515
0.004438
0.004383
0.004323
0.004238
0.004134
0.004036
0.003962
0.003915
0.003890
0.003885
0.003892
0.003903
0.003919
0.003953
0.004009
0.004074
0.004128
0.004174
0.004232
0.004319
0.004432
0.004550
0.004656
0.004753
0.004857
0.004981
0.005127
0.005298
0.005517
0.005811
0.006178
0.006588
0.007014
0.007452
0.007894
0.008298
0.008596
0.008747
0.008755
0.008661
0.008512
0.008360
0.008257
0.008241
0.008324
0.008496
0.008723
0.008962
0.009181
0.009380
0.009580
0.009813
0.010128
0.010602
0.011313
0.012321
0.013680
0.015406
0.017366
0.019205
0.020486
0.021009
0.020962
0.020738
0.020577
0.020410
0.019993
0.019145
0.017870
0.016335
0.014766
0.013333
0.012086
0.010996
0.010038
0.009234
0.008615
0.008176
0.007889
0.007729
0.007679
0.007726
0.007845
0.007989
0.008093
0.008106
0.008026
0.007903
0.007797
0.007741
0.007757
0.007860
0.008040
0.008261
0.008494
0.008757
0.009104
0.009570
0.010114
0.010615
0.010919
0.010923
0.010636
0.010172
0.009667
0.009200
0.008779
0.008377
0.007978
0.007588
0.007229
0.006928
0.006709
0.006587
0.006568
0.006637
0.006758
0.006884
0.006971
0.006997
0.006976
0.006941
0.006918
0.006907
0.006896
0.006899
0.006961
0.007121
0.007386
0.007743
0.008172
0.008611
0.008943
0.009045
0.008882
0.008531
0.008118
0.007755
0.007516
0.007433
0.007495
0.007662
0.007908
0.008231
0.008632
0.009100
0.009622
0.010190
0.010793
0.011419
0.012076
0.012757
0.013362
0.013695
0.013596
0.013079
0.012314
0.011485
0.010688
0.009940
0.009229
0.008552
0.007920
0.007356
0.006887
0.006518
0.006227
0.005989
0.005788
0.005619
0.005478
0.005364
0.005277
0.005210
0.005152
0.005099
0.005054
0.005023
0.005020
0.005066
0.005176
0.005341
0.005543
0.005769
0.006014
0.006261
0.006477
0.006628
0.006693
0.006674
0.006590
0.006474
0.006346
0.006205
0.006051
0.005905
0.005795
0.005736
0.005731
0.005792
0.005937
0.006165
0.006452
0.006761
0.007042
0.007224
0.007246
0.007089
0.006798
0.006450
0.006112
0.005822
0.005585
0.005385
0.005212
0.005084
0.005026
0.005047
0.005137
0.005292
0.005531
0.005868
0.006297
0.006813
0.007414
0.008073
0.008702
0.009171
0.009376
0.009296
0.009000
0.008606
0.008212
0.007872
0.007604
0.007418
0.007327
0.007335
0.007445
0.007656
0.007938
0.008204
0.008341
0.008282
0.008042
0.007692
0.007317
0.006983
0.006720
0.006513
0.006332
0.006155
0.005984
0.005821
0.005674
0.005573
0.005559
0.005640
0.005772
0.005905
0.006015
0.006087
0.006101
0.006054
0.005986
0.005945
0.005946
0.005984
0.006068
0.006225
0.006463
0.006767
0.007121
0.007488
0.007787
0.007919
0.007843
0.007608
0.007311
0.007031
0.006809
0.006658
0.006566
0.006515
0.006501
0.006561
0.006740
0.007044
0.007413
0.007731
0.007875
0.007774
0.007442
0.006971
0.006472
0.006022
0.005649
0.005345
0.005090
0.004868
0.004683
0.004554
0.004493
0.004481
0.004472
0.004426
0.004327
0.004193
0.004056
0.003940
0.003857
0.003799
0.003760
0.003731
0.003707
0.003683
0.003658
0.003638
0.003630
0.003639
0.003672
0.003729
0.003801
0.003866
0.003900
0.003893
0.003856
0.003805
0.003746
0.003683
0.003627
0.003607
0.003647
0.003739
0.003847
0.003940
0.004017
0.004094
0.004170
0.004224
0.004250
0.004277
0.004344
0.004457
0.004578
0.004674
0.004748
0.004820
0.004882
0.004894
0.004824
0.004684
0.004516
0.004351
0.004202
0.004079
0.003990
0.003938
0.003909
0.003890
0.003882
0.003890
0.003912
0.003944
0.003985
0.004039
0.004101
0.004156
0.004193
0.004213
0.004224
0.004229
0.004222
0.004202
0.004174
0.004150
0.004128
0.004100
0.004067
0.004045
0.004051
0.004079
0.004110
0.004134
0.004152
0.004168
0.004175
0.004164
0.004137
0.004098
0.004053
0.004009
0.003976
0.003962
0.003959
0.003958
0.003960
0.003979
0.004020
0.004073
0.004117
0.004141
0.004137
0.004105
0.004043
0.003959
0.003868
0.003791
0.003741
0.003714
0.003701
0.003706
0.003743
0.003814
0.003904
0.003996
0.004084
0.004170
0.004238
0.004266
0.004253
0.004221
0.004194
0.004185
0.004193
0.004217
0.004253
0.004282
0.004291
0.004283
0.004281
0.004310
0.004378
0.004470
0.004562
0.004636
0.004694
0.004746
0.004800
0.004850
0.004877
0.004859
0.004799
0.004727
0.004671
0.004628
0.004577
0.004514
0.004464
0.004443
0.004437
0.004424
0.004407
0.004396
0.004384
0.004350
0.004296
0.004250
0.004224
0.004200
0.004164
0.004129
0.004112
0.004112
0.004117
0.004123
0.004121
0.004096
0.004044
0.003990
0.003971
0.003995
0.004037
0.004069
0.004093
0.004124
0.004169
0.004221
0.004268
0.004305
0.004338
0.004375
0.004415
0.004450
0.004470
0.004477
0.004482
0.004497
0.004535
0.004610
0.004737
0.004913
0.005109
0.005290
0.005431
0.005532
0.005612
0.005688
0.005776
0.005887
0.006044
0.006262
0.006546
0.006884
0.007273
0.007727
0.008273
0.008928
0.009703
0.010601
0.011608
0.012663
0.013654
0.014467
0.015029
0.015321
0.015358
0.015175
0.014843
0.014460
0.014119
0.013867
0.013715
0.013660
0.013689
0.013760
0.013808
0.013795
0.013730
0.013656
0.013613
0.013627
0.013721
0.013909
0.014166
0.014424
0.014584
0.014554
0.014275
0.013754
0.013054
0.012257
0.011430
0.010617
0.009848
0.009140
0.008502
0.007942
0.007480
0.007129
0.006877
0.006694
0.006567
0.006506
0.006510
0.006549
0.006581
0.006583
0.006551
0.006484
0.006379
0.006237
0.006068
0.005890
0.005726
0.005595
0.005503
0.005449
0.005430
0.005437
0.005449
0.005449
0.005440
0.005444
0.005468
0.005501
0.005530
0.005558
0.005585
0.005591
0.005550
0.005466
0.005371
0.005297
0.005249
0.005208
0.005159
0.005101
0.005053
0.005041
0.005067
0.005093
0.005078
0.005013
0.004927
0.004856
0.004807
0.004768
0.004728
0.004697
0.004694
0.004729
0.004780
0.004814
0.004813
0.004791
0.004775
0.004779
0.004793
0.004806
0.004824
0.004858
0.004908
0.004961
0.005003
0.005032
0.005067
0.005132
0.005238
0.005373
0.005507
0.005605
0.005642
0.005620
0.005570
0.005528
0.005508
0.005503
0.005502
0.005512
0.005549
0.005625
0.005740
0.005880
0.006009
0.006094
0.006119
0.006094
0.006047
0.006006
0.005988
0.006001
0.006037
0.006080
0.006120
0.006150
0.006161
0.006140
0.006087
0.006027
0.005988
0.005986
0.006022
0.006081
0.006136
0.006172
0.006201
0.006241
0.006275
0.006246
0.006127
0.005953
0.005787
0.005656
0.005557
0.005491
0.005476
0.005507
0.005546
0.005550
0.005514
0.005462
0.005424
0.005408
0.005398
0.005375
0.005344
0.005337
0.005384
0.005482
0.005594
0.005683
0.005733
0.005746
0.005741
0.005742
0.005768
0.005818
0.005872
0.005924
0.005987
0.006069
0.006157
0.006223
0.006251
0.006254
0.006264
0.006311
0.006398
0.006514
0.006655
0.006817
0.006979
0.007107
0.007193
0.007263
0.007327
0.007354
0.007311
0.007221
0.007141
0.007095
0.007059
0.007013
0.006972
0.006957
0.006967
0.006991
0.007020
0.007040
0.007031
0.006986
0.006925
0.006878
0.006862
0.006875
0.006905
0.006928
0.006933
0.006937
0.006964
0.007014
0.007055
0.007062
0.007040
0.007004
0.006958
0.006910
0.006874
0.006859
0.006845
0.006818
0.006786
0.006769
0.006764
0.006755
0.006731
0.006686
0.006611
0.006512
0.006416
0.006341
0.006275
0.006192
0.006096
0.006019
0.005980
0.005962
0.005951
0.005951
0.005975
0.006031
0.006112
0.006203
0.006278
0.006316
0.006321
0.006322
0.006339
0.006366
0.006381
0.006378
0.006373
0.006384
0.006407
0.006423
0.006414
0.006379
0.006326
0.006273
0.006240
0.006238
0.006259
0.006275
0.006268
0.006246
0.006233
0.006234
0.006236
0.006237
0.006252
0.006283
0.006305
0.006294
0.006254
0.006207
0.006167
0.006144
0.006155
0.006210
0.006288
0.006358
0.006406
0.006435
0.006444
0.006432
0.006409
0.006388
0.006363
0.006315
0.006255
0.006219
0.006231
0.006280
0.006341
0.006410
0.006496
0.006607
0.006738
0.006871
0.006982
0.007046
0.007062
0.007054
0.007045
0.007039
0.007025
0.006990
0.006919
0.006809
0.006679
0.006557
0.006466
0.006411
0.006387
0.006382
0.006368
0.006326
0.006264
0.006212
0.006193
0.006198
0.006206
0.006208
0.006206
0.006204
0.006205
0.006204
0.006191
0.006154
0.006098
0.006043
0.006007
0.005993
0.006000
0.006027
0.006061
0.006081
0.006088
0.006108
0.006169
0.006274
0.006408
0.006565
0.006738
0.006907
0.007054
0.007195
0.007377
0.007642
0.008002
0.008460
0.009020
0.009700
0.010505
0.011403
0.012287
0.012980
0.013301
0.013177
0.012681
0.011983
0.011241
0.010542
0.009908
0.009338
0.008826
0.008364
0.007941
0.007549
0.007196
0.006908
0.006708
0.006591
0.006532
0.006510
0.006537
0.006648
0.006873
0.007211
0.007617
0.008006
0.008285
0.008383
0.008278
0.008012
0.007666
0.007321
0.007026
0.006789
0.006596
0.006434
0.006292
0.006163
0.006043
0.005931
0.005827
0.005736
0.005665
0.005609
0.005551
0.005469
0.005351
0.005211
0.005079
0.004988
0.004947
0.004940
0.004936
0.004912
0.004864
0.004798
0.004722
0.004643
0.004567
0.004494
0.004424
0.004369
0.004343
0.004345
0.004346
0.004323
0.004286
0.004266
0.004270
0.004279
0.004278
0.004276
0.004281
0.004290
0.004304
0.004332
0.004369
0.004386
0.004362
0.004311
0.004264
0.004237
0.004220
0.004195
0.004150
0.004076
0.003974
0.003872
0.003807
0.003798
0.003831
0.003877
0.003917
0.003939
0.003935
0.003905
0.003869
0.003853
0.003871
0.003914
0.003956
0.003969
0.003939
0.003868
0.003780
0.003707
0.003661
0.003634
0.003613
0.003603
0.003626
0.003692
0.003778
0.003856
0.003925
0.003999
0.004075
0.004128
0.004153
0.004178
0.004232
0.004306
0.004380
0.004461
0.004582
0.004747
0.004926
0.005089
0.005242
0.005418
0.005626
0.005836
0.006009
0.006126
0.006205
0.006276
0.006350
0.006413
0.006449
0.006458
0.006452
0.006441
0.006428
0.006399
0.006336
0.006227
0.006081
0.005918
0.005746
0.005551
0.005333
0.005119
0.004941
0.004796
0.004663
0.004533
0.004417
0.004321
0.004237
0.004162
0.004108
0.004079
0.004068
0.004064
0.004056
0.004038
0.004008
0.003978
0.003962
0.003951
0.003927
0.003890
0.003868
0.003882
0.003920
0.003955
0.003973
0.003973
0.003960
0.003945
0.003949
0.003986
0.004050
0.004132
0.004232
0.004345
0.004453
0.004536
0.004585
0.004603
0.004594
0.004564
0.004529
0.004493
0.004444
0.004366
0.004265
0.004163
0.004069
0.003980
0.003898
0.003833
0.003788
0.003753
0.003721
0.003691
0.003663
0.003636
0.003613
0.003603
0.003596
0.003570
0.003518
0.003459
0.003416
0.003394
0.003389
0.003406
0.003448
0.003492
0.003510
0.003494
0.003460
0.003423
0.003384
0.003358
0.003372
0.003433
0.003514
0.003581
0.003630
0.003674
0.003711
0.003730
0.003734
0.003746
0.003774
0.003804
0.003819
0.003818
0.003806
0.003785
0.003759
0.003737
0.003721
0.003703
0.003685
0.003679
0.003690
0.003698
0.003685
0.003661
0.003647
0.003649
0.003663
0.003684
0.003711
0.003738
0.003756
0.003772
0.003804
0.003855
0.003916
0.003983
0.004055
0.004120
0.004157
0.004164
0.004168
0.004189
0.004222
0.004247
0.004265
0.004287
0.004316
0.004338
0.004347
0.004352
0.004366
0.004395
0.004432
0.004464
0.004485
0.004496
0.004496
0.004488
0.004490
0.004526
0.004601
0.004686
0.004755
0.004822
0.004915
0.005022
0.005086
0.005068
0.004990
0.004901
0.004819
0.004733
0.004638
0.004546
0.004462
0.004378
0.004290
0.004212
0.004156
0.004121
0.004097
0.004079
0.004074
0.004093
0.004137
0.004187
0.004215
0.004210
0.004181
0.004151
0.004125
0.004105
0.004102
0.004132
0.004198
0.004276
0.004340
0.004368
0.004354
0.004298
0.004221
0.004153
0.004107
0.004071
0.004024
0.003961
0.003894
0.003835
0.003799
0.003791
0.003806
0.003818
0.003803
0.003761
0.003712
0.003678
0.003666
0.003674
0.003701
0.003743
0.003789
0.003839
0.003901
0.003980
0.004057
0.004104
0.004112
0.004098
0.004073
0.004035
0.003990
0.003963
0.003973
0.003999
0.004012
0.004014
0.004042
0.004114
0.004202
0.004267
0.004299
0.004318
0.004337
0.004351
0.004355
0.004349
0.004336
0.004327
0.004334
0.004357
0.004370
0.004351
0.004306
0.004266
0.004253
0.004263
0.004285
0.004316
0.004357
0.004396
0.004422
0.004431
0.004432
0.004424
0.004402
0.004366
0.004333
0.004327
0.004357
0.004411
0.004470
0.004530
0.004592
0.004635
0.004632
0.004579
0.004512
0.004476
0.004480
0.004504
0.004532
0.004561
0.004595
0.004638
0.004704
0.004801
0.004904
0.004976
0.005005
0.005021
0.005049
0.005084
0.005103
0.005095
0.005059
0.004993
0.004910
0.004843
0.004825
0.004846
0.004864
0.004859
0.004846
0.004849
0.004859
0.004850
0.004827
0.004825
0.004872
0.004955
0.005033
0.005081
0.005104
0.005121
0.005147
0.005179
0.005213
0.005250
0.005292
0.005335
0.005367
0.005375
0.005355
0.005311
0.005244
0.005151
0.005038
0.004930
0.004857
0.004826
0.004812
0.004783
0.004730
0.004676
0.004648
0.004653
0.004675
0.004703
0.004742
0.004799
0.004860
0.004896
0.004892
0.004872
0.004875
0.004910
0.004949
0.004971
0.004995
0.005042
0.005099
0.005131
0.005125
0.005106
0.005100
0.005106
0.005107
0.005099
0.005101
0.005131
0.005191
0.005261
0.005310
0.005323
0.005314
0.005310
0.005332
0.005385
0.005463
0.005554
0.005647
0.005735
0.005818
0.005889
0.005932
0.005945
0.005947
0.005964
0.005999
0.006033
0.006046
0.006031
0.005983
0.005906
0.005825
0.005778
0.005775
0.005800
0.005832
0.005872
0.005924
0.005982
0.006044
0.006119
0.006209
0.006285
0.006315
0.006299
0.006273
0.006267
0.006280
0.006296
0.006313
0.006346
0.006409
0.006493
0.006583
0.006665
0.006743
0.006818
0.006883
0.006928
0.006963
0.007004
0.007046
0.007067
0.007052
0.007013
0.006969
0.006935
0.006917
0.006929
0.006977
0.007047
0.007124
0.007205
0.007301
0.007415
0.007539
0.007669
0.007803
0.007939
0.008066
0.008169
0.008236
0.008277
0.008320
0.008392
0.008496
0.008605
0.008699
0.008785
0.008878
0.008982
0.009093
0.009214
0.009349
0.009491
0.009635
0.009784
0.009940
0.010088
0.010207
0.010302
0.010394
0.010496
0.010602
0.010703
0.010799
0.010892
0.010985
0.011091
0.011216
0.011344
0.011453
0.011542
0.011640
0.011773
0.011941
0.012132
0.012349
0.012603
0.012891
0.013186
0.013461
0.013703
0.013927
0.014151
0.014392
0.014658
0.014958
0.015289
0.015634
0.015977
0.016321
0.016686
0.017078
0.017473
0.017845
0.018196
0.018546
0.018905
0.019269
0.019638
0.020026
0.020445
0.020894
0.021365
0.021841
0.022304
0.022750
0.023193
0.023650
0.024131
0.024636
0.025175
0.025760
0.026383
0.027024
0.027677
0.028362
0.029095
0.029875
0.030686
0.031512
0.032349
0.033198
0.034067
0.034967
0.035888
0.036814
0.037743
0.038701
0.039708
0.040757
0.041824
0.042899
0.043981
0.045058
0.046113
0.047139
0.048154
0.049178
0.050211
0.051238
0.052245
0.053227
0.054177
0.055079
0.055907
0.056639
0.057264
0.057784
0.058207
0.058552
0.058834
0.059050
0.059168
0.059150
0.058980
0.058658
0.058196
0.057609
0.056935
0.056220
0.055484
0.054720
0.053914
0.053071
0.052203
0.051314
0.050395
0.049436
0.048430
0.047388
0.046338
0.045310
0.044313
0.043338
0.042374
0.041416
0.040456
0.039481
0.038497
0.037527
0.036586
0.035662
0.034744
0.033848
0.032994
0.032182
0.031401
0.030653
0.029944
0.029273
0.028646
0.028081
0.027581
0.027108
0.026609
0.026072
0.025521
0.024967
0.024388
0.023768
0.023127
0.022494
0.021880
0.021285
0.020727
0.020222
0.019764
0.019332
0.018919
0.018529
0.018156
0.017781
0.017395
0.017017
0.016663
0.016331
0.016006
0.015689
0.015400
0.015154
0.014946
0.014751
0.014548
0.014332
0.014109
0.013881
0.013651
0.013436
0.013265
0.013155
0.013083
0.013007
0.012906
0.012790
0.012674
0.012551
0.012403
0.012241
0.012095
0.011992
0.011927
0.011884
0.011851
0.011823
0.011784
0.011719
0.011632
0.011539
0.011456
0.011377
0.011290
0.011191
0.011094
0.011018
0.010968
0.010935
0.010895
0.010833
0.010752
0.010657
0.010550
0.010442
0.010358
0.010320
0.010314
0.010299
0.010241
0.010145
0.010036
0.009938
0.009869
0.009836
0.009833
0.009836
0.009825
0.009802
0.009782
0.009778
0.009797
0.009833
0.009875
0.009914
0.009954
0.010000
0.010040
0.010049
0.010010
0.009934
0.009843
0.009760
0.009698
0.009662
0.009646
0.009630
0.009611
0.009596
0.009591
0.009584
0.009566
0.009547
0.009539
0.009535
0.009519
0.009490
0.009468
0.009465
0.009472
0.009467
0.009436
0.009375
0.009293
0.009217
0.009170
0.009158
0.009167
0.009176
0.009177
0.009178
0.009203
0.009265
0.009352
0.009424
0.009453
0.009453
0.009455
0.009477
0.009509
0.009529
0.009522
0.009481
0.009412
0.009330
0.009245
0.009165
0.009104
0.009075
0.009083
0.009115
0.009158
0.009204
0.009240
0.009240
0.009195
0.009141
0.009116
0.009127
0.009156
0.009195
0.009250
0.009313
0.009363
0.009393
0.009408
0.009402
0.009365
0.009312
0.009278
0.009284
0.009310
0.009333
0.009348
0.009362
0.009380
0.009409
0.009458
0.009518
0.009559
0.009572
0.009575
0.009599
0.009645
0.009701
0.009748
0.009776
0.009783
0.009785
0.009803
0.009831
0.009840
0.009826
0.009817
0.009833
0.009865
0.009898
0.009940
0.010001
0.010067
0.010120
0.010171
0.010232
0.010282
0.010288
0.010255
0.010225
0.010224
0.010249
0.010287
0.010332
0.010376
0.010410
0.010437
0.010465
0.010487
0.010491
0.010480
0.010473
0.010474
0.010475
0.010474
0.010478
0.010484
0.010493
0.010524
0.010607
0.010741
0.010886
0.011011
0.011123
0.011243
0.011382
0.011552
0.011779
0.012074
0.012413
0.012765
0.013126
0.013513
0.013910
0.014248
0.014440
0.014436
0.014263
0.014001
0.013732
0.013488
0.013251
0.013007
0.012770
0.012565
0.012401
0.012277
0.012206
0.012193
0.012214
0.012233
0.012234
0.012225
0.012214
0.012191
0.012157
0.012131
0.012139
0.012180
0.012235
0.012287
0.012339
0.012408
0.012514
0.012661
0.012844
0.013059
0.013310
0.013597
0.013913
0.014256
0.014646
0.015085
0.015504
0.015779
0.015819
0.015647
0.015370
0.015087
0.014838
0.014619
0.014420
0.014240
0.014080
0.013945
0.013840
0.013772
0.013742
0.013749
0.013781
0.013816
0.013826
0.013810
0.013789
0.013778
0.013775
0.013774
0.013788
0.013828
0.013881
0.013921
0.013946
0.013980
0.014040
0.014110
0.014163
0.014188
0.014200
0.014213
0.014239
0.014277
0.014328
0.014392
0.014472
0.014565
0.014654
0.014720
0.014762
0.014796
0.014831
0.014857
0.014866
0.014879
0.014923
0.015002
0.015092
0.015179
0.015279
0.015406
0.015548
0.015680
0.015786
0.015872
0.015945
0.016008
0.016055
0.016082
0.016085
0.016075
0.016072
0.016102
0.016175
0.016289
0.016431
0.016581
0.016722
0.016843
0.016948
0.017048
0.017147
0.017238
0.017316
0.017387
0.017457
0.017522
0.017578
0.017629
0.017688
0.017765
0.017855
0.017954
0.018059
0.018167
0.018267
0.018350
0.018423
0.018495
0.018563
0.018620
0.018667
0.018720
0.018780
0.018830
0.018865
0.018911
0.018998
0.019123
0.019253
0.019370
0.019484
0.019598
0.019689
0.019724
0.019701
0.019660
0.019651
0.019698
0.019797
0.019926
0.020069
0.020218
0.020362
0.020488
0.020598
0.020714
0.020852
0.020999
0.021125
0.021217
0.021293
0.021372
0.021452
0.021517
0.021564
0.021605
0.021648
0.021697
0.021757
0.021839
0.021946
0.022070
0.022203
0.022347
0.022513
0.022701
0.022889
0.023047
0.023167
0.023268
0.023381
0.023514
0.023652
0.023786
0.023922
0.024078
0.024251
0.024413
0.024537
0.024619
0.024671
0.024708
0.024741
0.024781
0.024836
0.024909
0.024998
0.025110
0.025251
0.025412
0.025561
0.025675
0.025766
0.025877
0.026030
0.026209
0.026377
0.026527
0.026675
0.026829
0.026981
0.027116
0.027226
0.027310
0.027380
0.027455
0.027561
0.027704
0.027865
0.028015
0.028141
0.028249
0.028351
0.028459
0.028582
0.028724
0.028884
0.029057
0.029244
0.029443
0.029646
0.029847
0.030037
0.030219
0.030392
0.030557
0.030715
0.030874
0.031042
0.031223
0.031407
0.031584
0.031755
0.031929
0.032104
0.032259
0.032375
0.032460
0.032542
0.032656
0.032814
0.033010
0.033227
0.033460
0.033713
0.033987
0.034260
0.034501
0.034700
0.034878
0.035058
0.035237
0.035403
0.035563
0.035736
0.035917
0.036093
0.036272
0.036479
0.036722
0.036979
0.037232
0.037490
0.037763
0.038039
0.038306
0.038568
0.038833
0.039090
0.039324
0.039539
0.039739
0.039916
0.040066
0.040216
0.040402
0.040620
0.040839
0.041055
0.041301
0.041599
0.041923
0.042222
0.042475
0.042697
0.042917
0.043155
0.043418
0.043710
0.044027
0.044363
0.044713
0.045071
0.045430
0.045774
0.046092
0.046386
0.046672
0.046972
0.047292
0.047627
0.047966
0.048314
0.048684
0.049077
0.049472
0.049842
0.050174
0.050480
0.050784
0.051105
0.051440
0.051770
0.052075
0.052346
0.052590
0.052820
0.053042
0.053255
0.053461
0.053676
0.053922
0.054208
0.054517
0.054822
0.055108
0.055379
0.055643
0.055914
0.056207
0.056530
0.056868
0.057192
0.057486
0.057750
0.057998
0.058245
0.058511
0.058822
0.059193
0.059613
0.060057
0.060500
0.060927
0.061329
0.061708
0.062090
0.062507
0.062972
0.063461
0.063933
0.064369
0.064785
0.065213
0.065665
0.066120
0.066550
0.066948
0.067341
0.067771
0.068265
0.068825
0.069429
0.070048
0.070663
0.071271
0.071867
0.072438
0.072973
0.073484
0.074004
0.074556
0.075143
0.075763
0.076422
0.077108
0.077797
0.078468
0.079115
0.079727
0.080276
0.080749
0.081160
0.081529
0.081852
0.082130
0.082401
0.082727
0.083134
0.083596
0.084080
0.084583
0.085116
0.085679
0.086259
0.086845
0.087438
0.088047
0.088680
0.089332
0.089990
0.090655
0.091341
0.092060
0.092805
0.093565
0.094341
0.095141
0.095962
0.096809
0.097705
0.098671
0.099689
0.100705
0.101674
0.102569
0.103367
0.104050
0.104621
0.105111
0.105560
0.106000
0.106465
0.106983
0.107552
0.108160
0.108806
0.109496
0.110216
0.110939
0.111664
0.112424
0.113234
0.114067
0.114890
0.115705
0.116528
0.117359
0.118191
0.119025
0.119872
0.120735
0.121618
0.122532
0.123475
0.124422
0.125346
0.126244
0.127127
0.127997
0.128858
0.129736
0.130654
0.131605
0.132565
0.133528
0.134507
0.135497
0.136463
0.137383
0.138270
0.139158
0.140057
0.140961
0.141861
0.142759
0.143664
0.144577
0.145493
0.146406
0.147316
0.148230
0.149161
0.150121
0.151121
0.152157
0.153205
0.154238
0.155258
0.156289
0.157349
0.158432
0.159525
0.160627
0.161728
0.162810
0.163871
0.164932
0.166006
0.167063
0.168061
0.168998
0.169912
0.170839
0.171788
0.172760
0.173753
0.174748
0.175731
0.176705
0.177688
0.178668
0.179598
0.180442
0.181202
0.181914
0.182622
0.183364
0.184154
0.184974
0.185796
0.186606
0.187409
0.188197
0.188957
0.189690
0.190411
0.191123
0.191808
0.192469
0.193138
0.193836
0.194552
0.195259
0.195947
0.196611
0.197232
0.197800
0.198336
0.198876
0.199439
0.200010
0.200569
0.201101
0.201603
0.202087
0.202576
0.203074
0.203550
0.203970
0.204340
0.204690
0.205036
0.205365
0.205666
0.205958
0.206260
0.206574
0.206880
0.207159
0.207396
0.207588
0.207742
0.207871
0.207972
0.208030
0.208049
0.208071
0.208147
0.208280
0.208436
0.208596
0.208774
0.208969
0.209107
0.209075
0.208815
0.208374
0.207848
0.207300
0.206736
0.206149
0.205554
0.204973
0.204403
0.203825
0.203226
0.202623
0.202053
0.201537
0.201065
0.200596
0.200105
0.199598
0.199098
0.198604
0.198088
0.197526
0.196925
0.196313
0.195703
0.195081
0.194421
0.193713
0.192974
0.192234
0.191518
0.190825
0.190143
0.189454
0.188757
0.188077
0.187455
0.186925
0.186471
0.186014
0.185446
0.184690
0.183721
0.182566
0.181285
0.179963
0.178682
0.177486
0.176363
0.175279
0.174213
0.173163
0.172129
0.171107
0.170096
0.169099
0.168124
0.167172
0.166241
0.165323
0.164408
0.163484
0.162542
0.161579
0.160596
0.159592
0.158564
0.157521
0.156485
0.155476
0.154495
0.153526
0.152554
0.151574
0.150583
0.149576
0.148568
0.147598
0.146689
0.145827
0.144973
0.144107
0.143233
0.142350
0.141443
0.140498
0.139517
0.138508
0.137481
0.136452
0.135448
0.134482
0.133555
0.132662
0.131802
0.130974
0.130175
0.129408
0.128657
0.127880
0.127032
0.126113
0.125171
0.124242
0.123317
0.122372
0.121419
0.120490
0.119592
0.118705
0.117807
0.116900
0.115996
0.115111
0.114263
0.113456
0.112675
0.111902
0.111148
0.110442
0.109803
0.109223
0.108687
0.108194
0.107756
0.107394
0.107125
0.106952
0.106851
0.106797
0.106786
0.106838
0.106949
0.107063
0.107073
0.106856
0.106315
0.105418
0.104212
0.102799
0.101288
0.099762
0.098269
0.096839
0.095492
0.094242
0.093096
0.092054
0.091114
0.090279
0.089550
0.088925
0.088391
0.087929
0.087527
0.087185
0.086914
0.086729
0.086646
0.086677
0.086831
0.087100
0.087453
0.087811
0.088058
0.088067
0.087743
0.087058
0.086055
0.084826
0.083477
0.082103
0.080768
0.079509
0.078332
0.077225
0.076184
0.075221
0.074347
0.073552
0.072810
0.072105
0.071433
0.070781
0.070133
0.069492
0.068883
0.068327
0.067816
0.067329
0.066849
0.066364
0.065863
0.065349
0.064844
0.064371
0.063928
0.063495
0.063067
0.062655
0.062270
0.061918
0.061605
0.061329
0.061070
0.060799
0.060506
0.060198
0.059885
0.059561
0.059223
0.058871
0.058511
0.058152
0.057812
0.057501
0.057209
0.056909
0.056592
0.056267
0.055951
0.055644
0.055332
0.055004
0.054661
0.054311
0.053965
0.053631
0.053310
0.052996
0.052687
0.052380
0.052072
0.051771
0.051486
0.051215
0.050942
0.050657
0.050367
0.050081
0.049785
0.049457
0.049101
0.048760
0.048475
0.048239
0.048011
0.047751
0.047448
0.047116
0.046770
0.046410
0.046038
0.045665
0.045306
0.044964
0.044633
0.044315
0.044019
0.043742
0.043457
0.043149
0.042839
0.042565
0.042343
0.042162
0.041999
0.041838
0.041666
0.041474
0.041258
0.041012
0.040725
0.040406
0.040092
0.039815
0.039574
0.039351
0.039150
0.038980
0.038826
0.038646
0.038426
0.038192
0.037964
0.037734
0.037490
0.037251
0.037036
0.036838
0.036633
0.036407
0.036172
0.035949
0.035747
0.035561
0.035379
0.035194
0.035011
0.034842
0.034678
0.034501
0.034305
0.034106
0.033920
0.033752
0.033596
0.033446
0.033298
0.033150
0.033007
0.032873
0.032749
0.032639
0.032550
0.032481
0.032421
0.032362
0.032319
0.032296
0.032268
0.032211
0.032150
0.032140
0.032209
0.032343
0.032536
0.032804
0.033159
0.033601
0.034148
0.034839
0.035701
0.036743
0.037980
0.039384
0.040817
0.042059
0.042970
0.043618
0.044232
0.045049
0.046191
0.047563
0.048806
0.049425
0.049112
0.047982
0.046482
0.045054
0.043903
0.042996
0.042152
0.041146
0.039826
0.038223
0.036532
0.034950
0.033559
0.032347
0.031288
0.030362
0.029542
0.028810
0.028176
0.027649
0.027207
0.026825
0.026494
0.026211
0.025953
0.025692
0.025426
0.025173
0.024944
0.024733
0.024535
0.024345
0.024153
0.023951
0.023743
0.023540
0.023349
0.023173
0.023011
0.022865
0.022735
0.022623
0.022529
0.022441
0.022341
0.022239
0.022157
0.022104
0.022052
0.021970
0.021858
0.021734
0.021609
0.021481
0.021356
0.021246
0.021158
0.021081
0.021003
0.020918
0.020832
0.020746
0.020650
0.020531
0.020382
0.020213
0.020047
0.019903
0.019788
0.019695
0.019605
0.019495
0.019352
0.019193
0.019053
0.018949
0.018871
0.018798
0.018723
0.018660
0.018619
0.018596
0.018575
0.018539
0.018482
0.018403
0.018303
0.018183
0.018058
0.017952
0.017881
0.017831
0.017773
0.017692
0.017597
0.017514
0.017469
0.017464
0.017473
0.017463
0.017422
0.017365
0.017311
0.017262
0.017218
0.017193
0.017183
0.017165
0.017118
0.017058
0.017014
0.016987
0.016949
0.016887
0.016812
0.016731
0.016633
0.016521
0.016423
0.016353
0.016296
0.016223
0.016126
0.016011
0.015892
0.015788
0.015714
0.015661
0.015606
0.015540
0.015478
0.015431
0.015394
0.015361
0.015338
0.015317
0.015274
0.015202
0.015125
0.015066
0.015019
0.014967
0.014920
0.014898
0.014896
0.014885
0.014849
0.014795
0.014731
0.014655
0.014570
0.014481
0.014392
0.014301
0.014213
0.014134
0.014066
0.014003
0.013935
0.013862
0.013783
0.013706
0.013641
0.013594
0.013565
0.013552
0.013548
0.013536
0.013500
0.013445
0.013397
0.013366
0.013333
0.013278
0.013209
0.013145
0.013094
0.013052
0.013021
0.013000
0.012985
0.012978
0.012990
0.013024
0.013059
0.013075
0.013070
0.013049
0.013011
0.012959
0.012911
0.012889
0.012881
0.012867
0.012839
0.012814
0.012807
0.012828
0.012876
0.012938
0.012977
0.012965
0.012906
0.012821
0.012717
0.012592
0.012465
0.012360
0.012287
0.012247
0.012249
0.012298
0.012371
0.012435
0.012484
0.012534
0.012589
0.012630
0.012653
0.012672
0.012691
0.012699
0.012693
0.012682
0.012665
0.012624
0.012564
0.012508
0.012465
0.012406
0.012312
0.012198
0.012096
0.012017
0.011947
0.011878
0.011802
0.011710
0.011607
0.011519
0.011483
0.011511
0.011590
0.011694
0.011793
0.011863
0.011889
0.011872
0.011810
0.011703
0.011578
0.011488
0.011471
0.011512
0.011561
0.011579
0.011556
0.011508
0.011458
0.011432
0.011439
0.011459
0.011460
0.011426
0.011365
0.011302
0.011254
0.011225
0.011212
0.011204
0.011193
0.011176
0.011149
0.011107
0.011050
0.010995
0.010955
0.010928
0.010890
0.010825
0.010735
0.010641
0.010567
0.010527
0.010518
0.010522
0.010512
0.010460
0.010365
0.010258
0.010178
0.010131
0.010090
0.010027
0.009953
0.009896
0.009869
0.009859
0.009854
0.009855
0.009863
0.009878
0.009903
0.009939
0.009976
0.009996
0.009997
0.009991
0.009979
0.009946
0.009892
0.009832
0.009779
0.009727
0.009673
0.009625
0.009591
0.009575
0.009581
0.009619
0.009680
0.009735
0.009761
0.009766
0.009770
0.009788
0.009821
0.009869
0.009922
0.009969
0.010008
0.010047
0.010079
0.010085
0.010060
0.010025
0.010001
0.009983
0.009960
0.009933
0.009907
0.009877
0.009847
0.009839
0.009863
0.009889
0.009879
0.009832
0.009783
0.009748
0.009709
0.009644
0.009552
0.009450
0.009354
0.009281
0.009234
0.009200
0.009170
0.009158
0.009187
0.009251
0.009317
0.009366
0.009403
0.009444
0.009485
0.009519
0.009542
0.009552
0.009536
0.009488
0.009417
0.009346
0.009293
0.009265
0.009258
0.009261
0.009267
0.009271
0.009270
0.009256
0.009228
0.009202
0.009203
0.009241
0.009304
0.009359
0.009379
0.009350
0.009277
0.009181
0.009082
0.008997
0.008943
0.008928
0.008939
0.008949
0.008935
0.008902
0.008866
0.008835
0.008805
0.008776
0.008755
0.008750
0.008765
0.008800
0.008845
0.008876
0.008883
0.008887
0.008922
0.008988
0.009063
0.009134
0.009207
0.009282
0.009336
0.009357
0.009364
0.009387
0.009429
0.009466
0.009473
0.009446
0.009399
0.009351
0.009320
0.009310
0.009321
0.009350
0.009384
0.009403
0.009390
0.009352
0.009317
0.009304
0.009309
0.009321
0.009335
0.009349
0.009359
0.009359
0.009355
0.009355
0.009358
0.009356
0.009340
0.009304
0.009250
0.009180
0.009097
0.009007
0.008922
0.008860
0.008832
0.008826
0.008821
0.008811
0.008809
0.008830
0.008864
0.008895
0.008910
0.008906
0.008883
0.008851
0.008837
0.008872
0.008955
0.009050
0.009123
0.009175
0.009223
0.009271
0.009307
0.009336
0.009381
0.009456
0.009545
0.009623
0.009696
0.009789
0.009908
0.010017
0.010069
0.010040
0.009931
0.009769
0.009594
0.009440
0.009309
0.009181
0.009052
0.008950
0.008895
0.008868
0.008844
0.008817
0.008794
0.008772
0.008742
0.008709
0.008680
0.008635
0.008558
0.008471
0.008417
0.008414
0.008436
0.008456
0.008464
0.008463
0.008459
0.008466
0.008494
0.008532
0.008546
0.008518
0.008457
0.008382
0.008304
0.008236
0.008191
0.008166
0.008143
0.008113
0.008086
0.008064
0.008028
0.007965
0.007885
0.007810
0.007757
0.007735
0.007734
0.007727
0.007682
0.007606
0.007542
0.007524
0.007543
0.007570
0.007584
0.007588
0.007587
0.007597
0.007627
0.007667
0.007684
0.007661
0.007614
0.007574
0.007557
0.007573
0.007622
0.007686
0.007726
0.007722
0.007695
0.007683
0.007688
0.007689
0.007675
0.007670
0.007692
0.007734
0.007774
0.007800
0.007806
0.007790
0.007746
0.007670
0.007581
0.007526
0.007549
0.007637
0.007722
0.007743
0.007709
0.007676
0.007681
0.007719
0.007770
0.007824
0.007880
0.007936
0.007993
0.008048
0.008094
0.008138
0.008198
0.008284
0.008373
0.008435
0.008468
0.008504
0.008561
0.008629
0.008686
0.008724
0.008754
0.008788
0.008836
0.008903
0.008984
0.009069
0.009161
0.009267
0.009383
0.009487
0.009558
0.009595
0.009611
0.009628
0.009664
0.009713
0.009740
0.009703
0.009588
0.009423
0.009241
0.009058
0.008876
0.008697
0.008528
0.008373
0.008234
0.008106
0.007979
0.007841
0.007693
0.007551
0.007432
0.007345
0.007295
0.007285
0.007307
0.007333
0.007330
0.007286
0.007218
0.007157
0.007119
0.007100
0.007083
0.007063
0.007050
0.007050
0.007058
0.007065
0.007066
0.007058
0.007042
0.007033
0.007055
0.007115
0.007179
0.007204
0.007182
0.007144
0.007112
0.007075
0.007018
0.006953
0.006913
0.006908
0.006915
0.006898
0.006844
0.006765
0.006684
0.006618
0.006574
0.006543
0.006513
0.006475
0.006438
0.006421
0.006428
0.006440
0.006441
0.006436
0.006440
0.006441
0.006418
0.006374
0.006340
0.006337
0.006347
0.006347
0.006338
0.006336
0.006342
0.006353
0.006375
0.006416
0.006466
0.006506
0.006530
0.006545
0.006557
0.006566
0.006572
0.006563
0.006536
0.006511
0.006520
0.006566
0.006606
0.006600
0.006559
0.006515
0.006470
0.006415
0.006373
0.006381
0.006443
0.006521
0.006589
0.006651
0.006703
0.006722
0.006702
0.006662
0.006621
0.006573
0.006510
0.006443
0.006382
0.006329
0.006286
0.006267
0.006273
0.006283
0.006273
0.006240
0.006191
0.006137
0.006091
0.006060
0.006038
0.006017
0.006012
0.006047
0.006121
0.006209
0.006298
0.006394
0.006488
0.006547
0.006557
0.006547
0.006550
0.006563
0.006568
0.006563
0.006551
0.006532
0.006519
0.006547
0.006622
0.006704
0.006752
0.006781
0.006832
0.006908
0.006970
0.006995
0.006995
0.006990
0.006988
0.006997
0.007032
0.007093
0.007165
0.007232
0.007295
0.007354
0.007399
0.007421
0.007418
0.007409
0.007426
0.007497
0.007613
0.007732
0.007815
0.007864
0.007912
0.007983
0.008078
0.008175
0.008248
0.008266
0.008220
0.008119
0.007981
0.007816
0.007642
0.007496
0.007406
0.007370
0.007370
0.007395
0.007438
0.007483
0.007525
0.007580
0.007660
0.007753
0.007833
0.007894
0.007942
0.007984
0.008033
0.008119
0.008257
0.008416
0.008546
0.008651
0.008785
0.008994
0.009259
0.009505
0.009642
0.009595
0.009345
0.008953
0.008527
0.008152
0.007853
0.007615
0.007422
0.007267
0.007152
0.007081
0.007045
0.007013
0.006955
0.006881
0.006824
0.006795
0.006765
0.006719
0.006671
0.006640
0.006621
0.006603
0.006592
0.006597
0.006614
0.006634
0.006663
0.006704
0.006748
0.006789
0.006844
0.006931
0.007037
0.007135
0.007208
0.007261
0.007305
0.007350
0.007401
0.007451
0.007480
0.007483
0.007485
0.007523
0.007609
0.007718
0.007815
0.007876
0.007895
0.007867
0.007795
0.007697
0.007614
0.007581
0.007603
0.007649
0.007684
0.007705
0.007725
0.007749
0.007774
0.007804
0.007861
0.007947
0.008033
0.008087
0.008103
0.008099
0.008091
0.008081
0.008057
0.008004
0.007926
0.007847
0.007799
0.007798
0.007838
0.007921
0.008050
0.008207
0.008357
0.008472
0.008560
0.008639
0.008717
0.008795
0.008886
0.009012
0.009189
0.009426
0.009726
0.010067
0.010403
0.010691
0.010924
0.011115
0.011277
0.011421
0.011565
0.011737
0.011949
0.012193
0.012440
0.012647
0.012772
0.012796
0.012741
0.012651
0.012559
0.012474
0.012398
0.012332
0.012280
0.012248
0.012246
0.012279
0.012345
0.012447
0.012597
0.012802
0.013060
0.013358
0.013682
0.014017
0.014351
0.014687
0.015037
0.015399
0.015744
0.016039
0.016280
0.016477
0.016640
0.016773
0.016890
0.017015
0.017157
0.017307
0.017447
0.017565
0.017643
0.017672
0.017659
0.017631
0.017620
0.017658
0.017773
0.017971
0.018238
0.018558
0.018937
0.019393
0.019918
0.020481
0.021068
0.021701
0.022410
0.023195
0.024030
0.024891
0.025774
0.026691
0.027677
0.028772
0.030008
0.031384
0.032873
0.034465
0.036185
0.038068
0.040117
0.042305
0.044625
0.047117
0.049847
0.052852
0.056141
0.059719
0.063618
0.067866
0.072474
0.077446
0.082811
0.088637
0.095008
0.102004
0.109682
0.118069
0.127185
0.137058
0.147734
0.159271
0.171743
0.185231
0.199789
0.215399
0.231970
0.249362
0.267382
0.285744
0.304052
0.321830
0.338519
0.353439
0.365809
0.374883
0.380104
0.381155
0.377933
0.370550
0.359373
0.345004
0.328174
0.309621
0.290047
0.270090
0.250294
0.231080
0.212749
0.195495
0.179426
0.164567
0.150892
0.138349
0.126883
0.116435
0.106935
0.098297
0.090432
0.083276
0.076789
0.070929
0.065622
0.060789
0.056386
0.052396
0.048796
0.045544
0.042595
0.039912
0.037464
0.035229
0.033201
0.031373
0.029712
0.028169
0.026721
0.025380
0.024154
0.023029
0.021988
0.021028
0.020135
0.019283
0.018462
0.017697
0.017018
0.016426
0.015888
0.015376
0.014870
0.014361
0.013854
0.013377
0.012953
0.012584
0.012249
0.011932
0.011625
0.011326
0.011033
0.010754
0.010499
0.010266
0.010044
0.009827
0.009617
0.009416
0.009235
0.009090
0.008994
0.008938
0.008894
0.008841
0.008774
0.008693
0.008593
0.008469
0.008330
0.008196
0.008079
0.007980
0.007896
0.007825
0.007764
0.007710
0.007656
0.007612
0.007594
0.007608
0.007635
0.007645
0.007626
0.007590
0.007560
0.007550
0.007558
0.007568
0.007563
0.007549
0.007554
0.007596
0.007660
0.007705
0.007708
0.007674
0.007618
0.007546
0.007460
0.007374
0.007299
0.007243
0.007212
0.007205
0.007211
0.007203
0.007162
0.007084
0.006991
0.006913
0.006874
0.006879
0.006911
0.006946
0.006974
0.006996
0.007009
0.007000
0.006959
0.006892
0.006807
0.006713
0.006616
0.006529
0.006462
0.006422
0.006409
0.006406
0.006381
0.006314
0.006224
0.006154
0.006123
0.006114
0.006105
0.006091
0.006072
0.006043
0.006017
0.006014
0.006036
0.006058
0.006060
0.006055
0.006070
0.006109
0.006155
0.006188
0.006189
0.006145
0.006069
0.005997
0.005961
0.005954
0.005957
0.005968
0.006005
0.006074
0.006169
0.006289
0.006432
0.006582
0.006720
0.006846
0.006976
0.007117
0.007264
0.007413
0.007568
0.007726
0.007862
0.007949
0.007971
0.007925
0.007822
0.007693
0.007575
0.007492
0.007439
0.007409
0.007396
0.007395
0.007396
0.007394
0.007408
0.007473
0.007609
0.007799
0.007991
0.008148
0.008271
0.008396
0.008545
0.008715
0.008892
0.009079
0.009299
0.009586
0.009978
0.010494
0.011120
0.011803
0.012484
0.013120
0.013675
0.014100
0.014363
0.014462
0.014430
0.014309
0.014142
0.013962
0.013769
0.013526
0.013208
0.012834
0.012443
0.012044
0.011625
0.011194
0.010791
0.010445
0.010159
0.009932
0.009767
0.009653
0.009554
0.009447
0.009353
0.009327
0.009421
0.009653
0.009996
0.010390
0.010772
0.011117
0.011443
0.011786
0.012167
0.012584
0.013020
0.013451
0.013849
0.014186
0.014424
0.014520
0.014441
0.014186
0.013778
0.013242
0.012606
0.011919
0.011240
0.010605
0.010016
0.009472
0.008986
0.008579
0.008253
0.007987
0.007762
0.007556
0.007356
0.007159
0.006977
0.006829
0.006716
0.006621
0.006530
0.006435
0.006336
0.006245
0.006178
0.006150
0.006162
0.006203
0.006267
0.006358
0.006481
0.006624
0.006762
0.006874
0.006959
0.007031
0.007095
0.007139
0.007149
0.007132
0.007108
0.007092
0.007090
0.007109
0.007157
0.007238
0.007347
0.007473
0.007600
0.007714
0.007811
0.007901
0.007990
0.008065
0.008097
0.008067
0.007978
0.007855
0.007734
0.007635
0.007554
0.007464
0.007363
0.007281
0.007238
0.007210
0.007160
0.007089
0.007037
0.007023
0.007030
0.007047
0.007090
0.007158
0.007215
0.007237
0.007245
0.007276
0.007337
0.007408
0.007485
0.007581
0.007697
0.007817
0.007926
0.008019
0.008093
0.008150
0.008207
0.008288
0.008397
0.008526
0.008660
0.008776
0.008837
0.008818
0.008734
0.008630
0.008536
0.008450
0.008366
0.008287
0.008228
0.008192
0.008180
0.008191
0.008216
0.008243
0.008257
0.008263
0.008278
0.008322
0.008405
0.008508
0.008602
0.008662
0.008687
0.008682
0.008643
0.008567
0.008474
0.008396
0.008350
0.008328
0.008328
0.008363
0.008447
0.008568
0.008702
0.008829
0.008950
0.009072
0.009203
0.009342
0.009483
0.009623
0.009766
0.009922
0.010091
0.010263
0.010436
0.010635
0.010894
0.011223
0.011615
0.012078
0.012645
0.013352
0.014208
0.015215
0.016391
0.017758
0.019299
0.020946
0.022585
0.024073
0.025249
0.025972
0.026181
0.025925
0.025338
0.024587
0.023839
0.023220
0.022798
0.022588
0.022603
0.022873
0.023420
0.024223
0.025239
0.026440
0.027793
0.029209
0.030533
0.031593
0.032250
0.032414
0.032061
0.031247
0.030102
0.028796
0.027493
0.026327
0.025391
0.024739
0.024397
0.024374
0.024642
0.025117
0.025680
0.026220
0.026658
0.026951
0.027110
0.027238
0.027512
0.028084
0.028977
0.030023
0.030891
0.031209
0.030763
0.029632
0.028132
0.026616
0.025315
0.024320
0.023636
0.023214
0.022951
0.022741
0.022506
0.022194
0.021758
0.021174
0.020462
0.019662
0.018796
0.017881
0.016942
0.015997
0.015047
0.014098
0.013195
0.012389
0.011701
0.011119
0.010640
0.010263
0.009959
0.009684
0.009427
0.009215
0.009069
0.008978
0.008920
0.008886
0.008870
0.008856
0.008825
0.008775
0.008718
0.008679
0.008679
0.008721
0.008786
0.008850
0.008900
0.008932
0.008953
0.008995
0.009099
0.009272
0.009472
0.009655
0.009830
0.010032
0.010276
0.010539
0.010788
0.010985
0.011075
0.011020
0.010842
0.010610
0.010382
0.010172
0.009978
0.009806
0.009654
0.009510
0.009366
0.009227
0.009095
0.008970
0.008866
0.008800
0.008767
0.008746
0.008742
0.008781
0.008864
0.008951
0.009011
0.009066
0.009163
0.009325
0.009528
0.009743
0.009956
0.010177
0.010421
0.010685
0.010945
0.011176
0.011374
0.011535
0.011628
0.011622
0.011534
0.011436
0.011388
0.011391
0.011422
0.011486
0.011615
0.011838
0.012165
0.012602
0.013163
0.013862
0.014707
0.015689
0.016766
0.017851
0.018811
0.019486
0.019732
0.019490
0.018819
0.017862
0.016781
0.015704
0.014733
0.013927
0.013301
0.012841
0.012545
0.012421
0.012467
0.012677
0.013068
0.013668
0.014449
0.015305
0.016100
0.016706
0.017014
0.016939
0.016478
0.015735
0.014868
0.013996
0.013183
0.012452
0.011802
0.011217
0.010692
0.010246
0.009890
0.009607
0.009371
0.009177
0.009036
0.008939
0.008868
0.008823
0.008817
0.008847
0.008891
0.008934
0.008972
0.009007
0.009042
0.009080
0.009117
0.009138
0.009128
0.009102
0.009086
0.009098
0.009142
0.009219
0.009331
0.009469
0.009624
0.009797
0.009997
0.010235
0.010511
0.010811
0.011093
0.011299
0.011404
0.011430
0.011423
0.011410
0.011410
0.011435
0.011480
0.011497
0.011418
0.011222
0.010943
0.010642
0.010370
0.010153
0.009988
0.009843
0.009682
0.009497
0.009313
0.009163
0.009074
0.009052
0.009080
0.009133
0.009200
0.009300
0.009446
0.009622
0.009791
0.009932
0.010045
0.010132
0.010193
0.010230
0.010246
0.010238
0.010214
0.010197
0.010207
0.010239
0.010284
0.010343
0.010415
0.010476
0.010492
0.010446
0.010343
0.010186
0.009985
0.009768
0.009558
0.009352
0.009141
0.008946
0.008803
0.008719
0.008660
0.008605
0.008561
0.008537
0.008518
0.008489
0.008457
0.008432
0.008410
0.008379
0.008343
0.008310
0.008281
0.008255
0.008232
0.008219
0.008225
0.008265
0.008350
0.008476
0.008624
0.008774
0.008912
0.009027
0.009116
0.009184
0.009228
0.009240
0.009222
0.009208
0.009242
0.009337
0.009476
0.009634
0.009797
0.009964
0.010132
0.010292
0.010422
0.010485
0.010464
0.010383
0.010290
0.010217
0.010174
0.010164
0.010184
0.010217
0.010242
0.010260
0.010287
0.010324
0.010355
0.010368
0.010366
0.010355
0.010345
0.010362
0.010440
0.010582
0.010771
0.010990
0.011235
0.011487
0.011703
0.011848
0.011922
0.011951
0.011961
0.011973
0.011986
0.011984
0.011959
0.011931
0.011930
0.011951
0.011958
0.011927
0.011868
0.011795
0.011715
0.011637
0.011570
0.011506
0.011434
0.011370
0.011349
0.011375
0.011419
0.011456
0.011498
0.011562
0.011653
0.011777
0.011942
0.012131
0.012305
0.012451
0.012602
0.012798
0.013039
0.013306
0.013583
0.013852
0.014082
0.014259
0.014400
0.014507
0.014558
0.014540
0.014490
0.014468
0.014507
0.014615
0.014798
0.015048
0.015326
0.015588
0.015818
0.016018
0.016179
0.016291
0.016365
0.016434
0.016522
0.016634
0.016769
0.016907
0.017013
0.017058
0.017040
0.016966
0.016837
0.016660
0.016464
0.016272
0.016079
0.015873
0.015667
0.015484
0.015322
0.015172
0.015046
0.014957
0.014887
0.014803
0.014701
0.014598
0.014502
0.014417
0.014365
0.014374
0.014436
0.014509
0.014564
0.014602
0.014627
0.014635
0.014642
0.014686
0.014792
0.014946
0.015110
0.015251
0.015349
0.015395
0.015400
0.015384
0.015360
0.015332
0.015302
0.015280
0.015263
0.015238
0.015197
0.015132
0.015030
0.014882
0.014701
0.014515
0.014346
0.014197
0.014076
0.013998
0.013968
0.013975
0.014008
0.014073
0.014182
0.014336
0.014524
0.014728
0.014931
0.015113
0.015257
0.015347
0.015380
0.015386
0.015412
0.015479
0.015564
0.015631
0.015666
0.015677
0.015663
0.015616
0.015532
0.015410
0.015244
0.015033
0.014798
0.014575
0.014392
0.014271
0.014229
0.014261
0.014326
0.014388
0.014459
0.014573
0.014730
0.014904
0.015085
0.015280
0.015481
0.015660
0.015805
0.015936
0.016066
0.016188
0.016293
0.016398
0.016524
0.016679
0.016855
0.017033
0.017188
0.017300
0.017379
0.017462
0.017569
0.017688
0.017794
0.017870
0.017906
0.017898
0.017848
0.017768
0.017673
0.017593
0.017577
0.017670
0.017880
0.018197
0.018604
0.019068
0.019510
0.019833
0.019999
0.020047
0.020042
0.020028
0.020024
0.020032
0.020044
0.020037
0.019980
0.019832
0.019543
0.019090
0.018509
0.017881
0.017279
0.016749
0.016326
0.016028
0.015831
0.015701
0.015634
0.015649
0.015727
0.015818
0.015893
0.015962
0.016033
0.016083
0.016104
0.016125
0.016174
0.016250
0.016358
0.016529
0.016782
0.017082
0.017372
0.017602
0.017735
0.017732
0.017583
0.017328
0.017035
0.016768
0.016582
0.016520
0.016592
0.016755
0.016953
0.017142
0.017284
0.017337
0.017271
0.017090
0.016821
0.016493
0.016147
0.015831
0.015569
0.015347
0.015148
0.014985
0.014873
0.014811
0.014795
0.014829
0.014898
0.014951
0.014936
0.014846
0.014712
0.014555
0.014385
0.014208
0.014023
0.013817
0.013599
0.013405
0.013255
0.013120
0.012967
0.012804
0.012659
0.012544
0.012458
0.012408
0.012392
0.012378
0.012337
0.012279
0.012239
0.012220
0.012196
0.012155
0.012113
0.012081
0.012065
0.012080
0.012138
0.012221
0.012289
0.012330
0.012367
0.012427
0.012517
0.012634
0.012766
0.012892
0.012997
0.013085
0.013170
0.013256
0.013337
0.013418
0.013498
0.013560
0.013584
0.013577
0.013554
0.013515
0.013449
0.013367
0.013297
0.013247
0.013208
0.013184
0.013189
0.013219
0.013256
0.013291
0.013335
0.013393
0.013461
0.013543
0.013646
0.013771
0.013910
0.014064
0.014227
0.014361
0.014419
0.014389
0.014306
0.014221
0.014163
0.014137
0.014124
0.014079
0.013979
0.013843
0.013715
0.013617
0.013536
0.013459
0.013387
0.013317
0.013249
0.013191
0.013156
0.013145
0.013152
0.013180
0.013232
0.013290
0.013339
0.013401
0.013511
0.013666
0.013832
0.013980
0.014110
0.014223
0.014318
0.014395
0.014453
0.014474
0.014452
0.014419
0.014428
0.014494
0.014572
0.014610
0.014581
0.014480
0.014318
0.014139
0.013987
0.013870
0.013765
0.013662
0.013588
0.013555
0.013548
0.013547
0.013555
0.013581
0.013620
0.013670
0.013738
0.013826
0.013928
0.014053
0.014224
0.014457
0.014748
0.015085
0.015433
0.015729
0.015902
0.015938
0.015881
0.015785
0.015690
0.015627
0.015634
0.015724
0.015870
0.016030
0.016175
0.016284
0.016353
0.016409
0.016480
0.016558
0.016601
0.016590
0.016543
0.016477
0.016383
0.016252
0.016098
0.015928
0.015733
0.015528
0.015353
0.015229
0.015131
0.015028
0.014930
0.014857
0.014803
0.014750
0.014701
0.014681
0.014705
0.014777
0.014896
0.015051
0.015228
0.015416
0.015607
0.015774
0.015884
0.015924
0.015914
0.015882
0.015838
0.015800
0.015796
0.015841
0.015927
0.016043
0.016196
0.016381
0.016571
0.016734
0.016858
0.016940
0.016973
0.016963
0.016927
0.016877
0.016811
0.016741
0.016698
0.016704
0.016757
0.016855
0.017007
0.017215
0.017468
0.017749
0.018044
0.018319
0.018541
0.018714
0.018874
0.019032
0.019166
0.019268
0.019357
0.019429
0.019433
0.019335
0.019154
0.018927
0.018667
0.018396
0.018164
0.018011
0.017914
0.017838
0.017784
0.017773
0.017801
0.017852
0.017930
0.018038
0.018145
0.018217
0.018254
0.018272
0.018266
0.018230
0.018187
0.018178
0.018220
0.018320
0.018489
0.018713
0.018943
0.019135
0.019302
0.019482
0.019693
0.019938
0.020226
0.020567
0.020939
0.021307
0.021640
0.021878
0.021931
0.021760
0.021432
0.021050
0.020661
0.020263
0.019886
0.019589
0.019400
0.019300
0.019287
0.019377
0.019554
0.019768
0.019983
0.020196
0.020399
0.020565
0.020670
0.020715
0.020710
0.020677
0.020651
0.020650
0.020651
0.020626
0.020584
0.020548
0.020508
0.020446
0.020391
0.020398
0.020486
0.020642
0.020878
0.021223
0.021663
0.022140
0.022596
0.022985
0.023249
0.023334
0.023257
0.023087
0.022871
0.022607
0.022303
0.022002
0.021740
0.021523
0.021351
0.021227
0.021141
0.021083
0.021081
0.021175
0.021347
0.021525
0.021643
0.021681
0.021624
0.021465
0.021237
0.021008
0.020805
0.020603
0.020387
0.020185
0.020010
0.019832
0.019625
0.019407
0.019210
0.019040
0.018906
0.018833
0.018830
0.018875
0.018942
0.019031
0.019141
0.019256
0.019373
0.019512
0.019681
0.019857
0.020033
0.020231
0.020466
0.020724
0.020999
0.021321
0.021727
0.022230
0.022846
0.023611
0.024556
0.025690
0.027024
0.028563
0.030233
0.031841
0.033126
0.033852
0.033876
0.033201
0.031993
0.030507
0.028962
0.027478
0.026125
0.024958
0.024005
0.023236
0.022609
0.022113
0.021748
0.021496
0.021319
0.021174
0.021011
0.020804
0.020587
0.020432
0.020363
0.020326
0.020264
0.020177
0.020101
0.020058
0.020067
0.020138
0.020261
0.020399
0.020535
0.020672
0.020795
0.020861
0.020855
0.020809
0.020750
0.020671
0.020583
0.020521
0.020488
0.020434
0.020333
0.020225
0.020152
0.020095
0.020033
0.019995
0.020010
0.020052
0.020077
0.020092
0.020125
0.020165
0.020189
0.020212
0.020267
0.020348
0.020432
0.020521
0.020637
0.020780
0.020944
0.021141
0.021379
0.021627
0.021852
0.022049
0.022225
0.022362
0.022456
0.022532
0.022594
0.022594
0.022490
0.022313
0.022122
0.021938
0.021760
0.021618
0.021540
0.021500
0.021450
0.021378
0.021295
0.021187
0.021047
0.020925
0.020876
0.020893
0.020926
0.020963
0.021022
0.021093
0.021138
0.021156
0.021176
0.021199
0.021197
0.021164
0.021123
0.021083
0.021048
0.021044
0.021089
0.021150
0.021174
0.021159
0.021155
0.021195
0.021290
0.021439
0.021628
0.021802
0.021911
0.021966
0.022003
0.022018
0.021982
0.021910
0.021856
0.021833
0.021816
0.021787
0.021756
0.021721
0.021681
0.021666
0.021711
0.021790
0.021845
0.021864
0.021884
0.021918
0.021942
0.021945
0.021941
0.021925
0.021890
0.021862
0.021872
0.021901
0.021904
0.021878
0.021857
0.021838
0.021786
0.021698
0.021607
0.021517
0.021403
0.021271
0.021164
0.021099
0.021049
0.020996
0.020946
0.020897
0.020844
0.020807
0.020803
0.020796
0.020731
0.020622
0.020528
0.020450
0.020335
0.020173
0.020024
0.019923
0.019840
0.019735
0.019614
0.019484
0.019342
0.019194
0.019056
0.018915
0.018743
0.018562
0.018414
0.018292
0.018143
0.017960
0.017791
0.017649
0.017508
0.017376
0.017299
0.017274
0.017243
0.017177
0.017111
0.017062
0.017015
0.016974
0.016977
0.017017
0.017041
0.017046
0.017082
0.017158
0.017216
0.017242
0.017291
0.017389
0.017487
0.017559
0.017657
0.017831
0.018062
0.018315
0.018584
0.018852
0.019082
0.019292
0.019549
0.019864
0.020163
0.020403
0.020645
0.020944
0.021267
0.021557
0.021816
0.022067
0.022303
0.022529
0.022783
0.023067
0.023319
0.023504
0.023670
0.023862
0.024068
0.024273
0.024511
0.024786
0.025042
0.025236
0.025395
0.025532
0.025610
0.025621
0.025638
0.025700
0.025757
0.025752
0.025709
0.025649
0.025534
0.025341
0.025133
0.024961
0.024779
0.024526
0.024216
0.023882
0.023495
0.023026
0.022515
0.021999
0.021445
0.020818
0.020154
0.019491
0.018787
0.018005
0.017193
0.016406
0.015604
0.014727
0.013791
0.012820
0.011786
0.010681
0.009587
0.008557
0.007509
0.006348
0.005113
0.003910
0.002761
0.001638
0.000568
-0.000416
-0.001362
-0.002339
-0.003323
-0.004263
-0.005192
-0.006167
-0.007162
-0.008130
-0.009107
-0.010144
-0.011199
-0.012203
-0.013190
-0.014222
-0.015255
-0.016205
-0.017083
-0.017940
-0.018734
-0.019388
-0.019914
-0.020355
-0.020662
-0.020762
-0.020696
-0.020555
-0.020334
-0.019988
-0.019579
-0.019218
-0.018909
-0.018602
-0.018343
-0.018222
-0.018228
-0.018300
-0.018465
-0.018770
-0.019126
-0.019385
-0.019503
-0.019499
-0.019289
-0.018769
-0.017986
-0.017065
-0.015998
-0.014679
-0.013110
-0.011368
-0.009438
-0.007245
-0.004835
-0.002321
0.000290
0.003022
0.005738
0.008234
0.010490
0.012628
0.014664
0.016539
0.018336
0.020213
0.022160
0.024056
0.025945
0.028003
0.030239
0.032513
0.034819
0.037295
0.039939
0.042601
0.045237
0.047902
0.050498
0.052808
0.054804
0.056642
0.058352
0.059859
0.061287
0.062948
0.064974
0.067307
0.070031
0.073382
0.077384
0.081841
0.086727
0.092202
0.098216
0.104457
0.110747
0.117052
0.123057
0.128147
0.131925
0.134306
0.135092
0.133964
0.131005
0.126735
0.121518
0.115440
0.108858
0.102480
0.096771
0.091948
0.088730
0.088393
0.091796
0.098960
0.109759
0.124196
0.141815
0.161791
0.184109
0.209906
0.240581
0.277786
0.324497
0.384170
0.457667
0.542237
0.634047
0.729016
0.818980
0.889662
0.927037
0.926789
0.896217
0.848691
0.799907
0.767611
0.766368
0.795965
0.836370
0.858910
0.844545
0.792311
0.713970
0.624622
0.537071
0.459339
0.393584
0.337628
0.288643
0.245339
0.207202
0.173482
0.143681
0.117909
0.095978
0.076901
0.059867
0.045000
0.032604
0.022292
0.013401
0.005728
-0.000650
-0.005865
-0.010076
-0.013168
-0.015018
-0.015789
-0.015676
-0.014655
-0.012758
-0.010265
-0.007356
-0.003866
0.000374
0.005226
0.010501
0.016215
0.022355
0.028672
0.034968
0.041343
0.047917
0.054569
0.061163
0.067805
0.074618
0.081501
0.088324
0.095166
0.102127
0.109111
0.115990
0.122812
0.129634
0.136309
0.142663
0.148718
0.154543
0.160041
0.165079
0.169664
0.173817
0.177403
0.180298
0.182585
0.184414
0.185768
0.186550
0.186746
0.186338
0.185168
0.183087
0.180134
0.176429
0.172002
0.166879
0.161226
0.155205
0.148800
0.141930
0.134643
0.127040
0.119130
0.110935
0.102663
0.094574
0.086771
0.079262
0.072128
0.065451
0.059145
0.053060
0.047198
0.041664
0.036470
0.031536
0.026857
0.022493
0.018430
0.014603
0.011027
0.007761
0.004787
0.002043
-0.000449
-0.002630
-0.004517
-0.006160
-0.007502
-0.008431
-0.008932
-0.009049
-0.008744
-0.007932
-0.006626
-0.004917
-0.002828
-0.000317
0.002596
0.005834
0.009356
0.013147
0.017109
0.021103
0.025080
0.029074
0.033076
0.037036
0.040956
0.044862
0.048691
0.052315
0.055672
0.058769
0.061582
0.064071
0.066274
0.068275
0.070065
0.071559
0.072742
0.073671
0.074356
0.074750
0.074868
0.074797
0.074572
0.074153
0.073535
0.072776
0.071889
0.070826
0.069582
0.068214
0.066744
0.065129
0.063349
0.061455
0.059495
0.057486
0.055466
0.053488
0.051553
0.049604
0.047629
0.045674
0.043769
0.041906
0.040103
0.038407
0.036816
0.035290
0.033835
0.032501
0.031282
0.030114
0.028986
0.027975
0.027127
0.026402
0.025765
0.025238
0.024842
0.024553
0.024354
0.024261
0.024269
0.024344
0.024491
0.024759
0.025148
0.025606
0.026113
0.026714
0.027419
0.028160
0.028889
0.029628
0.030393
0.031142
0.031832
0.032473
0.033074
0.033610
0.034073
0.034508
0.034936
0.035318
0.035619
0.035861
0.036069
0.036224
0.036305
0.036326
0.036294
0.036183
0.035984
0.035731
0.035442
0.035091
0.034671
0.034238
0.033836
0.033441
0.033011
0.032552
0.032086
0.031605
0.031106
0.030615
0.030155
0.029706
0.029255
0.028820
0.028413
0.028006
0.027592
0.027219
0.026938
0.026740
0.026596
0.026499
0.026439
0.026369
0.026250
0.026100
0.025956
0.025827
0.025725
0.025702
0.025801
0.026008
0.026283
0.026605
0.026961
0.027306
0.027597
0.027835
0.028036
0.028191
0.028295
0.028382
0.028501
0.028667
0.028859
0.029047
0.029192
0.029251
0.029228
0.029169
0.029103
0.029005
0.028858
0.028702
0.028575
0.028464
0.028342
0.028242
0.028209
0.028226
0.028229
0.028195
0.028143
0.028083
0.028006
0.027911
0.027807
0.027688
0.027544
0.027393
0.027256
0.027120
0.026960
0.026779
0.026599
0.026417
0.026219
0.026012
0.025817
0.025637
0.025464
0.025309
0.025182
0.025069
0.024942
0.024792
0.024616
0.024396
0.024127
0.023838
0.023562
0.023308
0.023079
0.022894
0.022757
0.022626
0.022460
0.022277
0.022134
0.022053
0.022021
0.022028
0.022074
0.022145
0.022222
0.022305
0.022394
0.022472
0.022538
0.022630
0.022774
0.022941
0.023087
0.023215
0.023361
0.023518
0.023655
0.023781
0.023929
0.024103
0.024260
0.024371
0.024446
0.024500
0.024535
0.024555
0.024561
0.024533
0.024458
0.024353
0.024254
0.024162
0.024060
0.023956
0.023875
0.023805
0.023710
0.023580
0.023440
0.023307
0.023173
0.023038
0.022919
0.022808
0.022685
0.022550
0.022418
0.022286
0.022138
0.021981
0.021841
0.021715
0.021585
0.021457
0.021362
0.021301
0.021239
0.021159
0.021075
0.020997
0.020918
0.020846
0.020800
0.020780
0.020766
0.020753
0.020753
0.020750
0.020714
0.020644
0.020582
0.020556
0.020559
0.020591
0.020677
0.020824
0.020997
0.021163
0.021319
0.021473
0.021628
0.021786
0.021952
0.022107
0.022221
0.022302
0.022391
0.022513
0.022653
0.022798
0.022965
0.023165
0.023391
0.023651
0.023976
0.024388
0.024877
0.025438
0.026102
0.026911
0.027897
0.029095
0.030548
0.032261
0.034177
0.036191
0.038150
0.039844
0.041039
0.041574
0.041424
0.040686
0.039540
0.038227
0.036995
0.036000
0.035268
0.034761
0.034443
0.034270
0.034168
0.034055
0.033876
0.033583
0.033117
0.032436
0.031562
0.030561
0.029500
0.028444
0.027451
0.026562
0.025791
0.025156
0.024681
0.024364
0.024165
0.024046
0.024004
0.024049
0.024172
0.024366
0.024640
0.024998
0.025416
0.025870
0.026377
0.026960
0.027607
0.028266
0.028877
0.029376
0.029695
0.029788
0.029656
0.029325
0.028819
0.028185
0.027506
0.026864
0.026293
0.025794
0.025383
0.025076
0.024856
0.024685
0.024535
0.024399
0.024272
0.024155
0.024059
0.023990
0.023940
0.023906
0.023904
0.023940
0.023983
0.023993
0.023967
0.023926
0.023886
0.023860
0.023871
0.023935
0.024035
0.024149
0.024285
0.024466
0.024694
0.024952
0.025235
0.025550
0.025878
0.026184
0.026463
0.026753
0.027092
0.027493
0.027944
0.028426
0.028928
0.029478
0.030139
0.030974
0.032008
0.033263
0.034768
0.036458
0.038064
0.039171
0.039466
0.038933
0.037826
0.036491
0.035197
0.034085
0.033198
0.032556
0.032198
0.032171
0.032513
0.033242
0.034343
0.035708
0.037116
0.038332
0.039280
0.040101
0.041050
0.042343
0.044121
0.046434
0.049160
0.051921
0.054175
0.055501
0.055843
0.055479
0.054769
0.053951
0.053128
0.052370
0.051766
0.051387
0.051238
0.051223
0.051107
0.050544
0.049237
0.047147
0.044539
0.041788
0.039163
0.036784
0.034700
0.032941
0.031515
0.030409
0.029613
0.029101
0.028831
0.028777
0.028963
0.029427
0.030156
0.031108
0.032232
0.033426
0.034493
0.035253
0.035713
0.036087
0.036625
0.037485
0.038726
0.040300
0.041949
0.043181
0.043486
0.042668
0.040953
0.038805
0.036631
0.034622
0.032797
0.031131
0.029623
0.028288
0.027110
0.026054
0.025105
0.024269
0.023549
0.022932
0.022405
0.021958
0.021571
0.021219
0.020904
0.020647
0.020438
0.020233
0.019997
0.019740
0.019487
0.019252
0.019050
0.018904
0.018821
0.018769
0.018706
0.018623
0.018541
0.018489
0.018476
0.018490
0.018505
0.018503
0.018508
0.018565
0.018693
0.018869
0.019064
0.019270
0.019487
0.019713
0.019965
0.020276
0.020661
0.021103
0.021586
0.022123
0.022721
0.023348
0.023941
0.024425
0.024719
0.024753
0.024525
0.024105
0.023579
0.022987
0.022358
0.021744
0.021203
0.020741
0.020335
0.019980
0.019704
0.019523
0.019429
0.019416
0.019482
0.019621
0.019825
0.020108
0.020488
0.020952
0.021464
0.022000
0.022570
0.023180
0.023814
0.024435
0.025016
0.025532
0.025967
0.026313
0.026562
0.026693
0.026672
0.026463
0.026047
0.025438
0.024699
0.023930
0.023218
0.022597
0.022068
0.021625
0.021260
0.020945
0.020659
0.020408
0.020219
0.020094
0.020018
0.019984
0.019996
0.020047
0.020114
0.020191
0.020290
0.020411
0.020540
0.020681
0.020864
0.021115
0.021438
0.021831
0.022313
0.022902
0.023597
0.024377
0.025200
0.025996
0.026683
0.027203
0.027551
0.027752
0.027828
0.027807
0.027745
0.027708
0.027737
0.027829
0.027938
0.028001
0.027952
0.027737
0.027338
0.026773
0.026095
0.025375
0.024672
0.024024
0.023452
0.022976
0.022608
0.022338
0.022150
0.022057
0.022090
0.022261
0.022553
0.022946
0.023444
0.024051
0.024739
0.025467
0.026221
0.027017
0.027865
0.028746
0.029630
0.030501
0.031368
0.032267
0.033271
0.034482
0.035965
0.037651
0.039287
0.040521
0.041082
0.040947
0.040336
0.039561
0.038845
0.038268
0.037828
0.037501
0.037262
0.037066
0.036866
0.036640
0.036373
0.036027
0.035539
0.034870
0.034037
0.033092
0.032075
0.031012
0.029931
0.028883
0.027918
0.027067
0.026338
0.025714
0.025176
0.024718
0.024357
0.024120
0.024028
0.024088
0.024308
0.024707
0.025307
0.026128
0.027174
0.028435
0.029885
0.031471
0.033058
0.034383
0.035099
0.034956
0.033973
0.032425
0.030664
0.028945
0.027397
0.026077
0.025004
0.024162
0.023520
0.023054
0.022744
0.022566
0.022488
0.022483
0.022529
0.022614
0.022749
0.022963
0.023287
0.023737
0.024318
0.025003
0.025725
0.026400
0.026977
0.027423
0.027669
0.027616
0.027246
0.026692
0.026161
0.025797
0.025640
0.025693
0.025975
0.026516
0.027330
0.028417
0.029761
0.031340
0.033133
0.035095
0.037128
0.039098
0.040934
0.042674
0.044387
0.046066
0.047640
0.049075
0.050389
0.051592
0.052651
0.053537
0.054221
0.054609
0.054536
0.053863
0.052577
0.050778
0.048629
0.046316
0.044024
0.041874
0.039919
0.038197
0.036768
0.035646
0.034738
0.033876
0.032905
0.031742
0.030372
0.028852
0.027297
0.025818
0.024476
0.023281
0.022232
0.021316
0.020508
0.019783
0.019142
0.018600
0.018159
0.017810
0.017552
0.017377
0.017264
0.017190
0.017144
0.017117
0.017086
0.017029
0.016957
0.016885
0.016797
0.016665
0.016490
0.016306
0.016150
0.016044
0.015995
0.016000
0.016041
0.016101
0.016180
0.016289
0.016416
0.016535
0.016636
0.016734
0.016853
0.017004
0.017181
0.017363
0.017509
0.017591
0.017617
0.017615
0.017601
0.017564
0.017491
0.017381
0.017245
0.017103
0.016982
0.016897
0.016842
0.016803
0.016779
0.016780
0.016809
0.016847
0.016877
0.016891
0.016892
0.016888
0.016902
0.016949
0.017027
0.017129
0.017268
0.017472
0.017760
0.018125
0.018557
0.019059
0.019639
0.020299
0.021022
0.021754
0.022401
0.022866
0.023107
0.023166
0.023144
0.023165
0.023338
0.023717
0.024263
0.024846
0.025312
0.025564
0.025597
0.025477
0.025291
0.025115
0.025009
0.025006
0.025095
0.025201
0.025232
0.025141
0.024975
0.024828
0.024783
0.024881
0.025140
0.025562
0.026139
0.026863
0.027743
0.028784
0.029955
0.031196
0.032462
0.033741
0.035023
0.036286
0.037529
0.038793
0.040131
0.041535
0.042897
0.044038
0.044792
0.045077
0.044923
0.044426
0.043693
0.042803
0.041823
0.040817
0.039841
0.038926
0.038071
0.037238
0.036360
0.035376
0.034274
0.033074
0.031808
0.030501
0.029183
0.027892
0.026665
0.025530
0.024511
0.023625
0.022872
0.022251
0.021769
0.021427
0.021179
0.020952
0.020700
0.020417
0.020107
0.019770
0.019425
0.019118
0.018877
0.018687
0.018519
0.018379
0.018293
0.018257
0.018233
0.018192
0.018126
0.018048
0.017975
0.017928
0.017917
0.017927
0.017934
0.017931
0.017929
0.017944
0.017983
0.018052
0.018152
0.018277
0.018410
0.018545
0.018676
0.018801
0.018917
0.019044
0.019224
0.019498
0.019876
0.020339
0.020863
0.021435
0.022058
0.022721
0.023389
0.024018
0.024578
0.025064
0.025487
0.025865
0.026217
0.026564
0.026923
0.027299
0.027691
0.028086
0.028456
0.028759
0.028955
0.029025
0.028964
0.028783
0.028495
0.028124
0.027693
0.027234
0.026776
0.026338
0.025920
0.025501
0.025058
0.024573
0.024036
0.023458
0.022870
0.022305
0.021784
0.021315
0.020904
0.020551
0.020240
0.019956
0.019717
0.019558
0.019493
0.019505
0.019570
0.019672
0.019781
0.019851
0.019858
0.019820
0.019779
0.019769
0.019822
0.019969
0.020224
0.020575
0.021018
0.021584
0.022297
0.023128
0.023984
0.024754
0.025339
0.025674
0.025739
0.025567
0.025212
0.024724
0.024147
0.023541
0.022965
0.022444
0.021978
0.021577
0.021280
0.021120
0.021097
0.021184
0.021348
0.021554
0.021777
0.022006
0.022235
0.022452
0.022631
0.022756
0.022823
0.022836
0.022806
0.022747
0.022670
0.022578
0.022478
0.022383
0.022289
0.022175
0.022034
0.021893
0.021785
0.021706
0.021640
0.021601
0.021634
0.021756
0.021938
0.022137
0.022322
0.022465
0.022523
0.022472
0.022339
0.022185
0.022065
0.022016
0.022073
0.022274
0.022637
0.023151
0.023776
0.024457
0.025136
0.025752
0.026232
0.026508
0.026554
0.026415
0.026178
0.025926
0.025708
0.025544
0.025428
0.025330
0.025223
0.025102
0.024985
0.024888
0.024811
0.024764
0.024770
0.024844
0.024971
0.025136
0.025354
0.025671
0.026142
0.026809
0.027689
0.028757
0.029953
0.031192
0.032354
0.033291
0.033867
0.034040
0.033880
0.033512
0.033046
0.032559
0.032106
0.031711
0.031365
0.031064
0.030837
0.030715
0.030684
0.030683
0.030656
0.030580
0.030458
0.030305
0.030153
0.030060
0.030090
0.030300
0.030742
0.031453
0.032453
0.033739
0.035295
0.037085
0.039054
0.041165
0.043453
0.046046
0.049111
0.052783
0.057110
0.062014
0.067256
0.072429
0.077007
0.080443
0.082287
0.082283
0.080436
0.077006
0.072444
0.067273
0.061958
0.056823
0.052043
0.047697
0.043822
0.040433
0.037515
0.035019
0.032876
0.031031
0.029436
0.028041
0.026797
0.025670
0.024646
0.023726
0.022908
0.022176
0.021512
0.020901
0.020335
0.019806
0.019317
0.018872
0.018482
0.018160
0.017921
0.017775
0.017712
0.017708
0.017745
0.017823
0.017944
0.018084
0.018209
0.018296
0.018354
0.018405
0.018467
0.018549
0.018652
0.018764
0.018861
0.018932
0.018978
0.019006
0.019022
0.019028
0.019031
0.019038
0.019067
0.019149
0.019308
0.019534
0.019791
0.020065
0.020383
0.020768
0.021206
0.021653
0.022063
0.022389
0.022577
0.022600
0.022495
0.022351
0.022245
0.022204
0.022206
0.022200
0.022133
0.021975
0.021745
0.021490
0.021235
0.020972
0.020698
0.020436
0.020221
0.020069
0.019983
0.019964
0.019996
0.020033
0.020012
0.019897
0.019689
0.019419
0.019137
0.018894
0.018720
0.018610
0.018538
0.018486
0.018456
0.018455
0.018484
0.018541
0.018639
0.018801
0.019050
0.019401
0.019864
0.020441
0.021104
0.021784
0.022377
0.022786
0.022955
0.022892
0.022657
0.022336
0.022001
0.021696
0.021432
0.021215
0.021054
0.020961
0.020934
0.020959
0.021009
0.021053
0.021066
0.021040
0.020994
0.020945
0.020896
0.020830
0.020742
0.020645
0.020564
0.020518
0.020525
0.020601
0.020757
0.020988
0.021277
0.021600
0.021921
0.022194
0.022367
0.022408
0.022326
0.022185
0.022076
0.022072
0.022213
0.022515
0.022995
0.023681
0.024585
0.025695
0.026974
0.028372
0.029803
0.031117
0.032100
0.032554
0.032407
0.031767
0.030866
0.029933
0.029102
0.028408
0.027812
0.027226
0.026549
0.025731
0.024813
0.023884
0.023013
0.022228
0.021546
0.020987
0.020554
0.020226
0.019983
0.019823
0.019757
0.019782
0.019875
0.020009
0.020151
0.020273
0.020358
0.020394
0.020374
0.020307
0.020231
0.020189
0.020181
0.020156
0.020063
0.019896
0.019685
0.019459
0.019236
0.019032
0.018862
0.018734
0.018646
0.018591
0.018558
0.018551
0.018595
0.018724
0.018952
0.019250
0.019573
0.019886
0.020168
0.020396
0.020548
0.020617
0.020611
0.020544
0.020439
0.020335
0.020277
0.020303
0.020431
0.020670
0.021004
0.021387
0.021757
0.022077
0.022339
0.022542
0.022667
0.022698
0.022652
0.022573
0.022499
0.022449
0.022424
0.022440
0.022522
0.022691
0.022943
0.023246
0.023562
0.023859
0.024126
0.024353
0.024523
0.024611
0.024602
0.024513
0.024395
0.024305
0.024260
0.024237
0.024208
0.024175
0.024166
0.024207
0.024303
0.024450
0.024642
0.024882
0.025189
0.025590
0.026092
0.026656
0.027217
0.027731
0.028199
0.028647
0.029095
0.029551
0.030019
0.030492
0.030950
0.031376
0.031776
0.032166
0.032534
0.032829
0.033002
0.033051
0.033010
0.032918
0.032805
0.032698
0.032627
0.032606
0.032637
0.032730
0.032887
0.033068
0.033165
0.033072
0.032766
0.032326
0.031868
0.031469
0.031162
0.030955
0.030832
0.030753
0.030669
0.030539
0.030327
0.030004
0.029565
0.029055
0.028550
0.028118
0.027794
0.027590
0.027513
0.027567
0.027743
0.028021
0.028360
0.028698
0.028972
0.029151
0.029241
0.029269
0.029262
0.029234
0.029169
0.029031
0.028792
0.028465
0.028120
0.027834
0.027640
0.027519
0.027437
0.027373
0.027316
0.027252
0.027171
0.027077
0.026978
0.026871
0.026736
0.026565
0.026378
0.026213
0.026094
0.026025
0.026008
0.026052
0.026169
0.026354
0.026592
0.026866
0.027174
0.027521
0.027907
0.028317
0.028728
0.029133
0.029568
0.030088
0.030724
0.031461
0.032265
0.033108
0.033954
0.034735
0.035364
0.035780
0.035972
0.035981
0.035876
0.035740
0.035648
0.035658
0.035800
0.036091
0.036538
0.037130
0.037806
0.038448
0.038930
0.039200
0.039332
0.039471
0.039741
0.040187
0.040784
0.041463
0.042137
0.042726
0.043200
0.043582
0.043922
0.044248
0.044553
0.044763
0.044722
0.044263
0.043341
0.042095
0.040747
0.039458
0.038295
0.037289
0.036469
0.035831
0.035326
0.034923
0.034624
0.034424
0.034295
0.034215
0.034204
0.034284
0.034436
0.034626
0.034830
0.035018
0.035119
0.035048
0.034766
0.034315
0.033786
0.033278
0.032861
0.032558
0.032354
0.032233
0.032209
0.032310
0.032560
0.032979
0.033576
0.034303
0.035030
0.035610
0.035992
0.036264
0.036572
0.037016
0.037597
0.038241
0.038836
0.039276
0.039502
0.039530
0.039454
0.039407
0.039490
0.039714
0.039978
0.040117
0.040001
0.039611
0.039058
0.038512
0.038102
0.037854
0.037722
0.037675
0.037727
0.037895
0.038140
0.038397
0.038640
0.038922
0.039341
0.039998
0.040963
0.042231
0.043671
0.045038
0.046058
0.046520
0.046338
0.045557
0.044327
0.042852
0.041316
0.039836
0.038471
0.037247
0.036177
0.035264
0.034511
0.033937
0.033568
0.033423
0.033509
0.033827
0.034378
0.035162
0.036185
0.037474
0.039071
0.041007
0.043239
0.045606
0.047832
0.049613
0.050748
0.051217
0.051153
0.050751
0.050205
0.049667
0.049198
0.048721
0.048075
0.047166
0.046060
0.044895
0.043728
0.042508
0.041213
0.039941
0.038854
0.038044
0.037505
0.037182
0.036989
0.036797
0.036463
0.035912
0.035178
0.034359
0.033540
0.032770
0.032064
0.031424
0.030857
0.030398
0.030101
0.029995
0.030077
0.030335
0.030765
0.031359
0.032080
0.032875
0.033670
0.034349
0.034793
0.034967
0.034968
0.034948
0.035025
0.035270
0.035738
0.036424
0.037188
0.037793
0.038062
0.037993
0.037723
0.037403
0.037136
0.036975
0.036933
0.036979
0.037065
0.037162
0.037260
0.037325
0.037274
0.036990
0.036406
0.035557
0.034562
0.033547
0.032587
0.031713
0.030937
0.030252
0.029628
0.029028
0.028444
0.027889
0.027375
0.026914
0.026536
0.026269
0.026106
0.026003
0.025917
0.025833
0.025758
0.025714
0.025731
0.025817
0.025922
0.025956
0.025865
0.025657
0.025367
0.025021
0.024658
0.024336
0.024090
0.023902
0.023717
0.023498
0.023229
0.022909
0.022559
0.022231
0.021968
0.021771
0.021616
0.021496
0.021421
0.021383
0.021363
0.021352
0.021362
0.021396
0.021444
0.021500
0.021566
0.021643
0.021720
0.021790
0.021850
0.021895
0.021926
0.021956
0.022000
0.022045
0.022065
0.022054
0.022035
0.022035
0.022065
0.022116
0.022172
0.022195
0.022139
0.021977
0.021719
0.021406
0.021079
0.020773
0.020506
0.020282
0.020099
0.019962
0.019887
0.019880
0.019931
0.020023
0.020140
0.020266
0.020383
0.020478
0.020546
0.020589
0.020611
0.020618
0.020614
0.020596
0.020563
0.020529
0.020508
0.020508
0.020531
0.020583
0.020665
0.020752
0.020809
0.020829
0.020838
0.020866
0.020923
0.021011
0.021144
0.021325
0.021531
0.021739
0.021959
0.022219
0.022517
0.022813
0.023063
0.023250
0.023363
0.023375
0.023260
0.023034
0.022756
0.022491
0.022265
0.022069
0.021882
0.021693
0.021498
0.021294
0.021085
0.020889
0.020731
0.020622
0.020556
0.020521
0.020519
0.020558
0.020647
0.020786
0.020972
0.021192
0.021425
0.021653
0.021869
0.022072
0.022262
0.022437
0.022601
0.022758
0.022900
0.023009
0.023067
0.023068
0.023019
0.022944
0.022866
0.022805
0.022763
0.022723
0.022665
0.022577
0.022462
0.022328
0.022175
0.022015
0.021874
0.021785
0.021759
0.021782
0.021839
0.021922
0.022019
0.022095
0.022119
0.022081
0.021996
0.021878
0.021734
0.021578
0.021440
0.021351
0.021328
0.021364
0.021431
0.021496
0.021542
0.021576
0.021611
0.021655
0.021718
0.021817
0.021963
0.022147
0.022356
0.022600
0.022892
0.023213
0.023511
0.023751
0.023933
0.024059
0.024110
0.024080
0.024003
0.023939
0.023927
0.023970
0.024063
0.024208
0.024409
0.024673
0.025001
0.025380
0.025783
0.026187
0.026593
0.027020
0.027488
0.028019
0.028625
0.029284
0.029938
0.030521
0.030991
0.031329
0.031513
0.031530
0.031402
0.031192
0.030969
0.030764
0.030566
0.030345
0.030090
0.029826
0.029585
0.029384
0.029230
0.029142
0.029137
0.029198
0.029270
0.029333
0.029439
0.029653
0.029995
0.030436
0.030958
0.031562
0.032234
0.032939
0.033663
0.034413
0.035178
0.035910
0.036549
0.037051
0.037386
0.037542
0.037552
0.037499
0.037460
0.037471
0.037544
0.037707
0.037983
0.038357
0.038788
0.039238
0.039684
0.040098
0.040455
0.040753
0.040995
0.041165
0.041221
0.041137
0.040942
0.040687
0.040413
0.040120
0.039783
0.039365
0.038842
0.038212
0.037512
0.036804
0.036156
0.035635
0.035310
0.035239
0.035462
0.035977
0.036743
0.037715
0.038866
0.040184
0.041635
0.043138
0.044598
0.045936
0.047097
0.048013
0.048606
0.048822
0.048673
0.048217
0.047522
0.046639
0.045627
0.044567
0.043544
0.042621
0.041836
0.041218
0.040795
0.040581
0.040567
0.040731
0.041052
0.041513
0.042093
0.042775
0.043557
0.044440
0.045408
0.046411
0.047378
0.048215
0.048822
0.049108
0.049039
0.048657
0.048080
0.047472
0.046994
0.046766
0.046814
0.047084
0.047476
0.047903
0.048305
0.048658
0.048982
0.049347
0.049834
0.050484
0.051265
0.052095
0.052893
0.053614
0.054259
0.054861
0.055463
0.056096
0.056749
0.057343
0.057721
0.057699
0.057156
0.056108
0.054712
0.053191
0.051735
0.050456
0.049393
0.048555
0.047944
0.047548
0.047332
0.047252
0.047277
0.047391
0.047586
0.047859
0.048229
0.048711
0.049288
0.049895
0.050472
0.051001
0.051514
0.052071
0.052737
0.053570
0.054580
0.055710
0.056863
0.057956
0.058964
0.059922
0.060903
0.061985
0.063228
0.064678
0.066389
0.068367
0.070424
0.072118
0.072940
0.072647
0.071431
0.069766
0.068102
0.066693
0.065637
0.064980
0.064767
0.065037
0.065818
0.067122
0.068927
0.071179
0.073806
0.076714
0.079739
0.082585
0.084837
0.086104
0.086218
0.085348
0.083905
0.082347
0.081032
0.080186
0.079885
0.079971
0.080019
0.079513
0.078170
0.076123
0.073801
0.071657
0.069993
0.068959
0.068630
0.069037
0.070178
0.072014
0.074455
0.077359
0.080545
0.083825
0.086984
0.089723
0.091664
0.092480
0.092060
0.090564
0.088332
0.085763
0.083230
0.081041
0.079404
0.078409
0.078049
0.078257
0.078917
0.079865
0.080927
0.081981
0.082985
0.083937
0.084827
0.085618
0.086260
0.086702
0.086931
0.087007
0.087071
0.087295
0.087806
0.088665
0.089874
0.091353
0.092904
0.094214
0.094967
0.095003
0.094402
0.093450
0.092497
0.091797
0.091418
0.091273
0.091228
0.091211
0.091234
0.091341
0.091558
0.091871
0.092234
0.092575
0.092824
0.092941
0.092933
0.092863
0.092845
0.093032
0.093586
0.094597
0.096009
0.097637
0.099245
0.100624
0.101576
0.101883
0.101328
0.099805
0.097416
0.094452
0.091283
0.088236
0.085527
0.083250
0.081405
0.079947
0.078829
0.078020
0.077503
0.077259
0.077241
0.077319
0.077260
0.076807
0.075829
0.074423
0.072854
0.071399
0.070218
0.069334
0.068664
0.068058
0.067336
0.066362
0.065109
0.063664
0.062178
0.060818
0.059746
0.059096
0.058920
0.059131
0.059513
0.059817
0.059833
0.059428
0.058541
0.057206
0.055565
0.053835
0.052217
0.050830
0.049708
0.048830
0.048130
0.047514
0.046906
0.046295
0.045736
0.045286
0.044955
0.044691
0.044417
0.044078
0.043679
0.043287
0.042996
0.042877
0.042958
0.043224
0.043628
0.044105
0.044602
0.045114
0.045667
0.046275
0.046909
0.047533
0.048131
0.048700
0.049232
0.049723
0.050183
0.050638
0.051109
0.051614
0.052178
0.052797
0.053416
0.053948
0.054347
0.054646
0.054951
0.055425
0.056255
0.057557
0.059268
0.061134
0.062830
0.064107
0.064810
0.064846
0.064206
0.063033
0.061601
0.060182
0.058931
0.057896
0.057086
0.056494
0.056098
0.055870
0.055801
0.055887
0.056092
0.056323
0.056484
0.056518
0.056428
0.056247
0.056005
0.055709
0.055346
0.054910
0.054421
0.053913
0.053403
0.052890
0.052373
0.051881
0.051449
0.051092
0.050793
0.050512
0.050208
0.049867
0.049504
0.049151
0.048832
0.048547
0.048282
0.048017
0.047741
0.047476
0.047277
0.047198
0.047247
0.047381
0.047549
0.047732
0.047924
0.048104
0.048250
0.048372
0.048510
0.048701
0.048956
0.049268
0.049606
0.049937
0.050252
0.050591
0.051002
0.051516
0.052170
0.053054
0.054277
0.055912
0.058007
0.060652
0.063982
0.068100
0.073070
0.079010
0.086146
0.094767
0.105177
0.117763
0.133064
0.151702
0.174209
0.200815
0.231118
0.263617
0.295474
0.322923
0.342235
0.350707
0.347248
0.332566
0.309024
0.280074
0.249290
0.219481
0.192328
0.168560
0.148297
0.131301
0.117178
0.105534
0.096036
0.088372
0.082221
0.077278
0.073277
0.069981
0.067188
0.064760
0.062622
0.060720
0.059003
0.057457
0.056113
0.055001
0.054120
0.053446
0.052949
0.052573
0.052244
0.051927
0.051669
0.051557
0.051644
0.051923
0.052356
0.052908
0.053562
0.054322
0.055195
0.056154
0.057130
0.058061
0.058929
0.059744
0.060496
0.061140
0.061639
0.061991
0.062219
0.062357
0.062445
0.062532
0.062678
0.062932
0.063313
0.063789
0.064297
0.064778
0.065206
0.065549
0.065735
0.065660
0.065268
0.064599
0.063775
0.062941
0.062209
0.061645
0.061261
0.061037
0.060957
0.061043
0.061354
0.061931
0.062737
0.063633
0.064426
0.064946
0.065124
0.065013
0.064757
0.064520
0.064406
0.064436
0.064586
0.064857
0.065303
0.066010
0.067032
0.068331
0.069770
0.071172
0.072419
0.073512
0.074546
0.075635
0.076855
0.078233
0.079768
0.081433
0.083193
0.085035
0.086990
0.089129
0.091472
0.093872
0.095961
0.097261
0.097413
0.096341
0.094244
0.091467
0.088388
0.085366
0.082679
0.080469
0.078764
0.077565
0.076900
0.076782
0.077150
0.077867
0.078752
0.079610
0.080260
0.080548
0.080357
0.079604
0.078254
0.076364
0.074078
0.071564
0.068957
0.066357
0.063863
0.061568
0.059539
0.057808
0.056386
0.055272
0.054451
0.053899
0.053571
0.053400
0.053322
0.053313
0.053384
0.053509
0.053575
0.053441
0.053047
0.052453
0.051790
0.051194
0.050776
0.050599
0.050681
0.051003
0.051541
0.052260
0.053085
0.053878
0.054455
0.054659
0.054454
0.053943
0.053300
0.052668
0.052119
0.051697
0.051440
0.051327
0.051254
0.051106
0.050847
0.050533
0.050239
0.050011
0.049885
0.049899
0.050076
0.050408
0.050866
0.051417
0.052054
0.052819
0.053788
0.055020
0.056511
0.058197
0.059960
0.061628
0.063011
0.063984
0.064549
0.064772
0.064707
0.064414
0.064004
0.063601
0.063251
0.062921
0.062579
0.062223
0.061828
0.061336
0.060749
0.060177
0.059781
0.059670
0.059876
0.060395
0.061201
0.062243
0.063433
0.064630
0.065673
0.066465
0.067057
0.067608
0.068239
0.068964
0.069737
0.070542
0.071403
0.072374
0.073521
0.074902
0.076500
0.078218
0.079925
0.081489
0.082779
0.083688
0.084208
0.084466
0.084661
0.085008
0.085743
0.087103
0.089278
0.092381
0.096486
0.101661
0.107948
0.115382
0.124080
0.134290
0.146375
0.160786
0.178044
0.198628
0.222806
0.250489
0.280957
0.312269
0.340747
0.361544
0.370625
0.366877
0.352591
0.331946
0.308934
0.286236
0.265266
0.246671
0.230739
0.217640
0.207536
0.200526
0.196548
0.195403
0.196917
0.201060
0.207953
0.217811
0.230890
0.247432
0.267595
0.291344
0.318267
0.347361
0.376976
0.405133
0.430183
0.451385
0.468785
0.482170
0.489873
0.488785
0.476075
0.451384
0.417549
0.379202
0.340590
0.304352
0.271654
0.242854
0.217919
0.196574
0.178422
0.163058
0.150109
0.139243
0.130175
0.122615
0.116197
0.110533
0.105381
0.100739
0.096724
0.093388
0.090687
0.088556
0.086963
0.085913
0.085458
0.085700
0.086718
0.088497
0.090959
0.094030
0.097535
0.100958
0.103379
0.103886
0.102166
0.098728
0.094504
0.090257
0.086332
0.082810
0.079722
0.077095
0.074936
0.073249
0.072064
0.071378
0.071127
0.071232
0.071644
0.072295
0.073050
0.073782
0.074476
0.075213
0.076052
0.076947
0.077772
0.078363
0.078549
0.078197
0.077274
0.075859
0.074103
0.072193
0.070321
0.068644
0.067229
0.066069
0.065122
0.064328
0.063584
0.062789
0.061917
0.061044
0.060291
0.059745
0.059452
0.059428
0.059672
0.060184
0.060987
0.062106
0.063539
0.065245
0.067145
0.069108
0.070925
0.072363
0.073276
0.073669
0.073652
0.073394
0.073105
0.073007
0.073276
0.073985
0.075114
0.076560
0.078123
0.079530
0.080545
0.081077
0.081188
0.081026
0.080759
0.080549
0.080534
0.080807
0.081424
0.082424
0.083842
0.085704
0.088007
0.090655
0.093380
0.095789
0.097541
0.098552
0.099026
0.099310
0.099744
0.100594
0.102050
0.104250
0.107261
0.110985
0.114973
0.118319
0.119886
0.118845
0.115153
0.109565
0.103179
0.096925
0.091337
0.086625
0.082818
0.079847
0.077574
0.075845
0.074540
0.073588
0.072966
0.072689
0.072778
0.073226
0.073983
0.074975
0.076108
0.077278
0.078383
0.079368
0.080230
0.080970
0.081568
0.082005
0.082320
0.082612
0.083013
0.083668
0.084701
0.086160
0.087987
0.090075
0.092340
0.094719
0.097124
0.099439
0.101571
0.103488
0.105197
0.106759
0.108320
0.110104
0.112335
0.115152
0.118548
0.122303
0.125982
0.129115
0.131479
0.133216
0.134632
0.135872
0.136764
0.136931
0.136023
0.133934
0.130884
0.127350
0.123873
0.120885
0.118635
0.117167
0.116304
0.115704
0.115033
0.114109
0.112855
0.111166
0.108900
0.106033
0.102760
0.099403
0.096254
0.093504
0.091267
0.089601
0.088527
0.088042
0.088121
0.088691
0.089633
0.090838
0.092254
0.093846
0.095537
0.097209
0.098774
0.100235
0.101665
0.103156
0.104803
0.106723
0.109078
0.112060
0.115865
0.120675
0.126607
0.133577
0.141100
0.148211
0.153665
0.156385
0.155910
0.152579
0.147339
0.141329
0.135483
0.130356
0.126176
0.122956
0.120563
0.118745
0.117212
0.115754
0.114328
0.113050
0.112124
0.111724
0.111876
0.112415
0.113075
0.113653
0.114112
0.114561
0.115149
0.115955
0.116918
0.117851
0.118555
0.118946
0.119061
0.118946
0.118570
0.117857
0.116753
0.115267
0.113459
0.111451
0.109438
0.107668
0.106402
0.105874
0.106225
0.107415
0.109167
0.111028
0.112534
0.113375
0.113455
0.112851
0.111691
0.110052
0.107941
0.105372
0.102461
0.099452
0.096655
0.094340
0.092665
0.091644
0.091185
0.091155
0.091415
0.091819
0.092219
0.092514
0.092705
0.092895
0.093254
0.093958
0.095128
0.096781
0.098810
0.101021
0.103183
0.105066
0.106486
0.107389
0.107905
0.108290
0.108789
0.109536
0.110556
0.111811
0.113224
0.114653
0.115876
0.116631
0.116707
0.116030
0.114700
0.112935
0.110979
0.109063
0.107428
0.106324
0.105969
0.106502
0.107982
0.110377
0.113487
0.116891
0.120062
0.122629
0.124532
0.125893
0.126749
0.126971
0.126449
0.125291
0.123763
0.122068
0.120253
0.118325
0.116386
0.114595
0.113053
0.111767
0.110704
0.109847
0.109182
0.108693
0.108378
0.108238
0.108255
0.108374
0.108531
0.108673
0.108769
0.108836
0.108982
0.109398
0.110280
0.111761
0.113900
0.116702
0.120137
0.124160
0.128725
0.133733
0.138866
0.143467
0.146681
0.147866
0.146965
0.144550
0.141504
0.138602
0.136285
0.134662
0.133632
0.132975
0.132400
0.131599
0.130356
0.128619
0.126492
0.124141
0.121698
0.119249
0.116883
0.114728
0.112932
0.111602
0.110765
0.110357
0.110270
0.110423
0.110804
0.111421
0.112161
0.112734
0.112784
0.112104
0.110752
0.108976
0.107054
0.105198
0.103557
0.102243
0.101311
0.100707
0.100276
0.099835
0.099286
0.098670
0.098109
0.097704
0.097479
0.097431
0.097571
0.097905
0.098368
0.098820
0.099106
0.099140
0.098923
0.098511
0.097973
0.097376
0.096784
0.096248
0.095783
0.095351
0.094880
0.094331
0.093739
0.093193
0.092770
0.092487
0.092288
0.092072
0.091739
0.091259
0.090717
0.090285
0.090139
0.090390
0.091092
0.092281
0.093952
0.095971
0.098022
0.099711
0.100780
0.101257
0.101439
0.101721
0.102426
0.103738
0.105713
0.108322
0.111471
0.115016
0.118782
0.122586
0.126268
0.129689
0.132711
0.135190
0.137030
0.138278
0.139154
0.139958
0.140884
0.141872
0.142611
0.142715
0.141940
0.140268
0.137791
0.134550
0.130520
0.125752
0.120461
0.114981
0.109638
0.104692
0.100328
0.096649
0.093653
0.091289
0.089520
0.088336
0.087712
0.087571
0.087759
0.088037
0.088114
0.087767
0.086974
0.085910
0.084799
0.083750
0.082723
0.081605
0.080325
0.078927
0.077560
0.076367
0.075396
0.074619
0.074038
0.073731
0.073786
0.074242
0.075103
0.076378
0.078068
0.080134
0.082523
0.085217
0.088225
0.091551
0.095184
0.099081
0.103096
0.106936
0.110251
0.112828
0.114707
0.116097
0.117228
0.118298
0.119530
0.121209
0.123597
0.126748
0.130377
0.133907
0.136736
0.138534
0.139320
0.139264
0.138436
0.136786
0.134342
0.131365
0.128290
0.125529
0.123348
0.121809
0.120721
0.119635
0.118034
0.115654
0.112651
0.109466
0.106520
0.104042
0.102087
0.100631
0.099623
0.099025
0.098823
0.098995
0.099456
0.100072
0.100713
0.101289
0.101729
0.101990
0.102112
0.102212
0.102420
0.102826
0.103501
0.104520
0.105907
0.107613
0.109576
0.111776
0.114149
0.116468
0.118368
0.119581
0.120151
0.120439
0.120940
0.122048
0.123925
0.126504
0.129598
0.133000
0.136546
0.140123
0.143702
0.147363
0.151273
0.155573
0.160202
0.164759
0.168562
0.170952
0.171695
0.171111
0.169808
0.168260
0.166638
0.164940
0.163184
0.161466
0.159918
0.158671
0.157761
0.156989
0.155881
0.153908
0.150838
0.146916
0.142719
0.138825
0.135548
0.132876
0.130589
0.128453
0.126351
0.124286
0.122307
0.120448
0.118731
0.117200
0.115932
0.115020
0.114545
0.114568
0.115129
0.116255
0.117940
0.120146
0.122817
0.125911
0.129381
0.133110
0.136878
0.140418
0.143536
0.146196
0.148517
0.150702
0.152976
0.155559
0.158654
0.162372
0.166546
0.170560
0.173420
0.174162
0.172346
0.168277
0.162783
0.156793
0.151028
0.145922
0.141676
0.138336
0.135867
0.134226
0.133404
0.133401
0.134171
0.135619
0.137656
0.140248
0.143390
0.147033
0.151067
0.155349
0.159715
0.163944
0.167761
0.170966
0.173610
0.176031
0.178695
0.181914
0.185608
0.189181
0.191620
0.191854
0.189248
0.183940
0.176753
0.168775
0.160928
0.153756
0.147474
0.142093
0.137536
0.133683
0.130393
0.127536
0.125056
0.123001
0.121467
0.120525
0.120209
0.120561
0.121575
0.123041
0.124489
0.125365
0.125319
0.124334
0.122631
0.120501
0.118210
0.115958
0.113849
0.111897
0.110084
0.108409
0.106891
0.105551
0.104404
0.103472
0.102788
0.102394
0.102356
0.102754
0.103638
0.104988
0.106699
0.108568
0.110290
0.111504
0.111939
0.111552
0.110550
0.109265
0.108007
0.106976
0.106247
0.105818
0.105698
0.105965
0.106743
0.108115
0.110051
0.112416
0.115018
0.117645
0.120068
0.122056
0.123413
0.124028
0.123928
0.123306
0.122486
0.121849
0.121725
0.122309
0.123627
0.125601
0.128181
0.131422
0.135359
0.139682
0.143521
0.145679
0.145279
0.142356
0.137843
0.132992
0.128732
0.125461
0.123213
0.121847
0.121088
0.120567
0.119967
0.119156
0.118138
0.116912
0.115425
0.113667
0.111739
0.109820
0.108078
0.106641
0.105599
0.105027
0.104990
0.105530
0.106645
0.108284
0.110371
0.112808
0.115438
0.118030
0.120339
0.122219
0.123665
0.124769
0.125661
0.126465
0.127199
0.127683
0.127564
0.126513
0.124455
0.121615
0.118359
0.115008
0.111772
0.108786
0.106173
0.104044
0.102470
0.101478
0.101051
0.101115
0.101496
0.101932
0.102170
0.102093
0.101741
0.101240
0.100738
0.100374
0.100250
0.100405
0.100825
0.101487
0.102360
0.103380
0.104453
0.105501
0.106468
0.107307
0.107999
0.108612
0.109299
0.110200
0.111367
0.112735
0.114094
0.115042
0.115082
0.113905
0.111634
0.108781
0.105960
0.103637
0.102064
0.101318
0.101330
0.101938
0.102949
0.104190
0.105545
0.106981
0.108559
0.110359
0.112377
0.114512
0.116638
0.118657
0.120508
0.122209
0.123879
0.125651
0.127484
0.129114
0.130251
0.130822
0.130989
0.130948
0.130779
0.130477
0.130075
0.129690
0.129508
0.129725
0.130487
0.131816
0.133587
0.135593
0.137612
0.139409
0.140734
0.141418
0.141531
0.141438
0.141652
0.142615
0.144568
0.147515
0.151182
0.155036
0.158481
0.161179
0.163166
0.164647
0.165692
0.166210
0.166174
0.165794
0.165438
0.165433
0.165960
0.167019
0.168423
0.169814
0.170794
0.171136
0.170919
0.170506
0.170372
0.170920
0.172411
0.175039
0.179020
0.184581
0.191821
0.200595
0.210494
0.220859
0.230808
0.239335
0.245504
0.248657
0.248519
0.245229
0.239319
0.231601
0.222921
0.213922
0.204972
0.196254
0.187868
0.179883
0.172370
0.165435
0.159188
0.153643
0.148673
0.144058
0.139573
0.135055
0.130456
0.125900
0.121659
0.118017
0.115129
0.112987
0.111515
0.110643
0.110341
0.110594
0.111358
0.112493
0.113743
0.114834
0.115615
0.116112
0.116466
0.116832
0.117349
0.118116
0.119155
0.120370
0.121569
0.122538
0.123107
0.123192
0.122847
0.122278
0.121790
0.121671
0.122062
0.122922
0.124066
0.125268
0.126360
0.127273
0.128011
0.128632
0.129232
0.129926
0.130796
0.131838
0.132941
0.133919
0.134580
0.134864
0.134954
0.135232
0.136051
0.137546
0.139649
0.142248
0.145258
0.148541
0.151869
0.154975
0.157578
0.159381
0.160166
0.160032
0.159481
0.159134
0.159306
0.159867
0.160497
0.160999
0.161398
0.161836
0.162452
0.163318
0.164414
0.165652
0.166984
0.168495
0.170394
0.172870
0.175909
0.179250
0.182521
0.185392
0.187554
0.188604
0.188112
0.185943
0.182507
0.178579
0.174847
0.171628
0.168965
0.166836
0.165232
0.164122
0.163411
0.162907
0.162262
0.161035
0.158895
0.155812
0.152048
0.148008
0.144128
0.140802
0.138315
0.136808
0.136311
0.136786
0.138071
0.139799
0.141470
0.142665
0.143236
0.143322
0.143235
0.143287
0.143642
0.144288
0.145153
0.146247
0.147666
0.149431
0.151324
0.152904
0.153718
0.153543
0.152496
0.150921
0.149179
0.147540
0.146230
0.145466
0.145368
0.145868
0.146768
0.147889
0.149116
0.150327
0.151363
0.152100
0.152506
0.152589
0.152352
0.151846
0.151210
0.150584
0.149982
0.149280
0.148338
0.147142
0.145861
0.144816
0.144352
0.144673
0.145719
0.147216
0.148842
0.150332
0.151442
0.151897
0.151455
0.150055
0.147883
0.145272
0.142536
0.139894
0.137483
0.135400
0.133709
0.132430
0.131554
0.131042
0.130821
0.130746
0.130604
0.130143
0.129146
0.127547
0.125498
0.123314
0.121312
0.119703
0.118583
0.117951
0.117649
0.117350
0.116693
0.115508
0.113886
0.112062
0.110253
0.108604
0.107205
0.106111
0.105356
0.104969
0.104955
0.105254
0.105736
0.106278
0.106852
0.107537
0.108452
0.109656
0.111071
0.112473
0.113603
0.114329
0.114703
0.114874
0.114974
0.115078
0.115223
0.115415
0.115633
0.115870
0.116161
0.116545
0.117005
0.117469
0.117875
0.118228
0.118610
0.119132
0.119838
0.120598
0.121141
0.121216
0.120754
0.119856
0.118665
0.117266
0.115671
0.113838
0.111719
0.109374
0.107026
0.104984
0.103486
0.102656
0.102582
0.103365
0.105070
0.107698
0.111212
0.115560
0.120685
0.126613
0.133437
0.140970
0.148274
0.153729
0.155923
0.154593
0.150681
0.145506
0.140006
0.134660
0.129747
0.125413
0.121575
0.118027
0.114686
0.111651
0.108997
0.106621
0.104335
0.102051
0.099845
0.097888
0.096361
0.095385
0.094975
0.095005
0.095212
0.095226
0.094673
0.093352
0.091360
0.089014
0.086622
0.084335
0.082165
0.080074
0.078000
0.075880
0.073707
0.071564
0.069569
0.067789
0.066240
0.064935
0.063896
0.063121
0.062573
0.062226
0.062073
0.062097
0.062222
0.062347
0.062432
0.062535
0.062768
0.063218
0.063937
0.064974
0.066351
0.067969
0.069577
0.070881
0.071705
0.072038
0.071961
0.071614
0.071188
0.070880
0.070798
0.070947
0.071301
0.071836
0.072488
0.073140
0.073692
0.074129
0.074515
0.074953
0.075543
0.076296
0.077053
0.077549
0.077606
0.077245
0.076620
0.075917
0.075333
0.075048
0.075154
0.075685
0.076741
0.078527
0.081268
0.085173
0.090443
0.096943
0.103595
0.108343
0.109253
0.105909
0.099654
0.092450
0.085637
0.079687
0.074681
0.070618
0.067388
0.064784
0.062648
0.060917
0.059530
0.058395
0.057455
0.056695
0.056080
0.055567
0.055161
0.054885
0.054699
0.054515
0.054300
0.054103
0.053960
0.053851
0.053743
0.053624
0.053494
0.053352
0.053226
0.053161
0.053185
0.053313
0.053587
0.054069
0.054779
0.055651
0.056570
0.057425
0.058155
0.058749
0.059197
0.059430
0.059323
0.058811
0.057977
0.057006
0.056058
0.055231
0.054595
0.054197
0.054038
0.054087
0.054329
0.054770
0.055396
0.056157
0.056976
0.057737
0.058278
0.058464
0.058268
0.057756
0.056996
0.056035
0.054952
0.053878
0.052936
0.052200
0.051702
0.051456
0.051446
0.051650
0.052081
0.052780
0.053736
0.054842
0.055935
0.056853
0.057473
0.057757
0.057791
0.057742
0.057760
0.057929
0.058290
0.058864
0.059622
0.060459
0.061242
0.061871
0.062311
0.062607
0.062876
0.063263
0.063845
0.064572
0.065287
0.065796
0.065947
0.065692
0.065095
0.064274
0.063330
0.062353
0.061451
0.060723
0.060207
0.059888
0.059754
0.059808
0.060004
0.060229
0.060370
0.060387
0.060292
0.060115
0.059904
0.059718
0.059601
0.059585
0.059716
0.060063
0.060683
0.061605
0.062867
0.064533
0.066647
0.069161
0.071896
0.074542
0.076740
0.078269
0.079200
0.079835
0.080439
0.081009
0.081281
0.080923
0.079752
0.077853
0.075561
0.073302
0.071375
0.069883
0.068828
0.068222
0.068073
0.068332
0.068909
0.069729
0.070775
0.072092
0.073782
0.075922
0.078440
0.081073
0.083466
0.085317
0.086458
0.086893
0.086793
0.086411
0.085885
0.085158
0.084097
0.082683
0.081052
0.079394
0.077843
0.076442
0.075145
0.073876
0.072633
0.071530
0.070724
0.070324
0.070393
0.070976
0.072039
0.073395
0.074752
0.075847
0.076506
0.076630
0.076202
0.075296
0.073994
0.072287
0.070113
0.067516
0.064705
0.061944
0.059430
0.057284
0.055576
0.054307
0.053404
0.052776
0.052348
0.052073
0.051934
0.051970
0.052261
0.052854
0.053717
0.054760
0.055866
0.056907
0.057789
0.058524
0.059227
0.059996
0.060771
0.061355
0.061571
0.061416
0.061060
0.060712
0.060460
0.060236
0.059913
0.059428
0.058820
0.058169
0.057551
0.057026
0.056637
0.056407
0.056339
0.056425
0.056631
0.056908
0.057245
0.057702
0.058372
0.059320
0.060562
0.062088
0.063841
0.065681
0.067413
0.068865
0.069916
0.070448
0.070319
0.069404
0.067678
0.065234
0.062294
0.059163
0.056144
0.053430
0.051078
0.049064
0.047364
0.045969
0.044879
0.044106
0.043677
0.043602
0.043842
0.044285
0.044756
0.045067
0.045115
0.044968
0.044804
0.044751
0.044755
0.044603
0.044072
0.043085
0.041768
0.040362
0.039062
0.037921
0.036883
0.035878
0.034874
0.033861
0.032857
0.031908
0.031063
0.030330
0.029700
0.029189
0.028828
0.028617
0.028522
0.028536
0.028691
0.028997
0.029409
0.029855
0.030281
0.030646
0.030912
0.031054
0.031063
0.030938
0.030693
0.030382
0.030076
0.029812
0.029584
0.029400
0.029300
0.029317
0.029450
0.029689
0.030039
0.030493
0.031024
0.031605
0.032223
0.032868
0.033524
0.034182
0.034820
0.035370
0.035748
0.035919
0.035903
0.035722
0.035379
0.034915
0.034430
0.034028
0.033754
0.033599
0.033526
0.033493
0.033499
0.033622
0.033969
0.034579
0.035404
0.036402
0.037578
0.038905
0.040267
0.041528
0.042630
0.043577
0.044388
0.045091
0.045737
0.046356
0.046908
0.047320
0.047544
0.047580
0.047467
0.047304
0.047260
0.047493
0.048080
0.049016
0.050242
0.051616
0.052903
0.053860
0.054359
0.054426
0.054179
0.053780
0.053386
0.053117
0.053053
0.053277
0.053892
0.054962
0.056481
0.058410
0.060707
0.063264
0.065848
0.068156
0.069922
0.070936
0.071040
0.070166
0.068384
0.065848
0.062721
0.059195
0.055553
0.052095
0.048979
0.046191
0.043676
0.041447
0.039566
0.038073
0.036961
0.036186
0.035673
0.035348
0.035176
0.035145
0.035231
0.035411
0.035714
0.036210
0.036955
0.037966
0.039262
0.040865
0.042763
0.044858
0.046969
0.048845
0.050242
0.051064
0.051456
0.051723
0.052109
0.052632
0.053114
0.053295
0.052959
0.052030
0.050622
0.048980
0.047349
0.045889
0.044675
0.043719
0.042984
0.042403
0.041932
0.041554
0.041264
0.041061
0.040951
0.040931
0.040947
0.040920
0.040803
0.040593
0.040315
0.040018
0.039817
0.039852
0.040203
0.040879
0.041897
0.043336
0.045296
0.047853
0.051071
0.055010
0.059630
0.064660
0.069589
0.073803
0.076816
0.078435
0.078774
0.078092
0.076603
0.074429
0.071660
0.068419
0.064862
0.061166
0.057525
0.054110
0.051002
0.048216
0.045766
0.043687
0.041981
0.040588
0.039428
0.038440
0.037565
0.036754
0.036004
0.035352
0.034825
0.034414
0.034132
0.034044
0.034223
0.034717
0.035564
0.036810
0.038443
0.040322
0.042168
0.043613
0.044285
0.043938
0.042594
0.040544
0.038195
0.035878
0.033781
0.031988
0.030524
0.029392
0.028593
0.028134
0.028008
0.028185
0.028628
0.029273
0.029998
0.030660
0.031170
0.031519
0.031715
0.031723
0.031501
0.031048
0.030404
0.029622
0.028766
0.027918
0.027146
0.026482
0.025939
0.025522
0.025218
0.024997
0.024837
0.024720
0.024611
0.024460
0.024245
0.023990
0.023723
0.023448
0.023165
0.022862
0.022508
0.022070
0.021568
0.021070
0.020622
0.020220
0.019860
0.019561
0.019324
0.019116
0.018925
0.018777
0.018700
0.018687
0.018732
0.018846
0.019011
0.019168
0.019283
0.019382
0.019499
0.019641
0.019821
0.020091
0.020475
0.020905
0.021275
0.021514
0.021609
0.021572
0.021453
0.021337
0.021290
0.021310
0.021371
0.021465
0.021599
0.021770
0.021976
0.022217
0.022460
0.022643
0.022741
0.022805
0.022894
0.023009
0.023122
0.023220
0.023282
0.023266
0.023146
0.022954
0.022731
0.022479
0.022206
0.021956
0.021763
0.021606
0.021452
0.021311
0.021198
0.021092
0.020968
0.020851
0.020772
0.020696
0.020556
0.020321
0.020003
0.019624
0.019220
0.018845
0.018524
0.018226
0.017932
0.017673
0.017483
0.017337
0.017206
0.017111
0.017078
0.017079
0.017074
0.017076
0.017108
0.017152
0.017181
0.017224
0.017322
0.017468
0.017654
0.017931
0.018348
0.018879
0.019466
0.020102
0.020787
0.021467
0.022073
0.022589
0.022998
0.023240
0.023292
0.023253
0.023249
0.023294
0.023345
0.023424
0.023593
0.023851
0.024174
0.024602
0.025186
0.025896
0.026699
0.027687
0.028994
0.030655
0.032677
0.035173
0.038266
0.041940
0.046158
0.051067
0.056906
0.063883
0.072354
0.082766
0.094678
0.105679
0.112066
0.111385
0.104365
0.094148
0.083796
0.074741
0.067170
0.061028
0.056320
0.052947
0.050746
0.049687
0.049835
0.051169
0.053611
0.057177
0.061833
0.067042
0.071539
0.073789
0.072910
0.069240
0.064020
0.058510
0.053389
0.048825
0.044841
0.041473
0.038706
0.036465
0.034693
0.033352
0.032374
0.031684
0.031246
0.031032
0.030964
0.030952
0.030976
0.031074
0.031277
0.031597
0.032050
0.032612
0.033178
0.033622
0.033873
0.033902
0.033669
0.033159
0.032441
0.031623
0.030766
0.029886
0.029032
0.028292
0.027732
0.027382
0.027272
0.027422
0.027817
0.028422
0.029205
0.030093
0.030910
0.031426
0.031471
0.031009
0.030140
0.029063
0.028000
0.027085
0.026316
0.025642
0.025044
0.024525
0.024060
0.023624
0.023232
0.022913
0.022669
0.022512
0.022497
0.022653
0.022925
0.023218
0.023488
0.023735
0.023949
0.024124
0.024309
0.024557
0.024874
0.025241
0.025671
0.026181
0.026724
0.027223
0.027619
0.027865
0.027896
0.027688
0.027314
0.026877
0.026417
0.025931
0.025453
0.025044
0.024736
0.024532
0.024446
0.024482
0.024597
0.024766
0.025040
0.025479
0.026076
0.026806
0.027724
0.028931
0.030458
0.032234
0.034135
0.035993
0.037620
0.038912
0.039900
0.040610
0.040930
0.040713
0.039987
0.038959
0.037838
0.036730
0.035687
0.034716
0.033746
0.032677
0.031497
0.030285
0.029120
0.028058
0.027163
0.026481
0.025981
0.025598
0.025328
0.025189
0.025151
0.025169
0.025271
0.025522
0.025904
0.026345
0.026837
0.027424
0.028094
0.028781
0.029469
0.030182
0.030890
0.031523
0.032074
0.032583
0.033026
0.033324
0.033462
0.033492
0.033429
0.033257
0.033024
0.032827
0.032690
0.032589
0.032577
0.032772
0.033223
0.033904
0.034845
0.036126
0.037714
0.039435
0.041139
0.042784
0.044349
0.045776
0.047045
0.048192
0.049249
0.050260
0.051357
0.052698
0.054314
0.056123
0.058084
0.060199
0.062351
0.064298
0.065827
0.066797
0.067024
0.066328
0.064745
0.062549
0.060020
0.057306
0.054537
0.051883
0.049437
0.047179
0.045104
0.043268
0.041667
0.040231
0.038987
0.038074
0.037552
0.037342
0.037396
0.037748
0.038355
0.039077
0.039881
0.040878
0.042078
0.043278
0.044271
0.045019
0.045556
0.045916
0.046245
0.046757
0.047457
0.048064
0.048324
0.048256
0.048013
0.047713
0.047504
0.047600
0.048073
0.048768
0.049497
0.050175
0.050699
0.050932
0.050943
0.051032
0.051372
0.051819
0.052205
0.052578
0.053025
0.053507
0.054051
0.054875
0.056152
0.057830
0.059836
0.062182
0.064692
0.066893
0.068396
0.069180
0.069370
0.069037
0.068405
0.067913
0.067808
0.067950
0.068249
0.068938
0.070184
0.071791
0.073593
0.075747
0.078294
0.080878
0.083291
0.085909
0.089191
0.093173
0.097908
0.103909
0.111653
0.121131
0.132444
0.146308
0.163347
0.183516
0.206983
0.234991
0.269070
0.310172
0.359561
0.419705
0.493242
0.582206
0.689041
0.814507
0.948730
1.064396
1.126308
1.114695
1.040072
0.933833
0.825511
0.729666
0.649448
0.584843
0.535252
0.498567
0.471844
0.452540
0.437786
0.423554
0.406103
0.383909
0.357456
0.327883
0.296666
0.265811
0.237121
0.211334
0.188501
0.168815
0.152461
0.139059
0.127949
0.118809
0.111493
0.105531
0.100324
0.095633
0.091418
0.087390
0.083190
0.078864
0.074723
0.070882
0.067302
0.064135
0.061616
0.059716
0.058246
0.057205
0.056705
0.056644
0.056770
0.057002
0.057392
0.057864
0.058268
0.058618
0.059000
0.059330
0.059457
0.059436
0.059448
0.059494
0.059412
0.059099
0.058505
0.057494
0.055989
0.054230
0.052621
0.051368
0.050451
0.049890
0.049749
0.049885
0.049940
0.049642
0.048956
0.047966
0.046783
0.045580
0.044517
0.043625
0.042874
0.042348
0.042190
0.042430
0.043005
0.043916
0.045165
0.046586
0.047883
0.048866
0.049499
0.049761
0.049627
0.049172
0.048542
0.047786
0.046867
0.045823
0.044782
0.043810
0.042900
0.042094
0.041470
0.041023
0.040659
0.040325
0.040014
0.039681
0.039293
0.038962
0.038881
0.039140
0.039721
0.040627
0.041824
0.043076
0.044035
0.044560
0.044815
0.045040
0.045364
0.045832
0.046419
0.046958
0.047204
0.047083
0.046775
0.046535
0.046512
0.046768
0.047318
0.048068
0.048812
0.049359
0.049614
0.049507
0.048963
0.047999
0.046742
0.045326
0.043809
0.042236
0.040679
0.039165
0.037657
0.036143
0.034677
0.033309
0.032059
0.030971
0.030111
0.029477
0.028996
0.028639
0.028455
0.028468
0.028628
0.028899
0.029295
0.029795
0.030316
0.030830
0.031421
0.032186
0.033107
0.034053
0.034835
0.035237
0.035100
0.034456
0.033516
0.032496
0.031509
0.030613
0.029876
0.029325
0.028916
0.028599
0.028368
0.028208
0.028075
0.027967
0.027939
0.028013
0.028137
0.028255
0.028366
0.028464
0.028515
0.028530
0.028589
0.028733
0.028910
0.029061
0.029182
0.029263
0.029236
0.029059
0.028777
0.028455
0.028113
0.027779
0.027533
0.027432
0.027456
0.027568
0.027778
0.028092
0.028454
0.028822
0.029225
0.029695
0.030206
0.030736
0.031342
0.032102
0.033029
0.034102
0.035326
0.036695
0.038140
0.039574
0.040956
0.042257
0.043392
0.044272
0.044868
0.045185
0.045210
0.044961
0.044520
0.043953
0.043235
0.042314
0.041228
0.040083
0.038972
0.037960
0.037123
0.036513
0.036113
0.035894
0.035884
0.036131
0.036614
0.037246
0.037948
0.038630
0.039157
0.039410
0.039399
0.039253
0.039094
0.038971
0.038869
0.038728
0.038466
0.038069
0.037637
0.037304
0.037133
0.037128
0.037316
0.037730
0.038330
0.039033
0.039800
0.040623
0.041427
0.042073
0.042454
0.042536
0.042313
0.041788
0.041008
0.040058
0.039009
0.037914
0.036857
0.035931
0.035179
0.034599
0.034218
0.034071
0.034112
0.034218
0.034291
0.034343
0.034448
0.034700
0.035215
0.036099
0.037333
0.038681
0.039745
0.040155
0.039766
0.038741
0.037431
0.036147
0.035021
0.034073
0.033330
0.032826
0.032538
0.032412
0.032435
0.032608
0.032862
0.033061
0.033099
0.032937
0.032561
0.031988
0.031318
0.030696
0.030213
0.029879
0.029675
0.029547
0.029357
0.028959
0.028356
0.027711
0.027189
0.026858
0.026759
0.026961
0.027506
0.028374
0.029549
0.031053
0.032804
0.034486
0.035649
0.035973
0.035439
0.034306
0.032923
0.031546
0.030250
0.028998
0.027777
0.026646
0.025668
0.024857
0.024216
0.023757
0.023485
0.023386
0.023475
0.023803
0.024398
0.025205
0.026079
0.026807
0.027170
0.027085
0.026693
0.026260
0.025968
0.025857
0.025939
0.026255
0.026799
0.027520
0.028437
0.029667
0.031291
0.033316
0.035807
0.038933
0.042811
0.047432
0.052817
0.058957
0.065299
0.070411
0.072605
0.071141
0.066781
0.061110
0.055445
0.050382
0.046054
0.042480
0.039654
0.037521
0.035987
0.034928
0.034166
0.033492
0.032763
0.031970
0.031198
0.030532
0.030001
0.029573
0.029186
0.028781
0.028331
0.027845
0.027349
0.026879
0.026467
0.026143
0.025932
0.025835
0.025816
0.025809
0.025759
0.025655
0.025520
0.025382
0.025256
0.025143
0.025036
0.024923
0.024794
0.024644
0.024472
0.024278
0.024089
0.023944
0.023861
0.023823
0.023811
0.023829
0.023889
0.023989
0.024131
0.024347
0.024674
0.025128
0.025707
0.026408
0.027214
0.028066
0.028883
0.029605
0.030218
0.030751
0.031283
0.031916
0.032748
0.033849
0.035275
0.037018
0.038921
0.040696
0.042092
0.043048
0.043643
0.043934
0.043908
0.043555
0.042912
0.042012
0.040861
0.039492
0.038003
0.036515
0.035136
0.033952
0.033023
0.032352
0.031888
0.031567
0.031325
0.031087
0.030793
0.030446
0.030103
0.029814
0.029603
0.029503
0.029569
0.029824
0.030259
0.030881
0.031724
0.032787
0.034029
0.035432
0.037043
0.038923
0.041098
0.043566
0.046297
0.049219
0.052269
0.055499
0.059094
0.063248
0.068100
0.073762
0.080221
0.087045
0.093274
0.097854
0.100344
0.101233
0.101583
0.102362
0.103913
0.105761
0.106818
0.105991
0.102894
0.098093
0.092676
0.087572
0.083222
0.079687
0.076880
0.074659
0.072859
0.071353
0.070078
0.069010
0.068128
0.067442
0.066999
0.066828
0.066895
0.067130
0.067494
0.067996
0.068660
0.069494
0.070492
0.071621
0.072812
0.073971
0.075004
0.075830
0.076404
0.076739
0.076906
0.076998
0.077062
0.077078
0.076991
0.076758
0.076378
0.075890
0.075357
0.074831
0.074327
0.073821
0.073295
0.072758
0.072219
0.071666
0.071093
0.070540
0.070093
0.069845
0.069881
0.070284
0.071119
0.072411
0.074138
0.076274
0.078800
0.081690
0.084899
0.088383
0.092128
0.096137
0.100400
0.104882
0.109520
0.114212
0.118821
0.123220
0.127326
0.131055
0.134258
0.136718
0.138254
0.138817
0.138482
0.137349
0.135456
0.132775
0.129296
0.125119
0.120476
0.115679
0.111020
0.106692
0.102782
0.099305
0.096259
0.093667
0.091582
0.090085
0.089271
0.089236
0.090047
0.091719
0.094220
0.097490
0.101460
0.106055
0.111175
0.116672
0.122348
0.127953
0.133214
0.137853
0.141612
0.144287
0.145735
0.145867
0.144608
0.141901
0.137770
0.132389
0.126077
0.119201
0.112080
0.104948
0.097972
0.091279
0.084980
0.079169
0.073920
0.069270
0.065217
0.061739
0.058816
0.056432
0.054563
0.053188
0.052288
0.051843
0.051831
0.052239
0.053070
0.054329
0.056013
0.058091
0.060500
0.063130
0.065839
0.068473
0.070881
0.072920
0.074460
0.075416
0.075752
0.075465
0.074557
0.073037
0.070953
0.068417
0.065600
0.062696
0.059859
0.057174
0.054672
0.052371
0.050282
0.048388
0.046656
0.045071
0.043652
0.042422
0.041395
0.040575
0.039949
0.039452
0.038979
0.038446
0.037846
0.037228
0.036641
0.036128
0.035726
0.035454
0.035291
0.035198
0.035155
0.035161
0.035205
0.035278
0.035395
0.035580
0.035829
0.036108
0.036392
0.036685
0.036992
0.037301
0.037591
0.037839
0.038022
0.038115
0.038120
0.038071
0.038021
0.038017
0.038081
0.038214
0.038404
0.038640
0.038937
0.039335
0.039872
0.040556
0.041357
0.042211
0.043038
0.043782
0.044439
0.045053
0.045683
0.046363
0.047109
0.047935
0.048865
0.049907
0.051050
0.052288
0.053658
0.055235
0.057086
0.059260
0.061840
0.064973
0.068838
0.073617
0.079519
0.086816
0.095817
0.106822
0.120178
0.136344
0.155912
0.179614
0.208438
0.243634
0.286280
0.336414
0.392164
0.449323
0.501586
0.541652
0.563229
0.563215
0.542704
0.506133
0.459352
0.408008
0.356760
0.308929
0.266313
0.229405
0.197988
0.171636
0.149826
0.131921
0.117290
0.105423
0.095886
0.088263
0.082216
0.077495
0.073776
0.070583
0.067465
0.064239
0.060990
0.057894
0.055105
0.052727
0.050795
0.049261
0.048065
0.047188
0.046628
0.046366
0.046400
0.046751
0.047387
0.048205
0.049142
0.050236
0.051542
0.053055
0.054771
0.056748
0.059041
0.061668
0.064691
0.068256
0.072526
0.077656
0.083887
0.091553
0.100975
0.112490
0.126609
0.144011
0.165326
0.190946
0.220527
0.251768
0.279389
0.296417
0.297997
0.284615
0.261469
0.234761
0.208658
0.184999
0.164406
0.146947
0.132317
0.120168
0.110348
0.102679
0.096763
0.092238
0.089017
0.087069
0.086221
0.086371
0.087658
0.090203
0.093915
0.098760
0.104956
0.112741
0.122240
0.133768
0.147994
0.165601
0.187180
0.213664
0.246482
0.287042
0.336386
0.394850
0.459919
0.522776
0.568434
0.582880
0.562431
0.516132
0.458781
0.401945
0.350775
0.306378
0.268595
0.236761
0.209900
0.187288
0.168560
0.153196
0.140410
0.129647
0.120733
0.113461
0.107432
0.102395
0.098387
0.095481
0.093679
0.093107
0.093992
0.096433
0.100431
0.106161
0.113966
0.124143
0.137003
0.153081
0.173027
0.197345
0.226202
0.258642
0.290958
0.316135
0.326626
0.319120
0.296794
0.266735
0.235380
0.206199
0.180356
0.158069
0.139161
0.123227
0.109923
0.099035
0.090241
0.083059
0.077112
0.072226
0.068224
0.064821
0.061800
0.059096
0.056666
0.054404
0.052251
0.050238
0.048377
0.046616
0.044951
0.043458
0.042192
0.041137
0.040290
0.039694
0.039363
0.039265
0.039395
0.039777
0.040376
0.041058
0.041664
0.042054
0.042090
0.041688
0.040879
0.039792
0.038549
0.037257
0.036045
0.035019
0.034182
0.033466
0.032861
0.032422
0.032167
0.032050
0.032049
0.032183
0.032436
0.032748
0.033100
0.033542
0.034101
0.034738
0.035396
0.036030
0.036553
0.036834
0.036782
0.036406
0.035778
0.034990
0.034146
0.033352
0.032682
0.032176
0.031870
0.031776
0.031833
0.031936
0.032030
0.032107
0.032133
0.032027
0.031745
0.031314
0.030791
0.030220
0.029654
0.029150
0.028730
0.028389
0.028140
0.027994
0.027909
0.027807
0.027669
0.027544
0.027458
0.027387
0.027329
0.027333
0.027425
0.027582
0.027794
0.028086
0.028445
0.028776
0.028985
0.029045
0.028965
0.028750
0.028434
0.028101
0.027819
0.027591
0.027392
0.027238
0.027157
0.027144
0.027176
0.027233
0.027286
0.027273
0.027128
0.026805
0.026277
0.025546
0.024691
0.023861
0.023175
0.022662
0.022317
0.022141
0.022123
0.022197
0.022293
0.022387
0.022480
0.022551
0.022555
0.022466
0.022270
0.021965
0.021578
0.021169
0.020786
0.020445
0.020155
0.019938
0.019798
0.019706
0.019636
0.019590
0.019568
0.019559
0.019574
0.019647
0.019776
0.019915
0.020045
0.020202
0.020407
0.020617
0.020778
0.020893
0.020987
0.021064
0.021131
0.021233
0.021403
0.021609
0.021800
0.021962
0.022097
0.022203
0.022313
0.022517
0.022872
0.023319
0.023741
0.024072
0.024301
0.024412
0.024390
0.024258
0.024043
0.023732
0.023314
0.022841
0.022391
0.021987
0.021610
0.021282
0.021058
0.020956
0.020940
0.020990
0.021127
0.021377
0.021755
0.022258
0.022842
0.023419
0.023920
0.024346
0.024722
0.025035
0.025263
0.025439
0.025612
0.025788
0.025965
0.026185
0.026496
0.026886
0.027335
0.027893
0.028619
0.029475
0.030383
0.031342
0.032425
0.033687
0.035165
0.036934
0.039063
0.041554
0.044435
0.047878
0.052119
0.057344
0.063778
0.071825
0.081971
0.094635
0.110177
0.128571
0.148327
0.165676
0.175774
0.175692
0.166464
0.152108
0.136782
0.122915
0.111383
0.102432
0.096144
0.092465
0.091178
0.091655
0.092529
0.091984
0.088791
0.083106
0.076137
0.069122
0.062700
0.057016
0.052021
0.047600
0.043637
0.040090
0.036989
0.034338
0.032082
0.030164
0.028550
0.027184
0.025994
0.024952
0.024078
0.023372
0.022793
0.022311
0.021929
0.021644
0.021429
0.021254
0.021100
0.020944
0.020759
0.020560
0.020396
0.020313
0.020322
0.020424
0.020623
0.020914
0.021269
0.021643
0.021988
0.022253
0.022408
0.022470
0.022489
0.022509
0.022560
0.022652
0.022782
0.022919
0.023026
0.023099
0.023173
0.023285
0.023445
0.023653
0.023920
0.024258
0.024665
0.025138
0.025681
0.026298
0.026976
0.027685
0.028384
0.029031
0.029589
0.030018
0.030274
0.030319
0.030137
0.029752
0.029209
0.028556
0.027857
0.027206
0.026698
0.026381
0.026260
0.026333
0.026619
0.027106
0.027717
0.028336
0.028873
0.029295
0.029603
0.029806
0.029925
0.029992
0.030042
0.030099
0.030170
0.030238
0.030272
0.030247
0.030172
0.030084
0.030023
0.029999
0.030001
0.030015
0.030033
0.030045
0.030029
0.029955
0.029817
0.029649
0.029521
0.029481
0.029515
0.029555
0.029529
0.029403
0.029172
0.028837
0.028408
0.027927
0.027449
0.027019
0.026664
0.026400
0.026245
0.026209
0.026305
0.026560
0.027008
0.027643
0.028402
0.029204
0.030009
0.030805
0.031569
0.032248
0.032801
0.033238
0.033598
0.033903
0.034160
0.034384
0.034598
0.034792
0.034896
0.034833
0.034604
0.034291
0.033978
0.033672
0.033310
0.032837
0.032255
0.031608
0.030938
0.030251
0.029534
0.028768
0.027960
0.027146
0.026367
0.025644
0.024969
0.024327
0.023714
0.023135
0.022601
0.022133
0.021757
0.021488
0.021328
0.021272
0.021321
0.021465
0.021679
0.021935
0.022224
0.022547
0.022889
0.023230
0.023572
0.023939
0.024345
0.024775
0.025202
0.025613
0.026002
0.026355
0.026651
0.026883
0.027062
0.027173
0.027164
0.026980
0.026625
0.026181
0.025754
0.025411
0.025159
0.024973
0.024826
0.024702
0.024582
0.024448
0.024273
0.024022
0.023672
0.023233
0.022752
0.022270
0.021804
0.021358
0.020957
0.020638
0.020432
0.020343
0.020369
0.020509
0.020751
0.021083
0.021495
0.021988
0.022557
0.023177
0.023808
0.024417
0.024990
0.025544
0.026120
0.026766
0.027524
0.028418
0.029461
0.030658
0.031987
0.033383
0.034739
0.035930
0.036836
0.037356
0.037420
0.036999
0.036120
0.034859
0.033329
0.031658
0.029973
0.028384
0.026964
0.025746
0.024739
0.023947
0.023371
0.022998
0.022801
0.022751
0.022828
0.023018
0.023296
0.023626
0.023965
0.024281
0.024576
0.024883
0.025252
0.025732
0.026360
0.027159
0.028147
0.029341
0.030764
0.032447
0.034396
0.036576
0.038912
0.041317
0.043698
0.045945
0.047921
0.049493
0.050570
0.051104
0.051078
0.050503
0.049438
0.047997
0.046321
0.044536
0.042710
0.040865
0.038996
0.037113
0.035251
0.033460
0.031793
0.030298
0.029010
0.027945
0.027093
0.026434
0.025946
0.025608
0.025403
0.025315
0.025336
0.025464
0.025714
0.026114
0.026688
0.027430
0.028322
0.029369
0.030615
0.032092
0.033793
0.035701
0.037841
0.040267
0.042991
0.045949
0.049037
0.052155
0.055199
0.058042
0.060587
0.062840
0.064922
0.067011
0.069279
0.071832
0.074589
0.077119
0.078676
0.078544
0.076490
0.072877
0.068374
0.063559
0.058786
0.054271
0.050160
0.046510
0.043304
0.040513
0.038137
0.036149
0.034478
0.033053
0.031832
0.030781
0.029853
0.029021
0.028301
0.027718
0.027255
0.026872
0.026538
0.026236
0.025966
0.025762
0.025682
0.025759
0.025973
0.026289
0.026708
0.027234
0.027831
0.028432
0.028982
0.029451
0.029813
0.030059
0.030213
0.030303
0.030322
0.030241
0.030046
0.029747
0.029354
0.028885
0.028377
0.027871
0.027388
0.026936
0.026540
0.026210
0.025903
0.025552
0.025130
0.024662
0.024181
0.023701
0.023236
0.022811
0.022434
0.022088
0.021760
0.021454
0.021184
0.020960
0.020802
0.020735
0.020770
0.020915
0.021199
0.021663
0.022321
0.023143
0.024081
0.025085
0.026110
0.027123
0.028105
0.029047
0.029922
0.030711
0.031436
0.032155
0.032943
0.033897
0.035108
0.036516
0.037791
0.038442
0.038138
0.036932
0.035173
0.033238
0.031368
0.029677
0.028219
0.027018
0.026080
0.025392
0.024921
0.024612
0.024415
0.024304
0.024272
0.024307
0.024396
0.024526
0.024694
0.024900
0.025158
0.025491
0.025912
0.026418
0.026996
0.027628
0.028295
0.028997
0.029773
0.030654
0.031597
0.032506
0.033321
0.034059
0.034746
0.035327
0.035695
0.035776
0.035585
0.035218
0.034816
0.034517
0.034403
0.034467
0.034642
0.034831
0.034917
0.034785
0.034377
0.033733
0.032957
0.032155
0.031413
0.030796
0.030350
0.030084
0.029992
0.030068
0.030321
0.030775
0.031461
0.032382
0.033464
0.034550
0.035483
0.036173
0.036616
0.036861
0.036996
0.037144
0.037428
0.037938
0.038702
0.039656
0.040606
0.041280
0.041465
0.041128
0.040403
0.039494
0.038569
0.037689
0.036801
0.035806
0.034680
0.033519
0.032464
0.031576
0.030815
0.030092
0.029339
0.028544
0.027773
0.027134
0.026687
0.026388
0.026137
0.025880
0.025629
0.025423
0.025297
0.025277
0.025379
0.025594
0.025899
0.026275
0.026693
0.027129
0.027596
0.028161
0.028895
0.029822
0.030907
0.032068
0.033153
0.033950
0.034302
0.034203
0.033772
0.033131
0.032344
0.031467
0.030577
0.029734
0.028948
0.028189
0.027436
0.026698
0.026006
0.025401
0.024909
0.024550
0.024345
0.024320
0.024489
0.024846
0.025378
0.026040
0.026728
0.027307
0.027712
0.028009
0.028338
0.028805
0.029422
0.030068
0.030507
0.030496
0.029974
0.029120
0.028201
0.027379
0.026695
0.026152
0.025738
0.025409
0.025124
0.024910
0.024810
0.024799
0.024814
0.024845
0.024930
0.025060
0.025175
0.025237
0.025266
0.025290
0.025328
0.025421
0.025610
0.025894
0.026276
0.026830
0.027663
0.028810
0.030241
0.031946
0.033893
0.035877
0.037519
0.038496
0.038783
0.038641
0.038440
0.038456
0.038755
0.039186
0.039530
0.039671
0.039613
0.039356
0.038832
0.038001
0.036937
0.035806
0.034776
0.033968
0.033424
0.033109
0.032953
0.032880
0.032780
0.032504
0.031980
0.031314
0.030698
0.030240
0.029927
0.029735
0.029657
0.029637
0.029602
0.029562
0.029583
0.029668
0.029755
0.029852
0.030033
0.030303
0.030596
0.030904
0.031275
0.031687
0.032045
0.032360
0.032758
0.033304
0.033973
0.034821
0.036013
0.037623
0.039607
0.042001
0.044965
0.048573
0.052785
0.057708
0.063642
0.070828
0.079452
0.089970
0.103104
0.119431
0.139379
0.163462
0.191234
0.219023
0.239547
0.245749
0.235982
0.215127
0.190461
0.166890
0.145904
0.127477
0.111587
0.098196
0.087032
0.077857
0.070570
0.064910
0.060406
0.056721
0.053798
0.051590
0.049922
0.048680
0.047902
0.047568
0.047499
0.047537
0.047692
0.048024
0.048519
0.049151
0.049928
0.050821
0.051736
0.052630
0.053585
0.054723
0.056126
0.057849
0.059930
0.062356
0.065118
0.068323
0.072177
0.076834
0.082342
0.088759
0.096232
0.104920
0.114943
0.126457
0.139729
0.155101
0.172931
0.193608
0.217524
0.244953
0.275913
0.310053
0.346377
0.382785
0.415790
0.440954
0.454178
0.453233
0.438628
0.413261
0.381131
0.345994
0.310670
0.276991
0.245998
0.218144
0.193513
0.172032
0.153554
0.137820
0.124484
0.113214
0.103724
0.095723
0.088903
0.083026
0.077977
0.073706
0.070160
0.067258
0.064855
0.062710
0.060565
0.058311
0.056050
0.053955
0.052114
0.050532
0.049208
0.048161
0.047396
0.046909
0.046700
0.046772
0.047126
0.047765
0.048667
0.049723
0.050741
0.051555
0.052124
0.052509
0.052784
0.052991
0.053161
0.053339
0.053591
0.053992
0.054599
0.055419
0.056417
0.057564
0.058862
0.060335
0.062011
0.063941
0.066211
0.068903
0.072074
0.075775
0.080084
0.085108
0.090966
0.097785
0.105702
0.114872
0.125485
0.137792
0.152109
0.168802
0.188294
0.211070
0.237649
0.268523
0.304109
0.344689
0.390270
0.440280
0.493104
0.545531
0.592463
0.627533
0.644915
0.641612
0.618731
0.580859
0.534017
0.483647
0.433608
0.386197
0.342608
0.303368
0.268610
0.238233
0.211998
0.189576
0.170567
0.154522
0.140978
0.129509
0.119747
0.111378
0.104147
0.097847
0.092265
0.087128
0.082170
0.077294
0.072633
0.068421
0.064794
0.061751
0.059233
0.057187
0.055543
0.054213
0.053118
0.052214
0.051475
0.050877
0.050381
0.049884
0.049196
0.048143
0.046711
0.045071
0.043439
0.041929
0.040536
0.039224
0.037973
0.036774
0.035631
0.034568
0.033618
0.032792
0.032070
0.031442
0.030925
0.030542
0.030267
0.030036
0.029794
0.029539
0.029314
0.029165
0.029119
0.029180
0.029339
0.029584
0.029885
0.030197
0.030462
0.030647
0.030760
0.030841
0.030915
0.030974
0.031006
0.031029
0.031068
0.031120
0.031157
0.031173
0.031208
0.031307
0.031488
0.031746
0.032081
0.032506
0.033043
0.033688
0.034380
0.035005
0.035449
0.035665
0.035671
0.035505
0.035206
0.034835
0.034485
0.034219
0.034027
0.033849
0.033630
0.033335
0.032951
0.032487
0.031976
0.031457
0.030942
0.030431
0.029932
0.029462
0.029041
0.028689
0.028437
0.028303
0.028285
0.028371
0.028551
0.028808
0.029100
0.029378
0.029618
0.029826
0.030016
0.030203
0.030413
0.030673
0.031002
0.031410
0.031898
0.032439
0.032946
0.033307
0.033445
0.033356
0.033081
0.032654
0.032094
0.031404
0.030593
0.029681
0.028711
0.027736
0.026794
0.025899
0.025063
0.024322
0.023731
0.023324
0.023096
0.023014
0.023045
0.023154
0.023298
0.023434
0.023545
0.023650
0.023768
0.023895
0.024017
0.024138
0.024279
0.024457
0.024678
0.024956
0.025314
0.025778
0.026364
0.027077
0.027890
0.028748
0.029593
0.030391
0.031109
0.031677
0.032011
0.032054
0.031797
0.031254
0.030460
0.029495
0.028475
0.027494
0.026588
0.025764
0.025022
0.024361
0.023778
0.023290
0.022924
0.022676
0.022498
0.022329
0.022139
0.021929
0.021724
0.021576
0.021545
0.021653
0.021875
0.022173
0.022523
0.022919
0.023376
0.023924
0.024562
0.025230
0.025854
0.026429
0.027019
0.027680
0.028431
0.029299
0.030318
0.031474
0.032711
0.034019
0.035453
0.037045
0.038787
0.040716
0.042963
0.045703
0.049129
0.053434
0.058529
0.063610
0.067181
0.067904
0.065575
0.061200
0.056140
0.051267
0.046869
0.042989
0.039637
0.036767
0.034304
0.032216
0.030509
0.029148
0.028063
0.027207
0.026557
0.026056
0.025623
0.025225
0.024886
0.024633
0.024466
0.024367
0.024315
0.024282
0.024262
0.024281
0.024372
0.024531
0.024731
0.024937
0.025115
0.025229
0.025266
0.025246
0.025193
0.025096
0.024934
0.024712
0.024452
0.024161
0.023836
0.023495
0.023170
0.022876
0.022615
0.022401
0.022251
0.022170
0.022157
0.022222
0.022363
0.022523
0.022612
0.022576
0.022429
0.022239
0.022080
0.022009
0.022049
0.022186
0.022385
0.022611
0.022832
0.023017
0.023140
0.023188
0.023169
0.023094
0.022978
0.022853
0.022772
0.022774
0.022870
0.023047
0.023294
0.023615
0.024017
0.024488
0.024990
0.025468
0.025889
0.026246
0.026552
0.026813
0.027022
0.027168
0.027243
0.027247
0.027192
0.027101
0.027014
0.026975
0.027017
0.027143
0.027333
0.027579
0.027892
0.028290
0.028768
0.029305
0.029887
0.030514
0.031182
0.031883
0.032608
0.033349
0.034081
0.034784
0.035458
0.036121
0.036787
0.037476
0.038222
0.039066
0.040026
0.041104
0.042317
0.043700
0.045282
0.047074
0.049085
0.051324
0.053780
0.056417
0.059208
0.062158
0.065325
0.068808
0.072739
0.077246
0.082436
0.088411
0.095285
0.103172
0.112178
0.122442
0.134187
0.147735
0.163494
0.181970
0.203766
0.229552
0.260065
0.296130
0.338586
0.388049
0.444579
0.507106
0.572332
0.633595
0.681267
0.705810
0.702171
0.672243
0.623443
0.564792
0.503643
0.444657
0.390337
0.341791
0.299283
0.262658
0.231592
0.205599
0.183993
0.166015
0.150982
0.138316
0.127518
0.118221
0.110222
0.103387
0.097518
0.092368
0.087723
0.083454
0.079528
0.076008
0.073014
0.070596
0.068652
0.066996
0.065464
0.063938
0.062328
0.060608
0.058840
0.057123
0.055517
0.054041
0.052718
0.051583
0.050655
0.049950
0.049495
0.049302
0.049319
0.049448
0.049599
0.049721
0.049794
0.049846
0.049943
0.050135
0.050409
0.050738
0.051149
0.051726
0.052541
0.053628
0.055006
0.056689
0.058668
0.060933
0.063509
0.066470
0.069916
0.073958
0.078720
0.084321
0.090860
0.098440
0.107176
0.117195
0.128652
0.141812
0.157059
0.174852
0.195716
0.220317
0.249444
0.283766
0.323515
0.368043
0.415029
0.459530
0.494144
0.511367
0.507226
0.483418
0.446125
0.402601
0.358360
0.316496
0.278425
0.244679
0.215313
0.190152
0.168976
0.151508
0.137272
0.125602
0.115821
0.107395
0.099964
0.093300
0.087247
0.081679
0.076500
0.071712
0.067428
0.063784
0.060819
0.058490
0.056749
0.055543
0.054749
0.054165
0.053589
0.052892
0.052033
0.051042
0.049994
0.048954
0.047928
0.046890
0.045851
0.044877
0.044034
0.043353
0.042837
0.042468
0.042192
0.041948
0.041729
0.041606
0.041679
0.042033
0.042706
0.043656
0.044720
0.045641
0.046176
0.046192
0.045677
0.044719
0.043484
0.042182
0.041009
0.040081
0.039426
0.038996
0.038712
0.038530
0.038488
0.038685
0.039191
0.039998
0.041010
0.042057
0.042899
0.043298
0.043145
0.042511
0.041570
0.040491
0.039412
0.038463
0.037759
0.037360
0.037268
0.037440
0.037772
0.038087
0.038190
0.037989
0.037549
0.037046
0.036665
0.036528
0.036667
0.037028
0.037500
0.037927
0.038168
0.038152
0.037913
0.037539
0.037086
0.036534
0.035835
0.034975
0.033984
0.032925
0.031872
0.030908
0.030102
0.029503
0.029126
0.028933
0.028841
0.028791
0.028805
0.028967
0.029337
0.029924
0.030734
0.031780
0.033009
0.034271
0.035383
0.036221
0.036747
0.037007
0.037136
0.037321
0.037721
0.038401
0.039360
0.040564
0.041934
0.043330
0.044599
0.045637
0.046404
0.046926
0.047304
0.047696
0.048236
0.049004
0.050060
0.051432
0.052992
0.054388
0.055165
0.055007
0.053870
0.051959
0.049613
0.047187
0.044935
0.042973
0.041344
0.040082
0.039195
0.038641
0.038364
0.038343
0.038586
0.039107
0.039906
0.040926
0.041959
0.042699
0.042967
0.042878
0.042736
0.042794
0.043145
0.043765
0.044572
0.045468
0.046446
0.047647
0.049270
0.051407
0.054026
0.057053
0.060386
0.063855
0.067264
0.070497
0.073556
0.076537
0.079585
0.082760
0.085762
0.087848
0.088196
0.086470
0.083008
0.078489
0.073542
0.068603
0.063960
0.059783
0.056156
0.053125
0.050698
0.048797
0.047302
0.046156
0.045369
0.044928
0.044780
0.044895
0.045281
0.045900
0.046683
0.047613
0.048725
0.050012
0.051422
0.052923
0.054491
0.056038
0.057461
0.058782
0.060132
0.061609
0.063252
0.065132
0.067347
0.069912
0.072776
0.075936
0.079370
0.082856
0.086002
0.088507
0.090304
0.091489
0.092294
0.093129
0.094467
0.096649
0.099915
0.104611
0.111178
0.119997
0.131460
0.146168
0.164848
0.188120
0.216339
0.248902
0.282619
0.310846
0.325813
0.323382
0.305861
0.279948
0.252163
0.226188
0.203335
0.183893
0.167692
0.154302
0.143410
0.134906
0.128564
0.123953
0.120755
0.118856
0.118084
0.118156
0.118932
0.120423
0.122566
0.125318
0.128972
0.134048
0.140893
0.149706
0.160906
0.175091
0.192772
0.214605
0.241798
0.275841
0.318030
0.369513
0.430401
0.496273
0.555045
0.590138
0.590223
0.557008
0.503195
0.443154
0.385800
0.334411
0.289777
0.251937
0.220308
0.194061
0.172656
0.155609
0.142050
0.131000
0.121927
0.114639
0.108859
0.104254
0.100707
0.098234
0.096779
0.096334
0.097090
0.099246
0.102793
0.107698
0.114139
0.122385
0.132642
0.145210
0.160600
0.179342
0.201830
0.228149
0.257069
0.284474
0.303505
0.307887
0.296098
0.272292
0.243118
0.213837
0.186979
0.163304
0.142925
0.125666
0.111209
0.099311
0.089784
0.082293
0.076381
0.071706
0.068105
0.065407
0.063352
0.061684
0.060208
0.058766
0.057284
0.055845
0.054586
0.053489
0.052381
0.051140
0.049807
0.048467
0.047160
0.045929
0.044849
0.043963
0.043262
0.042769
0.042551
0.042631
0.042980
0.043621
0.044671
0.046211
0.048200
0.050530
0.053035
0.055401
0.057187
0.058052
0.057934
0.056988
0.055458
0.053676
0.052011
0.050681
0.049671
0.048918
0.048462
0.048348
0.048511
0.048916
0.049692
0.050971
0.052746
0.055050
0.058122
0.062184
0.067241
0.073345
0.080897
0.090401
0.102127
0.116379
0.133936
0.155793
0.182756
0.215681
0.255167
0.299003
0.339385
0.364724
0.366744
0.346530
0.313172
0.276726
0.242929
0.213432
0.188508
0.168225
0.152103
0.139190
0.128653
0.119849
0.112048
0.104655
0.097633
0.091301
0.085760
0.080833
0.076398
0.072437
0.068814
0.065335
0.061999
0.058920
0.056037
0.053163
0.050290
0.047597
0.045185
0.043006
0.041059
0.039424
0.038110
0.037044
0.036234
0.035762
0.035625
0.035716
0.035962
0.036322
0.036674
0.036889
0.037025
0.037283
0.037777
0.038488
0.039452
0.040793
0.042528
0.044485
0.046444
0.048249
0.049775
0.050928
0.051728
0.052289
0.052636
0.052668
0.052306
0.051584
0.050577
0.049349
0.047998
0.046629
0.045248
0.043780
0.042235
0.040752
0.039453
0.038352
0.037446
0.036789
0.036408
0.036262
0.036319
0.036593
0.037041
0.037499
0.037793
0.037846
0.037656
0.037252
0.036734
0.036270
0.035987
0.035901
0.036020
0.036409
0.037129
0.038149
0.039390
0.040791
0.042296
0.043860
0.045554
0.047567
0.049940
0.052292
0.053916
0.054257
0.053296
0.051522
0.049570
0.047867
0.046541
0.045548
0.044797
0.044168
0.043501
0.042682
0.041744
0.040820
0.039997
0.039275
0.038671
0.038249
0.038047
0.038031
0.038169
0.038452
0.038821
0.039133
0.039286
0.039322
0.039365
0.039482
0.039666
0.039896
0.040157
0.040407
0.040584
0.040624
0.040476
0.040112
0.039577
0.038981
0.038424
0.037934
0.037504
0.037143
0.036882
0.036753
0.036805
0.037098
0.037624
0.038275
0.038915
0.039447
0.039802
0.039899
0.039686
0.039199
0.038541
0.037825
0.037151
0.036599
0.036201
0.035938
0.035804
0.035835
0.036034
0.036301
0.036463
0.036397
0.036085
0.035604
0.035086
0.034660
0.034382
0.034219
0.034115
0.034058
0.034068
0.034162
0.034347
0.034625
0.034986
0.035409
0.035915
0.036568
0.037399
0.038358
0.039371
0.040408
0.041452
0.042430
0.043221
0.043717
0.043857
0.043643
0.043179
0.042664
0.042299
0.042188
0.042329
0.042662
0.043081
0.043463
0.043744
0.043950
0.044116
0.044202
0.044143
0.043949
0.043711
0.043516
0.043422
0.043481
0.043691
0.043927
0.043974
0.043670
0.042992
0.042039
0.040971
0.039962
0.039147
0.038580
0.038253
0.038141
0.038223
0.038461
0.038808
0.039227
0.039656
0.039976
0.040075
0.039935
0.039640
0.039290
0.038958
0.038721
0.038646
0.038755
0.039024
0.039437
0.039992
0.040644
0.041293
0.041850
0.042285
0.042600
0.042796
0.042881
0.042880
0.042824
0.042740
0.042665
0.042652
0.042745
0.042969
0.043347
0.043878
0.044500
0.045082
0.045490
0.045659
0.045614
0.045445
0.045262
0.045137
0.045069
0.044999
0.044836
0.044487
0.043887
0.043054
0.042095
0.041136
0.040240
0.039419
0.038696
0.038109
0.037662
0.037319
0.037057
0.036894
0.036853
0.036940
0.037149
0.037472
0.037891
0.038378
0.038900
0.039415
0.039873
0.040253
0.040587
0.040914
0.041205
0.041379
0.041381
0.041216
0.040921
0.040536
0.040109
0.039684
0.039274
0.038885
0.038552
0.038308
0.038110
0.037847
0.037446
0.036923
0.036330
0.035708
0.035107
0.034601
0.034233
0.033971
0.033763
0.033593
0.033485
0.033466
0.033551
0.033755
0.034079
0.034497
0.034971
0.035447
0.035832
0.036019
0.035956
0.035695
0.035342
0.034989
0.034692
0.034473
0.034324
0.034217
0.034141
0.034121
0.034185
0.034319
0.034485
0.034632
0.034714
0.034708
0.034644
0.034603
0.034654
0.034800
0.034972
0.035074
0.035025
0.034804
0.034474
0.034147
0.033909
0.033801
0.033855
0.034128
0.034661
0.035446
0.036455
0.037661
0.039036
0.040527
0.042084
0.043677
0.045274
0.046812
0.048210
0.049374
0.050192
0.050540
0.050326
0.049544
0.048271
0.046643
0.044838
0.043034
0.041344
0.039805
0.038427
0.037238
0.036255
0.035455
0.034788
0.034205
0.033656
0.033108
0.032573
0.032101
0.031724
0.031423
0.031191
0.031063
0.031071
0.031189
0.031383
0.031677
0.032142
0.032811
0.033649
0.034565
0.035434
0.036119
0.036537
0.036706
0.036707
0.036606
0.036421
0.036144
0.035752
0.035220
0.034560
0.033849
0.033176
0.032581
0.032050
0.031574
0.031168
0.030854
0.030650
0.030582
0.030658
0.030838
0.031051
0.031256
0.031450
0.031631
0.031779
0.031871
0.031886
0.031794
0.031576
0.031249
0.030874
0.030510
0.030205
0.029998
0.029916
0.029964
0.030134
0.030427
0.030849
0.031391
0.032017
0.032664
0.033236
0.033621
0.033741
0.033605
0.033289
0.032886
0.032487
0.032178
0.032009
0.031957
0.031961
0.031983
0.032028
0.032112
0.032244
0.032448
0.032744
0.033128
0.033556
0.033971
0.034317
0.034559
0.034707
0.034823
0.034961
0.035126
0.035325
0.035620
0.036080
0.036687
0.037340
0.037969
0.038603
0.039304
0.040096
0.040960
0.041852
0.042685
0.043318
0.043621
0.043544
0.043120
0.042432
0.041575
0.040640
0.039696
0.038792
0.037983
0.037324
0.036842
0.036520
0.036335
0.036277
0.036336
0.036483
0.036683
0.036924
0.037207
0.037529
0.037885
0.038281
0.038731
0.039257
0.039890
0.040654
0.041552
0.042582
0.043769
0.045170
0.046829
0.048770
0.051011
0.053578
0.056482
0.059715
0.063258
0.067033
0.070803
0.074123
0.076476
0.077514
0.077205
0.075786
0.073595
0.070933
0.068041
0.065121
0.062338
0.059793
0.057504
0.055456
0.053648
0.052091
0.050764
0.049625
0.048650
0.047856
0.047260
0.046857
0.046625
0.046567
0.046702
0.047058
0.047653
0.048497
0.049593
0.050930
0.052476
0.054175
0.055978
0.057908
0.060060
0.062541
0.065396
0.068597
0.072056
0.075575
0.078828
0.081470
0.083323
0.084431
0.084954
0.085038
0.084794
0.084300
0.083572
0.082553
0.081181
0.079463
0.077484
0.075366
0.073251
0.071277
0.069529
0.068024
0.066752
0.065723
0.064922
0.064239
0.063501
0.062588
0.061498
0.060331
0.059217
0.058264
0.057536
0.057044
0.056746
0.056568
0.056426
0.056264
0.056091
0.055964
0.055937
0.056041
0.056297
0.056741
0.057408
0.058309
0.059445
0.060811
0.062389
0.064128
0.065943
0.067733
0.069412
0.070945
0.072362
0.073712
0.074967
0.075975
0.076527
0.076460
0.075719
0.074367
0.072568
0.070537
0.068470
0.066512
0.064765
0.063282
0.062042
0.060966
0.059989
0.059113
0.058361
0.057728
0.057199
0.056798
0.056575
0.056577
0.056868
0.057549
0.058720
0.060417
0.062624
0.065326
0.068514
0.072186
0.076341
0.080908
0.085566
0.089609
0.092139
0.092527
0.090786
0.087537
0.083629
0.079754
0.076274
0.073281
0.070743
0.068608
0.066830
0.065363
0.064177
0.063257
0.062575
0.062061
0.061631
0.061233
0.060843
0.060435
0.059984
0.059492
0.058979
0.058470
0.058010
0.057696
0.057661
0.058020
0.058840
0.060166
0.062015
0.064356
0.067087
0.070010
0.072805
0.075052
0.076389
0.076720
0.076273
0.075446
0.074589
0.073880
0.073308
0.072718
0.071932
0.070890
0.069698
0.068522
0.067455
0.066480
0.065538
0.064578
0.063545
0.062392
0.061115
0.059774
0.058464
0.057267
0.056241
0.055423
0.054826
0.054425
0.054148
0.053918
0.053710
0.053570
0.053582
0.053821
0.054352
0.055222
0.056432
0.057887
0.059409
0.060809
0.061967
0.062857
0.063545
0.064166
0.064871
0.065760
0.066848
0.068069
0.069281
0.070266
0.070784
0.070660
0.069845
0.068415
0.066540
0.064449
0.062375
0.060487
0.058864
0.057536
0.056520
0.055819
0.055391
0.055162
0.055068
0.055080
0.055202
0.055443
0.055781
0.056147
0.056451
0.056634
0.056706
0.056732
0.056805
0.057018
0.057419
0.057961
0.058508
0.058898
0.059029
0.058877
0.058483
0.057929
0.057318
0.056758
0.056327
0.056066
0.055967
0.055959
0.055910
0.055652
0.055022
0.053934
0.052432
0.050694
0.048959
0.047410
0.046134
0.045144
0.044431
0.043959
0.043654
0.043431
0.043218
0.042975
0.042698
0.042426
0.042233
0.042177
0.042251
0.042381
0.042470
0.042449
0.042324
0.042189
0.042181
0.042387
0.042776
0.043210
0.043509
0.043507
0.043114
0.042354
0.041362
0.040311
0.039333
0.038478
0.037738
0.037080
0.036482
0.035956
0.035541
0.035269
0.035137
0.035121
0.035194
0.035334
0.035510
0.035704
0.035923
0.036183
0.036491
0.036848
0.037267
0.037770
0.038366
0.039034
0.039727
0.040378
0.040923
0.041335
0.041631
0.041851
0.042034
0.042196
0.042326
0.042384
0.042320
0.042118
0.041805
0.041428
0.041031
0.040675
0.040444
0.040405
0.040556
0.040818
0.041084
0.041268
0.041341
0.041335
0.041307
0.041292
0.041297
0.041340
0.041480
0.041769
0.042210
0.042765
0.043389
0.044023
0.044574
0.044950
0.045124
0.045149
0.045101
0.045043
0.045028
0.045109
0.045315
0.045644
0.046078
0.046604
0.047224
0.047954
0.048816
0.049813
0.050889
0.051934
0.052847
0.053585
0.054138
0.054476
0.054516
0.054166
0.053402
0.052318
0.051084
0.049862
0.048734
0.047716
0.046806
0.046017
0.045369
0.044877
0.044542
0.044338
0.044207
0.044083
0.043922
0.043714
0.043467
0.043216
0.043013
0.042911
0.042950
0.043147
0.043515
0.044052
0.044739
0.045556
0.046466
0.047379
0.048135
0.048560
0.048572
0.048217
0.047620
0.046903
0.046135
0.045333
0.044490
0.043603
0.042692
0.041790
0.040927
0.040127
0.039406
0.038758
0.038163
0.037614
0.037132
0.036747
0.036462
0.036272
0.036198
0.036272
0.036490
0.036812
0.037201
0.037643
0.038123
0.038610
0.039058
0.039418
0.039634
0.039680
0.039580
0.039396
0.039180
0.038952
0.038731
0.038540
0.038382
0.038248
0.038156
0.038140
0.038185
0.038213
0.038152
0.038011
0.037839
0.037653
0.037446
0.037230
0.037049
0.036917
0.036808
0.036695
0.036587
0.036498
0.036419
0.036315
0.036155
0.035933
0.035665
0.035386
0.035123
0.034895
0.034725
0.034641
0.034661
0.034767
0.034925
0.035105
0.035292
0.035466
0.035604
0.035692
0.035746
0.035794
0.035858
0.035956
0.036096
0.036283
0.036525
0.036837
0.037239
0.037739
0.038323
0.038967
0.039659
0.040409
0.041216
0.042018
0.042690
0.043103
0.043192
0.042982
0.042550
0.041990
0.041402
0.040890
0.040544
0.040404
0.040452
0.040632
0.040888
0.041200
0.041600
0.042154
0.042924
0.043908
0.045012
0.046050
0.046797
0.047075
0.046831
0.046145
0.045166
0.044038
0.042882
0.041800
0.040867
0.040105
0.039485
0.038970
0.038547
0.038217
0.037972
0.037791
0.037655
0.037557
0.037481
0.037399
0.037290
0.037156
0.037020
0.036903
0.036821
0.036788
0.036814
0.036896
0.037025
0.037194
0.037407
0.037666
0.037964
0.038299
0.038681
0.039120
0.039608
0.040120
0.040625
0.041102
0.041540
0.041935
0.042281
0.042587
0.042886
0.043225
0.043632
0.044108
0.044677
0.045413
0.046397
0.047674
0.049274
0.051261
0.053703
0.056626
0.060036
0.063912
0.068001
0.071585
0.073668
0.073635
0.071765
0.069004
0.066255
0.063943
0.062145
0.060887
0.060210
0.060094
0.060490
0.061372
0.062676
0.064193
0.065637
0.066796
0.067595
0.068012
0.068023
0.067651
0.067010
0.066272
0.065611
0.065156
0.064979
0.065097
0.065505
0.066197
0.067158
0.068353
0.069735
0.071278
0.072959
0.074729
0.076524
0.078318
0.080146
0.082076
0.084189
0.086566
0.089261
0.092266
0.095512
0.098916
0.102397
0.105860
0.109168
0.112164
0.114701
0.116642
0.117846
0.118186
0.117616
0.116226
0.114246
0.111965
0.109611
0.107277
0.104929
0.102480
0.099864
0.097078
0.094183
0.091271
0.088434
0.085757
0.083327
0.081226
0.079517
0.078217
0.077302
0.076716
0.076381
0.076212
0.076124
0.076027
0.075840
0.075540
0.075183
0.074872
0.074671
0.074568
0.074497
0.074395
0.074231
0.074016
0.073797
0.073629
0.073539
0.073522
0.073561
0.073626
0.073674
0.073675
0.073654
0.073689
0.073857
0.074208
0.074770
0.075552
0.076548
0.077746
0.079158
0.080812
0.082715
0.084853
0.087214
0.089794
0.092597
0.095652
0.099024
0.102767
0.106852
0.111190
0.115735
0.120554
0.125825
0.131824
0.138904
0.147387
0.157365
0.168568
0.180395
0.192120
0.203205
0.213575
0.223651
0.234090
0.245544
0.258677
0.274266
0.293128
0.315990
0.343576
0.376819
0.416828
0.464614
0.520689
0.584165
0.651190
0.714014
0.762673
0.789056
0.790227
0.768314
0.727903
0.674039
0.612035
0.547509
0.485375
0.428685
0.378620
0.335356
0.298644
0.267891
0.242283
0.221071
0.203621
0.189239
0.177159
0.166750
0.157602
0.149411
0.141921
0.134986
0.128566
0.122611
0.117045
0.111844
0.107062
0.102748
0.098928
0.095654
0.092979
0.090889
0.089335
0.088323
0.087884
0.087943
0.088290
0.088680
0.088910
0.088816
0.088292
0.087363
0.086176
0.084901
0.083656
0.082499
0.081433
0.080378
0.079240
0.078023
0.076854
0.075904
0.075313
0.075178
0.075506
0.076147
0.076822
0.077265
0.077330
0.076965
0.076165
0.074985
0.073564
0.072089
0.070749
0.069722
0.069174
0.069227
0.069951
0.071392
0.073580
0.076493
0.080045
0.084106
0.088493
0.092923
0.096989
0.100252
0.102383
0.103262
0.102971
0.101700
0.099628
0.096861
0.093485
0.089649
0.085585
0.081554
0.077782
0.074425
0.071554
0.069152
0.067177
0.065634
0.064558
0.063929
0.063618
0.063422
0.063149
0.062689
0.062051
0.061358
0.060769
0.060410
0.060368
0.060731
0.061569
0.062880
0.064610
0.066735
0.069286
0.072202
0.075202
0.077809
0.079557
0.080204
0.079806
0.078611
0.076887
0.074803
0.072471
0.070039
0.067706
0.065638
0.063924
0.062597
0.061672
0.061133
0.060929
0.060998
0.061287
0.061759
0.062417
0.063329
0.064615
0.066401
0.068796
0.071930
0.075961
0.081003
0.087010
0.093713
0.100636
0.107210
0.112903
0.117273
0.119963
0.120734
0.119606
0.116933
0.113235
0.108941
0.104300
0.099531
0.094939
0.090850
0.087474
0.084852
0.082878
0.081310
0.079832
0.078186
0.076263
0.074059
0.071599
0.068927
0.066129
0.063303
0.060520
0.057846
0.055358
0.053100
0.051044
0.049138
0.047376
0.045794
0.044418
0.043257
0.042320
0.041602
0.041068
0.040677
0.040427
0.040316
0.040273
0.040169
0.039901
0.039443
0.038820
0.038080
0.037278
0.036470
0.035706
0.035022
0.034454
0.034018
0.033700
0.033476
0.033346
0.033311
0.033348
0.033403
0.033440
0.033462
0.033499
0.033592
0.033759
0.033970
0.034157
0.034261
0.034280
0.034240
0.034155
0.034023
0.033844
0.033623
0.033353
0.033041
0.032718
0.032435
0.032219
0.032068
0.031968
0.031894
0.031812
0.031704
0.031587
0.031499
0.031458
0.031467
0.031538
0.031686
0.031899
0.032142
0.032385
0.032616
0.032823
0.032994
0.033105
0.033124
0.033031
0.032848
0.032639
0.032452
0.032278
0.032094
0.031907
0.031733
0.031559
0.031357
0.031139
0.030942
0.030784
0.030664
0.030589
0.030575
0.030615
0.030694
0.030828
0.031043
0.031321
0.031598
0.031821
0.031979
0.032076
0.032099
0.032036
0.031889
0.031673
0.031417
0.031166
0.030963
0.030809
0.030677
0.030548
0.030426
0.030306
0.030173
0.030028
0.029891
0.029780
0.029696
0.029657
0.029693
0.029828
0.030061
0.030388
0.030790
0.031220
0.031616
0.031940
0.032196
0.032397
0.032565
0.032748
0.033006
0.033366
0.033800
0.034279
0.034782
0.035267
0.035659
0.035908
0.036047
0.036155
0.036273
0.036367
0.036349
0.036138
0.035721
0.035173
0.034608
0.034102
0.033668
0.033294
0.032982
0.032739
0.032565
0.032470
0.032474
0.032580
0.032763
0.032989
0.033241
0.033513
0.033802
0.034115
0.034451
0.034777
0.035041
0.035217
0.035325
0.035394
0.035447
0.035495
0.035538
0.035544
0.035481
0.035367
0.035254
0.035166
0.035094
0.035062
0.035136
0.035366
0.035751
0.036290
0.036997
0.037871
0.038893
0.040106
0.041638
0.043594
0.046003
0.048891
0.052248
0.055742
0.058550
0.059728
0.058889
0.056491
0.053420
0.050379
0.047663
0.045336
0.043407
0.041848
0.040579
0.039530
0.038685
0.038048
0.037604
0.037322
0.037179
0.037142
0.037145
0.037116
0.037012
0.036831
0.036595
0.036328
0.036040
0.035717
0.035333
0.034877
0.034376
0.033878
0.033415
0.032990
0.032593
0.032233
0.031926
0.031672
0.031454
0.031257
0.031089
0.030960
0.030861
0.030773
0.030688
0.030618
0.030580
0.030589
0.030644
0.030726
0.030808
0.030875
0.030929
0.030976
0.031015
0.031052
0.031112
0.031216
0.031364
0.031526
0.031669
0.031771
0.031829
0.031872
0.031937
0.032036
0.032137
0.032215
0.032278
0.032357
0.032461
0.032580
0.032714
0.032873
0.033045
0.033190
0.033263
0.033248
0.033150
0.032993
0.032808
0.032614
0.032399
0.032134
0.031815
0.031474
0.031156
0.030900
0.030738
0.030681
0.030708
0.030773
0.030839
0.030897
0.030954
0.031017
0.031075
0.031105
0.031080
0.030992
0.030861
0.030719
0.030589
0.030483
0.030402
0.030334
0.030254
0.030153
0.030046
0.029950
0.029854
0.029730
0.029562
0.029351
0.029107
0.028852
0.028623
0.028446
0.028308
0.028180
0.028057
0.027966
0.027922
0.027925
0.027986
0.028136
0.028387
0.028713
0.029074
0.029431
0.029743
0.029960
0.030052
0.030036
0.029954
0.029838
0.029706
0.029572
0.029445
0.029334
0.029257
0.029236
0.029273
0.029340
0.029404
0.029447
0.029468
0.029471
0.029470
0.029475
0.029479
0.029460
0.029419
0.029381
0.029371
0.029392
0.029443
0.029531
0.029654
0.029798
0.029956
0.030146
0.030378
0.030631
0.030877
0.031108
0.031325
0.031509
0.031624
0.031647
0.031575
0.031420
0.031216
0.031017
0.030862
0.030746
0.030637
0.030518
0.030404
0.030316
0.030254
0.030202
0.030145
0.030075
0.029991
0.029901
0.029811
0.029717
0.029612
0.029507
0.029418
0.029355
0.029326
0.029347
0.029436
0.029588
0.029773
0.029973
0.030193
0.030434
0.030668
0.030848
0.030950
0.030985
0.030984
0.030972
0.030962
0.030960
0.030971
0.030999
0.031040
0.031078
0.031100
0.031097
0.031073
0.031033
0.030992
0.030965
0.030956
0.030951
0.030929
0.030889
0.030849
0.030846
0.030904
0.031019
0.031151
0.031255
0.031326
0.031412
0.031569
0.031825
0.032169
0.032588
0.033085
0.033670
0.034346
0.035108
0.035934
0.036773
0.037536
0.038132
0.038515
0.038704
0.038758
0.038735
0.038666
0.038573
0.038483
0.038429
0.038429
0.038473
0.038522
0.038523
0.038434
0.038243
0.037971
0.037653
0.037325
0.037025
0.036793
0.036650
0.036582
0.036560
0.036571
0.036619
0.036704
0.036815
0.036967
0.037202
0.037558
0.038056
0.038730
0.039627
0.040759
0.042061
0.043436
0.044813
0.046141
0.047338
0.048278
0.048851
0.049022
0.048822
0.048318
0.047609
0.046812
0.046035
0.045339
0.044744
0.044247
0.043830
0.043456
0.043077
0.042657
0.042191
0.041706
0.041246
0.040855
0.040554
0.040333
0.040148
0.039964
0.039779
0.039627
0.039549
0.039573
0.039720
0.040018
0.040492
0.041154
0.042019
0.043124
0.044515
0.046186
0.048049
0.049953
0.051739
0.053266
0.054414
0.055097
0.055280
0.054990
0.054303
0.053332
0.052201
0.051026
0.049892
0.048857
0.047945
0.047155
0.046476
0.045905
0.045446
0.045091
0.044823
0.044633
0.044528
0.044511
0.044579
0.044744
0.045047
0.045524
0.046170
0.046947
0.047802
0.048661
0.049416
0.049958
0.050245
0.050323
0.050296
0.050277
0.050362
0.050602
0.050976
0.051392
0.051726
0.051886
0.051845
0.051632
0.051305
0.050915
0.050500
0.050109
0.049815
0.049693
0.049789
0.050105
0.050615
0.051276
0.052024
0.052772
0.053425
0.053889
0.054085
0.053986
0.053646
0.053185
0.052735
0.052385
0.052178
0.052127
0.052211
0.052366
0.052509
0.052582
0.052584
0.052559
0.052558
0.052610
0.052726
0.052920
0.053215
0.053617
0.054097
0.054584
0.054988
0.055210
0.055185
0.054924
0.054518
0.054093
0.053749
0.053558
0.053583
0.053863
0.054381
0.055058
0.055775
0.056418
0.056900
0.057190
0.057334
0.057435
0.057580
0.057808
0.058136
0.058591
0.059200
0.059940
0.060712
0.061370
0.061770
0.061815
0.061470
0.060777
0.059848
0.058843
0.057909
0.057136
0.056565
0.056221
0.056133
0.056297
0.056645
0.057073
0.057484
0.057818
0.058058
0.058235
0.058423
0.058694
0.059079
0.059564
0.060104
0.060627
0.061049
0.061312
0.061429
0.061459
0.061461
0.061485
0.061607
0.061905
0.062422
0.063161
0.064129
0.065350
0.066814
0.068449
0.070133
0.071702
0.072969
0.073767
0.074054
0.073927
0.073546
0.073037
0.072478
0.071914
0.071346
0.070714
0.069953
0.069059
0.068076
0.067048
0.066019
0.065059
0.064256
0.063663
0.063279
0.063094
0.063106
0.063315
0.063706
0.064244
0.064865
0.065477
0.065993
0.066386
0.066701
0.066994
0.067264
0.067444
0.067432
0.067144
0.066548
0.065655
0.064509
0.063176
0.061756
0.060373
0.059148
0.058172
0.057493
0.057117
0.056998
0.057059
0.057224
0.057435
0.057613
0.057642
0.057404
0.056838
0.055957
0.054815
0.053507
0.052152
0.050860
0.049683
0.048622
0.047684
0.046895
0.046276
0.045837
0.045589
0.045546
0.045709
0.046071
0.046635
0.047408
0.048364
0.049435
0.050532
0.051551
0.052363
0.052831
0.052869
0.052476
0.051707
0.050639
0.049361
0.047971
0.046561
0.045201
0.043948
0.042843
0.041894
0.041056
0.040282
0.039559
0.038894
0.038282
0.037697
0.037133
0.036605
0.036138
0.035743
0.035431
0.035207
0.035058
0.034960
0.034894
0.034851
0.034820
0.034793
0.034783
0.034823
0.034940
0.035129
0.035360
0.035595
0.035798
0.035938
0.036005
0.036016
0.036003
0.035981
0.035947
0.035898
0.035846
0.035798
0.035747
0.035676
0.035583
0.035482
0.035391
0.035321
0.035278
0.035257
0.035243
0.035228
0.035230
0.035280
0.035393
0.035557
0.035755
0.035978
0.036215
0.036439
0.036632
0.036807
0.036993
0.037196
0.037397
0.037586
0.037773
0.037984
0.038236
0.038519
0.038812
0.039110
0.039447
0.039885
0.040469
0.041186
0.041988
0.042833
0.043678
0.044454
0.045069
0.045457
0.045605
0.045540
0.045296
0.044913
0.044438
0.043924
0.043417
0.042953
0.042556
0.042233
0.041980
0.041790
0.041646
0.041525
0.041411
0.041312
0.041250
0.041219
0.041192
0.041146
0.041088
0.041024
0.040946
0.040850
0.040749
0.040665
0.040603
0.040563
0.040552
0.040593
0.040718
0.040945
0.041252
0.041586
0.041896
0.042180
0.042472
0.042803
0.043176
0.043598
0.044084
0.044615
0.045121
0.045516
0.045750
0.045822
0.045753
0.045574
0.045332
0.045066
0.044789
0.044499
0.044204
0.043924
0.043663
0.043403
0.043122
0.042818
0.042499
0.042182
0.041889
0.041640
0.041450
0.041330
0.041294
0.041354
0.041503
0.041714
0.041962
0.042232
0.042512
0.042782
0.043021
0.043230
0.043428
0.043641
0.043876
0.044122
0.044375
0.044649
0.044944
0.045231
0.045460
0.045603
0.045666
0.045655
0.045563
0.045388
0.045165
0.044939
0.044748
0.044612
0.044542
0.044531
0.044560
0.044624
0.044743
0.044932
0.045170
0.045419
0.045661
0.045912
0.046191
0.046522
0.046938
0.047467
0.048120
0.048893
0.049787
0.050797
0.051886
0.052991
0.054059
0.055041
0.055867
0.056448
0.056725
0.056709
0.056455
0.056027
0.055492
0.054916
0.054341
0.053780
0.053232
0.052713
0.052256
0.051880
0.051581
0.051335
0.051111
0.050890
0.050693
0.050566
0.050545
0.050622
0.050774
0.051005
0.051346
0.051820
0.052425
0.053157
0.054029
0.055052
0.056216
0.057472
0.058740
0.059915
0.060896
0.061636
0.062157
0.062529
0.062829
0.063130
0.063517
0.064076
0.064867
0.065905
0.067171
0.068639
0.070254
0.071901
0.073400
0.074552
0.075188
0.075192
0.074527
0.073258
0.071545
0.069591
0.067589
0.065689
0.063986
0.062513
0.061259
0.060219
0.059426
0.058919
0.058700
0.058731
0.058983
0.059453
0.060135
0.061016
0.062097
0.063403
0.064944
0.066688
0.068590
0.070623
0.072768
0.074981
0.077198
0.079357
0.081381
0.083136
0.084432
0.085107
0.085105
0.084494
0.083422
0.082072
0.080627
0.079250
0.078051
0.077091
0.076402
0.076003
0.075879
0.075961
0.076141
0.076326
0.076453
0.076478
0.076356
0.076065
0.075645
0.075186
0.074762
0.074395
0.074056
0.073699
0.073283
0.072774
0.072162
0.071469
0.070749
0.070080
0.069543
0.069200
0.069082
0.069198
0.069558
0.070189
0.071106
0.072292
0.073691
0.075229
0.076817
0.078363
0.079764
0.080913
0.081716
0.082090
0.081974
0.081326
0.080147
0.078498
0.076507
0.074330
0.072116
0.069989
0.068057
0.066412
0.065101
0.064122
0.063445
0.063058
0.062967
0.063159
0.063591
0.064200
0.064955
0.065867
0.066954
0.068197
0.069533
0.070906
0.072271
0.073555
0.074624
0.075322
0.075550
0.075307
0.074656
0.073700
0.072567
0.071403
0.070326
0.069386
0.068581
0.067896
0.067329
0.066893
0.066620
0.066540
0.066654
0.066918
0.067253
0.067571
0.067785
0.067825
0.067662
0.067318
0.066850
0.066310
0.065738
0.065156
0.064567
0.063947
0.063270
0.062531
0.061762
0.061008
0.060305
0.059671
0.059115
0.058654
0.058315
0.058124
0.058088
0.058198
0.058449
0.058843
0.059367
0.059984
0.060646
0.061308
0.061917
0.062393
0.062645
0.062607
0.062257
0.061617
0.060751
0.059743
0.058668
0.057578
0.056519
0.055534
0.054641
0.053823
0.053050
0.052340
0.051752
0.051339
0.051114
0.051057
0.051146
0.051362
0.051672
0.052032
0.052395
0.052726
0.053014
0.053267
0.053479
0.053614
0.053637
0.053550
0.053403
0.053250
0.053112
0.052975
0.052808
0.052588
0.052307
0.051970
0.051582
0.051146
0.050670
0.050186
0.049728
0.049314
0.048940
0.048608
0.048328
0.048102
0.047929
0.047814
0.047767
0.047775
0.047807
0.047840
0.047876
0.047920
0.047963
0.048000
0.048048
0.048123
0.048222
0.048334
0.048464
0.048619
0.048798
0.048996
0.049224
0.049499
0.049816
0.050153
0.050498
0.050862
0.051258
0.051678
0.052086
0.052429
0.052635
0.052636
0.052399
0.051950
0.051347
0.050644
0.049873
0.049060
0.048240
0.047455
0.046736
0.046092
0.045508
0.044964
0.044444
0.043942
0.043472
0.043053
0.042676
0.042309
0.041925
0.041535
0.041173
0.040865
0.040623
0.040465
0.040414
0.040468
0.040594
0.040761
0.040964
0.041201
0.041466
0.041759
0.042105
0.042534
0.043051
0.043658
0.044364
0.045172
0.046044
0.046935
0.047843
0.048825
0.049964
0.051336
0.053002
0.055004
0.057371
0.060155
0.063396
0.066928
0.070176
0.072267
0.072507
0.070850
0.067895
0.064443
0.061058
0.057969
0.055224
0.052834
0.050794
0.049078
0.047648
0.046465
0.045498
0.044718
0.044105
0.043638
0.043278
0.042978
0.042713
0.042490
0.042330
0.042251
0.042273
0.042401
0.042608
0.042825
0.042980
0.043032
0.042987
0.042875
0.042735
0.042590
0.042446
0.042298
0.042147
0.042003
0.041878
0.041773
0.041682
0.041598
0.041523
0.041466
0.041431
0.041412
0.041391
0.041368
0.041360
0.041392
0.041468
0.041580
0.041725
0.041915
0.042158
0.042445
0.042767
0.043118
0.043498
0.043903
0.044323
0.044750
0.045178
0.045608
0.046053
0.046528
0.047025
0.047511
0.047946
0.048300
0.048536
0.048614
0.048517
0.048278
0.047960
0.047616
0.047272
0.046943
0.046644
0.046388
0.046184
0.046033
0.045923
0.045831
0.045740
0.045649
0.045569
0.045499
0.045432
0.045374
0.045350
0.045388
0.045512
0.045737
0.046065
0.046479
0.046954
0.047475
0.048026
0.048583
0.049121
0.049641
0.050169
0.050729
0.051331
0.051991
0.052735
0.053577
0.054490
0.055396
0.056185
0.056740
0.056982
0.056897
0.056540
0.056002
0.055368
0.054702
0.054042
0.053400
0.052780
0.052193
0.051653
0.051159
0.050699
0.050274
0.049905
0.049617
0.049411
0.049276
0.049202
0.049190
0.049241
0.049363
0.049568
0.049858
0.050212
0.050594
0.050969
0.051293
0.051539
0.051715
0.051883
0.052113
0.052451
0.052910
0.053500
0.054219
0.055011
0.055760
0.056343
0.056689
0.056801
0.056721
0.056492
0.056134
0.055659
0.055091
0.054475
0.053849
0.053235
0.052634
0.052046
0.051475
0.050930
0.050424
0.049968
0.049561
0.049177
0.048788
0.048395
0.048027
0.047703
0.047406
0.047102
0.046769
0.046420
0.046084
0.045788
0.045550
0.045373
0.045244
0.045137
0.045040
0.044975
0.044982
0.045074
0.045231
0.045431
0.045677
0.045983
0.046330
0.046660
0.046909
0.047034
0.047014
0.046844
0.046530
0.046097
0.045579
0.044999
0.044375
0.043728
0.043091
0.042501
0.041985
0.041543
0.041150
0.040785
0.040444
0.040131
0.039844
0.039582
0.039363
0.039206
0.039105
0.039041
0.039026
0.039097
0.039265
0.039488
0.039714
0.039934
0.040169
0.040430
0.040713
0.041034
0.041417
0.041877
0.042403
0.042977
0.043575
0.044149
0.044642
0.045030
0.045321
0.045532
0.045669
0.045743
0.045784
0.045820
0.045864
0.045914
0.045977
0.046065
0.046193
0.046366
0.046580
0.046817
0.047058
0.047291
0.047523
0.047777
0.048084
0.048474
0.048962
0.049548
0.050217
0.050970
0.051821
0.052797
0.053909
0.055141
0.056454
0.057811
0.059196
0.060604
0.062005
0.063338
0.064546
0.065594
0.066451
0.067074
0.067429
0.067530
0.067426
0.067166
0.066782
0.066307
0.065779
0.065219
0.064616
0.063952
0.063235
0.062508
0.061822
0.061208
0.060666
0.060190
0.059802
0.059560
0.059521
0.059710
0.060127
0.060778
0.061664
0.062769
0.064075
0.065589
0.067330
0.069279
0.071362
0.073489
0.075592
0.077628
0.079565
0.081377
0.083036
0.084495
0.085696
0.086595
0.087177
0.087437
0.087365
0.086975
0.086320
0.085473
0.084471
0.083308
0.081978
0.080512
0.078976
0.077441
0.075959
0.074581
0.073363
0.072373
0.071660
0.071243
0.071105
0.071211
0.071534
0.072088
0.072930
0.074118
0.075668
0.077570
0.079836
0.082487
0.085501
0.088805
0.092354
0.096173
0.100303
0.104774
0.109663
0.115152
0.121431
0.128576
0.136501
0.144893
0.152970
0.159330
0.162353
0.161095
0.155912
0.148182
0.139420
0.130625
0.122249
0.114492
0.107476
0.101257
0.095836
0.091196
0.087312
0.084123
0.081540
0.079454
0.077753
0.076325
0.075100
0.074083
0.073337
0.072922
0.072859
0.073136
0.073736
0.074639
0.075843
0.077374
0.079282
0.081623
0.084444
0.087800
0.091779
0.096477
0.101968
0.108295
0.115391
0.122822
0.129500
0.133805
0.134331
0.130740
0.123969
0.115576
0.106884
0.098614
0.091043
0.084255
0.078241
0.072956
0.068384
0.064548
0.061426
0.058908
0.056852
0.055138
0.053660
0.052324
0.051109
0.050069
0.049263
0.048667
0.048210
0.047855
0.047614
0.047508
0.047542
0.047717
0.048038
0.048494
0.049045
0.049611
0.050069
0.050266
0.050065
0.049418
0.048392
0.047128
0.045777
0.044442
0.043171
0.041979
0.040878
0.039880
0.038984
0.038186
0.037500
0.036956
0.036568
0.036320
0.036181
0.036133
0.036150
0.036176
0.036146
0.036036
0.035872
0.035713
0.035606
0.035584
0.035670
0.035878
0.036215
0.036676
0.037255
0.037958
0.038798
0.039775
0.040871
0.042041
0.043215
0.044264
0.045014
0.045309
0.045107
0.044485
0.043579
0.042510
0.041373
0.040255
0.039225
0.038333
0.037605
0.037054
0.036672
0.036436
0.036328
0.036337
0.036446
0.036628
0.036871
0.037176
0.037521
0.037832
0.038022
0.038050
0.037941
0.037754
0.037544
0.037353
0.037203
0.037096
0.037031
0.037027
0.037111
0.037282
0.037503
0.037733
0.037960
0.038190
0.038397
0.038517
0.038485
0.038284
0.037939
0.037482
0.036943
0.036369
0.035825
0.035351
0.034933
0.034545
0.034197
0.033927
0.033753
0.033667
0.033666
0.033760
0.033942
0.034176
0.034436
0.034723
0.035038
0.035351
0.035617
0.035809
0.035931
0.036002
0.036064
0.036179
0.036395
0.036725
0.037162
0.037690
0.038262
0.038767
0.039070
0.039075
0.038774
0.038245
0.037617
0.037018
0.036527
0.036151
0.035860
0.035632
0.035473
0.035404
0.035437
0.035567
0.035775
0.036050
0.036402
0.036851
0.037390
0.037957
0.038464
0.038830
0.039014
0.039026
0.038920
0.038767
0.038616
0.038478
0.038351
0.038230
0.038104
0.037960
0.037808
0.037673
0.037555
0.037424
0.037273
0.037136
0.037049
0.037001
0.036971
0.036975
0.037032
0.037111
0.037150
0.037122
0.037050
0.036965
0.036880
0.036819
0.036820
0.036905
0.037068
0.037303
0.037609
0.037973
0.038379
0.038814
0.039252
0.039624
0.039846
0.039888
0.039795
0.039638
0.039483
0.039401
0.039453
0.039650
0.039961
0.040373
0.040896
0.041507
0.042115
0.042646
0.043130
0.043682
0.044430
0.045502
0.047016
0.049064
0.051707
0.054997
0.058882
0.062951
0.066295
0.067848
0.067069
0.064318
0.060554
0.056673
0.053124
0.050011
0.047347
0.045153
0.043416
0.042087
0.041112
0.040435
0.039975
0.039648
0.039415
0.039284
0.039268
0.039371
0.039598
0.039956
0.040440
0.041040
0.041744
0.042512
0.043269
0.043963
0.044640
0.045413
0.046379
0.047591
0.049124
0.051083
0.053538
0.056518
0.060037
0.063966
0.067757
0.070432
0.071094
0.069561
0.066459
0.062695
0.058913
0.055391
0.052244
0.049544
0.047295
0.045441
0.043927
0.042708
0.041712
0.040852
0.040070
0.039357
0.038722
0.038192
0.037817
0.037649
0.037692
0.037903
0.038235
0.038652
0.039119
0.039628
0.040214
0.040923
0.041762
0.042686
0.043648
0.044634
0.045651
0.046710
0.047806
0.048906
0.049956
0.050925
0.051825
0.052677
0.053437
0.054021
0.054383
0.054555
0.054605
0.054584
0.054513
0.054392
0.054206
0.053922
0.053516
0.052993
0.052393
0.051783
0.051237
0.050802
0.050482
0.050259
0.050134
0.050130
0.050273
0.050583
0.051083
0.051787
0.052668
0.053671
0.054753
0.055894
0.057081
0.058290
0.059508
0.060745
0.062010
0.063304
0.064624
0.065967
0.067320
0.068677
0.070068
0.071561
0.073206
0.075003
0.076925
0.078951
0.081062
0.083214
0.085328
0.087311
0.089069
0.090517
0.091595
0.092298
0.092688
0.092880
0.092978
0.093032
0.093027
0.092946
0.092823
0.092752
0.092845
0.093200
0.093877
0.094834
0.095873
0.096700
0.097092
0.097053
0.096826
0.096757
0.097106
0.097922
0.099020
0.100112
0.100991
0.101632
0.102121
0.102529
0.102866
0.103119
0.103292
0.103402
0.103476
0.103547
0.103652
0.103821
0.104071
0.104413
0.104837
0.105306
0.105764
0.106160
0.106431
0.106499
0.106297
0.105808
0.105068
0.104124
0.103006
0.101750
0.100412
0.099055
0.097731
0.096476
0.095325
0.094337
0.093601
0.093224
0.093278
0.093731
0.094420
0.095082
0.095445
0.095337
0.094767
0.093904
0.092962
0.092090
0.091346
0.090755
0.090350
0.090160
0.090168
0.090316
0.090526
0.090721
0.090849
0.090903
0.090930
0.091018
0.091264
0.091742
0.092489
0.093540
0.094965
0.096865
0.099310
0.102330
0.105950
0.110121
0.114483
0.118223
0.120358
0.120328
0.118353
0.115216
0.111725
0.108371
0.105319
0.102522
0.099779
0.096829
0.093511
0.089876
0.086154
0.082607
0.079426
0.076688
0.074377
0.072437
0.070814
0.069462
0.068328
0.067378
0.066626
0.066121
0.065896
0.065947
0.066289
0.066962
0.068008
0.069458
0.071364
0.073814
0.076887
0.080604
0.084884
0.089409
0.093489
0.096205
0.096886
0.095556
0.092876
0.089659
0.086449
0.083490
0.080889
0.078711
0.076973
0.075661
0.074759
0.074235
0.074006
0.073996
0.074209
0.074722
0.075582
0.076740
0.078067
0.079422
0.080714
0.081941
0.083198
0.084610
0.086220
0.087896
0.089313
0.090052
0.089774
0.088399
0.086156
0.083441
0.080622
0.077940
0.075537
0.073484
0.071782
0.070368
0.069173
0.068168
0.067358
0.066731
0.066248
0.065865
0.065562
0.065339
0.065203
0.065148
0.065145
0.065163
0.065184
0.065228
0.065337
0.065558
0.065935
0.066500
0.067274
0.068277
0.069540
0.071086
0.072909
0.074963
0.077171
0.079427
0.081563
0.083317
0.084365
0.084430
0.083415
0.081461
0.078886
0.076051
0.073240
0.070624
0.068288
0.066263
0.064545
0.063104
0.061901
0.060904
0.060096
0.059475
0.059032
0.058727
0.058499
0.058298
0.058111
0.057940
0.057767
0.057553
0.057267
0.056893
0.056419
0.055829
0.055134
0.054379
0.053610
0.052838
0.052046
0.051228
0.050412
0.049646
0.048968
0.048380
0.047844
0.047302
0.046723
0.046121
0.045534
0.044989
0.044497
0.044067
0.043719
0.043464
0.043295
0.043192
0.043138
0.043114
0.043087
0.043012
0.042866
0.042662
0.042429
0.042184
0.041921
0.041642
0.041357
0.041071
0.040772
0.040454
0.040134
0.039844
0.039603
0.039414
0.039281
0.039215
0.039213
0.039243
0.039257
0.039215
0.039102
0.038922
0.038676
0.038352
0.037938
0.037442
0.036907
0.036377
0.035878
0.035421
0.035023
0.034703
0.034468
0.034301
0.034180
0.034086
0.033996
0.033902
0.033809
0.033716
0.033602
0.033441
0.033244
0.033059
0.032933
0.032887
0.032925
0.033042
0.033207
0.033381
0.033552
0.033749
0.034001
0.034305
0.034651
0.035080
0.035667
0.036472
0.037499
0.038673
0.039825
0.040698
0.041041
0.040736
0.039870
0.038676
0.037402
0.036224
0.035234
0.034482
0.033998
0.033777
0.033756
0.033811
0.033792
0.033571
0.033101
0.032419
0.031618
0.030780
0.029958
0.029184
0.028486
0.027886
0.027386
0.026984
0.026688
0.026514
0.026450
0.026460
0.026512
0.026595
0.026707
0.026847
0.027035
0.027304
0.027676
0.028149
0.028709
0.029347
0.030037
0.030721
0.031335
0.031845
0.032269
0.032670
0.033127
0.033697
0.034384
0.035152
0.035953
0.036755
0.037565
0.038437
0.039468
0.040733
0.042216
0.043767
0.045133
0.046031
0.046285
0.045956
0.045337
0.044778
0.044502
0.044598
0.045132
0.046189
0.047836
0.050131
0.053200
0.057226
0.062369
0.068755
0.076434
0.085027
0.093246
0.099033
0.100635
0.097793
0.091853
0.084734
0.077820
0.071695
0.066508
0.062313
0.059114
0.056852
0.055441
0.054781
0.054710
0.055006
0.055423
0.055680
0.055455
0.054489
0.052760
0.050524
0.048159
0.045975
0.044165
0.042839
0.042043
0.041753
0.041918
0.042535
0.043656
0.045341
0.047645
0.050674
0.054600
0.059593
0.065760
0.073161
0.081667
0.090545
0.098169
0.102491
0.102225
0.097717
0.090632
0.082785
0.075260
0.068404
0.062280
0.056907
0.052254
0.048248
0.044853
0.042046
0.039738
0.037786
0.036090
0.034628
0.033389
0.032344
0.031462
0.030722
0.030102
0.029574
0.029129
0.028767
0.028469
0.028220
0.028042
0.027971
0.028018
0.028160
0.028377
0.028655
0.028967
0.029281
0.029567
0.029783
0.029856
0.029740
0.029481
0.029176
0.028883
0.028582
0.028248
0.027909
0.027614
0.027392
0.027247
0.027195
0.027257
0.027444
0.027740
0.028111
0.028523
0.028955
0.029418
0.029926
0.030477
0.031063
0.031702
0.032428
0.033229
0.034016
0.034661
0.035092
0.035351
0.035567
0.035875
0.036327
0.036875
0.037403
0.037770
0.037842
0.037529
0.036846
0.035926
0.034936
0.033984
0.033103
0.032304
0.031607
0.031016
0.030524
0.030144
0.029908
0.029823
0.029852
0.029934
0.030027
0.030108
0.030170
0.030228
0.030305
0.030414
0.030547
0.030706
0.030930
0.031285
0.031841
0.032643
0.033715
0.035053
0.036609
0.038249
0.039755
0.040911
0.041629
0.041983
0.042089
0.041974
0.041570
0.040822
0.039770
0.038524
0.037221
0.035986
0.034899
0.033975
0.033201
0.032596
0.032222
0.032142
0.032382
0.032934
0.033765
0.034788
0.035854
0.036796
0.037500
0.037966
0.038311
0.038704
0.039254
0.039942
0.040640
0.041180
0.041386
0.041129
0.040412
0.039426
0.038447
0.037669
0.037150
0.036876
0.036789
0.036731
0.036457
0.035797
0.034785
0.033611
0.032468
0.031469
0.030673
0.030104
0.029756
0.029618
0.029690
0.029980
0.030487
0.031215
0.032170
0.033303
0.034475
0.035513
0.036318
0.036903
0.037352
0.037753
0.038155
0.038558
0.038950
0.039350
0.039821
0.040431
0.041238
0.042264
0.043417
0.044383
0.044693
0.044026
0.042453
0.040374
0.038225
0.036275
0.034630
0.033318
0.032306
0.031525
0.030909
0.030411
0.029964
0.029479
0.028894
0.028218
0.027504
0.026821
0.026237
0.025794
0.025479
0.025248
0.025075
0.024961
0.024894
0.024842
0.024803
0.024821
0.024930
0.025109
0.025326
0.025588
0.025932
0.026386
0.026958
0.027663
0.028516
0.029514
0.030637
0.031835
0.032993
0.033936
0.034510
0.034674
0.034511
0.034158
0.033738
0.033316
0.032891
0.032404
0.031798
0.031078
0.030301
0.029532
0.028804
0.028139
0.027567
0.027120
0.026796
0.026557
0.026348
0.026109
0.025780
0.025304
0.024664
0.023908
0.023138
0.022448
0.021867
0.021366
0.020915
0.020514
0.020175
0.019891
0.019645
0.019435
0.019287
0.019215
0.019212
0.019247
0.019289
0.019325
0.019361
0.019415
0.019496
0.019598
0.019712
0.019842
0.020012
0.020254
0.020593
0.021043
0.021597
0.022217
0.022843
0.023411
0.023872
0.024210
0.024445
0.024626
0.024807
0.025030
0.025318
0.025697
0.026201
0.026849
0.027624
0.028491
0.029433
0.030455
0.031500
0.032373
0.032794
0.032575
0.031777
0.030669
0.029544
0.028567
0.027760
0.027072
0.026431
0.025772
0.025066
0.024328
0.023604
0.022935
0.022344
0.021844
0.021453
0.021189
0.021066
0.021098
0.021306
0.021722
0.022371
0.023241
0.024269
0.025359
0.026416
0.027384
0.028243
0.029012
0.029742
0.030505
0.031341
0.032184
0.032851
0.033133
0.032956
0.032465
0.031914
0.031484
0.031202
0.031014
0.030882
0.030754
0.030495
0.029914
0.028910
0.027545
0.025982
0.024373
0.022816
0.021362
0.020037
0.018841
0.017779
0.016864
0.016096
0.015448
0.014881
0.014371
0.013917
0.013527
0.013217
0.013001
0.012878
0.012827
0.012823
0.012859
0.012934
0.013046
0.013191
0.013366
0.013565
0.013786
0.014050
0.014387
0.014780
0.015130
0.015311
0.015261
0.015015
0.014661
0.014272
0.013886
0.013521
0.013192
0.012918
0.012718
0.012600
0.012560
0.012593
0.012693
0.012843
0.013012
0.013162
0.013278
0.013361
0.013410
0.013410
0.013344
0.013205
0.012994
0.012726
0.012429
0.012141
0.011887
0.011669
0.011474
0.011296
0.011160
0.011105
0.011154
0.011279
0.011428
0.011574
0.011742
0.011971
0.012285
0.012696
0.013226
0.013900
0.014731
0.015704
0.016761
0.017775
0.018561
0.018951
0.018883
0.018433
0.017757
0.017017
0.016332
0.015767
0.015321
0.014949
0.014593
0.014228
0.013864
0.013534
0.013259
0.013026
0.012795
0.012546
0.012301
0.012101
0.011972
0.011906
0.011889
0.011920
0.012008
0.012166
0.012405
0.012730
0.013129
0.013590
0.014117
0.014736
0.015475
0.016320
0.017184
0.017897
0.018275
0.018216
0.017765
0.017069
0.016273
0.015478
0.014757
0.014175
0.013771
0.013539
0.013460
0.013524
0.013721
0.014013
0.014317
0.014537
0.014582
0.014399
0.013987
0.013417
0.012796
0.012219
0.011728
0.011320
0.010975
0.010677
0.010417
0.010196
0.010031
0.009944
0.009939
0.009985
0.010039
0.010074
0.010095
0.010116
0.010150
0.010210
0.010308
0.010435
0.010563
0.010667
0.010743
0.010797
0.010844
0.010921
0.011085
0.011376
0.011790
0.012300
0.012896
0.013553
0.014197
0.014709
0.014995
0.015030
0.014848
0.014516
0.014116
0.013722
0.013381
0.013111
0.012921
0.012813
0.012779
0.012802
0.012875
0.012999
0.013154
0.013291
0.013357
0.013312
0.013140
0.012860
0.012527
0.012207
0.011938
0.011714
0.011517
0.011337
0.011164
0.010979
0.010772
0.010562
0.010382
0.010258
0.010191
0.010164
0.010161
0.010171
0.010199
0.010248
0.010308
0.010368
0.010444
0.010564
0.010731
0.010914
0.011080
0.011217
0.011330
0.011427
0.011526
0.011644
0.011787
0.011950
0.012145
0.012392
0.012663
0.012867
0.012917
0.012805
0.012593
0.012345
0.012101
0.011878
0.011691
0.011544
0.011430
0.011339
0.011260
0.011190
0.011140
0.011139
0.011200
0.011311
0.011455
0.011636
0.011866
0.012136
0.012411
0.012647
0.012803
0.012846
0.012783
0.012669
0.012567
0.012500
0.012462
0.012458
0.012510
0.012620
0.012767
0.012944
0.013174
0.013476
0.013833
0.014206
0.014561
0.014875
0.015124
0.015301
0.015432
0.015571
0.015773
0.016084
0.016536
0.017129
0.017807
0.018466
0.018982
0.019266
0.019295
0.019118
0.018820
0.018476
0.018132
0.017813
0.017527
0.017267
0.017011
0.016751
0.016494
0.016260
0.016058
0.015891
0.015764
0.015678
0.015623
0.015574
0.015519
0.015470
0.015458
0.015499
0.015571
0.015638
0.015681
0.015709
0.015727
0.015720
0.015677
0.015626
0.015629
0.015744
0.016000
0.016389
0.016867
0.017357
0.017753
0.017964
0.017953
0.017750
0.017425
0.017052
0.016676
0.016322
0.016012
0.015769
0.015603
0.015512
0.015480
0.015500
0.015566
0.015672
0.015805
0.015945
0.016074
0.016180
0.016268
0.016356
0.016455
0.016558
0.016658
0.016757
0.016865
0.016974
0.017073
0.017163
0.017253
0.017332
0.017374
0.017362
0.017302
0.017204
0.017072
0.016904
0.016704
0.016479
0.016242
0.016015
0.015813
0.015626
0.015426
0.015204
0.014982
0.014787
0.014641
0.014568
0.014595
0.014726
0.014935
0.015190
0.015492
0.015862
0.016314
0.016847
0.017454
0.018135
0.018889
0.019723
0.020660
0.021736
0.022972
0.024366
0.025890
0.027491
0.029071
0.030474
0.031500
0.031967
0.031797
0.031047
0.029867
0.028421
0.026851
0.025277
0.023797
0.022467
0.021298
0.020279
0.019406
0.018675
0.018065
0.017554
0.017121
0.016751
0.016417
0.016104
0.015814
0.015557
0.015334
0.015148
0.015013
0.014937
0.014903
0.014885
0.014881
0.014915
0.015001
0.015136
0.015311
0.015517
0.015727
0.015897
0.015994
0.016016
0.015979
0.015893
0.015774
0.015653
0.015559
0.015497
0.015452
0.015419
0.015409
0.015435
0.015492
0.015567
0.015659
0.015778
0.015923
0.016073
0.016216
0.016365
0.016551
0.016803
0.017129
0.017536
0.018032
0.018592
0.019119
0.019469
0.019538
0.019326
0.018933
0.018475
0.018035
0.017648
0.017321
0.017037
0.016768
0.016489
0.016204
0.015937
0.015721
0.015579
0.015523
0.015551
0.015652
0.015822
0.016068
0.016393
0.016777
0.017203
0.017675
0.018202
0.018764
0.019318
0.019841
0.020349
0.020869
0.021422
0.022051
0.022824
0.023787
0.024926
0.026190
0.027519
0.028805
0.029863
0.030489
0.030582
0.030183
0.029415
0.028424
0.027354
0.026339
0.025462
0.024743
0.024177
0.023757
0.023465
0.023261
0.023123
0.023065
0.023106
0.023224
0.023374
0.023539
0.023741
0.024018
0.024404
0.024938
0.025648
0.026548
0.027645
0.028961
0.030517
0.032314
0.034325
0.036510
0.038811
0.041131
0.043333
0.045264
0.046775
0.047729
0.048031
0.047665
0.046703
0.045276
0.043538
0.041641
0.039727
0.037899
0.036222
0.034722
0.033401
0.032248
0.031252
0.030408
0.029710
0.029137
0.028661
0.028277
0.028011
0.027902
0.027972
0.028219
0.028631
0.029210
0.029970
0.030924
0.032073
0.033412
0.034941
0.036674
0.038616
0.040725
0.042874
0.044856
0.046414
0.047334
0.047520
0.047022
0.045991
0.044601
0.042998
0.041280
0.039504
0.037723
0.036013
0.034471
0.033160
0.032085
0.031234
0.030612
0.030228
0.030042
0.029962
0.029888
0.029747
0.029509
0.029190
0.028850
0.028557
0.028345
0.028212
0.028149
0.028158
0.028233
0.028346
0.028472
0.028623
0.028841
0.029156
0.029567
0.030049
0.030573
0.031111
0.031629
0.032085
0.032432
0.032649
0.032744
0.032749
0.032702
0.032647
0.032633
0.032697
0.032861
0.033140
0.033573
0.034215
0.035123
0.036351
0.037958
0.039988
0.042454
0.045332
0.048561
0.052033
0.055584
0.059031
0.062178
0.064749
0.066335
0.066504
0.065072
0.062284
0.058706
0.054937
0.051384
0.048236
0.045542
0.043289
0.041440
0.039944
0.038737
0.037752
0.036937
0.036283
0.035814
0.035556
0.035490
0.035563
0.035731
0.035990
0.036368
0.036891
0.037583
0.038488
0.039665
0.041168
0.043032
0.045297
0.048005
0.051168
0.054748
0.058692
0.062922
0.067191
0.070942
0.073408
0.074005
0.072684
0.069909
0.066331
0.062464
0.058593
0.054859
0.051349
0.048141
0.045296
0.042848
0.040775
0.039006
0.037453
0.036055
0.034789
0.033657
0.032676
0.031865
0.031235
0.030779
0.030465
0.030245
0.030078
0.029956
0.029899
0.029929
0.030060
0.030295
0.030638
0.031087
0.031634
0.032245
0.032856
0.033393
0.033815
0.034150
0.034458
0.034763
0.035019
0.035162
0.035163
0.035021
0.034747
0.034366
0.033926
0.033472
0.033007
0.032512
0.031994
0.031502
0.031095
0.030807
0.030642
0.030598
0.030677
0.030894
0.031264
0.031800
0.032511
0.033421
0.034556
0.035917
0.037464
0.039160
0.041006
0.043041
0.045306
0.047835
0.050642
0.053702
0.056910
0.060074
0.062938
0.065219
0.066658
0.067108
0.066582
0.065232
0.063254
0.060833
0.058132
0.055289
0.052409
0.049565
0.046840
0.044321
0.042070
0.040110
0.038443
0.037064
0.035940
0.035013
0.034227
0.033557
0.032996
0.032539
0.032196
0.031980
0.031878
0.031849
0.031874
0.031989
0.032256
0.032711
0.033347
0.034136
0.035006
0.035825
0.036445
0.036774
0.036813
0.036620
0.036278
0.035886
0.035546
0.035313
0.035189
0.035161
0.035245
0.035473
0.035863
0.036414
0.037109
0.037913
0.038738
0.039444
0.039877
0.039930
0.039596
0.038969
0.038193
0.037395
0.036646
0.035969
0.035378
0.034883
0.034482
0.034174
0.033973
0.033919
0.034061
0.034445
0.035103
0.036047
0.037268
0.038735
0.040411
0.042228
0.044039
0.045608
0.046699
0.047205
0.047208
0.046902
0.046463
0.045957
0.045342
0.044527
0.043438
0.042087
0.040577
0.039060
0.037670
0.036484
0.035524
0.034786
0.034253
0.033900
0.033697
0.033606
0.033580
0.033570
0.033547
0.033501
0.033421
0.033289
0.033094
0.032850
0.032596
0.032383
0.032248
0.032195
0.032201
0.032236
0.032293
0.032385
0.032525
0.032711
0.032926
0.033112
0.033167
0.032978
0.032502
0.031802
0.031005
0.030214
0.029476
0.028803
0.028201
0.027667
0.027190
0.026760
0.026378
0.026045
0.025759
0.025508
0.025273
0.025024
0.024744
0.024437
0.024121
0.023808
0.023490
0.023167
0.022850
0.022546
0.022240
0.021909
0.021554
0.021194
0.020839
0.020484
0.020138
0.019831
0.019589
0.019396
0.019204
0.018975
0.018716
0.018468
0.018269
0.018132
0.018044
0.017966
0.017847
0.017646
0.017349
0.016972
0.016550
0.016122
0.015719
0.015346
0.014994
0.014658
0.014349
0.014070
0.013800
0.013509
0.013191
0.012868
0.012561
0.012273
0.012004
0.011765
0.011573
0.011430
0.011316
0.011200
0.011053
0.010859
0.010624
0.010367
0.010121
0.009916
0.009770
0.009687
0.009643
0.009607
0.009553
0.009478
0.009391
0.009305
0.009220
0.009131
0.009021
0.008878
0.008699
0.008499
0.008301
0.008122
0.007968
0.007828
0.007685
0.007536
0.007393
0.007269
0.007162
0.007066
0.006985
0.006926
0.006887
0.006865
0.006855
0.006850
0.006834
0.006796
0.006749
0.006721
0.006718
0.006721
0.006711
0.006685
0.006643
0.006576
0.006484
0.006384
0.006291
0.006211
0.006135
0.006056
0.005964
0.005843
0.005696
0.005550
0.005424
0.005308
0.005180
0.005037
0.004899
0.004784
0.004702
0.004663
0.004667
0.004696
0.004729
0.004750
0.004758
0.004750
0.004731
0.004723
0.004753
0.004834
0.004957
0.005092
0.005206
0.005269
0.005281
0.005265
0.005248
0.005239
0.005235
0.005238
0.005246
0.005246
0.005236
0.005248
0.005320
0.005455
0.005611
0.005746
0.005849
0.005928
0.005981
0.005996
0.005971
0.005907
0.005802
0.005657
0.005486
0.005312
0.005154
0.005019
0.004908
0.004822
0.004759
0.004714
0.004675
0.004628
0.004571
0.004517
0.004483
0.004474
0.004485
0.004515
0.004560
0.004603
0.004623
0.004616
0.004596
0.004586
0.004592
0.004607
0.004624
0.004642
0.004669
0.004711
0.004764
0.004815
0.004865
0.004926
0.005003
0.005083
0.005142
0.005166
0.005144
0.005057
0.004900
0.004710
0.004539
0.004420
0.004355
0.004344
0.004383
0.004443
0.004475
0.004458
0.004413
0.004375
0.004351
0.004336
0.004334
0.004356
0.004394
0.004426
0.004441
0.004437
0.004426
0.004427
0.004461
0.004535
0.004629
0.004712
0.004773
0.004823
0.004885
0.004969
0.005075
0.005196
0.005323
0.005444
0.005545
0.005604
0.005606
0.005548
0.005445
0.005316
0.005178
0.005040
0.004905
0.004773
0.004647
0.004534
0.004449
0.004393
0.004365
0.004367
0.004404
0.004476
0.004574
0.004685
0.004800
0.004908
0.005014
0.005138
0.005304
0.005506
0.005709
0.005889
0.006059
0.006243
0.006441
0.006628
0.006776
0.006869
0.006890
0.006828
0.006683
0.006479
0.006247
0.006021
0.005820
0.005644
0.005484
0.005340
0.005219
0.005111
0.004995
0.004865
0.004740
0.004638
0.004561
0.004498
0.004452
0.004422
0.004392
0.004349
0.004295
0.004247
0.004218
0.004214
0.004241
0.004296
0.004363
0.004425
0.004493
0.004584
0.004696
0.004817
0.004953
0.005128
0.005359
0.005644
0.005971
0.006324
0.006670
0.006966
0.007178
0.007297
0.007331
0.007300
0.007232
0.007153
0.007078
0.007014
0.006973
0.006962
0.006973
0.006986
0.006986
0.006969
0.006921
0.006825
0.006675
0.006485
0.006285
0.006106
0.005976
0.005907
0.005883
0.005877
0.005877
0.005901
0.005964
0.006063
0.006193
0.006365
0.006588
0.006857
0.007152
0.007455
0.007744
0.007989
0.008166
0.008278
0.008345
0.008370
0.008344
0.008261
0.008126
0.007938
0.007687
0.007377
0.007042
0.006729
0.006463
0.006240
0.006048
0.005893
0.005784
0.005707
0.005636
0.005549
0.005442
0.005313
0.005164
0.005016
0.004908
0.004875
0.004912
0.004987
0.005069
0.005143
0.005203
0.005255
0.005331
0.005472
0.005699
0.005992
0.006335
0.006729
0.007187
0.007716
0.008326
0.009054
0.009938
0.010988
0.012179
0.013483
0.014874
0.016296
0.017638
0.018749
0.019492
0.019788
0.019623
0.019045
0.018155
0.017090
0.015982
0.014917
0.013930
0.013027
0.012211
0.011481
0.010816
0.010178
0.009537
0.008900
0.008299
0.007761
0.007285
0.006854
0.006460
0.006117
0.005834
0.005603
0.005411
0.005260
0.005162
0.005113
0.005078
0.005023
0.004939
0.004836
0.004723
0.004598
0.004460
0.004304
0.004131
0.003968
0.003858
0.003824
0.003841
0.003868
0.003898
0.003951
0.004027
0.004093
0.004125
0.004129
0.004122
0.004092
0.004020
0.003910
0.003787
0.003674
0.003581
0.003518
0.003489
0.003494
0.003524
0.003565
0.003603
0.003635
0.003680
0.003764
0.003891
0.004035
0.004165
0.004264
0.004323
0.004333
0.004300
0.004259
0.004251
0.004288
0.004356
0.004436
0.004517
0.004593
0.004661
0.004731
0.004815
0.004917
0.005035
0.005171
0.005329
0.005490
0.005619
0.005689
0.005691
0.005630
0.005526
0.005423
0.005374
0.005394
0.005447
0.005495
0.005544
0.005638
0.005810
0.006050
0.006327
0.006633
0.006977
0.007358
0.007762
0.008175
0.008601
0.009043
0.009491
0.009923
0.010331
0.010728
0.011135
0.011578
0.012089
0.012701
0.013439
0.014319
0.015361
0.016591
0.018029
0.019684
0.021569
0.023700
0.026074
0.028662
0.031404
0.034194
0.036842
0.039075
0.040604
0.041223
0.040869
0.039632
0.037707
0.035338
0.032758
0.030162
0.027686
0.025411
0.023367
0.021546
0.019928
0.018479
0.017147
0.015879
0.014649
0.013470
0.012355
0.011303
0.010310
0.009392
0.008570
0.007842
0.007188
0.006600
0.006082
0.005637
0.005264
0.004956
0.004691
0.004430
0.004148
0.003870
0.003638
0.003461
0.003304
0.003140
0.002983
0.002859
0.002774
0.002709
0.002652
0.002603
0.002559
0.002509
0.002434
0.002332
0.002224
0.002148
0.002124
0.002135
0.002144
0.002124
0.002074
0.002010
0.001953
0.001919
0.001914
0.001925
0.001933
0.001926
0.001902
0.001865
0.001830
0.001820
0.001849
0.001898
0.001935
0.001953
0.001972
0.002005
0.002043
0.002081
0.002125
0.002177
0.002216
0.002213
0.002161
0.002067
0.001949
0.001834
0.001748
0.001690
0.001634
0.001561
0.001487
0.001438
0.001418
0.001406
0.001385
0.001351
0.001301
0.001241
0.001190
0.001173
0.001190
0.001211
0.001208
0.001184
0.001159
0.001148
0.001153
0.001168
0.001185
0.001196
0.001182
0.001127
0.001035
0.000936
0.000868
0.000846
0.000857
0.000884
0.000921
0.000961
0.000986
0.000974
0.000929
0.000876
0.000839
0.000823
0.000830
0.000862
0.000918
0.000984
0.001038
0.001065
0.001071
0.001072
0.001076
0.001078
0.001071
0.001048
0.001007
0.000950
0.000893
0.000864
0.000886
0.000952
0.001035
0.001113
0.001179
0.001232
0.001273
0.001303
0.001325
0.001342
0.001360
0.001390
0.001442
0.001495
0.001512
0.001487
0.001455
0.001460
0.001511
0.001590
0.001677
0.001749
0.001776
0.001747
0.001690
0.001649
0.001630
0.001601
0.001537
0.001451
0.001375
0.001331
0.001319
0.001325
0.001331
0.001328
0.001319
0.001311
0.001304
0.001285
0.001245
0.001178
0.001080
0.000957
0.000839
0.000760
0.000726
0.000714
0.000709
0.000714
0.000732
0.000748
0.000749
0.000753
0.000784
0.000834
0.000875
0.000879
0.000846
0.000788
0.000728
0.000690
0.000686
0.000709
0.000737
0.000757
0.000761
0.000746
0.000710
0.000671
0.000648
0.000644
0.000644
0.000647
0.000673
0.000733
0.000804
0.000852
0.000868
0.000876
0.000896
0.000921
0.000929
0.000908
0.000862
0.000809
0.000766
0.000738
0.000714
0.000686
0.000660
0.000656
0.000677
0.000698
0.000698
0.000690
0.000710
0.000775
0.000858
0.000921
0.000947
0.000944
0.000920
0.000879
0.000824
0.000765
0.000706
0.000647
0.000590
0.000549
0.000539
0.000560
0.000603
0.000656
0.000715
0.000781
0.000842
0.000882
0.000889
0.000864
0.000823
0.000786
0.000769
0.000780
0.000808
0.000826
0.000813
0.000777
0.000746
0.000738
0.000741
0.000731
0.000696
0.000659
0.000648
0.000676
0.000723
0.000762
0.000785
0.000799
0.000804
0.000793
0.000769
0.000751
0.000751
0.000748
0.000726
0.000705
0.000708
0.000724
0.000714
0.000670
0.000632
0.000630
0.000654
0.000677
0.000694
0.000711
0.000722
0.000724
0.000726
0.000732
0.000717
0.000653
0.000560
0.000490
0.000470
0.000490
0.000527
0.000576
0.000634
0.000683
0.000705
0.000706
0.000709
0.000728
0.000766
0.000813
0.000858
0.000893
0.000922
0.000954
0.000985
0.001004
0.000998
0.000968
0.000927
0.000879
0.000829
0.000781
0.000744
0.000725
0.000731
0.000762
0.000813
0.000873
0.000934
0.000991
0.001036
0.001055
0.001049
0.001044
0.001085
0.001199
0.001369
0.001543
0.001686
0.001811
0.001959
0.002152
0.002374
0.002608
0.002857
0.003130
0.003401
0.003612
0.003718
0.003708
0.003607
0.003452
0.003276
0.003094
0.002908
0.002719
0.002531
0.002347
0.002164
0.001982
0.001813
0.001671
0.001562
0.001477
0.001409
0.001353
0.001302
0.001254
0.001211
0.001173
0.001135
0.001096
0.001062
0.001027
0.000971
0.000892
0.000824
0.000801
0.000817
0.000836
0.000836
0.000817
0.000783
0.000743
0.000718
0.000726
0.000748
0.000751
0.000725
0.000694
0.000672
0.000651
0.000632
0.000634
0.000668
0.000718
0.000769
0.000826
0.000882
0.000915
0.000914
0.000899
0.000894
0.000902
0.000926
0.000984
0.001082
0.001191
0.001280
0.001361
0.001471
0.001622
0.001794
0.001966
0.002139
0.002306
0.002448
0.002537
0.002555
0.002500
0.002389
0.002253
0.002115
0.001991
0.001892
0.001834
0.001808
0.001776
0.001702
0.001596
0.001496
0.001433
0.001407
0.001401
0.001393
0.001367
0.001321
0.001272
0.001237
0.001212
0.001188
0.001168
0.001151
0.001121
0.001069
0.001008
0.000965
0.000941
0.000916
0.000883
0.000849
0.000815
0.000772
0.000727
0.000695
0.000679
0.000659
0.000626
0.000589
0.000555
0.000525
0.000504
0.000501
0.000508
0.000498
0.000465
0.000439
0.000447
0.000484
0.000529
0.000583
0.000655
0.000732
0.000785
0.000806
0.000808
0.000808
0.000807
0.000805
0.000804
0.000806
0.000812
0.000820
0.000830
0.000834
0.000819
0.000790
0.000764
0.000757
0.000767
0.000783
0.000800
0.000807
0.000782
0.000708
0.000601
0.000507
0.000466
0.000475
0.000508
0.000553
0.000611
0.000660
0.000661
0.000598
0.000505
0.000432
0.000396
0.000385
0.000384
0.000401
0.000448
0.000520
0.000600
0.000670
0.000716
0.000731
0.000715
0.000672
0.000611
0.000553
0.000528
0.000548
0.000587
0.000601
0.000576
0.000533
0.000500
0.000483
0.000470
0.000449
0.000421
0.000394
0.000378
0.000368
0.000359
0.000358
0.000387
0.000450
0.000510
0.000524
0.000486
0.000427
0.000378
0.000349
0.000339
0.000345
0.000354
0.000357
0.000365
0.000405
0.000473
0.000531
0.000537
0.000494
0.000436
0.000396
0.000389
0.000406
0.000426
0.000438
0.000451
0.000485
0.000540
0.000596
0.000637
0.000664
0.000676
0.000668
0.000638
0.000597
0.000553
0.000500
0.000439
0.000383
0.000344
0.000317
0.000296
0.000285
0.000289
0.000297
0.000299
0.000299
0.000312
0.000347
0.000407
0.000487
0.000569
0.000624
0.000638
0.000620
0.000583
0.000528
0.000461
0.000413
0.000404
0.000424
0.000441
0.000440
0.000425
0.000409
0.000396
0.000389
0.000380
0.000353
0.000308
0.000267
0.000254
0.000265
0.000286
0.000314
0.000354
0.000398
0.000431
0.000451
0.000462
0.000459
0.000440
0.000421
0.000416
0.000412
0.000386
0.000341
0.000307
0.000299
0.000304
0.000316
0.000336
0.000354
0.000343
0.000300
0.000258
0.000245
0.000251
0.000243
0.000213
0.000179
0.000163
0.000164
0.000177
0.000197
0.000216
0.000222
0.000208
0.000183
0.000172
0.000193
0.000238
0.000280
0.000302
0.000306
0.000303
0.000291
0.000273
0.000264
0.000275
0.000288
0.000279
0.000250
0.000231
0.000231
0.000233
0.000227
0.000228
0.000252
0.000290
0.000314
0.000315
0.000299
0.000276
0.000255
0.000247
0.000259
0.000277
0.000282
0.000267
0.000241
0.000210
0.000172
0.000131
0.000098
0.000077
0.000061
0.000045
0.000035
0.000044
0.000070
0.000100
0.000124
0.000142
0.000166
0.000198
0.000232
0.000254
0.000257
0.000251
0.000250
0.000269
0.000307
0.000348
0.000377
0.000389
0.000389
0.000383
0.000374
0.000374
0.000394
0.000429
0.000459
0.000475
0.000489
0.000506
0.000506
0.000471
0.000417
0.000380
0.000368
0.000355
0.000323
0.000283
0.000255
0.000241
0.000242
0.000262
0.000301
0.000340
0.000350
0.000317
0.000250
0.000181
0.000146
0.000164
0.000214
0.000256
0.000264
0.000247
0.000227
0.000216
0.000211
0.000207
0.000196
0.000177
0.000155
0.000144
0.000148
0.000159
0.000163
0.000154
0.000132
0.000111
0.000113
0.000152
0.000207
0.000236
0.000219
0.000178
0.000142
0.000113
0.000073
0.000014
-0.000044
-0.000083
-0.000098
-0.000093
-0.000072
-0.000030
0.000032
0.000099
0.000149
0.000172
0.000183
0.000200
0.000222
0.000227
0.000216
0.000209
0.000219
0.000231
0.000227
0.000218
0.000218
0.000223
0.000218
0.000212
0.000228
0.000270
0.000312
0.000327
0.000310
0.000281
0.000261
0.000260
0.000277
0.000296
0.000307
0.000306
0.000296
0.000276
0.000255
0.000242
0.000243
0.000246
0.000246
0.000256
0.000287
0.000330
0.000361
0.000362
0.000334
0.000284
0.000229
0.000189
0.000175
0.000173
0.000160
0.000138
0.000128
0.000136
0.000141
0.000125
0.000100
0.000087
0.000086
0.000083
0.000077
0.000080
0.000093
0.000108
0.000121
0.000143
0.000181
0.000221
0.000234
0.000201
0.000135
0.000066
0.000020
-0.000005
-0.000023
-0.000034
-0.000016
0.000050
0.000143
0.000217
0.000246
0.000253
0.000281
0.000331
0.000363
0.000337
0.000271
0.000216
0.000212
0.000252
0.000309
0.000366
0.000415
0.000449
0.000463
0.000464
0.000466
0.000474
0.000486
0.000493
0.000489
0.000469
0.000437
0.000402
0.000377
0.000373
0.000390
0.000412
0.000414
0.000392
0.000367
0.000364
0.000379
0.000386
0.000377
0.000372
0.000379
0.000378
0.000351
0.000310
0.000278
0.000260
0.000240
0.000212
0.000181
0.000156
0.000136
0.000129
0.000139
0.000157
0.000168
0.000171
0.000183
0.000212
0.000254
0.000294
0.000325
0.000339
0.000332
0.000305
0.000265
0.000217
0.000165
0.000118
0.000080
0.000049
0.000022
0.000011
0.000028
0.000066
0.000098
0.000112
0.000114
0.000117
0.000120
0.000114
0.000095
0.000071
0.000058
0.000065
0.000076
0.000068
0.000034
-0.000004
-0.000024
-0.000034
-0.000050
-0.000069
-0.000077
-0.000075
-0.000069
-0.000050
0.000006
0.000096
0.000186
0.000247
0.000278
0.000297
0.000310
0.000321
0.000331
0.000337
0.000336
0.000333
0.000343
0.000361
0.000368
0.000356
0.000343
0.000348
0.000366
0.000388
0.000413
0.000446
0.000471
0.000466
0.000430
0.000377
0.000326
0.000291
0.000277
0.000282
0.000289
0.000287
0.000281
0.000281
0.000285
0.000285
0.000282
0.000283
0.000300
0.000328
0.000356
0.000374
0.000382
0.000388
0.000395
0.000392
0.000366
0.000319
0.000268
0.000226
0.000204
0.000207
0.000238
0.000276
0.000295
0.000291
0.000281
0.000282
0.000286
0.000281
0.000262
0.000226
0.000161
0.000078
0.000016
0.000012
0.000065
0.000144
0.000218
0.000271
0.000299
0.000317
0.000349
0.000407
0.000468
0.000504
0.000521
0.000544
0.000578
0.000600
0.000596
0.000582
0.000575
0.000570
0.000551
0.000517
0.000483
0.000461
0.000453
0.000453
0.000457
0.000454
0.000434
0.000395
0.000359
0.000350
0.000377
0.000411
0.000415
0.000381
0.000335
0.000312
0.000316
0.000332
0.000348
0.000363
0.000373
0.000367
0.000332
0.000267
0.000187
0.000117
0.000075
0.000063
0.000074
0.000108
0.000164
0.000215
0.000227
0.000189
0.000136
0.000111
0.000124
0.000152
0.000168
0.000166
0.000161
0.000178
0.000236
0.000316
0.000372
0.000378
0.000350
0.000324
0.000316
0.000318
0.000320
0.000312
0.000286
0.000243
0.000206
0.000190
0.000185
0.000174
0.000166
0.000179
0.000209
0.000236
0.000257
0.000280
0.000300
0.000296
0.000266
0.000233
0.000213
0.000196
0.000176
0.000163
0.000161
0.000156
0.000141
0.000128
0.000137
0.000167
0.000210
0.000259
0.000309
0.000343
0.000350
0.000328
0.000282
0.000220
0.000158
0.000124
0.000125
0.000140
0.000150
0.000161
0.000193
0.000244
0.000294
0.000323
0.000324
0.000295
0.000248
0.000200
0.000165
0.000139
0.000113
0.000092
0.000087
0.000112
0.000166
0.000237
0.000302
0.000337
0.000332
0.000307
0.000285
0.000271
0.000253
0.000222
0.000185
0.000162
0.000170
0.000217
0.000291
0.000374
0.000446
0.000494
0.000510
0.000491
0.000447
0.000399
0.000363
0.000340
0.000326
0.000316
0.000300
0.000267
0.000221
0.000185
0.000181
0.000207
0.000247
0.000287
0.000318
0.000338
0.000348
0.000351
0.000344
0.000324
0.000298
0.000282
0.000282
0.000279
0.000261
0.000243
0.000251
0.000287
0.000323
0.000322
0.000275
0.000203
0.000149
0.000147
0.000194
0.000252
0.000282
0.000275
0.000246
0.000211
0.000185
0.000183
0.000209
0.000243
0.000258
0.000254
0.000253
0.000268
0.000291
0.000306
0.000305
0.000289
0.000266
0.000252
0.000257
0.000279
0.000303
0.000317
0.000318
0.000313
0.000313
0.000332
0.000377
0.000432
0.000471
0.000482
0.000473
0.000459
0.000447
0.000441
0.000437
0.000424
0.000391
0.000347
0.000313
0.000302
0.000305
0.000305
0.000304
0.000315
0.000335
0.000346
0.000328
0.000283
0.000234
0.000205
0.000203
0.000216
0.000234
0.000257
0.000285
0.000315
0.000340
0.000359
0.000375
0.000389
0.000401
0.000409
0.000409
0.000396
0.000361
0.000300
0.000215
0.000121
0.000048
0.000026
0.000058
0.000118
0.000173
0.000221
0.000277
0.000343
0.000396
0.000417
0.000413
0.000403
0.000394
0.000374
0.000328
0.000266
0.000217
0.000206
0.000227
0.000249
0.000252
0.000240
0.000232
0.000232
0.000236
0.000251
0.000289
0.000345
0.000394
0.000420
0.000424
0.000417
0.000407
0.000401
0.000413
0.000443
0.000476
0.000493
0.000488
0.000469
0.000444
0.000418
0.000390
0.000366
0.000353
0.000358
0.000385
0.000430
0.000476
0.000506
0.000507
0.000476
0.000424
0.000369
0.000322
0.000280
0.000234
0.000188
0.000167
0.000181
0.000213
0.000234
0.000228
0.000204
0.000182
0.000176
0.000188
0.000208
0.000222
0.000224
0.000218
0.000213
0.000211
0.000204
0.000186
0.000164
0.000151
0.000149
0.000153
0.000163
0.000190
0.000238
0.000295
0.000345
0.000391
0.000443
0.000490
0.000506
0.000474
0.000410
0.000342
0.000286
0.000243
0.000211
0.000193
0.000187
0.000187
0.000199
0.000223
0.000242
0.000231
0.000186
0.000133
0.000111
0.000130
0.000164
0.000186
0.000189
0.000189
0.000199
0.000209
0.000209
0.000206
0.000212
0.000228
0.000237
0.000231
0.000221
0.000224
0.000241
0.000266
0.000299
0.000333
0.000354
0.000354
0.000341
0.000326
0.000309
0.000285
0.000254
0.000217
0.000170
0.000118
0.000091
0.000115
0.000175
0.000235
0.000278
0.000309
0.000324
0.000306
0.000250
0.000180
0.000125
0.000089
0.000068
0.000055
0.000042
0.000029
0.000031
0.000065
0.000123
0.000177
0.000208
0.000221
0.000221
0.000198
0.000157
0.000129
0.000141
0.000188
0.000243
0.000295
0.000343
0.000381
0.000400
0.000395
0.000371
0.000333
0.000296
0.000280
0.000291
0.000308
0.000309
0.000301
0.000309
0.000339
0.000380
0.000422
0.000465
0.000498
0.000508
0.000495
0.000470
0.000441
0.000408
0.000383
0.000380
0.000392
0.000389
0.000361
0.000326
0.000308
0.000299
0.000280
0.000257
0.000251
0.000266
0.000276
0.000253
0.000209
0.000183
0.000196
0.000232
0.000256
0.000252
0.000234
0.000225
0.000238
0.000267
0.000291
0.000285
0.000237
0.000160
0.000083
0.000031
0.000006
0.000000
0.000012
0.000043
0.000084
0.000115
0.000123
0.000112
0.000091
0.000069
0.000055
0.000053
0.000064
0.000081
0.000106
0.000139
0.000169
0.000179
0.000168
0.000156
0.000171
0.000219
0.000287
0.000357
0.000416
0.000449
0.000447
0.000413
0.000368
0.000333
0.000314
0.000306
0.000301
0.000303
0.000312
0.000321
0.000318
0.000310
0.000316
0.000343
0.000375
0.000385
0.000368
0.000339
0.000311
0.000284
0.000247
0.000199
0.000162
0.000161
0.000202
0.000263
0.000314
0.000334
0.000319
0.000274
0.000205
0.000128
0.000069
0.000041
0.000045
0.000071
0.000120
0.000190
0.000269
0.000334
0.000372
0.000385
0.000383
0.000370
0.000338
0.000290
0.000237
0.000194
0.000163
0.000146
0.000153
0.000198
0.000269
0.000329
0.000349
0.000338
0.000325
0.000319
0.000306
0.000282
0.000265
0.000262
0.000254
0.000219
0.000169
0.000139
0.000146
0.000179
0.000207
0.000216
0.000213
0.000216
0.000231
0.000244
0.000243
0.000234
0.000231
0.000230
0.000212
0.000173
0.000144
0.000148
0.000182
0.000225
0.000267
0.000307
0.000337
0.000352
0.000366
0.000392
0.000422
0.000430
0.000403
0.000353
0.000308
0.000293
0.000318
0.000360
0.000378
0.000350
0.000291
0.000231
0.000186
0.000161
0.000164
0.000189
0.000210
0.000200
0.000169
0.000142
0.000125
0.000099
0.000057
0.000019
0.000012
0.000046
0.000115
0.000199
0.000270
0.000319
0.000360
0.000401
0.000418
0.000393
0.000345
0.000308
0.000274
0.000216
0.000152
0.000134
0.000185
0.000263
0.000317
0.000340
0.000350
0.000357
0.000366
0.000388
0.000424
0.000456
0.000470
0.000470
0.000460
0.000424
0.000360
0.000289
0.000237
0.000200
0.000162
0.000127
0.000113
0.000123
0.000147
0.000173
0.000199
0.000218
0.000230
0.000247
0.000274
0.000302
0.000313
0.000309
0.000299
0.000285
0.000266
0.000252
0.000259
0.000284
0.000308
0.000311
0.000289
0.000246
0.000205
0.000189
0.000204
0.000230
0.000252
0.000268
0.000280
0.000281
0.000268
0.000257
0.000260
0.000269
0.000269
0.000271
0.000289
0.000310
0.000315
0.000312
0.000328
0.000368
0.000406
0.000422
0.000423
0.000418
0.000412
0.000405
0.000400
0.000386
0.000354
0.000307
0.000269
0.000253
0.000251
0.000255
0.000265
0.000283
0.000304
0.000319
0.000331
0.000348
0.000382
0.000436
0.000502
0.000553
0.000568
0.000556
0.000541
0.000533
0.000522
0.000501
0.000474
0.000442
0.000398
0.000347
0.000306
0.000285
0.000273
0.000256
0.000233
0.000210
0.000187
0.000166
0.000152
0.000151
0.000163
0.000186
0.000216
0.000246
0.000267
0.000281
0.000294
0.000307
0.000309
0.000301
0.000295
0.000297
0.000297
0.000288
0.000276
0.000269
0.000263
0.000257
0.000262
0.000288
0.000324
0.000352
0.000368
0.000377
0.000379
0.000372
0.000367
0.000380
0.000410
0.000434
0.000436
0.000429
0.000436
0.000462
0.000484
0.000483
0.000469
0.000467
0.000481
0.000488
0.000464
0.000415
0.000369
0.000341
0.000333
0.000342
0.000381
0.000467
0.000606
0.000789
0.000989
0.001161
0.001264
0.001285
0.001239
0.001150
0.001041
0.000930
0.000833
0.000758
0.000706
0.000672
0.000643
0.000610
0.000566
0.000515
0.000462
0.000412
0.000375
0.000366
0.000383
0.000400
0.000393
0.000367
0.000342
0.000321
0.000295
0.000266
0.000256
0.000278
0.000320
0.000359
0.000383
0.000392
0.000397
0.000416
0.000454
0.000487
0.000485
0.000442
0.000384
0.000334
0.000294
0.000264
0.000256
0.000277
0.000312
0.000335
0.000340
0.000341
0.000352
0.000371
0.000387
0.000390
0.000384
0.000386
0.000409
0.000451
0.000495
0.000533
0.000564
0.000590
0.000611
0.000631
0.000656
0.000673
0.000656
0.000600
0.000527
0.000464
0.000410
0.000357
0.000310
0.000294
0.000322
0.000378
0.000431
0.000453
0.000443
0.000421
0.000407
0.000400
0.000390
0.000374
0.000355
0.000327
0.000284
0.000243
0.000237
0.000272
0.000318
0.000335
0.000318
0.000286
0.000251
0.000221
0.000209
0.000231
0.000280
0.000330
0.000356
0.000356
0.000346
0.000338
0.000325
0.000292
0.000230
0.000157
0.000105
0.000092
0.000102
0.000107
0.000095
0.000079
0.000077
0.000094
0.000126
0.000164
0.000206
0.000254
0.000302
0.000335
0.000344
0.000334
0.000321
0.000312
0.000310
0.000317
0.000330
0.000339
0.000337
0.000331
0.000328
0.000316
0.000281
0.000240
0.000232
0.000263
0.000305
0.000336
0.000364
0.000400
0.000426
0.000422
0.000401
0.000392
0.000408
0.000442
0.000485
0.000524
0.000546
0.000551
0.000555
0.000569
0.000576
0.000553
0.000508
0.000469
0.000450
0.000440
0.000424
0.000404
0.000389
0.000381
0.000376
0.000362
0.000328
0.000284
0.000254
0.000254
0.000277
0.000307
0.000334
0.000350
0.000349
0.000333
0.000317
0.000307
0.000281
0.000222
0.000149
0.000097
0.000083
0.000092
0.000103
0.000107
0.000102
0.000094
0.000098
0.000121
0.000161
0.000209
0.000267
0.000323
0.000355
0.000344
0.000304
0.000264
0.000238
0.000231
0.000244
0.000278
0.000313
0.000332
0.000343
0.000358
0.000375
0.000380
0.000376
0.000377
0.000372
0.000339
0.000277
0.000209
0.000156
0.000121
0.000113
0.000144
0.000212
0.000298
0.000384
0.000469
0.000554
0.000637
0.000728
0.000836
0.000949
0.001037
0.001093
0.001147
0.001230
0.001358
0.001522
0.001696
0.001826
0.001859
0.001781
0.001630
0.001463
0.001313
0.001189
0.001089
0.001000
0.000913
0.000832
0.000765
0.000709
0.000660
0.000630
0.000633
0.000654
0.000656
0.000619
0.000565
0.000521
0.000490
0.000463
0.000439
0.000428
0.000429
0.000439
0.000459
0.000486
0.000508
0.000512
0.000494
0.000462
0.000436
0.000434
0.000456
0.000479
0.000475
0.000446
0.000418
0.000405
0.000403
0.000404
0.000407
0.000402
0.000373
0.000321
0.000274
0.000255
0.000266
0.000298
0.000347
0.000407
0.000455
0.000467
0.000437
0.000387
0.000345
0.000338
0.000371
0.000425
0.000471
0.000491
0.000480
0.000441
0.000387
0.000346
0.000334
0.000337
0.000328
0.000316
0.000328
0.000362
0.000389
0.000396
0.000411
0.000450
0.000497
0.000528
0.000545
0.000559
0.000574
0.000597
0.000633
0.000667
0.000663
0.000613
0.000556
0.000524
0.000512
0.000496
0.000478
0.000474
0.000484
0.000501
0.000520
0.000539
0.000544
0.000536
0.000527
0.000518
0.000487
0.000424
0.000360
0.000333
0.000349
0.000389
0.000437
0.000482
0.000506
0.000505
0.000500
0.000508
0.000518
0.000517
0.000515
0.000522
0.000522
0.000498
0.000472
0.000471
0.000480
0.000453
0.000378
0.000294
0.000242
0.000236
0.000270
0.000336
0.000427
0.000531
0.000633
0.000718
0.000765
0.000769
0.000751
0.000747
0.000777
0.000833
0.000895
0.000941
0.000951
0.000919
0.000853
0.000774
0.000701
0.000646
0.000606
0.000558
0.000493
0.000435
0.000422
0.000446
0.000462
0.000447
0.000432
0.000441
0.000454
0.000439
0.000405
0.000383
0.000384
0.000403
0.000440
0.000489
0.000521
0.000513
0.000480
0.000458
0.000458
0.000475
0.000511
0.000565
0.000613
0.000632
0.000632
0.000639
0.000657
0.000680
0.000709
0.000737
0.000739
0.000704
0.000654
0.000605
0.000538
0.000438
0.000343
0.000295
0.000286
0.000283
0.000286
0.000314
0.000359
0.000398
0.000442
0.000522
0.000628
0.000720
0.000776
0.000801
0.000793
0.000755
0.000722
0.000731
0.000767
0.000787
0.000786
0.000787
0.000788
0.000763
0.000718
0.000681
0.000650
0.000603
0.000547
0.000514
0.000496
0.000468
0.000440
0.000454
0.000517
0.000595
0.000675
0.000763
0.000843
0.000887
0.000917
0.000984
0.001082
0.001155
0.001188
0.001218
0.001260
0.001285
0.001287
0.001302
0.001337
0.001359
0.001357
0.001364
0.001393
0.001418
0.001431
0.001451
0.001475
0.001474
0.001456
0.001462
0.001493
0.001503
0.001481
0.001464
0.001466
0.001456
0.001444
0.001485
0.001586
0.001693
0.001777
0.001862
0.001947
0.001986
0.001979
0.001985
0.002025
0.002052
0.002061
0.002113
0.002226
0.002337
0.002415
0.002514
0.002657
0.002793
0.002909
0.003072
0.003298
0.003497
0.003619
0.003739
0.003929
0.004158
0.004402
0.004718
0.005137
0.005578
0.005994
0.006457
0.007040
0.007702
0.008407
0.009217
0.010176
0.011223
0.012345
0.013679
0.015335
0.017257
0.019330
0.021489
0.023612
0.025555
0.027446
0.029758
0.032911
0.037014
0.042178
0.048795
0.057272
0.067807
0.080741
0.096808
0.116725
0.140980
0.170264
0.204817
0.241601
0.272338
0.286767
0.279773
0.255312
0.222857
0.190475
0.161495
0.136178
0.114299
0.095742
0.080138
0.067099
0.056532
0.048313
0.041969
0.036993
0.033183
0.030385
0.028156
0.025978
0.023642
0.021205
0.018746
0.016359
0.014217
0.012428
0.010900
0.009501
0.008261
0.007265
0.006477
0.005803
0.005245
0.004837
0.004517
0.004197
0.003902
0.003700
0.003561
0.003400
0.003211
0.003046
0.002906
0.002751
0.002593
0.002472
0.002384
0.002289
0.002185
0.002089
0.001986
0.001861
0.001747
0.001674
0.001610
0.001507
0.001383
0.001282
0.001208
0.001136
0.001081
0.001065
0.001065
0.001046
0.001025
0.001043
0.001089
0.001116
0.001111
0.001100
0.001095
0.001090
0.001088
0.001083
0.001047
0.000968
0.000883
0.000835
0.000817
0.000787
0.000733
0.000669
0.000601
0.000541
0.000522
0.000552
0.000587
0.000575
0.000523
0.000466
0.000411
0.000356
0.000321
0.000327
0.000345
0.000337
0.000318
0.000333
0.000385
0.000441
0.000480
0.000509
0.000520
0.000505
0.000489
0.000504
0.000536
0.000538
0.000497
0.000441
0.000391
0.000342
0.000296
0.000270
0.000262
0.000261
0.000278
0.000332
0.000405
0.000453
0.000465
0.000465
0.000467
0.000458
0.000434
0.000414
0.000404
0.000387
0.000360
0.000343
0.000346
0.000360
0.000377
0.000404
0.000435
0.000451
0.000451
0.000453
0.000469
0.000484
0.000495
0.000513
0.000539
0.000557
0.000558
0.000559
0.000570
0.000571
0.000533
0.000450
0.000342
0.000231
0.000138
0.000075
0.000041
0.000027
0.000040
0.000092
0.000171
0.000254
0.000328
0.000393
0.000438
0.000444
0.000413
0.000374
0.000348
0.000325
0.000294
0.000261
0.000239
0.000232
0.000241
0.000270
0.000313
0.000352
0.000379
0.000399
0.000403
0.000374
0.000315
0.000262
0.000239
0.000230
0.000205
0.000158
0.000105
0.000062
0.000040
0.000051
0.000093
0.000145
0.000179
0.000191
0.000197
0.000206
0.000211
0.000199
0.000175
0.000154
0.000148
0.000157
0.000175
0.000198
0.000222
0.000240
0.000241
0.000235
0.000247
0.000288
0.000337
0.000364
0.000360
0.000338
0.000308
0.000267
0.000219
0.000172
0.000138
0.000110
0.000080
0.000049
0.000029
0.000039
0.000074
0.000111
0.000124
0.000115
0.000113
0.000132
0.000149
0.000146
0.000133
0.000131
0.000137
0.000134
0.000125
0.000127
0.000140
0.000150
0.000158
0.000176
0.000201
0.000213
0.000203
0.000180
0.000148
0.000106
0.000069
0.000068
0.000109
0.000166
0.000215
0.000256
0.000296
0.000329
0.000347
0.000351
0.000349
0.000346
0.000347
0.000361
0.000388
0.000419
0.000445
0.000450
0.000417
0.000343
0.000268
0.000242
0.000273
0.000325
0.000369
0.000401
0.000414
0.000392
0.000339
0.000291
0.000273
0.000272
0.000270
0.000276
0.000298
0.000323
0.000333
0.000335
0.000345
0.000359
0.000367
0.000374
0.000380
0.000374
0.000351
0.000326
0.000314
0.000302
0.000277
0.000253
0.000246
0.000252
0.000257
0.000270
0.000310
0.000374
0.000438
0.000489
0.000520
0.000522
0.000496
0.000467
0.000465
0.000489
0.000516
0.000536
0.000553
0.000556
0.000533
0.000500
0.000492
0.000520
0.000571
0.000641
0.000737
0.000860
0.000999
0.001159
0.001357
0.001573
0.001754
0.001860
0.001894
0.001875
0.001803
0.001682
0.001539
0.001402
0.001268
0.001121
0.000963
0.000818
0.000704
0.000621
0.000558
0.000501
0.000448
0.000411
0.000409
0.000430
0.000432
0.000383
0.000295
0.000211
0.000157
0.000129
0.000120
0.000136
0.000182
0.000252
0.000323
0.000372
0.000389
0.000380
0.000360
0.000336
0.000300
0.000256
0.000218
0.000205
0.000209
0.000209
0.000201
0.000203
0.000238
0.000308
0.000399
0.000490
0.000563
0.000601
0.000597
0.000565
0.000537
0.000536
0.000565
0.000602
0.000623
0.000614
0.000567
0.000491
0.000400
0.000317
0.000258
0.000232
0.000238
0.000268
0.000300
0.000312
0.000298
0.000274
0.000251
0.000230
0.000209
0.000197
0.000206
0.000233
0.000264
0.000285
0.000293
0.000285
0.000266
0.000246
0.000228
0.000213
0.000208
0.000223
0.000259
0.000296
0.000318
0.000333
0.000353
0.000375
0.000392
0.000412
0.000452
0.000497
0.000508
0.000471
0.000411
0.000364
0.000337
0.000315
0.000292
0.000269
0.000251
0.000241
0.000240
0.000240
0.000228
0.000196
0.000154
0.000120
0.000111
0.000147
0.000223
0.000308
0.000363
0.000380
0.000386
0.000403
0.000424
0.000434
0.000435
0.000442
0.000459
0.000483
0.000507
0.000529
0.000539
0.000528
0.000500
0.000470
0.000453
0.000453
0.000463
0.000470
0.000465
0.000447
0.000422
0.000392
0.000354
0.000321
0.000315
0.000338
0.000361
0.000359
0.000338
0.000325
0.000330
0.000347
0.000361
0.000363
0.000348
0.000314
0.000276
0.000249
0.000237
0.000234
0.000231
0.000226
0.000216
0.000191
0.000153
0.000118
0.000111
0.000142
0.000199
0.000245
0.000247
0.000202
0.000142
0.000098
0.000074
0.000058
0.000057
0.000078
0.000111
0.000124
0.000105
0.000075
0.000061
0.000065
0.000075
0.000082
0.000094
0.000117
0.000146
0.000173
0.000189
0.000193
0.000193
0.000196
0.000194
0.000169
0.000110
0.000037
-0.000019
-0.000038
-0.000026
0.000000
0.000033
0.000069
0.000107
0.000142
0.000181
0.000235
0.000304
0.000367
0.000400
0.000401
0.000388
0.000377
0.000362
0.000324
0.000266
0.000212
0.000182
0.000164
0.000126
0.000053
-0.000020
-0.000043
-0.000000
0.000072
0.000130
0.000167
0.000194
0.000216
0.000223
0.000220
0.000231
0.000266
0.000303
0.000312
0.000282
0.000233
0.000190
0.000171
0.000181
0.000200
0.000199
0.000173
0.000147
0.000143
0.000158
0.000172
0.000185
0.000210
0.000247
0.000282
0.000304
0.000312
0.000301
0.000266
0.000214
0.000163
0.000130
0.000125
0.000154
0.000204
0.000237
0.000221
0.000168
0.000129
0.000135
0.000170
0.000205
0.000237
0.000282
0.000330
0.000358
0.000359
0.000352
0.000353
0.000355
0.000338
0.000294
0.000236
0.000186
0.000161
0.000164
0.000179
0.000185
0.000177
0.000166
0.000164
0.000170
0.000183
0.000204
0.000232
0.000247
0.000225
0.000174
0.000132
0.000128
0.000152
0.000171
0.000171
0.000169
0.000180
0.000190
0.000177
0.000147
0.000128
0.000140
0.000178
0.000226
0.000265
0.000286
0.000287
0.000279
0.000271
0.000266
0.000269
0.000294
0.000347
0.000409
0.000452
0.000472
0.000488
0.000509
0.000516
0.000490
0.000438
0.000390
0.000361
0.000347
0.000347
0.000362
0.000389
0.000415
0.000429
0.000436
0.000440
0.000435
0.000412
0.000379
0.000350
0.000328
0.000300
0.000264
0.000243
0.000257
0.000292
0.000310
0.000292
0.000254
0.000217
0.000180
0.000135
0.000090
0.000067
0.000061
0.000048
0.000018
-0.000009
-0.000016
-0.000014
-0.000025
-0.000051
-0.000068
-0.000057
-0.000017
0.000045
0.000116
0.000180
0.000214
0.000214
0.000198
0.000191
0.000197
0.000205
0.000210
0.000220
0.000235
0.000230
0.000184
0.000111
0.000053
0.000041
0.000069
0.000109
0.000140
0.000160
0.000176
0.000194
0.000218
0.000242
0.000248
0.000238
0.000242
0.000291
0.000373
0.000436
0.000447
0.000425
0.000410
0.000413
0.000424
0.000437
0.000457
0.000484
0.000502
0.000504
0.000498
0.000483
0.000449
0.000403
0.000368
0.000361
0.000372
0.000380
0.000383
0.000391
0.000399
0.000397
0.000395
0.000415
0.000458
0.000491
0.000486
0.000457
0.000443
0.000460
0.000495
0.000531
0.000564
0.000591
0.000595
0.000564
0.000493
0.000397
0.000298
0.000226
0.000202
0.000211
0.000216
0.000192
0.000157
0.000146
0.000173
0.000219
0.000267
0.000305
0.000321
0.000302
0.000255
0.000204
0.000171
0.000155
0.000153
0.000172
0.000215
0.000266
0.000297
0.000289
0.000245
0.000181
0.000120
0.000082
0.000072
0.000082
0.000112
0.000173
0.000268
0.000373
0.000446
0.000467
0.000445
0.000404
0.000365
0.000348
0.000364
0.000398
0.000411
0.000376
0.000309
0.000251
0.000232
0.000249
0.000278
0.000291
0.000272
0.000231
0.000202
0.000222
0.000293
0.000380
0.000443
0.000474
0.000494
0.000512
0.000513
0.000476
0.000414
0.000364
0.000353
0.000374
0.000403
0.000429
0.000458
0.000499
0.000539
0.000558
0.000550
0.000537
0.000539
0.000551
0.000546
0.000508
0.000465
0.000461
0.000509
0.000579
0.000631
0.000638
0.000606
0.000563
0.000535
0.000529
0.000526
0.000505
0.000478
0.000479
0.000514
0.000551
0.000557
0.000533
0.000507
0.000496
0.000498
0.000506
0.000521
0.000552
0.000592
0.000623
0.000623
0.000587
0.000543
0.000525
0.000536
0.000549
0.000536
0.000497
0.000445
0.000395
0.000362
0.000361
0.000383
0.000387
0.000351
0.000302
0.000280
0.000287
0.000294
0.000289
0.000284
0.000277
0.000260
0.000248
0.000276
0.000337
0.000383
0.000379
0.000356
0.000358
0.000379
0.000374
0.000319
0.000235
0.000159
0.000115
0.000113
0.000141
0.000172
0.000179
0.000166
0.000163
0.000185
0.000224
0.000259
0.000284
0.000305
0.000331
0.000366
0.000405
0.000429
0.000417
0.000367
0.000303
0.000252
0.000230
0.000234
0.000240
0.000226
0.000191
0.000161
0.000164
0.000206
0.000270
0.000340
0.000406
0.000453
0.000477
0.000491
0.000518
0.000560
0.000594
0.000610
0.000620
0.000636
0.000643
0.000614
0.000545
0.000468
0.000413
0.000393
0.000395
0.000403
0.000406
0.000403
0.000400
0.000400
0.000396
0.000385
0.000373
0.000376
0.000395
0.000418
0.000431
0.000433
0.000434
0.000435
0.000429
0.000411
0.000394
0.000394
0.000409
0.000405
0.000354
0.000274
0.000218
0.000221
0.000266
0.000313
0.000343
0.000365
0.000393
0.000414
0.000414
0.000393
0.000366
0.000347
0.000329
0.000307
0.000290
0.000295
0.000326
0.000361
0.000375
0.000363
0.000342
0.000330
0.000335
0.000353
0.000375
0.000390
0.000389
0.000374
0.000356
0.000334
0.000297
0.000238
0.000167
0.000103
0.000054
0.000022
0.000004
-0.000005
-0.000012
-0.000016
-0.000018
-0.000020
-0.000029
-0.000043
-0.000051
-0.000051
-0.000052
-0.000056
-0.000046
-0.000002
0.000067
0.000138
0.000194
0.000236
0.000269
0.000294
0.000318
0.000346
0.000363
0.000345
0.000289
0.000225
0.000188
0.000182
0.000184
0.000177
0.000154
0.000119
0.000086
0.000076
0.000102
0.000153
0.000213
0.000273
0.000335
0.000389
0.000415
0.000410
0.000395
0.000392
0.000399
0.000393
0.000363
0.000323
0.000293
0.000278
0.000273
0.000271
0.000269
0.000269
0.000275
0.000300
0.000350
0.000414
0.000465
0.000485
0.000474
0.000440
0.000386
0.000316
0.000251
0.000215
0.000206
0.000195
0.000167
0.000135
0.000116
0.000107
0.000091
0.000065
0.000043
0.000040
0.000063
0.000112
0.000175
0.000220
0.000221
0.000186
0.000152
0.000137
0.000128
0.000109
0.000093
0.000110
0.000164
0.000232
0.000285
0.000314
0.000325
0.000330
0.000342
0.000364
0.000386
0.000390
0.000365
0.000320
0.000283
0.000282
0.000326
0.000396
0.000456
0.000485
0.000489
0.000487
0.000490
0.000502
0.000523
0.000556
0.000590
0.000609
0.000606
0.000593
0.000590
0.000607
0.000635
0.000653
0.000642
0.000606
0.000556
0.000504
0.000449
0.000397
0.000362
0.000350
0.000353
0.000352
0.000344
0.000333
0.000321
0.000300
0.000266
0.000222
0.000180
0.000153
0.000147
0.000154
0.000161
0.000165
0.000187
0.000243
0.000316
0.000363
0.000356
0.000307
0.000248
0.000207
0.000195
0.000204
0.000218
0.000222
0.000219
0.000221
0.000228
0.000222
0.000196
0.000161
0.000137
0.000133
0.000144
0.000166
0.000201
0.000243
0.000280
0.000298
0.000293
0.000272
0.000253
0.000250
0.000267
0.000286
0.000288
0.000259
0.000206
0.000152
0.000125
0.000129
0.000137
0.000118
0.000079
0.000058
0.000077
0.000125
0.000183
0.000248
0.000317
0.000370
0.000388
0.000376
0.000352
0.000318
0.000266
0.000197
0.000122
0.000051
-0.000011
-0.000055
-0.000069
-0.000057
-0.000037
-0.000021
-0.000007
0.000015
0.000048
0.000090
0.000138
0.000180
0.000205
0.000215
0.000217
0.000217
0.000212
0.000199
0.000178
0.000150
0.000117
0.000090
0.000089
0.000118
0.000163
0.000209
0.000260
0.000318
0.000363
0.000368
0.000331
0.000291
0.000283
0.000297
0.000291
0.000241
0.000172
0.000121
0.000097
0.000082
0.000079
0.000108
0.000168
0.000226
0.000257
0.000273
0.000292
0.000302
0.000283
0.000256
0.000260
0.000302
0.000338
0.000333
0.000291
0.000237
0.000188
0.000154
0.000150
0.000178
0.000220
0.000246
0.000254
0.000257
0.000270
0.000298
0.000337
0.000378
0.000408
0.000424
0.000432
0.000437
0.000426
0.000393
0.000351
0.000325
0.000319
0.000312
0.000290
0.000257
0.000227
0.000207
0.000196
0.000199
0.000220
0.000251
0.000271
0.000262
0.000230
0.000203
0.000202
0.000220
0.000233
0.000233
0.000235
0.000252
0.000273
0.000284
0.000288
0.000303
0.000333
0.000364
0.000374
0.000356
0.000328
0.000318
0.000335
0.000359
0.000358
0.000325
0.000287
0.000270
0.000271
0.000273
0.000266
0.000259
0.000263
0.000278
0.000297
0.000310
0.000305
0.000284
0.000258
0.000236
0.000217
0.000196
0.000184
0.000193
0.000219
0.000250
0.000271
0.000277
0.000269
0.000253
0.000243
0.000237
0.000219
0.000185
0.000155
0.000148
0.000160
0.000167
0.000174
0.000200
0.000243
0.000267
0.000251
0.000218
0.000198
0.000194
0.000197
0.000216
0.000264
0.000328
0.000372
0.000377
0.000353
0.000327
0.000319
0.000340
0.000387
0.000438
0.000467
0.000469
0.000464
0.000461
0.000445
0.000401
0.000344
0.000316
0.000340
0.000398
0.000456
0.000488
0.000490
0.000466
0.000426
0.000387
0.000364
0.000363
0.000377
0.000398
0.000416
0.000412
0.000374
0.000314
0.000264
0.000248
0.000257
0.000270
0.000284
0.000306
0.000334
0.000363
0.000396
0.000432
0.000449
0.000419
0.000352
0.000300
0.000300
0.000343
0.000391
0.000418
0.000420
0.000396
0.000355
0.000320
0.000309
0.000312
0.000305
0.000282
0.000258
0.000240
0.000227
0.000227
0.000250
0.000291
0.000322
0.000322
0.000295
0.000260
0.000227
0.000205
0.000210
0.000238
0.000258
0.000242
0.000204
0.000184
0.000199
0.000226
0.000235
0.000222
0.000206
0.000198
0.000193
0.000181
0.000162
0.000147
0.000153
0.000185
0.000229
0.000259
0.000256
0.000227
0.000183
0.000133
0.000081
0.000034
0.000004
-0.000004
0.000008
0.000036
0.000076
0.000121
0.000163
0.000199
0.000219
0.000206
0.000153
0.000088
0.000062
0.000097
0.000171
0.000244
0.000295
0.000315
0.000304
0.000280
0.000281
0.000323
0.000373
0.000389
0.000375
0.000377
0.000420
0.000474
0.000494
0.000476
0.000446
0.000427
0.000420
0.000420
0.000418
0.000403
0.000371
0.000326
0.000287
0.000275
0.000300
0.000354
0.000410
0.000448
0.000469
0.000494
0.000528
0.000554
0.000553
0.000535
0.000524
0.000533
0.000557
0.000586
0.000614
0.000631
0.000633
0.000623
0.000605
0.000579
0.000549
0.000526
0.000515
0.000505
0.000480
0.000439
0.000392
0.000343
0.000296
0.000266
0.000260
0.000265
0.000260
0.000244
0.000235
0.000241
0.000253
0.000268
0.000292
0.000322
0.000342
0.000347
0.000348
0.000346
0.000325
0.000282
0.000244
0.000237
0.000247
0.000243
0.000223
0.000218
0.000242
0.000274
0.000282
0.000262
0.000229
0.000193
0.000156
0.000130
0.000126
0.000149
0.000191
0.000237
0.000270
0.000278
0.000266
0.000252
0.000253
0.000262
0.000260
0.000244
0.000235
0.000255
0.000305
0.000363
0.000405
0.000419
0.000391
0.000315
0.000210
0.000124
0.000102
0.000142
0.000194
0.000214
0.000199
0.000177
0.000167
0.000171
0.000180
0.000192
0.000209
0.000232
0.000259
0.000282
0.000295
0.000297
0.000290
0.000269
0.000231
0.000188
0.000170
0.000192
0.000231
0.000245
0.000214
0.000157
0.000106
0.000082
0.000095
0.000138
0.000195
0.000245
0.000275
0.000284
0.000277
0.000260
0.000245
0.000241
0.000245
0.000239
0.000209
0.000160
0.000107
0.000059
0.000019
-0.000007
-0.000009
0.000014
0.000053
0.000089
0.000102
0.000083
0.000045
0.000012
0.000004
0.000020
0.000043
0.000065
0.000083
0.000099
0.000110
0.000117
0.000116
0.000104
0.000085
0.000082
0.000111
0.000165
0.000206
0.000203
0.000162
0.000110
0.000079
0.000079
0.000110
0.000157
0.000201
0.000230
0.000249
0.000265
0.000278
0.000284
0.000291
0.000314
0.000347
0.000372
0.000368
0.000329
0.000264
0.000197
0.000169
0.000207
0.000292
0.000365
0.000386
0.000367
0.000341
0.000320
0.000291
0.000261
0.000252
0.000267
0.000284
0.000275
0.000239
0.000185
0.000121
0.000059
0.000020
0.000004
-0.000012
-0.000047
-0.000085
-0.000095
-0.000069
-0.000031
-0.000016
-0.000034
-0.000076
-0.000119
-0.000148
-0.000158
-0.000160
-0.000154
-0.000126
-0.000060
0.000035
0.000131
0.000207
0.000255
0.000271
0.000251
0.000202
0.000144
0.000099
0.000086
0.000118
0.000191
0.000277
0.000342
0.000375
0.000387
0.000390
0.000381
0.000357
0.000330
0.000318
0.000331
0.000370
0.000419
0.000453
0.000450
0.000424
0.000410
0.000424
0.000438
0.000420
0.000379
0.000346
0.000330
0.000313
0.000291
0.000283
0.000298
0.000315
0.000306
0.000272
0.000241
0.000232
0.000235
0.000228
0.000195
0.000142
0.000093
0.000080
0.000115
0.000190
0.000281
0.000369
0.000431
0.000452
0.000434
0.000402
0.000383
0.000381
0.000375
0.000350
0.000309
0.000268
0.000232
0.000199
0.000167
0.000141
0.000120
0.000099
0.000079
0.000071
0.000088
0.000123
0.000157
0.000177
0.000180
0.000165
0.000135
0.000099
0.000087
0.000123
0.000202
0.000283
0.000323
0.000312
0.000276
0.000252
0.000260
0.000295
0.000340
0.000387
0.000431
0.000464
0.000466
0.000431
0.000377
0.000331
0.000302
0.000282
0.000266
0.000270
0.000306
0.000364
0.000419
0.000451
0.000463
0.000465
0.000459
0.000438
0.000400
0.000357
0.000329
0.000329
0.000352
0.000381
0.000409
0.000436
0.000454
0.000444
0.000403
0.000353
0.000325
0.000319
0.000304
0.000256
0.000184
0.000120
0.000086
0.000078
0.000072
0.000058
0.000059
0.000100
0.000167
0.000213
0.000215
0.000208
0.000245
0.000329
0.000410
0.000444
0.000437
0.000415
0.000392
0.000366
0.000344
0.000335
0.000334
0.000324
0.000296
0.000260
0.000225
0.000196
0.000173
0.000160
0.000157
0.000158
0.000159
0.000166
0.000191
0.000235
0.000279
0.000301
0.000294
0.000283
0.000300
0.000348
0.000400
0.000431
0.000445
0.000459
0.000480
0.000496
0.000502
0.000498
0.000484
0.000456
0.000417
0.000381
0.000363
0.000366
0.000385
0.000408
0.000416
0.000390
0.000335
0.000274
0.000236
0.000227
0.000242
0.000276
0.000329
0.000389
0.000440
0.000470
0.000478
0.000468
0.000440
0.000404
0.000375
0.000364
0.000369
0.000372
0.000362
0.000342
0.000324
0.000311
0.000295
0.000270
0.000245
0.000229
0.000217
0.000196
0.000164
0.000142
0.000150
0.000179
0.000205
0.000211
0.000208
0.000213
0.000231
0.000251
0.000262
0.000275
0.000303
0.000347
0.000387
0.000404
0.000394
0.000369
0.000344
0.000324
0.000312
0.000314
0.000337
0.000384
0.000447
0.000506
0.000538
0.000533
0.000504
0.000475
0.000456
0.000443
0.000432
0.000426
0.000425
0.000427
0.000433
0.000454
0.000491
0.000530
0.000561
0.000589
0.000616
0.000627
0.000601
0.000540
0.000474
0.000431
0.000421
0.000430
0.000442
0.000440
0.000415
0.000370
0.000318
0.000274
0.000249
0.000243
0.000246
0.000249
0.000248
0.000252
0.000272
0.000312
0.000366
0.000425
0.000471
0.000489
0.000482
0.000470
0.000472
0.000486
0.000495
0.000492
0.000480
0.000465
0.000440
0.000400
0.000346
0.000287
0.000244
0.000237
0.000269
0.000322
0.000370
0.000400
0.000408
0.000390
0.000349
0.000303
0.000280
0.000286
0.000301
0.000306
0.000300
0.000285
0.000261
0.000232
0.000216
0.000223
0.000246
0.000272
0.000300
0.000329
0.000346
0.000334
0.000297
0.000254
0.000217
0.000181
0.000145
0.000117
0.000107
0.000110
0.000119
0.000129
0.000133
0.000121
0.000082
0.000025
-0.000030
-0.000056
-0.000049
-0.000031
-0.000028
-0.000039
-0.000038
-0.000005
0.000044
0.000075
0.000080
0.000079
0.000091
0.000106
0.000109
0.000104
0.000117
0.000156
0.000206
0.000242
0.000250
0.000235
0.000216
0.000216
0.000253
0.000311
0.000350
0.000342
0.000303
0.000274
0.000277
0.000297
0.000310
0.000315
0.000318
0.000314
0.000293
0.000270
0.000271
0.000303
0.000343
0.000368
0.000375
0.000364
0.000322
0.000251
0.000179
0.000148
0.000163
0.000193
0.000209
0.000210
0.000208
0.000211
0.000213
0.000208
0.000194
0.000178
0.000169
0.000174
0.000186
0.000196
0.000195
0.000186
0.000174
0.000156
0.000137
0.000126
0.000134
0.000163
0.000197
0.000216
0.000216
0.000209
0.000208
0.000215
0.000217
0.000213
0.000216
0.000232
0.000254
0.000267
0.000269
0.000266
0.000255
0.000230
0.000196
0.000171
0.000155
0.000136
0.000116
0.000115
0.000144
0.000179
0.000186
0.000153
0.000098
0.000052
0.000033
0.000039
0.000051
0.000051
0.000043
0.000052
0.000093
0.000153
0.000207
0.000254
0.000302
0.000347
0.000371
0.000371
0.000358
0.000346
0.000341
0.000345
0.000358
0.000374
0.000381
0.000376
0.000366
0.000351
0.000321
0.000275
0.000233
0.000220
0.000240
0.000281
0.000325
0.000356
0.000349
0.000288
0.000187
0.000082
0.000006
-0.000037
-0.000067
-0.000098
-0.000117
-0.000104
-0.000058
-0.000005
0.000028
0.000036
0.000039
0.000050
0.000061
0.000059
0.000044
0.000027
0.000019
0.000025
0.000050
0.000093
0.000140
0.000177
0.000201
0.000224
0.000262
0.000310
0.000357
0.000391
0.000408
0.000413
0.000409
0.000396
0.000375
0.000350
0.000336
0.000347
0.000386
0.000434
0.000465
0.000464
0.000426
0.000355
0.000264
0.000188
0.000161
0.000177
0.000195
0.000182
0.000147
0.000123
0.000127
0.000139
0.000140
0.000131
0.000121
0.000110
0.000092
0.000076
0.000076
0.000098
0.000134
0.000175
0.000219
0.000258
0.000276
0.000273
0.000268
0.000282
0.000312
0.000339
0.000345
0.000339
0.000342
0.000360
0.000381
0.000391
0.000392
0.000395
0.000405
0.000418
0.000429
0.000431
0.000419
0.000400
0.000395
0.000422
0.000465
0.000490
0.000478
0.000452
0.000437
0.000429
0.000404
0.000354
0.000298
0.000249
0.000205
0.000160
0.000123
0.000113
0.000136
0.000183
0.000233
0.000263
0.000263
0.000234
0.000192
0.000148
0.000114
0.000105
0.000132
0.000196
0.000276
0.000357
0.000429
0.000484
0.000517
0.000526
0.000524
0.000522
0.000515
0.000493
0.000453
0.000397
0.000324
0.000248
0.000202
0.000218
0.000288
0.000366
0.000405
0.000398
0.000368
0.000343
0.000333
0.000340
0.000358
0.000383
0.000408
0.000421
0.000407
0.000359
0.000292
0.000231
0.000194
0.000176
0.000165
0.000163
0.000178
0.000204
0.000228
0.000240
0.000248
0.000261
0.000287
0.000329
0.000377
0.000402
0.000381
0.000321
0.000265
0.000241
0.000233
0.000208
0.000155
0.000099
0.000068
0.000062
0.000059
0.000048
0.000037
0.000042
0.000076
0.000137
0.000211
0.000279
0.000326
0.000343
0.000332
0.000308
0.000299
0.000327
0.000388
0.000450
0.000480
0.000473
0.000449
0.000421
0.000387
0.000334
0.000269
0.000223
0.000222
0.000260
0.000299
0.000309
0.000295
0.000282
0.000287
0.000297
0.000293
0.000276
0.000256
0.000242
0.000240
0.000258
0.000293
0.000333
0.000353
0.000344
0.000318
0.000289
0.000269
0.000265
0.000283
0.000323
0.000380
0.000442
0.000496
0.000525
0.000520
0.000488
0.000453
0.000434
0.000434
0.000441
0.000448
0.000449
0.000442
0.000430
0.000419
0.000403
0.000366
0.000303
0.000234
0.000185
0.000167
0.000176
0.000211
0.000273
0.000350
0.000416
0.000460
0.000491
0.000524
0.000560
0.000598
0.000635
0.000661
0.000658
0.000623
0.000577
0.000549
0.000540
0.000532
0.000516
0.000496
0.000474
0.000441
0.000396
0.000359
0.000347
0.000355
0.000358
0.000340
0.000303
0.000265
0.000237
0.000223
0.000227
0.000248
0.000284
0.000328
0.000364
0.000381
0.000379
0.000373
0.000376
0.000382
0.000373
0.000338
0.000289
0.000242
0.000208
0.000188
0.000179
0.000179
0.000188
0.000203
0.000222
0.000241
0.000257
0.000271
0.000282
0.000283
0.000264
0.000221
0.000165
0.000114
0.000080
0.000062
0.000057
0.000063
0.000082
0.000111
0.000148
0.000184
0.000211
0.000221
0.000220
0.000218
0.000226
0.000243
0.000248
0.000224
0.000166
0.000096
0.000044
0.000029
0.000046
0.000078
0.000106
0.000121
0.000122
0.000113
0.000103
0.000091
0.000073
0.000053
0.000048
0.000075
0.000120
0.000154
0.000159
0.000141
0.000117
0.000092
0.000067
0.000046
0.000026
0.000001
-0.000037
-0.000074
-0.000084
-0.000050
0.000024
0.000116
0.000203
0.000267
0.000296
0.000295
0.000280
0.000270
0.000273
0.000291
0.000325
0.000372
0.000422
0.000458
0.000460
0.000421
0.000359
0.000303
0.000272
0.000261
0.000244
0.000204
0.000154
0.000128
0.000154
0.000225
0.000301
0.000339
0.000329
0.000293
0.000251
0.000202
0.000135
0.000061
0.000008
-0.000003
0.000025
0.000076
0.000127
0.000158
0.000159
0.000139
0.000121
0.000122
0.000139
0.000164
0.000195
0.000230
0.000269
0.000316
0.000375
0.000434
0.000470
0.000472
0.000452
0.000430
0.000410
0.000383
0.000337
0.000273
0.000201
0.000150
0.000149
0.000193
0.000234
0.000224
0.000172
0.000134
0.000145
0.000194
0.000256
0.000335
0.000436
0.000536
0.000596
0.000596
0.000552
0.000494
0.000443
0.000408
0.000393
0.000387
0.000377
0.000358
0.000341
0.000335
0.000344
0.000367
0.000401
0.000436
0.000456
0.000454
0.000431
0.000391
0.000341
0.000298
0.000290
0.000329
0.000394
0.000449
0.000474
0.000470
0.000448
0.000418
0.000393
0.000382
0.000380
0.000365
0.000327
0.000276
0.000233
0.000203
0.000173
0.000136
0.000100
0.000076
0.000069
0.000077
0.000100
0.000132
0.000157
0.000163
0.000156
0.000156
0.000173
0.000196
0.000207
0.000201
0.000188
0.000180
0.000188
0.000211
0.000242
0.000263
0.000260
0.000244
0.000245
0.000283
0.000347
0.000403
0.000418
0.000391
0.000349
0.000324
0.000324
0.000328
0.000313
0.000289
0.000286
0.000315
0.000343
0.000322
0.000251
0.000174
0.000120
0.000076
0.000015
-0.000060
-0.000111
-0.000107
-0.000054
0.000014
0.000064
0.000075
0.000057
0.000042
0.000064
0.000126
0.000203
0.000270
0.000320
0.000364
0.000407
0.000444
0.000466
0.000464
0.000441
0.000416
0.000411
0.000436
0.000473
0.000502
0.000509
0.000496
0.000467
0.000429
0.000394
0.000369
0.000349
0.000331
0.000325
0.000338
0.000359
0.000357
0.000315
0.000242
0.000166
0.000107
0.000066
0.000049
0.000067
0.000130
0.000227
0.000327
0.000398
0.000429
0.000433
0.000425
0.000405
0.000364
0.000305
0.000245
0.000199
0.000162
0.000122
0.000078
0.000046
0.000038
0.000059
0.000103
0.000162
0.000215
0.000243
0.000248
0.000263
0.000312
0.000384
0.000442
0.000469
0.000473
0.000471
0.000469
0.000464
0.000461
0.000467
0.000480
0.000486
0.000471
0.000429
0.000362
0.000284
0.000208
0.000138
0.000073
0.000018
-0.000011
-0.000004
0.000026
0.000056
0.000072
0.000086
0.000108
0.000140
0.000172
0.000195
0.000204
0.000202
0.000203
0.000221
0.000251
0.000277
0.000296
0.000326
0.000376
0.000418
0.000420
0.000390
0.000376
0.000407
0.000459
0.000483
0.000449
0.000373
0.000293
0.000242
0.000234
0.000251
0.000259
0.000232
0.000172
0.000101
0.000044
0.000020
0.000038
0.000096
0.000169
0.000229
0.000259
0.000265
0.000256
0.000234
0.000201
0.000173
0.000169
0.000193
0.000234
0.000279
0.000320
0.000350
0.000361
0.000345
0.000305
0.000248
0.000191
0.000150
0.000138
0.000158
0.000203
0.000258
0.000307
0.000335
0.000333
0.000302
0.000260
0.000232
0.000232
0.000256
0.000283
0.000299
0.000300
0.000290
0.000278
0.000281
0.000320
0.000394
0.000475
0.000524
0.000520
0.000478
0.000431
0.000403
0.000398
0.000406
0.000416
0.000422
0.000424
0.000427
0.000427
0.000413
0.000379
0.000333
0.000294
0.000275
0.000282
0.000310
0.000348
0.000377
0.000379
0.000349
0.000305
0.000269
0.000253
0.000253
0.000263
0.000276
0.000284
0.000286
0.000288
0.000302
0.000330
0.000362
0.000385
0.000393
0.000386
0.000372
0.000367
0.000382
0.000405
0.000403
0.000360
0.000297
0.000251
0.000237
0.000239
0.000242
0.000249
0.000264
0.000287
0.000316
0.000346
0.000364
0.000346
0.000296
0.000251
0.000244
0.000270
0.000293
0.000304
0.000326
0.000379
0.000445
0.000488
0.000487
0.000455
0.000414
0.000381
0.000362
0.000351
0.000339
0.000324
0.000317
0.000326
0.000346
0.000368
0.000387
0.000402
0.000408
0.000401
0.000389
0.000390
0.000414
0.000456
0.000500
0.000522
0.000508
0.000457
0.000390
0.000337
0.000310
0.000295
0.000276
0.000249
0.000228
0.000223
0.000227
0.000225
0.000208
0.000184
0.000168
0.000169
0.000179
0.000181
0.000179
0.000184
0.000196
0.000193
0.000164
0.000130
0.000123
0.000142
0.000164
0.000171
0.000171
0.000172
0.000164
0.000140
0.000112
0.000101
0.000119
0.000157
0.000195
0.000218
0.000214
0.000191
0.000175
0.000192
0.000243
0.000309
0.000369
0.000411
0.000430
0.000421
0.000386
0.000330
0.000263
0.000193
0.000126
0.000073
0.000047
0.000045
0.000056
0.000069
0.000083
0.000107
0.000135
0.000144
0.000120
0.000079
0.000060
0.000078
0.000108
0.000124
0.000140
0.000194
0.000290
0.000385
0.000444
0.000470
0.000488
0.000498
0.000484
0.000451
0.000427
0.000429
0.000443
0.000453
0.000463
0.000483
0.000506
0.000512
0.000488
0.000440
0.000382
0.000326
0.000286
0.000270
0.000274
0.000283
0.000284
0.000268
0.000231
0.000188
0.000172
0.000220
0.000331
0.000459
0.000555
0.000600
0.000606
0.000578
0.000520
0.000450
0.000403
0.000394
0.000398
0.000385
0.000356
0.000335
0.000337
0.000347
0.000355
0.000363
0.000375
0.000382
0.000372
0.000353
0.000338
0.000336
0.000344
0.000358
0.000373
0.000381
0.000379
0.000367
0.000354
0.000338
0.000319
0.000306
0.000313
0.000342
0.000380
0.000418
0.000464
0.000522
0.000569
0.000582
0.000570
0.000565
0.000575
0.000569
0.000519
0.000441
0.000371
0.000326
0.000289
0.000248
0.000219
0.000216
0.000232
0.000258
0.000301
0.000365
0.000430
0.000463
0.000453
0.000424
0.000406
0.000404
0.000408
0.000406
0.000389
0.000360
0.000331
0.000322
0.000335
0.000346
0.000330
0.000286
0.000244
0.000235
0.000264
0.000305
0.000332
0.000342
0.000348
0.000359
0.000371
0.000387
0.000416
0.000456
0.000480
0.000461
0.000418
0.000396
0.000416
0.000451
0.000462
0.000448
0.000431
0.000421
0.000407
0.000387
0.000379
0.000394
0.000425
0.000452
0.000468
0.000474
0.000476
0.000472
0.000460
0.000440
0.000421
0.000410
0.000406
0.000399
0.000382
0.000366
0.000355
0.000340
0.000303
0.000250
0.000208
0.000191
0.000187
0.000171
0.000141
0.000110
0.000091
0.000084
0.000100
0.000151
0.000240
0.000339
0.000412
0.000441
0.000442
0.000448
0.000479
0.000526
0.000568
0.000591
0.000594
0.000581
0.000554
0.000516
0.000474
0.000435
0.000396
0.000354
0.000316
0.000302
0.000320
0.000362
0.000406
0.000433
0.000435
0.000422
0.000408
0.000405
0.000410
0.000402
0.000370
0.000328
0.000310
0.000333
0.000380
0.000424
0.000455
0.000485
0.000523
0.000558
0.000584
0.000612
0.000655
0.000708
0.000741
0.000736
0.000696
0.000636
0.000572
0.000505
0.000436
0.000364
0.000297
0.000251
0.000242
0.000270
0.000315
0.000357
0.000381
0.000390
0.000391
0.000388
0.000382
0.000372
0.000358
0.000342
0.000321
0.000293
0.000259
0.000224
0.000190
0.000158
0.000128
0.000112
0.000125
0.000168
0.000224
0.000271
0.000294
0.000297
0.000292
0.000296
0.000315
0.000343
0.000373
0.000406
0.000444
0.000486
0.000521
0.000544
0.000554
0.000550
0.000536
0.000524
0.000520
0.000513
0.000488
0.000452
0.000426
0.000417
0.000409
0.000389
0.000367
0.000354
0.000347
0.000341
0.000341
0.000345
0.000339
0.000309
0.000274
0.000268
0.000302
0.000345
0.000360
0.000335
0.000287
0.000243
0.000220
0.000219
0.000226
0.000222
0.000207
0.000194
0.000197
0.000220
0.000250
0.000267
0.000255
0.000222
0.000191
0.000180
0.000190
0.000214
0.000245
0.000273
0.000280
0.000261
0.000234
0.000220
0.000210
0.000178
0.000126
0.000088
0.000094
0.000133
0.000174
0.000209
0.000257
0.000332
0.000415
0.000462
0.000441
0.000365
0.000289
0.000262
0.000282
0.000304
0.000296
0.000276
0.000287
0.000343
0.000411
0.000449
0.000442
0.000412
0.000389
0.000386
0.000396
0.000406
0.000414
0.000427
0.000442
0.000439
0.000402
0.000336
0.000265
0.000208
0.000172
0.000151
0.000139
0.000129
0.000107
0.000062
-0.000000
-0.000045
-0.000038
0.000026
0.000115
0.000191
0.000238
0.000265
0.000287
0.000308
0.000334
0.000366
0.000396
0.000416
0.000432
0.000453
0.000475
0.000476
0.000450
0.000415
0.000395
0.000391
0.000384
0.000363
0.000331
0.000300
0.000277
0.000261
0.000247
0.000228
0.000201
0.000178
0.000169
0.000174
0.000171
0.000138
0.000077
0.000019
0.000007
0.000059
0.000156
0.000260
0.000343
0.000394
0.000408
0.000388
0.000357
0.000339
0.000332
0.000313
0.000270
0.000228
0.000204
0.000182
0.000139
0.000086
0.000060
0.000077
0.000118
0.000160
0.000193
0.000213
0.000225
0.000241
0.000268
0.000288
0.000279
0.000249
0.000237
0.000263
0.000304
0.000333
0.000349
0.000369
0.000395
0.000417
0.000431
0.000438
0.000435
0.000414
0.000370
0.000313
0.000260
0.000240
0.000274
0.000357
0.000451
0.000513
0.000534
0.000534
0.000532
0.000531
0.000520
0.000492
0.000452
0.000420
0.000417
0.000449
0.000496
0.000535
0.000562
0.000581
0.000585
0.000563
0.000513
0.000453
0.000401
0.000358
0.000320
0.000289
0.000275
0.000291
0.000340
0.000407
0.000460
0.000478
0.000471
0.000461
0.000455
0.000438
0.000403
0.000368
0.000356
0.000371
0.000395
0.000408
0.000410
0.000418
0.000455
0.000526
0.000608
0.000673
0.000704
0.000704
0.000679
0.000641
0.000605
0.000583
0.000568
0.000543
0.000506
0.000471
0.000448
0.000428
0.000404
0.000385
0.000391
0.000416
0.000435
0.000429
0.000409
0.000388
0.000365
0.000330
0.000294
0.000278
0.000280
0.000265
0.000201
0.000110
0.000048
0.000044
0.000073
0.000097
0.000111
0.000132
0.000160
0.000173
0.000169
0.000164
0.000173
0.000181
0.000174
0.000164
0.000172
0.000203
0.000238
0.000264
0.000283
0.000299
0.000313
0.000318
0.000309
0.000292
0.000277
0.000274
0.000276
0.000263
0.000229
0.000195
0.000191
0.000222
0.000266
0.000298
0.000306
0.000292
0.000269
0.000255
0.000266
0.000298
0.000331
0.000357
0.000375
0.000384
0.000377
0.000356
0.000334
0.000324
0.000325
0.000342
0.000381
0.000438
0.000487
0.000502
0.000490
0.000470
0.000447
0.000405
0.000334
0.000251
0.000184
0.000153
0.000159
0.000194
0.000241
0.000283
0.000309
0.000314
0.000304
0.000289
0.000284
0.000298
0.000323
0.000335
0.000317
0.000269
0.000207
0.000155
0.000137
0.000153
0.000184
0.000205
0.000217
0.000239
0.000281
0.000327
0.000352
0.000352
0.000334
0.000309
0.000281
0.000258
0.000251
0.000260
0.000272
0.000278
0.000283
0.000305
0.000353
0.000414
0.000473
0.000523
0.000568
0.000601
0.000604
0.000577
0.000547
0.000546
0.000571
0.000602
0.000627
0.000653
0.000677
0.000679
0.000652
0.000619
0.000605
0.000606
0.000598
0.000570
0.000534
0.000501
0.000476
0.000458
0.000451
0.000456
0.000468
0.000484
0.000497
0.000498
0.000474
0.000422
0.000351
0.000273
0.000204
0.000154
0.000128
0.000119
0.000117
0.000118
0.000117
0.000106
0.000086
0.000081
0.000111
0.000163
0.000206
0.000224
0.000231
0.000241
0.000249
0.000244
0.000224
0.000198
0.000177
0.000175
0.000211
0.000282
0.000358
0.000406
0.000419
0.000410
0.000393
0.000371
0.000348
0.000326
0.000295
0.000248
0.000194
0.000155
0.000139
0.000133
0.000127
0.000130
0.000158
0.000206
0.000254
0.000285
0.000301
0.000313
0.000325
0.000337
0.000351
0.000365
0.000372
0.000357
0.000323
0.000292
0.000282
0.000288
0.000289
0.000274
0.000250
0.000231
0.000219
0.000217
0.000235
0.000273
0.000305
0.000310
0.000292
0.000274
0.000270
0.000277
0.000293
0.000319
0.000341
0.000334
0.000296
0.000252
0.000235
0.000251
0.000283
0.000313
0.000326
0.000312
0.000275
0.000237
0.000232
0.000268
0.000323
0.000371
0.000405
0.000437
0.000469
0.000479
0.000446
0.000383
0.000324
0.000294
0.000276
0.000245
0.000199
0.000162
0.000157
0.000187
0.000247
0.000331
0.000421
0.000493
0.000538
0.000566
0.000591
0.000597
0.000555
0.000450
0.000302
0.000151
0.000042
-0.000001
0.000010
0.000035
0.000041
0.000027
0.000014
0.000019
0.000043
0.000077
0.000111
0.000133
0.000144
0.000165
0.000219
0.000302
0.000384
0.000443
0.000482
0.000512
0.000532
0.000533
0.000516
0.000487
0.000448
0.000399
0.000352
0.000319
0.000307
0.000308
0.000319
0.000342
0.000373
0.000402
0.000420
0.000427
0.000424
0.000404
0.000361
0.000306
0.000258
0.000232
0.000226
0.000232
0.000249
0.000273
0.000295
0.000304
0.000299
0.000289
0.000280
0.000278
0.000285
0.000304
0.000327
0.000339
0.000328
0.000296
0.000251
0.000203
0.000159
0.000133
0.000131
0.000150
0.000176
0.000202
0.000226
0.000245
0.000255
0.000265
0.000288
0.000324
0.000356
0.000374
0.000385
0.000395
0.000394
0.000364
0.000315
0.000272
0.000247
0.000228
0.000204
0.000182
0.000167
0.000148
0.000120
0.000099
0.000106
0.000133
0.000164
0.000196
0.000237
0.000287
0.000327
0.000352
0.000377
0.000414
0.000454
0.000478
0.000484
0.000484
0.000488
0.000492
0.000491
0.000482
0.000470
0.000456
0.000435
0.000396
0.000339
0.000284
0.000250
0.000235
0.000219
0.000196
0.000181
0.000185
0.000193
0.000194
0.000192
0.000196
0.000201
0.000193
0.000173
0.000147
0.000119
0.000090
0.000083
0.000119
0.000194
0.000281
0.000354
0.000404
0.000425
0.000423
0.000418
0.000436
0.000465
0.000471
0.000444
0.000411
0.000400
0.000407
0.000407
0.000392
0.000366
0.000330
0.000285
0.000242
0.000218
0.000222
0.000251
0.000289
0.000316
0.000307
0.000263
0.000214
0.000196
0.000220
0.000268
0.000316
0.000350
0.000372
0.000384
0.000381
0.000345
0.000264
0.000161
0.000084
0.000055
0.000050
0.000037
0.000023
0.000034
0.000067
0.000091
0.000098
0.000109
0.000135
0.000157
0.000160
0.000162
0.000189
0.000237
0.000283
0.000322
0.000364
0.000413
0.000464
0.000513
0.000555
0.000574
0.000554
0.000498
0.000427
0.000365
0.000321
0.000300
0.000300
0.000318
0.000340
0.000355
0.000361
0.000363
0.000368
0.000377
0.000394
0.000420
0.000456
0.000491
0.000512
0.000510
0.000488
0.000455
0.000420
0.000391
0.000382
0.000403
0.000446
0.000482
0.000489
0.000467
0.000438
0.000423
0.000422
0.000425
0.000427
0.000426
0.000421
0.000408
0.000386
0.000362
0.000343
0.000328
0.000309
0.000284
0.000258
0.000238
0.000223
0.000212
0.000212
0.000229
0.000265
0.000320
0.000391
0.000462
0.000508
0.000517
0.000498
0.000472
0.000450
0.000431
0.000410
0.000392
0.000380
0.000378
0.000391
0.000414
0.000437
0.000455
0.000481
0.000521
0.000552
0.000539
0.000477
0.000402
0.000347
0.000318
0.000311
0.000334
0.000382
0.000425
0.000428
0.000388
0.000333
0.000284
0.000255
0.000248
0.000259
0.000266
0.000249
0.000210
0.000175
0.000157
0.000144
0.000123
0.000105
0.000113
0.000152
0.000195
0.000209
0.000197
0.000192
0.000225
0.000285
0.000332
0.000345
0.000336
0.000329
0.000323
0.000313
0.000309
0.000319
0.000337
0.000347
0.000356
0.000382
0.000419
0.000446
0.000450
0.000442
0.000432
0.000416
0.000394
0.000380
0.000378
0.000377
0.000368
0.000360
0.000365
0.000380
0.000392
0.000398
0.000400
0.000403
0.000411
0.000435
0.000475
0.000510
0.000516
0.000496
0.000474
0.000471
0.000475
0.000460
0.000411
0.000337
0.000258
0.000199
0.000168
0.000164
0.000180
0.000217
0.000277
0.000358
0.000444
0.000521
0.000585
0.000629
0.000645
0.000624
0.000577
0.000526
0.000490
0.000473
0.000463
0.000450
0.000436
0.000434
0.000450
0.000471
0.000471
0.000435
0.000377
0.000325
0.000297
0.000283
0.000267
0.000251
0.000247
0.000249
0.000242
0.000227
0.000225
0.000255
0.000304
0.000347
0.000375
0.000395
0.000404
0.000392
0.000358
0.000316
0.000280
0.000251
0.000225
0.000201
0.000179
0.000162
0.000165
0.000199
0.000246
0.000268
0.000239
0.000171
0.000093
0.000030
-0.000010
-0.000018
0.000009
0.000059
0.000107
0.000138
0.000144
0.000130
0.000106
0.000083
0.000071
0.000077
0.000107
0.000165
0.000237
0.000296
0.000323
0.000324
0.000317
0.000315
0.000316
0.000314
0.000307
0.000294
0.000285
0.000296
0.000330
0.000369
0.000391
0.000400
0.000409
0.000422
0.000428
0.000426
0.000421
0.000419
0.000420
0.000430
0.000460
0.000500
0.000520
0.000500
0.000459
0.000428
0.000420
0.000425
0.000426
0.000411
0.000378
0.000335
0.000301
0.000287
0.000284
0.000277
0.000269
0.000278
0.000301
0.000312
0.000296
0.000272
0.000276
0.000323
0.000393
0.000451
0.000474
0.000466
0.000451
0.000453
0.000477
0.000502
0.000498
0.000457
0.000397
0.000348
0.000313
0.000274
0.000213
0.000137
0.000067
0.000026
0.000021
0.000045
0.000085
0.000126
0.000160
0.000189
0.000219
0.000247
0.000263
0.000263
0.000252
0.000236
0.000218
0.000203
0.000196
0.000201
0.000211
0.000220
0.000219
0.000208
0.000192
0.000186
0.000200
0.000229
0.000258
0.000276
0.000286
0.000293
0.000303
0.000320
0.000346
0.000369
0.000366
0.000333
0.000293
0.000279
0.000292
0.000311
0.000322
0.000327
0.000337
0.000355
0.000381
0.000416
0.000450
0.000463
0.000447
0.000415
0.000382
0.000345
0.000294
0.000236
0.000199
0.000207
0.000255
0.000318
0.000370
0.000404
0.000428
0.000449
0.000473
0.000496
0.000518
0.000541
0.000562
0.000569
0.000558
0.000544
0.000545
0.000562
0.000577
0.000575
0.000560
0.000551
0.000559
0.000583
0.000614
0.000635
0.000637
0.000629
0.000629
0.000643
0.000657
0.000648
0.000616
0.000570
0.000518
0.000451
0.000369
0.000292
0.000244
0.000238
0.000262
0.000290
0.000301
0.000297
0.000296
0.000313
0.000346
0.000378
0.000400
0.000417
0.000432
0.000445
0.000455
0.000460
0.000455
0.000436
0.000406
0.000376
0.000353
0.000331
0.000307
0.000283
0.000263
0.000249
0.000244
0.000260
0.000297
0.000346
0.000388
0.000411
0.000408
0.000379
0.000342
0.000326
0.000351
0.000401
0.000442
0.000454
0.000440
0.000416
0.000391
0.000363
0.000327
0.000279
0.000235
0.000207
0.000194
0.000181
0.000177
0.000213
0.000306
0.000419
0.000489
0.000497
0.000468
0.000433
0.000391
0.000337
0.000284
0.000250
0.000238
0.000235
0.000235
0.000240
0.000248
0.000257
0.000265
0.000273
0.000277
0.000285
0.000312
0.000359
0.000405
0.000433
0.000455
0.000493
0.000546
0.000592
0.000615
0.000615
0.000598
0.000562
0.000519
0.000489
0.000481
0.000482
0.000478
0.000470
0.000472
0.000484
0.000490
0.000478
0.000452
0.000429
0.000425
0.000441
0.000462
0.000461
0.000422
0.000353
0.000299
0.000299
0.000355
0.000422
0.000457
0.000453
0.000437
0.000420
0.000393
0.000357
0.000335
0.000345
0.000374
0.000396
0.000407
0.000420
0.000434
0.000433
0.000411
0.000378
0.000343
0.000306
0.000275
0.000270
0.000304
0.000359
0.000397
0.000394
0.000350
0.000288
0.000233
0.000193
0.000162
0.000132
0.000114
0.000129
0.000183
0.000259
0.000327
0.000365
0.000374
0.000369
0.000371
0.000385
0.000391
0.000370
0.000328
0.000295
0.000295
0.000324
0.000366
0.000406
0.000426
0.000407
0.000358
0.000320
0.000320
0.000334
0.000321
0.000279
0.000240
0.000225
0.000215
0.000188
0.000146
0.000108
0.000084
0.000071
0.000058
0.000039
0.000012
-0.000007
0.000003
0.000044
0.000090
0.000119
0.000142
0.000184
0.000242
0.000289
0.000304
0.000295
0.000283
0.000285
0.000305
0.000336
0.000361
0.000372
0.000384
0.000415
0.000463
0.000501
0.000507
0.000487
0.000457
0.000429
0.000414
0.000430
0.000477
0.000528
0.000547
0.000521
0.000461
0.000384
0.000303
0.000238
0.000204
0.000204
0.000220
0.000243
0.000280
0.000341
0.000412
0.000468
0.000494
0.000497
0.000490
0.000480
0.000465
0.000442
0.000421
0.000423
0.000456
0.000505
0.000543
0.000558
0.000555
0.000541
0.000513
0.000471
0.000428
0.000401
0.000392
0.000399
0.000419
0.000451
0.000478
0.000486
0.000478
0.000465
0.000450
0.000426
0.000386
0.000340
0.000310
0.000310
0.000344
0.000399
0.000453
0.000493
0.000526
0.000567
0.000614
0.000639
0.000615
0.000550
0.000475
0.000416
0.000382
0.000365
0.000354
0.000338
0.000310
0.000271
0.000230
0.000195
0.000168
0.000153
0.000157
0.000188
0.000236
0.000281
0.000310
0.000325
0.000342
0.000360
0.000364
0.000345
0.000308
0.000267
0.000233
0.000212
0.000215
0.000246
0.000292
0.000329
0.000343
0.000334
0.000311
0.000282
0.000259
0.000248
0.000246
0.000240
0.000223
0.000209
0.000217
0.000248
0.000288
0.000316
0.000323
0.000311
0.000297
0.000295
0.000307
0.000318
0.000321
0.000320
0.000323
0.000321
0.000302
0.000268
0.000240
0.000235
0.000254
0.000291
0.000330
0.000358
0.000360
0.000336
0.000292
0.000241
0.000190
0.000148
0.000126
0.000132
0.000159
0.000186
0.000199
0.000202
0.000211
0.000242
0.000289
0.000331
0.000351
0.000347
0.000327
0.000303
0.000274
0.000230
0.000169
0.000103
0.000064
0.000076
0.000134
0.000209
0.000276
0.000328
0.000371
0.000403
0.000422
0.000435
0.000451
0.000468
0.000469
0.000448
0.000416
0.000389
0.000367
0.000336
0.000292
0.000251
0.000234
0.000242
0.000256
0.000264
0.000270
0.000285
0.000303
0.000313
0.000309
0.000301
0.000291
0.000268
0.000220
0.000157
0.000097
0.000059
0.000055
0.000082
0.000127
0.000170
0.000210
0.000258
0.000321
0.000380
0.000414
0.000424
0.000427
0.000429
0.000412
0.000368
0.000311
0.000264
0.000235
0.000217
0.000207
0.000214
0.000245
0.000300
0.000363
0.000415
0.000447
0.000469
0.000489
0.000500
0.000483
0.000430
0.000357
0.000292
0.000252
0.000241
0.000252
0.000274
0.000297
0.000312
0.000322
0.000331
0.000339
0.000341
0.000333
0.000311
0.000281
0.000257
0.000254
0.000264
0.000268
0.000250
0.000224
0.000217
0.000245
0.000297
0.000350
0.000388
0.000409
0.000417
0.000419
0.000411
0.000379
0.000313
0.000225
0.000146
0.000101
0.000087
0.000086
0.000092
0.000111
0.000153
0.000204
0.000243
0.000266
0.000288
0.000314
0.000333
0.000335
0.000335
0.000350
0.000369
0.000367
0.000346
0.000333
0.000343
0.000361
0.000368
0.000364
0.000358
0.000347
0.000325
0.000300
0.000279
0.000256
0.000226
0.000212
0.000253
0.000353
0.000467
0.000539
0.000549
0.000520
0.000480
0.000441
0.000402
0.000361
0.000322
0.000301
0.000311
0.000353
0.000409
0.000459
0.000492
0.000508
0.000514
0.000518
0.000527
0.000543
0.000552
0.000533
0.000476
0.000400
0.000346
0.000349
0.000408
0.000490
0.000559
0.000604
0.000623
0.000615
0.000588
0.000560
0.000547
0.000540
0.000515
0.000468
0.000419
0.000390
0.000383
0.000395
0.000423
0.000453
0.000464
0.000447
0.000415
0.000386
0.000365
0.000356
0.000373
0.000424
0.000493
0.000550
0.000576
0.000576
0.000558
0.000529
0.000498
0.000482
0.000477
0.000458
0.000409
0.000345
0.000307
0.000316
0.000359
0.000411
0.000459
0.000503
0.000540
0.000553
0.000533
0.000490
0.000447
0.000418
0.000408
0.000416
0.000435
0.000448
0.000441
0.000419
0.000408
0.000411
0.000407
0.000378
0.000344
0.000340
0.000363
0.000383
0.000381
0.000372
0.000374
0.000373
0.000350
0.000316
0.000298
0.000307
0.000329
0.000350
0.000361
0.000360
0.000346
0.000326
0.000316
0.000318
0.000327
0.000338
0.000349
0.000353
0.000340
0.000312
0.000289
0.000278
0.000269
0.000245
0.000208
0.000175
0.000158
0.000158
0.000166
0.000164
0.000135
0.000086
0.000049
0.000056
0.000099
0.000152
0.000202
0.000255
0.000305
0.000328
0.000311
0.000272
0.000230
0.000180
0.000112
0.000051
0.000033
0.000066
0.000117
0.000153
0.000178
0.000217
0.000280
0.000349
0.000404
0.000446
0.000484
0.000512
0.000515
0.000486
0.000439
0.000395
0.000353
0.000303
0.000258
0.000252
0.000298
0.000364
0.000401
0.000394
0.000358
0.000314
0.000269
0.000237
0.000236
0.000261
0.000282
0.000282
0.000278
0.000292
0.000315
0.000324
0.000314
0.000305
0.000307
0.000305
0.000284
0.000249
0.000223
0.000222
0.000240
0.000257
0.000251
0.000219
0.000181
0.000164
0.000183
0.000237
0.000308
0.000375
0.000421
0.000449
0.000471
0.000489
0.000488
0.000463
0.000436
0.000430
0.000437
0.000430
0.000398
0.000355
0.000312
0.000264
0.000217
0.000190
0.000182
0.000162
0.000111
0.000060
0.000061
0.000121
0.000194
0.000236
0.000249
0.000265
0.000298
0.000335
0.000361
0.000375
0.000384
0.000394
0.000403
0.000410
0.000409
0.000396
0.000363
0.000313
0.000264
0.000245
0.000268
0.000318
0.000361
0.000376
0.000363
0.000338
0.000309
0.000277
0.000235
0.000181
0.000124
0.000081
0.000065
0.000071
0.000089
0.000115
0.000152
0.000191
0.000216
0.000226
0.000238
0.000260
0.000286
0.000312
0.000344
0.000380
0.000406
0.000402
0.000374
0.000349
0.000345
0.000354
0.000358
0.000347
0.000327
0.000318
0.000328
0.000349
0.000360
0.000354
0.000346
0.000354
0.000376
0.000390
0.000377
0.000334
0.000277
0.000234
0.000235
0.000281
0.000341
0.000375
0.000372
0.000355
0.000339
0.000321
0.000296
0.000283
0.000298
0.000327
0.000336
0.000318
0.000300
0.000312
0.000354
0.000402
0.000428
0.000418
0.000375
0.000310
0.000245
0.000201
0.000181
0.000166
0.000140
0.000105
0.000083
0.000085
0.000103
0.000122
0.000141
0.000168
0.000199
0.000223
0.000234
0.000243
0.000266
0.000316
0.000383
0.000443
0.000471
0.000462
0.000436
0.000416
0.000403
0.000379
0.000334
0.000281
0.000238
0.000205
0.000175
0.000149
0.000139
0.000153
0.000194
0.000252
0.000311
0.000362
0.000407
0.000457
0.000511
0.000547
0.000555
0.000546
0.000544
0.000553
0.000568
0.000586
0.000611
0.000632
0.000628
0.000594
0.000543
0.000492
0.000443
0.000387
0.000325
0.000269
0.000231
0.000219
0.000235
0.000281
0.000350
0.000430
0.000493
0.000511
0.000469
0.000383
0.000288
0.000216
0.000178
0.000162
0.000153
0.000136
0.000116
0.000103
0.000106
0.000114
0.000116
0.000111
0.000108
0.000112
0.000122
0.000141
0.000171
0.000208
0.000232
0.000232
0.000216
0.000198
0.000186
0.000175
0.000167
0.000170
0.000191
0.000222
0.000247
0.000248
0.000229
0.000210
0.000205
0.000210
0.000207
0.000200
0.000206
0.000232
0.000256
0.000253
0.000222
0.000187
0.000163
0.000148
0.000139
0.000144
0.000173
0.000218
0.000258
0.000277
0.000270
0.000244
0.000206
0.000161
0.000105
0.000033
-0.000048
-0.000124
-0.000174
-0.000188
-0.000166
-0.000121
-0.000069
-0.000030
-0.000012
-0.000001
0.000026
0.000081
0.000148
0.000204
0.000239
0.000254
0.000249
0.000218
0.000170
0.000130
0.000114
0.000111
0.000106
0.000105
0.000123
0.000158
0.000190
0.000212
0.000234
0.000261
0.000281
0.000289
0.000298
0.000327
0.000371
0.000405
0.000413
0.000383
0.000314
0.000221
0.000142
0.000104
0.000108
0.000132
0.000168
0.000223
0.000299
0.000377
0.000433
0.000458
0.000452
0.000427
0.000404
0.000395
0.000396
0.000390
0.000364
0.000325
0.000294
0.000285
0.000304
0.000352
0.000430
0.000529
0.000627
0.000691
0.000694
0.000637
0.000551
0.000469
0.000402
0.000344
0.000296
0.000262
0.000237
0.000213
0.000186
0.000167
0.000161
0.000172
0.000197
0.000232
0.000260
0.000266
0.000258
0.000251
0.000248
0.000237
0.000219
0.000213
0.000230
0.000263
0.000290
0.000299
0.000285
0.000257
0.000236
0.000241
0.000268
0.000290
0.000295
0.000297
0.000310
0.000321
0.000307
0.000268
0.000219
0.000172
0.000130
0.000100
0.000089
0.000103
0.000140
0.000196
0.000253
0.000287
0.000293
0.000295
0.000322
0.000370
0.000405
0.000410
0.000402
0.000413
0.000458
0.000523
0.000583
0.000621
0.000634
0.000621
0.000582
0.000518
0.000449
0.000401
0.000378
0.000362
0.000341
0.000329
0.000337
0.000350
0.000343
0.000319
0.000299
0.000288
0.000270
0.000237
0.000202
0.000179
0.000168
0.000165
0.000168
0.000169
0.000164
0.000162
0.000187
0.000241
0.000294
0.000317
0.000313
0.000311
0.000332
0.000376
0.000430
0.000476
0.000498
0.000497
0.000497
0.000514
0.000537
0.000544
0.000530
0.000508
0.000492
0.000484
0.000486
0.000497
0.000509
0.000503
0.000467
0.000406
0.000339
0.000293
0.000284
0.000311
0.000356
0.000402
0.000443
0.000483
0.000521
0.000547
0.000552
0.000540
0.000527
0.000523
0.000523
0.000511
0.000480
0.000437
0.000399
0.000375
0.000355
0.000336
0.000327
0.000338
0.000363
0.000390
0.000411
0.000426
0.000433
0.000431
0.000424
0.000418
0.000406
0.000376
0.000330
0.000284
0.000257
0.000253
0.000266
0.000285
0.000301
0.000314
0.000334
0.000377
0.000442
0.000506
0.000549
0.000572
0.000584
0.000589
0.000583
0.000567
0.000555
0.000551
0.000548
0.000534
0.000503
0.000466
0.000437
0.000429
0.000445
0.000474
0.000504
0.000530
0.000555
0.000580
0.000593
0.000582
0.000556
0.000542
0.000559
0.000597
0.000634
0.000657
0.000663
0.000645
0.000593
0.000512
0.000427
0.000355
0.000293
0.000235
0.000197
0.000205
0.000262
0.000337
0.000407
0.000474
0.000550
0.000625
0.000665
0.000646
0.000572
0.000471
0.000383
0.000333
0.000321
0.000324
0.000326
0.000327
0.000338
0.000360
0.000382
0.000397
0.000416
0.000451
0.000502
0.000551
0.000583
0.000589
0.000572
0.000544
0.000517
0.000488
0.000440
0.000363
0.000271
0.000198
0.000164
0.000160
0.000169
0.000190
0.000238
0.000324
0.000435
0.000540
0.000607
0.000624
0.000598
0.000548
0.000503
0.000482
0.000485
0.000492
0.000484
0.000459
0.000433
0.000409
0.000378
0.000340
0.000316
0.000336
0.000397
0.000461
0.000490
0.000480
0.000451
0.000424
0.000408
0.000408
0.000435
0.000488
0.000541
0.000558
0.000522
0.000445
0.000356
0.000280
0.000228
0.000206
0.000212
0.000234
0.000253
0.000255
0.000243
0.000230
0.000227
0.000241
0.000277
0.000339
0.000414
0.000477
0.000508
0.000509
0.000501
0.000505
0.000524
0.000547
0.000562
0.000570
0.000582
0.000601
0.000612
0.000600
0.000566
0.000529
0.000502
0.000475
0.000439
0.000396
0.000353
0.000303
0.000249
0.000215
0.000224
0.000269
0.000306
0.000308
0.000284
0.000268
0.000281
0.000317
0.000354
0.000369
0.000355
0.000330
0.000314
0.000306
0.000293
0.000279
0.000284
0.000308
0.000325
0.000317
0.000304
0.000320
0.000370
0.000431
0.000482
0.000512
0.000515
0.000493
0.000466
0.000463
0.000487
0.000510
0.000508
0.000482
0.000454
0.000435
0.000428
0.000432
0.000441
0.000445
0.000434
0.000409
0.000383
0.000365
0.000353
0.000336
0.000311
0.000287
0.000284
0.000306
0.000336
0.000348
0.000332
0.000299
0.000272
0.000270
0.000297
0.000337
0.000367
0.000378
0.000384
0.000404
0.000432
0.000450
0.000451
0.000447
0.000452
0.000468
0.000491
0.000520
0.000551
0.000574
0.000582
0.000565
0.000510
0.000412
0.000288
0.000179
0.000117
0.000098
0.000103
0.000121
0.000150
0.000184
0.000212
0.000232
0.000250
0.000269
0.000286
0.000302
0.000316
0.000327
0.000334
0.000342
0.000362
0.000399
0.000444
0.000489
0.000526
0.000548
0.000547
0.000528
0.000508
0.000500
0.000502
0.000492
0.000452
0.000379
0.000297
0.000237
0.000215
0.000218
0.000231
0.000251
0.000285
0.000331
0.000380
0.000426
0.000475
0.000527
0.000571
0.000593
0.000587
0.000553
0.000499
0.000444
0.000420
0.000443
0.000505
0.000585
0.000667
0.000741
0.000788
0.000792
0.000753
0.000692
0.000634
0.000593
0.000567
0.000545
0.000512
0.000461
0.000404
0.000363
0.000350
0.000358
0.000368
0.000365
0.000350
0.000334
0.000332
0.000348
0.000366
0.000370
0.000355
0.000333
0.000305
0.000265
0.000215
0.000174
0.000156
0.000146
0.000126
0.000104
0.000107
0.000137
0.000166
0.000172
0.000168
0.000171
0.000180
0.000187
0.000192
0.000207
0.000228
0.000251
0.000280
0.000315
0.000335
0.000304
0.000225
0.000149
0.000133
0.000185
0.000272
0.000355
0.000415
0.000454
0.000474
0.000473
0.000450
0.000412
0.000376
0.000348
0.000319
0.000276
0.000223
0.000180
0.000155
0.000148
0.000156
0.000185
0.000230
0.000273
0.000303
0.000326
0.000351
0.000374
0.000384
0.000383
0.000386
0.000400
0.000417
0.000424
0.000415
0.000395
0.000376
0.000367
0.000359
0.000344
0.000326
0.000317
0.000315
0.000299
0.000266
0.000239
0.000246
0.000282
0.000327
0.000368
0.000409
0.000448
0.000473
0.000484
0.000489
0.000488
0.000470
0.000430
0.000386
0.000359
0.000348
0.000334
0.000299
0.000247
0.000198
0.000177
0.000186
0.000204
0.000207
0.000195
0.000179
0.000172
0.000181
0.000212
0.000259
0.000299
0.000312
0.000305
0.000295
0.000282
0.000262
0.000247
0.000262
0.000302
0.000335
0.000346
0.000354
0.000377
0.000403
0.000408
0.000396
0.000385
0.000371
0.000341
0.000298
0.000259
0.000235
0.000217
0.000192
0.000165
0.000147
0.000143
0.000152
0.000172
0.000201
0.000243
0.000299
0.000357
0.000395
0.000402
0.000390
0.000383
0.000389
0.000393
0.000373
0.000321
0.000253
0.000201
0.000200
0.000249
0.000311
0.000338
0.000313
0.000252
0.000189
0.000153
0.000159
0.000199
0.000253
0.000311
0.000376
0.000445
0.000495
0.000505
0.000483
0.000456
0.000442
0.000441
0.000452
0.000477
0.000503
0.000510
0.000494
0.000467
0.000439
0.000404
0.000362
0.000324
0.000310
0.000327
0.000377
0.000443
0.000491
0.000499
0.000486
0.000492
0.000533
0.000581
0.000609
0.000625
0.000646
0.000665
0.000658
0.000616
0.000558
0.000505
0.000468
0.000453
0.000466
0.000504
0.000552
0.000590
0.000605
0.000587
0.000541
0.000488
0.000457
0.000459
0.000477
0.000481
0.000460
0.000425
0.000396
0.000379
0.000365
0.000340
0.000311
0.000294
0.000296
0.000302
0.000295
0.000276
0.000264
0.000269
0.000287
0.000310
0.000336
0.000366
0.000395
0.000412
0.000411
0.000396
0.000375
0.000359
0.000353
0.000351
0.000341
0.000314
0.000274
0.000243
0.000242
0.000271
0.000300
0.000302
0.000280
0.000266
0.000286
0.000335
0.000392
0.000442
0.000483
0.000512
0.000524
0.000521
0.000516
0.000515
0.000505
0.000475
0.000428
0.000384
0.000354
0.000341
0.000335
0.000330
0.000317
0.000290
0.000250
0.000207
0.000179
0.000173
0.000181
0.000183
0.000175
0.000174
0.000196
0.000239
0.000281
0.000308
0.000322
0.000326
0.000320
0.000309
0.000306
0.000323
0.000351
0.000377
0.000391
0.000390
0.000366
0.000325
0.000286
0.000267
0.000263
0.000253
0.000235
0.000229
0.000247
0.000273
0.000292
0.000310
0.000345
0.000399
0.000458
0.000506
0.000539
0.000548
0.000528
0.000488
0.000455
0.000447
0.000459
0.000476
0.000495
0.000512
0.000523
0.000528
0.000533
0.000544
0.000550
0.000546
0.000534
0.000516
0.000477
0.000410
0.000339
0.000296
0.000281
0.000262
0.000221
0.000174
0.000143
0.000127
0.000123
0.000147
0.000209
0.000281
0.000331
0.000358
0.000395
0.000452
0.000503
0.000523
0.000511
0.000481
0.000448
0.000424
0.000415
0.000411
0.000390
0.000353
0.000333
0.000353
0.000400
0.000441
0.000463
0.000472
0.000464
0.000425
0.000356
0.000291
0.000266
0.000287
0.000329
0.000359
0.000357
0.000333
0.000314
0.000329
0.000373
0.000415
0.000418
0.000373
0.000309
0.000266
0.000260
0.000279
0.000301
0.000318
0.000336
0.000363
0.000394
0.000411
0.000405
0.000380
0.000358
0.000365
0.000409
0.000464
0.000492
0.000466
0.000393
0.000298
0.000199
0.000106
0.000028
-0.000025
-0.000046
-0.000034
0.000010
0.000083
0.000173
0.000263
0.000331
0.000362
0.000344
0.000290
0.000231
0.000202
0.000210
0.000237
0.000262
0.000280
0.000291
0.000291
0.000280
0.000263
0.000252
0.000250
0.000255
0.000266
0.000282
0.000299
0.000312
0.000318
0.000314
0.000302
0.000283
0.000262
0.000246
0.000240
0.000253
0.000288
0.000340
0.000396
0.000441
0.000462
0.000457
0.000438
0.000422
0.000424
0.000436
0.000441
0.000430
0.000424
0.000444
0.000490
0.000536
0.000564
0.000574
0.000573
0.000554
0.000510
0.000451
0.000403
0.000382
0.000384
0.000391
0.000392
0.000388
0.000375
0.000351
0.000325
0.000315
0.000331
0.000362
0.000395
0.000428
0.000467
0.000503
0.000522
0.000517
0.000499
0.000479
0.000458
0.000437
0.000416
0.000385
0.000334
0.000271
0.000230
0.000226
0.000233
0.000218
0.000190
0.000191
0.000243
0.000323
0.000395
0.000443
0.000471
0.000476
0.000453
0.000411
0.000379
0.000372
0.000385
0.000400
0.000407
0.000405
0.000397
0.000388
0.000384
0.000388
0.000395
0.000395
0.000382
0.000359
0.000338
0.000328
0.000324
0.000311
0.000287
0.000261
0.000244
0.000239
0.000245
0.000261
0.000283
0.000303
0.000317
0.000325
0.000336
0.000358
0.000392
0.000431
0.000465
0.000493
0.000526
0.000571
0.000613
0.000625
0.000606
0.000580
0.000566
0.000555
0.000522
0.000460
0.000396
0.000354
0.000342
0.000350
0.000366
0.000386
0.000411
0.000437
0.000457
0.000462
0.000453
0.000438
0.000428
0.000414
0.000387
0.000349
0.000322
0.000323
0.000345
0.000364
0.000363
0.000350
0.000340
0.000337
0.000333
0.000322
0.000317
0.000327
0.000334
0.000311
0.000253
0.000198
0.000181
0.000196
0.000214
0.000224
0.000242
0.000279
0.000313
0.000321
0.000301
0.000273
0.000255
0.000257
0.000282
0.000330
0.000387
0.000438
0.000465
0.000458
0.000424
0.000384
0.000357
0.000341
0.000314
0.000270
0.000228
0.000211
0.000210
0.000204
0.000186
0.000176
0.000184
0.000203
0.000218
0.000225
0.000228
0.000224
0.000214
0.000206
0.000211
0.000223
0.000225
0.000206
0.000174
0.000151
0.000156
0.000194
0.000253
0.000321
0.000389
0.000456
0.000521
0.000578
0.000612
0.000614
0.000592
0.000567
0.000549
0.000521
0.000461
0.000376
0.000304
0.000277
0.000293
0.000334
0.000384
0.000429
0.000449
0.000434
0.000398
0.000368
0.000358
0.000367
0.000394
0.000440
0.000490
0.000528
0.000545
0.000551
0.000554
0.000557
0.000566
0.000587
0.000617
0.000644
0.000666
0.000691
0.000709
0.000698
0.000647
0.000574
0.000509
0.000466
0.000452
0.000469
0.000509
0.000549
0.000570
0.000573
0.000571
0.000566
0.000550
0.000523
0.000488
0.000449
0.000411
0.000391
0.000398
0.000415
0.000414
0.000380
0.000327
0.000271
0.000221
0.000185
0.000170
0.000170
0.000161
0.000131
0.000090
0.000066
0.000070
0.000092
0.000114
0.000126
0.000129
0.000128
0.000136
0.000163
0.000210
0.000267
0.000318
0.000350
0.000363
0.000363
0.000357
0.000352
0.000351
0.000356
0.000357
0.000341
0.000302
0.000253
0.000215
0.000203
0.000212
0.000222
0.000220
0.000202
0.000178
0.000154
0.000124
0.000083
0.000035
0.000003
0.000005
0.000045
0.000115
0.000208
0.000312
0.000406
0.000466
0.000494
0.000506
0.000519
0.000531
0.000529
0.000507
0.000466
0.000416
0.000376
0.000358
0.000354
0.000342
0.000316
0.000294
0.000296
0.000321
0.000350
0.000379
0.000418
0.000472
0.000524
0.000550
0.000547
0.000529
0.000506
0.000472
0.000418
0.000356
0.000312
0.000296
0.000292
0.000277
0.000250
0.000232
0.000235
0.000246
0.000248
0.000245
0.000257
0.000291
0.000341
0.000388
0.000423
0.000448
0.000465
0.000470
0.000460
0.000441
0.000429
0.000430
0.000423
0.000387
0.000329
0.000281
0.000268
0.000273
0.000268
0.000246
0.000227
0.000228
0.000240
0.000252
0.000260
0.000270
0.000289
0.000315
0.000348
0.000386
0.000427
0.000462
0.000471
0.000433
0.000353
0.000268
0.000230
0.000254
0.000309
0.000348
0.000353
0.000345
0.000348
0.000362
0.000376
0.000391
0.000416
0.000451
0.000483
0.000499
0.000507
0.000528
0.000573
0.000627
0.000659
0.000642
0.000572
0.000479
0.000400
0.000362
0.000359
0.000376
0.000399
0.000428
0.000451
0.000452
0.000423
0.000376
0.000329
0.000295
0.000278
0.000280
0.000298
0.000321
0.000345
0.000367
0.000377
0.000360
0.000315
0.000269
0.000249
0.000260
0.000278
0.000286
0.000282
0.000278
0.000278
0.000284
0.000290
0.000284
0.000260
0.000226
0.000195
0.000174
0.000157
0.000148
0.000157
0.000185
0.000218
0.000245
0.000275
0.000312
0.000346
0.000359
0.000350
0.000337
0.000334
0.000344
0.000353
0.000339
0.000289
0.000221
0.000170
0.000151
0.000145
0.000126
0.000101
0.000091
0.000102
0.000119
0.000130
0.000134
0.000135
0.000131
0.000127
0.000134
0.000156
0.000185
0.000216
0.000253
0.000303
0.000361
0.000420
0.000466
0.000484
0.000470
0.000436
0.000399
0.000364
0.000330
0.000308
0.000303
0.000298
0.000269
0.000223
0.000195
0.000210
0.000251
0.000298
0.000349
0.000399
0.000420
0.000394
0.000348
0.000326
0.000339
0.000357
0.000358
0.000353
0.000352
0.000347
0.000332
0.000317
0.000315
0.000321
0.000327
0.000330
0.000328
0.000312
0.000284
0.000259
0.000253
0.000259
0.000249
0.000201
0.000121
0.000047
0.000024
0.000071
0.000162
0.000251
0.000314
0.000356
0.000384
0.000395
0.000386
0.000366
0.000340
0.000307
0.000265
0.000228
0.000199
0.000165
0.000118
0.000084
0.000090
0.000124
0.000146
0.000133
0.000101
0.000078
0.000073
0.000085
0.000106
0.000123
0.000122
0.000104
0.000095
0.000117
0.000173
0.000245
0.000317
0.000382
0.000433
0.000469
0.000487
0.000481
0.000446
0.000393
0.000351
0.000350
0.000390
0.000443
0.000475
0.000474
0.000450
0.000432
0.000446
0.000497
0.000567
0.000634
0.000681
0.000701
0.000692
0.000659
0.000614
0.000570
0.000533
0.000502
0.000476
0.000450
0.000421
0.000385
0.000346
0.000308
0.000273
0.000246
0.000237
0.000256
0.000308
0.000389
0.000482
0.000561
0.000597
0.000582
0.000532
0.000466
0.000396
0.000336
0.000306
0.000320
0.000366
0.000413
0.000437
0.000435
0.000411
0.000371
0.000328
0.000298
0.000286
0.000278
0.000260
0.000234
0.000203
0.000168
0.000124
0.000070
0.000016
-0.000022
-0.000025
0.000013
0.000077
0.000133
0.000158
0.000150
0.000130
0.000126
0.000152
0.000203
0.000265
0.000328
0.000393
0.000454
0.000494
0.000501
0.000486
0.000477
0.000487
0.000498
0.000488
0.000465
0.000451
0.000456
0.000467
0.000472
0.000472
0.000470
0.000463
0.000458
0.000464
0.000484
0.000498
0.000483
0.000440
0.000391
0.000357
0.000342
0.000335
0.000322
0.000294
0.000262
0.000247
0.000259
0.000288
0.000314
0.000328
0.000330
0.000318
0.000289
0.000265
0.000277
0.000332
0.000391
0.000408
0.000386
0.000363
0.000367
0.000386
0.000398
0.000398
0.000394
0.000391
0.000387
0.000379
0.000361
0.000323
0.000275
0.000247
0.000259
0.000288
0.000287
0.000237
0.000165
0.000111
0.000084
0.000069
0.000054
0.000048
0.000070
0.000121
0.000191
0.000262
0.000319
0.000345
0.000334
0.000295
0.000252
0.000223
0.000209
0.000208
0.000223
0.000252
0.000282
0.000299
0.000305
0.000308
0.000308
0.000302
0.000295
0.000295
0.000290
0.000261
0.000216
0.000191
0.000209
0.000252
0.000281
0.000290
0.000297
0.000318
0.000351
0.000394
0.000452
0.000518
0.000571
0.000601
0.000619
0.000646
0.000689
0.000739
0.000777
0.000783
0.000747
0.000679
0.000598
0.000517
0.000447
0.000403
0.000389
0.000388
0.000373
0.000346
0.000332
0.000340
0.000347
0.000337
0.000325
0.000338
0.000373
0.000416
0.000462
0.000514
0.000561
0.000589
0.000603
0.000620
0.000644
0.000659
0.000651
0.000627
0.000602
0.000581
0.000557
0.000517
0.000463
0.000422
0.000417
0.000435
0.000427
0.000364
0.000276
0.000223
0.000222
0.000247
0.000269
0.000291
0.000317
0.000338
0.000346
0.000349
0.000357
0.000365
0.000363
0.000356
0.000356
0.000368
0.000390
0.000421
0.000455
0.000470
0.000452
0.000414
0.000386
0.000382
0.000388
0.000384
0.000359
0.000312
0.000254
0.000204
0.000179
0.000182
0.000204
0.000239
0.000281
0.000320
0.000344
0.000357
0.000378
0.000412
0.000444
0.000451
0.000432
0.000409
0.000402
0.000419
0.000451
0.000480
0.000486
0.000464
0.000425
0.000382
0.000339
0.000287
0.000232
0.000186
0.000159
0.000145
0.000140
0.000152
0.000185
0.000221
0.000231
0.000205
0.000167
0.000146
0.000147
0.000165
0.000197
0.000247
0.000300
0.000330
0.000322
0.000288
0.000251
0.000223
0.000200
0.000183
0.000175
0.000181
0.000200
0.000227
0.000256
0.000280
0.000302
0.000328
0.000362
0.000392
0.000399
0.000384
0.000366
0.000355
0.000348
0.000335
0.000321
0.000310
0.000299
0.000280
0.000261
0.000258
0.000270
0.000283
0.000287
0.000291
0.000301
0.000304
0.000290
0.000266
0.000255
0.000266
0.000286
0.000305
0.000329
0.000369
0.000424
0.000483
0.000537
0.000584
0.000623
0.000647
0.000647
0.000618
0.000574
0.000541
0.000535
0.000547
0.000554
0.000550
0.000560
0.000600
0.000653
0.000686
0.000682
0.000655
0.000621
0.000578
0.000517
0.000442
0.000374
0.000340
0.000351
0.000390
0.000425
0.000428
0.000400
0.000363
0.000344
0.000354
0.000383
0.000407
0.000401
0.000360
0.000306
0.000269
0.000261
0.000272
0.000295
0.000326
0.000366
0.000406
0.000437
0.000447
0.000432
0.000392
0.000338
0.000280
0.000222
0.000166
0.000123
0.000108
0.000124
0.000154
0.000181
0.000202
0.000223
0.000241
0.000251
0.000259
0.000281
0.000321
0.000365
0.000399
0.000420
0.000445
0.000487
0.000540
0.000580
0.000590
0.000572
0.000532
0.000477
0.000421
0.000387
0.000385
0.000388
0.000365
0.000321
0.000294
0.000307
0.000335
0.000350
0.000360
0.000388
0.000430
0.000462
0.000475
0.000488
0.000507
0.000513
0.000484
0.000424
0.000354
0.000293
0.000250
0.000228
0.000224
0.000227
0.000223
0.000204
0.000169
0.000129
0.000097
0.000080
0.000072
0.000067
0.000073
0.000102
0.000153
0.000210
0.000256
0.000275
0.000255
0.000195
0.000125
0.000083
0.000085
0.000113
0.000141
0.000166
0.000208
0.000279
0.000368
0.000440
0.000460
0.000425
0.000372
0.000344
0.000346
0.000353
0.000342
0.000328
0.000336
0.000372
0.000420
0.000457
0.000473
0.000468
0.000456
0.000456
0.000481
0.000517
0.000547
0.000568
0.000591
0.000622
0.000651
0.000667
0.000669
0.000667
0.000671
0.000672
0.000659
0.000630
0.000605
0.000598
0.000596
0.000576
0.000533
0.000476
0.000411
0.000329
0.000241
0.000176
0.000160
0.000182
0.000213
0.000235
0.000243
0.000245
0.000256
0.000289
0.000338
0.000372
0.000375
0.000366
0.000372
0.000391
0.000394
0.000363
0.000311
0.000264
0.000239
0.000244
0.000272
0.000302
0.000314
0.000308
0.000295
0.000283
0.000279
0.000292
0.000327
0.000372
0.000409
0.000436
0.000462
0.000485
0.000492
0.000476
0.000442
0.000386
0.000308
0.000228
0.000177
0.000157
0.000142
0.000118
0.000106
0.000122
0.000156
0.000183
0.000203
0.000224
0.000247
0.000262
0.000270
0.000278
0.000283
0.000285
0.000295
0.000322
0.000352
0.000358
0.000340
0.000318
0.000312
0.000320
0.000335
0.000355
0.000369
0.000367
0.000355
0.000350
0.000359
0.000368
0.000372
0.000377
0.000390
0.000394
0.000368
0.000313
0.000258
0.000239
0.000265
0.000310
0.000332
0.000310
0.000256
0.000207
0.000189
0.000207
0.000254
0.000320
0.000388
0.000445
0.000491
0.000533
0.000565
0.000574
0.000565
0.000559
0.000562
0.000553
0.000518
0.000469
0.000427
0.000389
0.000341
0.000286
0.000248
0.000246
0.000278
0.000324
0.000353
0.000343
0.000296
0.000244
0.000222
0.000236
0.000269
0.000303
0.000324
0.000314
0.000265
0.000196
0.000146
0.000130
0.000127
0.000111
0.000092
0.000099
0.000147
0.000215
0.000273
0.000296
0.000280
0.000240
0.000204
0.000190
0.000192
0.000200
0.000223
0.000276
0.000359
0.000447
0.000507
0.000524
0.000506
0.000472
0.000434
0.000394
0.000350
0.000307
0.000276
0.000261
0.000257
0.000258
0.000274
0.000315
0.000379
0.000443
0.000486
0.000499
0.000489
0.000471
0.000459
0.000454
0.000449
0.000437
0.000417
0.000391
0.000358
0.000314
0.000263
0.000222
0.000203
0.000202
0.000200
0.000172
0.000119
0.000072
0.000061
0.000091
0.000138
0.000180
0.000217
0.000258
0.000300
0.000333
0.000357
0.000369
0.000361
0.000327
0.000285
0.000265
0.000281
0.000322
0.000365
0.000397
0.000416
0.000427
0.000442
0.000458
0.000460
0.000434
0.000394
0.000366
0.000355
0.000347
0.000336
0.000332
0.000337
0.000337
0.000329
0.000340
0.000390
0.000461
0.000515
0.000532
0.000527
0.000519
0.000509
0.000494
0.000472
0.000439
0.000399
0.000366
0.000357
0.000372
0.000399
0.000425
0.000444
0.000453
0.000445
0.000416
0.000370
0.000312
0.000247
0.000189
0.000159
0.000167
0.000207
0.000267
0.000336
0.000407
0.000475
0.000532
0.000563
0.000560
0.000531
0.000503
0.000501
0.000527
0.000564
0.000593
0.000598
0.000565
0.000494
0.000408
0.000341
0.000311
0.000310
0.000319
0.000327
0.000335
0.000347
0.000365
0.000378
0.000367
0.000325
0.000275
0.000258
0.000292
0.000351
0.000392
0.000396
0.000371
0.000345
0.000340
0.000360
0.000386
0.000401
0.000409
0.000424
0.000444
0.000448
0.000421
0.000377
0.000339
0.000306
0.000263
0.000206
0.000158
0.000140
0.000151
0.000165
0.000163
0.000148
0.000146
0.000174
0.000222
0.000260
0.000269
0.000253
0.000231
0.000214
0.000202
0.000189
0.000179
0.000187
0.000226
0.000287
0.000346
0.000379
0.000388
0.000388
0.000390
0.000395
0.000407
0.000434
0.000468
0.000493
0.000492
0.000471
0.000442
0.000420
0.000419
0.000437
0.000457
0.000456
0.000437
0.000425
0.000435
0.000453
0.000462
0.000459
0.000447
0.000423
0.000390
0.000367
0.000366
0.000374
0.000369
0.000361
0.000369
0.000395
0.000419
0.000431
0.000439
0.000443
0.000427
0.000393
0.000363
0.000355
0.000357
0.000349
0.000331
0.000316
0.000302
0.000276
0.000232
0.000180
0.000137
0.000124
0.000148
0.000197
0.000239
0.000251
0.000242
0.000226
0.000202
0.000158
0.000107
0.000088
0.000128
0.000209
0.000286
0.000338
0.000381
0.000438
0.000509
0.000568
0.000591
0.000578
0.000542
0.000497
0.000455
0.000413
0.000368
0.000325
0.000305
0.000323
0.000363
0.000388
0.000379
0.000352
0.000328
0.000312
0.000302
0.000310
0.000353
0.000418
0.000472
0.000492
0.000487
0.000464
0.000424
0.000375
0.000342
0.000341
0.000365
0.000399
0.000438
0.000477
0.000494
0.000476
0.000440
0.000419
0.000415
0.000406
0.000377
0.000345
0.000336
0.000350
0.000372
0.000395
0.000429
0.000485
0.000559
0.000634
0.000690
0.000714
0.000708
0.000688
0.000669
0.000653
0.000631
0.000600
0.000569
0.000550
0.000548
0.000554
0.000551
0.000534
0.000512
0.000503
0.000514
0.000542
0.000572
0.000595
0.000609
0.000613
0.000594
0.000548
0.000491
0.000460
0.000470
0.000495
0.000493
0.000449
0.000392
0.000359
0.000364
0.000385
0.000387
0.000346
0.000265
0.000174
0.000111
0.000093
0.000111
0.000144
0.000182
0.000230
0.000293
0.000367
0.000430
0.000456
0.000431
0.000369
0.000299
0.000246
0.000212
0.000183
0.000150
0.000122
0.000120
0.000149
0.000185
0.000194
0.000165
0.000121
0.000097
0.000102
0.000122
0.000147
0.000178
0.000218
0.000260
0.000298
0.000331
0.000354
0.000360
0.000345
0.000316
0.000289
0.000274
0.000281
0.000304
0.000325
0.000328
0.000322
0.000327
0.000340
0.000334
0.000301
0.000265
0.000253
0.000257
0.000260
0.000260
0.000259
0.000242
0.000201
0.000166
0.000176
0.000226
0.000269
0.000275
0.000269
0.000288
0.000327
0.000348
0.000326
0.000271
0.000210
0.000164
0.000140
0.000137
0.000155
0.000192
0.000243
0.000299
0.000354
0.000413
0.000480
0.000544
0.000588
0.000606
0.000607
0.000592
0.000552
0.000487
0.000421
0.000377
0.000360
0.000359
0.000376
0.000416
0.000468
0.000496
0.000477
0.000422
0.000368
0.000339
0.000329
0.000314
0.000281
0.000237
0.000201
0.000187
0.000194
0.000214
0.000240
0.000268
0.000296
0.000321
0.000340
0.000349
0.000353
0.000358
0.000368
0.000374
0.000370
0.000358
0.000347
0.000342
0.000342
0.000342
0.000335
0.000316
0.000290
0.000271
0.000272
0.000297
0.000340
0.000385
0.000415
0.000417
0.000398
0.000384
0.000398
0.000445
0.000515
0.000591
0.000647
0.000658
0.000623
0.000566
0.000513
0.000457
0.000383
0.000301
0.000241
0.000219
0.000217
0.000219
0.000218
0.000212
0.000199
0.000182
0.000176
0.000181
0.000181
0.000166
0.000140
0.000120
0.000116
0.000141
0.000200
0.000267
0.000304
0.000305
0.000300
0.000306
0.000297
0.000253
0.000201
0.000194
0.000244
0.000314
0.000369
0.000405
0.000431
0.000449
0.000458
0.000463
0.000467
0.000471
0.000482
0.000500
0.000515
0.000513
0.000498
0.000476
0.000440
0.000382
0.000320
0.000285
0.000286
0.000291
0.000281
0.000265
0.000265
0.000282
0.000311
0.000356
0.000417
0.000472
0.000496
0.000491
0.000479
0.000466
0.000444
0.000408
0.000369
0.000336
0.000303
0.000264
0.000230
0.000217
0.000240
0.000297
0.000370
0.000424
0.000433
0.000396
0.000334
0.000274
0.000224
0.000180
0.000144
0.000130
0.000152
0.000201
0.000253
0.000285
0.000296
0.000296
0.000292
0.000280
0.000254
0.000228
0.000218
0.000230
0.000244
0.000236
0.000202
0.000159
0.000134
0.000142
0.000183
0.000247
0.000316
0.000369
0.000397
0.000411
0.000433
0.000468
0.000500
0.000513
0.000514
0.000518
0.000526
0.000524
0.000499
0.000455
0.000404
0.000356
0.000313
0.000283
0.000271
0.000275
0.000285
0.000291
0.000295
0.000301
0.000316
0.000336
0.000355
0.000368
0.000378
0.000393
0.000413
0.000428
0.000419
0.000384
0.000341
0.000318
0.000328
0.000357
0.000382
0.000391
0.000387
0.000377
0.000365
0.000362
0.000379
0.000412
0.000446
0.000465
0.000476
0.000486
0.000497
0.000504
0.000510
0.000524
0.000541
0.000548
0.000537
0.000509
0.000470
0.000437
0.000432
0.000474
0.000554
0.000637
0.000689
0.000692
0.000647
0.000566
0.000476
0.000406
0.000360
0.000319
0.000267
0.000216
0.000187
0.000192
0.000223
0.000267
0.000308
0.000325
0.000293
0.000210
0.000109
0.000037
0.000028
0.000075
0.000141
0.000185
0.000199
0.000203
0.000215
0.000240
0.000271
0.000306
0.000348
0.000389
0.000414
0.000416
0.000400
0.000382
0.000376
0.000384
0.000403
0.000419
0.000426
0.000424
0.000422
0.000422
0.000417
0.000397
0.000366
0.000343
0.000342
0.000349
0.000334
0.000293
0.000268
0.000303
0.000394
0.000485
0.000528
0.000520
0.000488
0.000457
0.000439
0.000444
0.000467
0.000478
0.000454
0.000398
0.000345
0.000322
0.000328
0.000345
0.000356
0.000351
0.000329
0.000297
0.000273
0.000273
0.000300
0.000337
0.000351
0.000320
0.000263
0.000224
0.000225
0.000243
0.000244
0.000233
0.000237
0.000262
0.000277
0.000263
0.000229
0.000199
0.000182
0.000178
0.000193
0.000229
0.000273
0.000310
0.000339
0.000361
0.000373
0.000370
0.000354
0.000336
0.000324
0.000324
0.000338
0.000358
0.000366
0.000349
0.000317
0.000296
0.000303
0.000335
0.000374
0.000402
0.000414
0.000415
0.000416
0.000414
0.000396
0.000352
0.000293
0.000236
0.000190
0.000153
0.000124
0.000110
0.000116
0.000146
0.000196
0.000257
0.000320
0.000387
0.000464
0.000543
0.000597
0.000606
0.000578
0.000538
0.000498
0.000450
0.000394
0.000347
0.000316
0.000286
0.000240
0.000181
0.000122
0.000075
0.000045
0.000038
0.000060
0.000107
0.000170
0.000244
0.000327
0.000413
0.000482
0.000524
0.000544
0.000551
0.000549
0.000532
0.000503
0.000465
0.000422
0.000374
0.000332
0.000310
0.000311
0.000315
0.000308
0.000296
0.000297
0.000313
0.000323
0.000305
0.000259
0.000204
0.000160
0.000135
0.000125
0.000119
0.000109
0.000099
0.000105
0.000131
0.000165
0.000182
0.000171
0.000147
0.000136
0.000149
0.000176
0.000189
0.000177
0.000158
0.000165
0.000219
0.000305
0.000390
0.000450
0.000480
0.000486
0.000476
0.000464
0.000467
0.000484
0.000495
0.000482
0.000448
0.000418
0.000416
0.000447
0.000494
0.000530
0.000540
0.000534
0.000533
0.000545
0.000548
0.000525
0.000480
0.000440
0.000412
0.000380
0.000332
0.000293
0.000291
0.000321
0.000347
0.000347
0.000343
0.000367
0.000427
0.000497
0.000548
0.000571
0.000576
0.000576
0.000580
0.000595
0.000621
0.000650
0.000668
0.000662
0.000635
0.000595
0.000549
0.000498
0.000455
0.000443
0.000473
0.000515
0.000522
0.000474
0.000401
0.000342
0.000307
0.000285
0.000268
0.000259
0.000259
0.000266
0.000290
0.000344
0.000419
0.000482
0.000502
0.000480
0.000437
0.000393
0.000362
0.000351
0.000364
0.000398
0.000437
0.000459
0.000449
0.000408
0.000361
0.000332
0.000323
0.000320
0.000318
0.000317
0.000311
0.000286
0.000240
0.000199
0.000193
0.000225
0.000276
0.000325
0.000359
0.000359
0.000318
0.000254
0.000200
0.000176
0.000181
0.000205
0.000240
0.000276
0.000299
0.000300
0.000284
0.000262
0.000241
0.000227
0.000222
0.000222
0.000223
0.000237
0.000283
0.000355
0.000422
0.000455
0.000464
0.000475
0.000492
0.000493
0.000463
0.000410
0.000355
0.000309
0.000269
0.000231
0.000195
0.000160
0.000136
0.000133
0.000155
0.000186
0.000205
0.000209
0.000215
0.000236
0.000272
0.000305
0.000320
0.000311
0.000283
0.000253
0.000238
0.000241
0.000249
0.000248
0.000243
0.000252
0.000284
0.000323
0.000353
0.000367
0.000371
0.000377
0.000392
0.000416
0.000435
0.000434
0.000403
0.000349
0.000289
0.000237
0.000207
0.000199
0.000208
0.000224
0.000246
0.000276
0.000311
0.000340
0.000357
0.000369
0.000378
0.000378
0.000373
0.000373
0.000384
0.000395
0.000397
0.000403
0.000431
0.000474
0.000505
0.000509
0.000495
0.000469
0.000431
0.000384
0.000352
0.000358
0.000404
0.000467
0.000523
0.000556
0.000566
0.000560
0.000545
0.000517
0.000471
0.000422
0.000393
0.000397
0.000416
0.000417
0.000384
0.000329
0.000275
0.000244
0.000241
0.000249
0.000249
0.000229
0.000193
0.000155
0.000127
0.000119
0.000134
0.000168
0.000216
0.000281
0.000353
0.000402
0.000392
0.000329
0.000269
0.000265
0.000317
0.000376
0.000403
0.000400
0.000382
0.000358
0.000328
0.000293
0.000255
0.000217
0.000186
0.000175
0.000191
0.000227
0.000269
0.000308
0.000344
0.000381
0.000411
0.000421
0.000404
0.000371
0.000345
0.000339
0.000348
0.000359
0.000368
0.000377
0.000384
0.000389
0.000409
0.000452
0.000502
0.000520
0.000489
0.000437
0.000394
0.000363
0.000322
0.000269
0.000231
0.000226
0.000242
0.000250
0.000244
0.000239
0.000255
0.000289
0.000325
0.000348
0.000355
0.000359
0.000374
0.000407
0.000444
0.000467
0.000473
0.000474
0.000484
0.000494
0.000487
0.000462
0.000434
0.000407
0.000370
0.000324
0.000288
0.000285
0.000308
0.000330
0.000337
0.000330
0.000315
0.000293
0.000277
0.000284
0.000315
0.000347
0.000360
0.000360
0.000369
0.000391
0.000408
0.000401
0.000367
0.000315
0.000260
0.000214
0.000178
0.000149
0.000130
0.000138
0.000185
0.000258
0.000326
0.000374
0.000411
0.000439
0.000452
0.000442
0.000421
0.000404
0.000392
0.000371
0.000333
0.000296
0.000282
0.000305
0.000350
0.000388
0.000389
0.000349
0.000293
0.000260
0.000264
0.000291
0.000322
0.000347
0.000363
0.000366
0.000356
0.000343
0.000341
0.000344
0.000343
0.000338
0.000342
0.000358
0.000367
0.000354
0.000328
0.000317
0.000332
0.000360
0.000377
0.000374
0.000357
0.000344
0.000350
0.000379
0.000423
0.000464
0.000480
0.000461
0.000407
0.000339
0.000287
0.000269
0.000277
0.000288
0.000288
0.000284
0.000291
0.000317
0.000359
0.000413
0.000472
0.000525
0.000553
0.000544
0.000500
0.000430
0.000352
0.000282
0.000236
0.000222
0.000240
0.000278
0.000309
0.000312
0.000288
0.000261
0.000250
0.000253
0.000258
0.000259
0.000261
0.000276
0.000311
0.000358
0.000397
0.000407
0.000388
0.000368
0.000380
0.000426
0.000476
0.000505
0.000512
0.000515
0.000520
0.000517
0.000495
0.000459
0.000426
0.000419
0.000453
0.000522
0.000589
0.000613
0.000582
0.000525
0.000478
0.000455
0.000438
0.000408
0.000362
0.000308
0.000255
0.000217
0.000208
0.000227
0.000259
0.000288
0.000312
0.000331
0.000332
0.000307
0.000266
0.000235
0.000225
0.000222
0.000214
0.000213
0.000237
0.000288
0.000332
0.000335
0.000292
0.000231
0.000187
0.000174
0.000182
0.000201
0.000236
0.000299
0.000384
0.000462
0.000507
0.000509
0.000480
0.000438
0.000394
0.000354
0.000323
0.000303
0.000299
0.000309
0.000325
0.000333
0.000331
0.000327
0.000333
0.000352
0.000383
0.000416
0.000438
0.000439
0.000424
0.000418
0.000437
0.000465
0.000471
0.000446
0.000416
0.000409
0.000423
0.000434
0.000421
0.000383
0.000331
0.000275
0.000224
0.000185
0.000165
0.000163
0.000180
0.000218
0.000277
0.000348
0.000411
0.000448
0.000460
0.000464
0.000469
0.000469
0.000451
0.000417
0.000389
0.000386
0.000407
0.000429
0.000437
0.000433
0.000427
0.000424
0.000420
0.000413
0.000411
0.000418
0.000424
0.000410
0.000377
0.000344
0.000330
0.000325
0.000303
0.000250
0.000178
0.000113
0.000077
0.000074
0.000095
0.000128
0.000167
0.000206
0.000234
0.000242
0.000231
0.000218
0.000212
0.000207
0.000188
0.000161
0.000151
0.000171
0.000208
0.000242
0.000269
0.000291
0.000305
0.000299
0.000270
0.000226
0.000179
0.000137
0.000107
0.000098
0.000109
0.000128
0.000140
0.000144
0.000146
0.000160
0.000191
0.000239
0.000300
0.000360
0.000405
0.000424
0.000419
0.000402
0.000381
0.000357
0.000329
0.000310
0.000323
0.000382
0.000471
0.000551
0.000590
0.000582
0.000553
0.000531
0.000524
0.000524
0.000516
0.000499
0.000484
0.000479
0.000483
0.000487
0.000476
0.000433
0.000362
0.000291
0.000243
0.000216
0.000181
0.000128
0.000077
0.000053
0.000059
0.000079
0.000104
0.000134
0.000166
0.000181
0.000166
0.000126
0.000081
0.000049
0.000038
0.000038
0.000043
0.000056
0.000089
0.000146
0.000208
0.000249
0.000267
0.000283
0.000315
0.000352
0.000372
0.000362
0.000335
0.000310
0.000293
0.000279
0.000264
0.000251
0.000246
0.000257
0.000284
0.000327
0.000379
0.000427
0.000457
0.000458
0.000431
0.000382
0.000320
0.000268
0.000257
0.000300
0.000373
0.000435
0.000462
0.000461
0.000450
0.000431
0.000400
0.000356
0.000305
0.000259
0.000229
0.000228
0.000256
0.000293
0.000318
0.000320
0.000298
0.000252
0.000191
0.000137
0.000112
0.000118
0.000137
0.000156
0.000178
0.000209
0.000247
0.000283
0.000316
0.000350
0.000383
0.000412
0.000436
0.000452
0.000463
0.000466
0.000462
0.000450
0.000433
0.000421
0.000413
0.000400
0.000370
0.000329
0.000291
0.000264
0.000243
0.000223
0.000214
0.000229
0.000267
0.000316
0.000360
0.000388
0.000394
0.000383
0.000379
0.000404
0.000454
0.000499
0.000511
0.000485
0.000440
0.000390
0.000337
0.000278
0.000219
0.000174
0.000151
0.000137
0.000111
0.000067
0.000023
0.000007
0.000037
0.000099
0.000165
0.000211
0.000228
0.000224
0.000214
0.000215
0.000240
0.000286
0.000333
0.000351
0.000327
0.000277
0.000232
0.000209
0.000207
0.000227
0.000272
0.000333
0.000383
0.000393
0.000364
0.000318
0.000279
0.000262
0.000270
0.000299
0.000332
0.000351
0.000352
0.000348
0.000354
0.000371
0.000391
0.000399
0.000386
0.000357
0.000331
0.000324
0.000332
0.000327
0.000296
0.000262
0.000265
0.000315
0.000388
0.000448
0.000482
0.000495
0.000493
0.000481
0.000466
0.000458
0.000459
0.000458
0.000448
0.000433
0.000419
0.000395
0.000340
0.000257
0.000189
0.000183
0.000239
0.000310
0.000345
0.000334
0.000295
0.000250
0.000201
0.000140
0.000066
-0.000001
-0.000037
-0.000030
0.000004
0.000044
0.000087
0.000143
0.000202
0.000237
0.000233
0.000206
0.000183
0.000177
0.000192
0.000231
0.000288
0.000338
0.000355
0.000340
0.000314
0.000288
0.000255
0.000216
0.000185
0.000173
0.000175
0.000178
0.000179
0.000186
0.000207
0.000241
0.000280
0.000314
0.000344
0.000376
0.000404
0.000408
0.000373
0.000317
0.000270
0.000251
0.000254
0.000276
0.000314
0.000364
0.000408
0.000438
0.000457
0.000466
0.000462
0.000444
0.000421
0.000405
0.000398
0.000394
0.000387
0.000370
0.000342
0.000311
0.000292
0.000288
0.000294
0.000310
0.000340
0.000370
0.000374
0.000339
0.000288
0.000246
0.000222
0.000208
0.000208
0.000228
0.000270
0.000327
0.000394
0.000454
0.000483
0.000472
0.000450
0.000456
0.000492
0.000522
0.000524
0.000507
0.000492
0.000487
0.000486
0.000479
0.000460
0.000423
0.000378
0.000342
0.000325
0.000325
0.000337
0.000358
0.000379
0.000384
0.000374
0.000361
0.000355
0.000350
0.000344
0.000343
0.000347
0.000346
0.000336
0.000338
0.000367
0.000406
0.000429
0.000431
0.000435
0.000456
0.000481
0.000482
0.000440
0.000362
0.000272
0.000201
0.000170
0.000177
0.000203
0.000228
0.000244
0.000259
0.000286
0.000324
0.000352
0.000351
0.000335
0.000341
0.000385
0.000446
0.000482
0.000480
0.000452
0.000419
0.000391
0.000379
0.000383
0.000390
0.000384
0.000367
0.000354
0.000355
0.000364
0.000372
0.000376
0.000374
0.000360
0.000340
0.000322
0.000314
0.000319
0.000342
0.000385
0.000433
0.000455
0.000432
0.000372
0.000300
0.000230
0.000174
0.000143
0.000141
0.000154
0.000163
0.000157
0.000146
0.000141
0.000150
0.000176
0.000213
0.000249
0.000268
0.000264
0.000242
0.000208
0.000165
0.000123
0.000093
0.000081
0.000087
0.000109
0.000147
0.000194
0.000235
0.000263
0.000284
0.000304
0.000312
0.000300
0.000274
0.000251
0.000244
0.000248
0.000260
0.000281
0.000316
0.000356
0.000397
0.000438
0.000477
0.000501
0.000494
0.000462
0.000429
0.000411
0.000394
0.000360
0.000311
0.000276
0.000270
0.000288
0.000309
0.000319
0.000312
0.000283
0.000240
0.000205
0.000201
0.000229
0.000272
0.000321
0.000376
0.000435
0.000474
0.000473
0.000439
0.000398
0.000367
0.000343
0.000317
0.000293
0.000288
0.000308
0.000342
0.000373
0.000401
0.000424
0.000436
0.000419
0.000378
0.000336
0.000320
0.000325
0.000328
0.000317
0.000305
0.000308
0.000320
0.000327
0.000322
0.000309
0.000297
0.000287
0.000275
0.000256
0.000220
0.000167
0.000114
0.000086
0.000099
0.000157
0.000249
0.000356
0.000445
0.000490
0.000487
0.000452
0.000410
0.000376
0.000363
0.000375
0.000398
0.000413
0.000416
0.000425
0.000456
0.000495
0.000518
0.000510
0.000485
0.000464
0.000453
0.000445
0.000432
0.000417
0.000412
0.000418
0.000416
0.000384
0.000324
0.000265
0.000229
0.000211
0.000198
0.000191
0.000205
0.000238
0.000279
0.000326
0.000386
0.000452
0.000501
0.000520
0.000519
0.000516
0.000512
0.000497
0.000468
0.000429
0.000381
0.000326
0.000278
0.000256
0.000263
0.000282
0.000293
0.000288
0.000272
0.000253
0.000239
0.000234
0.000230
0.000218
0.000204
0.000210
0.000247
0.000299
0.000338
0.000349
0.000341
0.000330
0.000323
0.000317
0.000309
0.000289
0.000246
0.000184
0.000129
0.000108
0.000116
0.000119
0.000099
0.000070
0.000058
0.000067
0.000085
0.000109
0.000144
0.000183
0.000208
0.000210
0.000203
0.000207
0.000226
0.000247
0.000257
0.000251
0.000237
0.000231
0.000253
0.000310
0.000385
0.000450
0.000481
0.000464
0.000406
0.000331
0.000269
0.000243
0.000259
0.000308
0.000379
0.000452
0.000504
0.000526
0.000530
0.000528
0.000511
0.000470
0.000418
0.000394
0.000421
0.000485
0.000546
0.000574
0.000571
0.000553
0.000538
0.000527
0.000510
0.000479
0.000443
0.000423
0.000427
0.000443
0.000450
0.000436
0.000412
0.000397
0.000403
0.000425
0.000453
0.000480
0.000503
0.000514
0.000502
0.000468
0.000426
0.000395
0.000381
0.000380
0.000393
0.000424
0.000466
0.000501
0.000514
0.000501
0.000475
0.000447
0.000428
0.000421
0.000417
0.000411
0.000400
0.000390
0.000391
0.000409
0.000442
0.000467
0.000459
0.000405
0.000328
0.000258
0.000212
0.000192
0.000202
0.000234
0.000259
0.000241
0.000178
0.000108
0.000069
0.000069
0.000101
0.000162
0.000238
0.000292
0.000292
0.000247
0.000200
0.000177
0.000166
0.000160
0.000176
0.000228
0.000298
0.000342
0.000350
0.000345
0.000356
0.000376
0.000381
0.000358
0.000315
0.000263
0.000208
0.000158
0.000130
0.000127
0.000140
0.000151
0.000159
0.000166
0.000179
0.000200
0.000236
0.000283
0.000322
0.000335
0.000328
0.000326
0.000346
0.000385
0.000426
0.000453
0.000453
0.000422
0.000373
0.000336
0.000331
0.000350
0.000379
0.000403
0.000416
0.000408
0.000381
0.000365
0.000391
0.000455
0.000514
0.000529
0.000499
0.000456
0.000423
0.000406
0.000396
0.000391
0.000395
0.000410
0.000427
0.000439
0.000442
0.000441
0.000441
0.000448
0.000464
0.000484
0.000487
0.000457
0.000401
0.000344
0.000311
0.000303
0.000309
0.000324
0.000350
0.000378
0.000394
0.000387
0.000361
0.000332
0.000314
0.000313
0.000321
0.000333
0.000353
0.000394
0.000458
0.000526
0.000574
0.000590
0.000567
0.000499
0.000401
0.000315
0.000278
0.000280
0.000278
0.000245
0.000204
0.000193
0.000226
0.000294
0.000377
0.000456
0.000508
0.000519
0.000496
0.000458
0.000421
0.000389
0.000365
0.000360
0.000380
0.000423
0.000488
0.000572
0.000660
0.000727
0.000753
0.000737
0.000697
0.000650
0.000600
0.000548
0.000500
0.000465
0.000444
0.000423
0.000390
0.000353
0.000333
0.000343
0.000377
0.000410
0.000421
0.000406
0.000382
0.000371
0.000380
0.000401
0.000419
0.000436
0.000454
0.000464
0.000451
0.000411
0.000364
0.000339
0.000350
0.000385
0.000420
0.000437
0.000431
0.000410
0.000379
0.000335
0.000274
0.000209
0.000160
0.000139
0.000145
0.000167
0.000199
0.000240
0.000284
0.000315
0.000319
0.000294
0.000260
0.000243
0.000254
0.000282
0.000312
0.000342
0.000376
0.000417
0.000460
0.000504
0.000551
0.000599
0.000638
0.000659
0.000656
0.000629
0.000587
0.000544
0.000510
0.000485
0.000468
0.000468
0.000486
0.000502
0.000490
0.000443
0.000385
0.000346
0.000343
0.000374
0.000417
0.000440
0.000425
0.000388
0.000358
0.000346
0.000345
0.000354
0.000376
0.000404
0.000424
0.000443
0.000485
0.000546
0.000591
0.000598
0.000589
0.000594
0.000608
0.000608
0.000586
0.000551
0.000507
0.000459
0.000421
0.000408
0.000409
0.000401
0.000374
0.000338
0.000295
0.000241
0.000187
0.000158
0.000165
0.000188
0.000208
0.000217
0.000222
0.000231
0.000255
0.000304
0.000376
0.000449
0.000502
0.000527
0.000526
0.000499
0.000458
0.000418
0.000392
0.000384
0.000398
0.000425
0.000443
0.000429
0.000383
0.000326
0.000280
0.000250
0.000231
0.000225
0.000232
0.000250
0.000276
0.000306
0.000330
0.000336
0.000327
0.000320
0.000328
0.000340
0.000340
0.000318
0.000277
0.000234
0.000213
0.000234
0.000288
0.000342
0.000368
0.000365
0.000351
0.000335
0.000314
0.000296
0.000290
0.000300
0.000315
0.000327
0.000336
0.000346
0.000351
0.000351
0.000355
0.000373
0.000403
0.000424
0.000412
0.000367
0.000313
0.000279
0.000277
0.000296
0.000320
0.000332
0.000322
0.000291
0.000254
0.000238
0.000260
0.000306
0.000343
0.000351
0.000335
0.000320
0.000317
0.000319
0.000318
0.000318
0.000332
0.000364
0.000398
0.000416
0.000413
0.000395
0.000369
0.000344
0.000329
0.000329
0.000341
0.000362
0.000395
0.000435
0.000460
0.000455
0.000425
0.000396
0.000375
0.000353
0.000323
0.000297
0.000286
0.000291
0.000307
0.000329
0.000345
0.000347
0.000343
0.000351
0.000362
0.000345
0.000285
0.000208
0.000158
0.000153
0.000183
0.000228
0.000277
0.000320
0.000353
0.000385
0.000423
0.000461
0.000477
0.000462
0.000433
0.000413
0.000415
0.000427
0.000419
0.000377
0.000318
0.000275
0.000262
0.000267
0.000280
0.000309
0.000358
0.000404
0.000424
0.000413
0.000387
0.000355
0.000323
0.000306
0.000317
0.000344
0.000359
0.000344
0.000311
0.000274
0.000241
0.000218
0.000210
0.000226
0.000260
0.000297
0.000322
0.000329
0.000332
0.000346
0.000362
0.000361
0.000348
0.000353
0.000385
0.000409
0.000391
0.000350
0.000331
0.000341
0.000345
0.000328
0.000309
0.000302
0.000293
0.000271
0.000256
0.000270
0.000302
0.000321
0.000309
0.000273
0.000227
0.000190
0.000174
0.000176
0.000175
0.000157
0.000138
0.000135
0.000156
0.000195
0.000251
0.000322
0.000386
0.000419
0.000409
0.000365
0.000299
0.000223
0.000149
0.000088
0.000039
-0.000000
-0.000027
-0.000030
-0.000004
0.000053
0.000131
0.000214
0.000276
0.000305
0.000306
0.000295
0.000286
0.000291
0.000325
0.000391
0.000475
0.000551
0.000599
0.000617
0.000602
0.000560
0.000505
0.000463
0.000451
0.000465
0.000483
0.000491
0.000490
0.000492
0.000501
0.000495
0.000453
0.000385
0.000331
0.000318
0.000328
0.000327
0.000310
0.000303
0.000318
0.000339
0.000347
0.000345
0.000344
0.000343
0.000328
0.000289
0.000230
0.000169
0.000127
0.000118
0.000136
0.000160
0.000167
0.000157
0.000147
0.000153
0.000180
0.000218
0.000262
0.000322
0.000404
0.000496
0.000567
0.000590
0.000564
0.000507
0.000438
0.000370
0.000325
0.000324
0.000357
0.000385
0.000367
0.000304
0.000232
0.000195
0.000204
0.000246
0.000292
0.000323
0.000329
0.000310
0.000269
0.000221
0.000195
0.000218
0.000288
0.000370
0.000421
0.000424
0.000400
0.000375
0.000363
0.000360
0.000362
0.000371
0.000391
0.000420
0.000452
0.000477
0.000495
0.000514
0.000547
0.000596
0.000635
0.000629
0.000569
0.000487
0.000426
0.000389
0.000348
0.000287
0.000230
0.000210
0.000232
0.000279
0.000332
0.000385
0.000429
0.000455
0.000470
0.000480
0.000478
0.000454
0.000417
0.000399
0.000409
0.000421
0.000405
0.000357
0.000302
0.000263
0.000245
0.000248
0.000267
0.000296
0.000324
0.000341
0.000340
0.000331
0.000330
0.000348
0.000379
0.000412
0.000439
0.000454
0.000444
0.000405
0.000358
0.000345
0.000379
0.000425
0.000434
0.000390
0.000321
0.000270
0.000258
0.000278
0.000312
0.000343
0.000362
0.000370
0.000375
0.000383
0.000393
0.000397
0.000393
0.000381
0.000362
0.000337
0.000308
0.000282
0.000271
0.000282
0.000312
0.000353
0.000393
0.000415
0.000406
0.000371
0.000340
0.000344
0.000378
0.000411
0.000417
0.000394
0.000355
0.000314
0.000287
0.000281
0.000278
0.000253
0.000209
0.000176
0.000177
0.000201
0.000223
0.000234
0.000241
0.000253
0.000280
0.000326
0.000378
0.000407
0.000402
0.000391
0.000403
0.000433
0.000449
0.000436
0.000413
0.000406
0.000415
0.000427
0.000428
0.000416
0.000402
0.000395
0.000397
0.000386
0.000342
0.000270
0.000203
0.000174
0.000191
0.000245
0.000316
0.000383
0.000423
0.000423
0.000384
0.000322
0.000255
0.000203
0.000174
0.000159
0.000149
0.000150
0.000172
0.000210
0.000244
0.000264
0.000276
0.000282
0.000276
0.000255
0.000234
0.000229
0.000239
0.000248
0.000243
0.000228
0.000218
0.000230
0.000268
0.000320
0.000366
0.000402
0.000436
0.000475
0.000509
0.000530
0.000544
0.000564
0.000589
0.000608
0.000614
0.000605
0.000573
0.000510
0.000422
0.000338
0.000282
0.000253
0.000225
0.000183
0.000137
0.000117
0.000147
0.000223
0.000321
0.000410
0.000470
0.000492
0.000480
0.000438
0.000379
0.000315
0.000265
0.000241
0.000237
0.000237
0.000232
0.000229
0.000232
0.000226
0.000205
0.000190
0.000216
0.000282
0.000345
0.000365
0.000345
0.000316
0.000301
0.000302
0.000312
0.000326
0.000342
0.000356
0.000368
0.000369
0.000346
0.000305
0.000283
0.000309
0.000357
0.000372
0.000336
0.000290
0.000284
0.000324
0.000377
0.000427
0.000480
0.000538
0.000583
0.000588
0.000550
0.000488
0.000423
0.000370
0.000342
0.000348
0.000393
0.000464
0.000534
0.000575
0.000574
0.000549
0.000529
0.000533
0.000549
0.000555
0.000538
0.000508
0.000478
0.000453
0.000422
0.000380
0.000330
0.000288
0.000263
0.000252
0.000242
0.000224
0.000191
0.000145
0.000087
0.000027
-0.000013
-0.000015
0.000022
0.000070
0.000101
0.000121
0.000154
0.000210
0.000264
0.000286
0.000276
0.000266
0.000279
0.000306
0.000320
0.000305
0.000268
0.000234
0.000223
0.000235
0.000249
0.000246
0.000233
0.000230
0.000250
0.000279
0.000297
0.000294
0.000274
0.000252
0.000241
0.000249
0.000271
0.000295
0.000324
0.000379
0.000470
0.000570
0.000633
0.000642
0.000619
0.000587
0.000546
0.000486
0.000418
0.000360
0.000319
0.000283
0.000250
0.000229
0.000227
0.000234
0.000235
0.000229
0.000229
0.000244
0.000269
0.000284
0.000273
0.000245
0.000228
0.000241
0.000273
0.000297
0.000299
0.000288
0.000277
0.000277
0.000297
0.000341
0.000394
0.000426
0.000412
0.000365
0.000316
0.000291
0.000296
0.000318
0.000334
0.000324
0.000284
0.000240
0.000222
0.000236
0.000264
0.000279
0.000272
0.000254
0.000243
0.000254
0.000282
0.000310
0.000325
0.000331
0.000343
0.000371
0.000409
0.000443
0.000454
0.000430
0.000382
0.000340
0.000329
0.000345
0.000367
0.000383
0.000403
0.000426
0.000440
0.000439
0.000436
0.000446
0.000460
0.000461
0.000443
0.000423
0.000417
0.000424
0.000428
0.000409
0.000369
0.000329
0.000306
0.000295
0.000281
0.000270
0.000285
0.000334
0.000391
0.000435
0.000470
0.000507
0.000536
0.000541
0.000530
0.000527
0.000541
0.000551
0.000536
0.000500
0.000460
0.000432
0.000422
0.000417
0.000394
0.000349
0.000300
0.000265
0.000237
0.000197
0.000155
0.000144
0.000168
0.000196
0.000200
0.000192
0.000197
0.000221
0.000257
0.000304
0.000356
0.000386
0.000375
0.000334
0.000298
0.000288
0.000293
0.000298
0.000294
0.000280
0.000260
0.000240
0.000230
0.000232
0.000243
0.000261
0.000281
0.000295
0.000301
0.000310
0.000333
0.000365
0.000401
0.000447
0.000514
0.000590
0.000646
0.000662
0.000644
0.000600
0.000540
0.000479
0.000436
0.000415
0.000403
0.000382
0.000353
0.000325
0.000307
0.000309
0.000334
0.000367
0.000375
0.000347
0.000305
0.000286
0.000301
0.000339
0.000385
0.000435
0.000488
0.000543
0.000594
0.000626
0.000621
0.000581
0.000527
0.000481
0.000443
0.000406
0.000376
0.000367
0.000373
0.000382
0.000387
0.000392
0.000397
0.000389
0.000363
0.000322
0.000268
0.000211
0.000179
0.000195
0.000245
0.000286
0.000294
0.000290
0.000311
0.000357
0.000394
0.000403
0.000390
0.000376
0.000375
0.000387
0.000414
0.000450
0.000482
0.000492
0.000472
0.000429
0.000385
0.000356
0.000341
0.000323
0.000284
0.000225
0.000163
0.000120
0.000117
0.000156
0.000209
0.000240
0.000236
0.000215
0.000203
0.000199
0.000190
0.000175
0.000163
0.000149
0.000118
0.000067
0.000018
-0.000007
-0.000005
0.000015
0.000049
0.000094
0.000146
0.000192
0.000219
0.000222
0.000210
0.000205
0.000217
0.000231
0.000221
0.000185
0.000148
0.000134
0.000147
0.000177
0.000216
0.000256
0.000283
0.000280
0.000247
0.000195
0.000143
0.000113
0.000119
0.000151
0.000177
0.000172
0.000142
0.000112
0.000097
0.000100
0.000123
0.000169
0.000226
0.000281
0.000332
0.000387
0.000442
0.000480
0.000488
0.000471
0.000440
0.000397
0.000348
0.000308
0.000291
0.000293
0.000302
0.000308
0.000310
0.000314
0.000329
0.000362
0.000413
0.000468
0.000512
0.000530
0.000515
0.000468
0.000410
0.000372
0.000373
0.000397
0.000406
0.000378
0.000335
0.000320
0.000352
0.000407
0.000443
0.000444
0.000429
0.000429
0.000452
0.000485
0.000519
0.000552
0.000575
0.000572
0.000539
0.000495
0.000454
0.000419
0.000395
0.000388
0.000402
0.000419
0.000422
0.000408
0.000387
0.000362
0.000330
0.000293
0.000261
0.000240
0.000233
0.000248
0.000284
0.000322
0.000341
0.000341
0.000339
0.000342
0.000342
0.000329
0.000315
0.000312
0.000317
0.000318
0.000310
0.000300
0.000296
0.000303
0.000329
0.000371
0.000416
0.000447
0.000455
0.000442
0.000420
0.000392
0.000359
0.000320
0.000284
0.000267
0.000280
0.000311
0.000334
0.000336
0.000330
0.000344
0.000387
0.000446
0.000498
0.000528
0.000528
0.000498
0.000438
0.000354
0.000262
0.000188
0.000153
0.000155
0.000165
0.000167
0.000180
0.000226
0.000298
0.000353
0.000357
0.000316
0.000263
0.000223
0.000203
0.000206
0.000230
0.000266
0.000303
0.000326
0.000328
0.000308
0.000281
0.000276
0.000316
0.000387
0.000441
0.000441
0.000395
0.000347
0.000330
0.000334
0.000331
0.000306
0.000269
0.000230
0.000193
0.000165
0.000164
0.000204
0.000270
0.000323
0.000336
0.000319
0.000306
0.000321
0.000362
0.000403
0.000420
0.000404
0.000371
0.000350
0.000367
0.000427
0.000510
0.000589
0.000634
0.000628
0.000579
0.000513
0.000460
0.000429
0.000413
0.000404
0.000400
0.000399
0.000388
0.000361
0.000328
0.000314
0.000324
0.000344
0.000355
0.000362
0.000382
0.000417
0.000447
0.000451
0.000437
0.000429
0.000435
0.000436
0.000415
0.000379
0.000343
0.000305
0.000258
0.000210
0.000184
0.000178
0.000162
0.000118
0.000079
0.000091
0.000162
0.000251
0.000318
0.000348
0.000352
0.000347
0.000351
0.000375
0.000414
0.000447
0.000463
0.000471
0.000476
0.000469
0.000445
0.000422
0.000426
0.000455
0.000477
0.000464
0.000418
0.000369
0.000339
0.000335
0.000348
0.000367
0.000388
0.000412
0.000438
0.000465
0.000491
0.000524
0.000570
0.000624
0.000670
0.000689
0.000668
0.000609
0.000527
0.000443
0.000367
0.000292
0.000212
0.000141
0.000105
0.000110
0.000135
0.000162
0.000196
0.000251
0.000324
0.000393
0.000437
0.000450
0.000447
0.000453
0.000481
0.000523
0.000556
0.000567
0.000562
0.000547
0.000517
0.000474
0.000439
0.000427
0.000417
0.000376
0.000305
0.000252
0.000251
0.000281
0.000300
0.000294
0.000285
0.000290
0.000305
0.000321
0.000337
0.000345
0.000330
0.000292
0.000254
0.000242
0.000258
0.000289
0.000326
0.000366
0.000400
0.000423
0.000446
0.000486
0.000533
0.000556
0.000539
0.000497
0.000457
0.000419
0.000372
0.000318
0.000278
0.000267
0.000277
0.000294
0.000314
0.000335
0.000354
0.000363
0.000359
0.000344
0.000325
0.000308
0.000289
0.000261
0.000232
0.000224
0.000248
0.000284
0.000304
0.000299
0.000286
0.000279
0.000282
0.000295
0.000325
0.000371
0.000419
0.000459
0.000493
0.000520
0.000528
0.000514
0.000500
0.000508
0.000529
0.000527
0.000481
0.000404
0.000332
0.000296
0.000301
0.000323
0.000321
0.000278
0.000216
0.000176
0.000174
0.000188
0.000197
0.000198
0.000200
0.000204
0.000202
0.000190
0.000172
0.000157
0.000155
0.000174
0.000212
0.000256
0.000293
0.000320
0.000349
0.000390
0.000434
0.000463
0.000459
0.000423
0.000376
0.000356
0.000384
0.000448
0.000505
0.000514
0.000476
0.000429
0.000402
0.000389
0.000369
0.000344
0.000336
0.000351
0.000368
0.000369
0.000369
0.000393
0.000440
0.000488
0.000519
0.000529
0.000514
0.000470
0.000416
0.000381
0.000381
0.000395
0.000398
0.000389
0.000381
0.000374
0.000360
0.000340
0.000328
0.000331
0.000337
0.000333
0.000327
0.000342
0.000376
0.000390
0.000352
0.000275
0.000211
0.000191
0.000191
0.000176
0.000146
0.000129
0.000138
0.000157
0.000166
0.000164
0.000154
0.000137
0.000117
0.000103
0.000097
0.000095
0.000097
0.000112
0.000137
0.000149
0.000138
0.000126
0.000141
0.000178
0.000209
0.000217
0.000218
0.000235
0.000269
0.000304
0.000327
0.000346
0.000377
0.000421
0.000443
0.000415
0.000351
0.000304
0.000308
0.000340
0.000361
0.000359
0.000356
0.000370
0.000396
0.000420
0.000440
0.000461
0.000486
0.000512
0.000529
0.000524
0.000504
0.000490
0.000493
0.000498
0.000480
0.000446
0.000423
0.000419
0.000423
0.000435
0.000468
0.000516
0.000538
0.000511
0.000458
0.000425
0.000430
0.000453
0.000469
0.000468
0.000445
0.000402
0.000358
0.000338
0.000350
0.000381
0.000408
0.000413
0.000394
0.000358
0.000321
0.000291
0.000268
0.000246
0.000227
0.000226
0.000257
0.000319
0.000394
0.000464
0.000509
0.000513
0.000478
0.000424
0.000377
0.000345
0.000313
0.000271
0.000234
0.000232
0.000271
0.000331
0.000386
0.000423
0.000443
0.000450
0.000452
0.000458
0.000471
0.000478
0.000473
0.000463
0.000453
0.000446
0.000449
0.000481
0.000544
0.000614
0.000660
0.000680
0.000692
0.000701
0.000703
0.000705
0.000716
0.000720
0.000680
0.000588
0.000484
0.000415
0.000384
0.000368
0.000347
0.000320
0.000284
0.000239
0.000198
0.000185
0.000212
0.000271
0.000332
0.000361
0.000341
0.000287
0.000234
0.000217
0.000243
0.000303
0.000371
0.000421
0.000437
0.000444
0.000479
0.000540
0.000581
0.000566
0.000513
0.000459
0.000408
0.000342
0.000273
0.000241
0.000266
0.000325
0.000374
0.000392
0.000372
0.000320
0.000248
0.000180
0.000134
0.000121
0.000151
0.000221
0.000302
0.000355
0.000368
0.000364
0.000366
0.000374
0.000380
0.000384
0.000393
0.000412
0.000447
0.000490
0.000520
0.000515
0.000482
0.000452
0.000436
0.000412
0.000366
0.000314
0.000278
0.000253
0.000227
0.000209
0.000216
0.000236
0.000244
0.000241
0.000257
0.000313
0.000384
0.000430
0.000441
0.000446
0.000481
0.000551
0.000628
0.000675
0.000668
0.000610
0.000517
0.000410
0.000322
0.000285
0.000309
0.000365
0.000416
0.000437
0.000428
0.000397
0.000357
0.000331
0.000330
0.000349
0.000371
0.000393
0.000426
0.000469
0.000502
0.000500
0.000462
0.000408
0.000365
0.000354
0.000376
0.000418
0.000458
0.000478
0.000470
0.000437
0.000392
0.000361
0.000358
0.000376
0.000390
0.000389
0.000388
0.000404
0.000442
0.000496
0.000553
0.000602
0.000628
0.000631
0.000630
0.000638
0.000654
0.000660
0.000645
0.000620
0.000608
0.000620
0.000649
0.000671
0.000670
0.000650
0.000635
0.000640
0.000663
0.000687
0.000692
0.000669
0.000622
0.000566
0.000515
0.000466
0.000414
0.000366
0.000334
0.000317
0.000306
0.000298
0.000299
0.000307
0.000305
0.000291
0.000283
0.000304
0.000352
0.000404
0.000436
0.000437
0.000409
0.000359
0.000301
0.000248
0.000207
0.000188
0.000203
0.000260
0.000348
0.000437
0.000501
0.000530
0.000533
0.000521
0.000500
0.000474
0.000447
0.000428
0.000417
0.000407
0.000389
0.000363
0.000331
0.000299
0.000266
0.000235
0.000205
0.000174
0.000149
0.000148
0.000178
0.000226
0.000259
0.000265
0.000263
0.000273
0.000291
0.000300
0.000292
0.000278
0.000275
0.000292
0.000325
0.000359
0.000384
0.000401
0.000414
0.000414
0.000383
0.000329
0.000284
0.000274
0.000288
0.000299
0.000306
0.000322
0.000348
0.000371
0.000390
0.000419
0.000458
0.000483
0.000479
0.000456
0.000429
0.000404
0.000381
0.000366
0.000363
0.000366
0.000367
0.000376
0.000401
0.000435
0.000451
0.000439
0.000410
0.000394
0.000405
0.000433
0.000462
0.000482
0.000498
0.000506
0.000501
0.000482
0.000466
0.000470
0.000486
0.000493
0.000481
0.000460
0.000428
0.000376
0.000306
0.000248
0.000230
0.000256
0.000303
0.000354
0.000397
0.000433
0.000462
0.000483
0.000493
0.000491
0.000488
0.000496
0.000513
0.000522
0.000515
0.000501
0.000493
0.000492
0.000493
0.000485
0.000454
0.000400
0.000360
0.000381
0.000459
0.000534
0.000555
0.000537
0.000525
0.000529
0.000515
0.000475
0.000438
0.000429
0.000433
0.000425
0.000405
0.000392
0.000398
0.000415
0.000436
0.000446
0.000432
0.000386
0.000322
0.000260
0.000205
0.000157
0.000120
0.000106
0.000126
0.000175
0.000240
0.000298
0.000330
0.000337
0.000340
0.000351
0.000359
0.000346
0.000310
0.000267
0.000236
0.000221
0.000223
0.000236
0.000264
0.000312
0.000378
0.000435
0.000444
0.000391
0.000313
0.000261
0.000257
0.000277
0.000284
0.000265
0.000226
0.000181
0.000143
0.000127
0.000143
0.000188
0.000252
0.000321
0.000377
0.000407
0.000409
0.000396
0.000384
0.000381
0.000388
0.000413
0.000460
0.000520
0.000565
0.000577
0.000563
0.000544
0.000525
0.000500
0.000465
0.000430
0.000406
0.000389
0.000376
0.000369
0.000372
0.000379
0.000379
0.000373
0.000369
0.000372
0.000379
0.000392
0.000420
0.000460
0.000491
0.000500
0.000497
0.000498
0.000508
0.000516
0.000520
0.000522
0.000519
0.000504
0.000467
0.000407
0.000331
0.000263
0.000231
0.000255
0.000322
0.000394
0.000440
0.000444
0.000414
0.000363
0.000306
0.000250
0.000202
0.000174
0.000179
0.000215
0.000254
0.000274
0.000290
0.000332
0.000406
0.000475
0.000506
0.000499
0.000484
0.000484
0.000504
0.000528
0.000544
0.000551
0.000561
0.000582
0.000599
0.000590
0.000557
0.000522
0.000495
0.000465
0.000429
0.000410
0.000426
0.000454
0.000459
0.000440
0.000428
0.000438
0.000442
0.000420
0.000389
0.000378
0.000390
0.000403
0.000404
0.000402
0.000395
0.000370
0.000315
0.000243
0.000184
0.000164
0.000189
0.000237
0.000273
0.000278
0.000260
0.000251
0.000267
0.000290
0.000286
0.000247
0.000202
0.000180
0.000190
0.000211
0.000230
0.000250
0.000280
0.000319
0.000354
0.000379
0.000398
0.000420
0.000448
0.000478
0.000498
0.000497
0.000478
0.000458
0.000457
0.000474
0.000488
0.000482
0.000465
0.000460
0.000474
0.000490
0.000497
0.000497
0.000493
0.000478
0.000444
0.000396
0.000355
0.000331
0.000319
0.000308
0.000288
0.000258
0.000229
0.000216
0.000230
0.000260
0.000287
0.000311
0.000345
0.000394
0.000433
0.000436
0.000401
0.000349
0.000304
0.000282
0.000298
0.000347
0.000402
0.000423
0.000397
0.000349
0.000310
0.000284
0.000261
0.000235
0.000218
0.000224
0.000262
0.000330
0.000409
0.000466
0.000474
0.000428
0.000347
0.000263
0.000194
0.000143
0.000107
0.000087
0.000089
0.000114
0.000148
0.000171
0.000169
0.000153
0.000137
0.000121
0.000094
0.000058
0.000032
0.000033
0.000057
0.000081
0.000095
0.000104
0.000114
0.000113
0.000086
0.000040
0.000011
0.000030
0.000091
0.000165
0.000228
0.000278
0.000316
0.000337
0.000334
0.000317
0.000307
0.000312
0.000323
0.000325
0.000310
0.000285
0.000257
0.000226
0.000183
0.000124
0.000062
0.000023
0.000030
0.000076
0.000132
0.000171
0.000191
0.000203
0.000208
0.000201
0.000184
0.000170
0.000168
0.000172
0.000171
0.000168
0.000177
0.000210
0.000266
0.000329
0.000371
0.000371
0.000330
0.000276
0.000231
0.000190
0.000139
0.000082
0.000052
0.000069
0.000122
0.000187
0.000252
0.000317
0.000373
0.000413
0.000444
0.000476
0.000500
0.000489
0.000442
0.000391
0.000366
0.000367
0.000375
0.000378
0.000372
0.000356
0.000330
0.000307
0.000298
0.000292
0.000269
0.000230
0.000207
0.000223
0.000264
0.000294
0.000294
0.000270
0.000239
0.000204
0.000171
0.000154
0.000170
0.000220
0.000290
0.000356
0.000403
0.000427
0.000435
0.000447
0.000471
0.000495
0.000498
0.000473
0.000434
0.000403
0.000388
0.000384
0.000385
0.000391
0.000405
0.000434
0.000480
0.000524
0.000534
0.000494
0.000428
0.000378
0.000353
0.000332
0.000298
0.000269
0.000266
0.000285
0.000302
0.000302
0.000286
0.000257
0.000224
0.000206
0.000221
0.000260
0.000291
0.000290
0.000268
0.000251
0.000253
0.000264
0.000266
0.000252
0.000235
0.000230
0.000238
0.000250
0.000261
0.000278
0.000295
0.000293
0.000264
0.000231
0.000227
0.000255
0.000280
0.000267
0.000217
0.000168
0.000159
0.000198
0.000260
0.000301
0.000301
0.000279
0.000269
0.000281
0.000302
0.000319
0.000330
0.000330
0.000313
0.000282
0.000259
0.000258
0.000272
0.000283
0.000281
0.000266
0.000243
0.000223
0.000223
0.000249
0.000290
0.000329
0.000357
0.000377
0.000389
0.000405
0.000439
0.000486
0.000517
0.000503
0.000451
0.000390
0.000340
0.000296
0.000253
0.000220
0.000202
0.000192
0.000178
0.000159
0.000145
0.000141
0.000148
0.000160
0.000168
0.000166
0.000156
0.000155
0.000175
0.000210
0.000241
0.000259
0.000273
0.000290
0.000306
0.000311
0.000306
0.000299
0.000297
0.000306
0.000335
0.000381
0.000421
0.000425
0.000394
0.000362
0.000353
0.000357
0.000355
0.000348
0.000346
0.000338
0.000307
0.000258
0.000218
0.000190
0.000150
0.000088
0.000036
0.000031
0.000076
0.000152
0.000249
0.000361
0.000464
0.000522
0.000521
0.000482
0.000440
0.000425
0.000451
0.000508
0.000566
0.000592
0.000572
0.000519
0.000456
0.000413
0.000409
0.000442
0.000486
0.000513
0.000519
0.000515
0.000511
0.000512
0.000522
0.000536
0.000538
0.000512
0.000464
0.000421
0.000401
0.000401
0.000414
0.000433
0.000458
0.000483
0.000506
0.000515
0.000492
0.000431
0.000354
0.000297
0.000276
0.000275
0.000282
0.000299
0.000328
0.000356
0.000357
0.000329
0.000294
0.000275
0.000276
0.000276
0.000256
0.000219
0.000189
0.000189
0.000213
0.000246
0.000283
0.000333
0.000392
0.000444
0.000478
0.000499
0.000503
0.000482
0.000443
0.000413
0.000406
0.000404
0.000382
0.000335
0.000271
0.000205
0.000153
0.000142
0.000172
0.000216
0.000246
0.000272
0.000308
0.000340
0.000332
0.000279
0.000218
0.000187
0.000195
0.000224
0.000261
0.000290
0.000297
0.000280
0.000254
0.000238
0.000236
0.000244
0.000260
0.000286
0.000313
0.000329
0.000330
0.000319
0.000309
0.000309
0.000320
0.000334
0.000338
0.000330
0.000318
0.000306
0.000297
0.000290
0.000285
0.000285
0.000291
0.000307
0.000335
0.000371
0.000403
0.000421
0.000418
0.000393
0.000350
0.000302
0.000259
0.000221
0.000184
0.000155
0.000152
0.000172
0.000190
0.000186
0.000170
0.000169
0.000194
0.000229
0.000254
0.000271
0.000294
0.000326
0.000355
0.000374
0.000400
0.000451
0.000511
0.000526
0.000464
0.000352
0.000257
0.000214
0.000210
0.000217
0.000235
0.000267
0.000300
0.000309
0.000294
0.000280
0.000290
0.000317
0.000339
0.000342
0.000326
0.000296
0.000265
0.000246
0.000250
0.000276
0.000313
0.000353
0.000399
0.000451
0.000496
0.000520
0.000525
0.000528
0.000534
0.000529
0.000500
0.000454
0.000409
0.000369
0.000332
0.000300
0.000283
0.000276
0.000257
0.000213
0.000160
0.000124
0.000120
0.000142
0.000181
0.000230
0.000280
0.000321
0.000343
0.000338
0.000312
0.000293
0.000309
0.000367
0.000443
0.000505
0.000537
0.000538
0.000518
0.000492
0.000477
0.000475
0.000467
0.000435
0.000383
0.000332
0.000290
0.000251
0.000214
0.000193
0.000194
0.000214
0.000244
0.000275
0.000295
0.000284
0.000241
0.000188
0.000159
0.000174
0.000224
0.000295
0.000369
0.000433
0.000470
0.000470
0.000437
0.000386
0.000333
0.000288
0.000250
0.000221
0.000202
0.000193
0.000190
0.000191
0.000195
0.000206
0.000223
0.000245
0.000277
0.000327
0.000385
0.000434
0.000462
0.000477
0.000486
0.000485
0.000464
0.000424
0.000383
0.000352
0.000334
0.000335
0.000364
0.000417
0.000471
0.000501
0.000493
0.000453
0.000394
0.000327
0.000265
0.000224
0.000211
0.000222
0.000247
0.000276
0.000305
0.000330
0.000346
0.000351
0.000351
0.000358
0.000377
0.000403
0.000426
0.000444
0.000457
0.000461
0.000442
0.000393
0.000335
0.000296
0.000289
0.000302
0.000310
0.000302
0.000280
0.000260
0.000252
0.000262
0.000284
0.000305
0.000313
0.000309
0.000296
0.000279
0.000269
0.000273
0.000293
0.000325
0.000360
0.000394
0.000422
0.000429
0.000401
0.000345
0.000291
0.000269
0.000285
0.000329
0.000386
0.000447
0.000499
0.000521
0.000497
0.000431
0.000344
0.000261
0.000197
0.000151
0.000119
0.000098
0.000094
0.000110
0.000137
0.000161
0.000170
0.000166
0.000159
0.000165
0.000192
0.000236
0.000286
0.000337
0.000388
0.000443
0.000491
0.000514
0.000510
0.000492
0.000478
0.000469
0.000457
0.000438
0.000420
0.000407
0.000398
0.000393
0.000402
0.000430
0.000463
0.000478
0.000463
0.000426
0.000388
0.000367
0.000364
0.000374
0.000389
0.000405
0.000430
0.000475
0.000543
0.000624
0.000700
0.000753
0.000772
0.000757
0.000718
0.000667
0.000617
0.000573
0.000542
0.000522
0.000503
0.000480
0.000457
0.000448
0.000451
0.000451
0.000441
0.000431
0.000425
0.000409
0.000370
0.000318
0.000276
0.000249
0.000224
0.000201
0.000195
0.000219
0.000265
0.000312
0.000349
0.000377
0.000402
0.000431
0.000459
0.000472
0.000462
0.000435
0.000409
0.000395
0.000396
0.000409
0.000428
0.000438
0.000433
0.000427
0.000439
0.000467
0.000491
0.000494
0.000482
0.000468
0.000456
0.000445
0.000432
0.000409
0.000371
0.000338
0.000337
0.000367
0.000384
0.000357
0.000309
0.000286
0.000304
0.000337
0.000355
0.000355
0.000339
0.000310
0.000279
0.000263
0.000273
0.000297
0.000320
0.000338
0.000353
0.000363
0.000367
0.000366
0.000365
0.000377
0.000417
0.000483
0.000550
0.000594
0.000611
0.000611
0.000593
0.000546
0.000478
0.000425
0.000402
0.000394
0.000376
0.000350
0.000342
0.000367
0.000421
0.000485
0.000533
0.000542
0.000508
0.000453
0.000405
0.000378
0.000365
0.000358
0.000353
0.000344
0.000325
0.000292
0.000255
0.000225
0.000210
0.000210
0.000212
0.000206
0.000190
0.000176
0.000177
0.000192
0.000214
0.000234
0.000250
0.000263
0.000276
0.000284
0.000277
0.000256
0.000240
0.000248
0.000279
0.000317
0.000354
0.000395
0.000440
0.000472
0.000482
0.000483
0.000490
0.000498
0.000499
0.000499
0.000510
0.000519
0.000496
0.000424
0.000332
0.000269
0.000265
0.000306
0.000357
0.000384
0.000376
0.000337
0.000285
0.000239
0.000210
0.000199
0.000198
0.000206
0.000224
0.000247
0.000254
0.000229
0.000186
0.000157
0.000153
0.000154
0.000147
0.000150
0.000192
0.000268
0.000348
0.000410
0.000446
0.000447
0.000401
0.000321
0.000240
0.000184
0.000161
0.000169
0.000213
0.000285
0.000355
0.000400
0.000421
0.000437
0.000456
0.000468
0.000465
0.000449
0.000431
0.000421
0.000426
0.000444
0.000461
0.000460
0.000433
0.000403
0.000397
0.000426
0.000468
0.000484
0.000459
0.000412
0.000382
0.000385
0.000405
0.000417
0.000405
0.000369
0.000316
0.000253
0.000201
0.000177
0.000189
0.000221
0.000249
0.000258
0.000253
0.000250
0.000262
0.000275
0.000267
0.000229
0.000185
0.000169
0.000185
0.000201
0.000190
0.000163
0.000158
0.000190
0.000235
0.000259
0.000256
0.000243
0.000232
0.000222
0.000217
0.000235
0.000283
0.000348
0.000406
0.000448
0.000478
0.000503
0.000519
0.000528
0.000534
0.000542
0.000549
0.000537
0.000497
0.000435
0.000375
0.000335
0.000308
0.000270
0.000218
0.000179
0.000181
0.000226
0.000286
0.000335
0.000365
0.000385
0.000404
0.000421
0.000420
0.000392
0.000345
0.000304
0.000274
0.000242
0.000201
0.000166
0.000147
0.000126
0.000084
0.000040
0.000038
0.000094
0.000180
0.000269
0.000348
0.000409
0.000439
0.000444
0.000451
0.000473
0.000496
0.000503
0.000505
0.000512
0.000513
0.000493
0.000457
0.000425
0.000388
0.000325
0.000240
0.000174
0.000167
0.000216
0.000282
0.000333
0.000358
0.000364
0.000362
0.000363
0.000377
0.000410
0.000458
0.000498
0.000508
0.000490
0.000468
0.000460
0.000463
0.000466
0.000469
0.000474
0.000469
0.000441
0.000390
0.000339
0.000311
0.000316
0.000350
0.000400
0.000445
0.000477
0.000504
0.000540
0.000579
0.000598
0.000582
0.000529
0.000457
0.000395
0.000366
0.000369
0.000377
0.000356
0.000309
0.000267
0.000258
0.000287
0.000341
0.000406
0.000461
0.000493
0.000499
0.000492
0.000479
0.000457
0.000421
0.000374
0.000326
0.000286
0.000258
0.000240
0.000225
0.000215
0.000225
0.000265
0.000322
0.000367
0.000388
0.000405
0.000440
0.000477
0.000482
0.000438
0.000367
0.000310
0.000284
0.000271
0.000241
0.000185
0.000129
0.000099
0.000094
0.000090
0.000077
0.000066
0.000062
0.000050
0.000022
0.000001
0.000021
0.000089
0.000172
0.000233
0.000253
0.000235
0.000195
0.000155
0.000135
0.000138
0.000151
0.000162
0.000173
0.000201
0.000255
0.000320
0.000362
0.000358
0.000317
0.000272
0.000247
0.000243
0.000251
0.000267
0.000284
0.000294
0.000297
0.000313
0.000359
0.000426
0.000480
0.000490
0.000453
0.000388
0.000317
0.000260
0.000228
0.000222
0.000227
0.000222
0.000195
0.000162
0.000155
0.000193
0.000258
0.000312
0.000337
0.000348
0.000363
0.000380
0.000382
0.000369
0.000360
0.000367
0.000387
0.000410
0.000432
0.000444
0.000431
0.000388
0.000332
0.000286
0.000258
0.000236
0.000213
0.000190
0.000178
0.000185
0.000219
0.000278
0.000338
0.000370
0.000360
0.000333
0.000321
0.000333
0.000355
0.000376
0.000398
0.000420
0.000424
0.000398
0.000352
0.000304
0.000267
0.000238
0.000222
0.000220
0.000231
0.000246
0.000261
0.000273
0.000281
0.000290
0.000309
0.000346
0.000394
0.000444
0.000498
0.000553
0.000589
0.000585
0.000553
0.000532
0.000535
0.000535
0.000502
0.000452
0.000423
0.000424
0.000436
0.000442
0.000451
0.000473
0.000506
0.000536
0.000550
0.000541
0.000510
0.000473
0.000446
0.000431
0.000412
0.000385
0.000358
0.000338
0.000317
0.000297
0.000290
0.000303
0.000318
0.000319
0.000313
0.000323
0.000350
0.000374
0.000383
0.000387
0.000405
0.000439
0.000479
0.000517
0.000549
0.000572
0.000587
0.000601
0.000612
0.000608
0.000577
0.000528
0.000481
0.000443
0.000402
0.000353
0.000308
0.000284
0.000294
0.000339
0.000417
0.000503
0.000561
0.000568
0.000544
0.000522
0.000514
0.000504
0.000472
0.000422
0.000372
0.000345
0.000355
0.000399
0.000452
0.000486
0.000500
0.000508
0.000508
0.000483
0.000426
0.000363
0.000321
0.000306
0.000307
0.000314
0.000321
0.000319
0.000305
0.000292
0.000287
0.000284
0.000271
0.000254
0.000240
0.000223
0.000193
0.000164
0.000158
0.000170
0.000169
0.000141
0.000105
0.000087
0.000093
0.000117
0.000159
0.000212
0.000251
0.000256
0.000237
0.000226
0.000233
0.000238
0.000221
0.000199
0.000205
0.000245
0.000287
0.000294
0.000262
0.000223
0.000202
0.000200
0.000206
0.000210
0.000207
0.000191
0.000157
0.000114
0.000073
0.000042
0.000027
0.000040
0.000084
0.000139
0.000181
0.000204
0.000223
0.000244
0.000266
0.000289
0.000323
0.000366
0.000401
0.000412
0.000402
0.000382
0.000354
0.000321
0.000292
0.000280
0.000281
0.000285
0.000289
0.000291
0.000298
0.000313
0.000340
0.000368
0.000387
0.000396
0.000406
0.000417
0.000413
0.000383
0.000339
0.000299
0.000273
0.000255
0.000243
0.000236
0.000229
0.000220
0.000217
0.000225
0.000240
0.000251
0.000261
0.000278
0.000306
0.000341
0.000376
0.000405
0.000419
0.000424
0.000431
0.000447
0.000467
0.000478
0.000478
0.000466
0.000438
0.000393
0.000343
0.000305
0.000285
0.000284
0.000309
0.000355
0.000394
0.000399
0.000381
0.000374
0.000402
0.000455
0.000518
0.000584
0.000639
0.000658
0.000635
0.000595
0.000569
0.000566
0.000570
0.000568
0.000557
0.000534
0.000495
0.000451
0.000416
0.000394
0.000369
0.000326
0.000274
0.000239
0.000240
0.000271
0.000313
0.000347
0.000372
0.000396
0.000416
0.000420
0.000401
0.000371
0.000345
0.000335
0.000337
0.000342
0.000344
0.000344
0.000346
0.000346
0.000338
0.000322
0.000306
0.000297
0.000293
0.000285
0.000275
0.000263
0.000243
0.000217
0.000204
0.000224
0.000265
0.000295
0.000307
0.000332
0.000391
0.000460
0.000496
0.000490
0.000459
0.000419
0.000366
0.000302
0.000240
0.000187
0.000144
0.000114
0.000110
0.000131
0.000161
0.000188
0.000219
0.000258
0.000299
0.000326
0.000338
0.000340
0.000335
0.000325
0.000311
0.000291
0.000259
0.000218
0.000178
0.000147
0.000121
0.000091
0.000064
0.000053
0.000063
0.000090
0.000129
0.000175
0.000212
0.000222
0.000203
0.000174
0.000156
0.000151
0.000155
0.000167
0.000185
0.000202
0.000219
0.000244
0.000276
0.000300
0.000307
0.000322
0.000375
0.000463
0.000548
0.000596
0.000600
0.000566
0.000496
0.000401
0.000322
0.000287
0.000280
0.000259
0.000211
0.000169
0.000165
0.000192
0.000226
0.000251
0.000269
0.000280
0.000278
0.000260
0.000224
0.000177
0.000140
0.000142
0.000192
0.000267
0.000328
0.000355
0.000358
0.000354
0.000352
0.000362
0.000391
0.000436
0.000480
0.000504
0.000509
0.000512
0.000526
0.000548
0.000560
0.000553
0.000525
0.000482
0.000432
0.000383
0.000350
0.000346
0.000374
0.000419
0.000462
0.000494
0.000510
0.000505
0.000484
0.000468
0.000471
0.000483
0.000478
0.000449
0.000418
0.000404
0.000400
0.000385
0.000356
0.000330
0.000306
0.000267
0.000204
0.000133
0.000083
0.000072
0.000096
0.000135
0.000164
0.000172
0.000170
0.000193
0.000261
0.000359
0.000452
0.000518
0.000561
0.000591
0.000610
0.000604
0.000564
0.000495
0.000416
0.000348
0.000297
0.000267
0.000264
0.000294
0.000336
0.000349
0.000318
0.000284
0.000298
0.000358
0.000408
0.000413
0.000396
0.000401
0.000435
0.000467
0.000478
0.000479
0.000485
0.000500
0.000517
0.000529
0.000531
0.000525
0.000518
0.000521
0.000534
0.000547
0.000554
0.000553
0.000554
0.000566
0.000581
0.000575
0.000526
0.000449
0.000389
0.000379
0.000401
0.000411
0.000388
0.000348
0.000314
0.000298
0.000294
0.000296
0.000300
0.000308
0.000328
0.000362
0.000396
0.000414
0.000418
0.000430
0.000451
0.000465
0.000462
0.000457
0.000466
0.000488
0.000518
0.000548
0.000563
0.000549
0.000508
0.000467
0.000440
0.000422
0.000406
0.000408
0.000441
0.000487
0.000521
0.000538
0.000555
0.000572
0.000570
0.000545
0.000515
0.000500
0.000504
0.000522
0.000543
0.000549
0.000516
0.000442
0.000359
0.000305
0.000294
0.000310
0.000332
0.000346
0.000346
0.000322
0.000271
0.000201
0.000138
0.000110
0.000123
0.000159
0.000200
0.000243
0.000290
0.000330
0.000351
0.000360
0.000372
0.000396
0.000428
0.000464
0.000497
0.000505
0.000471
0.000407
0.000345
0.000303
0.000272
0.000251
0.000250
0.000275
0.000308
0.000329
0.000339
0.000341
0.000325
0.000288
0.000250
0.000236
0.000247
0.000266
0.000280
0.000291
0.000295
0.000287
0.000276
0.000278
0.000295
0.000314
0.000323
0.000322
0.000316
0.000312
0.000313
0.000316
0.000309
0.000276
0.000224
0.000179
0.000159
0.000157
0.000150
0.000124
0.000085
0.000059
0.000064
0.000098
0.000141
0.000180
0.000223
0.000277
0.000324
0.000337
0.000309
0.000261
0.000217
0.000190
0.000182
0.000188
0.000196
0.000195
0.000193
0.000197
0.000196
0.000155
0.000067
-0.000036
-0.000108
-0.000129
-0.000107
-0.000050
0.000037
0.000143
0.000251
0.000345
0.000415
0.000446
0.000430
0.000378
0.000320
0.000282
0.000269
0.000266
0.000257
0.000244
0.000236
0.000244
0.000265
0.000282
0.000287
0.000280
0.000268
0.000252
0.000225
0.000189
0.000158
0.000146
0.000154
0.000172
0.000189
0.000200
0.000211
0.000223
0.000237
0.000249
0.000258
0.000269
0.000281
0.000283
0.000263
0.000232
0.000221
0.000254
0.000320
0.000378
0.000395
0.000370
0.000341
0.000341
0.000379
0.000427
0.000450
0.000431
0.000381
0.000325
0.000281
0.000250
0.000223
0.000200
0.000183
0.000176
0.000182
0.000209
0.000263
0.000336
0.000400
0.000424
0.000404
0.000365
0.000337
0.000334
0.000349
0.000368
0.000379
0.000370
0.000330
0.000261
0.000184
0.000139
0.000153
0.000212
0.000266
0.000272
0.000232
0.000181
0.000150
0.000145
0.000160
0.000191
0.000235
0.000277
0.000302
0.000306
0.000300
0.000294
0.000290
0.000288
0.000288
0.000290
0.000291
0.000282
0.000260
0.000235
0.000224
0.000237
0.000270
0.000303
0.000315
0.000300
0.000271
0.000249
0.000240
0.000234
0.000218
0.000210
0.000238
0.000300
0.000348
0.000335
0.000267
0.000195
0.000160
0.000165
0.000191
0.000221
0.000245
0.000252
0.000246
0.000239
0.000240
0.000239
0.000223
0.000201
0.000184
0.000170
0.000150
0.000130
0.000126
0.000139
0.000147
0.000133
0.000100
0.000063
0.000043
0.000058
0.000116
0.000205
0.000293
0.000354
0.000380
0.000379
0.000363
0.000345
0.000332
0.000324
0.000311
0.000292
0.000279
0.000275
0.000269
0.000247
0.000212
0.000181
0.000168
0.000176
0.000210
0.000273
0.000357
0.000436
0.000479
0.000477
0.000450
0.000431
0.000438
0.000460
0.000466
0.000442
0.000406
0.000392
0.000409
0.000438
0.000451
0.000441
0.000416
0.000390
0.000370
0.000360
0.000363
0.000376
0.000392
0.000401
0.000395
0.000380
0.000365
0.000352
0.000335
0.000309
0.000284
0.000274
0.000271
0.000254
0.000215
0.000176
0.000161
0.000166
0.000170
0.000158
0.000133
0.000108
0.000092
0.000091
0.000100
0.000098
0.000070
0.000027
-0.000005
-0.000006
0.000019
0.000059
0.000109
0.000167
0.000219
0.000253
0.000269
0.000272
0.000266
0.000259
0.000259
0.000270
0.000283
0.000292
0.000300
0.000310
0.000311
0.000293
0.000270
0.000266
0.000288
0.000314
0.000326
0.000328
0.000335
0.000348
0.000355
0.000354
0.000354
0.000363
0.000378
0.000390
0.000391
0.000375
0.000342
0.000297
0.000253
0.000225
0.000232
0.000284
0.000368
0.000451
0.000503
0.000521
0.000525
0.000528
0.000536
0.000555
0.000588
0.000629
0.000660
0.000671
0.000670
0.000666
0.000651
0.000610
0.000541
0.000468
0.000414
0.000392
0.000393
0.000400
0.000401
0.000395
0.000402
0.000440
0.000503
0.000551
0.000551
0.000497
0.000414
0.000328
0.000256
0.000216
0.000221
0.000256
0.000280
0.000262
0.000211
0.000162
0.000136
0.000121
0.000102
0.000082
0.000074
0.000087
0.000118
0.000159
0.000199
0.000224
0.000235
0.000245
0.000264
0.000286
0.000292
0.000273
0.000241
0.000217
0.000203
0.000189
0.000162
0.000126
0.000098
0.000088
0.000098
0.000129
0.000184
0.000253
0.000305
0.000312
0.000279
0.000240
0.000223
0.000236
0.000275
0.000336
0.000401
0.000440
0.000438
0.000414
0.000400
0.000412
0.000437
0.000457
0.000459
0.000436
0.000392
0.000348
0.000321
0.000313
0.000314
0.000323
0.000342
0.000359
0.000349
0.000304
0.000249
0.000212
0.000196
0.000187
0.000177
0.000175
0.000186
0.000201
0.000209
0.000210
0.000204
0.000189
0.000167
0.000154
0.000169
0.000216
0.000273
0.000317
0.000346
0.000381
0.000428
0.000471
0.000490
0.000488
0.000484
0.000487
0.000482
0.000458
0.000422
0.000393
0.000382
0.000382
0.000377
0.000355
0.000319
0.000284
0.000269
0.000282
0.000314
0.000346
0.000360
0.000355
0.000343
0.000349
0.000387
0.000445
0.000487
0.000479
0.000417
0.000335
0.000274
0.000256
0.000270
0.000286
0.000290
0.000294
0.000309
0.000332
0.000353
0.000373
0.000398
0.000421
0.000425
0.000407
0.000379
0.000349
0.000314
0.000280
0.000260
0.000266
0.000289
0.000318
0.000354
0.000397
0.000441
0.000486
0.000540
0.000592
0.000604
0.000557
0.000478
0.000419
0.000389
0.000355
0.000295
0.000230
0.000193
0.000193
0.000220
0.000264
0.000316
0.000362
0.000390
0.000403
0.000411
0.000421
0.000437
0.000469
0.000514
0.000553
0.000565
0.000544
0.000496
0.000426
0.000345
0.000281
0.000263
0.000289
0.000331
0.000368
0.000407
0.000450
0.000471
0.000451
0.000402
0.000367
0.000364
0.000373
0.000370
0.000358
0.000355
0.000365
0.000376
0.000385
0.000406
0.000442
0.000471
0.000469
0.000426
0.000361
0.000294
0.000246
0.000226
0.000231
0.000249
0.000269
0.000295
0.000332
0.000375
0.000411
0.000432
0.000444
0.000448
0.000436
0.000406
0.000375
0.000365
0.000385
0.000418
0.000435
0.000419
0.000378
0.000341
0.000325
0.000332
0.000354
0.000390
0.000436
0.000476
0.000493
0.000496
0.000499
0.000490
0.000442
0.000359
0.000290
0.000278
0.000312
0.000352
0.000380
0.000409
0.000449
0.000489
0.000514
0.000524
0.000522
0.000507
0.000489
0.000486
0.000506
0.000537
0.000560
0.000566
0.000554
0.000525
0.000484
0.000450
0.000442
0.000455
0.000470
0.000465
0.000433
0.000386
0.000347
0.000326
0.000316
0.000300
0.000278
0.000269
0.000286
0.000320
0.000351
0.000367
0.000369
0.000360
0.000350
0.000360
0.000408
0.000486
0.000554
0.000580
0.000571
0.000565
0.000587
0.000621
0.000632
0.000606
0.000560
0.000516
0.000478
0.000438
0.000397
0.000368
0.000361
0.000371
0.000394
0.000427
0.000459
0.000477
0.000473
0.000456
0.000434
0.000404
0.000369
0.000345
0.000345
0.000352
0.000338
0.000292
0.000234
0.000186
0.000159
0.000158
0.000186
0.000236
0.000283
0.000312
0.000329
0.000347
0.000363
0.000367
0.000365
0.000369
0.000380
0.000387
0.000391
0.000404
0.000433
0.000466
0.000481
0.000467
0.000426
0.000366
0.000308
0.000276
0.000279
0.000305
0.000338
0.000372
0.000414
0.000462
0.000500
0.000508
0.000483
0.000437
0.000390
0.000359
0.000351
0.000360
0.000372
0.000377
0.000376
0.000375
0.000376
0.000376
0.000372
0.000362
0.000351
0.000338
0.000321
0.000293
0.000260
0.000238
0.000243
0.000274
0.000318
0.000367
0.000418
0.000458
0.000469
0.000450
0.000428
0.000436
0.000479
0.000535
0.000575
0.000587
0.000572
0.000536
0.000489
0.000445
0.000413
0.000394
0.000385
0.000385
0.000388
0.000386
0.000370
0.000344
0.000321
0.000310
0.000318
0.000349
0.000399
0.000452
0.000488
0.000504
0.000510
0.000521
0.000532
0.000532
0.000507
0.000461
0.000408
0.000361
0.000328
0.000303
0.000285
0.000275
0.000272
0.000265
0.000246
0.000219
0.000201
0.000200
0.000209
0.000216
0.000221
0.000236
0.000265
0.000301
0.000334
0.000361
0.000382
0.000393
0.000391
0.000378
0.000366
0.000362
0.000364
0.000365
0.000369
0.000377
0.000383
0.000370
0.000333
0.000293
0.000274
0.000275
0.000272
0.000247
0.000207
0.000163
0.000118
0.000079
0.000066
0.000088
0.000126
0.000161
0.000200
0.000256
0.000310
0.000324
0.000292
0.000252
0.000243
0.000257
0.000267
0.000269
0.000282
0.000311
0.000341
0.000354
0.000345
0.000320
0.000290
0.000275
0.000290
0.000327
0.000353
0.000343
0.000294
0.000224
0.000160
0.000133
0.000159
0.000230
0.000314
0.000388
0.000449
0.000489
0.000485
0.000429
0.000349
0.000275
0.000212
0.000146
0.000086
0.000066
0.000099
0.000165
0.000237
0.000309
0.000386
0.000454
0.000492
0.000491
0.000469
0.000449
0.000438
0.000428
0.000406
0.000369
0.000326
0.000289
0.000267
0.000263
0.000279
0.000316
0.000365
0.000404
0.000408
0.000379
0.000339
0.000310
0.000294
0.000279
0.000259
0.000240
0.000226
0.000211
0.000182
0.000144
0.000119
0.000126
0.000162
0.000203
0.000233
0.000250
0.000257
0.000261
0.000262
0.000263
0.000264
0.000260
0.000255
0.000261
0.000287
0.000328
0.000364
0.000380
0.000374
0.000352
0.000324
0.000294
0.000264
0.000239
0.000231
0.000247
0.000281
0.000318
0.000348
0.000374
0.000392
0.000397
0.000396
0.000411
0.000451
0.000492
0.000503
0.000486
0.000467
0.000463
0.000466
0.000476
0.000510
0.000571
0.000624
0.000632
0.000594
0.000543
0.000510
0.000492
0.000476
0.000453
0.000424
0.000389
0.000351
0.000315
0.000283
0.000261
0.000256
0.000272
0.000305
0.000344
0.000384
0.000415
0.000428
0.000419
0.000401
0.000394
0.000403
0.000414
0.000408
0.000381
0.000337
0.000283
0.000223
0.000173
0.000148
0.000158
0.000202
0.000276
0.000365
0.000451
0.000517
0.000553
0.000560
0.000541
0.000506
0.000475
0.000471
0.000498
0.000534
0.000546
0.000521
0.000474
0.000424
0.000385
0.000364
0.000368
0.000395
0.000431
0.000453
0.000450
0.000435
0.000421
0.000409
0.000392
0.000373
0.000355
0.000330
0.000285
0.000224
0.000172
0.000150
0.000151
0.000156
0.000161
0.000172
0.000195
0.000216
0.000220
0.000201
0.000173
0.000151
0.000147
0.000164
0.000198
0.000241
0.000281
0.000304
0.000306
0.000300
0.000301
0.000308
0.000300
0.000270
0.000238
0.000229
0.000239
0.000247
0.000244
0.000245
0.000262
0.000290
0.000310
0.000312
0.000297
0.000277
0.000268
0.000279
0.000300
0.000312
0.000308
0.000298
0.000299
0.000313
0.000332
0.000352
0.000374
0.000403
0.000434
0.000450
0.000429
0.000363
0.000274
0.000208
0.000190
0.000207
0.000225
0.000229
0.000231
0.000246
0.000274
0.000307
0.000343
0.000381
0.000412
0.000428
0.000426
0.000412
0.000384
0.000334
0.000259
0.000171
0.000094
0.000049
0.000044
0.000079
0.000141
0.000209
0.000255
0.000259
0.000226
0.000178
0.000136
0.000104
0.000081
0.000073
0.000086
0.000120
0.000164
0.000211
0.000258
0.000298
0.000323
0.000323
0.000298
0.000257
0.000215
0.000184
0.000169
0.000175
0.000199
0.000239
0.000280
0.000303
0.000305
0.000296
0.000288
0.000279
0.000263
0.000245
0.000237
0.000243
0.000261
0.000290
0.000330
0.000370
0.000390
0.000381
0.000350
0.000318
0.000304
0.000310
0.000326
0.000334
0.000317
0.000277
0.000228
0.000182
0.000150
0.000151
0.000193
0.000258
0.000300
0.000290
0.000245
0.000207
0.000196
0.000201
0.000203
0.000199
0.000192
0.000182
0.000170
0.000165
0.000183
0.000233
0.000309
0.000388
0.000443
0.000466
0.000469
0.000465
0.000461
0.000461
0.000474
0.000504
0.000539
0.000550
0.000512
0.000430
0.000337
0.000273
0.000257
0.000269
0.000277
0.000269
0.000265
0.000280
0.000303
0.000310
0.000302
0.000295
0.000294
0.000281
0.000243
0.000197
0.000175
0.000193
0.000240
0.000295
0.000342
0.000378
0.000408
0.000436
0.000457
0.000459
0.000440
0.000411
0.000385
0.000364
0.000350
0.000342
0.000340
0.000341
0.000344
0.000358
0.000385
0.000411
0.000420
0.000410
0.000390
0.000366
0.000342
0.000333
0.000351
0.000387
0.000418
0.000440
0.000465
0.000494
0.000508
0.000496
0.000471
0.000463
0.000475
0.000487
0.000478
0.000440
0.000377
0.000301
0.000229
0.000179
0.000158
0.000171
0.000217
0.000284
0.000337
0.000355
0.000352
0.000369
0.000419
0.000473
0.000505
0.000516
0.000521
0.000510
0.000463
0.000392
0.000335
0.000319
0.000333
0.000356
0.000378
0.000397
0.000402
0.000379
0.000336
0.000303
0.000306
0.000343
0.000392
0.000430
0.000450
0.000460
0.000462
0.000450
0.000417
0.000375
0.000344
0.000337
0.000351
0.000369
0.000378
0.000374
0.000359
0.000344
0.000344
0.000360
0.000383
0.000392
0.000370
0.000313
0.000237
0.000176
0.000161
0.000193
0.000239
0.000261
0.000247
0.000219
0.000210
0.000243
0.000313
0.000390
0.000435
0.000433
0.000401
0.000373
0.000367
0.000378
0.000388
0.000379
0.000346
0.000301
0.000271
0.000272
0.000305
0.000355
0.000412
0.000466
0.000508
0.000527
0.000517
0.000483
0.000438
0.000392
0.000356
0.000331
0.000316
0.000300
0.000276
0.000246
0.000217
0.000201
0.000205
0.000228
0.000256
0.000274
0.000274
0.000253
0.000215
0.000166
0.000125
0.000109
0.000123
0.000151
0.000177
0.000190
0.000198
0.000203
0.000195
0.000157
0.000090
0.000023
-0.000005
0.000027
0.000101
0.000181
0.000237
0.000255
0.000240
0.000208
0.000182
0.000179
0.000205
0.000256
0.000319
0.000377
0.000412
0.000425
0.000430
0.000437
0.000437
0.000422
0.000401
0.000389
0.000392
0.000406
0.000429
0.000461
0.000486
0.000487
0.000474
0.000472
0.000485
0.000491
0.000478
0.000463
0.000458
0.000448
0.000413
0.000372
0.000353
0.000360
0.000370
0.000374
0.000386
0.000411
0.000426
0.000412
0.000383
0.000367
0.000370
0.000371
0.000358
0.000343
0.000349
0.000374
0.000394
0.000394
0.000392
0.000414
0.000459
0.000497
0.000508
0.000499
0.000487
0.000467
0.000423
0.000361
0.000315
0.000309
0.000335
0.000362
0.000364
0.000346
0.000326
0.000316
0.000314
0.000313
0.000317
0.000327
0.000334
0.000317
0.000270
0.000212
0.000169
0.000143
0.000117
0.000081
0.000048
0.000035
0.000051
0.000093
0.000145
0.000194
0.000232
0.000261
0.000286
0.000301
0.000302
0.000295
0.000285
0.000269
0.000247
0.000233
0.000241
0.000266
0.000293
0.000316
0.000343
0.000378
0.000411
0.000426
0.000422
0.000406
0.000392
0.000388
0.000400
0.000424
0.000456
0.000500
0.000555
0.000604
0.000626
0.000630
0.000641
0.000659
0.000647
0.000574
0.000456
0.000341
0.000270
0.000246
0.000250
0.000257
0.000249
0.000231
0.000225
0.000244
0.000277
0.000302
0.000323
0.000356
0.000398
0.000425
0.000422
0.000395
0.000361
0.000332
0.000324
0.000353
0.000414
0.000467
0.000469
0.000415
0.000349
0.000319
0.000340
0.000393
0.000452
0.000499
0.000528
0.000536
0.000525
0.000502
0.000472
0.000438
0.000412
0.000409
0.000431
0.000461
0.000476
0.000468
0.000449
0.000426
0.000393
0.000350
0.000314
0.000314
0.000360
0.000430
0.000484
0.000492
0.000461
0.000422
0.000404
0.000404
0.000398
0.000379
0.000367
0.000382
0.000413
0.000432
0.000423
0.000392
0.000348
0.000293
0.000236
0.000192
0.000164
0.000137
0.000099
0.000065
0.000069
0.000123
0.000203
0.000269
0.000301
0.000312
0.000329
0.000365
0.000407
0.000442
0.000476
0.000517
0.000552
0.000545
0.000482
0.000396
0.000337
0.000326
0.000340
0.000349
0.000347
0.000345
0.000355
0.000376
0.000413
0.000465
0.000523
0.000558
0.000556
0.000528
0.000502
0.000497
0.000504
0.000504
0.000489
0.000466
0.000450
0.000449
0.000460
0.000473
0.000478
0.000473
0.000462
0.000455
0.000458
0.000471
0.000480
0.000471
0.000440
0.000404
0.000376
0.000356
0.000329
0.000294
0.000262
0.000246
0.000247
0.000255
0.000260
0.000247
0.000218
0.000188
0.000177
0.000184
0.000184
0.000168
0.000155
0.000168
0.000206
0.000256
0.000305
0.000342
0.000350
0.000320
0.000268
0.000223
0.000194
0.000178
0.000176
0.000188
0.000202
0.000201
0.000189
0.000186
0.000205
0.000230
0.000247
0.000258
0.000265
0.000267
0.000261
0.000257
0.000257
0.000254
0.000239
0.000206
0.000156
0.000096
0.000047
0.000038
0.000075
0.000132
0.000174
0.000191
0.000194
0.000195
0.000194
0.000184
0.000157
0.000115
0.000078
0.000076
0.000113
0.000161
0.000188
0.000193
0.000197
0.000216
0.000254
0.000306
0.000362
0.000406
0.000425
0.000426
0.000424
0.000422
0.000421
0.000425
0.000431
0.000424
0.000389
0.000345
0.000329
0.000355
0.000399
0.000422
0.000406
0.000351
0.000278
0.000224
0.000220
0.000266
0.000324
0.000359
0.000366
0.000356
0.000336
0.000309
0.000278
0.000250
0.000224
0.000202
0.000195
0.000205
0.000224
0.000241
0.000254
0.000267
0.000279
0.000288
0.000300
0.000318
0.000342
0.000372
0.000412
0.000456
0.000486
0.000491
0.000476
0.000452
0.000417
0.000366
0.000318
0.000297
0.000305
0.000322
0.000334
0.000341
0.000340
0.000320
0.000287
0.000260
0.000251
0.000249
0.000245
0.000247
0.000269
0.000309
0.000347
0.000376
0.000400
0.000424
0.000451
0.000480
0.000503
0.000498
0.000451
0.000379
0.000324
0.000306
0.000307
0.000298
0.000281
0.000278
0.000297
0.000322
0.000338
0.000343
0.000346
0.000343
0.000336
0.000333
0.000347
0.000375
0.000398
0.000409
0.000415
0.000422
0.000420
0.000398
0.000364
0.000343
0.000346
0.000361
0.000367
0.000358
0.000348
0.000348
0.000361
0.000395
0.000451
0.000509
0.000526
0.000480
0.000403
0.000352
0.000357
0.000391
0.000412
0.000402
0.000376
0.000349
0.000324
0.000308
0.000310
0.000332
0.000361
0.000383
0.000394
0.000400
0.000398
0.000376
0.000334
0.000288
0.000263
0.000265
0.000288
0.000325
0.000378
0.000442
0.000498
0.000521
0.000506
0.000465
0.000412
0.000359
0.000316
0.000291
0.000280
0.000271
0.000251
0.000223
0.000196
0.000174
0.000154
0.000132
0.000107
0.000092
0.000109
0.000168
0.000250
0.000310
0.000314
0.000273
0.000229
0.000213
0.000222
0.000229
0.000219
0.000200
0.000191
0.000196
0.000202
0.000197
0.000184
0.000184
0.000208
0.000245
0.000277
0.000295
0.000303
0.000303
0.000292
0.000279
0.000282
0.000306
0.000337
0.000352
0.000343
0.000321
0.000302
0.000294
0.000286
0.000264
0.000224
0.000182
0.000165
0.000187
0.000233
0.000277
0.000304
0.000321
0.000345
0.000376
0.000398
0.000392
0.000362
0.000330
0.000324
0.000350
0.000394
0.000428
0.000423
0.000372
0.000298
0.000241
0.000215
0.000201
0.000176
0.000143
0.000125
0.000130
0.000141
0.000143
0.000144
0.000162
0.000207
0.000265
0.000313
0.000342
0.000358
0.000375
0.000395
0.000400
0.000380
0.000350
0.000335
0.000341
0.000356
0.000368
0.000384
0.000408
0.000440
0.000475
0.000511
0.000535
0.000528
0.000491
0.000449
0.000433
0.000449
0.000477
0.000493
0.000488
0.000461
0.000420
0.000372
0.000326
0.000290
0.000272
0.000275
0.000287
0.000294
0.000287
0.000273
0.000258
0.000238
0.000218
0.000209
0.000212
0.000212
0.000203
0.000198
0.000206
0.000208
0.000174
0.000111
0.000060
0.000059
0.000112
0.000194
0.000272
0.000320
0.000334
0.000332
0.000339
0.000363
0.000399
0.000450
0.000517
0.000586
0.000623
0.000607
0.000550
0.000482
0.000431
0.000417
0.000434
0.000454
0.000443
0.000396
0.000337
0.000296
0.000271
0.000249
0.000223
0.000201
0.000192
0.000198
0.000215
0.000240
0.000271
0.000309
0.000345
0.000370
0.000373
0.000359
0.000339
0.000323
0.000323
0.000343
0.000373
0.000379
0.000343
0.000285
0.000240
0.000219
0.000207
0.000205
0.000231
0.000283
0.000325
0.000327
0.000300
0.000271
0.000255
0.000262
0.000313
0.000404
0.000494
0.000539
0.000545
0.000554
0.000589
0.000639
0.000678
0.000688
0.000657
0.000596
0.000543
0.000526
0.000524
0.000494
0.000424
0.000342
0.000268
0.000194
0.000117
0.000061
0.000044
0.000044
0.000036
0.000021
0.000023
0.000043
0.000066
0.000080
0.000087
0.000095
0.000113
0.000147
0.000189
0.000225
0.000247
0.000266
0.000281
0.000272
0.000226
0.000176
0.000173
0.000228
0.000300
0.000341
0.000341
0.000316
0.000287
0.000265
0.000254
0.000249
0.000239
0.000222
0.000202
0.000178
0.000149
0.000125
0.000125
0.000153
0.000186
0.000207
0.000224
0.000253
0.000290
0.000318
0.000331
0.000335
0.000331
0.000323
0.000323
0.000339
0.000354
0.000336
0.000276
0.000200
0.000132
0.000084
0.000057
0.000060
0.000092
0.000134
0.000163
0.000165
0.000142
0.000115
0.000106
0.000129
0.000173
0.000207
0.000215
0.000209
0.000204
0.000202
0.000202
0.000217
0.000261
0.000320
0.000361
0.000371
0.000363
0.000349
0.000330
0.000306
0.000282
0.000260
0.000238
0.000224
0.000235
0.000270
0.000305
0.000321
0.000327
0.000344
0.000369
0.000380
0.000367
0.000350
0.000347
0.000349
0.000330
0.000276
0.000204
0.000146
0.000121
0.000117
0.000100
0.000054
-0.000001
-0.000035
-0.000040
-0.000028
-0.000015
0.000000
0.000031
0.000082
0.000143
0.000194
0.000219
0.000227
0.000237
0.000248
0.000238
0.000200
0.000158
0.000137
0.000135
0.000134
0.000131
0.000137
0.000147
0.000138
0.000106
0.000070
0.000046
0.000028
0.000016
0.000023
0.000048
0.000066
0.000061
0.000049
0.000065
0.000117
0.000185
0.000253
0.000315
0.000371
0.000417
0.000456
0.000491
0.000517
0.000533
0.000554
0.000590
0.000637
0.000677
0.000697
0.000698
0.000680
0.000643
0.000595
0.000554
0.000526
0.000504
0.000473
0.000429
0.000374
0.000323
0.000295
0.000300
0.000321
0.000331
0.000324
0.000317
0.000324
0.000334
0.000330
0.000311
0.000294
0.000291
0.000303
0.000319
0.000328
0.000329
0.000338
0.000369
0.000410
0.000435
0.000429
0.000407
0.000390
0.000377
0.000353
0.000317
0.000283
0.000260
0.000245
0.000235
0.000235
0.000244
0.000252
0.000250
0.000249
0.000267
0.000313
0.000374
0.000436
0.000492
0.000528
0.000523
0.000471
0.000395
0.000341
0.000334
0.000364
0.000410
0.000458
0.000493
0.000491
0.000434
0.000345
0.000272
0.000236
0.000218
0.000192
0.000164
0.000159
0.000183
0.000212
0.000221
0.000212
0.000210
0.000231
0.000263
0.000281
0.000270
0.000249
0.000241
0.000249
0.000261
0.000280
0.000327
0.000402
0.000471
0.000497
0.000485
0.000466
0.000459
0.000455
0.000448
0.000442
0.000437
0.000419
0.000381
0.000335
0.000302
0.000292
0.000300
0.000313
0.000323
0.000326
0.000332
0.000349
0.000373
0.000380
0.000354
0.000301
0.000250
0.000231
0.000248
0.000285
0.000315
0.000320
0.000304
0.000286
0.000282
0.000297
0.000322
0.000345
0.000354
0.000346
0.000333
0.000328
0.000331
0.000334
0.000335
0.000346
0.000377
0.000418
0.000449
0.000457
0.000437
0.000392
0.000336
0.000292
0.000271
0.000270
0.000280
0.000309
0.000363
0.000425
0.000458
0.000442
0.000391
0.000334
0.000282
0.000237
0.000208
0.000204
0.000221
0.000234
0.000224
0.000194
0.000161
0.000138
0.000119
0.000098
0.000085
0.000098
0.000143
0.000197
0.000233
0.000243
0.000244
0.000256
0.000281
0.000301
0.000297
0.000268
0.000235
0.000214
0.000209
0.000214
0.000231
0.000266
0.000311
0.000345
0.000359
0.000370
0.000398
0.000434
0.000455
0.000450
0.000437
0.000428
0.000426
0.000430
0.000444
0.000466
0.000479
0.000473
0.000454
0.000436
0.000423
0.000404
0.000374
0.000340
0.000318
0.000317
0.000333
0.000348
0.000346
0.000317
0.000275
0.000243
0.000240
0.000261
0.000284
0.000289
0.000275
0.000262
0.000259
0.000258
0.000237
0.000192
0.000142
0.000108
0.000097
0.000112
0.000155
0.000217
0.000277
0.000308
0.000304
0.000279
0.000249
0.000219
0.000197
0.000192
0.000209
0.000235
0.000252
0.000254
0.000246
0.000241
0.000244
0.000258
0.000278
0.000295
0.000303
0.000299
0.000289
0.000283
0.000288
0.000304
0.000330
0.000359
0.000379
0.000383
0.000371
0.000353
0.000339
0.000334
0.000339
0.000358
0.000386
0.000405
0.000402
0.000376
0.000344
0.000315
0.000287
0.000264
0.000261
0.000282
0.000312
0.000334
0.000348
0.000365
0.000379
0.000378
0.000365
0.000366
0.000398
0.000453
0.000515
0.000576
0.000633
0.000675
0.000695
0.000700
0.000702
0.000700
0.000682
0.000642
0.000587
0.000522
0.000453
0.000392
0.000360
0.000364
0.000384
0.000386
0.000366
0.000339
0.000320
0.000308
0.000302
0.000311
0.000339
0.000371
0.000393
0.000409
0.000424
0.000424
0.000386
0.000322
0.000278
0.000281
0.000306
0.000315
0.000303
0.000287
0.000271
0.000246
0.000217
0.000205
0.000219
0.000240
0.000251
0.000247
0.000231
0.000203
0.000169
0.000146
0.000151
0.000188
0.000254
0.000342
0.000434
0.000502
0.000524
0.000501
0.000444
0.000369
0.000297
0.000252
0.000248
0.000275
0.000319
0.000367
0.000414
0.000448
0.000466
0.000470
0.000470
0.000464
0.000450
0.000435
0.000425
0.000424
0.000431
0.000454
0.000494
0.000536
0.000554
0.000546
0.000530
0.000520
0.000511
0.000489
0.000455
0.000423
0.000407
0.000410
0.000419
0.000421
0.000412
0.000400
0.000389
0.000375
0.000350
0.000315
0.000277
0.000238
0.000204
0.000187
0.000197
0.000214
0.000205
0.000161
0.000107
0.000072
0.000064
0.000071
0.000090
0.000126
0.000173
0.000218
0.000250
0.000273
0.000294
0.000310
0.000310
0.000285
0.000242
0.000210
0.000221
0.000273
0.000334
0.000368
0.000372
0.000363
0.000353
0.000341
0.000336
0.000349
0.000378
0.000394
0.000359
0.000277
0.000197
0.000173
0.000217
0.000285
0.000327
0.000328
0.000306
0.000277
0.000243
0.000214
0.000224
0.000288
0.000379
0.000445
0.000461
0.000439
0.000395
0.000338
0.000287
0.000265
0.000273
0.000272
0.000228
0.000151
0.000088
0.000068
0.000081
0.000105
0.000129
0.000145
0.000145
0.000120
0.000078
0.000042
0.000024
0.000020
0.000015
0.000010
0.000023
0.000070
0.000138
0.000196
0.000223
0.000229
0.000237
0.000250
0.000259
0.000259
0.000258
0.000257
0.000245
0.000214
0.000174
0.000140
0.000121
0.000118
0.000127
0.000136
0.000141
0.000147
0.000164
0.000193
0.000219
0.000236
0.000248
0.000260
0.000270
0.000279
0.000296
0.000323
0.000344
0.000345
0.000335
0.000331
0.000332
0.000331
0.000336
0.000364
0.000409
0.000448
0.000473
0.000492
0.000503
0.000486
0.000442
0.000403
0.000393
0.000391
0.000363
0.000310
0.000259
0.000222
0.000198
0.000187
0.000195
0.000211
0.000212
0.000195
0.000178
0.000177
0.000190
0.000209
0.000231
0.000257
0.000286
0.000324
0.000374
0.000422
0.000448
0.000445
0.000429
0.000413
0.000392
0.000361
0.000325
0.000291
0.000255
0.000223
0.000209
0.000221
0.000240
0.000249
0.000253
0.000267
0.000286
0.000295
0.000286
0.000266
0.000246
0.000233
0.000238
0.000266
0.000309
0.000350
0.000379
0.000401
0.000424
0.000442
0.000442
0.000418
0.000377
0.000340
0.000325
0.000331
0.000340
0.000339
0.000339
0.000351
0.000370
0.000373
0.000356
0.000336
0.000328
0.000331
0.000332
0.000328
0.000328
0.000337
0.000347
0.000338
0.000307
0.000277
0.000283
0.000332
0.000394
0.000428
0.000430
0.000418
0.000406
0.000391
0.000372
0.000358
0.000351
0.000339
0.000311
0.000272
0.000243
0.000242
0.000271
0.000320
0.000368
0.000402
0.000422
0.000440
0.000459
0.000468
0.000457
0.000432
0.000403
0.000378
0.000353
0.000324
0.000287
0.000245
0.000205
0.000181
0.000179
0.000198
0.000238
0.000288
0.000332
0.000355
0.000361
0.000365
0.000369
0.000349
0.000288
0.000205
0.000140
0.000118
0.000138
0.000181
0.000220
0.000232
0.000213
0.000185
0.000181
0.000206
0.000240
0.000263
0.000275
0.000289
0.000308
0.000331
0.000358
0.000390
0.000419
0.000439
0.000446
0.000443
0.000433
0.000411
0.000374
0.000334
0.000307
0.000296
0.000286
0.000268
0.000252
0.000256
0.000284
0.000311
0.000318
0.000307
0.000297
0.000292
0.000285
0.000271
0.000250
0.000225
0.000196
0.000175
0.000187
0.000241
0.000314
0.000365
0.000371
0.000344
0.000316
0.000300
0.000286
0.000264
0.000235
0.000212
0.000200
0.000204
0.000231
0.000280
0.000330
0.000344
0.000310
0.000254
0.000205
0.000164
0.000115
0.000057
0.000015
0.000011
0.000040
0.000081
0.000122
0.000156
0.000179
0.000177
0.000149
0.000113
0.000100
0.000131
0.000198
0.000268
0.000317
0.000348
0.000379
0.000416
0.000442
0.000431
0.000374
0.000290
0.000216
0.000187
0.000203
0.000240
0.000276
0.000306
0.000335
0.000350
0.000336
0.000303
0.000285
0.000305
0.000358
0.000416
0.000458
0.000477
0.000478
0.000476
0.000481
0.000488
0.000473
0.000430
0.000377
0.000338
0.000316
0.000302
0.000305
0.000334
0.000378
0.000401
0.000388
0.000361
0.000351
0.000361
0.000376
0.000387
0.000399
0.000411
0.000408
0.000384
0.000349
0.000322
0.000310
0.000307
0.000306
0.000300
0.000288
0.000284
0.000303
0.000346
0.000388
0.000401
0.000382
0.000350
0.000317
0.000281
0.000247
0.000230
0.000236
0.000245
0.000230
0.000195
0.000179
0.000209
0.000271
0.000331
0.000368
0.000387
0.000399
0.000406
0.000412
0.000425
0.000441
0.000435
0.000387
0.000314
0.000266
0.000279
0.000341
0.000410
0.000457
0.000483
0.000505
0.000536
0.000583
0.000639
0.000683
0.000694
0.000667
0.000613
0.000543
0.000456
0.000358
0.000263
0.000197
0.000172
0.000187
0.000227
0.000265
0.000274
0.000249
0.000215
0.000202
0.000213
0.000224
0.000217
0.000198
0.000185
0.000182
0.000179
0.000168
0.000163
0.000187
0.000247
0.000323
0.000382
0.000409
0.000415
0.000419
0.000427
0.000439
0.000454
0.000476
0.000496
0.000504
0.000493
0.000467
0.000437
0.000417
0.000416
0.000428
0.000436
0.000428
0.000413
0.000409
0.000426
0.000459
0.000494
0.000519
0.000518
0.000482
0.000431
0.000400
0.000406
0.000437
0.000462
0.000473
0.000475
0.000473
0.000458
0.000422
0.000377
0.000346
0.000341
0.000346
0.000337
0.000306
0.000273
0.000258
0.000263
0.000278
0.000306
0.000352
0.000407
0.000451
0.000477
0.000495
0.000507
0.000501
0.000475
0.000452
0.000453
0.000468
0.000469
0.000436
0.000377
0.000311
0.000250
0.000207
0.000188
0.000196
0.000220
0.000251
0.000285
0.000325
0.000369
0.000403
0.000413
0.000400
0.000380
0.000375
0.000387
0.000409
0.000436
0.000470
0.000502
0.000514
0.000501
0.000478
0.000462
0.000450
0.000438
0.000425
0.000416
0.000410
0.000406
0.000411
0.000430
0.000453
0.000460
0.000447
0.000420
0.000389
0.000370
0.000379
0.000420
0.000471
0.000506
0.000517
0.000515
0.000510
0.000507
0.000511
0.000526
0.000543
0.000550
0.000545
0.000531
0.000507
0.000477
0.000458
0.000465
0.000487
0.000496
0.000490
0.000489
0.000497
0.000497
0.000474
0.000445
0.000435
0.000447
0.000471
0.000498
0.000522
0.000528
0.000506
0.000472
0.000453
0.000454
0.000457
0.000447
0.000436
0.000437
0.000455
0.000481
0.000509
0.000539
0.000572
0.000600
0.000615
0.000608
0.000582
0.000548
0.000510
0.000469
0.000425
0.000387
0.000361
0.000350
0.000350
0.000358
0.000367
0.000376
0.000383
0.000390
0.000397
0.000398
0.000392
0.000378
0.000355
0.000328
0.000309
0.000309
0.000321
0.000324
0.000308
0.000287
0.000284
0.000305
0.000341
0.000379
0.000405
0.000409
0.000390
0.000360
0.000337
0.000327
0.000336
0.000361
0.000388
0.000392
0.000360
0.000314
0.000288
0.000284
0.000278
0.000249
0.000212
0.000188
0.000186
0.000201
0.000228
0.000266
0.000313
0.000362
0.000404
0.000430
0.000438
0.000435
0.000431
0.000433
0.000435
0.000430
0.000419
0.000407
0.000392
0.000363
0.000319
0.000274
0.000258
0.000284
0.000335
0.000368
0.000357
0.000319
0.000296
0.000306
0.000330
0.000339
0.000325
0.000306
0.000301
0.000314
0.000335
0.000345
0.000328
0.000284
0.000235
0.000209
0.000222
0.000258
0.000288
0.000291
0.000276
0.000263
0.000263
0.000273
0.000293
0.000337
0.000413
0.000501
0.000565
0.000574
0.000532
0.000461
0.000391
0.000349
0.000345
0.000377
0.000428
0.000479
0.000510
0.000504
0.000457
0.000397
0.000361
0.000364
0.000387
0.000404
0.000410
0.000409
0.000403
0.000392
0.000386
0.000396
0.000418
0.000435
0.000439
0.000439
0.000449
0.000468
0.000488
0.000501
0.000505
0.000506
0.000509
0.000518
0.000527
0.000527
0.000517
0.000501
0.000486
0.000477
0.000477
0.000483
0.000485
0.000476
0.000460
0.000446
0.000437
0.000422
0.000395
0.000367
0.000358
0.000371
0.000395
0.000417
0.000429
0.000426
0.000405
0.000368
0.000331
0.000312
0.000313
0.000323
0.000331
0.000330
0.000323
0.000316
0.000313
0.000318
0.000325
0.000327
0.000322
0.000312
0.000304
0.000302
0.000310
0.000328
0.000349
0.000366
0.000373
0.000376
0.000380
0.000392
0.000417
0.000453
0.000487
0.000501
0.000489
0.000459
0.000430
0.000413
0.000416
0.000440
0.000474
0.000492
0.000475
0.000430
0.000393
0.000397
0.000440
0.000486
0.000504
0.000493
0.000477
0.000477
0.000491
0.000497
0.000483
0.000457
0.000436
0.000428
0.000425
0.000416
0.000398
0.000378
0.000355
0.000324
0.000284
0.000248
0.000243
0.000280
0.000348
0.000416
0.000458
0.000466
0.000452
0.000431
0.000416
0.000412
0.000421
0.000440
0.000458
0.000465
0.000456
0.000442
0.000437
0.000444
0.000454
0.000458
0.000456
0.000448
0.000428
0.000384
0.000318
0.000250
0.000202
0.000191
0.000222
0.000288
0.000367
0.000437
0.000489
0.000528
0.000555
0.000559
0.000536
0.000491
0.000433
0.000367
0.000305
0.000263
0.000248
0.000248
0.000248
0.000252
0.000269
0.000291
0.000300
0.000291
0.000279
0.000272
0.000266
0.000255
0.000249
0.000258
0.000278
0.000296
0.000309
0.000316
0.000314
0.000294
0.000257
0.000219
0.000194
0.000187
0.000194
0.000211
0.000239
0.000279
0.000322
0.000347
0.000343
0.000313
0.000275
0.000241
0.000211
0.000183
0.000160
0.000143
0.000133
0.000131
0.000137
0.000144
0.000141
0.000128
0.000111
0.000102
0.000108
0.000130
0.000162
0.000192
0.000212
0.000228
0.000254
0.000293
0.000327
0.000342
0.000335
0.000316
0.000290
0.000264
0.000248
0.000252
0.000277
0.000312
0.000349
0.000375
0.000380
0.000363
0.000341
0.000329
0.000330
0.000341
0.000360
0.000381
0.000392
0.000382
0.000356
0.000330
0.000306
0.000279
0.000247
0.000226
0.000228
0.000263
0.000325
0.000397
0.000453
0.000475
0.000468
0.000451
0.000439
0.000438
0.000452
0.000483
0.000515
0.000533
0.000535
0.000537
0.000553
0.000576
0.000588
0.000582
0.000563
0.000538
0.000511
0.000482
0.000448
0.000410
0.000377
0.000365
0.000376
0.000391
0.000392
0.000375
0.000355
0.000346
0.000344
0.000340
0.000328
0.000316
0.000312
0.000314
0.000313
0.000302
0.000287
0.000278
0.000279
0.000282
0.000279
0.000264
0.000242
0.000227
0.000233
0.000264
0.000313
0.000366
0.000410
0.000431
0.000426
0.000408
0.000396
0.000395
0.000399
0.000406
0.000428
0.000463
0.000486
0.000478
0.000450
0.000431
0.000424
0.000417
0.000412
0.000418
0.000434
0.000443
0.000436
0.000424
0.000413
0.000396
0.000375
0.000360
0.000352
0.000340
0.000317
0.000303
0.000319
0.000360
0.000403
0.000430
0.000431
0.000403
0.000356
0.000313
0.000289
0.000281
0.000282
0.000296
0.000323
0.000350
0.000358
0.000350
0.000336
0.000316
0.000287
0.000261
0.000258
0.000282
0.000317
0.000349
0.000376
0.000399
0.000413
0.000418
0.000415
0.000406
0.000389
0.000370
0.000362
0.000364
0.000364
0.000358
0.000353
0.000361
0.000381
0.000406
0.000425
0.000431
0.000420
0.000399
0.000380
0.000368
0.000361
0.000360
0.000372
0.000399
0.000424
0.000433
0.000427
0.000417
0.000416
0.000430
0.000462
0.000512
0.000571
0.000622
0.000655
0.000661
0.000638
0.000595
0.000547
0.000512
0.000500
0.000512
0.000544
0.000583
0.000607
0.000605
0.000588
0.000575
0.000574
0.000572
0.000559
0.000537
0.000518
0.000510
0.000511
0.000513
0.000510
0.000496
0.000469
0.000434
0.000398
0.000370
0.000358
0.000363
0.000373
0.000372
0.000360
0.000349
0.000352
0.000368
