-0.000117
-0.000106
-0.000099
-0.000092
-0.000087
-0.000088
-0.000094
-0.000096
-0.000092
-0.000085
-0.000082
-0.000087
-0.000100
-0.000115
-0.000124
-0.000119
-0.000103
-0.000085
-0.000075
-0.000074
-0.000076
-0.000076
-0.000075
-0.000072
-0.000067
-0.000059
-0.000050
-0.000043
-0.000041
-0.000040
-0.000039
-0.000034
-0.000030
-0.000031
-0.000036
-0.000040
-0.000039
-0.000032
-0.000026
-0.000022
-0.000019
-0.000018
-0.000018
-0.000022
-0.000027
-0.000029
-0.000031
-0.000033
-0.000037
-0.000037
-0.000031
-0.000021
-0.000011
-0.000006
-0.000006
-0.000010
-0.000012
-0.000010
-0.000003
0.000002
0.000000
-0.000009
-0.000021
-0.000032
-0.000039
-0.000045
-0.000048
-0.000051
-0.000054
-0.000057
-0.000058
-0.000059
-0.000062
-0.000069
-0.000075
-0.000074
-0.000063
-0.000047
-0.000034
-0.000026
-0.000020
-0.000014
-0.000010
-0.000012
-0.000018
-0.000021
-0.000018
-0.000009
0.000003
0.000013
0.000019
0.000021
0.000020
0.000018
0.000018
0.000019
0.000022
0.000025
0.000030
0.000034
0.000035
0.000033
0.000029
0.000024
0.000020
0.000020
0.000024
0.000031
0.000034
0.000032
0.000025
0.000021
0.000019
0.000019
0.000019
0.000020
0.000022
0.000023
0.000025
0.000030
0.000041
0.000055
0.000064
0.000066
0.000062
0.000054
0.000047
0.000041
0.000039
0.000042
0.000050
0.000059
0.000070
0.000082
0.000091
0.000095
0.000087
0.000070
0.000051
0.000037
0.000031
0.000028
0.000027
0.000028
0.000032
0.000039
0.000050
0.000061
0.000071
0.000079
0.000087
0.000096
0.000105
0.000115
0.000127
0.000140
0.000149
0.000152
0.000151
0.000151
0.000149
0.000140
0.000128
0.000118
0.000115
0.000115
0.000115
0.000112
0.000106
0.000099
0.000095
0.000101
0.000114
0.000126
0.000131
0.000133
0.000136
0.000139
0.000139
0.000133
0.000127
0.000122
0.000120
0.000119
0.000118
0.000117
0.000113
0.000109
0.000108
0.000109
0.000114
0.000124
0.000137
0.000151
0.000158
0.000158
0.000154
0.000156
0.000162
0.000168
0.000168
0.000162
0.000151
0.000140
0.000131
0.000126
0.000123
0.000120
0.000120
0.000121
0.000124
0.000123
0.000119
0.000117
0.000121
0.000132
0.000146
0.000155
0.000160
0.000163
0.000164
0.000160
0.000150
0.000137
0.000127
0.000124
0.000123
0.000122
0.000120
0.000122
0.000129
0.000143
0.000161
0.000180
0.000196
0.000208
0.000217
0.000223
0.000227
0.000229
0.000229
0.000229
0.000229
0.000230
0.000229
0.000227
0.000223
0.000219
0.000216
0.000213
0.000208
0.000201
0.000191
0.000182
0.000178
0.000178
0.000183
0.000192
0.000203
0.000216
0.000228
0.000235
0.000236
0.000234
0.000233
0.000235
0.000236
0.000232
0.000222
0.000209
0.000198
0.000192
0.000190
0.000191
0.000195
0.000200
0.000205
0.000212
0.000222
0.000235
0.000249
0.000262
0.000271
0.000274
0.000271
0.000263
0.000255
0.000247
0.000243
0.000247
0.000260
0.000276
0.000288
0.000291
0.000287
0.000277
0.000266
0.000257
0.000256
0.000261
0.000269
0.000279
0.000291
0.000307
0.000321
0.000329
0.000333
0.000335
0.000337
0.000335
0.000329
0.000324
0.000323
0.000323
0.000320
0.000315
0.000315
0.000324
0.000337
0.000345
0.000344
0.000334
0.000319
0.000304
0.000293
0.000288
0.000288
0.000288
0.000287
0.000283
0.000276
0.000267
0.000260
0.000257
0.000258
0.000259
0.000261
0.000265
0.000267
0.000266
0.000259
0.000253
0.000251
0.000256
0.000265
0.000274
0.000279
0.000280
0.000279
0.000278
0.000276
0.000273
0.000270
0.000270
0.000274
0.000278
0.000275
0.000265
0.000253
0.000246
0.000247
0.000254
0.000263
0.000271
0.000279
0.000290
0.000306
0.000323
0.000335
0.000342
0.000345
0.000344
0.000341
0.000338
0.000340
0.000343
0.000345
0.000343
0.000336
0.000326
0.000314
0.000304
0.000300
0.000304
0.000313
0.000323
0.000330
0.000331
0.000325
0.000316
0.000313
0.000316
0.000316
0.000306
0.000289
0.000277
0.000277
0.000285
0.000298
0.000312
0.000323
0.000330
0.000331
0.000333
0.000344
0.000362
0.000376
0.000379
0.000373
0.000365
0.000363
0.000371
0.000386
0.000404
0.000416
0.000418
0.000412
0.000401
0.000389
0.000379
0.000373
0.000370
0.000374
0.000382
0.000393
0.000404
0.000409
0.000408
0.000402
0.000393
0.000385
0.000378
0.000374
0.000373
0.000374
0.000375
0.000376
0.000377
0.000378
0.000378
0.000377
0.000374
0.000372
0.000374
0.000379
0.000386
0.000389
0.000390
0.000390
0.000390
0.000390
0.000388
0.000390
0.000397
0.000407
0.000416
0.000423
0.000429
0.000437
0.000443
0.000448
0.000450
0.000446
0.000439
0.000435
0.000441
0.000455
0.000468
0.000474
0.000474
0.000473
0.000470
0.000464
0.000455
0.000444
0.000435
0.000432
0.000432
0.000431
0.000426
0.000422
0.000422
0.000425
0.000425
0.000421
0.000414
0.000405
0.000394
0.000383
0.000381
0.000393
0.000413
0.000429
0.000438
0.000446
0.000458
0.000473
0.000484
0.000490
0.000488
0.000479
0.000470
0.000465
0.000463
0.000459
0.000453
0.000449
0.000450
0.000453
0.000455
0.000459
0.000466
0.000473
0.000476
0.000473
0.000462
0.000444
0.000420
0.000400
0.000394
0.000400
0.000413
0.000424
0.000428
0.000425
0.000418
0.000415
0.000419
0.000426
0.000429
0.000425
0.000423
0.000430
0.000443
0.000453
0.000453
0.000446
0.000441
0.000442
0.000446
0.000447
0.000440
0.000429
0.000425
0.000430
0.000441
0.000452
0.000459
0.000463
0.000467
0.000472
0.000476
0.000476
0.000475
0.000477
0.000482
0.000484
0.000479
0.000466
0.000453
0.000443
0.000438
0.000439
0.000448
0.000464
0.000480
0.000484
0.000476
0.000461
0.000450
0.000450
0.000458
0.000472
0.000487
0.000503
0.000519
0.000533
0.000539
0.000535
0.000526
0.000518
0.000514
0.000509
0.000498
0.000483
0.000472
0.000475
0.000492
0.000516
0.000532
0.000537
0.000540
0.000547
0.000556
0.000559
0.000551
0.000543
0.000543
0.000548
0.000549
0.000542
0.000529
0.000518
0.000512
0.000510
0.000510
0.000512
0.000513
0.000509
0.000500
0.000493
0.000493
0.000499
0.000504
0.000502
0.000497
0.000496
0.000500
0.000508
0.000515
0.000521
0.000523
0.000519
0.000510
0.000502
0.000500
0.000502
0.000506
0.000509
0.000512
0.000515
0.000516
0.000515
0.000515
0.000521
0.000528
0.000529
0.000523
0.000512
0.000502
0.000497
0.000499
0.000504
0.000511
0.000517
0.000522
0.000524
0.000519
0.000506
0.000488
0.000473
0.000464
0.000461
0.000465
0.000476
0.000492
0.000508
0.000518
0.000522
0.000522
0.000522
0.000525
0.000535
0.000550
0.000565
0.000573
0.000572
0.000563
0.000555
0.000549
0.000546
0.000545
0.000546
0.000548
0.000548
0.000546
0.000547
0.000549
0.000552
0.000555
0.000561
0.000572
0.000583
0.000589
0.000586
0.000579
0.000576
0.000576
0.000574
0.000568
0.000559
0.000555
0.000560
0.000571
0.000580
0.000584
0.000583
0.000580
0.000577
0.000575
0.000578
0.000585
0.000592
0.000594
0.000589
0.000582
0.000575
0.000569
0.000561
0.000549
0.000536
0.000525
0.000516
0.000504
0.000487
0.000469
0.000460
0.000465
0.000480
0.000499
0.000515
0.000526
0.000535
0.000544
0.000557
0.000572
0.000586
0.000594
0.000594
0.000588
0.000583
0.000582
0.000582
0.000581
0.000575
0.000565
0.000559
0.000562
0.000571
0.000581
0.000585
0.000581
0.000572
0.000560
0.000548
0.000540
0.000535
0.000534
0.000539
0.000549
0.000565
0.000581
0.000592
0.000595
0.000592
0.000583
0.000572
0.000566
0.000569
0.000580
0.000591
0.000597
0.000595
0.000588
0.000582
0.000578
0.000577
0.000578
0.000578
0.000576
0.000574
0.000571
0.000569
0.000569
0.000573
0.000581
0.000593
0.000606
0.000618
0.000626
0.000632
0.000639
0.000650
0.000661
0.000664
0.000653
0.000634
0.000614
0.000603
0.000602
0.000612
0.000623
0.000628
0.000620
0.000606
0.000596
0.000594
0.000600
0.000610
0.000621
0.000630
0.000634
0.000634
0.000636
0.000640
0.000644
0.000645
0.000642
0.000636
0.000633
0.000637
0.000645
0.000649
0.000644
0.000634
0.000627
0.000620
0.000608
0.000588
0.000568
0.000558
0.000561
0.000571
0.000582
0.000594
0.000605
0.000614
0.000621
0.000625
0.000622
0.000612
0.000597
0.000582
0.000576
0.000577
0.000580
0.000575
0.000562
0.000546
0.000535
0.000531
0.000530
0.000527
0.000523
0.000520
0.000521
0.000525
0.000536
0.000550
0.000563
0.000574
0.000588
0.000606
0.000624
0.000637
0.000642
0.000642
0.000635
0.000623
0.000612
0.000610
0.000612
0.000609
0.000599
0.000587
0.000583
0.000586
0.000590
0.000594
0.000595
0.000590
0.000580
0.000571
0.000571
0.000585
0.000610
0.000641
0.000671
0.000691
0.000697
0.000689
0.000670
0.000647
0.000630
0.000623
0.000623
0.000621
0.000615
0.000613
0.000621
0.000637
0.000647
0.000647
0.000641
0.000636
0.000635
0.000635
0.000638
0.000642
0.000644
0.000642
0.000637
0.000635
0.000635
0.000635
0.000633
0.000630
0.000627
0.000623
0.000621
0.000625
0.000634
0.000640
0.000637
0.000624
0.000604
0.000579
0.000554
0.000534
0.000526
0.000528
0.000537
0.000544
0.000547
0.000545
0.000542
0.000542
0.000548
0.000558
0.000572
0.000590
0.000608
0.000622
0.000630
0.000629
0.000626
0.000625
0.000625
0.000625
0.000623
0.000627
0.000640
0.000658
0.000673
0.000676
0.000667
0.000647
0.000625
0.000606
0.000599
0.000603
0.000614
0.000621
0.000621
0.000615
0.000608
0.000607
0.000615
0.000628
0.000637
0.000638
0.000635
0.000632
0.000630
0.000629
0.000629
0.000632
0.000636
0.000639
0.000642
0.000646
0.000648
0.000641
0.000623
0.000601
0.000583
0.000577
0.000579
0.000585
0.000591
0.000594
0.000596
0.000600
0.000605
0.000606
0.000601
0.000590
0.000581
0.000578
0.000581
0.000585
0.000590
0.000596
0.000599
0.000597
0.000593
0.000590
0.000593
0.000598
0.000601
0.000598
0.000593
0.000589
0.000587
0.000591
0.000601
0.000620
0.000642
0.000655
0.000655
0.000646
0.000638
0.000635
0.000633
0.000630
0.000623
0.000617
0.000614
0.000614
0.000615
0.000613
0.000604
0.000592
0.000579
0.000568
0.000559
0.000554
0.000555
0.000560
0.000564
0.000564
0.000559
0.000554
0.000556
0.000565
0.000578
0.000591
0.000598
0.000600
0.000596
0.000587
0.000573
0.000560
0.000555
0.000555
0.000555
0.000552
0.000544
0.000535
0.000526
0.000522
0.000526
0.000538
0.000557
0.000578
0.000603
0.000625
0.000635
0.000628
0.000611
0.000600
0.000603
0.000616
0.000630
0.000641
0.000648
0.000651
0.000655
0.000662
0.000674
0.000684
0.000682
0.000668
0.000645
0.000623
0.000609
0.000606
0.000614
0.000626
0.000637
0.000645
0.000645
0.000636
0.000619
0.000603
0.000594
0.000593
0.000599
0.000607
0.000613
0.000615
0.000614
0.000606
0.000592
0.000575
0.000564
0.000565
0.000575
0.000588
0.000598
0.000605
0.000612
0.000617
0.000617
0.000614
0.000610
0.000608
0.000607
0.000607
0.000608
0.000610
0.000613
0.000616
0.000618
0.000621
0.000625
0.000629
0.000631
0.000630
0.000629
0.000630
0.000633
0.000638
0.000640
0.000638
0.000631
0.000625
0.000624
0.000628
0.000633
0.000636
0.000641
0.000652
0.000665
0.000674
0.000673
0.000667
0.000664
0.000666
0.000667
0.000666
0.000667
0.000671
0.000674
0.000669
0.000662
0.000661
0.000672
0.000683
0.000682
0.000667
0.000648
0.000637
0.000635
0.000638
0.000642
0.000646
0.000647
0.000645
0.000646
0.000656
0.000674
0.000690
0.000697
0.000696
0.000698
0.000707
0.000715
0.000714
0.000700
0.000682
0.000671
0.000671
0.000678
0.000685
0.000687
0.000684
0.000677
0.000667
0.000652
0.000635
0.000624
0.000623
0.000631
0.000644
0.000656
0.000662
0.000662
0.000662
0.000661
0.000657
0.000644
0.000627
0.000617
0.000619
0.000627
0.000633
0.000634
0.000635
0.000638
0.000639
0.000636
0.000628
0.000622
0.000621
0.000628
0.000639
0.000648
0.000653
0.000657
0.000666
0.000681
0.000702
0.000722
0.000738
0.000744
0.000738
0.000728
0.000722
0.000721
0.000718
0.000708
0.000693
0.000683
0.000680
0.000682
0.000685
0.000687
0.000690
0.000694
0.000694
0.000691
0.000685
0.000681
0.000680
0.000681
0.000682
0.000682
0.000679
0.000676
0.000677
0.000684
0.000696
0.000708
0.000717
0.000717
0.000707
0.000689
0.000670
0.000655
0.000642
0.000628
0.000611
0.000598
0.000595
0.000598
0.000599
0.000594
0.000588
0.000590
0.000598
0.000608
0.000618
0.000633
0.000650
0.000664
0.000669
0.000666
0.000661
0.000654
0.000647
0.000641
0.000644
0.000653
0.000664
0.000672
0.000675
0.000673
0.000665
0.000651
0.000637
0.000635
0.000646
0.000662
0.000671
0.000670
0.000659
0.000642
0.000625
0.000614
0.000609
0.000605
0.000597
0.000585
0.000572
0.000564
0.000566
0.000581
0.000604
0.000629
0.000649
0.000663
0.000674
0.000686
0.000698
0.000707
0.000710
0.000705
0.000694
0.000686
0.000681
0.000677
0.000673
0.000671
0.000676
0.000686
0.000698
0.000707
0.000707
0.000695
0.000672
0.000648
0.000632
0.000627
0.000627
0.000630
0.000631
0.000628
0.000620
0.000611
0.000609
0.000616
0.000626
0.000633
0.000635
0.000635
0.000633
0.000626
0.000618
0.000614
0.000613
0.000614
0.000612
0.000605
0.000596
0.000590
0.000588
0.000585
0.000576
0.000566
0.000562
0.000566
0.000572
0.000574
0.000575
0.000578
0.000578
0.000576
0.000575
0.000581
0.000593
0.000609
0.000628
0.000646
0.000663
0.000676
0.000688
0.000698
0.000701
0.000693
0.000678
0.000667
0.000663
0.000660
0.000650
0.000631
0.000610
0.000590
0.000579
0.000582
0.000595
0.000613
0.000630
0.000645
0.000658
0.000663
0.000659
0.000654
0.000654
0.000660
0.000665
0.000666
0.000662
0.000655
0.000646
0.000638
0.000634
0.000632
0.000629
0.000624
0.000620
0.000618
0.000614
0.000607
0.000600
0.000598
0.000604
0.000614
0.000623
0.000632
0.000638
0.000640
0.000637
0.000626
0.000610
0.000596
0.000591
0.000594
0.000598
0.000595
0.000582
0.000562
0.000541
0.000524
0.000517
0.000522
0.000537
0.000553
0.000564
0.000568
0.000569
0.000571
0.000573
0.000576
0.000578
0.000579
0.000579
0.000578
0.000581
0.000591
0.000605
0.000621
0.000636
0.000652
0.000669
0.000683
0.000694
0.000704
0.000712
0.000713
0.000703
0.000685
0.000666
0.000646
0.000625
0.000610
0.000607
0.000616
0.000626
0.000629
0.000626
0.000624
0.000627
0.000635
0.000644
0.000652
0.000654
0.000655
0.000658
0.000662
0.000657
0.000640
0.000620
0.000613
0.000622
0.000635
0.000642
0.000644
0.000649
0.000659
0.000665
0.000659
0.000644
0.000628
0.000624
0.000631
0.000646
0.000660
0.000667
0.000668
0.000665
0.000664
0.000664
0.000660
0.000652
0.000643
0.000643
0.000652
0.000664
0.000671
0.000675
0.000677
0.000678
0.000677
0.000679
0.000687
0.000697
0.000700
0.000697
0.000692
0.000689
0.000686
0.000679
0.000669
0.000657
0.000645
0.000637
0.000640
0.000654
0.000671
0.000683
0.000686
0.000683
0.000677
0.000671
0.000671
0.000676
0.000681
0.000681
0.000677
0.000675
0.000679
0.000687
0.000692
0.000691
0.000680
0.000663
0.000643
0.000631
0.000630
0.000636
0.000641
0.000642
0.000638
0.000632
0.000629
0.000633
0.000644
0.000657
0.000667
0.000668
0.000663
0.000654
0.000647
0.000642
0.000638
0.000633
0.000626
0.000623
0.000624
0.000626
0.000626
0.000622
0.000618
0.000618
0.000623
0.000629
0.000634
0.000636
0.000640
0.000647
0.000654
0.000650
0.000632
0.000610
0.000594
0.000592
0.000595
0.000595
0.000592
0.000588
0.000589
0.000595
0.000605
0.000621
0.000642
0.000661
0.000671
0.000673
0.000674
0.000677
0.000679
0.000672
0.000656
0.000636
0.000621
0.000614
0.000613
0.000612
0.000607
0.000598
0.000590
0.000587
0.000590
0.000597
0.000606
0.000617
0.000631
0.000640
0.000641
0.000636
0.000636
0.000644
0.000653
0.000655
0.000649
0.000639
0.000628
0.000621
0.000621
0.000629
0.000641
0.000648
0.000651
0.000652
0.000656
0.000664
0.000672
0.000677
0.000677
0.000674
0.000672
0.000672
0.000670
0.000667
0.000662
0.000660
0.000663
0.000670
0.000677
0.000681
0.000683
0.000681
0.000676
0.000665
0.000648
0.000631
0.000618
0.000609
0.000604
0.000605
0.000617
0.000634
0.000648
0.000656
0.000664
0.000676
0.000687
0.000687
0.000675
0.000662
0.000652
0.000645
0.000639
0.000637
0.000641
0.000650
0.000656
0.000656
0.000653
0.000650
0.000651
0.000657
0.000665
0.000666
0.000658
0.000647
0.000638
0.000630
0.000622
0.000617
0.000621
0.000632
0.000641
0.000642
0.000638
0.000634
0.000633
0.000630
0.000625
0.000618
0.000608
0.000592
0.000574
0.000561
0.000557
0.000561
0.000564
0.000565
0.000567
0.000571
0.000577
0.000585
0.000594
0.000604
0.000611
0.000612
0.000610
0.000611
0.000618
0.000630
0.000644
0.000657
0.000664
0.000660
0.000644
0.000625
0.000615
0.000618
0.000630
0.000644
0.000652
0.000651
0.000644
0.000635
0.000630
0.000627
0.000623
0.000622
0.000625
0.000635
0.000645
0.000652
0.000656
0.000658
0.000656
0.000643
0.000623
0.000604
0.000594
0.000595
0.000605
0.000616
0.000625
0.000630
0.000631
0.000629
0.000629
0.000629
0.000628
0.000625
0.000621
0.000619
0.000625
0.000638
0.000651
0.000658
0.000657
0.000649
0.000640
0.000633
0.000633
0.000637
0.000641
0.000639
0.000633
0.000628
0.000627
0.000630
0.000632
0.000630
0.000625
0.000619
0.000615
0.000616
0.000622
0.000630
0.000638
0.000645
0.000649
0.000645
0.000632
0.000619
0.000615
0.000621
0.000629
0.000629
0.000625
0.000624
0.000629
0.000637
0.000641
0.000640
0.000635
0.000628
0.000624
0.000628
0.000637
0.000645
0.000649
0.000650
0.000654
0.000662
0.000671
0.000676
0.000674
0.000667
0.000659
0.000654
0.000652
0.000648
0.000640
0.000630
0.000623
0.000624
0.000629
0.000632
0.000630
0.000624
0.000624
0.000631
0.000645
0.000661
0.000672
0.000676
0.000672
0.000660
0.000648
0.000642
0.000645
0.000652
0.000652
0.000642
0.000623
0.000604
0.000590
0.000584
0.000580
0.000575
0.000571
0.000573
0.000583
0.000594
0.000599
0.000598
0.000595
0.000594
0.000595
0.000593
0.000589
0.000583
0.000578
0.000578
0.000588
0.000606
0.000626
0.000644
0.000659
0.000672
0.000680
0.000680
0.000672
0.000659
0.000648
0.000641
0.000637
0.000633
0.000624
0.000613
0.000602
0.000596
0.000597
0.000607
0.000619
0.000628
0.000627
0.000616
0.000603
0.000596
0.000594
0.000591
0.000588
0.000589
0.000604
0.000627
0.000647
0.000653
0.000649
0.000643
0.000642
0.000645
0.000650
0.000653
0.000652
0.000646
0.000642
0.000643
0.000647
0.000651
0.000648
0.000641
0.000636
0.000637
0.000639
0.000637
0.000633
0.000635
0.000644
0.000654
0.000654
0.000642
0.000625
0.000615
0.000614
0.000622
0.000633
0.000648
0.000660
0.000664
0.000658
0.000648
0.000642
0.000638
0.000634
0.000627
0.000624
0.000626
0.000629
0.000627
0.000621
0.000616
0.000617
0.000624
0.000633
0.000643
0.000651
0.000654
0.000652
0.000650
0.000650
0.000652
0.000655
0.000656
0.000655
0.000652
0.000646
0.000642
0.000641
0.000641
0.000639
0.000637
0.000639
0.000644
0.000649
0.000649
0.000647
0.000647
0.000649
0.000652
0.000655
0.000656
0.000656
0.000654
0.000656
0.000665
0.000677
0.000686
0.000689
0.000692
0.000697
0.000702
0.000705
0.000705
0.000707
0.000713
0.000717
0.000714
0.000706
0.000699
0.000696
0.000694
0.000688
0.000677
0.000663
0.000648
0.000636
0.000629
0.000633
0.000647
0.000666
0.000680
0.000683
0.000676
0.000670
0.000669
0.000672
0.000677
0.000681
0.000683
0.000681
0.000677
0.000676
0.000682
0.000691
0.000696
0.000696
0.000696
0.000701
0.000706
0.000706
0.000701
0.000691
0.000679
0.000667
0.000662
0.000664
0.000664
0.000657
0.000645
0.000635
0.000632
0.000634
0.000640
0.000649
0.000656
0.000657
0.000649
0.000637
0.000622
0.000603
0.000581
0.000565
0.000563
0.000574
0.000589
0.000604
0.000620
0.000638
0.000656
0.000671
0.000682
0.000689
0.000693
0.000694
0.000692
0.000687
0.000683
0.000684
0.000692
0.000699
0.000699
0.000691
0.000680
0.000670
0.000661
0.000652
0.000644
0.000637
0.000631
0.000627
0.000628
0.000631
0.000635
0.000641
0.000648
0.000655
0.000658
0.000654
0.000646
0.000638
0.000633
0.000636
0.000645
0.000658
0.000670
0.000680
0.000687
0.000691
0.000690
0.000686
0.000679
0.000672
0.000665
0.000661
0.000661
0.000663
0.000665
0.000667
0.000675
0.000685
0.000689
0.000683
0.000675
0.000669
0.000667
0.000663
0.000659
0.000656
0.000650
0.000636
0.000617
0.000608
0.000615
0.000633
0.000650
0.000659
0.000663
0.000667
0.000669
0.000663
0.000650
0.000638
0.000634
0.000635
0.000637
0.000640
0.000646
0.000654
0.000659
0.000661
0.000662
0.000668
0.000674
0.000676
0.000674
0.000675
0.000680
0.000683
0.000678
0.000669
0.000659
0.000646
0.000628
0.000605
0.000587
0.000579
0.000583
0.000593
0.000608
0.000626
0.000643
0.000656
0.000662
0.000665
0.000669
0.000673
0.000678
0.000683
0.000690
0.000697
0.000700
0.000699
0.000695
0.000687
0.000673
0.000660
0.000651
0.000646
0.000638
0.000626
0.000614
0.000608
0.000607
0.000609
0.000615
0.000625
0.000634
0.000635
0.000625
0.000609
0.000593
0.000579
0.000571
0.000568
0.000570
0.000573
0.000575
0.000577
0.000577
0.000571
0.000559
0.000548
0.000546
0.000553
0.000568
0.000586
0.000605
0.000621
0.000630
0.000633
0.000637
0.000644
0.000653
0.000659
0.000661
0.000656
0.000644
0.000622
0.000595
0.000573
0.000567
0.000577
0.000595
0.000611
0.000621
0.000625
0.000628
0.000631
0.000637
0.000646
0.000658
0.000670
0.000681
0.000686
0.000686
0.000684
0.000685
0.000695
0.000709
0.000721
0.000723
0.000716
0.000703
0.000687
0.000668
0.000649
0.000636
0.000637
0.000648
0.000661
0.000662
0.000650
0.000632
0.000618
0.000610
0.000608
0.000612
0.000620
0.000632
0.000645
0.000656
0.000666
0.000673
0.000677
0.000678
0.000674
0.000662
0.000643
0.000623
0.000614
0.000624
0.000645
0.000662
0.000667
0.000661
0.000653
0.000648
0.000645
0.000642
0.000643
0.000650
0.000660
0.000669
0.000672
0.000669
0.000663
0.000657
0.000652
0.000650
0.000653
0.000658
0.000660
0.000652
0.000633
0.000610
0.000591
0.000578
0.000571
0.000565
0.000559
0.000555
0.000555
0.000560
0.000570
0.000582
0.000592
0.000594
0.000590
0.000585
0.000584
0.000585
0.000586
0.000581
0.000577
0.000578
0.000588
0.000604
0.000619
0.000631
0.000637
0.000639
0.000638
0.000639
0.000645
0.000655
0.000662
0.000660
0.000653
0.000648
0.000648
0.000650
0.000646
0.000638
0.000629
0.000622
0.000614
0.000607
0.000608
0.000619
0.000638
0.000656
0.000668
0.000672
0.000669
0.000660
0.000646
0.000634
0.000628
0.000629
0.000635
0.000644
0.000654
0.000659
0.000659
0.000654
0.000649
0.000644
0.000635
0.000620
0.000603
0.000595
0.000598
0.000609
0.000621
0.000632
0.000641
0.000648
0.000652
0.000657
0.000662
0.000665
0.000662
0.000655
0.000651
0.000649
0.000646
0.000641
0.000639
0.000642
0.000643
0.000637
0.000627
0.000626
0.000638
0.000659
0.000677
0.000685
0.000682
0.000675
0.000671
0.000676
0.000684
0.000689
0.000688
0.000684
0.000677
0.000669
0.000658
0.000644
0.000625
0.000604
0.000585
0.000574
0.000567
0.000560
0.000552
0.000550
0.000560
0.000578
0.000599
0.000616
0.000628
0.000633
0.000631
0.000627
0.000624
0.000626
0.000627
0.000627
0.000625
0.000625
0.000627
0.000629
0.000626
0.000621
0.000619
0.000626
0.000641
0.000655
0.000661
0.000660
0.000659
0.000660
0.000663
0.000663
0.000654
0.000639
0.000624
0.000617
0.000617
0.000620
0.000624
0.000628
0.000627
0.000617
0.000600
0.000584
0.000574
0.000571
0.000577
0.000593
0.000616
0.000636
0.000646
0.000648
0.000645
0.000643
0.000645
0.000652
0.000661
0.000664
0.000658
0.000653
0.000656
0.000668
0.000678
0.000679
0.000672
0.000662
0.000651
0.000642
0.000637
0.000638
0.000641
0.000642
0.000638
0.000628
0.000616
0.000607
0.000603
0.000603
0.000604
0.000606
0.000610
0.000612
0.000609
0.000604
0.000597
0.000590
0.000583
0.000577
0.000576
0.000579
0.000583
0.000584
0.000585
0.000587
0.000593
0.000600
0.000604
0.000604
0.000596
0.000582
0.000565
0.000550
0.000540
0.000538
0.000546
0.000559
0.000570
0.000578
0.000588
0.000603
0.000623
0.000643
0.000655
0.000656
0.000646
0.000634
0.000626
0.000628
0.000632
0.000634
0.000634
0.000636
0.000640
0.000643
0.000644
0.000643
0.000643
0.000644
0.000642
0.000639
0.000632
0.000624
0.000616
0.000613
0.000614
0.000618
0.000619
0.000618
0.000618
0.000619
0.000619
0.000616
0.000610
0.000607
0.000607
0.000611
0.000613
0.000613
0.000614
0.000617
0.000620
0.000621
0.000621
0.000627
0.000637
0.000643
0.000640
0.000634
0.000633
0.000639
0.000646
0.000647
0.000645
0.000647
0.000650
0.000651
0.000647
0.000644
0.000646
0.000649
0.000646
0.000633
0.000618
0.000610
0.000612
0.000621
0.000629
0.000632
0.000631
0.000628
0.000627
0.000632
0.000643
0.000655
0.000660
0.000656
0.000649
0.000647
0.000647
0.000643
0.000633
0.000619
0.000608
0.000601
0.000602
0.000609
0.000619
0.000627
0.000627
0.000623
0.000617
0.000612
0.000611
0.000618
0.000630
0.000643
0.000655
0.000667
0.000681
0.000689
0.000687
0.000677
0.000665
0.000659
0.000658
0.000658
0.000660
0.000660
0.000657
0.000651
0.000643
0.000636
0.000629
0.000623
0.000620
0.000624
0.000630
0.000632
0.000629
0.000623
0.000615
0.000606
0.000597
0.000591
0.000591
0.000599
0.000615
0.000634
0.000646
0.000647
0.000639
0.000633
0.000634
0.000640
0.000647
0.000652
0.000655
0.000654
0.000649
0.000644
0.000640
0.000634
0.000624
0.000615
0.000616
0.000631
0.000652
0.000668
0.000676
0.000680
0.000684
0.000687
0.000686
0.000683
0.000682
0.000683
0.000682
0.000677
0.000674
0.000675
0.000675
0.000674
0.000670
0.000665
0.000659
0.000654
0.000655
0.000661
0.000666
0.000666
0.000662
0.000660
0.000658
0.000651
0.000640
0.000628
0.000622
0.000620
0.000622
0.000629
0.000639
0.000645
0.000644
0.000639
0.000634
0.000627
0.000619
0.000616
0.000625
0.000641
0.000654
0.000655
0.000647
0.000639
0.000636
0.000640
0.000648
0.000662
0.000678
0.000692
0.000701
0.000704
0.000710
0.000723
0.000738
0.000746
0.000742
0.000728
0.000706
0.000679
0.000652
0.000633
0.000624
0.000618
0.000611
0.000607
0.000610
0.000617
0.000622
0.000624
0.000629
0.000639
0.000651
0.000659
0.000664
0.000665
0.000659
0.000646
0.000633
0.000625
0.000624
0.000628
0.000632
0.000634
0.000634
0.000633
0.000633
0.000635
0.000633
0.000627
0.000618
0.000609
0.000605
0.000610
0.000625
0.000646
0.000666
0.000679
0.000688
0.000695
0.000699
0.000697
0.000694
0.000692
0.000693
0.000691
0.000687
0.000683
0.000680
0.000673
0.000660
0.000639
0.000616
0.000596
0.000583
0.000582
0.000593
0.000608
0.000617
0.000616
0.000610
0.000608
0.000614
0.000623
0.000630
0.000627
0.000614
0.000597
0.000582
0.000576
0.000574
0.000574
0.000575
0.000580
0.000592
0.000606
0.000619
0.000625
0.000623
0.000615
0.000606
0.000604
0.000610
0.000623
0.000639
0.000657
0.000674
0.000682
0.000675
0.000660
0.000651
0.000656
0.000667
0.000673
0.000672
0.000669
0.000668
0.000669
0.000667
0.000662
0.000656
0.000650
0.000649
0.000653
0.000659
0.000663
0.000665
0.000665
0.000662
0.000659
0.000656
0.000656
0.000657
0.000657
0.000655
0.000652
0.000650
0.000649
0.000648
0.000645
0.000635
0.000621
0.000610
0.000607
0.000608
0.000604
0.000593
0.000581
0.000573
0.000571
0.000576
0.000590
0.000610
0.000630
0.000644
0.000648
0.000643
0.000632
0.000616
0.000601
0.000593
0.000598
0.000618
0.000647
0.000676
0.000694
0.000699
0.000693
0.000683
0.000676
0.000672
0.000670
0.000665
0.000653
0.000638
0.000626
0.000622
0.000622
0.000617
0.000604
0.000588
0.000578
0.000578
0.000581
0.000574
0.000557
0.000542
0.000539
0.000551
0.000566
0.000577
0.000587
0.000600
0.000614
0.000624
0.000627
0.000625
0.000617
0.000603
0.000587
0.000574
0.000569
0.000572
0.000582
0.000592
0.000595
0.000588
0.000580
0.000580
0.000591
0.000605
0.000620
0.000638
0.000664
0.000690
0.000707
0.000712
0.000712
0.000713
0.000712
0.000705
0.000693
0.000679
0.000666
0.000658
0.000655
0.000657
0.000657
0.000656
0.000655
0.000660
0.000668
0.000678
0.000690
0.000708
0.000730
0.000745
0.000745
0.000730
0.000709
0.000689
0.000673
0.000664
0.000665
0.000676
0.000695
0.000714
0.000726
0.000725
0.000711
0.000690
0.000672
0.000661
0.000659
0.000665
0.000677
0.000689
0.000695
0.000694
0.000689
0.000683
0.000679
0.000674
0.000669
0.000662
0.000656
0.000650
0.000645
0.000643
0.000641
0.000639
0.000636
0.000632
0.000627
0.000625
0.000629
0.000644
0.000663
0.000673
0.000668
0.000654
0.000642
0.000643
0.000654
0.000672
0.000692
0.000710
0.000723
0.000734
0.000745
0.000757
0.000761
0.000754
0.000738
0.000724
0.000719
0.000719
0.000716
0.000705
0.000691
0.000678
0.000667
0.000653
0.000633
0.000611
0.000596
0.000594
0.000600
0.000603
0.000594
0.000576
0.000559
0.000546
0.000539
0.000540
0.000548
0.000559
0.000569
0.000577
0.000585
0.000595
0.000603
0.000606
0.000605
0.000600
0.000593
0.000589
0.000592
0.000600
0.000607
0.000609
0.000609
0.000614
0.000621
0.000624
0.000623
0.000620
0.000619
0.000622
0.000629
0.000638
0.000643
0.000634
0.000611
0.000585
0.000568
0.000567
0.000580
0.000599
0.000614
0.000623
0.000627
0.000629
0.000631
0.000631
0.000632
0.000635
0.000635
0.000632
0.000627
0.000628
0.000637
0.000647
0.000651
0.000652
0.000654
0.000659
0.000664
0.000667
0.000668
0.000666
0.000658
0.000646
0.000634
0.000626
0.000624
0.000622
0.000615
0.000602
0.000593
0.000595
0.000607
0.000621
0.000627
0.000626
0.000623
0.000622
0.000624
0.000627
0.000627
0.000621
0.000610
0.000602
0.000602
0.000604
0.000601
0.000591
0.000580
0.000578
0.000587
0.000604
0.000622
0.000633
0.000633
0.000627
0.000622
0.000625
0.000635
0.000651
0.000661
0.000656
0.000636
0.000614
0.000604
0.000613
0.000634
0.000655
0.000670
0.000678
0.000681
0.000683
0.000685
0.000681
0.000665
0.000644
0.000628
0.000625
0.000631
0.000640
0.000652
0.000665
0.000675
0.000675
0.000667
0.000655
0.000645
0.000638
0.000634
0.000631
0.000628
0.000629
0.000637
0.000651
0.000662
0.000662
0.000652
0.000638
0.000627
0.000621
0.000619
0.000621
0.000628
0.000641
0.000657
0.000669
0.000671
0.000667
0.000662
0.000662
0.000664
0.000671
0.000681
0.000693
0.000702
0.000705
0.000705
0.000701
0.000693
0.000683
0.000680
0.000684
0.000685
0.000674
0.000653
0.000633
0.000622
0.000621
0.000628
0.000644
0.000662
0.000671
0.000667
0.000651
0.000630
0.000612
0.000601
0.000597
0.000597
0.000595
0.000590
0.000585
0.000585
0.000591
0.000602
0.000619
0.000638
0.000650
0.000649
0.000640
0.000633
0.000634
0.000644
0.000657
0.000664
0.000661
0.000651
0.000638
0.000632
0.000634
0.000642
0.000644
0.000634
0.000613
0.000593
0.000580
0.000572
0.000568
0.000568
0.000575
0.000584
0.000592
0.000599
0.000608
0.000615
0.000616
0.000618
0.000626
0.000642
0.000661
0.000680
0.000698
0.000712
0.000717
0.000712
0.000703
0.000692
0.000678
0.000664
0.000658
0.000663
0.000668
0.000664
0.000656
0.000653
0.000655
0.000654
0.000649
0.000647
0.000649
0.000652
0.000652
0.000650
0.000652
0.000658
0.000670
0.000682
0.000691
0.000695
0.000694
0.000690
0.000679
0.000662
0.000642
0.000628
0.000620
0.000610
0.000598
0.000597
0.000613
0.000641
0.000667
0.000684
0.000695
0.000706
0.000712
0.000707
0.000693
0.000677
0.000671
0.000675
0.000682
0.000684
0.000684
0.000686
0.000690
0.000690
0.000685
0.000679
0.000675
0.000676
0.000682
0.000690
0.000696
0.000695
0.000683
0.000668
0.000657
0.000657
0.000667
0.000682
0.000693
0.000691
0.000674
0.000649
0.000627
0.000614
0.000610
0.000608
0.000604
0.000601
0.000598
0.000597
0.000594
0.000590
0.000589
0.000596
0.000609
0.000623
0.000637
0.000656
0.000681
0.000705
0.000717
0.000716
0.000706
0.000692
0.000676
0.000666
0.000669
0.000683
0.000700
0.000713
0.000720
0.000720
0.000710
0.000696
0.000685
0.000681
0.000677
0.000668
0.000654
0.000641
0.000628
0.000614
0.000600
0.000592
0.000591
0.000594
0.000593
0.000591
0.000591
0.000600
0.000615
0.000628
0.000633
0.000627
0.000618
0.000615
0.000620
0.000630
0.000638
0.000638
0.000634
0.000629
0.000628
0.000624
0.000613
0.000598
0.000588
0.000594
0.000609
0.000622
0.000623
0.000616
0.000607
0.000602
0.000601
0.000601
0.000601
0.000600
0.000597
0.000597
0.000607
0.000627
0.000651
0.000666
0.000666
0.000652
0.000634
0.000617
0.000604
0.000594
0.000590
0.000590
0.000588
0.000582
0.000575
0.000575
0.000583
0.000592
0.000599
0.000609
0.000625
0.000641
0.000650
0.000649
0.000646
0.000644
0.000645
0.000645
0.000642
0.000637
0.000634
0.000633
0.000634
0.000635
0.000632
0.000625
0.000616
0.000607
0.000600
0.000594
0.000589
0.000586
0.000586
0.000590
0.000599
0.000607
0.000616
0.000625
0.000636
0.000648
0.000654
0.000650
0.000638
0.000626
0.000621
0.000620
0.000619
0.000613
0.000604
0.000593
0.000585
0.000579
0.000573
0.000566
0.000560
0.000559
0.000567
0.000584
0.000603
0.000616
0.000619
0.000618
0.000619
0.000625
0.000631
0.000633
0.000631
0.000627
0.000624
0.000625
0.000632
0.000642
0.000648
0.000645
0.000639
0.000640
0.000651
0.000665
0.000670
0.000661
0.000644
0.000626
0.000612
0.000601
0.000595
0.000594
0.000601
0.000618
0.000645
0.000669
0.000678
0.000667
0.000645
0.000625
0.000613
0.000609
0.000608
0.000603
0.000596
0.000591
0.000592
0.000599
0.000607
0.000608
0.000605
0.000600
0.000596
0.000594
0.000597
0.000607
0.000620
0.000634
0.000648
0.000662
0.000672
0.000674
0.000666
0.000656
0.000650
0.000651
0.000657
0.000663
0.000662
0.000655
0.000644
0.000636
0.000635
0.000640
0.000646
0.000650
0.000652
0.000650
0.000644
0.000633
0.000622
0.000615
0.000616
0.000626
0.000641
0.000653
0.000658
0.000653
0.000645
0.000638
0.000635
0.000634
0.000634
0.000633
0.000634
0.000635
0.000633
0.000624
0.000609
0.000594
0.000582
0.000574
0.000567
0.000564
0.000568
0.000583
0.000599
0.000608
0.000609
0.000608
0.000611
0.000620
0.000632
0.000643
0.000649
0.000645
0.000629
0.000604
0.000579
0.000560
0.000551
0.000552
0.000563
0.000582
0.000606
0.000629
0.000647
0.000660
0.000667
0.000665
0.000653
0.000631
0.000605
0.000586
0.000580
0.000589
0.000606
0.000621
0.000632
0.000641
0.000651
0.000656
0.000650
0.000636
0.000622
0.000614
0.000611
0.000610
0.000611
0.000612
0.000612
0.000613
0.000619
0.000629
0.000637
0.000636
0.000626
0.000614
0.000603
0.000591
0.000575
0.000559
0.000551
0.000555
0.000568
0.000585
0.000602
0.000615
0.000624
0.000631
0.000642
0.000659
0.000684
0.000712
0.000733
0.000737
0.000725
0.000703
0.000681
0.000659
0.000637
0.000619
0.000609
0.000609
0.000616
0.000619
0.000613
0.000600
0.000586
0.000578
0.000574
0.000568
0.000559
0.000549
0.000547
0.000554
0.000564
0.000573
0.000580
0.000586
0.000594
0.000603
0.000609
0.000615
0.000620
0.000625
0.000626
0.000623
0.000615
0.000607
0.000600
0.000598
0.000599
0.000606
0.000615
0.000624
0.000633
0.000643
0.000652
0.000655
0.000648
0.000635
0.000621
0.000614
0.000612
0.000615
0.000617
0.000615
0.000607
0.000597
0.000589
0.000586
0.000591
0.000601
0.000613
0.000622
0.000624
0.000619
0.000610
0.000599
0.000589
0.000583
0.000585
0.000596
0.000609
0.000617
0.000619
0.000626
0.000643
0.000667
0.000686
0.000694
0.000693
0.000687
0.000676
0.000660
0.000642
0.000627
0.000617
0.000613
0.000615
0.000625
0.000640
0.000650
0.000649
0.000638
0.000628
0.000629
0.000637
0.000646
0.000654
0.000662
0.000672
0.000682
0.000694
0.000708
0.000721
0.000726
0.000720
0.000706
0.000693
0.000685
0.000676
0.000663
0.000644
0.000626
0.000609
0.000594
0.000586
0.000591
0.000612
0.000639
0.000661
0.000670
0.000668
0.000661
0.000653
0.000650
0.000654
0.000665
0.000681
0.000693
0.000697
0.000691
0.000679
0.000662
0.000643
0.000623
0.000607
0.000599
0.000603
0.000616
0.000632
0.000645
0.000654
0.000657
0.000657
0.000654
0.000648
0.000640
0.000633
0.000629
0.000631
0.000634
0.000631
0.000623
0.000617
0.000621
0.000636
0.000660
0.000683
0.000700
0.000706
0.000703
0.000696
0.000692
0.000690
0.000686
0.000672
0.000647
0.000617
0.000595
0.000587
0.000589
0.000589
0.000582
0.000574
0.000570
0.000570
0.000573
0.000579
0.000591
0.000610
0.000629
0.000645
0.000659
0.000674
0.000688
0.000694
0.000690
0.000680
0.000667
0.000656
0.000646
0.000638
0.000633
0.000630
0.000625
0.000620
0.000616
0.000617
0.000623
0.000629
0.000637
0.000646
0.000653
0.000655
0.000652
0.000649
0.000648
0.000647
0.000643
0.000638
0.000637
0.000638
0.000636
0.000627
0.000616
0.000611
0.000618
0.000634
0.000648
0.000655
0.000652
0.000647
0.000646
0.000654
0.000669
0.000686
0.000700
0.000710
0.000714
0.000715
0.000714
0.000707
0.000692
0.000673
0.000656
0.000649
0.000655
0.000675
0.000701
0.000723
0.000733
0.000728
0.000715
0.000703
0.000697
0.000696
0.000694
0.000684
0.000663
0.000636
0.000612
0.000598
0.000592
0.000591
0.000593
0.000597
0.000599
0.000595
0.000590
0.000592
0.000604
0.000616
0.000619
0.000613
0.000605
0.000604
0.000609
0.000614
0.000615
0.000613
0.000613
0.000615
0.000618
0.000621
0.000625
0.000630
0.000632
0.000623
0.000603
0.000580
0.000566
0.000568
0.000579
0.000588
0.000589
0.000584
0.000581
0.000582
0.000585
0.000587
0.000591
0.000602
0.000618
0.000633
0.000641
0.000642
0.000640
0.000638
0.000641
0.000649
0.000662
0.000672
0.000678
0.000679
0.000678
0.000678
0.000679
0.000679
0.000678
0.000674
0.000666
0.000654
0.000639
0.000627
0.000622
0.000622
0.000623
0.000622
0.000620
0.000615
0.000609
0.000601
0.000595
0.000592
0.000593
0.000595
0.000602
0.000615
0.000630
0.000639
0.000638
0.000634
0.000633
0.000634
0.000632
0.000623
0.000611
0.000605
0.000611
0.000622
0.000631
0.000632
0.000629
0.000628
0.000629
0.000630
0.000632
0.000638
0.000645
0.000646
0.000637
0.000620
0.000603
0.000595
0.000596
0.000602
0.000605
0.000600
0.000592
0.000587
0.000587
0.000590
0.000595
0.000601
0.000605
0.000609
0.000610
0.000612
0.000616
0.000624
0.000637
0.000653
0.000669
0.000680
0.000682
0.000675
0.000662
0.000647
0.000634
0.000626
0.000624
0.000624
0.000626
0.000627
0.000626
0.000624
0.000622
0.000623
0.000624
0.000623
0.000620
0.000618
0.000617
0.000619
0.000623
0.000626
0.000626
0.000620
0.000611
0.000608
0.000614
0.000623
0.000626
0.000626
0.000627
0.000632
0.000636
0.000637
0.000634
0.000632
0.000632
0.000636
0.000646
0.000657
0.000663
0.000658
0.000643
0.000628
0.000621
0.000625
0.000635
0.000646
0.000656
0.000664
0.000666
0.000661
0.000650
0.000640
0.000636
0.000638
0.000641
0.000640
0.000634
0.000626
0.000618
0.000614
0.000613
0.000618
0.000626
0.000635
0.000643
0.000648
0.000646
0.000642
0.000641
0.000648
0.000662
0.000676
0.000683
0.000685
0.000683
0.000677
0.000663
0.000639
0.000610
0.000586
0.000573
0.000574
0.000583
0.000596
0.000605
0.000608
0.000607
0.000604
0.000602
0.000599
0.000599
0.000605
0.000617
0.000629
0.000632
0.000625
0.000611
0.000603
0.000606
0.000618
0.000632
0.000642
0.000647
0.000645
0.000634
0.000613
0.000593
0.000583
0.000586
0.000596
0.000603
0.000607
0.000606
0.000597
0.000584
0.000574
0.000573
0.000580
0.000589
0.000601
0.000620
0.000640
0.000650
0.000645
0.000636
0.000636
0.000642
0.000643
0.000631
0.000611
0.000595
0.000591
0.000600
0.000614
0.000626
0.000627
0.000617
0.000604
0.000603
0.000616
0.000634
0.000645
0.000649
0.000654
0.000665
0.000681
0.000697
0.000715
0.000734
0.000745
0.000742
0.000727
0.000708
0.000695
0.000689
0.000687
0.000687
0.000689
0.000684
0.000668
0.000641
0.000612
0.000589
0.000574
0.000568
0.000569
0.000582
0.000601
0.000619
0.000629
0.000629
0.000623
0.000615
0.000608
0.000608
0.000615
0.000622
0.000618
0.000607
0.000599
0.000603
0.000612
0.000618
0.000621
0.000624
0.000624
0.000620
0.000613
0.000614
0.000625
0.000641
0.000651
0.000653
0.000651
0.000646
0.000641
0.000642
0.000653
0.000670
0.000683
0.000685
0.000679
0.000676
0.000677
0.000679
0.000675
0.000666
0.000656
0.000649
0.000643
0.000637
0.000637
0.000647
0.000663
0.000674
0.000674
0.000666
0.000656
0.000650
0.000647
0.000650
0.000657
0.000662
0.000661
0.000653
0.000641
0.000625
0.000604
0.000578
0.000552
0.000531
0.000523
0.000527
0.000534
0.000535
0.000531
0.000529
0.000536
0.000548
0.000559
0.000566
0.000571
0.000575
0.000578
0.000578
0.000579
0.000580
0.000582
0.000585
0.000584
0.000577
0.000569
0.000570
0.000588
0.000618
0.000646
0.000663
0.000670
0.000668
0.000661
0.000648
0.000634
0.000620
0.000609
0.000604
0.000610
0.000627
0.000648
0.000664
0.000667
0.000658
0.000642
0.000627
0.000618
0.000614
0.000611
0.000610
0.000615
0.000625
0.000633
0.000638
0.000641
0.000642
0.000637
0.000625
0.000611
0.000605
0.000606
0.000610
0.000610
0.000613
0.000625
0.000648
0.000677
0.000701
0.000715
0.000717
0.000710
0.000694
0.000670
0.000641
0.000616
0.000607
0.000616
0.000632
0.000643
0.000645
0.000643
0.000639
0.000632
0.000621
0.000614
0.000615
0.000624
0.000631
0.000634
0.000635
0.000635
0.000637
0.000640
0.000644
0.000647
0.000648
0.000649
0.000651
0.000653
0.000653
0.000651
0.000651
0.000656
0.000660
0.000659
0.000652
0.000637
0.000614
0.000584
0.000558
0.000546
0.000551
0.000568
0.000583
0.000590
0.000588
0.000582
0.000579
0.000580
0.000582
0.000582
0.000579
0.000576
0.000574
0.000569
0.000565
0.000569
0.000580
0.000591
0.000596
0.000595
0.000591
0.000588
0.000588
0.000593
0.000602
0.000610
0.000614
0.000614
0.000615
0.000616
0.000617
0.000618
0.000616
0.000611
0.000605
0.000606
0.000614
0.000626
0.000636
0.000644
0.000654
0.000662
0.000661
0.000648
0.000632
0.000624
0.000629
0.000640
0.000652
0.000659
0.000659
0.000653
0.000645
0.000641
0.000645
0.000656
0.000668
0.000675
0.000674
0.000667
0.000660
0.000655
0.000652
0.000648
0.000635
0.000613
0.000590
0.000578
0.000579
0.000590
0.000603
0.000620
0.000638
0.000653
0.000660
0.000656
0.000643
0.000627
0.000611
0.000598
0.000585
0.000575
0.000567
0.000566
0.000573
0.000582
0.000589
0.000593
0.000595
0.000596
0.000597
0.000600
0.000606
0.000614
0.000620
0.000623
0.000625
0.000627
0.000630
0.000632
0.000630
0.000622
0.000612
0.000606
0.000609
0.000618
0.000626
0.000631
0.000636
0.000640
0.000644
0.000651
0.000667
0.000689
0.000710
0.000720
0.000720
0.000714
0.000701
0.000684
0.000669
0.000659
0.000651
0.000641
0.000630
0.000622
0.000614
0.000607
0.000600
0.000595
0.000588
0.000583
0.000586
0.000599
0.000613
0.000616
0.000609
0.000604
0.000603
0.000601
0.000599
0.000606
0.000624
0.000645
0.000658
0.000665
0.000673
0.000681
0.000684
0.000678
0.000665
0.000653
0.000652
0.000660
0.000671
0.000677
0.000678
0.000683
0.000694
0.000703
0.000704
0.000698
0.000691
0.000681
0.000669
0.000656
0.000647
0.000642
0.000637
0.000634
0.000634
0.000638
0.000641
0.000643
0.000648
0.000654
0.000658
0.000658
0.000656
0.000654
0.000650
0.000646
0.000641
0.000635
0.000627
0.000622
0.000628
0.000644
0.000657
0.000658
0.000650
0.000640
0.000633
0.000628
0.000622
0.000617
0.000612
0.000607
0.000608
0.000617
0.000632
0.000647
0.000656
0.000658
0.000651
0.000636
0.000616
0.000600
0.000595
0.000602
0.000614
0.000625
0.000629
0.000624
0.000612
0.000600
0.000592
0.000588
0.000585
0.000579
0.000571
0.000563
0.000560
0.000563
0.000569
0.000575
0.000580
0.000582
0.000580
0.000572
0.000558
0.000541
0.000524
0.000511
0.000501
0.000491
0.000483
0.000484
0.000500
0.000530
0.000562
0.000586
0.000602
0.000614
0.000624
0.000630
0.000632
0.000635
0.000642
0.000649
0.000652
0.000646
0.000635
0.000624
0.000622
0.000630
0.000641
0.000647
0.000646
0.000640
0.000633
0.000624
0.000615
0.000606
0.000600
0.000596
0.000594
0.000598
0.000607
0.000617
0.000626
0.000634
0.000640
0.000641
0.000635
0.000626
0.000619
0.000614
0.000609
0.000605
0.000604
0.000613
0.000631
0.000654
0.000673
0.000683
0.000681
0.000676
0.000674
0.000677
0.000681
0.000679
0.000672
0.000660
0.000648
0.000640
0.000637
0.000637
0.000639
0.000637
0.000630
0.000620
0.000617
0.000626
0.000646
0.000661
0.000663
0.000660
0.000662
0.000666
0.000666
0.000658
0.000652
0.000651
0.000653
0.000653
0.000651
0.000645
0.000633
0.000615
0.000600
0.000596
0.000596
0.000593
0.000584
0.000578
0.000578
0.000583
0.000591
0.000602
0.000616
0.000628
0.000631
0.000627
0.000619
0.000613
0.000616
0.000626
0.000640
0.000647
0.000646
0.000641
0.000638
0.000638
0.000642
0.000650
0.000664
0.000682
0.000697
0.000709
0.000716
0.000719
0.000720
0.000719
0.000716
0.000708
0.000695
0.000679
0.000667
0.000662
0.000663
0.000665
0.000665
0.000667
0.000672
0.000674
0.000667
0.000649
0.000633
0.000626
0.000629
0.000635
0.000636
0.000633
0.000627
0.000622
0.000622
0.000627
0.000632
0.000632
0.000627
0.000626
0.000633
0.000643
0.000648
0.000645
0.000636
0.000625
0.000621
0.000628
0.000645
0.000662
0.000673
0.000676
0.000671
0.000663
0.000658
0.000656
0.000653
0.000641
0.000621
0.000598
0.000577
0.000560
0.000545
0.000535
0.000530
0.000532
0.000540
0.000556
0.000575
0.000587
0.000593
0.000600
0.000611
0.000622
0.000630
0.000638
0.000651
0.000666
0.000673
0.000670
0.000665
0.000667
0.000674
0.000678
0.000678
0.000679
0.000688
0.000702
0.000712
0.000709
0.000695
0.000680
0.000668
0.000658
0.000647
0.000637
0.000634
0.000636
0.000636
0.000634
0.000634
0.000639
0.000644
0.000642
0.000633
0.000624
0.000618
0.000616
0.000620
0.000630
0.000645
0.000660
0.000667
0.000665
0.000658
0.000652
0.000650
0.000653
0.000655
0.000657
0.000659
0.000659
0.000652
0.000640
0.000628
0.000619
0.000612
0.000606
0.000604
0.000607
0.000614
0.000622
0.000634
0.000647
0.000656
0.000654
0.000640
0.000622
0.000607
0.000598
0.000596
0.000598
0.000605
0.000614
0.000623
0.000630
0.000631
0.000626
0.000618
0.000609
0.000601
0.000591
0.000581
0.000574
0.000573
0.000578
0.000586
0.000594
0.000602
0.000614
0.000629
0.000642
0.000649
0.000653
0.000658
0.000665
0.000670
0.000672
0.000677
0.000689
0.000709
0.000728
0.000736
0.000730
0.000711
0.000690
0.000674
0.000662
0.000648
0.000635
0.000631
0.000644
0.000668
0.000692
0.000709
0.000719
0.000724
0.000723
0.000718
0.000715
0.000717
0.000721
0.000722
0.000716
0.000702
0.000685
0.000674
0.000670
0.000672
0.000672
0.000666
0.000656
0.000645
0.000631
0.000614
0.000599
0.000587
0.000581
0.000580
0.000587
0.000600
0.000611
0.000618
0.000624
0.000634
0.000648
0.000657
0.000659
0.000656
0.000651
0.000640
0.000624
0.000610
0.000608
0.000618
0.000634
0.000646
0.000653
0.000659
0.000667
0.000676
0.000684
0.000687
0.000684
0.000676
0.000669
0.000666
0.000670
0.000678
0.000684
0.000683
0.000676
0.000664
0.000651
0.000639
0.000630
0.000627
0.000631
0.000644
0.000665
0.000690
0.000713
0.000727
0.000726
0.000713
0.000695
0.000678
0.000669
0.000666
0.000664
0.000661
0.000654
0.000643
0.000627
0.000607
0.000590
0.000578
0.000574
0.000578
0.000588
0.000602
0.000618
0.000632
0.000643
0.000652
0.000658
0.000658
0.000654
0.000648
0.000646
0.000649
0.000651
0.000647
0.000638
0.000631
0.000626
0.000623
0.000621
0.000621
0.000625
0.000631
0.000634
0.000631
0.000628
0.000625
0.000622
0.000615
0.000604
0.000592
0.000584
0.000582
0.000587
0.000598
0.000608
0.000611
0.000607
0.000603
0.000606
0.000617
0.000628
0.000636
0.000640
0.000647
0.000660
0.000678
0.000696
0.000706
0.000705
0.000695
0.000681
0.000667
0.000655
0.000649
0.000652
0.000659
0.000662
0.000655
0.000648
0.000646
0.000651
0.000658
0.000665
0.000671
0.000671
0.000662
0.000646
0.000635
0.000633
0.000636
0.000640
0.000644
0.000647
0.000647
0.000643
0.000642
0.000646
0.000653
0.000657
0.000660
0.000667
0.000679
0.000687
0.000685
0.000673
0.000659
0.000650
0.000649
0.000652
0.000656
0.000659
0.000665
0.000675
0.000688
0.000694
0.000692
0.000686
0.000681
0.000681
0.000685
0.000689
0.000691
0.000688
0.000681
0.000672
0.000661
0.000646
0.000631
0.000624
0.000627
0.000638
0.000647
0.000649
0.000647
0.000649
0.000658
0.000669
0.000671
0.000664
0.000650
0.000636
0.000624
0.000613
0.000602
0.000593
0.000585
0.000580
0.000580
0.000590
0.000607
0.000621
0.000624
0.000617
0.000608
0.000608
0.000618
0.000636
0.000657
0.000678
0.000696
0.000706
0.000699
0.000679
0.000656
0.000643
0.000642
0.000643
0.000638
0.000625
0.000607
0.000588
0.000575
0.000573
0.000580
0.000584
0.000580
0.000574
0.000575
0.000583
0.000594
0.000606
0.000619
0.000628
0.000625
0.000610
0.000595
0.000587
0.000586
0.000588
0.000590
0.000596
0.000603
0.000611
0.000619
0.000635
0.000658
0.000684
0.000705
0.000713
0.000710
0.000699
0.000685
0.000676
0.000670
0.000665
0.000653
0.000639
0.000629
0.000624
0.000621
0.000618
0.000615
0.000619
0.000628
0.000638
0.000642
0.000640
0.000640
0.000646
0.000658
0.000672
0.000682
0.000681
0.000670
0.000652
0.000631
0.000613
0.000600
0.000592
0.000587
0.000584
0.000581
0.000577
0.000574
0.000570
0.000563
0.000556
0.000553
0.000559
0.000571
0.000585
0.000598
0.000608
0.000615
0.000618
0.000617
0.000615
0.000614
0.000613
0.000615
0.000621
0.000634
0.000651
0.000664
0.000669
0.000666
0.000654
0.000641
0.000635
0.000635
0.000637
0.000633
0.000629
0.000635
0.000654
0.000672
0.000681
0.000682
0.000687
0.000696
0.000699
0.000693
0.000690
0.000696
0.000707
0.000712
0.000708
0.000700
0.000691
0.000682
0.000673
0.000665
0.000659
0.000653
0.000646
0.000640
0.000638
0.000643
0.000652
0.000660
0.000660
0.000651
0.000639
0.000633
0.000638
0.000648
0.000655
0.000657
0.000656
0.000655
0.000656
0.000659
0.000663
0.000668
0.000672
0.000675
0.000672
0.000659
0.000634
0.000605
0.000583
0.000574
0.000577
0.000586
0.000593
0.000594
0.000588
0.000581
0.000582
0.000597
0.000617
0.000630
0.000632
0.000630
0.000636
0.000648
0.000659
0.000666
0.000673
0.000684
0.000690
0.000688
0.000679
0.000669
0.000662
0.000653
0.000640
0.000624
0.000608
0.000594
0.000587
0.000586
0.000585
0.000580
0.000574
0.000575
0.000584
0.000597
0.000610
0.000620
0.000626
0.000624
0.000614
0.000605
0.000602
0.000604
0.000606
0.000607
0.000611
0.000618
0.000623
0.000625
0.000626
0.000630
0.000639
0.000654
0.000671
0.000685
0.000687
0.000677
0.000662
0.000649
0.000641
0.000636
0.000630
0.000626
0.000623
0.000621
0.000618
0.000615
0.000614
0.000619
0.000627
0.000635
0.000639
0.000643
0.000648
0.000656
0.000659
0.000653
0.000640
0.000629
0.000623
0.000624
0.000629
0.000633
0.000637
0.000637
0.000632
0.000622
0.000615
0.000616
0.000624
0.000630
0.000627
0.000620
0.000614
0.000614
0.000616
0.000616
0.000610
0.000600
0.000592
0.000593
0.000607
0.000624
0.000633
0.000633
0.000631
0.000629
0.000622
0.000609
0.000596
0.000591
0.000595
0.000600
0.000603
0.000603
0.000600
0.000595
0.000594
0.000599
0.000610
0.000617
0.000616
0.000607
0.000592
0.000579
0.000573
0.000578
0.000589
0.000599
0.000604
0.000605
0.000608
0.000616
0.000629
0.000646
0.000658
0.000661
0.000655
0.000644
0.000630
0.000618
0.000611
0.000612
0.000619
0.000629
0.000638
0.000649
0.000656
0.000659
0.000658
0.000660
0.000668
0.000675
0.000677
0.000678
0.000681
0.000685
0.000687
0.000688
0.000686
0.000679
0.000662
0.000641
0.000624
0.000615
0.000612
0.000612
0.000615
0.000617
0.000612
0.000598
0.000584
0.000579
0.000582
0.000586
0.000586
0.000583
0.000582
0.000582
0.000585
0.000592
0.000603
0.000616
0.000629
0.000642
0.000652
0.000656
0.000651
0.000639
0.000628
0.000621
0.000617
0.000610
0.000599
0.000589
0.000587
0.000595
0.000607
0.000615
0.000619
0.000623
0.000631
0.000641
0.000649
0.000654
0.000655
0.000655
0.000658
0.000664
0.000673
0.000679
0.000681
0.000681
0.000683
0.000686
0.000682
0.000671
0.000662
0.000664
0.000673
0.000680
0.000679
0.000675
0.000675
0.000677
0.000678
0.000679
0.000683
0.000685
0.000679
0.000661
0.000636
0.000617
0.000609
0.000610
0.000613
0.000613
0.000609
0.000601
0.000592
0.000589
0.000595
0.000609
0.000624
0.000635
0.000641
0.000648
0.000656
0.000662
0.000665
0.000667
0.000671
0.000677
0.000684
0.000691
0.000699
0.000706
0.000707
0.000699
0.000685
0.000671
0.000660
0.000654
0.000654
0.000662
0.000678
0.000696
0.000708
0.000709
0.000698
0.000683
0.000671
0.000666
0.000662
0.000652
0.000640
0.000634
0.000636
0.000639
0.000634
0.000621
0.000607
0.000596
0.000591
0.000593
0.000604
0.000618
0.000630
0.000633
0.000631
0.000625
0.000619
0.000615
0.000618
0.000626
0.000631
0.000629
0.000626
0.000628
0.000636
0.000647
0.000657
0.000666
0.000672
0.000670
0.000661
0.000654
0.000655
0.000661
0.000667
0.000667
0.000659
0.000648
0.000640
0.000638
0.000640
0.000642
0.000642
0.000645
0.000651
0.000654
0.000654
0.000652
0.000649
0.000647
0.000645
0.000648
0.000656
0.000662
0.000659
0.000649
0.000635
0.000623
0.000617
0.000618
0.000623
0.000628
0.000630
0.000631
0.000634
0.000642
0.000655
0.000672
0.000687
0.000690
0.000682
0.000668
0.000660
0.000660
0.000663
0.000665
0.000667
0.000667
0.000665
0.000660
0.000655
0.000653
0.000652
0.000652
0.000652
0.000654
0.000657
0.000652
0.000637
0.000615
0.000595
0.000586
0.000588
0.000595
0.000602
0.000607
0.000613
0.000621
0.000627
0.000629
0.000625
0.000622
0.000625
0.000635
0.000649
0.000665
0.000686
0.000716
0.000745
0.000759
0.000752
0.000733
0.000715
0.000697
0.000674
0.000647
0.000623
0.000612
0.000613
0.000621
0.000635
0.000649
0.000660
0.000664
0.000666
0.000672
0.000683
0.000696
0.000705
0.000708
0.000704
0.000695
0.000682
0.000666
0.000651
0.000642
0.000641
0.000645
0.000648
0.000644
0.000636
0.000626
0.000614
0.000600
0.000587
0.000578
0.000575
0.000579
0.000594
0.000613
0.000626
0.000624
0.000612
0.000599
0.000592
0.000590
0.000594
0.000604
0.000615
0.000621
0.000622
0.000626
0.000636
0.000647
0.000651
0.000649
0.000646
0.000644
0.000641
0.000636
0.000633
0.000636
0.000645
0.000653
0.000657
0.000654
0.000649
0.000646
0.000646
0.000644
0.000638
0.000629
0.000623
0.000621
0.000622
0.000629
0.000642
0.000657
0.000668
0.000666
0.000653
0.000638
0.000634
0.000643
0.000655
0.000656
0.000648
0.000645
0.000652
0.000666
0.000673
0.000670
0.000659
0.000642
0.000622
0.000605
0.000596
0.000596
0.000598
0.000599
0.000598
0.000601
0.000610
0.000622
0.000632
0.000637
0.000638
0.000636
0.000631
0.000628
0.000629
0.000639
0.000653
0.000663
0.000664
0.000662
0.000662
0.000663
0.000661
0.000651
0.000635
0.000620
0.000614
0.000620
0.000638
0.000658
0.000669
0.000667
0.000657
0.000648
0.000642
0.000638
0.000635
0.000634
0.000635
0.000642
0.000653
0.000665
0.000673
0.000676
0.000671
0.000660
0.000643
0.000626
0.000614
0.000608
0.000605
0.000603
0.000599
0.000595
0.000596
0.000603
0.000612
0.000616
0.000613
0.000605
0.000598
0.000590
0.000578
0.000568
0.000569
0.000583
0.000603
0.000621
0.000636
0.000652
0.000665
0.000672
0.000671
0.000666
0.000662
0.000657
0.000647
0.000631
0.000613
0.000597
0.000584
0.000571
0.000559
0.000553
0.000560
0.000579
0.000603
0.000625
0.000640
0.000647
0.000646
0.000640
0.000635
0.000632
0.000628
0.000622
0.000616
0.000612
0.000608
0.000602
0.000600
0.000607
0.000619
0.000630
0.000639
0.000653
0.000671
0.000684
0.000686
0.000677
0.000662
0.000646
0.000631
0.000622
0.000620
0.000620
0.000615
0.000605
0.000592
0.000579
0.000570
0.000569
0.000576
0.000586
0.000594
0.000597
0.000597
0.000599
0.000605
0.000618
0.000637
0.000655
0.000663
0.000658
0.000642
0.000623
0.000604
0.000591
0.000587
0.000590
0.000594
0.000601
0.000612
0.000627
0.000641
0.000648
0.000649
0.000648
0.000651
0.000657
0.000668
0.000679
0.000688
0.000690
0.000686
0.000683
0.000687
0.000694
0.000695
0.000683
0.000665
0.000650
0.000645
0.000648
0.000651
0.000655
0.000657
0.000656
0.000648
0.000638
0.000630
0.000628
0.000628
0.000627
0.000623
0.000614
0.000600
0.000586
0.000579
0.000585
0.000598
0.000611
0.000622
0.000630
0.000634
0.000631
0.000623
0.000619
0.000623
0.000635
0.000647
0.000653
0.000650
0.000643
0.000634
0.000628
0.000624
0.000620
0.000616
0.000615
0.000618
0.000624
0.000632
0.000637
0.000636
0.000631
0.000629
0.000635
0.000647
0.000653
0.000653
0.000651
0.000654
0.000655
0.000646
0.000629
0.000612
0.000600
0.000586
0.000568
0.000554
0.000553
0.000562
0.000570
0.000572
0.000573
0.000577
0.000583
0.000589
0.000596
0.000606
0.000618
0.000625
0.000622
0.000612
0.000600
0.000589
0.000581
0.000577
0.000577
0.000583
0.000591
0.000598
0.000605
0.000612
0.000615
0.000614
0.000609
0.000604
0.000603
0.000605
0.000609
0.000613
0.000617
0.000622
0.000630
0.000642
0.000657
0.000667
0.000668
0.000662
0.000657
0.000655
0.000653
0.000651
0.000648
0.000642
0.000635
0.000627
0.000624
0.000631
0.000648
0.000668
0.000684
0.000690
0.000689
0.000689
0.000696
0.000706
0.000716
0.000720
0.000720
0.000715
0.000707
0.000702
0.000705
0.000714
0.000724
0.000726
0.000719
0.000706
0.000693
0.000683
0.000677
0.000673
0.000668
0.000666
0.000669
0.000674
0.000674
0.000668
0.000661
0.000658
0.000653
0.000641
0.000621
0.000602
0.000589
0.000580
0.000575
0.000578
0.000593
0.000613
0.000630
0.000639
0.000643
0.000645
0.000645
0.000639
0.000625
0.000611
0.000607
0.000620
0.000644
0.000670
0.000687
0.000696
0.000698
0.000695
0.000689
0.000681
0.000671
0.000657
0.000641
0.000628
0.000618
0.000610
0.000600
0.000587
0.000577
0.000576
0.000589
0.000612
0.000636
0.000654
0.000665
0.000673
0.000676
0.000674
0.000665
0.000655
0.000645
0.000636
0.000628
0.000626
0.000634
0.000647
0.000655
0.000650
0.000631
0.000607
0.000590
0.000586
0.000588
0.000585
0.000575
0.000566
0.000563
0.000562
0.000559
0.000555
0.000560
0.000572
0.000584
0.000589
0.000594
0.000608
0.000629
0.000645
0.000642
0.000628
0.000617
0.000618
0.000627
0.000632
0.000629
0.000623
0.000620
0.000617
0.000610
0.000601
0.000596
0.000595
0.000594
0.000589
0.000583
0.000581
0.000586
0.000596
0.000609
0.000623
0.000637
0.000646
0.000650
0.000654
0.000656
0.000656
0.000650
0.000641
0.000634
0.000630
0.000629
0.000630
0.000634
0.000638
0.000640
0.000634
0.000619
0.000599
0.000582
0.000576
0.000582
0.000591
0.000590
0.000578
0.000564
0.000557
0.000556
0.000556
0.000555
0.000560
0.000572
0.000589
0.000603
0.000612
0.000617
0.000620
0.000623
0.000626
0.000628
0.000627
0.000621
0.000610
0.000598
0.000588
0.000581
0.000575
0.000572
0.000575
0.000586
0.000604
0.000623
0.000640
0.000654
0.000660
0.000656
0.000645
0.000633
0.000625
0.000623
0.000628
0.000637
0.000642
0.000639
0.000628
0.000617
0.000610
0.000607
0.000604
0.000601
0.000599
0.000599
0.000600
0.000605
0.000613
0.000621
0.000626
0.000627
0.000626
0.000626
0.000630
0.000636
0.000644
0.000649
0.000647
0.000640
0.000635
0.000636
0.000642
0.000648
0.000652
0.000654
0.000660
0.000670
0.000682
0.000689
0.000689
0.000684
0.000679
0.000673
0.000663
0.000655
0.000652
0.000653
0.000650
0.000643
0.000638
0.000636
0.000634
0.000629
0.000623
0.000614
0.000602
0.000587
0.000573
0.000566
0.000565
0.000568
0.000576
0.000590
0.000603
0.000608
0.000603
0.000598
0.000596
0.000594
0.000587
0.000573
0.000562
0.000561
0.000575
0.000594
0.000606
0.000601
0.000585
0.000573
0.000576
0.000590
0.000603
0.000608
0.000606
0.000603
0.000601
0.000600
0.000596
0.000585
0.000568
0.000551
0.000541
0.000535
0.000533
0.000535
0.000544
0.000558
0.000568
0.000568
0.000559
0.000551
0.000551
0.000560
0.000572
0.000585
0.000597
0.000607
0.000612
0.000615
0.000619
0.000622
0.000620
0.000610
0.000600
0.000593
0.000589
0.000583
0.000579
0.000581
0.000587
0.000591
0.000590
0.000590
0.000597
0.000611
0.000630
0.000648
0.000663
0.000671
0.000670
0.000661
0.000645
0.000628
0.000618
0.000621
0.000631
0.000640
0.000644
0.000647
0.000653
0.000659
0.000663
0.000664
0.000666
0.000666
0.000662
0.000656
0.000650
0.000645
0.000642
0.000637
0.000634
0.000636
0.000644
0.000652
0.000654
0.000651
0.000649
0.000655
0.000665
0.000676
0.000687
0.000698
0.000703
0.000694
0.000672
0.000648
0.000630
0.000618
0.000610
0.000607
0.000610
0.000617
0.000620
0.000622
0.000626
0.000635
0.000650
0.000667
0.000685
0.000700
0.000712
0.000724
0.000735
0.000740
0.000737
0.000730
0.000728
0.000730
0.000732
0.000727
0.000716
0.000704
0.000697
0.000692
0.000686
0.000675
0.000661
0.000650
0.000645
0.000642
0.000639
0.000639
0.000644
0.000653
0.000661
0.000665
0.000666
0.000664
0.000662
0.000665
0.000674
0.000679
0.000674
0.000660
0.000648
0.000641
0.000640
0.000644
0.000649
0.000654
0.000652
0.000642
0.000627
0.000609
0.000592
0.000581
0.000580
0.000587
0.000601
0.000619
0.000638
0.000652
0.000655
0.000647
0.000639
0.000634
0.000630
0.000625
0.000623
0.000629
0.000640
0.000651
0.000660
0.000670
0.000678
0.000680
0.000677
0.000674
0.000672
0.000673
0.000677
0.000684
0.000694
0.000703
0.000708
0.000706
0.000697
0.000686
0.000685
0.000693
0.000700
0.000697
0.000686
0.000677
0.000674
0.000672
0.000666
0.000657
0.000651
0.000644
0.000637
0.000634
0.000640
0.000653
0.000666
0.000673
0.000678
0.000683
0.000690
0.000697
0.000703
0.000704
0.000699
0.000685
0.000661
0.000631
0.000601
0.000580
0.000570
0.000567
0.000566
0.000566
0.000570
0.000577
0.000587
0.000597
0.000604
0.000607
0.000607
0.000606
0.000600
0.000591
0.000586
0.000596
0.000626
0.000664
0.000693
0.000704
0.000697
0.000679
0.000653
0.000626
0.000601
0.000584
0.000576
0.000579
0.000590
0.000605
0.000616
0.000620
0.000613
0.000598
0.000583
0.000580
0.000595
0.000623
0.000649
0.000666
0.000676
0.000682
0.000685
0.000686
0.000687
0.000690
0.000692
0.000691
0.000691
0.000695
0.000699
0.000692
0.000675
0.000658
0.000651
0.000652
0.000653
0.000655
0.000666
0.000684
0.000700
0.000702
0.000691
0.000674
0.000663
0.000659
0.000657
0.000654
0.000649
0.000649
0.000654
0.000660
0.000657
0.000643
0.000626
0.000616
0.000614
0.000617
0.000623
0.000629
0.000634
0.000636
0.000635
0.000636
0.000644
0.000654
0.000656
0.000647
0.000636
0.000631
0.000634
0.000636
0.000631
0.000621
0.000615
0.000615
0.000620
0.000630
0.000645
0.000662
0.000676
0.000682
0.000680
0.000672
0.000659
0.000639
0.000617
0.000597
0.000585
0.000579
0.000574
0.000566
0.000560
0.000561
0.000570
0.000579
0.000582
0.000583
0.000585
0.000591
0.000599
0.000611
0.000630
0.000650
0.000665
0.000666
0.000658
0.000647
0.000639
0.000634
0.000631
0.000630
0.000632
0.000638
0.000652
0.000669
0.000680
0.000681
0.000674
0.000665
0.000658
0.000655
0.000656
0.000660
0.000668
0.000679
0.000689
0.000693
0.000688
0.000677
0.000670
0.000670
0.000671
0.000667
0.000656
0.000643
0.000628
0.000613
0.000599
0.000594
0.000597
0.000605
0.000613
0.000619
0.000623
0.000626
0.000630
0.000636
0.000643
0.000648
0.000649
0.000648
0.000648
0.000646
0.000640
0.000634
0.000631
0.000631
0.000629
0.000623
0.000617
0.000615
0.000613
0.000611
0.000610
0.000612
0.000621
0.000631
0.000641
0.000650
0.000657
0.000657
0.000646
0.000628
0.000614
0.000611
0.000616
0.000621
0.000622
0.000620
0.000615
0.000611
0.000611
0.000616
0.000620
0.000618
0.000610
0.000602
0.000599
0.000600
0.000601
0.000604
0.000606
0.000604
0.000602
0.000608
0.000622
0.000634
0.000635
0.000627
0.000621
0.000621
0.000626
0.000630
0.000632
0.000633
0.000635
0.000643
0.000657
0.000669
0.000670
0.000656
0.000636
0.000620
0.000614
0.000617
0.000627
0.000637
0.000641
0.000640
0.000643
0.000658
0.000676
0.000688
0.000686
0.000674
0.000660
0.000647
0.000640
0.000644
0.000656
0.000669
0.000676
0.000675
0.000668
0.000658
0.000647
0.000637
0.000628
0.000619
0.000612
0.000608
0.000609
0.000614
0.000619
0.000619
0.000611
0.000602
0.000600
0.000611
0.000629
0.000644
0.000648
0.000646
0.000645
0.000651
0.000660
0.000667
0.000671
0.000670
0.000663
0.000654
0.000648
0.000646
0.000643
0.000634
0.000619
0.000605
0.000597
0.000598
0.000607
0.000621
0.000638
0.000651
0.000656
0.000651
0.000640
0.000627
0.000619
0.000617
0.000623
0.000637
0.000655
0.000669
0.000671
0.000659
0.000642
0.000628
0.000622
0.000625
0.000635
0.000648
0.000659
0.000660
0.000652
0.000641
0.000632
0.000624
0.000617
0.000613
0.000616
0.000623
0.000631
0.000638
0.000645
0.000650
0.000649
0.000647
0.000650
0.000661
0.000673
0.000675
0.000663
0.000641
0.000623
0.000614
0.000611
0.000608
0.000599
0.000590
0.000587
0.000591
0.000597
0.000604
0.000612
0.000621
0.000627
0.000630
0.000635
0.000646
0.000660
0.000671
0.000675
0.000675
0.000676
0.000680
0.000689
0.000698
0.000703
0.000707
0.000710
0.000715
0.000714
0.000704
0.000686
0.000668
0.000653
0.000638
0.000624
0.000612
0.000610
0.000617
0.000629
0.000641
0.000650
0.000654
0.000652
0.000647
0.000642
0.000638
0.000631
0.000624
0.000623
0.000629
0.000637
0.000638
0.000633
0.000629
0.000626
0.000619
0.000609
0.000606
0.000620
0.000646
0.000671
0.000688
0.000697
0.000701
0.000698
0.000692
0.000687
0.000686
0.000689
0.000693
0.000696
0.000695
0.000687
0.000676
0.000672
0.000676
0.000685
0.000691
0.000691
0.000688
0.000684
0.000680
0.000674
0.000663
0.000646
0.000628
0.000619
0.000624
0.000637
0.000651
0.000661
0.000671
0.000685
0.000705
0.000724
0.000732
0.000726
0.000714
0.000709
0.000710
0.000706
0.000694
0.000681
0.000674
0.000671
0.000665
0.000658
0.000657
0.000666
0.000679
0.000688
0.000690
0.000685
0.000678
0.000671
0.000666
0.000659
0.000649
0.000638
0.000628
0.000616
0.000598
0.000580
0.000568
0.000567
0.000578
0.000598
0.000618
0.000631
0.000634
0.000630
0.000626
0.000619
0.000608
0.000594
0.000585
0.000582
0.000580
0.000578
0.000579
0.000583
0.000590
0.000599
0.000610
0.000620
0.000628
0.000636
0.000649
0.000665
0.000677
0.000680
0.000680
0.000682
0.000689
0.000695
0.000698
0.000697
0.000689
0.000676
0.000661
0.000651
0.000647
0.000650
0.000658
0.000669
0.000679
0.000684
0.000686
0.000685
0.000683
0.000678
0.000673
0.000667
0.000662
0.000662
0.000671
0.000690
0.000711
0.000726
0.000726
0.000714
0.000695
0.000676
0.000662
0.000652
0.000647
0.000646
0.000649
0.000654
0.000653
0.000647
0.000645
0.000652
0.000662
0.000669
0.000675
0.000681
0.000685
0.000681
0.000674
0.000669
0.000671
0.000672
0.000669
0.000662
0.000657
0.000650
0.000640
0.000627
0.000617
0.000611
0.000608
0.000603
0.000598
0.000593
0.000590
0.000588
0.000588
0.000588
0.000588
0.000588
0.000586
0.000588
0.000595
0.000607
0.000619
0.000629
0.000637
0.000643
0.000637
0.000616
0.000585
0.000559
0.000547
0.000545
0.000548
0.000552
0.000559
0.000566
0.000570
0.000569
0.000564
0.000562
0.000565
0.000574
0.000583
0.000588
0.000589
0.000589
0.000587
0.000584
0.000583
0.000589
0.000601
0.000612
0.000615
0.000609
0.000599
0.000590
0.000583
0.000576
0.000572
0.000575
0.000584
0.000593
0.000596
0.000590
0.000579
0.000568
0.000559
0.000553
0.000552
0.000559
0.000575
0.000595
0.000613
0.000623
0.000627
0.000627
0.000625
0.000623
0.000623
0.000623
0.000622
0.000618
0.000609
0.000599
0.000594
0.000600
0.000618
0.000641
0.000663
0.000680
0.000694
0.000702
0.000698
0.000678
0.000647
0.000615
0.000594
0.000590
0.000597
0.000605
0.000604
0.000593
0.000579
0.000572
0.000577
0.000587
0.000594
0.000597
0.000601
0.000612
0.000630
0.000650
0.000669
0.000687
0.000701
0.000705
0.000699
0.000686
0.000670
0.000653
0.000637
0.000626
0.000622
0.000618
0.000608
0.000591
0.000576
0.000572
0.000579
0.000587
0.000591
0.000592
0.000596
0.000603
0.000611
0.000618
0.000625
0.000629
0.000630
0.000626
0.000620
0.000616
0.000616
0.000618
0.000622
0.000626
0.000632
0.000639
0.000647
0.000654
0.000657
0.000656
0.000652
0.000643
0.000633
0.000626
0.000625
0.000625
0.000619
0.000604
0.000590
0.000583
0.000582
0.000583
0.000583
0.000587
0.000595
0.000603
0.000610
0.000620
0.000637
0.000656
0.000669
0.000675
0.000675
0.000674
0.000670
0.000663
0.000653
0.000642
0.000633
0.000624
0.000614
0.000604
0.000594
0.000586
0.000580
0.000579
0.000581
0.000587
0.000595
0.000607
0.000623
0.000642
0.000659
0.000667
0.000665
0.000658
0.000647
0.000635
0.000626
0.000623
0.000624
0.000624
0.000620
0.000613
0.000605
0.000602
0.000608
0.000625
0.000640
0.000642
0.000626
0.000601
0.000580
0.000564
0.000552
0.000541
0.000539
0.000548
0.000563
0.000574
0.000576
0.000570
0.000562
0.000555
0.000550
0.000551
0.000561
0.000578
0.000596
0.000605
0.000608
0.000613
0.000621
0.000626
0.000623
0.000612
0.000600
0.000586
0.000570
0.000558
0.000558
0.000568
0.000583
0.000600
0.000620
0.000640
0.000652
0.000650
0.000640
0.000629
0.000620
0.000605
0.000581
0.000556
0.000539
0.000533
0.000540
0.000556
0.000578
0.000601
0.000621
0.000637
0.000647
0.000653
0.000652
0.000648
0.000641
0.000636
0.000637
0.000644
0.000655
0.000667
0.000676
0.000684
0.000689
0.000688
0.000682
0.000675
0.000669
0.000663
0.000657
0.000656
0.000660
0.000667
0.000665
0.000655
0.000645
0.000644
0.000650
0.000659
0.000664
0.000667
0.000669
0.000669
0.000662
0.000649
0.000635
0.000623
0.000614
0.000605
0.000593
0.000580
0.000571
0.000569
0.000575
0.000587
0.000605
0.000627
0.000651
0.000672
0.000688
0.000696
0.000692
0.000679
0.000665
0.000659
0.000662
0.000667
0.000663
0.000652
0.000642
0.000638
0.000636
0.000630
0.000621
0.000615
0.000619
0.000629
0.000641
0.000651
0.000660
0.000664
0.000662
0.000651
0.000636
0.000626
0.000626
0.000632
0.000638
0.000645
0.000654
0.000668
0.000681
0.000689
0.000686
0.000672
0.000649
0.000630
0.000623
0.000628
0.000635
0.000638
0.000636
0.000635
0.000635
0.000636
0.000636
0.000634
0.000632
0.000630
0.000629
0.000629
0.000627
0.000624
0.000620
0.000621
0.000625
0.000631
0.000637
0.000644
0.000650
0.000658
0.000666
0.000672
0.000672
0.000667
0.000659
0.000648
0.000634
0.000616
0.000600
0.000595
0.000600
0.000610
0.000617
0.000621
0.000622
0.000623
0.000624
0.000631
0.000645
0.000662
0.000672
0.000673
0.000670
0.000674
0.000687
0.000699
0.000696
0.000679
0.000657
0.000640
0.000629
0.000622
0.000618
0.000620
0.000629
0.000646
0.000662
0.000671
0.000671
0.000662
0.000653
0.000646
0.000644
0.000644
0.000645
0.000645
0.000643
0.000641
0.000640
0.000640
0.000640
0.000644
0.000655
0.000673
0.000689
0.000690
0.000674
0.000650
0.000630
0.000619
0.000616
0.000617
0.000620
0.000622
0.000623
0.000624
0.000628
0.000636
0.000646
0.000657
0.000664
0.000664
0.000660
0.000656
0.000657
0.000665
0.000675
0.000687
0.000698
0.000702
0.000694
0.000675
0.000649
0.000624
0.000607
0.000601
0.000608
0.000621
0.000634
0.000647
0.000660
0.000672
0.000678
0.000678
0.000678
0.000680
0.000680
0.000674
0.000664
0.000654
0.000647
0.000643
0.000642
0.000649
0.000662
0.000677
0.000686
0.000683
0.000672
0.000657
0.000643
0.000633
0.000629
0.000630
0.000631
0.000631
0.000628
0.000627
0.000630
0.000633
0.000633
0.000630
0.000632
0.000644
0.000658
0.000664
0.000660
0.000656
0.000656
0.000663
0.000671
0.000678
0.000681
0.000679
0.000672
0.000665
0.000662
0.000662
0.000660
0.000655
0.000646
0.000632
0.000618
0.000609
0.000610
0.000616
0.000624
0.000634
0.000651
0.000671
0.000690
0.000703
0.000710
0.000708
0.000695
0.000671
0.000644
0.000622
0.000606
0.000596
0.000591
0.000593
0.000598
0.000606
0.000617
0.000629
0.000639
0.000646
0.000652
0.000661
0.000674
0.000683
0.000684
0.000677
0.000662
0.000644
0.000628
0.000619
0.000617
0.000617
0.000617
0.000617
0.000616
0.000617
0.000623
0.000636
0.000656
0.000677
0.000693
0.000699
0.000695
0.000687
0.000680
0.000676
0.000674
0.000673
0.000673
0.000675
0.000677
0.000678
0.000679
0.000682
0.000687
0.000687
0.000685
0.000687
0.000693
0.000698
0.000698
0.000698
0.000707
0.000719
0.000724
0.000713
0.000691
0.000668
0.000652
0.000647
0.000652
0.000662
0.000671
0.000674
0.000672
0.000667
0.000659
0.000652
0.000650
0.000659
0.000678
0.000699
0.000716
0.000723
0.000719
0.000706
0.000687
0.000672
0.000664
0.000662
0.000663
0.000664
0.000667
0.000670
0.000672
0.000668
0.000657
0.000644
0.000631
0.000621
0.000612
0.000603
0.000597
0.000598
0.000609
0.000628
0.000649
0.000662
0.000664
0.000657
0.000646
0.000634
0.000626
0.000625
0.000633
0.000648
0.000664
0.000673
0.000670
0.000655
0.000636
0.000619
0.000611
0.000611
0.000614
0.000612
0.000604
0.000593
0.000587
0.000588
0.000596
0.000607
0.000616
0.000623
0.000629
0.000634
0.000639
0.000640
0.000634
0.000625
0.000618
0.000619
0.000625
0.000635
0.000648
0.000664
0.000675
0.000671
0.000652
0.000630
0.000615
0.000613
0.000616
0.000618
0.000618
0.000621
0.000630
0.000641
0.000649
0.000651
0.000654
0.000660
0.000673
0.000689
0.000700
0.000700
0.000691
0.000681
0.000679
0.000685
0.000693
0.000698
0.000700
0.000698
0.000692
0.000686
0.000684
0.000690
0.000695
0.000696
0.000695
0.000696
0.000701
0.000703
0.000703
0.000699
0.000690
0.000675
0.000660
0.000654
0.000659
0.000665
0.000666
0.000660
0.000652
0.000649
0.000653
0.000665
0.000679
0.000688
0.000689
0.000683
0.000672
0.000661
0.000654
0.000654
0.000656
0.000651
0.000638
0.000623
0.000610
0.000602
0.000596
0.000592
0.000596
0.000608
0.000626
0.000647
0.000663
0.000668
0.000662
0.000653
0.000649
0.000647
0.000643
0.000637
0.000632
0.000627
0.000622
0.000618
0.000614
0.000606
0.000595
0.000582
0.000570
0.000559
0.000552
0.000553
0.000565
0.000580
0.000591
0.000600
0.000608
0.000615
0.000620
0.000621
0.000618
0.000609
0.000594
0.000578
0.000568
0.000568
0.000573
0.000583
0.000601
0.000621
0.000634
0.000637
0.000636
0.000635
0.000632
0.000625
0.000616
0.000607
0.000598
0.000589
0.000583
0.000582
0.000581
0.000575
0.000567
0.000560
0.000557
0.000558
0.000564
0.000577
0.000596
0.000615
0.000630
0.000639
0.000644
0.000650
0.000661
0.000672
0.000678
0.000680
0.000687
0.000702
0.000718
0.000726
0.000729
0.000736
0.000747
0.000751
0.000742
0.000724
0.000706
0.000694
0.000692
0.000697
0.000703
0.000701
0.000693
0.000687
0.000688
0.000694
0.000698
0.000699
0.000700
0.000707
0.000722
0.000742
0.000758
0.000761
0.000746
0.000716
0.000681
0.000653
0.000637
0.000631
0.000632
0.000640
0.000654
0.000667
0.000671
0.000663
0.000649
0.000639
0.000635
0.000634
0.000632
0.000628
0.000623
0.000619
0.000621
0.000627
0.000632
0.000627
0.000614
0.000602
0.000596
0.000594
0.000595
0.000597
0.000605
0.000616
0.000629
0.000638
0.000641
0.000639
0.000638
0.000642
0.000651
0.000661
0.000669
0.000674
0.000671
0.000662
0.000652
0.000647
0.000648
0.000651
0.000651
0.000650
0.000649
0.000651
0.000654
0.000659
0.000663
0.000662
0.000654
0.000645
0.000638
0.000633
0.000625
0.000616
0.000608
0.000605
0.000609
0.000620
0.000635
0.000647
0.000651
0.000646
0.000640
0.000639
0.000644
0.000650
0.000651
0.000649
0.000650
0.000655
0.000657
0.000649
0.000632
0.000621
0.000620
0.000626
0.000632
0.000639
0.000645
0.000648
0.000643
0.000631
0.000616
0.000605
0.000601
0.000607
0.000622
0.000637
0.000646
0.000648
0.000647
0.000643
0.000636
0.000629
0.000627
0.000627
0.000623
0.000616
0.000611
0.000608
0.000606
0.000608
0.000619
0.000638
0.000654
0.000657
0.000647
0.000632
0.000618
0.000608
0.000600
0.000593
0.000585
0.000576
0.000570
0.000572
0.000583
0.000599
0.000611
0.000615
0.000617
0.000620
0.000626
0.000632
0.000634
0.000634
0.000633
0.000632
0.000630
0.000630
0.000633
0.000639
0.000648
0.000658
0.000667
0.000677
0.000685
0.000691
0.000696
0.000698
0.000699
0.000701
0.000703
0.000702
0.000694
0.000682
0.000673
0.000670
0.000667
0.000661
0.000651
0.000643
0.000640
0.000644
0.000651
0.000655
0.000657
0.000657
0.000658
0.000656
0.000650
0.000639
0.000626
0.000613
0.000602
0.000597
0.000600
0.000610
0.000624
0.000638
0.000647
0.000649
0.000641
0.000630
0.000621
0.000616
0.000609
0.000597
0.000587
0.000586
0.000598
0.000615
0.000628
0.000630
0.000624
0.000618
0.000615
0.000614
0.000611
0.000608
0.000612
0.000622
0.000630
0.000632
0.000628
0.000620
0.000610
0.000600
0.000595
0.000599
0.000612
0.000627
0.000641
0.000652
0.000656
0.000652
0.000644
0.000638
0.000641
0.000652
0.000665
0.000676
0.000682
0.000684
0.000681
0.000673
0.000657
0.000638
0.000625
0.000626
0.000641
0.000662
0.000678
0.000687
0.000688
0.000681
0.000668
0.000656
0.000651
0.000648
0.000638
0.000618
0.000592
0.000570
0.000559
0.000556
0.000557
0.000556
0.000551
0.000546
0.000554
0.000575
0.000603
0.000622
0.000630
0.000630
0.000631
0.000633
0.000635
0.000639
0.000646
0.000654
0.000657
0.000655
0.000651
0.000647
0.000643
0.000637
0.000629
0.000622
0.000615
0.000607
0.000596
0.000585
0.000577
0.000576
0.000583
0.000592
0.000596
0.000593
0.000587
0.000585
0.000587
0.000593
0.000599
0.000607
0.000619
0.000633
0.000649
0.000664
0.000679
0.000694
0.000704
0.000702
0.000685
0.000663
0.000647
0.000645
0.000655
0.000669
0.000677
0.000675
0.000665
0.000652
0.000640
0.000628
0.000619
0.000615
0.000616
0.000616
0.000613
0.000611
0.000616
0.000625
0.000628
0.000622
0.000620
0.000626
0.000636
0.000638
0.000629
0.000614
0.000599
0.000586
0.000578
0.000578
0.000584
0.000590
0.000593
0.000597
0.000603
0.000610
0.000617
0.000624
0.000635
0.000654
0.000677
0.000698
0.000708
0.000701
0.000684
0.000669
0.000662
0.000662
0.000663
0.000662
0.000661
0.000664
0.000668
0.000672
0.000678
0.000688
0.000702
0.000717
0.000726
0.000723
0.000710
0.000695
0.000685
0.000680
0.000675
0.000670
0.000660
0.000645
0.000629
0.000619
0.000621
0.000629
0.000634
0.000633
0.000630
0.000629
0.000633
0.000642
0.000654
0.000665
0.000671
0.000672
0.000671
0.000666
0.000654
0.000640
0.000629
0.000623
0.000620
0.000620
0.000622
0.000624
0.000623
0.000616
0.000605
0.000597
0.000600
0.000615
0.000636
0.000656
0.000668
0.000672
0.000675
0.000680
0.000686
0.000687
0.000682
0.000673
0.000663
0.000656
0.000653
0.000655
0.000665
0.000682
0.000699
0.000707
0.000705
0.000698
0.000691
0.000685
0.000675
0.000660
0.000646
0.000635
0.000628
0.000625
0.000625
0.000626
0.000630
0.000637
0.000649
0.000662
0.000669
0.000668
0.000663
0.000654
0.000640
0.000618
0.000599
0.000593
0.000606
0.000630
0.000650
0.000660
0.000662
0.000661
0.000661
0.000658
0.000652
0.000642
0.000629
0.000617
0.000609
0.000605
0.000606
0.000611
0.000622
0.000636
0.000649
0.000658
0.000666
0.000672
0.000676
0.000676
0.000674
0.000675
0.000680
0.000688
0.000697
0.000705
0.000711
0.000716
0.000718
0.000720
0.000719
0.000714
0.000704
0.000693
0.000685
0.000684
0.000685
0.000688
0.000687
0.000681
0.000666
0.000647
0.000629
0.000617
0.000608
0.000602
0.000599
0.000600
0.000607
0.000616
0.000624
0.000629
0.000629
0.000628
0.000627
0.000630
0.000639
0.000652
0.000662
0.000662
0.000655
0.000646
0.000640
0.000639
0.000638
0.000639
0.000641
0.000640
0.000637
0.000635
0.000639
0.000649
0.000657
0.000657
0.000652
0.000646
0.000638
0.000624
0.000607
0.000594
0.000587
0.000579
0.000567
0.000556
0.000552
0.000556
0.000567
0.000582
0.000598
0.000608
0.000611
0.000607
0.000599
0.000592
0.000584
0.000574
0.000566
0.000563
0.000564
0.000567
0.000571
0.000578
0.000584
0.000582
0.000575
0.000569
0.000570
0.000573
0.000569
0.000557
0.000549
0.000554
0.000569
0.000581
0.000581
0.000571
0.000562
0.000559
0.000562
0.000567
0.000571
0.000575
0.000580
0.000589
0.000602
0.000614
0.000624
0.000628
0.000626
0.000623
0.000621
0.000623
0.000627
0.000627
0.000624
0.000622
0.000624
0.000622
0.000614
0.000604
0.000600
0.000603
0.000605
0.000602
0.000597
0.000594
0.000597
0.000605
0.000611
0.000613
0.000607
0.000597
0.000593
0.000599
0.000613
0.000625
0.000632
0.000634
0.000633
0.000630
0.000626
0.000625
0.000628
0.000635
0.000640
0.000643
0.000647
0.000654
0.000662
0.000666
0.000663
0.000653
0.000641
0.000632
0.000629
0.000632
0.000636
0.000635
0.000629
0.000622
0.000618
0.000615
0.000607
0.000591
0.000572
0.000554
0.000545
0.000549
0.000561
0.000576
0.000585
0.000587
0.000584
0.000581
0.000580
0.000580
0.000581
0.000586
0.000595
0.000605
0.000612
0.000615
0.000622
0.000635
0.000650
0.000658
0.000655
0.000649
0.000649
0.000659
0.000672
0.000681
0.000682
0.000675
0.000664
0.000656
0.000655
0.000659
0.000663
0.000662
0.000662
0.000666
0.000674
0.000682
0.000688
0.000691
0.000694
0.000695
0.000690
0.000680
0.000666
0.000651
0.000637
0.000628
0.000624
0.000628
0.000638
0.000649
0.000659
0.000661
0.000655
0.000645
0.000636
0.000632
0.000630
0.000628
0.000624
0.000622
0.000621
0.000622
0.000629
0.000644
0.000665
0.000683
0.000696
0.000707
0.000715
0.000719
0.000711
0.000694
0.000675
0.000660
0.000652
0.000649
0.000648
0.000643
0.000632
0.000617
0.000606
0.000601
0.000601
0.000602
0.000608
0.000621
0.000639
0.000653
0.000658
0.000659
0.000664
0.000675
0.000684
0.000686
0.000685
0.000694
0.000718
0.000749
0.000770
0.000774
0.000765
0.000748
0.000727
0.000707
0.000691
0.000678
0.000665
0.000647
0.000629
0.000616
0.000608
0.000603
0.000603
0.000614
0.000637
0.000666
0.000690
0.000700
0.000691
0.000668
0.000642
0.000626
0.000623
0.000625
0.000626
0.000623
0.000621
0.000620
0.000619
0.000618
0.000620
0.000624
0.000630
0.000632
0.000632
0.000632
0.000631
0.000629
0.000623
0.000615
0.000606
0.000600
0.000600
0.000603
0.000609
0.000615
0.000622
0.000632
0.000650
0.000674
0.000699
0.000716
0.000722
0.000715
0.000699
0.000680
0.000660
0.000640
0.000621
0.000609
0.000611
0.000624
0.000633
0.000626
0.000599
0.000568
0.000546
0.000541
0.000550
0.000566
0.000583
0.000595
0.000602
0.000609
0.000624
0.000644
0.000660
0.000663
0.000653
0.000643
0.000638
0.000639
0.000640
0.000641
0.000643
0.000649
0.000659
0.000671
0.000689
0.000710
0.000723
0.000723
0.000713
0.000703
0.000696
0.000689
0.000678
0.000668
0.000663
0.000667
0.000676
0.000687
0.000696
0.000700
0.000700
0.000700
0.000703
0.000705
0.000701
0.000690
0.000679
0.000675
0.000681
0.000689
0.000693
0.000688
0.000680
0.000677
0.000681
0.000682
0.000671
0.000647
0.000614
0.000580
0.000551
0.000538
0.000543
0.000558
0.000568
0.000569
0.000565
0.000563
0.000567
0.000571
0.000573
0.000573
0.000572
0.000578
0.000590
0.000603
0.000609
0.000611
0.000616
0.000631
0.000648
0.000656
0.000652
0.000642
0.000637
0.000638
0.000644
0.000652
0.000656
0.000654
0.000646
0.000638
0.000636
0.000644
0.000655
0.000660
0.000654
0.000643
0.000638
0.000641
0.000647
0.000652
0.000657
0.000665
0.000674
0.000681
0.000686
0.000690
0.000696
0.000698
0.000694
0.000687
0.000682
0.000681
0.000684
0.000689
0.000692
0.000691
0.000686
0.000677
0.000666
0.000654
0.000642
0.000633
0.000629
0.000631
0.000632
0.000631
0.000630
0.000632
0.000636
0.000635
0.000627
0.000616
0.000609
0.000609
0.000608
0.000597
0.000578
0.000565
0.000567
0.000578
0.000588
0.000594
0.000598
0.000605
0.000613
0.000620
0.000626
0.000632
0.000637
0.000638
0.000635
0.000632
0.000632
0.000634
0.000639
0.000648
0.000663
0.000679
0.000694
0.000702
0.000701
0.000686
0.000659
0.000628
0.000601
0.000584
0.000579
0.000585
0.000600
0.000616
0.000624
0.000624
0.000620
0.000619
0.000621
0.000625
0.000628
0.000629
0.000625
0.000614
0.000603
0.000593
0.000580
0.000564
0.000547
0.000535
0.000529
0.000527
0.000528
0.000535
0.000547
0.000561
0.000576
0.000593
0.000609
0.000616
0.000613
0.000606
0.000604
0.000604
0.000599
0.000585
0.000568
0.000557
0.000555
0.000560
0.000566
0.000572
0.000579
0.000588
0.000593
0.000593
0.000589
0.000586
0.000590
0.000596
0.000602
0.000607
0.000611
0.000613
0.000612
0.000607
0.000599
0.000592
0.000590
0.000594
0.000600
0.000601
0.000598
0.000594
0.000589
0.000580
0.000564
0.000544
0.000528
0.000523
0.000528
0.000542
0.000562
0.000580
0.000591
0.000593
0.000591
0.000588
0.000586
0.000585
0.000588
0.000596
0.000606
0.000614
0.000618
0.000621
0.000622
0.000619
0.000610
0.000601
0.000598
0.000598
0.000595
0.000590
0.000592
0.000609
0.000634
0.000654
0.000660
0.000660
0.000659
0.000658
0.000654
0.000645
0.000636
0.000630
0.000625
0.000621
0.000618
0.000616
0.000613
0.000606
0.000599
0.000596
0.000600
0.000611
0.000627
0.000640
0.000645
0.000641
0.000629
0.000612
0.000594
0.000580
0.000574
0.000579
0.000588
0.000595
0.000598
0.000601
0.000604
0.000606
0.000602
0.000593
0.000585
0.000585
0.000595
0.000613
0.000633
0.000651
0.000661
0.000662
0.000651
0.000635
0.000619
0.000611
0.000614
0.000623
0.000633
0.000639
0.000645
0.000655
0.000672
0.000687
0.000697
0.000701
0.000699
0.000692
0.000682
0.000676
0.000677
0.000678
0.000666
0.000636
0.000597
0.000565
0.000553
0.000557
0.000565
0.000567
0.000563
0.000562
0.000567
0.000576
0.000583
0.000587
0.000592
0.000599
0.000609
0.000619
0.000631
0.000642
0.000653
0.000662
0.000664
0.000661
0.000654
0.000645
0.000637
0.000630
0.000623
0.000616
0.000613
0.000619
0.000633
0.000651
0.000666
0.000675
0.000680
0.000685
0.000689
0.000690
0.000686
0.000683
0.000682
0.000678
0.000672
0.000668
0.000672
0.000685
0.000699
0.000710
0.000716
0.000716
0.000714
0.000713
0.000716
0.000723
0.000730
0.000735
0.000735
0.000731
0.000724
0.000718
0.000714
0.000707
0.000694
0.000681
0.000677
0.000685
0.000697
0.000703
0.000698
0.000683
0.000661
0.000638
0.000621
0.000612
0.000609
0.000609
0.000610
0.000611
0.000611
0.000608
0.000603
0.000593
0.000577
0.000560
0.000551
0.000555
0.000564
0.000573
0.000582
0.000596
0.000611
0.000623
0.000630
0.000638
0.000644
0.000646
0.000643
0.000639
0.000634
0.000627
0.000619
0.000611
0.000603
0.000596
0.000589
0.000585
0.000582
0.000581
0.000588
0.000604
0.000621
0.000628
0.000622
0.000612
0.000607
0.000604
0.000604
0.000607
0.000613
0.000615
0.000611
0.000603
0.000599
0.000601
0.000605
0.000607
0.000605
0.000597
0.000586
0.000579
0.000583
0.000594
0.000608
0.000622
0.000633
0.000642
0.000648
0.000655
0.000665
0.000674
0.000676
0.000674
0.000670
0.000664
0.000656
0.000654
0.000664
0.000681
0.000692
0.000689
0.000678
0.000670
0.000672
0.000680
0.000690
0.000697
0.000698
0.000694
0.000689
0.000685
0.000683
0.000680
0.000676
0.000675
0.000676
0.000677
0.000676
0.000673
0.000668
0.000660
0.000649
0.000633
0.000617
0.000604
0.000600
0.000609
0.000625
0.000638
0.000644
0.000643
0.000639
0.000634
0.000628
0.000624
0.000623
0.000625
0.000623
0.000615
0.000605
0.000598
0.000595
0.000596
0.000597
0.000602
0.000611
0.000623
0.000630
0.000626
0.000613
0.000599
0.000589
0.000584
0.000578
0.000572
0.000571
0.000580
0.000596
0.000613
0.000629
0.000641
0.000648
0.000647
0.000636
0.000619
0.000603
0.000593
0.000592
0.000596
0.000602
0.000606
0.000610
0.000613
0.000610
0.000595
0.000573
0.000558
0.000561
0.000577
0.000594
0.000606
0.000614
0.000623
0.000625
0.000615
0.000597
0.000585
0.000586
0.000597
0.000604
0.000602
0.000594
0.000588
0.000586
0.000589
0.000597
0.000608
0.000617
0.000623
0.000627
0.000631
0.000634
0.000634
0.000629
0.000625
0.000622
0.000623
0.000630
0.000645
0.000663
0.000676
0.000680
0.000682
0.000687
0.000695
0.000699
0.000695
0.000683
0.000666
0.000647
0.000630
0.000622
0.000624
0.000632
0.000640
0.000647
0.000659
0.000678
0.000702
0.000722
0.000733
0.000737
0.000739
0.000742
0.000744
0.000738
0.000723
0.000702
0.000679
0.000658
0.000641
0.000628
0.000621
0.000620
0.000625
0.000630
0.000629
0.000620
0.000610
0.000606
0.000611
0.000621
0.000630
0.000634
0.000631
0.000623
0.000617
0.000616
0.000615
0.000610
0.000603
0.000598
0.000601
0.000611
0.000624
0.000636
0.000642
0.000646
0.000651
0.000656
0.000653
0.000639
0.000620
0.000606
0.000600
0.000594
0.000587
0.000585
0.000595
0.000614
0.000633
0.000648
0.000653
0.000647
0.000636
0.000635
0.000649
0.000675
0.000704
0.000726
0.000737
0.000737
0.000727
0.000714
0.000703
0.000693
0.000680
0.000667
0.000658
0.000656
0.000657
0.000661
0.000662
0.000658
0.000650
0.000643
0.000639
0.000634
0.000626
0.000622
0.000630
0.000646
0.000662
0.000675
0.000684
0.000686
0.000675
0.000654
0.000638
0.000638
0.000651
0.000667
0.000675
0.000673
0.000662
0.000650
0.000648
0.000658
0.000673
0.000681
0.000681
0.000679
0.000675
0.000668
0.000657
0.000646
0.000637
0.000628
0.000619
0.000610
0.000604
0.000602
0.000600
0.000593
0.000586
0.000585
0.000590
0.000594
0.000591
0.000581
0.000574
0.000575
0.000581
0.000585
0.000585
0.000587
0.000594
0.000604
0.000614
0.000622
0.000627
0.000628
0.000623
0.000614
0.000605
0.000602
0.000609
0.000626
0.000647
0.000666
0.000677
0.000680
0.000677
0.000677
0.000681
0.000690
0.000697
0.000697
0.000691
0.000682
0.000674
0.000670
0.000671
0.000676
0.000680
0.000677
0.000668
0.000657
0.000647
0.000639
0.000634
0.000636
0.000647
0.000666
0.000684
0.000696
0.000699
0.000693
0.000683
0.000674
0.000670
0.000668
0.000667
0.000662
0.000652
0.000640
0.000630
0.000625
0.000627
0.000629
0.000628
0.000623
0.000618
0.000616
0.000618
0.000620
0.000623
0.000627
0.000631
0.000629
0.000618
0.000602
0.000587
0.000578
0.000576
0.000579
0.000584
0.000595
0.000611
0.000628
0.000642
0.000647
0.000640
0.000626
0.000611
0.000602
0.000603
0.000609
0.000616
0.000622
0.000626
0.000625
0.000619
0.000612
0.000608
0.000610
0.000614
0.000614
0.000612
0.000609
0.000606
0.000602
0.000595
0.000587
0.000582
0.000579
0.000575
0.000572
0.000574
0.000587
0.000609
0.000631
0.000646
0.000655
0.000663
0.000673
0.000682
0.000685
0.000682
0.000674
0.000665
0.000651
0.000636
0.000625
0.000622
0.000625
0.000624
0.000615
0.000601
0.000589
0.000585
0.000588
0.000596
0.000607
0.000616
0.000621
0.000625
0.000631
0.000640
0.000648
0.000652
0.000652
0.000652
0.000656
0.000663
0.000670
0.000674
0.000670
0.000661
0.000647
0.000633
0.000622
0.000616
0.000617
0.000624
0.000632
0.000637
0.000636
0.000628
0.000616
0.000607
0.000609
0.000621
0.000633
0.000636
0.000628
0.000617
0.000606
0.000600
0.000599
0.000604
0.000616
0.000632
0.000645
0.000652
0.000649
0.000641
0.000636
0.000638
0.000643
0.000644
0.000642
0.000645
0.000656
0.000673
0.000689
0.000700
0.000705
0.000704
0.000700
0.000693
0.000684
0.000676
0.000673
0.000678
0.000689
0.000700
0.000706
0.000708
0.000709
0.000706
0.000698
0.000689
0.000682
0.000681
0.000684
0.000689
0.000693
0.000691
0.000686
0.000681
0.000682
0.000685
0.000683
0.000676
0.000673
0.000675
0.000676
0.000668
0.000658
0.000651
0.000650
0.000648
0.000641
0.000629
0.000617
0.000606
0.000594
0.000583
0.000577
0.000576
0.000581
0.000588
0.000592
0.000592
0.000590
0.000592
0.000600
0.000616
0.000635
0.000649
0.000654
0.000652
0.000649
0.000648
0.000649
0.000652
0.000657
0.000667
0.000679
0.000688
0.000689
0.000680
0.000662
0.000639
0.000620
0.000612
0.000619
0.000631
0.000641
0.000646
0.000649
0.000653
0.000658
0.000660
0.000659
0.000658
0.000660
0.000661
0.000661
0.000661
0.000663
0.000665
0.000665
0.000664
0.000663
0.000662
0.000662
0.000665
0.000676
0.000690
0.000693
0.000684
0.000670
0.000661
0.000657
0.000655
0.000660
0.000671
0.000680
0.000674
0.000654
0.000633
0.000620
0.000614
0.000612
0.000613
0.000619
0.000626
0.000632
0.000636
0.000638
0.000636
0.000635
0.000639
0.000651
0.000656
0.000648
0.000632
0.000622
0.000626
0.000639
0.000655
0.000668
0.000677
0.000682
0.000683
0.000679
0.000672
0.000662
0.000653
0.000650
0.000649
0.000646
0.000641
0.000641
0.000649
0.000661
0.000667
0.000660
0.000644
0.000623
0.000605
0.000592
0.000585
0.000586
0.000595
0.000607
0.000617
0.000620
0.000619
0.000621
0.000628
0.000636
0.000644
0.000650
0.000655
0.000656
0.000655
0.000654
0.000654
0.000653
0.000647
0.000634
0.000618
0.000606
0.000603
0.000613
0.000625
0.000630
0.000629
0.000632
0.000643
0.000658
0.000668
0.000674
0.000680
0.000685
0.000683
0.000674
0.000661
0.000652
0.000646
0.000643
0.000642
0.000644
0.000650
0.000659
0.000669
0.000673
0.000670
0.000665
0.000665
0.000671
0.000678
0.000679
0.000674
0.000668
0.000663
0.000658
0.000652
0.000646
0.000644
0.000647
0.000649
0.000645
0.000636
0.000626
0.000618
0.000612
0.000608
0.000607
0.000608
0.000611
0.000617
0.000625
0.000635
0.000642
0.000643
0.000637
0.000628
0.000619
0.000612
0.000614
0.000623
0.000634
0.000641
0.000642
0.000639
0.000630
0.000614
0.000596
0.000586
0.000591
0.000605
0.000621
0.000634
0.000644
0.000653
0.000665
0.000677
0.000687
0.000691
0.000686
0.000674
0.000659
0.000646
0.000639
0.000640
0.000644
0.000645
0.000641
0.000634
0.000626
0.000622
0.000620
0.000622
0.000625
0.000627
0.000626
0.000624
0.000622
0.000622
0.000624
0.000628
0.000632
0.000637
0.000642
0.000647
0.000648
0.000643
0.000632
0.000619
0.000605
0.000591
0.000580
0.000575
0.000575
0.000575
0.000575
0.000580
0.000590
0.000598
0.000600
0.000596
0.000593
0.000591
0.000585
0.000579
0.000576
0.000577
0.000577
0.000573
0.000572
0.000580
0.000598
0.000617
0.000629
0.000630
0.000622
0.000609
0.000597
0.000591
0.000589
0.000587
0.000586
0.000588
0.000595
0.000604
0.000611
0.000612
0.000609
0.000604
0.000599
0.000599
0.000607
0.000623
0.000641
0.000651
0.000652
0.000648
0.000643
0.000638
0.000634
0.000632
0.000633
0.000634
0.000629
0.000618
0.000601
0.000580
0.000559
0.000545
0.000541
0.000545
0.000555
0.000566
0.000577
0.000585
0.000586
0.000579
0.000565
0.000548
0.000537
0.000538
0.000551
0.000569
0.000584
0.000594
0.000602
0.000612
0.000628
0.000651
0.000672
0.000683
0.000680
0.000673
0.000669
0.000669
0.000667
0.000660
0.000653
0.000648
0.000642
0.000632
0.000622
0.000616
0.000611
0.000606
0.000599
0.000590
0.000584
0.000582
0.000583
0.000583
0.000583
0.000587
0.000592
0.000593
0.000584
0.000565
0.000544
0.000525
0.000511
0.000501
0.000498
0.000504
0.000515
0.000529
0.000543
0.000556
0.000570
0.000582
0.000590
0.000589
0.000581
0.000574
0.000573
0.000581
0.000590
0.000599
0.000609
0.000621
0.000632
0.000633
0.000627
0.000617
0.000606
0.000595
0.000584
0.000578
0.000577
0.000578
0.000578
0.000575
0.000573
0.000573
0.000579
0.000587
0.000591
0.000586
0.000576
0.000565
0.000557
0.000551
0.000549
0.000556
0.000570
0.000583
0.000588
0.000585
0.000583
0.000584
0.000589
0.000595
0.000607
0.000625
0.000644
0.000656
0.000658
0.000657
0.000661
0.000666
0.000666
0.000657
0.000642
0.000627
0.000612
0.000598
0.000588
0.000587
0.000593
0.000601
0.000610
0.000620
0.000630
0.000638
0.000642
0.000641
0.000638
0.000637
0.000642
0.000650
0.000653
0.000644
0.000630
0.000620
0.000622
0.000628
0.000635
0.000645
0.000664
0.000685
0.000700
0.000704
0.000701
0.000694
0.000684
0.000673
0.000667
0.000667
0.000669
0.000666
0.000657
0.000649
0.000648
0.000652
0.000659
0.000663
0.000661
0.000651
0.000638
0.000626
0.000620
0.000620
0.000623
0.000625
0.000626
0.000627
0.000630
0.000634
0.000637
0.000633
0.000622
0.000607
0.000593
0.000584
0.000583
0.000588
0.000592
0.000589
0.000583
0.000578
0.000577
0.000577
0.000575
0.000575
0.000576
0.000580
0.000586
0.000595
0.000607
0.000616
0.000619
0.000616
0.000615
0.000620
0.000630
0.000641
0.000651
0.000659
0.000659
0.000652
0.000644
0.000644
0.000652
0.000664
0.000677
0.000692
0.000707
0.000710
0.000697
0.000676
0.000663
0.000664
0.000671
0.000674
0.000671
0.000664
0.000657
0.000648
0.000636
0.000622
0.000606
0.000589
0.000578
0.000578
0.000594
0.000619
0.000644
0.000661
0.000672
0.000680
0.000686
0.000689
0.000690
0.000690
0.000690
0.000688
0.000685
0.000685
0.000688
0.000691
0.000692
0.000694
0.000700
0.000705
0.000701
0.000686
0.000666
0.000648
0.000631
0.000616
0.000607
0.000604
0.000603
0.000598
0.000592
0.000599
0.000623
0.000654
0.000677
0.000687
0.000691
0.000697
0.000701
0.000699
0.000689
0.000679
0.000671
0.000662
0.000648
0.000628
0.000606
0.000592
0.000592
0.000603
0.000618
0.000627
0.000629
0.000627
0.000627
0.000629
0.000632
0.000634
0.000633
0.000626
0.000618
0.000613
0.000616
0.000625
0.000635
0.000639
0.000638
0.000636
0.000635
0.000634
0.000628
0.000615
0.000599
0.000585
0.000574
0.000567
0.000563
0.000564
0.000570
0.000578
0.000589
0.000603
0.000616
0.000624
0.000622
0.000617
0.000617
0.000626
0.000643
0.000663
0.000680
0.000687
0.000682
0.000667
0.000654
0.000645
0.000635
0.000621
0.000605
0.000598
0.000603
0.000618
0.000633
0.000643
0.000645
0.000639
0.000622
0.000601
0.000585
0.000585
0.000601
0.000621
0.000638
0.000649
0.000654
0.000654
0.000649
0.000641
0.000635
0.000634
0.000635
0.000637
0.000639
0.000639
0.000636
0.000626
0.000616
0.000612
0.000619
0.000630
0.000636
0.000629
0.000611
0.000590
0.000573
0.000561
0.000551
0.000543
0.000541
0.000550
0.000568
0.000594
0.000620
0.000640
0.000651
0.000655
0.000654
0.000648
0.000638
0.000624
0.000613
0.000605
0.000600
0.000593
0.000586
0.000581
0.000579
0.000579
0.000584
0.000595
0.000611
0.000623
0.000625
0.000617
0.000608
0.000606
0.000614
0.000625
0.000637
0.000649
0.000663
0.000677
0.000687
0.000695
0.000702
0.000707
0.000706
0.000699
0.000688
0.000679
0.000673
0.000668
0.000662
0.000655
0.000646
0.000633
0.000617
0.000597
0.000579
0.000566
0.000563
0.000570
0.000584
0.000601
0.000618
0.000633
0.000643
0.000644
0.000635
0.000618
0.000597
0.000583
0.000580
0.000589
0.000602
0.000609
0.000606
0.000595
0.000581
0.000573
0.000578
0.000593
0.000608
0.000614
0.000614
0.000615
0.000621
0.000628
0.000633
0.000638
0.000641
0.000641
0.000636
0.000629
0.000624
0.000618
0.000611
0.000609
0.000618
0.000639
0.000659
0.000665
0.000656
0.000642
0.000635
0.000635
0.000638
0.000635
0.000625
0.000609
0.000592
0.000581
0.000581
0.000590
0.000604
0.000618
0.000632
0.000647
0.000657
0.000657
0.000650
0.000645
0.000648
0.000655
0.000655
0.000647
0.000637
0.000631
0.000629
0.000629
0.000627
0.000622
0.000612
0.000603
0.000600
0.000602
0.000602
0.000597
0.000589
0.000585
0.000586
0.000592
0.000600
0.000608
0.000616
0.000619
0.000616
0.000612
0.000613
0.000622
0.000639
0.000662
0.000688
0.000711
0.000727
0.000732
0.000728
0.000719
0.000714
0.000710
0.000705
0.000694
0.000679
0.000667
0.000660
0.000657
0.000656
0.000657
0.000659
0.000660
0.000657
0.000650
0.000641
0.000635
0.000628
0.000618
0.000604
0.000590
0.000581
0.000579
0.000582
0.000583
0.000578
0.000567
0.000554
0.000540
0.000528
0.000521
0.000523
0.000536
0.000552
0.000567
0.000579
0.000592
0.000604
0.000615
0.000624
0.000634
0.000644
0.000649
0.000650
0.000652
0.000658
0.000666
0.000667
0.000660
0.000651
0.000645
0.000642
0.000643
0.000648
0.000656
0.000663
0.000667
0.000673
0.000683
0.000694
0.000698
0.000695
0.000685
0.000669
0.000648
0.000624
0.000602
0.000581
0.000562
0.000556
0.000568
0.000594
0.000617
0.000627
0.000629
0.000634
0.000644
0.000654
0.000657
0.000650
0.000634
0.000616
0.000606
0.000606
0.000607
0.000604
0.000600
0.000601
0.000605
0.000607
0.000611
0.000621
0.000639
0.000658
0.000675
0.000690
0.000700
0.000700
0.000694
0.000690
0.000689
0.000683
0.000667
0.000648
0.000636
0.000629
0.000620
0.000604
0.000586
0.000567
0.000553
0.000551
0.000566
0.000597
0.000631
0.000655
0.000664
0.000661
0.000652
0.000644
0.000643
0.000646
0.000646
0.000636
0.000620
0.000607
0.000603
0.000610
0.000621
0.000631
0.000638
0.000641
0.000637
0.000623
0.000605
0.000593
0.000594
0.000605
0.000615
0.000621
0.000630
0.000643
0.000655
0.000660
0.000659
0.000660
0.000665
0.000668
0.000669
0.000666
0.000661
0.000657
0.000657
0.000663
0.000670
0.000672
0.000669
0.000666
0.000670
0.000682
0.000695
0.000703
0.000698
0.000683
0.000663
0.000645
0.000635
0.000635
0.000642
0.000650
0.000651
0.000644
0.000635
0.000635
0.000644
0.000653
0.000654
0.000650
0.000645
0.000638
0.000628
0.000616
0.000609
0.000609
0.000613
0.000619
0.000625
0.000632
0.000633
0.000625
0.000608
0.000592
0.000581
0.000578
0.000580
0.000587
0.000599
0.000615
0.000631
0.000643
0.000647
0.000644
0.000637
0.000631
0.000626
0.000625
0.000626
0.000628
0.000629
0.000627
0.000623
0.000620
0.000622
0.000632
0.000645
0.000656
0.000663
0.000669
0.000678
0.000691
0.000701
0.000701
0.000684
0.000659
0.000634
0.000616
0.000606
0.000603
0.000607
0.000615
0.000622
0.000627
0.000629
0.000630
0.000630
0.000628
0.000625
0.000620
0.000612
0.000607
0.000612
0.000628
0.000647
0.000660
0.000667
0.000671
0.000673
0.000668
0.000659
0.000654
0.000655
0.000656
0.000652
0.000646
0.000642
0.000636
0.000625
0.000612
0.000606
0.000609
0.000613
0.000614
0.000615
0.000620
0.000630
0.000637
0.000640
0.000638
0.000631
0.000616
0.000597
0.000585
0.000584
0.000593
0.000605
0.000617
0.000626
0.000632
0.000632
0.000626
0.000620
0.000618
0.000619
0.000620
0.000620
0.000616
0.000603
0.000581
0.000558
0.000543
0.000535
0.000529
0.000526
0.000533
0.000550
0.000571
0.000588
0.000598
0.000602
0.000601
0.000595
0.000587
0.000582
0.000581
0.000583
0.000585
0.000588
0.000590
0.000589
0.000585
0.000584
0.000591
0.000605
0.000622
0.000636
0.000645
0.000650
0.000654
0.000657
0.000661
0.000669
0.000680
0.000690
0.000693
0.000684
0.000670
0.000658
0.000654
0.000650
0.000642
0.000631
0.000625
0.000632
0.000648
0.000665
0.000678
0.000685
0.000694
0.000701
0.000703
0.000698
0.000693
0.000692
0.000693
0.000690
0.000683
0.000676
0.000670
0.000663
0.000657
0.000654
0.000654
0.000652
0.000644
0.000634
0.000622
0.000609
0.000594
0.000585
0.000587
0.000594
0.000601
0.000606
0.000611
0.000620
0.000631
0.000640
0.000645
0.000651
0.000659
0.000668
0.000676
0.000684
0.000692
0.000703
0.000714
0.000719
0.000716
0.000707
0.000697
0.000690
0.000689
0.000690
0.000690
0.000687
0.000679
0.000673
0.000673
0.000679
0.000682
0.000677
0.000668
0.000660
0.000652
0.000640
0.000623
0.000607
0.000599
0.000601
0.000607
0.000617
0.000632
0.000650
0.000664
0.000670
0.000672
0.000675
0.000678
0.000678
0.000676
0.000672
0.000667
0.000657
0.000644
0.000634
0.000628
0.000622
0.000614
0.000605
0.000601
0.000601
0.000602
0.000603
0.000606
0.000614
0.000622
0.000626
0.000626
0.000628
0.000638
0.000657
0.000678
0.000692
0.000694
0.000691
0.000686
0.000680
0.000677
0.000678
0.000686
0.000693
0.000693
0.000689
0.000685
0.000684
0.000681
0.000673
0.000660
0.000646
0.000634
0.000627
0.000627
0.000631
0.000635
0.000638
0.000640
0.000636
0.000624
0.000609
0.000600
0.000599
0.000600
0.000600
0.000600
0.000602
0.000602
0.000598
0.000593
0.000593
0.000600
0.000611
0.000623
0.000633
0.000640
0.000642
0.000640
0.000636
0.000629
0.000623
0.000618
0.000614
0.000609
0.000603
0.000600
0.000607
0.000623
0.000641
0.000657
0.000667
0.000670
0.000667
0.000661
0.000658
0.000658
0.000661
0.000663
0.000660
0.000651
0.000638
0.000630
0.000630
0.000635
0.000640
0.000642
0.000642
0.000642
0.000640
0.000634
0.000626
0.000619
0.000614
0.000612
0.000612
0.000610
0.000600
0.000581
0.000559
0.000543
0.000536
0.000536
0.000538
0.000542
0.000547
0.000553
0.000558
0.000563
0.000567
0.000570
0.000575
0.000585
0.000604
0.000625
0.000638
0.000641
0.000638
0.000638
0.000637
0.000629
0.000612
0.000594
0.000581
0.000575
0.000575
0.000581
0.000593
0.000610
0.000630
0.000645
0.000652
0.000652
0.000652
0.000655
0.000657
0.000654
0.000647
0.000641
0.000641
0.000642
0.000639
0.000629
0.000614
0.000602
0.000602
0.000615
0.000633
0.000647
0.000655
0.000660
0.000663
0.000662
0.000653
0.000637
0.000620
0.000605
0.000594
0.000586
0.000584
0.000586
0.000590
0.000595
0.000601
0.000604
0.000603
0.000600
0.000598
0.000598
0.000596
0.000591
0.000587
0.000587
0.000590
0.000593
0.000593
0.000593
0.000599
0.000613
0.000629
0.000638
0.000637
0.000626
0.000608
0.000589
0.000575
0.000575
0.000589
0.000610
0.000629
0.000641
0.000647
0.000646
0.000639
0.000631
0.000626
0.000624
0.000619
0.000611
0.000604
0.000602
0.000600
0.000592
0.000581
0.000571
0.000563
0.000557
0.000547
0.000534
0.000523
0.000525
0.000544
0.000577
0.000610
0.000631
0.000638
0.000637
0.000637
0.000641
0.000650
0.000661
0.000668
0.000668
0.000663
0.000658
0.000653
0.000645
0.000631
0.000613
0.000595
0.000581
0.000574
0.000574
0.000580
0.000591
0.000604
0.000616
0.000620
0.000619
0.000618
0.000624
0.000635
0.000647
0.000660
0.000671
0.000676
0.000667
0.000648
0.000632
0.000628
0.000630
0.000630
0.000624
0.000614
0.000605
0.000598
0.000595
0.000595
0.000600
0.000605
0.000609
0.000610
0.000607
0.000601
0.000595
0.000596
0.000608
0.000626
0.000643
0.000655
0.000663
0.000670
0.000678
0.000688
0.000692
0.000688
0.000673
0.000652
0.000633
0.000626
0.000633
0.000646
0.000657
0.000665
0.000671
0.000674
0.000672
0.000666
0.000665
0.000673
0.000688
0.000702
0.000709
0.000711
0.000707
0.000699
0.000686
0.000673
0.000664
0.000658
0.000653
0.000651
0.000654
0.000660
0.000663
0.000661
0.000658
0.000656
0.000657
0.000656
0.000652
0.000643
0.000633
0.000624
0.000619
0.000618
0.000618
0.000616
0.000611
0.000605
0.000599
0.000591
0.000579
0.000565
0.000550
0.000537
0.000524
0.000511
0.000503
0.000507
0.000527
0.000560
0.000598
0.000628
0.000640
0.000636
0.000623
0.000610
0.000601
0.000595
0.000592
0.000595
0.000605
0.000618
0.000629
0.000634
0.000632
0.000627
0.000624
0.000627
0.000633
0.000638
0.000638
0.000635
0.000630
0.000622
0.000613
0.000605
0.000601
0.000600
0.000599
0.000597
0.000596
0.000594
0.000590
0.000584
0.000582
0.000592
0.000614
0.000638
0.000654
0.000658
0.000653
0.000647
0.000646
0.000652
0.000661
0.000670
0.000673
0.000666
0.000651
0.000635
0.000630
0.000638
0.000650
0.000656
0.000649
0.000637
0.000631
0.000633
0.000639
0.000640
0.000635
0.000629
0.000625
0.000624
0.000623
0.000621
0.000615
0.000606
0.000600
0.000601
0.000611
0.000621
0.000622
0.000614
0.000606
0.000604
0.000611
0.000620
0.000625
0.000622
0.000613
0.000604
0.000602
0.000607
0.000616
0.000625
0.000635
0.000648
0.000663
0.000677
0.000686
0.000691
0.000687
0.000677
0.000664
0.000654
0.000647
0.000639
0.000624
0.000607
0.000592
0.000583
0.000584
0.000595
0.000610
0.000623
0.000632
0.000635
0.000631
0.000618
0.000603
0.000596
0.000600
0.000613
0.000626
0.000636
0.000643
0.000648
0.000652
0.000655
0.000656
0.000652
0.000645
0.000640
0.000643
0.000651
0.000658
0.000655
0.000644
0.000635
0.000635
0.000648
0.000672
0.000696
0.000711
0.000713
0.000701
0.000681
0.000663
0.000653
0.000652
0.000655
0.000658
0.000659
0.000663
0.000667
0.000669
0.000670
0.000672
0.000678
0.000683
0.000685
0.000686
0.000690
0.000693
0.000695
0.000695
0.000697
0.000696
0.000690
0.000681
0.000676
0.000677
0.000677
0.000673
0.000670
0.000672
0.000674
0.000671
0.000660
0.000649
0.000645
0.000647
0.000648
0.000644
0.000635
0.000624
0.000610
0.000595
0.000583
0.000581
0.000588
0.000600
0.000613
0.000625
0.000638
0.000652
0.000663
0.000673
0.000682
0.000688
0.000690
0.000688
0.000683
0.000678
0.000674
0.000669
0.000660
0.000650
0.000647
0.000654
0.000668
0.000675
0.000663
0.000638
0.000610
0.000592
0.000585
0.000586
0.000590
0.000595
0.000600
0.000605
0.000609
0.000613
0.000620
0.000630
0.000639
0.000639
0.000632
0.000625
0.000627
0.000636
0.000641
0.000636
0.000625
0.000615
0.000615
0.000625
0.000639
0.000652
0.000661
0.000669
0.000677
0.000678
0.000665
0.000644
0.000626
0.000618
0.000615
0.000611
0.000608
0.000605
0.000605
0.000605
0.000605
0.000605
0.000598
0.000586
0.000577
0.000577
0.000583
0.000590
0.000596
0.000606
0.000622
0.000640
0.000657
0.000669
0.000672
0.000662
0.000647
0.000635
0.000628
0.000622
0.000616
0.000615
0.000626
0.000642
0.000655
0.000659
0.000657
0.000654
0.000650
0.000645
0.000638
0.000628
0.000613
0.000597
0.000584
0.000580
0.000587
0.000603
0.000623
0.000641
0.000655
0.000665
0.000672
0.000679
0.000684
0.000685
0.000681
0.000671
0.000653
0.000632
0.000617
0.000613
0.000616
0.000617
0.000617
0.000618
0.000621
0.000625
0.000629
0.000635
0.000643
0.000649
0.000653
0.000655
0.000654
0.000647
0.000634
0.000622
0.000619
0.000626
0.000633
0.000634
0.000629
0.000625
0.000625
0.000627
0.000626
0.000622
0.000619
0.000622
0.000624
0.000621
0.000610
0.000595
0.000582
0.000573
0.000567
0.000566
0.000574
0.000594
0.000618
0.000637
0.000645
0.000647
0.000650
0.000656
0.000666
0.000678
0.000689
0.000696
0.000698
0.000695
0.000692
0.000694
0.000703
0.000713
0.000721
0.000722
0.000716
0.000706
0.000700
0.000705
0.000716
0.000726
0.000726
0.000719
0.000707
0.000695
0.000682
0.000671
0.000664
0.000658
0.000650
0.000637
0.000623
0.000614
0.000617
0.000626
0.000632
0.000629
0.000616
0.000602
0.000596
0.000595
0.000596
0.000597
0.000597
0.000594
0.000587
0.000583
0.000586
0.000599
0.000613
0.000622
0.000625
0.000628
0.000636
0.000650
0.000666
0.000679
0.000679
0.000669
0.000658
0.000656
0.000663
0.000673
0.000682
0.000690
0.000696
0.000701
0.000706
0.000708
0.000706
0.000696
0.000681
0.000666
0.000653
0.000645
0.000642
0.000645
0.000652
0.000657
0.000658
0.000654
0.000643
0.000625
0.000606
0.000594
0.000591
0.000591
0.000593
0.000599
0.000609
0.000615
0.000616
0.000618
0.000629
0.000645
0.000654
0.000651
0.000640
0.000626
0.000611
0.000596
0.000586
0.000584
0.000591
0.000604
0.000618
0.000630
0.000637
0.000640
0.000637
0.000632
0.000627
0.000625
0.000628
0.000633
0.000638
0.000640
0.000638
0.000632
0.000622
0.000611
0.000602
0.000596
0.000592
0.000587
0.000583
0.000584
0.000588
0.000593
0.000597
0.000607
0.000622
0.000638
0.000645
0.000643
0.000636
0.000630
0.000623
0.000615
0.000607
0.000601
0.000596
0.000592
0.000592
0.000600
0.000613
0.000618
0.000607
0.000587
0.000571
0.000566
0.000570
0.000575
0.000578
0.000577
0.000573
0.000567
0.000565
0.000569
0.000575
0.000583
0.000592
0.000597
0.000591
0.000574
0.000557
0.000557
0.000577
0.000605
0.000628
0.000640
0.000643
0.000640
0.000633
0.000627
0.000628
0.000635
0.000641
0.000640
0.000631
0.000618
0.000601
0.000581
0.000557
0.000536
0.000520
0.000515
0.000523
0.000542
0.000560
0.000568
0.000568
0.000571
0.000585
0.000601
0.000610
0.000612
0.000615
0.000620
0.000620
0.000616
0.000610
0.000606
0.000603
0.000601
0.000601
0.000601
0.000597
0.000593
0.000595
0.000606
0.000621
0.000633
0.000641
0.000648
0.000653
0.000655
0.000658
0.000665
0.000676
0.000684
0.000683
0.000675
0.000662
0.000645
0.000629
0.000621
0.000625
0.000638
0.000654
0.000668
0.000679
0.000683
0.000678
0.000670
0.000665
0.000668
0.000677
0.000687
0.000696
0.000703
0.000707
0.000709
0.000706
0.000702
0.000697
0.000692
0.000686
0.000681
0.000679
0.000678
0.000677
0.000673
0.000670
0.000672
0.000677
0.000685
0.000694
0.000700
0.000699
0.000686
0.000665
0.000648
0.000643
0.000651
0.000666
0.000683
0.000694
0.000693
0.000682
0.000670
0.000660
0.000648
0.000630
0.000615
0.000612
0.000619
0.000628
0.000637
0.000648
0.000663
0.000672
0.000668
0.000656
0.000647
0.000644
0.000641
0.000633
0.000624
0.000621
0.000630
0.000644
0.000661
0.000676
0.000687
0.000687
0.000675
0.000653
0.000632
0.000618
0.000607
0.000598
0.000593
0.000598
0.000610
0.000619
0.000619
0.000611
0.000601
0.000595
0.000599
0.000614
0.000633
0.000642
0.000634
0.000615
0.000599
0.000593
0.000596
0.000602
0.000607
0.000607
0.000598
0.000582
0.000566
0.000558
0.000563
0.000581
0.000604
0.000629
0.000652
0.000677
0.000700
0.000714
0.000715
0.000707
0.000700
0.000699
0.000697
0.000688
0.000674
0.000664
0.000664
0.000672
0.000680
0.000684
0.000683
0.000679
0.000670
0.000657
0.000642
0.000629
0.000619
0.000607
0.000592
0.000577
0.000570
0.000566
0.000561
0.000554
0.000554
0.000568
0.000595
0.000623
0.000641
0.000648
0.000650
0.000650
0.000651
0.000652
0.000653
0.000654
0.000659
0.000667
0.000673
0.000675
0.000673
0.000671
0.000670
0.000668
0.000661
0.000651
0.000640
0.000628
0.000613
0.000598
0.000588
0.000587
0.000589
0.000589
0.000584
0.000575
0.000567
0.000560
0.000555
0.000556
0.000564
0.000579
0.000595
0.000608
0.000617
0.000626
0.000635
0.000637
0.000630
0.000619
0.000612
0.000613
0.000618
0.000621
0.000623
0.000626
0.000630
0.000633
0.000634
0.000633
0.000630
0.000624
0.000615
0.000604
0.000600
0.000607
0.000624
0.000644
0.000658
0.000663
0.000657
0.000642
0.000626
0.000614
0.000610
0.000611
0.000616
0.000623
0.000628
0.000633
0.000642
0.000656
0.000670
0.000678
0.000678
0.000676
0.000677
0.000677
0.000669
0.000652
0.000633
0.000617
0.000608
0.000603
0.000599
0.000593
0.000587
0.000588
0.000600
0.000616
0.000622
0.000615
0.000604
0.000602
0.000614
0.000631
0.000645
0.000649
0.000644
0.000636
0.000630
0.000630
0.000633
0.000634
0.000635
0.000635
0.000638
0.000644
0.000652
0.000663
0.000670
0.000672
0.000666
0.000656
0.000642
0.000628
0.000618
0.000614
0.000615
0.000617
0.000619
0.000623
0.000630
0.000632
0.000625
0.000615
0.000611
0.000619
0.000632
0.000641
0.000640
0.000635
0.000629
0.000626
0.000620
0.000610
0.000602
0.000606
0.000625
0.000649
0.000664
0.000664
0.000655
0.000641
0.000622
0.000597
0.000576
0.000568
0.000573
0.000584
0.000598
0.000617
0.000641
0.000666
0.000683
0.000694
0.000701
0.000703
0.000697
0.000682
0.000665
0.000655
0.000657
0.000669
0.000681
0.000685
0.000678
0.000664
0.000649
0.000635
0.000626
0.000625
0.000632
0.000644
0.000654
0.000659
0.000661
0.000664
0.000670
0.000676
0.000682
0.000688
0.000691
0.000690
0.000685
0.000683
0.000689
0.000702
0.000710
0.000700
0.000670
0.000631
0.000601
0.000589
0.000591
0.000596
0.000598
0.000596
0.000592
0.000588
0.000589
0.000596
0.000606
0.000616
0.000624
0.000632
0.000643
0.000655
0.000665
0.000671
0.000673
0.000673
0.000673
0.000671
0.000671
0.000672
0.000672
0.000666
0.000654
0.000640
0.000628
0.000619
0.000617
0.000626
0.000642
0.000654
0.000653
0.000646
0.000647
0.000657
0.000666
0.000668
0.000667
0.000669
0.000674
0.000674
0.000669
0.000664
0.000663
0.000663
0.000666
0.000671
0.000674
0.000671
0.000663
0.000653
0.000646
0.000639
0.000632
0.000626
0.000623
0.000617
0.000605
0.000585
0.000562
0.000541
0.000528
0.000525
0.000528
0.000533
0.000538
0.000544
0.000545
0.000537
0.000524
0.000513
0.000512
0.000514
0.000512
0.000509
0.000510
0.000514
0.000518
0.000524
0.000538
0.000563
0.000592
0.000614
0.000622
0.000623
0.000624
0.000630
0.000638
0.000641
0.000636
0.000627
0.000616
0.000607
0.000601
0.000602
0.000610
0.000622
0.000633
0.000641
0.000641
0.000631
0.000617
0.000611
0.000617
0.000626
0.000627
0.000619
0.000611
0.000612
0.000625
0.000644
0.000663
0.000675
0.000681
0.000685
0.000691
0.000693
0.000686
0.000674
0.000662
0.000656
0.000651
0.000646
0.000643
0.000644
0.000650
0.000656
0.000658
0.000655
0.000647
0.000638
0.000631
0.000626
0.000622
0.000621
0.000626
0.000636
0.000646
0.000651
0.000651
0.000649
0.000642
0.000629
0.000609
0.000592
0.000585
0.000589
0.000598
0.000603
0.000599
0.000592
0.000585
0.000582
0.000582
0.000588
0.000600
0.000616
0.000629
0.000633
0.000629
0.000623
0.000618
0.000616
0.000618
0.000622
0.000625
0.000624
0.000620
0.000613
0.000605
0.000599
0.000599
0.000602
0.000602
0.000595
0.000587
0.000585
0.000590
0.000595
0.000598
0.000603
0.000611
0.000617
0.000615
0.000610
0.000613
0.000624
0.000635
0.000638
0.000637
0.000637
0.000641
0.000641
0.000633
0.000617
0.000597
0.000581
0.000573
0.000577
0.000595
0.000621
0.000643
0.000651
0.000644
0.000632
0.000625
0.000625
0.000629
0.000627
0.000618
0.000606
0.000598
0.000590
0.000577
0.000555
0.000534
0.000526
0.000534
0.000552
0.000574
0.000593
0.000609
0.000619
0.000626
0.000627
0.000624
0.000617
0.000610
0.000606
0.000603
0.000596
0.000588
0.000580
0.000571
0.000561
0.000551
0.000550
0.000560
0.000573
0.000578
0.000577
0.000577
0.000581
0.000588
0.000598
0.000612
0.000628
0.000639
0.000641
0.000633
0.000618
0.000600
0.000588
0.000588
0.000596
0.000604
0.000605
0.000599
0.000589
0.000574
0.000558
0.000552
0.000566
0.000594
0.000619
0.000631
0.000631
0.000629
0.000626
0.000623
0.000623
0.000624
0.000625
0.000625
0.000630
0.000647
0.000672
0.000692
0.000697
0.000692
0.000684
0.000680
0.000677
0.000674
0.000670
0.000666
0.000663
0.000663
0.000668
0.000673
0.000674
0.000670
0.000666
0.000663
0.000663
0.000664
0.000665
0.000667
0.000671
0.000678
0.000686
0.000692
0.000697
0.000701
0.000703
0.000704
0.000704
0.000706
0.000709
0.000708
0.000701
0.000691
0.000684
0.000685
0.000694
0.000708
0.000718
0.000716
0.000699
0.000675
0.000651
0.000633
0.000619
0.000610
0.000606
0.000608
0.000615
0.000626
0.000637
0.000647
0.000654
0.000658
0.000664
0.000669
0.000668
0.000661
0.000655
0.000656
0.000660
0.000660
0.000654
0.000644
0.000636
0.000632
0.000632
0.000634
0.000635
0.000627
0.000614
0.000603
0.000604
0.000611
0.000617
0.000618
0.000618
0.000619
0.000623
0.000626
0.000627
0.000625
0.000618
0.000610
0.000603
0.000602
0.000608
0.000617
0.000624
0.000631
0.000640
0.000649
0.000654
0.000652
0.000649
0.000653
0.000666
0.000682
0.000694
0.000700
0.000701
0.000695
0.000683
0.000666
0.000649
0.000635
0.000627
0.000626
0.000627
0.000624
0.000616
0.000604
0.000597
0.000594
0.000590
0.000585
0.000587
0.000603
0.000628
0.000651
0.000666
0.000677
0.000688
0.000694
0.000690
0.000679
0.000669
0.000666
0.000667
0.000667
0.000665
0.000664
0.000668
0.000674
0.000678
0.000675
0.000667
0.000658
0.000649
0.000634
0.000614
0.000600
0.000604
0.000626
0.000655
0.000678
0.000694
0.000703
0.000703
0.000692
0.000675
0.000655
0.000637
0.000622
0.000613
0.000611
0.000613
0.000613
0.000610
0.000605
0.000602
0.000603
0.000609
0.000619
0.000632
0.000649
0.000669
0.000683
0.000688
0.000682
0.000668
0.000650
0.000632
0.000617
0.000607
0.000602
0.000599
0.000599
0.000602
0.000607
0.000609
0.000603
0.000594
0.000589
0.000586
0.000585
0.000586
0.000593
0.000607
0.000622
0.000633
0.000639
0.000639
0.000639
0.000643
0.000654
0.000666
0.000668
0.000659
0.000646
0.000641
0.000644
0.000651
0.000656
0.000659
0.000658
0.000657
0.000658
0.000659
0.000661
0.000662
0.000661
0.000659
0.000653
0.000646
0.000640
0.000638
0.000638
0.000641
0.000648
0.000657
0.000668
0.000676
0.000677
0.000665
0.000641
0.000609
0.000584
0.000573
0.000574
0.000582
0.000594
0.000612
0.000637
0.000666
0.000691
0.000709
0.000720
0.000724
0.000721
0.000715
0.000708
0.000705
0.000708
0.000716
0.000725
0.000728
0.000721
0.000705
0.000688
0.000677
0.000670
0.000663
0.000650
0.000635
0.000621
0.000603
0.000582
0.000565
0.000558
0.000564
0.000573
0.000583
0.000594
0.000608
0.000623
0.000635
0.000648
0.000664
0.000682
0.000698
0.000712
0.000723
0.000730
0.000731
0.000723
0.000709
0.000689
0.000667
0.000651
0.000644
0.000646
0.000652
0.000656
0.000651
0.000635
0.000610
0.000585
0.000569
0.000562
0.000559
0.000558
0.000562
0.000571
0.000582
0.000592
0.000601
0.000607
0.000611
0.000614
0.000622
0.000634
0.000644
0.000646
0.000639
0.000627
0.000619
0.000620
0.000630
0.000646
0.000664
0.000673
0.000670
0.000657
0.000639
0.000625
0.000613
0.000600
0.000587
0.000578
0.000579
0.000586
0.000589
0.000588
0.000587
0.000592
0.000603
0.000616
0.000625
0.000628
0.000628
0.000632
0.000644
0.000658
0.000666
0.000664
0.000655
0.000646
0.000640
0.000639
0.000643
0.000651
0.000661
0.000667
0.000669
0.000665
0.000652
0.000635
0.000626
0.000633
0.000652
0.000670
0.000674
0.000668
0.000656
0.000645
0.000640
0.000641
0.000648
0.000657
0.000662
0.000663
0.000661
0.000659
0.000654
0.000646
0.000637
0.000629
0.000619
0.000605
0.000589
0.000579
0.000579
0.000587
0.000597
0.000605
0.000612
0.000623
0.000635
0.000642
0.000642
0.000636
0.000633
0.000634
0.000639
0.000646
0.000655
0.000668
0.000684
0.000698
0.000710
0.000721
0.000729
0.000732
0.000730
0.000725
0.000714
0.000696
0.000672
0.000651
0.000641
0.000648
0.000668
0.000692
0.000709
0.000715
0.000709
0.000696
0.000684
0.000676
0.000669
0.000663
0.000657
0.000652
0.000649
0.000647
0.000641
0.000627
0.000607
0.000588
0.000577
0.000574
0.000573
0.000571
0.000574
0.000581
0.000587
0.000584
0.000573
0.000564
0.000563
0.000568
0.000576
0.000579
0.000579
0.000577
0.000578
0.000579
0.000578
0.000576
0.000572
0.000566
0.000552
0.000531
0.000512
0.000506
0.000516
0.000534
0.000555
0.000578
0.000603
0.000626
0.000640
0.000639
0.000629
0.000614
0.000600
0.000588
0.000581
0.000581
0.000589
0.000600
0.000609
0.000618
0.000630
0.000643
0.000652
0.000655
0.000652
0.000643
0.000627
0.000608
0.000599
0.000606
0.000623
0.000637
0.000643
0.000644
0.000644
0.000647
0.000649
0.000651
0.000650
0.000648
0.000649
0.000656
0.000665
0.000668
0.000661
0.000649
0.000637
0.000629
0.000624
0.000626
0.000638
0.000658
0.000675
0.000679
0.000668
0.000649
0.000635
0.000629
0.000627
0.000625
0.000618
0.000611
0.000606
0.000604
0.000605
0.000609
0.000614
0.000620
0.000627
0.000637
0.000648
0.000660
0.000671
0.000678
0.000676
0.000663
0.000642
0.000624
0.000617
0.000622
0.000629
0.000632
0.000630
0.000627
0.000624
0.000620
0.000613
0.000603
0.000594
0.000589
0.000592
0.000600
0.000607
0.000609
0.000606
0.000603
0.000603
0.000608
0.000617
0.000632
0.000653
0.000677
0.000697
0.000710
0.000720
0.000730
0.000735
0.000732
0.000724
0.000718
0.000714
0.000706
0.000690
0.000669
0.000654
0.000649
0.000651
0.000652
0.000646
0.000637
0.000636
0.000649
0.000672
0.000695
0.000713
0.000729
0.000745
0.000753
0.000752
0.000743
0.000732
0.000722
0.000710
0.000700
0.000690
0.000679
0.000664
0.000647
0.000633
0.000621
0.000611
0.000605
0.000605
0.000611
0.000621
0.000633
0.000648
0.000665
0.000678
0.000686
0.000691
0.000694
0.000693
0.000688
0.000679
0.000669
0.000655
0.000640
0.000627
0.000620
0.000616
0.000612
0.000611
0.000618
0.000630
0.000641
0.000646
0.000644
0.000638
0.000631
0.000627
0.000625
0.000626
0.000627
0.000631
0.000638
0.000650
0.000661
0.000663
0.000654
0.000643
0.000632
0.000620
0.000604
0.000589
0.000579
0.000573
0.000567
0.000563
0.000562
0.000564
0.000563
0.000558
0.000554
0.000558
0.000568
0.000578
0.000586
0.000594
0.000603
0.000610
0.000614
0.000614
0.000613
0.000615
0.000617
0.000622
0.000628
0.000634
0.000640
0.000646
0.000658
0.000674
0.000690
0.000700
0.000702
0.000699
0.000695
0.000695
0.000700
0.000711
0.000722
0.000722
0.000706
0.000677
0.000646
0.000622
0.000606
0.000598
0.000596
0.000599
0.000600
0.000597
0.000591
0.000591
0.000596
0.000604
0.000615
0.000629
0.000641
0.000646
0.000642
0.000636
0.000635
0.000637
0.000640
0.000640
0.000637
0.000631
0.000624
0.000618
0.000616
0.000616
0.000618
0.000619
0.000618
0.000615
0.000614
0.000618
0.000626
0.000631
0.000630
0.000625
0.000623
0.000628
0.000637
0.000646
0.000650
0.000649
0.000645
0.000640
0.000634
0.000626
0.000616
0.000604
0.000590
0.000579
0.000573
0.000574
0.000577
0.000576
0.000572
0.000570
0.000575
0.000583
0.000591
0.000600
0.000609
0.000616
0.000624
0.000634
0.000644
0.000649
0.000647
0.000643
0.000642
0.000641
0.000634
0.000619
0.000606
0.000604
0.000611
0.000615
0.000606
0.000582
0.000556
0.000541
0.000539
0.000543
0.000548
0.000553
0.000561
0.000571
0.000582
0.000593
0.000605
0.000614
0.000612
0.000598
0.000579
0.000565
0.000563
0.000572
0.000583
0.000591
0.000595
0.000599
0.000603
0.000602
0.000594
0.000581
0.000572
0.000568
0.000567
0.000563
0.000558
0.000556
0.000559
0.000566
0.000577
0.000588
0.000594
0.000594
0.000595
0.000603
0.000614
0.000624
0.000630
0.000636
0.000647
0.000656
0.000658
0.000652
0.000647
0.000646
0.000647
0.000649
0.000651
0.000656
0.000664
0.000674
0.000684
0.000691
0.000694
0.000690
0.000682
0.000679
0.000686
0.000703
0.000722
0.000736
0.000744
0.000747
0.000750
0.000757
0.000766
0.000770
0.000765
0.000755
0.000744
0.000733
0.000721
0.000704
0.000684
0.000668
0.000666
0.000679
0.000697
0.000707
0.000703
0.000692
0.000678
0.000662
0.000643
0.000624
0.000610
0.000603
0.000602
0.000606
0.000618
0.000635
0.000649
0.000656
0.000655
0.000654
0.000656
0.000663
0.000676
0.000691
0.000700
0.000699
0.000689
0.000677
0.000666
0.000658
0.000654
0.000655
0.000657
0.000655
0.000650
0.000648
0.000656
0.000674
0.000690
0.000694
0.000688
0.000682
0.000681
0.000682
0.000678
0.000668
0.000656
0.000647
0.000642
0.000642
0.000648
0.000656
0.000661
0.000659
0.000652
0.000645
0.000642
0.000643
0.000646
0.000653
0.000664
0.000680
0.000694
0.000700
0.000696
0.000688
0.000679
0.000670
0.000662
0.000657
0.000657
0.000660
0.000663
0.000669
0.000681
0.000696
0.000707
0.000715
0.000725
0.000741
0.000756
0.000760
0.000753
0.000738
0.000722
0.000706
0.000692
0.000683
0.000678
0.000674
0.000670
0.000670
0.000676
0.000681
0.000674
0.000655
0.000632
0.000614
0.000598
0.000583
0.000572
0.000575
0.000590
0.000607
0.000617
0.000618
0.000616
0.000612
0.000607
0.000602
0.000602
0.000609
0.000620
0.000632
0.000641
0.000643
0.000638
0.000633
0.000634
0.000643
0.000653
0.000656
0.000651
0.000641
0.000631
0.000628
0.000631
0.000636
0.000642
0.000650
0.000661
0.000671
0.000671
0.000659
0.000644
0.000630
0.000618
0.000606
0.000602
0.000613
0.000634
0.000654
0.000662
0.000656
0.000642
0.000629
0.000619
0.000613
0.000610
0.000609
0.000613
0.000618
0.000625
0.000635
0.000650
0.000664
0.000668
0.000658
0.000646
0.000646
0.000656
0.000663
0.000659
0.000647
0.000635
0.000624
0.000612
0.000596
0.000584
0.000583
0.000596
0.000614
0.000629
0.000634
0.000632
0.000626
0.000620
0.000618
0.000626
0.000643
0.000660
0.000667
0.000665
0.000661
0.000658
0.000650
0.000640
0.000636
0.000644
0.000659
0.000668
0.000666
0.000655
0.000641
0.000631
0.000631
0.000640
0.000655
0.000668
0.000676
0.000676
0.000669
0.000658
0.000651
0.000651
0.000656
0.000659
0.000658
0.000649
0.000636
0.000626
0.000630
0.000648
0.000669
0.000684
0.000695
0.000709
0.000725
0.000735
0.000734
0.000726
0.000718
0.000713
0.000710
0.000705
0.000698
0.000685
0.000669
0.000653
0.000638
0.000623
0.000613
0.000612
0.000621
0.000633
0.000638
0.000639
0.000640
0.000644
0.000648
0.000649
0.000645
0.000639
0.000630
0.000624
0.000625
0.000636
0.000648
0.000654
0.000650
0.000640
0.000627
0.000614
0.000604
0.000606
0.000621
0.000644
0.000664
0.000678
0.000689
0.000698
0.000705
0.000706
0.000702
0.000694
0.000680
0.000662
0.000648
0.000641
0.000641
0.000644
0.000642
0.000636
0.000627
0.000620
0.000617
0.000615
0.000611
0.000606
0.000604
0.000604
0.000605
0.000608
0.000615
0.000623
0.000625
0.000619
0.000606
0.000595
0.000588
0.000586
0.000586
0.000587
0.000587
0.000584
0.000577
0.000566
0.000556
0.000550
0.000550
0.000557
0.000567
0.000576
0.000582
0.000588
0.000595
0.000601
0.000607
0.000612
0.000615
0.000612
0.000604
0.000593
0.000586
0.000586
0.000594
0.000607
0.000621
0.000634
0.000644
0.000650
0.000649
0.000644
0.000639
0.000638
0.000636
0.000633
0.000630
0.000632
0.000640
0.000648
0.000650
0.000649
0.000648
0.000652
0.000657
0.000662
0.000661
0.000653
0.000642
0.000634
0.000630
0.000626
0.000622
0.000620
0.000625
0.000631
0.000628
0.000615
0.000596
0.000577
0.000563
0.000560
0.000568
0.000584
0.000599
0.000610
0.000619
0.000637
0.000663
0.000694
0.000717
0.000726
0.000722
0.000709
0.000695
0.000683
0.000677
0.000680
0.000690
0.000700
0.000701
0.000689
0.000672
0.000658
0.000651
0.000648
0.000647
0.000644
0.000641
0.000636
0.000630
0.000625
0.000619
0.000609
0.000598
0.000590
0.000587
0.000587
0.000587
0.000587
0.000587
0.000589
0.000594
0.000600
0.000606
0.000610
0.000613
0.000618
0.000622
0.000624
0.000620
0.000615
0.000613
0.000613
0.000609
0.000597
0.000584
0.000580
0.000588
0.000606
0.000625
0.000643
0.000656
0.000666
0.000673
0.000678
0.000682
0.000684
0.000684
0.000679
0.000665
0.000641
0.000613
0.000596
0.000598
0.000616
0.000635
0.000648
0.000654
0.000661
0.000668
0.000671
0.000667
0.000663
0.000668
0.000680
0.000687
0.000682
0.000670
0.000660
0.000654
0.000648
0.000641
0.000635
0.000635
0.000641
0.000650
0.000662
0.000678
0.000695
0.000707
0.000707
0.000696
0.000681
0.000672
0.000672
0.000676
0.000675
0.000663
0.000645
0.000628
0.000618
0.000613
0.000610
0.000604
0.000595
0.000587
0.000582
0.000583
0.000591
0.000601
0.000609
0.000608
0.000601
0.000594
0.000596
0.000604
0.000607
0.000596
0.000574
0.000556
0.000551
0.000552
0.000551
0.000550
0.000559
0.000578
0.000597
0.000606
0.000610
0.000615
0.000620
0.000616
0.000602
0.000584
0.000576
0.000580
0.000587
0.000589
0.000583
0.000579
0.000584
0.000595
0.000603
0.000602
0.000595
0.000591
0.000590
0.000591
0.000592
0.000599
0.000611
0.000622
0.000629
0.000633
0.000639
0.000644
0.000645
0.000639
0.000631
0.000625
0.000622
0.000625
0.000639
0.000661
0.000683
0.000697
0.000699
0.000692
0.000678
0.000662
0.000650
0.000645
0.000642
0.000635
0.000624
0.000613
0.000608
0.000611
0.000619
0.000627
0.000632
0.000634
0.000637
0.000640
0.000639
0.000631
0.000621
0.000615
0.000612
0.000608
0.000600
0.000591
0.000589
0.000596
0.000607
0.000614
0.000613
0.000609
0.000604
0.000602
0.000600
0.000601
0.000607
0.000618
0.000629
0.000638
0.000649
0.000658
0.000661
0.000653
0.000642
0.000641
0.000647
0.000654
0.000655
0.000655
0.000657
0.000661
0.000664
0.000667
0.000672
0.000678
0.000685
0.000691
0.000697
0.000700
0.000699
0.000692
0.000680
0.000663
0.000643
0.000627
0.000623
0.000631
0.000645
0.000657
0.000668
0.000678
0.000687
0.000686
0.000672
0.000646
0.000619
0.000601
0.000596
0.000602
0.000615
0.000633
0.000652
0.000670
0.000682
0.000686
0.000686
0.000681
0.000675
0.000672
0.000671
0.000667
0.000654
0.000637
0.000630
0.000641
0.000663
0.000681
0.000690
0.000690
0.000681
0.000657
0.000625
0.000595
0.000575
0.000566
0.000563
0.000565
0.000569
0.000571
0.000570
0.000573
0.000583
0.000596
0.000604
0.000606
0.000607
0.000608
0.000606
0.000602
0.000601
0.000607
0.000619
0.000634
0.000648
0.000656
0.000659
0.000660
0.000659
0.000656
0.000653
0.000653
0.000661
0.000671
0.000671
0.000660
0.000643
0.000629
0.000622
0.000621
0.000625
0.000629
0.000627
0.000620
0.000618
0.000625
0.000637
0.000644
0.000643
0.000640
0.000639
0.000641
0.000646
0.000652
0.000655
0.000654
0.000652
0.000655
0.000663
0.000666
0.000661
0.000650
0.000636
0.000622
0.000611
0.000607
0.000612
0.000622
0.000635
0.000650
0.000667
0.000680
0.000684
0.000679
0.000670
0.000660
0.000651
0.000649
0.000654
0.000658
0.000655
0.000643
0.000629
0.000617
0.000610
0.000612
0.000625
0.000647
0.000670
0.000687
0.000695
0.000693
0.000684
0.000669
0.000652
0.000634
0.000616
0.000599
0.000580
0.000554
0.000523
0.000499
0.000497
0.000516
0.000544
0.000571
0.000593
0.000611
0.000625
0.000635
0.000647
0.000663
0.000677
0.000684
0.000686
0.000692
0.000705
0.000718
0.000725
0.000723
0.000714
0.000705
0.000699
0.000701
0.000707
0.000710
0.000704
0.000689
0.000672
0.000657
0.000647
0.000637
0.000626
0.000619
0.000618
0.000624
0.000632
0.000641
0.000647
0.000649
0.000648
0.000645
0.000637
0.000623
0.000603
0.000583
0.000569
0.000561
0.000563
0.000576
0.000601
0.000631
0.000656
0.000673
0.000683
0.000686
0.000680
0.000667
0.000651
0.000637
0.000624
0.000611
0.000602
0.000595
0.000586
0.000573
0.000561
0.000559
0.000567
0.000579
0.000588
0.000593
0.000598
0.000603
0.000604
0.000603
0.000603
0.000605
0.000606
0.000604
0.000599
0.000595
0.000595
0.000596
0.000597
0.000598
0.000597
0.000589
0.000574
0.000557
0.000550
0.000557
0.000573
0.000590
0.000602
0.000608
0.000607
0.000599
0.000586
0.000571
0.000558
0.000553
0.000563
0.000583
0.000601
0.000605
0.000596
0.000587
0.000586
0.000594
0.000605
0.000609
0.000604
0.000593
0.000588
0.000595
0.000610
0.000624
0.000627
0.000621
0.000611
0.000606
0.000607
0.000612
0.000619
0.000626
0.000633
0.000638
0.000643
0.000646
0.000648
0.000643
0.000630
0.000613
0.000598
0.000589
0.000586
0.000586
0.000592
0.000603
0.000618
0.000637
0.000659
0.000678
0.000682
0.000669
0.000647
0.000628
0.000618
0.000614
0.000614
0.000618
0.000623
0.000625
0.000623
0.000619
0.000618
0.000621
0.000627
0.000636
0.000645
0.000651
0.000653
0.000651
0.000644
0.000632
0.000617
0.000607
0.000602
0.000594
0.000583
0.000576
0.000580
0.000592
0.000601
0.000602
0.000595
0.000586
0.000575
0.000565
0.000561
0.000561
0.000562
0.000565
0.000574
0.000594
0.000618
0.000634
0.000635
0.000625
0.000614
0.000608
0.000605
0.000602
0.000600
0.000600
0.000604
0.000610
0.000612
0.000607
0.000596
0.000585
0.000581
0.000587
0.000598
0.000608
0.000616
0.000621
0.000622
0.000617
0.000609
0.000604
0.000605
0.000611
0.000618
0.000623
0.000623
0.000623
0.000627
0.000635
0.000642
0.000640
0.000632
0.000624
0.000619
0.000615
0.000607
0.000599
0.000596
0.000597
0.000599
0.000602
0.000604
0.000604
0.000605
0.000605
0.000605
0.000605
0.000607
0.000615
0.000624
0.000629
0.000628
0.000625
0.000627
0.000632
0.000635
0.000633
0.000625
0.000615
0.000606
0.000605
0.000612
0.000623
0.000629
0.000628
0.000626
0.000625
0.000628
0.000634
0.000647
0.000663
0.000676
0.000682
0.000681
0.000680
0.000682
0.000682
0.000671
0.000652
0.000631
0.000617
0.000613
0.000614
0.000619
0.000626
0.000634
0.000638
0.000641
0.000650
0.000666
0.000679
0.000680
0.000674
0.000676
0.000691
0.000706
0.000708
0.000699
0.000691
0.000690
0.000696
0.000703
0.000711
0.000717
0.000717
0.000712
0.000704
0.000695
0.000686
0.000674
0.000662
0.000650
0.000637
0.000617
0.000592
0.000572
0.000567
0.000576
0.000591
0.000604
0.000616
0.000629
0.000644
0.000661
0.000675
0.000682
0.000678
0.000664
0.000648
0.000636
0.000630
0.000627
0.000628
0.000633
0.000643
0.000655
0.000667
0.000677
0.000686
0.000693
0.000699
0.000705
0.000709
0.000706
0.000694
0.000677
0.000660
0.000642
0.000624
0.000610
0.000608
0.000618
0.000630
0.000635
0.000629
0.000621
0.000615
0.000616
0.000620
0.000628
0.000641
0.000659
0.000679
0.000695
0.000699
0.000692
0.000678
0.000667
0.000666
0.000674
0.000690
0.000709
0.000728
0.000741
0.000743
0.000731
0.000710
0.000688
0.000672
0.000662
0.000655
0.000649
0.000648
0.000649
0.000649
0.000644
0.000636
0.000630
0.000624
0.000615
0.000602
0.000590
0.000585
0.000590
0.000603
0.000616
0.000626
0.000634
0.000642
0.000648
0.000649
0.000640
0.000627
0.000617
0.000613
0.000614
0.000617
0.000622
0.000628
0.000629
0.000627
0.000625
0.000633
0.000647
0.000660
0.000666
0.000670
0.000677
0.000683
0.000684
0.000678
0.000668
0.000658
0.000652
0.000648
0.000645
0.000644
0.000647
0.000658
0.000677
0.000696
0.000706
0.000706
0.000701
0.000695
0.000686
0.000675
0.000668
0.000666
0.000664
0.000658
0.000646
0.000636
0.000633
0.000635
0.000641
0.000649
0.000654
0.000654
0.000651
0.000649
0.000648
0.000646
0.000642
0.000643
0.000648
0.000651
0.000645
0.000630
0.000611
0.000594
0.000583
0.000574
0.000564
0.000551
0.000541
0.000539
0.000548
0.000564
0.000585
0.000610
0.000638
0.000663
0.000677
0.000681
0.000679
0.000676
0.000674
0.000673
0.000672
0.000668
0.000659
0.000649
0.000641
0.000638
0.000639
0.000644
0.000650
0.000652
0.000648
0.000644
0.000647
0.000657
0.000663
0.000660
0.000653
0.000649
0.000649
0.000646
0.000638
0.000626
0.000614
0.000607
0.000607
0.000611
0.000615
0.000609
0.000599
0.000592
0.000593
0.000598
0.000601
0.000604
0.000611
0.000624
0.000639
0.000652
0.000657
0.000652
0.000639
0.000621
0.000604
0.000590
0.000582
0.000580
0.000585
0.000599
0.000620
0.000640
0.000649
0.000644
0.000633
0.000627
0.000631
0.000636
0.000637
0.000637
0.000641
0.000648
0.000651
0.000646
0.000638
0.000633
0.000630
0.000631
0.000636
0.000645
0.000651
0.000652
0.000647
0.000638
0.000628
0.000618
0.000614
0.000618
0.000627
0.000632
0.000630
0.000627
0.000627
0.000630
0.000632
0.000629
0.000623
0.000617
0.000613
0.000613
0.000612
0.000610
0.000605
0.000595
0.000582
0.000568
0.000560
0.000562
0.000572
0.000584
0.000591
0.000592
0.000590
0.000587
0.000586
0.000583
0.000576
0.000570
0.000573
0.000586
0.000599
0.000607
0.000612
0.000619
0.000632
0.000645
0.000652
0.000654
0.000650
0.000643
0.000640
0.000644
0.000655
0.000663
0.000660
0.000648
0.000632
0.000623
0.000622
0.000624
0.000623
0.000617
0.000612
0.000611
0.000612
0.000609
0.000605
0.000602
0.000595
0.000585
0.000577
0.000576
0.000579
0.000578
0.000574
0.000573
0.000578
0.000581
0.000580
0.000578
0.000580
0.000578
0.000570
0.000563
0.000569
0.000587
0.000607
0.000621
0.000629
0.000634
0.000638
0.000642
0.000652
0.000667
0.000680
0.000684
0.000679
0.000671
0.000668
0.000669
0.000671
0.000663
0.000646
0.000629
0.000626
0.000638
0.000653
0.000660
0.000663
0.000665
0.000665
0.000661
0.000654
0.000653
0.000659
0.000671
0.000687
0.000702
0.000711
0.000708
0.000694
0.000679
0.000666
0.000651
0.000631
0.000611
0.000596
0.000585
0.000576
0.000571
0.000571
0.000579
0.000590
0.000602
0.000615
0.000633
0.000649
0.000659
0.000664
0.000670
0.000680
0.000690
0.000694
0.000692
0.000687
0.000682
0.000675
0.000666
0.000657
0.000650
0.000644
0.000639
0.000632
0.000625
0.000620
0.000620
0.000623
0.000626
0.000629
0.000636
0.000653
0.000676
0.000696
0.000701
0.000690
0.000669
0.000649
0.000639
0.000642
0.000656
0.000673
0.000688
0.000699
0.000706
0.000712
0.000714
0.000710
0.000700
0.000683
0.000668
0.000658
0.000655
0.000655
0.000652
0.000645
0.000635
0.000627
0.000622
0.000619
0.000615
0.000607
0.000599
0.000594
0.000594
0.000598
0.000601
0.000596
0.000585
0.000572
0.000568
0.000571
0.000575
0.000573
0.000570
0.000572
0.000582
0.000593
0.000598
0.000599
0.000602
0.000606
0.000610
0.000615
0.000624
0.000644
0.000673
0.000700
0.000711
0.000704
0.000691
0.000687
0.000691
0.000692
0.000684
0.000667
0.000647
0.000630
0.000618
0.000615
0.000622
0.000634
0.000643
0.000646
0.000644
0.000640
0.000635
0.000630
0.000625
0.000616
0.000603
0.000595
0.000596
0.000604
0.000615
0.000623
0.000628
0.000626
0.000613
0.000593
0.000570
0.000553
0.000545
0.000552
0.000572
0.000600
0.000624
0.000637
0.000641
0.000640
0.000637
0.000631
0.000624
0.000616
0.000608
0.000599
0.000592
0.000589
0.000594
0.000606
0.000623
0.000643
0.000659
0.000665
0.000658
0.000640
0.000620
0.000609
0.000610
0.000621
0.000636
0.000652
0.000671
0.000687
0.000694
0.000688
0.000674
0.000659
0.000650
0.000648
0.000652
0.000657
0.000655
0.000647
0.000638
0.000635
0.000633
0.000628
0.000620
0.000614
0.000619
0.000633
0.000653
0.000670
0.000681
0.000687
0.000687
0.000678
0.000660
0.000635
0.000612
0.000599
0.000598
0.000608
0.000625
0.000646
0.000665
0.000676
0.000678
0.000676
0.000675
0.000674
0.000670
0.000662
0.000655
0.000651
0.000648
0.000642
0.000631
0.000619
0.000614
0.000616
0.000617
0.000608
0.000593
0.000585
0.000590
0.000603
0.000614
0.000621
0.000631
0.000646
0.000658
0.000660
0.000658
0.000658
0.000664
0.000670
0.000674
0.000676
0.000679
0.000683
0.000687
0.000693
0.000699
0.000700
0.000693
0.000678
0.000661
0.000647
0.000642
0.000647
0.000658
0.000669
0.000673
0.000669
0.000661
0.000649
0.000633
0.000617
0.000610
0.000612
0.000620
0.000629
0.000636
0.000639
0.000638
0.000634
0.000633
0.000637
0.000645
0.000656
0.000670
0.000688
0.000704
0.000713
0.000710
0.000698
0.000678
0.000657
0.000639
0.000626
0.000617
0.000609
0.000606
0.000611
0.000623
0.000640
0.000654
0.000663
0.000666
0.000662
0.000655
0.000653
0.000660
0.000671
0.000679
0.000677
0.000668
0.000657
0.000648
0.000639
0.000628
0.000620
0.000619
0.000625
0.000635
0.000643
0.000646
0.000644
0.000638
0.000632
0.000628
0.000630
0.000638
0.000651
0.000665
0.000675
0.000675
0.000670
0.000668
0.000669
0.000670
0.000665
0.000659
0.000657
0.000658
0.000656
0.000649
0.000644
0.000646
0.000653
0.000659
0.000658
0.000652
0.000641
0.000631
0.000625
0.000625
0.000629
0.000633
0.000635
0.000636
0.000637
0.000639
0.000639
0.000633
0.000618
0.000598
0.000583
0.000579
0.000586
0.000599
0.000612
0.000619
0.000617
0.000608
0.000596
0.000588
0.000589
0.000599
0.000614
0.000626
0.000632
0.000631
0.000625
0.000616
0.000604
0.000595
0.000592
0.000595
0.000598
0.000598
0.000597
0.000602
0.000611
0.000617
0.000619
0.000619
0.000624
0.000634
0.000647
0.000655
0.000658
0.000656
0.000654
0.000655
0.000658
0.000666
0.000678
0.000691
0.000697
0.000689
0.000671
0.000656
0.000649
0.000648
0.000641
0.000626
0.000610
0.000600
0.000604
0.000619
0.000639
0.000654
0.000661
0.000659
0.000651
0.000639
0.000623
0.000608
0.000601
0.000602
0.000607
0.000613
0.000619
0.000628
0.000640
0.000650
0.000657
0.000660
0.000656
0.000643
0.000625
0.000609
0.000601
0.000603
0.000609
0.000615
0.000621
0.000626
0.000630
0.000627
0.000613
0.000593
0.000574
0.000565
0.000570
0.000585
0.000600
0.000609
0.000608
0.000597
0.000580
0.000566
0.000559
0.000564
0.000575
0.000587
0.000593
0.000594
0.000594
0.000596
0.000599
0.000601
0.000599
0.000597
0.000597
0.000600
0.000600
0.000596
0.000593
0.000595
0.000603
0.000614
0.000624
0.000634
0.000644
0.000654
0.000662
0.000666
0.000666
0.000662
0.000655
0.000644
0.000627
0.000609
0.000602
0.000608
0.000620
0.000627
0.000623
0.000611
0.000597
0.000586
0.000583
0.000591
0.000607
0.000617
0.000616
0.000607
0.000599
0.000597
0.000600
0.000608
0.000621
0.000634
0.000640
0.000637
0.000633
0.000637
0.000651
0.000670
0.000690
0.000706
0.000719
0.000731
0.000738
0.000735
0.000720
0.000701
0.000684
0.000668
0.000648
0.000624
0.000605
0.000597
0.000596
0.000598
0.000600
0.000606
0.000615
0.000622
0.000629
0.000640
0.000656
0.000668
0.000671
0.000666
0.000659
0.000656
0.000655
0.000656
0.000659
0.000662
0.000663
0.000663
0.000660
0.000655
0.000645
0.000634
0.000628
0.000632
0.000641
0.000650
0.000655
0.000656
0.000657
0.000657
0.000659
0.000663
0.000670
0.000675
0.000677
0.000676
0.000679
0.000683
0.000683
0.000675
0.000662
0.000651
0.000641
0.000633
0.000627
0.000624
0.000624
0.000621
0.000618
0.000620
0.000628
0.000636
0.000632
0.000616
0.000601
0.000598
0.000609
0.000625
0.000636
0.000643
0.000651
0.000667
0.000685
0.000694
0.000688
0.000669
0.000648
0.000630
0.000614
0.000599
0.000586
0.000579
0.000575
0.000570
0.000561
0.000555
0.000559
0.000572
0.000586
0.000596
0.000604
0.000611
0.000615
0.000615
0.000614
0.000617
0.000623
0.000628
0.000627
0.000623
0.000621
0.000624
0.000633
0.000643
0.000649
0.000645
0.000632
0.000617
0.000606
0.000601
0.000597
0.000595
0.000595
0.000597
0.000601
0.000611
0.000633
0.000660
0.000680
0.000684
0.000675
0.000667
0.000662
0.000659
0.000654
0.000650
0.000650
0.000649
0.000647
0.000647
0.000654
0.000664
0.000667
0.000658
0.000639
0.000618
0.000601
0.000592
0.000592
0.000596
0.000597
0.000597
0.000603
0.000622
0.000647
0.000667
0.000677
0.000681
0.000682
0.000680
0.000675
0.000671
0.000669
0.000663
0.000651
0.000634
0.000623
0.000622
0.000631
0.000645
0.000661
0.000673
0.000674
0.000665
0.000654
0.000649
0.000651
0.000657
0.000662
0.000664
0.000665
0.000667
0.000671
0.000676
0.000678
0.000674
0.000661
0.000641
0.000620
0.000606
0.000601
0.000603
0.000604
0.000601
0.000596
0.000590
0.000586
0.000585
0.000587
0.000591
0.000596
0.000601
0.000605
0.000601
0.000590
0.000577
0.000571
0.000573
0.000572
0.000563
0.000553
0.000556
0.000579
0.000614
0.000644
0.000658
0.000656
0.000647
0.000640
0.000638
0.000637
0.000637
0.000642
0.000651
0.000664
0.000671
0.000672
0.000666
0.000658
0.000651
0.000648
0.000647
0.000647
0.000647
0.000648
0.000650
0.000655
0.000661
0.000667
0.000670
0.000668
0.000660
0.000646
0.000629
0.000613
0.000600
0.000593
0.000591
0.000592
0.000590
0.000581
0.000564
0.000546
0.000531
0.000523
0.000522
0.000526
0.000537
0.000552
0.000565
0.000571
0.000571
0.000575
0.000586
0.000598
0.000602
0.000599
0.000595
0.000595
0.000599
0.000604
0.000612
0.000627
0.000645
0.000655
0.000654
0.000643
0.000632
0.000626
0.000626
0.000633
0.000643
0.000648
0.000645
0.000637
0.000630
0.000626
0.000621
0.000615
0.000612
0.000610
0.000608
0.000600
0.000589
0.000584
0.000587
0.000593
0.000596
0.000596
0.000598
0.000602
0.000605
0.000608
0.000613
0.000617
0.000617
0.000612
0.000611
0.000613
0.000617
0.000615
0.000609
0.000600
0.000590
0.000581
0.000576
0.000581
0.000593
0.000604
0.000608
0.000605
0.000600
0.000594
0.000589
0.000586
0.000589
0.000600
0.000615
0.000626
0.000626
0.000617
0.000606
0.000598
0.000595
0.000597
0.000605
0.000615
0.000621
0.000617
0.000607
0.000597
0.000592
0.000595
0.000606
0.000623
0.000638
0.000646
0.000650
0.000652
0.000648
0.000636
0.000618
0.000602
0.000591
0.000585
0.000578
0.000573
0.000573
0.000581
0.000596
0.000616
0.000638
0.000655
0.000664
0.000662
0.000651
0.000638
0.000631
0.000633
0.000638
0.000638
0.000634
0.000635
0.000645
0.000659
0.000671
0.000681
0.000693
0.000711
0.000728
0.000737
0.000737
0.000728
0.000716
0.000707
0.000701
0.000696
0.000690
0.000683
0.000673
0.000660
0.000645
0.000634
0.000629
0.000625
0.000617
0.000605
0.000598
0.000598
0.000603
0.000605
0.000601
0.000598
0.000603
0.000614
0.000626
0.000632
0.000632
0.000631
0.000629
0.000623
0.000612
0.000603
0.000600
0.000605
0.000611
0.000613
0.000611
0.000606
0.000602
0.000604
0.000616
0.000632
0.000641
0.000640
0.000632
0.000626
0.000628
0.000639
0.000654
0.000665
0.000668
0.000659
0.000645
0.000633
0.000627
0.000626
0.000625
0.000622
0.000616
0.000610
0.000606
0.000605
0.000612
0.000627
0.000645
0.000656
0.000654
0.000645
0.000640
0.000640
0.000642
0.000643
0.000647
0.000656
0.000664
0.000662
0.000653
0.000644
0.000642
0.000648
0.000655
0.000658
0.000655
0.000645
0.000630
0.000615
0.000606
0.000608
0.000614
0.000617
0.000610
0.000597
0.000588
0.000590
0.000599
0.000611
0.000623
0.000630
0.000628
0.000615
0.000598
0.000589
0.000591
0.000595
0.000589
0.000572
0.000555
0.000552
0.000566
0.000591
0.000612
0.000619
0.000615
0.000603
0.000586
0.000569
0.000555
0.000551
0.000555
0.000565
0.000576
0.000588
0.000600
0.000606
0.000602
0.000588
0.000570
0.000553
0.000542
0.000539
0.000542
0.000547
0.000551
0.000553
0.000554
0.000552
0.000553
0.000561
0.000576
0.000593
0.000607
0.000619
0.000632
0.000641
0.000645
0.000645
0.000642
0.000634
0.000621
0.000602
0.000585
0.000572
0.000564
0.000564
0.000567
0.000570
0.000570
0.000574
0.000586
0.000604
0.000617
0.000621
0.000619
0.000616
0.000615
0.000619
0.000626
0.000636
0.000643
0.000644
0.000637
0.000623
0.000606
0.000595
0.000595
0.000604
0.000612
0.000612
0.000608
0.000607
0.000614
0.000622
0.000627
0.000628
0.000628
0.000631
0.000632
0.000630
0.000627
0.000632
0.000645
0.000653
0.000644
0.000623
0.000603
0.000594
0.000592
0.000595
0.000601
0.000610
0.000614
0.000607
0.000593
0.000581
0.000577
0.000584
0.000599
0.000618
0.000630
0.000628
0.000617
0.000609
0.000612
0.000622
0.000635
0.000646
0.000651
0.000646
0.000630
0.000609
0.000595
0.000593
0.000601
0.000610
0.000616
0.000621
0.000630
0.000637
0.000633
0.000620
0.000607
0.000600
0.000599
0.000597
0.000592
0.000586
0.000581
0.000579
0.000581
0.000588
0.000595
0.000600
0.000603
0.000607
0.000613
0.000617
0.000621
0.000623
0.000619
0.000609
0.000600
0.000601
0.000616
0.000636
0.000654
0.000663
0.000660
0.000645
0.000626
0.000618
0.000625
0.000639
0.000650
0.000653
0.000654
0.000653
0.000649
0.000641
0.000632
0.000626
0.000624
0.000623
0.000617
0.000605
0.000596
0.000596
0.000605
0.000615
0.000620
0.000622
0.000624
0.000623
0.000614
0.000596
0.000579
0.000568
0.000564
0.000562
0.000557
0.000545
0.000532
0.000526
0.000530
0.000540
0.000547
0.000551
0.000559
0.000576
0.000600
0.000622
0.000633
0.000628
0.000613
0.000596
0.000586
0.000586
0.000594
0.000605
0.000612
0.000610
0.000601
0.000597
0.000600
0.000607
0.000612
0.000618
0.000628
0.000639
0.000647
0.000652
0.000654
0.000654
0.000651
0.000651
0.000658
0.000667
0.000666
0.000654
0.000635
0.000621
0.000615
0.000620
0.000634
0.000648
0.000655
0.000657
0.000659
0.000663
0.000665
0.000665
0.000667
0.000670
0.000666
0.000654
0.000639
0.000632
0.000628
0.000622
0.000610
0.000595
0.000580
0.000567
0.000560
0.000562
0.000569
0.000576
0.000585
0.000597
0.000606
0.000609
0.000608
0.000609
0.000615
0.000623
0.000630
0.000637
0.000638
0.000630
0.000617
0.000605
0.000600
0.000596
0.000590
0.000582
0.000569
0.000554
0.000539
0.000526
0.000517
0.000510
0.000508
0.000514
0.000528
0.000543
0.000552
0.000554
0.000558
0.000569
0.000586
0.000605
0.000619
0.000625
0.000623
0.000614
0.000601
0.000589
0.000580
0.000579
0.000586
0.000599
0.000613
0.000626
0.000635
0.000636
0.000629
0.000621
0.000623
0.000634
0.000649
0.000662
0.000671
0.000674
0.000672
0.000665
0.000656
0.000650
0.000648
0.000650
0.000652
0.000656
0.000664
0.000676
0.000691
0.000701
0.000703
0.000696
0.000682
0.000667
0.000653
0.000641
0.000631
0.000623
0.000619
0.000621
0.000626
0.000632
0.000636
0.000640
0.000642
0.000638
0.000624
0.000601
0.000576
0.000554
0.000540
0.000536
0.000541
0.000554
0.000574
0.000595
0.000607
0.000605
0.000591
0.000578
0.000578
0.000589
0.000601
0.000608
0.000614
0.000625
0.000636
0.000637
0.000625
0.000606
0.000589
0.000577
0.000572
0.000573
0.000576
0.000573
0.000560
0.000545
0.000537
0.000544
0.000561
0.000584
0.000608
0.000632
0.000651
0.000660
0.000655
0.000637
0.000614
0.000597
0.000593
0.000600
0.000609
0.000614
0.000613
0.000609
0.000604
0.000597
0.000589
0.000581
0.000574
0.000570
0.000568
0.000572
0.000583
0.000596
0.000607
0.000613
0.000614
0.000615
0.000615
0.000614
0.000613
0.000616
0.000625
0.000632
0.000630
0.000619
0.000608
0.000604
0.000606
0.000610
0.000614
0.000618
0.000621
0.000621
0.000618
0.000614
0.000614
0.000616
0.000619
0.000624
0.000632
0.000643
0.000656
0.000671
0.000687
0.000702
0.000711
0.000712
0.000706
0.000698
0.000690
0.000683
0.000675
0.000662
0.000642
0.000617
0.000593
0.000578
0.000579
0.000595
0.000620
0.000642
0.000655
0.000663
0.000671
0.000682
0.000691
0.000693
0.000687
0.000679
0.000673
0.000669
0.000666
0.000664
0.000659
0.000647
0.000631
0.000620
0.000620
0.000629
0.000640
0.000651
0.000661
0.000665
0.000657
0.000639
0.000624
0.000624
0.000635
0.000648
0.000658
0.000671
0.000683
0.000690
0.000686
0.000681
0.000681
0.000689
0.000698
0.000700
0.000695
0.000687
0.000682
0.000683
0.000685
0.000679
0.000665
0.000651
0.000646
0.000647
0.000646
0.000640
0.000634
0.000634
0.000634
0.000633
0.000632
0.000633
0.000635
0.000633
0.000626
0.000620
0.000615
0.000610
0.000600
0.000587
0.000573
0.000564
0.000564
0.000570
0.000579
0.000585
0.000590
0.000593
0.000596
0.000598
0.000596
0.000593
0.000590
0.000587
0.000583
0.000576
0.000566
0.000554
0.000543
0.000539
0.000541
0.000545
0.000548
0.000549
0.000552
0.000561
0.000576
0.000594
0.000613
0.000629
0.000639
0.000641
0.000637
0.000629
0.000623
0.000621
0.000626
0.000634
0.000646
0.000659
0.000670
0.000679
0.000687
0.000695
0.000701
0.000699
0.000686
0.000664
0.000643
0.000630
0.000621
0.000610
0.000593
0.000576
0.000562
0.000554
0.000550
0.000552
0.000561
0.000573
0.000580
0.000579
0.000572
0.000563
0.000555
0.000549
0.000548
0.000550
0.000557
0.000566
0.000576
0.000586
0.000595
0.000603
0.000604
0.000598
0.000591
0.000592
0.000604
0.000620
0.000624
0.000615
0.000601
0.000591
0.000586
0.000586
0.000595
0.000610
0.000624
0.000630
0.000630
0.000630
0.000634
0.000643
0.000657
0.000673
0.000686
0.000686
0.000677
0.000665
0.000656
0.000653
0.000657
0.000664
0.000667
0.000659
0.000646
0.000639
0.000637
0.000629
0.000610
0.000590
0.000582
0.000588
0.000602
0.000620
0.000641
0.000659
0.000668
0.000668
0.000664
0.000663
0.000663
0.000661
0.000657
0.000653
0.000650
0.000650
0.000655
0.000662
0.000666
0.000662
0.000655
0.000649
0.000643
0.000637
0.000626
0.000611
0.000597
0.000587
0.000578
0.000568
0.000561
0.000567
0.000585
0.000600
0.000603
0.000594
0.000587
0.000586
0.000588
0.000593
0.000601
0.000610
0.000615
0.000613
0.000613
0.000623
0.000639
0.000653
0.000662
0.000663
0.000657
0.000647
0.000637
0.000632
0.000632
0.000636
0.000644
0.000657
0.000674
0.000692
0.000709
0.000726
0.000740
0.000742
0.000730
0.000711
0.000694
0.000683
0.000681
0.000682
0.000682
0.000682
0.000685
0.000694
0.000702
0.000699
0.000685
0.000669
0.000660
0.000660
0.000665
0.000670
0.000670
0.000666
0.000662
0.000666
0.000677
0.000689
0.000696
0.000697
0.000696
0.000691
0.000679
0.000664
0.000653
0.000650
0.000654
0.000660
0.000668
0.000673
0.000673
0.000667
0.000659
0.000655
0.000656
0.000660
0.000661
0.000660
0.000656
0.000652
0.000646
0.000641
0.000636
0.000631
0.000625
0.000621
0.000622
0.000629
0.000633
0.000629
0.000619
0.000606
0.000597
0.000594
0.000599
0.000614
0.000633
0.000649
0.000657
0.000658
0.000660
0.000668
0.000680
0.000689
0.000685
0.000665
0.000634
0.000604
0.000587
0.000585
0.000591
0.000599
0.000605
0.000607
0.000604
0.000590
0.000569
0.000549
0.000541
0.000548
0.000569
0.000597
0.000625
0.000649
0.000664
0.000667
0.000656
0.000634
0.000604
0.000572
0.000549
0.000542
0.000550
0.000559
0.000562
0.000557
0.000553
0.000553
0.000555
0.000555
0.000555
0.000559
0.000570
0.000583
0.000597
0.000610
0.000617
0.000617
0.000607
0.000596
0.000590
0.000590
0.000590
0.000587
0.000583
0.000585
0.000595
0.000609
0.000623
0.000632
0.000636
0.000629
0.000615
0.000603
0.000601
0.000609
0.000618
0.000620
0.000613
0.000602
0.000595
0.000596
0.000607
0.000622
0.000636
0.000645
0.000651
0.000657
0.000664
0.000670
0.000677
0.000688
0.000705
0.000724
0.000736
0.000737
0.000728
0.000710
0.000688
0.000668
0.000657
0.000656
0.000660
0.000663
0.000663
0.000664
0.000666
0.000666
0.000666
0.000671
0.000684
0.000699
0.000713
0.000720
0.000722
0.000720
0.000715
0.000711
0.000710
0.000713
0.000716
0.000717
0.000715
0.000712
0.000711
0.000714
0.000719
0.000724
0.000725
0.000717
0.000701
0.000678
0.000653
0.000630
0.000611
0.000597
0.000588
0.000588
0.000594
0.000600
0.000601
0.000599
0.000599
0.000601
0.000603
0.000609
0.000621
0.000639
0.000654
0.000659
0.000660
0.000660
0.000660
0.000658
0.000655
0.000655
0.000656
0.000652
0.000644
0.000639
0.000642
0.000649
0.000651
0.000648
0.000645
0.000645
0.000650
0.000657
0.000664
0.000666
0.000660
0.000649
0.000638
0.000629
0.000619
0.000607
0.000600
0.000604
0.000615
0.000626
0.000632
0.000639
0.000650
0.000662
0.000667
0.000663
0.000653
0.000642
0.000630
0.000618
0.000605
0.000595
0.000586
0.000583
0.000585
0.000590
0.000592
0.000590
0.000587
0.000587
0.000589
0.000589
0.000587
0.000587
0.000591
0.000594
0.000589
0.000574
0.000559
0.000554
0.000562
0.000577
0.000592
0.000602
0.000611
0.000619
0.000623
0.000622
0.000620
0.000626
0.000642
0.000661
0.000674
0.000679
0.000677
0.000672
0.000662
0.000650
0.000640
0.000631
0.000626
0.000625
0.000630
0.000637
0.000641
0.000638
0.000633
0.000631
0.000633
0.000629
0.000617
0.000606
0.000604
0.000608
0.000610
0.000601
0.000586
0.000574
0.000572
0.000577
0.000580
0.000580
0.000581
0.000584
0.000585
0.000584
0.000587
0.000601
0.000623
0.000638
0.000637
0.000623
0.000612
0.000610
0.000613
0.000616
0.000619
0.000625
0.000635
0.000645
0.000654
0.000661
0.000663
0.000660
0.000654
0.000650
0.000644
0.000634
0.000620
0.000612
0.000614
0.000623
0.000630
0.000628
0.000622
0.000619
0.000619
0.000615
0.000606
0.000595
0.000587
0.000581
0.000576
0.000572
0.000572
0.000577
0.000586
0.000595
0.000601
0.000604
0.000606
0.000610
0.000617
0.000622
0.000625
0.000630
0.000638
0.000647
0.000654
0.000659
0.000666
0.000675
0.000679
0.000678
0.000676
0.000681
0.000690
0.000696
0.000694
0.000685
0.000674
0.000664
0.000659
0.000658
0.000654
0.000640
0.000616
0.000591
0.000576
0.000571
0.000572
0.000573
0.000572
0.000569
0.000568
0.000570
0.000576
0.000585
0.000595
0.000606
0.000613
0.000615
0.000612
0.000611
0.000613
0.000614
0.000609
0.000604
0.000607
0.000621
0.000638
0.000651
0.000655
0.000654
0.000646
0.000635
0.000626
0.000624
0.000628
0.000631
0.000630
0.000624
0.000619
0.000618
0.000623
0.000630
0.000637
0.000642
0.000643
0.000638
0.000627
0.000614
0.000605
0.000599
0.000596
0.000599
0.000610
0.000629
0.000647
0.000658
0.000663
0.000671
0.000684
0.000701
0.000715
0.000718
0.000710
0.000700
0.000699
0.000707
0.000715
0.000713
0.000701
0.000686
0.000668
0.000651
0.000636
0.000629
0.000627
0.000623
0.000614
0.000602
0.000592
0.000581
0.000572
0.000569
0.000579
0.000599
0.000620
0.000631
0.000629
0.000618
0.000605
0.000594
0.000585
0.000577
0.000570
0.000566
0.000566
0.000568
0.000566
0.000556
0.000542
0.000534
0.000543
0.000569
0.000600
0.000622
0.000631
0.000632
0.000631
0.000625
0.000608
0.000585
0.000567
0.000564
0.000574
0.000592
0.000611
0.000625
0.000628
0.000624
0.000621
0.000626
0.000634
0.000638
0.000635
0.000631
0.000634
0.000640
0.000641
0.000634
0.000623
0.000614
0.000609
0.000609
0.000614
0.000624
0.000635
0.000641
0.000642
0.000641
0.000642
0.000639
0.000631
0.000625
0.000631
0.000648
0.000666
0.000675
0.000678
0.000681
0.000687
0.000691
0.000691
0.000690
0.000690
0.000689
0.000684
0.000677
0.000673
0.000672
0.000670
0.000665
0.000659
0.000656
0.000656
0.000658
0.000658
0.000654
0.000645
0.000633
0.000624
0.000621
0.000623
0.000626
0.000633
0.000644
0.000655
0.000660
0.000653
0.000636
0.000614
0.000595
0.000580
0.000570
0.000565
0.000565
0.000571
0.000580
0.000586
0.000587
0.000586
0.000593
0.000607
0.000625
0.000638
0.000642
0.000642
0.000642
0.000648
0.000655
0.000656
0.000644
0.000620
0.000598
0.000588
0.000590
0.000595
0.000594
0.000589
0.000589
0.000594
0.000599
0.000599
0.000596
0.000595
0.000595
0.000594
0.000594
0.000596
0.000602
0.000607
0.000609
0.000610
0.000613
0.000617
0.000617
0.000611
0.000599
0.000582
0.000567
0.000559
0.000559
0.000563
0.000568
0.000576
0.000589
0.000604
0.000620
0.000633
0.000647
0.000658
0.000663
0.000661
0.000658
0.000660
0.000667
0.000675
0.000680
0.000680
0.000671
0.000657
0.000647
0.000648
0.000658
0.000669
0.000674
0.000671
0.000662
0.000652
0.000646
0.000647
0.000651
0.000657
0.000662
0.000664
0.000661
0.000653
0.000641
0.000633
0.000631
0.000634
0.000634
0.000628
0.000623
0.000626
0.000636
0.000646
0.000649
0.000647
0.000643
0.000638
0.000626
0.000609
0.000593
0.000592
0.000604
0.000623
0.000637
0.000643
0.000645
0.000648
0.000653
0.000655
0.000654
0.000652
0.000657
0.000667
0.000671
0.000663
0.000646
0.000629
0.000619
0.000616
0.000622
0.000632
0.000642
0.000647
0.000651
0.000661
0.000673
0.000678
0.000667
0.000641
0.000609
0.000580
0.000563
0.000563
0.000571
0.000576
0.000570
0.000559
0.000550
0.000548
0.000553
0.000565
0.000584
0.000611
0.000641
0.000666
0.000680
0.000679
0.000671
0.000665
0.000662
0.000662
0.000664
0.000671
0.000682
0.000688
0.000680
0.000660
0.000636
0.000617
0.000603
0.000596
0.000593
0.000592
0.000591
0.000587
0.000580
0.000571
0.000566
0.000570
0.000588
0.000614
0.000642
0.000664
0.000680
0.000690
0.000692
0.000686
0.000674
0.000657
0.000643
0.000636
0.000638
0.000641
0.000640
0.000636
0.000635
0.000637
0.000638
0.000637
0.000640
0.000650
0.000658
0.000654
0.000636
0.000617
0.000608
0.000609
0.000610
0.000606
0.000598
0.000595
0.000599
0.000608
0.000618
0.000623
0.000622
0.000618
0.000616
0.000617
0.000619
0.000617
0.000614
0.000613
0.000617
0.000627
0.000641
0.000656
0.000667
0.000667
0.000661
0.000660
0.000670
0.000684
0.000689
0.000683
0.000669
0.000648
0.000621
0.000593
0.000574
0.000564
0.000557
0.000552
0.000555
0.000566
0.000575
0.000575
0.000571
0.000568
0.000568
0.000568
0.000568
0.000573
0.000585
0.000597
0.000605
0.000610
0.000611
0.000605
0.000591
0.000574
0.000561
0.000558
0.000561
0.000567
0.000570
0.000568
0.000566
0.000570
0.000578
0.000587
0.000594
0.000598
0.000603
0.000606
0.000609
0.000613
0.000617
0.000623
0.000630
0.000638
0.000645
0.000649
0.000649
0.000648
0.000648
0.000646
0.000639
0.000627
0.000613
0.000601
0.000598
0.000604
0.000617
0.000628
0.000635
0.000637
0.000636
0.000634
0.000633
0.000632
0.000626
0.000616
0.000607
0.000603
0.000607
0.000612
0.000615
0.000619
0.000623
0.000628
0.000631
0.000632
0.000633
0.000635
0.000631
0.000619
0.000600
0.000579
0.000563
0.000555
0.000553
0.000554
0.000559
0.000571
0.000589
0.000603
0.000607
0.000605
0.000605
0.000604
0.000597
0.000582
0.000572
0.000573
0.000583
0.000593
0.000599
0.000603
0.000607
0.000612
0.000620
0.000633
0.000647
0.000658
0.000666
0.000671
0.000669
0.000660
0.000647
0.000637
0.000632
0.000630
0.000630
0.000635
0.000641
0.000643
0.000640
0.000636
0.000636
0.000634
0.000628
0.000620
0.000621
0.000634
0.000652
0.000667
0.000674
0.000672
0.000659
0.000639
0.000618
0.000601
0.000589
0.000582
0.000583
0.000588
0.000592
0.000590
0.000586
0.000585
0.000593
0.000605
0.000616
0.000620
0.000619
0.000613
0.000603
0.000589
0.000577
0.000575
0.000588
0.000608
0.000621
0.000623
0.000623
0.000632
0.000641
0.000638
0.000623
0.000610
0.000610
0.000618
0.000628
0.000641
0.000655
0.000662
0.000662
0.000659
0.000666
0.000681
0.000693
0.000697
0.000693
0.000684
0.000670
0.000649
0.000624
0.000603
0.000588
0.000585
0.000591
0.000603
0.000611
0.000613
0.000610
0.000608
0.000609
0.000616
0.000630
0.000651
0.000674
0.000691
0.000696
0.000689
0.000676
0.000666
0.000665
0.000671
0.000676
0.000678
0.000678
0.000675
0.000670
0.000665
0.000661
0.000659
0.000655
0.000648
0.000644
0.000646
0.000653
0.000658
0.000661
0.000662
0.000660
0.000651
0.000638
0.000628
0.000624
0.000618
0.000606
0.000592
0.000584
0.000585
0.000592
0.000603
0.000617
0.000632
0.000641
0.000640
0.000633
0.000629
0.000631
0.000635
0.000637
0.000635
0.000631
0.000627
0.000626
0.000624
0.000623
0.000626
0.000633
0.000640
0.000640
0.000628
0.000608
0.000587
0.000573
0.000567
0.000568
0.000575
0.000582
0.000587
0.000592
0.000601
0.000615
0.000631
0.000646
0.000657
0.000664
0.000666
0.000667
0.000668
0.000673
0.000677
0.000678
0.000673
0.000663
0.000650
0.000638
0.000631
0.000629
0.000628
0.000623
0.000613
0.000596
0.000576
0.000557
0.000546
0.000544
0.000550
0.000558
0.000567
0.000575
0.000579
0.000578
0.000576
0.000577
0.000582
0.000588
0.000592
0.000593
0.000593
0.000594
0.000599
0.000608
0.000617
0.000621
0.000618
0.000616
0.000621
0.000630
0.000632
0.000623
0.000607
0.000592
0.000580
0.000570
0.000564
0.000565
0.000574
0.000589
0.000604
0.000613
0.000614
0.000611
0.000611
0.000617
0.000629
0.000642
0.000648
0.000647
0.000642
0.000638
0.000634
0.000625
0.000612
0.000602
0.000597
0.000594
0.000584
0.000573
0.000572
0.000588
0.000611
0.000631
0.000639
0.000640
0.000640
0.000640
0.000640
0.000639
0.000641
0.000648
0.000661
0.000672
0.000674
0.000664
0.000646
0.000630
0.000624
0.000633
0.000651
0.000669
0.000680
0.000684
0.000687
0.000690
0.000691
0.000687
0.000676
0.000661
0.000644
0.000628
0.000620
0.000623
0.000633
0.000644
0.000649
0.000652
0.000656
0.000660
0.000656
0.000641
0.000620
0.000604
0.000600
0.000601
0.000599
0.000595
0.000593
0.000599
0.000609
0.000618
0.000625
0.000628
0.000627
0.000618
0.000604
0.000591
0.000580
0.000571
0.000564
0.000559
0.000555
0.000554
0.000556
0.000560
0.000563
0.000564
0.000567
0.000573
0.000580
0.000585
0.000589
0.000596
0.000604
0.000604
0.000595
0.000584
0.000580
0.000582
0.000588
0.000593
0.000599
0.000608
0.000619
0.000626
0.000628
0.000627
0.000629
0.000638
0.000650
0.000661
0.000664
0.000657
0.000643
0.000625
0.000606
0.000588
0.000574
0.000570
0.000579
0.000596
0.000610
0.000615
0.000616
0.000619
0.000623
0.000620
0.000608
0.000593
0.000586
0.000586
0.000587
0.000583
0.000577
0.000574
0.000578
0.000588
0.000599
0.000604
0.000599
0.000589
0.000581
0.000580
0.000588
0.000598
0.000605
0.000612
0.000622
0.000640
0.000661
0.000681
0.000691
0.000690
0.000680
0.000667
0.000657
0.000651
0.000649
0.000650
0.000652
0.000652
0.000647
0.000642
0.000642
0.000649
0.000659
0.000667
0.000676
0.000688
0.000703
0.000713
0.000717
0.000716
0.000713
0.000704
0.000685
0.000662
0.000648
0.000648
0.000659
0.000676
0.000695
0.000712
0.000719
0.000711
0.000692
0.000674
0.000662
0.000654
0.000637
0.000612
0.000587
0.000571
0.000568
0.000574
0.000584
0.000598
0.000612
0.000622
0.000621
0.000613
0.000608
0.000613
0.000625
0.000633
0.000634
0.000630
0.000624
0.000618
0.000611
0.000606
0.000600
0.000594
0.000588
0.000590
0.000601
0.000615
0.000621
0.000614
0.000602
0.000595
0.000597
0.000604
0.000610
0.000612
0.000608
0.000601
0.000596
0.000596
0.000601
0.000607
0.000610
0.000609
0.000605
0.000604
0.000612
0.000627
0.000639
0.000639
0.000629
0.000621
0.000621
0.000628
0.000639
0.000649
0.000650
0.000636
0.000612
0.000593
0.000590
0.000599
0.000609
0.000613
0.000610
0.000604
0.000594
0.000583
0.000572
0.000562
0.000553
0.000545
0.000540
0.000537
0.000538
0.000546
0.000562
0.000582
0.000596
0.000602
0.000601
0.000596
0.000594
0.000597
0.000607
0.000618
0.000627
0.000634
0.000637
0.000634
0.000624
0.000610
0.000599
0.000591
0.000585
0.000582
0.000587
0.000598
0.000608
0.000615
0.000618
0.000618
0.000614
0.000608
0.000605
0.000609
0.000618
0.000623
0.000625
0.000623
0.000618
0.000608
0.000596
0.000587
0.000582
0.000580
0.000582
0.000585
0.000583
0.000575
0.000565
0.000558
0.000557
0.000561
0.000570
0.000589
0.000614
0.000632
0.000637
0.000633
0.000630
0.000630
0.000627
0.000621
0.000619
0.000624
0.000632
0.000637
0.000642
0.000652
0.000666
0.000673
0.000667
0.000654
0.000644
0.000641
0.000643
0.000644
0.000643
0.000640
0.000636
0.000632
0.000627
0.000620
0.000613
0.000608
0.000609
0.000614
0.000624
0.000639
0.000656
0.000669
0.000675
0.000675
0.000675
0.000677
0.000676
0.000668
0.000651
0.000629
0.000607
0.000591
0.000585
0.000582
0.000580
0.000575
0.000572
0.000571
0.000573
0.000578
0.000585
0.000592
0.000596
0.000597
0.000601
0.000612
0.000625
0.000635
0.000638
0.000634
0.000626
0.000622
0.000628
0.000642
0.000651
0.000648
0.000639
0.000634
0.000636
0.000642
0.000646
0.000647
0.000645
0.000643
0.000641
0.000640
0.000640
0.000642
0.000646
0.000649
0.000650
0.000652
0.000656
0.000661
0.000663
0.000661
0.000656
0.000652
0.000646
0.000638
0.000628
0.000620
0.000616
0.000616
0.000616
0.000616
0.000619
0.000628
0.000643
0.000658
0.000661
0.000649
0.000631
0.000615
0.000605
0.000596
0.000588
0.000585
0.000586
0.000587
0.000584
0.000576
0.000565
0.000554
0.000547
0.000552
0.000571
0.000594
0.000611
0.000617
0.000614
0.000607
0.000602
0.000604
0.000615
0.000627
0.000636
0.000637
0.000634
0.000630
0.000628
0.000632
0.000642
0.000655
0.000662
0.000662
0.000659
0.000657
0.000655
0.000649
0.000640
0.000626
0.000613
0.000603
0.000598
0.000602
0.000612
0.000630
0.000650
0.000668
0.000680
0.000688
0.000695
0.000703
0.000709
0.000709
0.000703
0.000691
0.000677
0.000665
0.000659
0.000659
0.000660
0.000658
0.000653
0.000649
0.000646
0.000641
0.000630
0.000615
0.000601
0.000589
0.000577
0.000562
0.000551
0.000551
0.000564
0.000581
0.000591
0.000591
0.000588
0.000585
0.000579
0.000565
0.000544
0.000524
0.000517
0.000527
0.000548
0.000570
0.000588
0.000599
0.000606
0.000608
0.000608
0.000610
0.000621
0.000638
0.000655
0.000663
0.000660
0.000648
0.000631
0.000615
0.000605
0.000603
0.000600
0.000589
0.000574
0.000566
0.000571
0.000585
0.000600
0.000610
0.000617
0.000622
0.000623
0.000621
0.000620
0.000621
0.000621
0.000618
0.000615
0.000621
0.000636
0.000653
0.000663
0.000667
0.000670
0.000677
0.000681
0.000676
0.000662
0.000646
0.000634
0.000628
0.000626
0.000626
0.000624
0.000618
0.000613
0.000611
0.000616
0.000623
0.000633
0.000641
0.000645
0.000648
0.000658
0.000679
0.000706
0.000723
0.000727
0.000724
0.000725
0.000728
0.000727
0.000725
0.000729
0.000738
0.000744
0.000740
0.000729
0.000716
0.000704
0.000692
0.000683
0.000677
0.000675
0.000675
0.000676
0.000674
0.000662
0.000636
0.000602
0.000574
0.000558
0.000557
0.000567
0.000584
0.000601
0.000610
0.000610
0.000608
0.000609
0.000614
0.000624
0.000634
0.000640
0.000634
0.000619
0.000603
0.000591
0.000586
0.000586
0.000589
0.000596
0.000605
0.000613
0.000621
0.000628
0.000634
0.000638
0.000643
0.000650
0.000654
0.000653
0.000654
0.000662
0.000676
0.000686
0.000689
0.000686
0.000683
0.000677
0.000667
0.000657
0.000651
0.000652
0.000657
0.000662
0.000665
0.000658
0.000641
0.000620
0.000604
0.000599
0.000607
0.000625
0.000648
0.000663
0.000667
0.000666
0.000666
0.000667
0.000661
0.000649
0.000640
0.000641
0.000648
0.000651
0.000645
0.000634
0.000625
0.000622
0.000625
0.000634
0.000646
0.000658
0.000667
0.000672
0.000673
0.000672
0.000672
0.000675
0.000681
0.000689
0.000692
0.000687
0.000677
0.000667
0.000660
0.000652
0.000644
0.000641
0.000648
0.000658
0.000659
0.000650
0.000637
0.000629
0.000629
0.000630
0.000629
0.000624
0.000618
0.000615
0.000620
0.000630
0.000640
0.000644
0.000639
0.000626
0.000612
0.000607
0.000614
0.000628
0.000639
0.000639
0.000632
0.000625
0.000620
0.000620
0.000620
0.000621
0.000622
0.000626
0.000631
0.000630
0.000617
0.000597
0.000580
0.000574
0.000577
0.000580
0.000583
0.000586
0.000591
0.000599
0.000611
0.000627
0.000644
0.000655
0.000662
0.000669
0.000676
0.000679
0.000674
0.000666
0.000656
0.000648
0.000642
0.000639
0.000631
0.000611
0.000584
0.000565
0.000564
0.000572
0.000579
0.000580
0.000583
0.000591
0.000597
0.000599
0.000600
0.000609
0.000624
0.000637
0.000637
0.000622
0.000597
0.000577
0.000568
0.000570
0.000577
0.000584
0.000595
0.000610
0.000626
0.000633
0.000628
0.000615
0.000601
0.000593
0.000588
0.000584
0.000581
0.000586
0.000604
0.000629
0.000649
0.000658
0.000657
0.000648
0.000637
0.000627
0.000617
0.000605
0.000591
0.000582
0.000585
0.000599
0.000616
0.000632
0.000645
0.000650
0.000647
0.000638
0.000633
0.000634
0.000636
0.000635
0.000633
0.000634
0.000640
0.000652
0.000667
0.000678
0.000677
0.000663
0.000644
0.000631
0.000627
0.000629
0.000634
0.000639
0.000640
0.000635
0.000629
0.000624
0.000621
0.000617
0.000615
0.000618
0.000627
0.000636
0.000643
0.000650
0.000656
0.000654
0.000644
0.000632
0.000621
0.000607
0.000587
0.000570
0.000566
0.000573
0.000584
0.000595
0.000607
0.000623
0.000636
0.000639
0.000629
0.000613
0.000600
0.000592
0.000588
0.000584
0.000580
0.000579
0.000583
0.000588
0.000591
0.000595
0.000599
0.000601
0.000601
0.000601
0.000605
0.000610
0.000616
0.000623
0.000631
0.000634
0.000631
0.000625
0.000619
0.000614
0.000608
0.000599
0.000589
0.000580
0.000578
0.000584
0.000595
0.000604
0.000611
0.000622
0.000636
0.000643
0.000637
0.000625
0.000620
0.000623
0.000624
0.000621
0.000620
0.000624
0.000628
0.000623
0.000610
0.000596
0.000583
0.000572
0.000565
0.000563
0.000563
0.000563
0.000564
0.000567
0.000575
0.000586
0.000600
0.000616
0.000627
0.000626
0.000615
0.000600
0.000592
0.000590
0.000590
0.000586
0.000580
0.000577
0.000582
0.000594
0.000608
0.000617
0.000622
0.000624
0.000624
0.000621
0.000615
0.000609
0.000604
0.000600
0.000595
0.000592
0.000590
0.000592
0.000597
0.000605
0.000613
0.000619
0.000621
0.000618
0.000611
0.000609
0.000616
0.000629
0.000637
0.000633
0.000619
0.000604
0.000590
0.000577
0.000565
0.000559
0.000559
0.000562
0.000566
0.000566
0.000564
0.000564
0.000571
0.000583
0.000592
0.000591
0.000584
0.000580
0.000584
0.000591
0.000592
0.000585
0.000577
0.000577
0.000585
0.000593
0.000597
0.000601
0.000609
0.000619
0.000627
0.000631
0.000635
0.000639
0.000636
0.000622
0.000605
0.000594
0.000595
0.000601
0.000607
0.000609
0.000608
0.000603
0.000598
0.000597
0.000602
0.000607
0.000613
0.000618
0.000626
0.000632
0.000631
0.000622
0.000610
0.000601
0.000601
0.000606
0.000611
0.000615
0.000624
0.000640
0.000658
0.000669
0.000672
0.000669
0.000666
0.000668
0.000676
0.000691
0.000705
0.000711
0.000709
0.000705
0.000703
0.000700
0.000695
0.000693
0.000696
0.000702
0.000705
0.000704
0.000701
0.000697
0.000688
0.000675
0.000663
0.000657
0.000659
0.000663
0.000663
0.000655
0.000641
0.000627
0.000619
0.000618
0.000622
0.000629
0.000634
0.000635
0.000633
0.000631
0.000632
0.000634
0.000636
0.000634
0.000630
0.000623
0.000613
0.000598
0.000578
0.000559
0.000548
0.000547
0.000551
0.000553
0.000555
0.000563
0.000579
0.000598
0.000615
0.000631
0.000644
0.000654
0.000656
0.000655
0.000656
0.000661
0.000666
0.000663
0.000655
0.000649
0.000649
0.000652
0.000647
0.000631
0.000611
0.000597
0.000594
0.000599
0.000605
0.000607
0.000604
0.000598
0.000594
0.000592
0.000590
0.000583
0.000577
0.000581
0.000596
0.000615
0.000632
0.000646
0.000663
0.000679
0.000691
0.000697
0.000696
0.000689
0.000675
0.000660
0.000651
0.000648
0.000648
0.000651
0.000654
0.000657
0.000657
0.000654
0.000650
0.000645
0.000639
0.000631
0.000623
0.000614
0.000605
0.000598
0.000597
0.000603
0.000608
0.000610
0.000609
0.000610
0.000613
0.000623
0.000638
0.000656
0.000667
0.000667
0.000657
0.000643
0.000629
0.000615
0.000599
0.000580
0.000560
0.000545
0.000541
0.000549
0.000562
0.000574
0.000587
0.000603
0.000619
0.000633
0.000648
0.000662
0.000672
0.000670
0.000659
0.000645
0.000636
0.000632
0.000629
0.000624
0.000617
0.000609
0.000605
0.000604
0.000601
0.000594
0.000585
0.000578
0.000572
0.000566
0.000561
0.000562
0.000568
0.000578
0.000593
0.000613
0.000634
0.000651
0.000661
0.000663
0.000660
0.000655
0.000658
0.000670
0.000682
0.000684
0.000673
0.000662
0.000660
0.000662
0.000656
0.000639
0.000615
0.000594
0.000581
0.000572
0.000562
0.000548
0.000538
0.000539
0.000548
0.000555
0.000556
0.000554
0.000555
0.000556
0.000557
0.000564
0.000580
0.000597
0.000605
0.000608
0.000612
0.000622
0.000631
0.000634
0.000632
0.000629
0.000624
0.000621
0.000621
0.000626
0.000631
0.000634
0.000635
0.000635
0.000630
0.000620
0.000609
0.000606
0.000613
0.000624
0.000635
0.000647
0.000661
0.000674
0.000678
0.000666
0.000645
0.000630
0.000628
0.000638
0.000646
0.000641
0.000622
0.000595
0.000573
0.000564
0.000567
0.000573
0.000578
0.000581
0.000585
0.000590
0.000590
0.000584
0.000574
0.000565
0.000557
0.000549
0.000541
0.000535
0.000534
0.000541
0.000549
0.000554
0.000555
0.000559
0.000573
0.000592
0.000608
0.000616
0.000621
0.000627
0.000631
0.000626
0.000617
0.000610
0.000614
0.000624
0.000633
0.000634
0.000629
0.000624
0.000621
0.000615
0.000606
0.000602
0.000608
0.000623
0.000635
0.000637
0.000634
0.000631
0.000629
0.000624
0.000615
0.000606
0.000599
0.000592
0.000586
0.000583
0.000585
0.000592
0.000600
0.000606
0.000605
0.000593
0.000575
0.000569
0.000583
0.000615
0.000648
0.000673
0.000687
0.000692
0.000686
0.000671
0.000653
0.000642
0.000643
0.000651
0.000656
0.000656
0.000656
0.000660
0.000663
0.000659
0.000648
0.000636
0.000628
0.000622
0.000618
0.000620
0.000624
0.000626
0.000623
0.000617
0.000611
0.000599
0.000579
0.000559
0.000551
0.000559
0.000575
0.000585
0.000584
0.000574
0.000560
0.000550
0.000549
0.000553
0.000558
0.000562
0.000570
0.000586
0.000608
0.000634
0.000661
0.000687
0.000708
0.000720
0.000723
0.000721
0.000718
0.000717
0.000717
0.000717
0.000716
0.000714
0.000709
0.000698
0.000681
0.000663
0.000652
0.000648
0.000647
0.000647
0.000647
0.000642
0.000628
0.000608
0.000588
0.000573
0.000564
0.000562
0.000569
0.000582
0.000591
0.000589
0.000579
0.000568
0.000555
0.000537
0.000522
0.000518
0.000531
0.000555
0.000582
0.000607
0.000629
0.000645
0.000657
0.000664
0.000669
0.000675
0.000679
0.000677
0.000661
0.000632
0.000603
0.000584
0.000577
0.000577
0.000581
0.000588
0.000597
0.000604
0.000611
0.000621
0.000632
0.000640
0.000645
0.000650
0.000656
0.000659
0.000657
0.000655
0.000654
0.000653
0.000644
0.000631
0.000617
0.000607
0.000602
0.000602
0.000607
0.000611
0.000613
0.000616
0.000623
0.000630
0.000629
0.000621
0.000613
0.000608
0.000605
0.000598
0.000588
0.000580
0.000575
0.000570
0.000560
0.000544
0.000530
0.000525
0.000531
0.000538
0.000540
0.000538
0.000538
0.000546
0.000559
0.000572
0.000582
0.000590
0.000595
0.000599
0.000605
0.000610
0.000607
0.000596
0.000582
0.000574
0.000573
0.000574
0.000575
0.000576
0.000579
0.000582
0.000585
0.000591
0.000598
0.000601
0.000600
0.000598
0.000602
0.000610
0.000615
0.000615
0.000612
0.000610
0.000612
0.000618
0.000625
0.000632
0.000635
0.000637
0.000638
0.000640
0.000639
0.000634
0.000628
0.000625
0.000628
0.000635
0.000643
0.000647
0.000646
0.000643
0.000641
0.000644
0.000647
0.000647
0.000643
0.000640
0.000641
0.000645
0.000642
0.000627
0.000602
0.000578
0.000562
0.000554
0.000550
0.000546
0.000546
0.000551
0.000560
0.000565
0.000566
0.000564
0.000562
0.000561
0.000559
0.000560
0.000563
0.000566
0.000568
0.000569
0.000570
0.000569
0.000564
0.000560
0.000558
0.000560
0.000561
0.000559
0.000562
0.000577
0.000603
0.000633
0.000654
0.000661
0.000658
0.000655
0.000656
0.000662
0.000667
0.000669
0.000665
0.000661
0.000656
0.000653
0.000650
0.000649
0.000653
0.000663
0.000674
0.000678
0.000672
0.000662
0.000653
0.000644
0.000634
0.000621
0.000612
0.000606
0.000601
0.000597
0.000596
0.000601
0.000609
0.000618
0.000627
0.000637
0.000645
0.000649
0.000647
0.000642
0.000636
0.000632
0.000630
0.000628
0.000622
0.000608
0.000590
0.000575
0.000566
0.000561
0.000564
0.000574
0.000588
0.000600
0.000606
0.000607
0.000606
0.000604
0.000600
0.000596
0.000595
0.000597
0.000603
0.000608
0.000610
0.000606
0.000604
0.000607
0.000617
0.000628
0.000637
0.000645
0.000647
0.000638
0.000620
0.000603
0.000594
0.000589
0.000582
0.000574
0.000575
0.000588
0.000606
0.000623
0.000637
0.000651
0.000664
0.000677
0.000688
0.000695
0.000697
0.000698
0.000700
0.000699
0.000692
0.000678
0.000661
0.000649
0.000641
0.000636
0.000634
0.000634
0.000635
0.000632
0.000628
0.000628
0.000634
0.000640
0.000637
0.000622
0.000600
0.000579
0.000567
0.000563
0.000567
0.000578
0.000597
0.000622
0.000643
0.000653
0.000652
0.000649
0.000649
0.000654
0.000661
0.000672
0.000687
0.000699
0.000702
0.000698
0.000692
0.000690
0.000688
0.000680
0.000670
0.000663
0.000661
0.000660
0.000655
0.000642
0.000629
0.000628
0.000640
0.000655
0.000658
0.000647
0.000635
0.000631
0.000631
0.000624
0.000608
0.000592
0.000583
0.000581
0.000582
0.000587
0.000596
0.000607
0.000614
0.000618
0.000621
0.000626
0.000633
0.000639
0.000642
0.000638
0.000630
0.000622
0.000621
0.000624
0.000626
0.000623
0.000613
0.000603
0.000598
0.000600
0.000607
0.000615
0.000619
0.000623
0.000631
0.000644
0.000657
0.000664
0.000663
0.000658
0.000652
0.000645
0.000641
0.000639
0.000639
0.000639
0.000638
0.000635
0.000633
0.000631
0.000634
0.000640
0.000648
0.000657
0.000661
0.000658
0.000648
0.000635
0.000627
0.000625
0.000626
0.000624
0.000619
0.000614
0.000609
0.000603
0.000593
0.000581
0.000570
0.000563
0.000562
0.000568
0.000578
0.000585
0.000588
0.000594
0.000605
0.000618
0.000625
0.000625
0.000621
0.000616
0.000613
0.000609
0.000604
0.000597
0.000589
0.000586
0.000594
0.000608
0.000617
0.000618
0.000618
0.000626
0.000639
0.000648
0.000647
0.000638
0.000628
0.000623
0.000623
0.000625
0.000625
0.000619
0.000605
0.000588
0.000577
0.000578
0.000591
0.000605
0.000612
0.000611
0.000610
0.000615
0.000622
0.000624
0.000624
0.000628
0.000638
0.000650
0.000659
0.000664
0.000666
0.000664
0.000659
0.000654
0.000652
0.000652
0.000652
0.000654
0.000659
0.000665
0.000664
0.000649
0.000623
0.000598
0.000584
0.000584
0.000596
0.000611
0.000624
0.000634
0.000641
0.000645
0.000644
0.000636
0.000622
0.000605
0.000591
0.000585
0.000586
0.000591
0.000597
0.000604
0.000608
0.000611
0.000613
0.000622
0.000638
0.000654
0.000660
0.000653
0.000641
0.000633
0.000632
0.000637
0.000644
0.000651
0.000653
0.000647
0.000636
0.000625
0.000617
0.000613
0.000609
0.000603
0.000591
0.000575
0.000557
0.000539
0.000523
0.000511
0.000506
0.000511
0.000527
0.000549
0.000571
0.000589
0.000605
0.000620
0.000632
0.000639
0.000639
0.000636
0.000634
0.000637
0.000643
0.000646
0.000643
0.000636
0.000630
0.000630
0.000635
0.000639
0.000641
0.000638
0.000633
0.000631
0.000633
0.000637
0.000638
0.000631
0.000622
0.000620
0.000634
0.000659
0.000680
0.000688
0.000681
0.000666
0.000652
0.000643
0.000641
0.000644
0.000647
0.000648
0.000645
0.000643
0.000647
0.000653
0.000659
0.000661
0.000660
0.000657
0.000653
0.000649
0.000645
0.000639
0.000629
0.000614
0.000602
0.000598
0.000604
0.000616
0.000628
0.000638
0.000641
0.000637
0.000628
0.000623
0.000623
0.000622
0.000612
0.000599
0.000594
0.000601
0.000613
0.000621
0.000627
0.000633
0.000640
0.000647
0.000652
0.000656
0.000659
0.000659
0.000657
0.000657
0.000658
0.000659
0.000656
0.000655
0.000658
0.000663
0.000664
0.000663
0.000665
0.000677
0.000694
0.000705
0.000707
0.000705
0.000705
0.000707
0.000706
0.000699
0.000692
0.000690
0.000692
0.000697
0.000704
0.000713
0.000717
0.000714
0.000705
0.000697
0.000693
0.000692
0.000689
0.000681
0.000668
0.000651
0.000636
0.000626
0.000621
0.000621
0.000627
0.000638
0.000651
0.000658
0.000653
0.000641
0.000628
0.000617
0.000607
0.000601
0.000600
0.000604
0.000607
0.000608
0.000609
0.000615
0.000621
0.000619
0.000609
0.000594
0.000581
0.000577
0.000579
0.000584
0.000584
0.000576
0.000564
0.000556
0.000558
0.000568
0.000582
0.000599
0.000616
0.000626
0.000625
0.000612
0.000596
0.000588
0.000589
0.000592
0.000592
0.000589
0.000586
0.000583
0.000575
0.000566
0.000564
0.000572
0.000585
0.000595
0.000597
0.000594
0.000588
0.000584
0.000588
0.000602
0.000622
0.000641
0.000656
0.000666
0.000671
0.000670
0.000664
0.000661
0.000664
0.000671
0.000675
0.000671
0.000663
0.000654
0.000645
0.000635
0.000625
0.000614
0.000604
0.000595
0.000586
0.000579
0.000578
0.000584
0.000598
0.000612
0.000622
0.000631
0.000640
0.000650
0.000657
0.000660
0.000659
0.000652
0.000639
0.000624
0.000614
0.000613
0.000622
0.000641
0.000665
0.000686
0.000695
0.000690
0.000679
0.000668
0.000662
0.000663
0.000670
0.000680
0.000689
0.000692
0.000688
0.000678
0.000662
0.000644
0.000628
0.000620
0.000620
0.000625
0.000632
0.000639
0.000641
0.000637
0.000632
0.000627
0.000626
0.000628
0.000634
0.000643
0.000648
0.000645
0.000636
0.000631
0.000635
0.000643
0.000649
0.000649
0.000643
0.000634
0.000625
0.000619
0.000616
0.000614
0.000611
0.000610
0.000611
0.000614
0.000613
0.000611
0.000608
0.000606
0.000601
0.000594
0.000587
0.000579
0.000574
0.000575
0.000585
0.000598
0.000605
0.000600
0.000588
0.000578
0.000575
0.000576
0.000576
0.000570
0.000561
0.000551
0.000545
0.000547
0.000560
0.000582
0.000607
0.000627
0.000637
0.000642
0.000647
0.000651
0.000650
0.000648
0.000649
0.000656
0.000660
0.000656
0.000648
0.000642
0.000636
0.000629
0.000620
0.000615
0.000616
0.000623
0.000633
0.000646
0.000656
0.000659
0.000652
0.000639
0.000626
0.000616
0.000611
0.000612
0.000617
0.000624
0.000633
0.000646
0.000659
0.000669
0.000675
0.000679
0.000681
0.000679
0.000673
0.000665
0.000659
0.000651
0.000638
0.000623
0.000611
0.000608
0.000609
0.000611
0.000613
0.000613
0.000611
0.000607
0.000604
0.000603
0.000604
0.000607
0.000617
0.000632
0.000646
0.000655
0.000659
0.000661
0.000658
0.000647
0.000629
0.000610
0.000598
0.000598
0.000608
0.000627
0.000648
0.000663
0.000667
0.000666
0.000667
0.000675
0.000685
0.000690
0.000687
0.000682
0.000682
0.000688
0.000694
0.000695
0.000691
0.000687
0.000681
0.000675
0.000671
0.000672
0.000676
0.000673
0.000659
0.000642
0.000636
0.000645
0.000660
0.000670
0.000673
0.000670
0.000665
0.000662
0.000661
0.000662
0.000659
0.000653
0.000641
0.000625
0.000605
0.000585
0.000573
0.000572
0.000580
0.000590
0.000597
0.000603
0.000608
0.000610
0.000611
0.000616
0.000628
0.000645
0.000658
0.000664
0.000668
0.000675
0.000684
0.000691
0.000693
0.000693
0.000691
0.000685
0.000674
0.000664
0.000664
0.000671
0.000680
0.000687
0.000691
0.000695
0.000696
0.000692
0.000688
0.000687
0.000688
0.000686
0.000677
0.000669
0.000668
0.000673
0.000673
0.000662
0.000642
0.000622
0.000614
0.000620
0.000633
0.000645
0.000652
0.000660
0.000668
0.000671
0.000664
0.000646
0.000626
0.000613
0.000609
0.000613
0.000624
0.000635
0.000644
0.000652
0.000662
0.000672
0.000674
0.000666
0.000656
0.000652
0.000654
0.000655
0.000653
0.000655
0.000663
0.000675
0.000688
0.000700
0.000710
0.000712
0.000705
0.000693
0.000681
0.000671
0.000664
0.000657
0.000651
0.000646
0.000643
0.000646
0.000653
0.000658
0.000655
0.000647
0.000641
0.000640
0.000643
0.000645
0.000644
0.000636
0.000619
0.000600
0.000591
0.000598
0.000614
0.000628
0.000631
0.000627
0.000619
0.000611
0.000602
0.000591
0.000583
0.000576
0.000569
0.000561
0.000559
0.000569
0.000586
0.000603
0.000614
0.000621
0.000628
0.000634
0.000638
0.000642
0.000645
0.000650
0.000652
0.000654
0.000655
0.000652
0.000642
0.000628
0.000616
0.000611
0.000609
0.000608
0.000610
0.000620
0.000635
0.000645
0.000645
0.000641
0.000641
0.000644
0.000646
0.000642
0.000636
0.000630
0.000627
0.000625
0.000627
0.000633
0.000635
0.000625
0.000605
0.000586
0.000579
0.000581
0.000583
0.000580
0.000579
0.000580
0.000582
0.000580
0.000575
0.000576
0.000584
0.000598
0.000614
0.000630
0.000645
0.000655
0.000659
0.000661
0.000662
0.000660
0.000654
0.000645
0.000641
0.000650
0.000666
0.000677
0.000674
0.000658
0.000638
0.000617
0.000599
0.000588
0.000584
0.000585
0.000583
0.000576
0.000567
0.000564
0.000564
0.000563
0.000559
0.000559
0.000567
0.000581
0.000591
0.000594
0.000590
0.000585
0.000580
0.000576
0.000571
0.000566
0.000563
0.000563
0.000563
0.000563
0.000559
0.000553
0.000549
0.000553
0.000567
0.000589
0.000612
0.000631
0.000641
0.000637
0.000622
0.000604
0.000598
0.000604
0.000616
0.000629
0.000640
0.000654
0.000665
0.000671
0.000669
0.000665
0.000660
0.000654
0.000646
0.000636
0.000624
0.000609
0.000593
0.000583
0.000580
0.000583
0.000588
0.000597
0.000610
0.000627
0.000648
0.000667
0.000679
0.000683
0.000677
0.000667
0.000654
0.000642
0.000630
0.000620
0.000613
0.000607
0.000601
0.000599
0.000604
0.000616
0.000628
0.000638
0.000648
0.000660
0.000670
0.000672
0.000663
0.000648
0.000636
0.000629
0.000622
0.000610
0.000595
0.000583
0.000578
0.000579
0.000581
0.000584
0.000590
0.000599
0.000611
0.000624
0.000632
0.000630
0.000622
0.000617
0.000618
0.000621
0.000616
0.000601
0.000581
0.000563
0.000550
0.000542
0.000538
0.000538
0.000542
0.000550
0.000558
0.000565
0.000573
0.000578
0.000578
0.000574
0.000568
0.000569
0.000579
0.000596
0.000615
0.000635
0.000651
0.000656
0.000648
0.000633
0.000617
0.000606
0.000599
0.000597
0.000599
0.000603
0.000609
0.000618
0.000629
0.000634
0.000629
0.000619
0.000611
0.000604
0.000594
0.000583
0.000581
0.000593
0.000613
0.000628
0.000633
0.000632
0.000632
0.000638
0.000647
0.000654
0.000656
0.000658
0.000664
0.000676
0.000686
0.000689
0.000687
0.000683
0.000681
0.000683
0.000688
0.000690
0.000680
0.000655
0.000621
0.000594
0.000585
0.000595
0.000616
0.000634
0.000640
0.000633
0.000618
0.000603
0.000589
0.000577
0.000565
0.000553
0.000538
0.000522
0.000510
0.000513
0.000530
0.000556
0.000578
0.000592
0.000601
0.000606
0.000611
0.000619
0.000629
0.000641
0.000653
0.000663
0.000668
0.000670
0.000673
0.000681
0.000694
0.000705
0.000712
0.000713
0.000713
0.000717
0.000728
0.000742
0.000753
0.000755
0.000748
0.000739
0.000733
0.000730
0.000729
0.000728
0.000727
0.000723
0.000710
0.000691
0.000672
0.000655
0.000638
0.000623
0.000615
0.000618
0.000628
0.000640
0.000650
0.000657
0.000659
0.000651
0.000637
0.000625
0.000621
0.000621
0.000622
0.000622
0.000623
0.000626
0.000627
0.000625
0.000618
0.000610
0.000603
0.000601
0.000605
0.000611
0.000613
0.000613
0.000617
0.000625
0.000639
0.000657
0.000675
0.000687
0.000686
0.000678
0.000670
0.000670
0.000673
0.000676
0.000679
0.000682
0.000680
0.000669
0.000655
0.000640
0.000624
0.000606
0.000590
0.000584
0.000584
0.000583
0.000582
0.000585
0.000589
0.000588
0.000577
0.000564
0.000552
0.000542
0.000536
0.000543
0.000566
0.000592
0.000608
0.000607
0.000596
0.000581
0.000569
0.000564
0.000566
0.000571
0.000574
0.000577
0.000584
0.000591
0.000591
0.000585
0.000581
0.000580
0.000579
0.000578
0.000583
0.000596
0.000612
0.000623
0.000628
0.000629
0.000628
0.000626
0.000624
0.000623
0.000621
0.000617
0.000619
0.000629
0.000643
0.000649
0.000647
0.000642
0.000638
0.000636
0.000636
0.000636
0.000635
0.000633
0.000633
0.000638
0.000648
0.000659
0.000668
0.000674
0.000676
0.000670
0.000661
0.000655
0.000655
0.000654
0.000646
0.000630
0.000612
0.000598
0.000591
0.000591
0.000595
0.000598
0.000596
0.000589
0.000583
0.000580
0.000580
0.000581
0.000579
0.000576
0.000574
0.000577
0.000583
0.000588
0.000595
0.000604
0.000614
0.000620
0.000619
0.000616
0.000611
0.000602
0.000590
0.000576
0.000569
0.000570
0.000576
0.000579
0.000580
0.000579
0.000581
0.000588
0.000595
0.000598
0.000593
0.000587
0.000584
0.000586
0.000586
0.000585
0.000588
0.000598
0.000611
0.000620
0.000626
0.000628
0.000630
0.000630
0.000627
0.000618
0.000603
0.000586
0.000574
0.000572
0.000577
0.000585
0.000595
0.000600
0.000598
0.000589
0.000581
0.000583
0.000598
0.000621
0.000645
0.000666
0.000676
0.000671
0.000652
0.000626
0.000601
0.000578
0.000557
0.000540
0.000531
0.000534
0.000548
0.000568
0.000586
0.000597
0.000601
0.000599
0.000592
0.000583
0.000575
0.000576
0.000587
0.000602
0.000615
0.000621
0.000619
0.000614
0.000608
0.000603
0.000602
0.000602
0.000603
0.000606
0.000616
0.000632
0.000651
0.000668
0.000681
0.000690
0.000698
0.000704
0.000704
0.000695
0.000676
0.000653
0.000632
0.000620
0.000618
0.000624
0.000631
0.000631
0.000621
0.000609
0.000606
0.000612
0.000617
0.000616
0.000608
0.000598
0.000594
0.000598
0.000608
0.000618
0.000622
0.000620
0.000618
0.000620
0.000624
0.000628
0.000634
0.000643
0.000655
0.000668
0.000679
0.000685
0.000684
0.000676
0.000664
0.000649
0.000631
0.000608
0.000583
0.000563
0.000557
0.000564
0.000577
0.000587
0.000591
0.000596
0.000610
0.000627
0.000640
0.000644
0.000647
0.000653
0.000658
0.000656
0.000649
0.000641
0.000632
0.000620
0.000608
0.000601
0.000600
0.000606
0.000617
0.000629
0.000641
0.000648
0.000654
0.000660
0.000664
0.000663
0.000659
0.000660
0.000664
0.000667
0.000664
0.000660
0.000660
0.000658
0.000651
0.000642
0.000635
0.000633
0.000629
0.000621
0.000613
0.000607
0.000606
0.000608
0.000610
0.000610
0.000608
0.000611
0.000619
0.000628
0.000631
0.000629
0.000629
0.000633
0.000636
0.000635
0.000631
0.000626
0.000620
0.000614
0.000614
0.000620
0.000630
0.000641
0.000655
0.000669
0.000679
0.000680
0.000672
0.000661
0.000648
0.000631
0.000614
0.000605
0.000604
0.000606
0.000605
0.000606
0.000610
0.000614
0.000612
0.000605
0.000596
0.000585
0.000574
0.000568
0.000571
0.000578
0.000579
0.000570
0.000560
0.000557
0.000561
0.000567
0.000575
0.000588
0.000605
0.000616
0.000615
0.000604
0.000598
0.000602
0.000614
0.000623
0.000625
0.000621
0.000617
0.000618
0.000624
0.000632
0.000634
0.000625
0.000613
0.000608
0.000614
0.000624
0.000632
0.000637
0.000639
0.000634
0.000623
0.000614
0.000619
0.000639
0.000663
0.000681
0.000694
0.000704
0.000713
0.000720
0.000720
0.000709
0.000688
0.000664
0.000643
0.000630
0.000623
0.000621
0.000621
0.000621
0.000620
0.000617
0.000615
0.000616
0.000620
0.000624
0.000627
0.000628
0.000625
0.000618
0.000613
0.000615
0.000627
0.000646
0.000663
0.000666
0.000649
0.000616
0.000583
0.000562
0.000554
0.000554
0.000561
0.000576
0.000596
0.000612
0.000624
0.000638
0.000654
0.000665
0.000664
0.000656
0.000651
0.000655
0.000662
0.000668
0.000667
0.000657
0.000641
0.000625
0.000615
0.000613
0.000612
0.000610
0.000607
0.000604
0.000603
0.000602
0.000599
0.000596
0.000594
0.000592
0.000588
0.000583
0.000579
0.000578
0.000579
0.000580
0.000582
0.000588
0.000597
0.000603
0.000602
0.000598
0.000600
0.000613
0.000630
0.000645
0.000650
0.000646
0.000638
0.000625
0.000609
0.000593
0.000586
0.000591
0.000602
0.000613
0.000618
0.000619
0.000611
0.000597
0.000581
0.000575
0.000582
0.000596
0.000608
0.000612
0.000614
0.000618
0.000625
0.000631
0.000630
0.000622
0.000611
0.000599
0.000587
0.000573
0.000562
0.000563
0.000579
0.000601
0.000621
0.000633
0.000639
0.000639
0.000639
0.000646
0.000661
0.000675
0.000679
0.000672
0.000664
0.000659
0.000650
0.000633
0.000615
0.000602
0.000595
0.000590
0.000587
0.000588
0.000587
0.000582
0.000576
0.000577
0.000586
0.000598
0.000608
0.000616
0.000623
0.000628
0.000632
0.000635
0.000637
0.000633
0.000621
0.000610
0.000609
0.000620
0.000635
0.000643
0.000639
0.000626
0.000610
0.000597
0.000591
0.000590
0.000588
0.000587
0.000588
0.000593
0.000601
0.000609
0.000616
0.000627
0.000639
0.000650
0.000653
0.000649
0.000643
0.000638
0.000630
0.000620
0.000613
0.000613
0.000622
0.000635
0.000649
0.000664
0.000680
0.000693
0.000700
0.000700
0.000700
0.000699
0.000693
0.000680
0.000661
0.000644
0.000631
0.000624
0.000623
0.000630
0.000644
0.000660
0.000671
0.000672
0.000663
0.000647
0.000631
0.000625
0.000624
0.000619
0.000607
0.000600
0.000610
0.000636
0.000665
0.000688
0.000706
0.000718
0.000714
0.000692
0.000661
0.000639
0.000632
0.000637
0.000643
0.000647
0.000650
0.000653
0.000654
0.000651
0.000647
0.000644
0.000644
0.000645
0.000645
0.000638
0.000628
0.000620
0.000618
0.000621
0.000626
0.000632
0.000639
0.000646
0.000653
0.000658
0.000660
0.000657
0.000654
0.000650
0.000645
0.000638
0.000627
0.000615
0.000607
0.000600
0.000591
0.000577
0.000562
0.000549
0.000545
0.000547
0.000553
0.000565
0.000584
0.000607
0.000620
0.000617
0.000601
0.000587
0.000586
0.000593
0.000601
0.000609
0.000615
0.000621
0.000627
0.000632
0.000637
0.000638
0.000632
0.000621
0.000612
0.000607
0.000606
0.000608
0.000613
0.000618
0.000620
0.000620
0.000619
0.000618
0.000613
0.000603
0.000591
0.000582
0.000576
0.000576
0.000581
0.000591
0.000600
0.000607
0.000612
0.000622
0.000634
0.000643
0.000645
0.000644
0.000646
0.000652
0.000659
0.000667
0.000675
0.000681
0.000679
0.000664
0.000644
0.000626
0.000615
0.000609
0.000602
0.000598
0.000598
0.000603
0.000613
0.000627
0.000641
0.000650
0.000649
0.000643
0.000640
0.000645
0.000654
0.000658
0.000656
0.000647
0.000633
0.000618
0.000607
0.000606
0.000616
0.000629
0.000639
0.000644
0.000647
0.000648
0.000646
0.000637
0.000623
0.000611
0.000607
0.000609
0.000613
0.000613
0.000611
0.000612
0.000621
0.000635
0.000650
0.000660
0.000659
0.000646
0.000628
0.000614
0.000612
0.000620
0.000632
0.000642
0.000651
0.000659
0.000664
0.000665
0.000661
0.000654
0.000647
0.000639
0.000632
0.000625
0.000621
0.000622
0.000631
0.000640
0.000642
0.000630
0.000608
0.000591
0.000588
0.000599
0.000615
0.000621
0.000611
0.000588
0.000567
0.000561
0.000576
0.000603
0.000631
0.000652
0.000662
0.000659
0.000652
0.000651
0.000663
0.000681
0.000694
0.000694
0.000687
0.000676
0.000662
0.000646
0.000631
0.000623
0.000622
0.000625
0.000629
0.000636
0.000643
0.000645
0.000640
0.000630
0.000618
0.000607
0.000595
0.000585
0.000582
0.000589
0.000603
0.000615
0.000619
0.000613
0.000603
0.000593
0.000587
0.000587
0.000593
0.000603
0.000609
0.000608
0.000602
0.000601
0.000610
0.000628
0.000649
0.000669
0.000684
0.000692
0.000693
0.000694
0.000702
0.000719
0.000742
0.000762
0.000770
0.000770
0.000772
0.000787
0.000814
0.000846
0.000874
0.000903
0.000936
0.000979
0.001040
0.001126
0.001243
0.001391
0.001569
0.001767
0.001960
0.002098
0.002134
0.002055
0.001893
0.001699
0.001508
0.001338
0.001190
0.001068
0.000970
0.000891
0.000828
0.000781
0.000751
0.000735
0.000729
0.000727
0.000725
0.000724
0.000721
0.000715
0.000701
0.000678
0.000656
0.000645
0.000649
0.000660
0.000670
0.000677
0.000682
0.000684
0.000675
0.000655
0.000630
0.000610
0.000601
0.000602
0.000611
0.000622
0.000631
0.000633
0.000630
0.000623
0.000613
0.000602
0.000594
0.000592
0.000595
0.000597
0.000598
0.000597
0.000599
0.000605
0.000618
0.000635
0.000652
0.000662
0.000663
0.000661
0.000660
0.000663
0.000666
0.000667
0.000665
0.000661
0.000662
0.000669
0.000678
0.000678
0.000665
0.000642
0.000617
0.000597
0.000588
0.000592
0.000604
0.000616
0.000622
0.000629
0.000640
0.000651
0.000654
0.000646
0.000635
0.000626
0.000621
0.000616
0.000612
0.000610
0.000610
0.000612
0.000616
0.000621
0.000627
0.000633
0.000641
0.000646
0.000646
0.000643
0.000644
0.000647
0.000648
0.000647
0.000649
0.000656
0.000660
0.000654
0.000642
0.000637
0.000643
0.000652
0.000659
0.000665
0.000669
0.000671
0.000672
0.000670
0.000662
0.000649
0.000636
0.000630
0.000630
0.000629
0.000623
0.000617
0.000620
0.000631
0.000642
0.000646
0.000647
0.000648
0.000654
0.000661
0.000669
0.000678
0.000688
0.000697
0.000702
0.000700
0.000691
0.000676
0.000660
0.000644
0.000633
0.000628
0.000628
0.000632
0.000639
0.000649
0.000662
0.000671
0.000673
0.000671
0.000663
0.000652
0.000637
0.000628
0.000630
0.000641
0.000652
0.000659
0.000660
0.000656
0.000648
0.000638
0.000631
0.000629
0.000626
0.000622
0.000620
0.000626
0.000637
0.000648
0.000655
0.000661
0.000669
0.000679
0.000687
0.000693
0.000693
0.000684
0.000671
0.000659
0.000651
0.000644
0.000637
0.000636
0.000642
0.000648
0.000649
0.000647
0.000652
0.000665
0.000675
0.000670
0.000654
0.000641
0.000642
0.000657
0.000674
0.000682
0.000680
0.000674
0.000673
0.000681
0.000694
0.000706
0.000712
0.000712
0.000708
0.000698
0.000688
0.000685
0.000693
0.000709
0.000720
0.000720
0.000712
0.000699
0.000686
0.000675
0.000673
0.000684
0.000701
0.000711
0.000705
0.000688
0.000670
0.000659
0.000653
0.000649
0.000641
0.000627
0.000614
0.000607
0.000609
0.000619
0.000632
0.000647
0.000659
0.000665
0.000665
0.000665
0.000668
0.000673
0.000674
0.000672
0.000671
0.000671
0.000666
0.000653
0.000639
0.000631
0.000632
0.000635
0.000635
0.000628
0.000616
0.000611
0.000619
0.000636
0.000654
0.000665
0.000672
0.000682
0.000694
0.000703
0.000704
0.000697
0.000688
0.000681
0.000680
0.000684
0.000685
0.000677
0.000658
0.000634
0.000612
0.000596
0.000588
0.000588
0.000593
0.000599
0.000604
0.000607
0.000608
0.000609
0.000611
0.000619
0.000635
0.000657
0.000680
0.000701
0.000715
0.000720
0.000714
0.000702
0.000690
0.000686
0.000691
0.000696
0.000694
0.000686
0.000677
0.000669
0.000663
0.000657
0.000656
0.000662
0.000670
0.000672
0.000666
0.000656
0.000646
0.000639
0.000639
0.000649
0.000670
0.000691
0.000706
0.000711
0.000711
0.000709
0.000706
0.000700
0.000693
0.000685
0.000679
0.000676
0.000672
0.000666
0.000661
0.000658
0.000657
0.000654
0.000647
0.000641
0.000638
0.000636
0.000636
0.000643
0.000656
0.000666
0.000670
0.000673
0.000681
0.000691
0.000696
0.000694
0.000692
0.000692
0.000691
0.000688
0.000683
0.000676
0.000670
0.000664
0.000657
0.000646
0.000633
0.000627
0.000633
0.000640
0.000637
0.000627
0.000623
0.000631
0.000646
0.000657
0.000661
0.000659
0.000654
0.000651
0.000657
0.000667
0.000671
0.000666
0.000657
0.000653
0.000655
0.000659
0.000659
0.000658
0.000655
0.000648
0.000641
0.000635
0.000629
0.000625
0.000623
0.000625
0.000626
0.000623
0.000620
0.000626
0.000640
0.000659
0.000680
0.000697
0.000710
0.000717
0.000725
0.000737
0.000748
0.000753
0.000752
0.000750
0.000753
0.000760
0.000764
0.000759
0.000739
0.000706
0.000676
0.000661
0.000660
0.000660
0.000653
0.000640
0.000631
0.000627
0.000628
0.000633
0.000641
0.000652
0.000664
0.000677
0.000686
0.000686
0.000678
0.000668
0.000659
0.000649
0.000639
0.000632
0.000631
0.000631
0.000631
0.000634
0.000644
0.000656
0.000664
0.000669
0.000674
0.000680
0.000684
0.000690
0.000703
0.000717
0.000720
0.000708
0.000691
0.000680
0.000676
0.000673
0.000669
0.000667
0.000666
0.000665
0.000665
0.000668
0.000676
0.000687
0.000697
0.000705
0.000711
0.000718
0.000727
0.000737
0.000744
0.000750
0.000753
0.000756
0.000754
0.000746
0.000733
0.000717
0.000699
0.000678
0.000657
0.000640
0.000631
0.000632
0.000642
0.000659
0.000682
0.000703
0.000717
0.000720
0.000714
0.000706
0.000703
0.000705
0.000712
0.000719
0.000722
0.000718
0.000705
0.000686
0.000668
0.000657
0.000655
0.000658
0.000661
0.000662
0.000661
0.000659
0.000656
0.000651
0.000644
0.000636
0.000628
0.000622
0.000623
0.000634
0.000650
0.000657
0.000651
0.000641
0.000637
0.000643
0.000656
0.000673
0.000694
0.000712
0.000719
0.000721
0.000727
0.000743
0.000762
0.000773
0.000773
0.000764
0.000748
0.000728
0.000705
0.000685
0.000668
0.000654
0.000644
0.000639
0.000636
0.000636
0.000638
0.000640
0.000639
0.000638
0.000640
0.000646
0.000649
0.000646
0.000643
0.000647
0.000657
0.000665
0.000665
0.000657
0.000645
0.000633
0.000620
0.000606
0.000593
0.000587
0.000591
0.000605
0.000615
0.000617
0.000613
0.000615
0.000622
0.000632
0.000643
0.000661
0.000682
0.000697
0.000701
0.000699
0.000694
0.000683
0.000664
0.000642
0.000625
0.000616
0.000611
0.000607
0.000605
0.000606
0.000612
0.000621
0.000632
0.000644
0.000652
0.000657
0.000662
0.000670
0.000679
0.000683
0.000684
0.000685
0.000687
0.000692
0.000696
0.000698
0.000698
0.000697
0.000700
0.000705
0.000712
0.000716
0.000715
0.000710
0.000704
0.000700
0.000698
0.000697
0.000693
0.000686
0.000679
0.000676
0.000677
0.000677
0.000670
0.000660
0.000658
0.000665
0.000672
0.000671
0.000665
0.000661
0.000664
0.000671
0.000678
0.000685
0.000690
0.000692
0.000689
0.000682
0.000672
0.000664
0.000664
0.000674
0.000690
0.000702
0.000706
0.000706
0.000706
0.000706
0.000699
0.000689
0.000685
0.000693
0.000709
0.000724
0.000732
0.000734
0.000735
0.000741
0.000748
0.000750
0.000740
0.000724
0.000709
0.000699
0.000689
0.000677
0.000668
0.000669
0.000677
0.000685
0.000686
0.000682
0.000680
0.000679
0.000678
0.000677
0.000679
0.000682
0.000685
0.000686
0.000690
0.000700
0.000713
0.000723
0.000727
0.000725
0.000721
0.000717
0.000715
0.000718
0.000720
0.000716
0.000705
0.000690
0.000682
0.000685
0.000695
0.000706
0.000714
0.000721
0.000727
0.000734
0.000738
0.000738
0.000736
0.000734
0.000735
0.000737
0.000740
0.000742
0.000745
0.000750
0.000755
0.000762
0.000773
0.000789
0.000808
0.000824
0.000832
0.000832
0.000828
0.000824
0.000823
0.000827
0.000829
0.000823
0.000808
0.000791
0.000785
0.000788
0.000793
0.000792
0.000786
0.000777
0.000762
0.000741
0.000722
0.000709
0.000701
0.000690
0.000678
0.000674
0.000684
0.000703
0.000723
0.000740
0.000750
0.000750
0.000739
0.000724
0.000716
0.000715
0.000714
0.000712
0.000710
0.000715
0.000723
0.000729
0.000732
0.000732
0.000733
0.000736
0.000739
0.000741
0.000743
0.000751
0.000765
0.000779
0.000782
0.000772
0.000755
0.000736
0.000720
0.000710
0.000713
0.000730
0.000756
0.000779
0.000790
0.000785
0.000769
0.000754
0.000745
0.000746
0.000750
0.000749
0.000743
0.000734
0.000727
0.000726
0.000731
0.000738
0.000740
0.000731
0.000717
0.000707
0.000708
0.000715
0.000720
0.000718
0.000714
0.000716
0.000724
0.000735
0.000741
0.000740
0.000733
0.000725
0.000715
0.000703
0.000689
0.000678
0.000677
0.000689
0.000706
0.000715
0.000705
0.000677
0.000647
0.000627
0.000620
0.000622
0.000630
0.000640
0.000648
0.000649
0.000644
0.000640
0.000644
0.000654
0.000662
0.000660
0.000646
0.000626
0.000607
0.000596
0.000599
0.000613
0.000630
0.000644
0.000653
0.000657
0.000655
0.000649
0.000646
0.000651
0.000662
0.000669
0.000670
0.000671
0.000678
0.000687
0.000689
0.000680
0.000667
0.000654
0.000640
0.000624
0.000613
0.000613
0.000618
0.000621
0.000617
0.000614
0.000615
0.000619
0.000625
0.000632
0.000644
0.000656
0.000666
0.000673
0.000677
0.000678
0.000673
0.000666
0.000657
0.000645
0.000632
0.000623
0.000623
0.000628
0.000629
0.000626
0.000627
0.000634
0.000640
0.000641
0.000643
0.000655
0.000678
0.000700
0.000712
0.000713
0.000709
0.000704
0.000697
0.000687
0.000679
0.000676
0.000681
0.000692
0.000702
0.000706
0.000704
0.000701
0.000698
0.000691
0.000680
0.000671
0.000667
0.000668
0.000670
0.000668
0.000662
0.000652
0.000644
0.000639
0.000640
0.000649
0.000663
0.000676
0.000683
0.000681
0.000674
0.000669
0.000669
0.000672
0.000673
0.000671
0.000667
0.000666
0.000669
0.000678
0.000692
0.000707
0.000719
0.000724
0.000726
0.000722
0.000713
0.000702
0.000698
0.000706
0.000721
0.000734
0.000733
0.000719
0.000698
0.000678
0.000667
0.000669
0.000681
0.000696
0.000700
0.000693
0.000683
0.000682
0.000687
0.000691
0.000688
0.000680
0.000673
0.000667
0.000665
0.000667
0.000670
0.000667
0.000659
0.000652
0.000652
0.000655
0.000656
0.000659
0.000670
0.000686
0.000698
0.000698
0.000691
0.000683
0.000677
0.000669
0.000664
0.000664
0.000666
0.000669
0.000672
0.000676
0.000678
0.000672
0.000660
0.000652
0.000653
0.000661
0.000669
0.000669
0.000658
0.000642
0.000628
0.000620
0.000619
0.000618
0.000611
0.000600
0.000592
0.000592
0.000600
0.000613
0.000630
0.000649
0.000664
0.000671
0.000671
0.000673
0.000683
0.000694
0.000698
0.000691
0.000676
0.000656
0.000639
0.000629
0.000627
0.000629
0.000631
0.000634
0.000638
0.000641
0.000643
0.000645
0.000652
0.000665
0.000676
0.000681
0.000681
0.000678
0.000675
0.000671
0.000666
0.000660
0.000653
0.000647
0.000646
0.000647
0.000647
0.000648
0.000660
0.000683
0.000711
0.000731
0.000742
0.000745
0.000747
0.000748
0.000753
0.000763
0.000775
0.000786
0.000788
0.000778
0.000757
0.000728
0.000701
0.000683
0.000672
0.000663
0.000658
0.000661
0.000667
0.000671
0.000671
0.000672
0.000672
0.000665
0.000651
0.000636
0.000627
0.000625
0.000628
0.000639
0.000657
0.000676
0.000692
0.000704
0.000714
0.000722
0.000730
0.000739
0.000750
0.000758
0.000757
0.000746
0.000731
0.000715
0.000699
0.000684
0.000674
0.000671
0.000674
0.000679
0.000684
0.000684
0.000679
0.000667
0.000653
0.000642
0.000640
0.000648
0.000662
0.000676
0.000689
0.000697
0.000699
0.000693
0.000684
0.000679
0.000680
0.000686
0.000694
0.000710
0.000734
0.000753
0.000757
0.000745
0.000730
0.000723
0.000723
0.000724
0.000721
0.000711
0.000695
0.000675
0.000657
0.000643
0.000636
0.000633
0.000634
0.000637
0.000641
0.000644
0.000645
0.000643
0.000639
0.000634
0.000628
0.000624
0.000629
0.000646
0.000669
0.000690
0.000701
0.000705
0.000706
0.000706
0.000704
0.000701
0.000697
0.000690
0.000683
0.000683
0.000694
0.000715
0.000733
0.000740
0.000735
0.000728
0.000724
0.000723
0.000721
0.000717
0.000714
0.000716
0.000721
0.000724
0.000721
0.000714
0.000707
0.000698
0.000690
0.000684
0.000686
0.000693
0.000702
0.000714
0.000728
0.000739
0.000742
0.000736
0.000730
0.000733
0.000742
0.000750
0.000754
0.000755
0.000757
0.000762
0.000767
0.000764
0.000754
0.000746
0.000749
0.000762
0.000774
0.000776
0.000772
0.000773
0.000783
0.000802
0.000822
0.000838
0.000846
0.000845
0.000844
0.000845
0.000850
0.000851
0.000842
0.000828
0.000813
0.000804
0.000802
0.000800
0.000794
0.000785
0.000778
0.000776
0.000775
0.000771
0.000768
0.000765
0.000758
0.000741
0.000718
0.000704
0.000707
0.000723
0.000743
0.000760
0.000771
0.000774
0.000768
0.000756
0.000744
0.000736
0.000733
0.000730
0.000725
0.000721
0.000722
0.000730
0.000740
0.000751
0.000763
0.000775
0.000789
0.000800
0.000806
0.000805
0.000800
0.000796
0.000796
0.000800
0.000808
0.000821
0.000838
0.000855
0.000863
0.000858
0.000846
0.000835
0.000824
0.000809
0.000792
0.000779
0.000772
0.000766
0.000759
0.000755
0.000757
0.000766
0.000777
0.000789
0.000803
0.000817
0.000829
0.000838
0.000842
0.000839
0.000829
0.000815
0.000805
0.000802
0.000803
0.000805
0.000808
0.000813
0.000818
0.000819
0.000814
0.000806
0.000799
0.000793
0.000784
0.000772
0.000765
0.000769
0.000781
0.000792
0.000794
0.000788
0.000780
0.000774
0.000773
0.000775
0.000776
0.000774
0.000773
0.000772
0.000769
0.000763
0.000755
0.000748
0.000748
0.000755
0.000764
0.000770
0.000771
0.000769
0.000768
0.000774
0.000784
0.000791
0.000793
0.000789
0.000782
0.000775
0.000771
0.000775
0.000784
0.000793
0.000801
0.000809
0.000814
0.000813
0.000806
0.000800
0.000797
0.000795
0.000789
0.000783
0.000784
0.000790
0.000799
0.000808
0.000819
0.000828
0.000830
0.000828
0.000828
0.000831
0.000828
0.000815
0.000801
0.000798
0.000809
0.000825
0.000835
0.000832
0.000819
0.000804
0.000792
0.000784
0.000774
0.000765
0.000763
0.000773
0.000791
0.000809
0.000823
0.000830
0.000826
0.000812
0.000797
0.000793
0.000803
0.000818
0.000828
0.000832
0.000830
0.000826
0.000822
0.000821
0.000827
0.000837
0.000846
0.000850
0.000852
0.000854
0.000859
0.000865
0.000869
0.000869
0.000866
0.000862
0.000861
0.000860
0.000857
0.000858
0.000866
0.000883
0.000900
0.000910
0.000912
0.000909
0.000901
0.000887
0.000872
0.000859
0.000853
0.000847
0.000839
0.000829
0.000819
0.000814
0.000814
0.000821
0.000832
0.000841
0.000843
0.000840
0.000837
0.000838
0.000845
0.000855
0.000867
0.000874
0.000873
0.000865
0.000860
0.000859
0.000858
0.000846
0.000824
0.000800
0.000785
0.000782
0.000787
0.000794
0.000799
0.000797
0.000788
0.000778
0.000774
0.000775
0.000773
0.000760
0.000739
0.000718
0.000701
0.000691
0.000691
0.000703
0.000721
0.000736
0.000744
0.000750
0.000763
0.000779
0.000790
0.000792
0.000789
0.000791
0.000798
0.000806
0.000816
0.000826
0.000833
0.000831
0.000820
0.000805
0.000795
0.000787
0.000776
0.000765
0.000760
0.000763
0.000767
0.000768
0.000768
0.000772
0.000776
0.000772
0.000758
0.000742
0.000734
0.000736
0.000744
0.000751
0.000754
0.000752
0.000748
0.000746
0.000748
0.000748
0.000743
0.000735
0.000730
0.000731
0.000739
0.000753
0.000770
0.000783
0.000790
0.000793
0.000797
0.000804
0.000807
0.000800
0.000789
0.000778
0.000771
0.000763
0.000753
0.000742
0.000731
0.000723
0.000719
0.000719
0.000722
0.000727
0.000732
0.000735
0.000732
0.000725
0.000720
0.000720
0.000720
0.000714
0.000702
0.000689
0.000680
0.000677
0.000677
0.000682
0.000691
0.000702
0.000711
0.000714
0.000709
0.000701
0.000695
0.000697
0.000706
0.000712
0.000712
0.000709
0.000707
0.000704
0.000696
0.000680
0.000662
0.000654
0.000657
0.000668
0.000678
0.000679
0.000673
0.000665
0.000663
0.000669
0.000681
0.000693
0.000698
0.000692
0.000677
0.000660
0.000651
0.000653
0.000662
0.000672
0.000676
0.000674
0.000668
0.000664
0.000667
0.000680
0.000700
0.000722
0.000737
0.000741
0.000737
0.000734
0.000736
0.000739
0.000739
0.000735
0.000728
0.000722
0.000711
0.000691
0.000664
0.000638
0.000619
0.000607
0.000602
0.000605
0.000614
0.000626
0.000635
0.000634
0.000627
0.000623
0.000632
0.000653
0.000681
0.000703
0.000715
0.000715
0.000703
0.000681
0.000654
0.000635
0.000628
0.000632
0.000636
0.000637
0.000638
0.000643
0.000650
0.000657
0.000659
0.000656
0.000655
0.000663
0.000679
0.000698
0.000710
0.000715
0.000719
0.000725
0.000728
0.000726
0.000717
0.000705
0.000693
0.000683
0.000675
0.000669
0.000664
0.000663
0.000666
0.000670
0.000669
0.000665
0.000667
0.000678
0.000692
0.000700
0.000706
0.000717
0.000734
0.000749
0.000759
0.000764
0.000766
0.000762
0.000754
0.000745
0.000737
0.000727
0.000714
0.000705
0.000707
0.000721
0.000738
0.000746
0.000741
0.000729
0.000719
0.000720
0.000729
0.000743
0.000759
0.000775
0.000789
0.000794
0.000787
0.000774
0.000761
0.000754
0.000751
0.000746
0.000734
0.000715
0.000696
0.000685
0.000680
0.000677
0.000671
0.000665
0.000667
0.000677
0.000687
0.000693
0.000696
0.000704
0.000717
0.000729
0.000737
0.000745
0.000753
0.000761
0.000766
0.000767
0.000768
0.000765
0.000759
0.000756
0.000764
0.000785
0.000808
0.000820
0.000823
0.000827
0.000837
0.000845
0.000845
0.000835
0.000821
0.000810
0.000806
0.000810
0.000818
0.000823
0.000819
0.000810
0.000800
0.000793
0.000787
0.000777
0.000762
0.000743
0.000726
0.000714
0.000702
0.000688
0.000676
0.000674
0.000681
0.000688
0.000692
0.000699
0.000715
0.000733
0.000745
0.000751
0.000759
0.000774
0.000792
0.000807
0.000819
0.000822
0.000814
0.000796
0.000780
0.000772
0.000775
0.000786
0.000800
0.000815
0.000824
0.000828
0.000835
0.000848
0.000863
0.000869
0.000863
0.000851
0.000838
0.000826
0.000820
0.000823
0.000831
0.000836
0.000831
0.000817
0.000796
0.000773
0.000754
0.000745
0.000749
0.000757
0.000760
0.000755
0.000750
0.000749
0.000754
0.000762
0.000770
0.000771
0.000762
0.000747
0.000730
0.000717
0.000707
0.000699
0.000695
0.000691
0.000681
0.000666
0.000654
0.000651
0.000652
0.000650
0.000646
0.000645
0.000653
0.000660
0.000659
0.000649
0.000640
0.000642
0.000660
0.000686
0.000708
0.000721
0.000729
0.000737
0.000747
0.000757
0.000761
0.000762
0.000761
0.000762
0.000768
0.000779
0.000794
0.000810
0.000821
0.000824
0.000817
0.000804
0.000792
0.000790
0.000796
0.000802
0.000803
0.000802
0.000802
0.000799
0.000790
0.000777
0.000768
0.000767
0.000773
0.000779
0.000783
0.000784
0.000784
0.000779
0.000769
0.000757
0.000750
0.000756
0.000773
0.000792
0.000805
0.000809
0.000807
0.000799
0.000783
0.000759
0.000736
0.000722
0.000716
0.000712
0.000706
0.000700
0.000697
0.000700
0.000707
0.000715
0.000725
0.000738
0.000752
0.000759
0.000758
0.000754
0.000752
0.000750
0.000747
0.000742
0.000739
0.000737
0.000734
0.000734
0.000747
0.000775
0.000809
0.000831
0.000838
0.000835
0.000832
0.000827
0.000816
0.000804
0.000801
0.000814
0.000837
0.000862
0.000880
0.000892
0.000899
0.000907
0.000917
0.000926
0.000929
0.000925
0.000916
0.000904
0.000889
0.000872
0.000861
0.000854
0.000848
0.000836
0.000824
0.000818
0.000818
0.000819
0.000818
0.000818
0.000817
0.000810
0.000798
0.000788
0.000786
0.000785
0.000777
0.000762
0.000750
0.000746
0.000746
0.000742
0.000732
0.000717
0.000702
0.000694
0.000699
0.000718
0.000740
0.000756
0.000760
0.000756
0.000748
0.000737
0.000722
0.000708
0.000703
0.000708
0.000718
0.000723
0.000721
0.000716
0.000712
0.000709
0.000706
0.000707
0.000713
0.000721
0.000729
0.000737
0.000747
0.000761
0.000773
0.000783
0.000795
0.000808
0.000818
0.000825
0.000831
0.000839
0.000845
0.000845
0.000843
0.000846
0.000855
0.000867
0.000882
0.000906
0.000947
0.001007
0.001082
0.001169
0.001265
0.001362
0.001452
0.001527
0.001582
0.001617
0.001634
0.001636
0.001625
0.001600
0.001561
0.001508
0.001446
0.001377
0.001305
0.001234
0.001170
0.001117
0.001076
0.001048
0.001025
0.001004
0.000984
0.000970
0.000960
0.000950
0.000941
0.000934
0.000934
0.000935
0.000928
0.000916
0.000906
0.000904
0.000904
0.000897
0.000883
0.000869
0.000858
0.000845
0.000827
0.000807
0.000790
0.000777
0.000767
0.000761
0.000765
0.000776
0.000788
0.000798
0.000804
0.000806
0.000805
0.000802
0.000800
0.000799
0.000794
0.000786
0.000783
0.000792
0.000808
0.000826
0.000840
0.000849
0.000852
0.000851
0.000849
0.000847
0.000847
0.000852
0.000864
0.000882
0.000902
0.000918
0.000925
0.000924
0.000913
0.000891
0.000863
0.000835
0.000813
0.000799
0.000793
0.000789
0.000784
0.000775
0.000765
0.000756
0.000745
0.000735
0.000730
0.000734
0.000743
0.000750
0.000755
0.000763
0.000774
0.000785
0.000797
0.000807
0.000813
0.000812
0.000808
0.000807
0.000808
0.000807
0.000800
0.000787
0.000770
0.000748
0.000724
0.000705
0.000694
0.000689
0.000683
0.000676
0.000671
0.000671
0.000675
0.000684
0.000694
0.000699
0.000695
0.000685
0.000677
0.000677
0.000681
0.000685
0.000691
0.000705
0.000727
0.000754
0.000778
0.000793
0.000798
0.000797
0.000792
0.000783
0.000772
0.000764
0.000764
0.000770
0.000775
0.000776
0.000775
0.000773
0.000770
0.000769
0.000769
0.000769
0.000762
0.000747
0.000730
0.000721
0.000723
0.000729
0.000730
0.000726
0.000724
0.000734
0.000757
0.000783
0.000797
0.000794
0.000780
0.000767
0.000762
0.000768
0.000777
0.000780
0.000776
0.000770
0.000769
0.000773
0.000777
0.000778
0.000777
0.000775
0.000772
0.000769
0.000767
0.000765
0.000760
0.000751
0.000742
0.000739
0.000742
0.000748
0.000754
0.000755
0.000746
0.000731
0.000717
0.000711
0.000711
0.000714
0.000721
0.000735
0.000754
0.000770
0.000780
0.000785
0.000787
0.000785
0.000775
0.000760
0.000746
0.000736
0.000728
0.000722
0.000718
0.000716
0.000714
0.000710
0.000705
0.000702
0.000700
0.000697
0.000693
0.000688
0.000683
0.000677
0.000671
0.000665
0.000658
0.000651
0.000648
0.000651
0.000657
0.000659
0.000655
0.000653
0.000663
0.000685
0.000709
0.000725
0.000731
0.000727
0.000717
0.000706
0.000698
0.000688
0.000671
0.000649
0.000631
0.000624
0.000627
0.000631
0.000635
0.000641
0.000649
0.000656
0.000658
0.000657
0.000654
0.000653
0.000652
0.000651
0.000651
0.000659
0.000677
0.000703
0.000728
0.000743
0.000741
0.000728
0.000711
0.000693
0.000675
0.000657
0.000638
0.000622
0.000614
0.000616
0.000624
0.000631
0.000632
0.000631
0.000631
0.000631
0.000628
0.000618
0.000606
0.000595
0.000587
0.000582
0.000580
0.000586
0.000602
0.000624
0.000643
0.000655
0.000664
0.000674
0.000683
0.000685
0.000678
0.000670
0.000672
0.000686
0.000704
0.000717
0.000718
0.000712
0.000709
0.000715
0.000731
0.000748
0.000759
0.000761
0.000757
0.000750
0.000743
0.000739
0.000736
0.000730
0.000719
0.000706
0.000695
0.000688
0.000683
0.000676
0.000667
0.000660
0.000655
0.000649
0.000640
0.000635
0.000640
0.000659
0.000686
0.000714
0.000739
0.000761
0.000778
0.000791
0.000801
0.000811
0.000819
0.000819
0.000808
0.000789
0.000770
0.000756
0.000750
0.000748
0.000750
0.000752
0.000751
0.000745
0.000735
0.000727
0.000723
0.000721
0.000721
0.000724
0.000730
0.000736
0.000732
0.000719
0.000707
0.000703
0.000707
0.000711
0.000714
0.000721
0.000733
0.000746
0.000755
0.000757
0.000755
0.000751
0.000749
0.000747
0.000745
0.000738
0.000729
0.000718
0.000711
0.000707
0.000705
0.000703
0.000699
0.000697
0.000701
0.000712
0.000726
0.000736
0.000738
0.000737
0.000737
0.000735
0.000727
0.000710
0.000694
0.000691
0.000703
0.000719
0.000726
0.000720
0.000707
0.000696
0.000687
0.000682
0.000683
0.000691
0.000699
0.000696
0.000681
0.000664
0.000656
0.000658
0.000662
0.000665
0.000671
0.000682
0.000694
0.000702
0.000706
0.000705
0.000703
0.000700
0.000697
0.000696
0.000696
0.000698
0.000702
0.000705
0.000707
0.000705
0.000698
0.000687
0.000675
0.000666
0.000660
0.000656
0.000655
0.000662
0.000678
0.000698
0.000717
0.000733
0.000749
0.000761
0.000766
0.000765
0.000763
0.000761
0.000757
0.000749
0.000739
0.000727
0.000713
0.000702
0.000698
0.000696
0.000689
0.000674
0.000664
0.000668
0.000678
0.000683
0.000683
0.000689
0.000701
0.000711
0.000716
0.000717
0.000720
0.000722
0.000724
0.000728
0.000737
0.000747
0.000753
0.000753
0.000748
0.000738
0.000729
0.000726
0.000732
0.000740
0.000744
0.000737
0.000721
0.000702
0.000688
0.000682
0.000685
0.000691
0.000692
0.000685
0.000673
0.000666
0.000671
0.000688
0.000708
0.000722
0.000729
0.000738
0.000755
0.000774
0.000786
0.000789
0.000790
0.000792
0.000794
0.000793
0.000792
0.000791
0.000788
0.000787
0.000791
0.000800
0.000811
0.000819
0.000822
0.000818
0.000809
0.000797
0.000791
0.000797
0.000809
0.000816
0.000816
0.000814
0.000817
0.000822
0.000824
0.000823
0.000825
0.000832
0.000843
0.000854
0.000861
0.000863
0.000860
0.000851
0.000838
0.000820
0.000798
0.000774
0.000753
0.000739
0.000734
0.000731
0.000723
0.000708
0.000692
0.000683
0.000683
0.000689
0.000695
0.000698
0.000696
0.000689
0.000682
0.000679
0.000681
0.000683
0.000681
0.000678
0.000675
0.000671
0.000663
0.000651
0.000637
0.000625
0.000617
0.000615
0.000621
0.000632
0.000645
0.000658
0.000670
0.000680
0.000687
0.000688
0.000684
0.000678
0.000675
0.000677
0.000683
0.000686
0.000686
0.000685
0.000690
0.000700
0.000712
0.000725
0.000736
0.000743
0.000744
0.000737
0.000729
0.000728
0.000735
0.000745
0.000752
0.000752
0.000747
0.000740
0.000735
0.000732
0.000723
0.000709
0.000692
0.000680
0.000670
0.000659
0.000644
0.000625
0.000605
0.000590
0.000588
0.000599
0.000616
0.000629
0.000640
0.000658
0.000686
0.000707
0.000711
0.000701
0.000693
0.000692
0.000698
0.000706
0.000715
0.000720
0.000715
0.000701
0.000690
0.000686
0.000688
0.000687
0.000685
0.000688
0.000700
0.000716
0.000728
0.000732
0.000731
0.000728
0.000729
0.000730
0.000730
0.000726
0.000720
0.000714
0.000707
0.000701
0.000696
0.000688
0.000673
0.000654
0.000639
0.000634
0.000638
0.000645
0.000655
0.000668
0.000680
0.000687
0.000689
0.000689
0.000686
0.000680
0.000672
0.000668
0.000671
0.000682
0.000692
0.000698
0.000700
0.000702
0.000705
0.000705
0.000697
0.000678
0.000653
0.000630
0.000614
0.000602
0.000598
0.000601
0.000611
0.000625
0.000640
0.000655
0.000670
0.000677
0.000675
0.000671
0.000673
0.000679
0.000681
0.000679
0.000675
0.000672
0.000667
0.000662
0.000660
0.000663
0.000665
0.000660
0.000649
0.000638
0.000632
0.000630
0.000632
0.000638
0.000646
0.000653
0.000658
0.000664
0.000672
0.000680
0.000688
0.000695
0.000704
0.000713
0.000716
0.000712
0.000705
0.000696
0.000685
0.000673
0.000660
0.000651
0.000651
0.000661
0.000677
0.000692
0.000702
0.000706
0.000706
0.000705
0.000704
0.000706
0.000712
0.000717
0.000716
0.000711
0.000706
0.000703
0.000697
0.000688
0.000684
0.000690
0.000703
0.000713
0.000715
0.000714
0.000713
0.000712
0.000709
0.000709
0.000719
0.000735
0.000746
0.000747
0.000743
0.000743
0.000746
0.000747
0.000746
0.000749
0.000760
0.000774
0.000784
0.000786
0.000785
0.000781
0.000778
0.000778
0.000782
0.000789
0.000795
0.000797
0.000800
0.000804
0.000805
0.000798
0.000785
0.000771
0.000757
0.000740
0.000721
0.000701
0.000680
0.000661
0.000650
0.000653
0.000666
0.000680
0.000686
0.000684
0.000677
0.000667
0.000657
0.000650
0.000650
0.000652
0.000655
0.000657
0.000658
0.000657
0.000656
0.000658
0.000665
0.000669
0.000669
0.000669
0.000674
0.000683
0.000694
0.000707
0.000724
0.000745
0.000763
0.000772
0.000774
0.000771
0.000766
0.000763
0.000761
0.000759
0.000752
0.000739
0.000727
0.000725
0.000733
0.000748
0.000760
0.000765
0.000759
0.000747
0.000732
0.000722
0.000719
0.000723
0.000728
0.000726
0.000717
0.000710
0.000713
0.000723
0.000733
0.000735
0.000735
0.000737
0.000739
0.000733
0.000721
0.000713
0.000714
0.000723
0.000733
0.000738
0.000735
0.000727
0.000720
0.000719
0.000724
0.000731
0.000734
0.000733
0.000729
0.000724
0.000720
0.000718
0.000720
0.000723
0.000729
0.000737
0.000744
0.000744
0.000732
0.000711
0.000695
0.000690
0.000697
0.000706
0.000715
0.000726
0.000742
0.000759
0.000770
0.000772
0.000764
0.000753
0.000747
0.000748
0.000750
0.000747
0.000739
0.000732
0.000729
0.000725
0.000716
0.000702
0.000691
0.000688
0.000689
0.000691
0.000697
0.000708
0.000723
0.000739
0.000752
0.000759
0.000756
0.000742
0.000724
0.000710
0.000700
0.000693
0.000687
0.000680
0.000677
0.000679
0.000689
0.000702
0.000714
0.000719
0.000719
0.000716
0.000712
0.000705
0.000701
0.000705
0.000717
0.000731
0.000741
0.000742
0.000738
0.000733
0.000730
0.000730
0.000727
0.000719
0.000705
0.000693
0.000681
0.000668
0.000652
0.000638
0.000633
0.000633
0.000632
0.000628
0.000625
0.000628
0.000639
0.000656
0.000675
0.000686
0.000683
0.000670
0.000657
0.000652
0.000655
0.000662
0.000671
0.000677
0.000679
0.000676
0.000669
0.000662
0.000656
0.000652
0.000655
0.000665
0.000674
0.000679
0.000684
0.000695
0.000712
0.000729
0.000742
0.000757
0.000778
0.000801
0.000815
0.000816
0.000804
0.000783
0.000757
0.000735
0.000721
0.000714
0.000710
0.000708
0.000708
0.000715
0.000724
0.000729
0.000727
0.000719
0.000707
0.000695
0.000685
0.000683
0.000689
0.000703
0.000718
0.000734
0.000750
0.000761
0.000763
0.000754
0.000735
0.000714
0.000700
0.000697
0.000703
0.000710
0.000710
0.000700
0.000686
0.000674
0.000672
0.000677
0.000681
0.000683
0.000680
0.000674
0.000663
0.000650
0.000643
0.000649
0.000661
0.000671
0.000678
0.000689
0.000707
0.000723
0.000727
0.000722
0.000712
0.000702
0.000692
0.000686
0.000685
0.000688
0.000686
0.000679
0.000677
0.000683
0.000692
0.000698
0.000700
0.000702
0.000706
0.000712
0.000723
0.000737
0.000748
0.000751
0.000744
0.000735
0.000727
0.000717
0.000703
0.000682
0.000662
0.000650
0.000649
0.000656
0.000661
0.000655
0.000642
0.000629
0.000621
0.000615
0.000612
0.000613
0.000623
0.000636
0.000644
0.000638
0.000623
0.000610
0.000609
0.000621
0.000640
0.000656
0.000664
0.000671
0.000684
0.000707
0.000733
0.000751
0.000757
0.000753
0.000748
0.000748
0.000754
0.000760
0.000758
0.000746
0.000725
0.000701
0.000678
0.000657
0.000642
0.000636
0.000638
0.000647
0.000660
0.000674
0.000686
0.000694
0.000703
0.000718
0.000740
0.000760
0.000773
0.000777
0.000775
0.000772
0.000767
0.000761
0.000755
0.000748
0.000740
0.000734
0.000733
0.000738
0.000747
0.000756
0.000759
0.000754
0.000745
0.000735
0.000727
0.000720
0.000712
0.000703
0.000696
0.000693
0.000695
0.000704
0.000723
0.000746
0.000762
0.000767
0.000767
0.000768
0.000769
0.000762
0.000747
0.000729
0.000711
0.000694
0.000681
0.000674
0.000676
0.000682
0.000688
0.000689
0.000688
0.000687
0.000683
0.000676
0.000665
0.000655
0.000645
0.000636
0.000628
0.000623
0.000628
0.000644
0.000669
0.000693
0.000709
0.000710
0.000698
0.000687
0.000685
0.000689
0.000687
0.000672
0.000655
0.000649
0.000661
0.000681
0.000700
0.000713
0.000722
0.000724
0.000722
0.000715
0.000707
0.000701
0.000697
0.000692
0.000683
0.000671
0.000661
0.000659
0.000663
0.000668
0.000669
0.000664
0.000652
0.000639
0.000636
0.000648
0.000670
0.000690
0.000703
0.000712
0.000722
0.000730
0.000732
0.000731
0.000728
0.000721
0.000713
0.000708
0.000711
0.000715
0.000713
0.000704
0.000694
0.000685
0.000678
0.000673
0.000669
0.000667
0.000663
0.000661
0.000662
0.000667
0.000667
0.000662
0.000658
0.000660
0.000666
0.000674
0.000684
0.000697
0.000708
0.000712
0.000707
0.000699
0.000696
0.000697
0.000700
0.000699
0.000691
0.000680
0.000675
0.000681
0.000697
0.000715
0.000723
0.000716
0.000695
0.000674
0.000661
0.000658
0.000654
0.000646
0.000637
0.000636
0.000641
0.000646
0.000647
0.000649
0.000656
0.000669
0.000684
0.000697
0.000706
0.000710
0.000712
0.000711
0.000705
0.000697
0.000692
0.000696
0.000702
0.000703
0.000694
0.000679
0.000665
0.000659
0.000665
0.000677
0.000684
0.000677
0.000661
0.000649
0.000648
0.000655
0.000664
0.000674
0.000684
0.000693
0.000702
0.000713
0.000725
0.000731
0.000732
0.000733
0.000740
0.000748
0.000746
0.000734
0.000721
0.000714
0.000712
0.000713
0.000718
0.000729
0.000747
0.000772
0.000804
0.000838
0.000867
0.000888
0.000909
0.000934
0.000956
0.000966
0.000963
0.000957
0.000957
0.000959
0.000955
0.000942
0.000927
0.000916
0.000911
0.000909
0.000909
0.000908
0.000909
0.000912
0.000912
0.000909
0.000904
0.000899
0.000894
0.000883
0.000865
0.000847
0.000839
0.000843
0.000857
0.000876
0.000898
0.000920
0.000941
0.000961
0.000985
0.001018
0.001058
0.001102
0.001148
0.001199
0.001255
0.001314
0.001369
0.001416
0.001458
0.001497
0.001529
0.001549
0.001552
0.001544
0.001534
0.001525
0.001510
0.001478
0.001429
0.001369
0.001306
0.001243
0.001179
0.001120
0.001065
0.001012
0.000962
0.000920
0.000896
0.000886
0.000884
0.000882
0.000881
0.000884
0.000891
0.000899
0.000908
0.000916
0.000923
0.000932
0.000944
0.000959
0.000977
0.000998
0.001029
0.001071
0.001122
0.001173
0.001218
0.001256
0.001286
0.001308
0.001319
0.001319
0.001309
0.001290
0.001266
0.001234
0.001195
0.001150
0.001105
0.001065
0.001025
0.000981
0.000934
0.000892
0.000862
0.000841
0.000820
0.000795
0.000774
0.000762
0.000760
0.000762
0.000761
0.000754
0.000744
0.000731
0.000717
0.000701
0.000684
0.000668
0.000662
0.000666
0.000671
0.000668
0.000655
0.000640
0.000630
0.000629
0.000636
0.000649
0.000664
0.000678
0.000688
0.000693
0.000695
0.000691
0.000677
0.000658
0.000641
0.000633
0.000633
0.000637
0.000644
0.000654
0.000664
0.000667
0.000661
0.000650
0.000643
0.000643
0.000645
0.000644
0.000638
0.000634
0.000637
0.000646
0.000655
0.000663
0.000670
0.000679
0.000688
0.000691
0.000686
0.000670
0.000650
0.000633
0.000630
0.000643
0.000668
0.000696
0.000719
0.000736
0.000750
0.000765
0.000787
0.000818
0.000857
0.000895
0.000926
0.000946
0.000962
0.000982
0.001005
0.001020
0.001021
0.001012
0.001002
0.000991
0.000977
0.000957
0.000934
0.000911
0.000889
0.000870
0.000860
0.000859
0.000859
0.000858
0.000860
0.000869
0.000880
0.000882
0.000876
0.000866
0.000856
0.000846
0.000838
0.000837
0.000843
0.000856
0.000874
0.000902
0.000936
0.000968
0.000988
0.000995
0.000994
0.000990
0.000990
0.001002
0.001028
0.001061
0.001092
0.001114
0.001130
0.001139
0.001143
0.001141
0.001129
0.001106
0.001071
0.001031
0.000993
0.000965
0.000950
0.000945
0.000944
0.000935
0.000915
0.000889
0.000863
0.000841
0.000824
0.000812
0.000807
0.000806
0.000808
0.000813
0.000821
0.000825
0.000818
0.000803
0.000787
0.000779
0.000782
0.000796
0.000820
0.000850
0.000880
0.000903
0.000920
0.000935
0.000952
0.000965
0.000969
0.000963
0.000951
0.000940
0.000927
0.000912
0.000900
0.000898
0.000908
0.000918
0.000917
0.000907
0.000895
0.000885
0.000877
0.000876
0.000882
0.000890
0.000892
0.000884
0.000870
0.000854
0.000841
0.000835
0.000841
0.000856
0.000872
0.000883
0.000885
0.000877
0.000864
0.000854
0.000858
0.000878
0.000903
0.000923
0.000936
0.000941
0.000936
0.000920
0.000901
0.000891
0.000892
0.000896
0.000893
0.000883
0.000871
0.000860
0.000858
0.000870
0.000891
0.000914
0.000928
0.000932
0.000929
0.000927
0.000931
0.000939
0.000946
0.000949
0.000951
0.000954
0.000962
0.000976
0.000998
0.001028
0.001061
0.001090
0.001111
0.001126
0.001137
0.001148
0.001163
0.001185
0.001214
0.001249
0.001290
0.001339
0.001392
0.001441
0.001487
0.001540
0.001606
0.001678
0.001742
0.001787
0.001811
0.001825
0.001838
0.001852
0.001858
0.001848
0.001821
0.001783
0.001738
0.001688
0.001638
0.001591
0.001552
0.001518
0.001487
0.001459
0.001433
0.001405
0.001373
0.001343
0.001321
0.001303
0.001283
0.001259
0.001239
0.001231
0.001234
0.001245
0.001264
0.001290
0.001319
0.001348
0.001373
0.001394
0.001414
0.001440
0.001481
0.001534
0.001585
0.001626
0.001654
0.001679
0.001702
0.001720
0.001730
0.001728
0.001711
0.001676
0.001628
0.001575
0.001520
0.001460
0.001390
0.001318
0.001254
0.001200
0.001154
0.001111
0.001071
0.001034
0.001002
0.000978
0.000961
0.000949
0.000939
0.000931
0.000924
0.000916
0.000906
0.000897
0.000889
0.000877
0.000858
0.000839
0.000825
0.000817
0.000807
0.000796
0.000791
0.000799
0.000816
0.000831
0.000839
0.000843
0.000849
0.000855
0.000861
0.000865
0.000869
0.000871
0.000871
0.000867
0.000861
0.000856
0.000855
0.000856
0.000855
0.000845
0.000822
0.000787
0.000753
0.000728
0.000721
0.000731
0.000748
0.000759
0.000757
0.000745
0.000732
0.000733
0.000748
0.000772
0.000793
0.000804
0.000807
0.000803
0.000799
0.000793
0.000788
0.000784
0.000784
0.000787
0.000791
0.000795
0.000802
0.000809
0.000816
0.000819
0.000818
0.000817
0.000817
0.000817
0.000815
0.000813
0.000815
0.000820
0.000826
0.000827
0.000820
0.000807
0.000794
0.000785
0.000783
0.000788
0.000800
0.000815
0.000831
0.000846
0.000855
0.000856
0.000851
0.000845
0.000846
0.000854
0.000861
0.000864
0.000862
0.000860
0.000863
0.000870
0.000880
0.000893
0.000906
0.000917
0.000920
0.000912
0.000894
0.000869
0.000849
0.000840
0.000842
0.000849
0.000858
0.000871
0.000886
0.000897
0.000902
0.000908
0.000922
0.000939
0.000949
0.000948
0.000938
0.000923
0.000905
0.000889
0.000878
0.000877
0.000880
0.000883
0.000882
0.000877
0.000871
0.000866
0.000865
0.000869
0.000875
0.000881
0.000884
0.000877
0.000860
0.000838
0.000820
0.000813
0.000810
0.000805
0.000801
0.000801
0.000807
0.000812
0.000813
0.000813
0.000811
0.000809
0.000807
0.000809
0.000810
0.000807
0.000800
0.000797
0.000802
0.000810
0.000813
0.000807
0.000798
0.000792
0.000791
0.000792
0.000795
0.000800
0.000810
0.000826
0.000845
0.000859
0.000860
0.000850
0.000836
0.000824
0.000815
0.000807
0.000802
0.000800
0.000798
0.000790
0.000779
0.000771
0.000769
0.000767
0.000765
0.000768
0.000776
0.000782
0.000778
0.000769
0.000765
0.000770
0.000775
0.000773
0.000769
0.000772
0.000780
0.000787
0.000791
0.000795
0.000799
0.000802
0.000804
0.000809
0.000820
0.000836
0.000852
0.000864
0.000869
0.000866
0.000856
0.000844
0.000837
0.000840
0.000853
0.000872
0.000888
0.000895
0.000898
0.000902
0.000905
0.000906
0.000904
0.000908
0.000924
0.000949
0.000974
0.000989
0.000986
0.000967
0.000940
0.000916
0.000899
0.000886
0.000872
0.000859
0.000851
0.000849
0.000850
0.000854
0.000862
0.000868
0.000872
0.000879
0.000893
0.000911
0.000920
0.000915
0.000906
0.000901
0.000900
0.000897
0.000892
0.000890
0.000892
0.000894
0.000896
0.000902
0.000919
0.000941
0.000958
0.000961
0.000957
0.000956
0.000961
0.000972
0.000984
0.000996
0.001004
0.001002
0.000982
0.000948
0.000911
0.000887
0.000877
0.000873
0.000865
0.000853
0.000846
0.000849
0.000855
0.000855
0.000848
0.000842
0.000842
0.000848
0.000851
0.000849
0.000848
0.000851
0.000858
0.000865
0.000868
0.000867
0.000867
0.000867
0.000867
0.000863
0.000853
0.000846
0.000844
0.000846
0.000841
0.000826
0.000804
0.000783
0.000768
0.000759
0.000759
0.000769
0.000789
0.000814
0.000838
0.000859
0.000876
0.000886
0.000886
0.000881
0.000874
0.000868
0.000861
0.000851
0.000842
0.000834
0.000828
0.000828
0.000836
0.000854
0.000875
0.000887
0.000888
0.000885
0.000889
0.000903
0.000919
0.000932
0.000942
0.000957
0.000989
0.001047
0.001133
0.001238
0.001355
0.001480
0.001601
0.001697
0.001741
0.001720
0.001649
0.001553
0.001455
0.001362
0.001276
0.001202
0.001144
0.001103
0.001070
0.001036
0.001001
0.000974
0.000963
0.000967
0.000979
0.000990
0.000998
0.001006
0.001020
0.001040
0.001064
0.001088
0.001112
0.001141
0.001179
0.001224
0.001281
0.001353
0.001442
0.001540
0.001635
0.001719
0.001791
0.001844
0.001866
0.001854
0.001811
0.001750
0.001682
0.001618
0.001560
0.001506
0.001453
0.001400
0.001353
0.001311
0.001268
0.001218
0.001164
0.001115
0.001074
0.001040
0.001015
0.001004
0.001006
0.001013
0.001014
0.001008
0.001004
0.001010
0.001030
0.001059
0.001094
0.001131
0.001168
0.001205
0.001242
0.001280
0.001319
0.001359
0.001397
0.001437
0.001482
0.001536
0.001596
0.001662
0.001731
0.001800
0.001860
0.001901
0.001913
0.001893
0.001843
0.001768
0.001677
0.001580
0.001483
0.001394
0.001311
0.001233
0.001159
0.001096
0.001049
0.001019
0.001000
0.000985
0.000974
0.000963
0.000950
0.000933
0.000915
0.000898
0.000880
0.000859
0.000839
0.000823
0.000809
0.000796
0.000785
0.000775
0.000767
0.000758
0.000751
0.000746
0.000741
0.000732
0.000720
0.000706
0.000689
0.000669
0.000654
0.000651
0.000661
0.000669
0.000669
0.000664
0.000665
0.000675
0.000685
0.000688
0.000685
0.000679
0.000670
0.000661
0.000651
0.000645
0.000643
0.000645
0.000647
0.000645
0.000638
0.000629
0.000620
0.000618
0.000629
0.000652
0.000676
0.000689
0.000687
0.000677
0.000667
0.000657
0.000644
0.000631
0.000624
0.000628
0.000640
0.000654
0.000664
0.000665
0.000659
0.000651
0.000647
0.000646
0.000645
0.000644
0.000645
0.000647
0.000646
0.000642
0.000638
0.000635
0.000633
0.000631
0.000629
0.000632
0.000643
0.000659
0.000672
0.000675
0.000666
0.000654
0.000648
0.000653
0.000668
0.000685
0.000697
0.000699
0.000693
0.000682
0.000669
0.000653
0.000634
0.000613
0.000597
0.000589
0.000587
0.000588
0.000589
0.000592
0.000602
0.000619
0.000641
0.000658
0.000664
0.000658
0.000649
0.000646
0.000651
0.000659
0.000664
0.000662
0.000651
0.000636
0.000620
0.000611
0.000614
0.000631
0.000655
0.000674
0.000683
0.000684
0.000686
0.000696
0.000711
0.000723
0.000731
0.000733
0.000732
0.000733
0.000738
0.000751
0.000775
0.000805
0.000830
0.000840
0.000834
0.000822
0.000812
0.000804
0.000794
0.000782
0.000771
0.000762
0.000749
0.000730
0.000705
0.000681
0.000664
0.000657
0.000657
0.000663
0.000674
0.000690
0.000711
0.000729
0.000737
0.000734
0.000726
0.000718
0.000716
0.000720
0.000725
0.000723
0.000715
0.000704
0.000697
0.000698
0.000705
0.000711
0.000711
0.000706
0.000698
0.000694
0.000696
0.000704
0.000716
0.000730
0.000747
0.000763
0.000772
0.000772
0.000769
0.000769
0.000774
0.000783
0.000792
0.000794
0.000787
0.000773
0.000758
0.000746
0.000738
0.000732
0.000730
0.000731
0.000732
0.000730
0.000724
0.000718
0.000715
0.000713
0.000710
0.000706
0.000701
0.000697
0.000693
0.000691
0.000691
0.000697
0.000706
0.000715
0.000722
0.000731
0.000741
0.000747
0.000746
0.000743
0.000742
0.000745
0.000747
0.000748
0.000753
0.000765
0.000776
0.000777
0.000767
0.000753
0.000747
0.000754
0.000766
0.000772
0.000764
0.000750
0.000742
0.000743
0.000747
0.000749
0.000754
0.000767
0.000785
0.000800
0.000809
0.000807
0.000792
0.000764
0.000731
0.000700
0.000682
0.000676
0.000679
0.000683
0.000683
0.000681
0.000682
0.000688
0.000695
0.000695
0.000685
0.000669
0.000655
0.000650
0.000660
0.000677
0.000690
0.000698
0.000703
0.000711
0.000715
0.000714
0.000710
0.000712
0.000721
0.000732
0.000743
0.000752
0.000758
0.000759
0.000760
0.000766
0.000771
0.000771
0.000769
0.000775
0.000793
0.000813
0.000824
0.000824
0.000818
0.000808
0.000796
0.000785
0.000783
0.000791
0.000806
0.000821
0.000831
0.000840
0.000852
0.000873
0.000903
0.000939
0.000981
0.001031
0.001088
0.001147
0.001206
0.001274
0.001354
0.001443
0.001526
0.001589
0.001626
0.001643
0.001648
0.001649
0.001646
0.001631
0.001597
0.001541
0.001465
0.001372
0.001270
0.001170
0.001081
0.001007
0.000948
0.000899
0.000854
0.000813
0.000779
0.000760
0.000755
0.000756
0.000755
0.000753
0.000753
0.000756
0.000759
0.000760
0.000760
0.000759
0.000757
0.000753
0.000746
0.000734
0.000717
0.000701
0.000690
0.000686
0.000680
0.000668
0.000650
0.000633
0.000625
0.000628
0.000638
0.000647
0.000650
0.000651
0.000653
0.000659
0.000663
0.000663
0.000663
0.000670
0.000684
0.000702
0.000715
0.000723
0.000730
0.000740
0.000753
0.000762
0.000766
0.000766
0.000767
0.000770
0.000775
0.000781
0.000791
0.000808
0.000824
0.000832
0.000831
0.000829
0.000836
0.000854
0.000878
0.000899
0.000913
0.000920
0.000924
0.000931
0.000944
0.000960
0.000974
0.000980
0.000979
0.000975
0.000968
0.000961
0.000954
0.000951
0.000949
0.000944
0.000936
0.000930
0.000933
0.000939
0.000941
0.000935
0.000926
0.000922
0.000924
0.000929
0.000937
0.000947
0.000961
0.000978
0.000993
0.000998
0.000990
0.000971
0.000947
0.000923
0.000905
0.000895
0.000893
0.000895
0.000898
0.000900
0.000903
0.000907
0.000909
0.000906
0.000899
0.000892
0.000889
0.000886
0.000877
0.000863
0.000851
0.000847
0.000852
0.000860
0.000871
0.000882
0.000890
0.000891
0.000888
0.000891
0.000904
0.000916
0.000921
0.000921
0.000922
0.000921
0.000910
0.000886
0.000860
0.000843
0.000835
0.000833
0.000830
0.000824
0.000818
0.000815
0.000818
0.000828
0.000838
0.000843
0.000836
0.000818
0.000794
0.000775
0.000769
0.000776
0.000787
0.000796
0.000805
0.000817
0.000832
0.000847
0.000855
0.000857
0.000853
0.000846
0.000838
0.000829
0.000821
0.000815
0.000815
0.000828
0.000854
0.000889
0.000924
0.000947
0.000957
0.000961
0.000970
0.000983
0.000992
0.000993
0.000983
0.000967
0.000947
0.000930
0.000922
0.000924
0.000930
0.000935
0.000937
0.000936
0.000930
0.000919
0.000908
0.000898
0.000886
0.000868
0.000847
0.000832
0.000828
0.000827
0.000822
0.000809
0.000794
0.000786
0.000789
0.000799
0.000807
0.000806
0.000804
0.000808
0.000819
0.000828
0.000830
0.000828
0.000822
0.000812
0.000795
0.000779
0.000768
0.000760
0.000749
0.000735
0.000726
0.000728
0.000738
0.000747
0.000751
0.000754
0.000761
0.000772
0.000783
0.000791
0.000796
0.000799
0.000801
0.000799
0.000797
0.000794
0.000791
0.000782
0.000769
0.000755
0.000744
0.000736
0.000731
0.000731
0.000734
0.000738
0.000742
0.000745
0.000745
0.000740
0.000734
0.000728
0.000726
0.000726
0.000727
0.000730
0.000739
0.000751
0.000765
0.000776
0.000785
0.000791
0.000792
0.000788
0.000786
0.000791
0.000799
0.000801
0.000792
0.000779
0.000772
0.000770
0.000770
0.000768
0.000765
0.000764
0.000767
0.000774
0.000783
0.000792
0.000797
0.000799
0.000803
0.000811
0.000820
0.000823
0.000820
0.000816
0.000814
0.000812
0.000802
0.000782
0.000757
0.000733
0.000717
0.000710
0.000710
0.000711
0.000710
0.000704
0.000697
0.000692
0.000692
0.000693
0.000695
0.000702
0.000714
0.000731
0.000747
0.000757
0.000761
0.000760
0.000754
0.000745
0.000735
0.000732
0.000739
0.000755
0.000774
0.000791
0.000800
0.000800
0.000794
0.000780
0.000761
0.000738
0.000720
0.000711
0.000711
0.000712
0.000713
0.000712
0.000712
0.000713
0.000714
0.000712
0.000709
0.000709
0.000715
0.000725
0.000736
0.000741
0.000745
0.000749
0.000755
0.000760
0.000761
0.000762
0.000764
0.000766
0.000766
0.000764
0.000761
0.000762
0.000769
0.000782
0.000797
0.000808
0.000809
0.000801
0.000790
0.000788
0.000799
0.000815
0.000827
0.000831
0.000831
0.000832
0.000834
0.000833
0.000829
0.000823
0.000816
0.000807
0.000802
0.000804
0.000810
0.000815
0.000817
0.000820
0.000826
0.000831
0.000832
0.000835
0.000840
0.000843
0.000839
0.000832
0.000827
0.000826
0.000826
0.000822
0.000815
0.000806
0.000797
0.000791
0.000794
0.000803
0.000810
0.000809
0.000802
0.000794
0.000786
0.000776
0.000765
0.000754
0.000749
0.000752
0.000763
0.000775
0.000785
0.000789
0.000790
0.000790
0.000789
0.000786
0.000785
0.000790
0.000799
0.000809
0.000815
0.000818
0.000820
0.000820
0.000813
0.000799
0.000784
0.000774
0.000772
0.000771
0.000771
0.000774
0.000781
0.000784
0.000777
0.000763
0.000750
0.000742
0.000737
0.000732
0.000728
0.000728
0.000730
0.000727
0.000719
0.000709
0.000703
0.000699
0.000697
0.000698
0.000703
0.000713
0.000726
0.000733
0.000734
0.000731
0.000733
0.000738
0.000741
0.000736
0.000727
0.000719
0.000717
0.000717
0.000716
0.000715
0.000713
0.000712
0.000714
0.000721
0.000733
0.000743
0.000748
0.000748
0.000749
0.000750
0.000748
0.000743
0.000740
0.000743
0.000748
0.000748
0.000740
0.000729
0.000721
0.000723
0.000734
0.000749
0.000765
0.000777
0.000781
0.000777
0.000767
0.000756
0.000747
0.000748
0.000763
0.000792
0.000828
0.000854
0.000865
0.000866
0.000868
0.000870
0.000863
0.000845
0.000825
0.000813
0.000807
0.000799
0.000789
0.000784
0.000787
0.000794
0.000800
0.000810
0.000823
0.000834
0.000835
0.000830
0.000826
0.000824
0.000820
0.000813
0.000810
0.000817
0.000830
0.000840
0.000839
0.000832
0.000826
0.000824
0.000828
0.000833
0.000840
0.000847
0.000855
0.000861
0.000862
0.000865
0.000875
0.000893
0.000909
0.000918
0.000923
0.000931
0.000946
0.000968
0.000993
0.001019
0.001044
0.001069
0.001099
0.001138
0.001189
0.001248
0.001315
0.001390
0.001475
0.001571
0.001680
0.001799
0.001914
0.002005
0.002053
0.002049
0.001994
0.001905
0.001802
0.001709
0.001636
0.001581
0.001542
0.001514
0.001493
0.001466
0.001425
0.001371
0.001316
0.001265
0.001218
0.001171
0.001132
0.001107
0.001096
0.001091
0.001084
0.001077
0.001073
0.001074
0.001076
0.001076
0.001074
0.001074
0.001078
0.001093
0.001124
0.001171
0.001223
0.001276
0.001331
0.001393
0.001460
0.001526
0.001588
0.001652
0.001722
0.001793
0.001857
0.001905
0.001930
0.001920
0.001869
0.001782
0.001675
0.001566
0.001464
0.001371
0.001294
0.001235
0.001192
0.001158
0.001131
0.001112
0.001103
0.001097
0.001089
0.001075
0.001056
0.001032
0.001006
0.000982
0.000961
0.000939
0.000914
0.000885
0.000861
0.000844
0.000834
0.000829
0.000829
0.000835
0.000847
0.000866
0.000890
0.000913
0.000932
0.000944
0.000954
0.000963
0.000967
0.000958
0.000940
0.000924
0.000919
0.000925
0.000930
0.000927
0.000915
0.000900
0.000890
0.000885
0.000885
0.000881
0.000870
0.000851
0.000833
0.000822
0.000821
0.000823
0.000822
0.000812
0.000796
0.000780
0.000770
0.000769
0.000774
0.000777
0.000777
0.000775
0.000780
0.000790
0.000800
0.000805
0.000807
0.000808
0.000812
0.000818
0.000825
0.000833
0.000836
0.000835
0.000830
0.000826
0.000824
0.000822
0.000818
0.000815
0.000815
0.000817
0.000819
0.000817
0.000813
0.000811
0.000815
0.000822
0.000827
0.000828
0.000828
0.000831
0.000836
0.000838
0.000834
0.000829
0.000826
0.000821
0.000809
0.000786
0.000760
0.000738
0.000725
0.000724
0.000734
0.000753
0.000776
0.000797
0.000810
0.000813
0.000806
0.000793
0.000780
0.000770
0.000764
0.000758
0.000750
0.000743
0.000738
0.000737
0.000742
0.000751
0.000763
0.000775
0.000785
0.000788
0.000784
0.000774
0.000764
0.000758
0.000759
0.000766
0.000776
0.000781
0.000775
0.000759
0.000739
0.000727
0.000727
0.000737
0.000743
0.000737
0.000722
0.000707
0.000702
0.000706
0.000717
0.000733
0.000755
0.000776
0.000785
0.000777
0.000761
0.000750
0.000749
0.000751
0.000751
0.000747
0.000741
0.000732
0.000720
0.000709
0.000704
0.000708
0.000715
0.000720
0.000722
0.000721
0.000721
0.000722
0.000726
0.000731
0.000734
0.000731
0.000723
0.000713
0.000706
0.000704
0.000707
0.000714
0.000726
0.000742
0.000760
0.000773
0.000774
0.000766
0.000753
0.000741
0.000736
0.000737
0.000740
0.000742
0.000745
0.000752
0.000767
0.000781
0.000784
0.000773
0.000756
0.000746
0.000746
0.000747
0.000745
0.000738
0.000732
0.000728
0.000725
0.000725
0.000730
0.000741
0.000754
0.000767
0.000776
0.000782
0.000785
0.000785
0.000788
0.000795
0.000803
0.000803
0.000791
0.000772
0.000755
0.000745
0.000741
0.000739
0.000741
0.000746
0.000752
0.000757
0.000762
0.000768
0.000774
0.000773
0.000759
0.000738
0.000717
0.000704
0.000699
0.000703
0.000713
0.000728
0.000747
0.000763
0.000774
0.000778
0.000776
0.000773
0.000771
0.000769
0.000763
0.000757
0.000751
0.000746
0.000739
0.000730
0.000724
0.000722
0.000724
0.000724
0.000725
0.000728
0.000732
0.000734
0.000732
0.000729
0.000727
0.000722
0.000709
0.000694
0.000686
0.000689
0.000693
0.000686
0.000667
0.000648
0.000639
0.000642
0.000655
0.000672
0.000686
0.000688
0.000679
0.000668
0.000667
0.000674
0.000681
0.000680
0.000672
0.000665
0.000666
0.000675
0.000689
0.000699
0.000698
0.000687
0.000675
0.000672
0.000682
0.000693
0.000695
0.000685
0.000668
0.000656
0.000653
0.000659
0.000669
0.000679
0.000687
0.000688
0.000679
0.000663
0.000644
0.000628
0.000618
0.000611
0.000604
0.000600
0.000602
0.000610
0.000619
0.000622
0.000618
0.000612
0.000611
0.000615
0.000621
0.000627
0.000633
0.000638
0.000640
0.000637
0.000633
0.000632
0.000636
0.000645
0.000661
0.000680
0.000696
0.000705
0.000703
0.000699
0.000699
0.000705
0.000712
0.000712
0.000707
0.000700
0.000695
0.000688
0.000679
0.000673
0.000675
0.000682
0.000688
0.000693
0.000697
0.000701
0.000697
0.000685
0.000669
0.000658
0.000651
0.000649
0.000650
0.000657
0.000668
0.000685
0.000706
0.000730
0.000751
0.000762
0.000762
0.000752
0.000740
0.000732
0.000736
0.000750
0.000761
0.000757
0.000739
0.000717
0.000701
0.000690
0.000682
0.000677
0.000673
0.000668
0.000660
0.000653
0.000654
0.000660
0.000670
0.000681
0.000694
0.000704
0.000705
0.000696
0.000683
0.000676
0.000678
0.000687
0.000695
0.000698
0.000696
0.000696
0.000700
0.000706
0.000705
0.000696
0.000687
0.000685
0.000692
0.000705
0.000715
0.000718
0.000717
0.000713
0.000706
0.000695
0.000680
0.000665
0.000652
0.000639
0.000622
0.000607
0.000601
0.000607
0.000619
0.000629
0.000631
0.000628
0.000623
0.000621
0.000626
0.000634
0.000642
0.000649
0.000653
0.000655
0.000654
0.000647
0.000637
0.000627
0.000620
0.000616
0.000617
0.000623
0.000632
0.000639
0.000641
0.000636
0.000629
0.000622
0.000618
0.000616
0.000617
0.000623
0.000631
0.000640
0.000643
0.000643
0.000644
0.000650
0.000659
0.000667
0.000672
0.000677
0.000682
0.000683
0.000679
0.000675
0.000677
0.000683
0.000684
0.000679
0.000672
0.000663
0.000655
0.000649
0.000650
0.000660
0.000672
0.000681
0.000687
0.000694
0.000703
0.000706
0.000700
0.000687
0.000670
0.000652
0.000636
0.000626
0.000625
0.000634
0.000649
0.000667
0.000684
0.000695
0.000698
0.000693
0.000687
0.000684
0.000682
0.000675
0.000663
0.000652
0.000647
0.000648
0.000652
0.000655
0.000655
0.000651
0.000646
0.000642
0.000638
0.000634
0.000632
0.000634
0.000641
0.000645
0.000639
0.000623
0.000603
0.000593
0.000600
0.000620
0.000639
0.000644
0.000640
0.000637
0.000638
0.000641
0.000638
0.000631
0.000619
0.000605
0.000592
0.000585
0.000585
0.000586
0.000580
0.000566
0.000550
0.000539
0.000534
0.000535
0.000540
0.000544
0.000544
0.000545
0.000553
0.000564
0.000567
0.000563
0.000559
0.000561
0.000559
0.000546
0.000531
0.000527
0.000534
0.000541
0.000541
0.000540
0.000547
0.000562
0.000576
0.000586
0.000594
0.000602
0.000611
0.000621
0.000627
0.000630
0.000633
0.000641
0.000651
0.000657
0.000653
0.000644
0.000639
0.000640
0.000645
0.000652
0.000661
0.000675
0.000696
0.000719
0.000734
0.000737
0.000729
0.000718
0.000707
0.000696
0.000685
0.000680
0.000683
0.000689
0.000691
0.000686
0.000680
0.000678
0.000678
0.000680
0.000686
0.000701
0.000725
0.000750
0.000768
0.000770
0.000754
0.000727
0.000698
0.000675
0.000662
0.000661
0.000666
0.000671
0.000673
0.000670
0.000667
0.000665
0.000664
0.000665
0.000669
0.000671
0.000673
0.000674
0.000675
0.000675
0.000675
0.000676
0.000676
0.000672
0.000662
0.000652
0.000645
0.000642
0.000639
0.000634
0.000632
0.000631
0.000630
0.000630
0.000634
0.000640
0.000644
0.000645
0.000650
0.000660
0.000670
0.000675
0.000676
0.000675
0.000671
0.000665
0.000662
0.000666
0.000674
0.000678
0.000672
0.000659
0.000645
0.000634
0.000626
0.000619
0.000610
0.000603
0.000602
0.000606
0.000608
0.000601
0.000586
0.000573
0.000564
0.000555
0.000542
0.000529
0.000525
0.000532
0.000548
0.000570
0.000594
0.000617
0.000638
0.000651
0.000653
0.000643
0.000626
0.000613
0.000609
0.000612
0.000610
0.000600
0.000586
0.000579
0.000582
0.000591
0.000599
0.000606
0.000614
0.000625
0.000632
0.000633
0.000630
0.000632
0.000639
0.000644
0.000640
0.000631
0.000624
0.000620
0.000617
0.000610
0.000602
0.000595
0.000591
0.000590
0.000591
0.000593
0.000596
0.000601
0.000607
0.000609
0.000602
0.000588
0.000576
0.000573
0.000580
0.000591
0.000602
0.000609
0.000609
0.000605
0.000603
0.000601
0.000595
0.000587
0.000582
0.000583
0.000587
0.000588
0.000589
0.000594
0.000601
0.000605
0.000606
0.000611
0.000622
0.000632
0.000634
0.000631
0.000632
0.000641
0.000655
0.000666
0.000671
0.000668
0.000662
0.000656
0.000651
0.000647
0.000644
0.000643
0.000648
0.000658
0.000664
0.000659
0.000638
0.000610
0.000585
0.000570
0.000567
0.000568
0.000567
0.000561
0.000552
0.000543
0.000538
0.000541
0.000551
0.000563
0.000571
0.000573
0.000575
0.000580
0.000586
0.000590
0.000593
0.000603
0.000623
0.000646
0.000662
0.000663
0.000651
0.000632
0.000613
0.000599
0.000593
0.000590
0.000590
0.000591
0.000593
0.000593
0.000589
0.000582
0.000580
0.000589
0.000601
0.000606
0.000600
0.000591
0.000587
0.000591
0.000594
0.000589
0.000574
0.000558
0.000552
0.000557
0.000563
0.000559
0.000547
0.000533
0.000521
0.000511
0.000502
0.000502
0.000516
0.000538
0.000558
0.000571
0.000581
0.000587
0.000587
0.000577
0.000563
0.000550
0.000539
0.000535
0.000539
0.000551
0.000565
0.000574
0.000579
0.000579
0.000572
0.000556
0.000535
0.000519
0.000514
0.000521
0.000540
0.000564
0.000588
0.000604
0.000607
0.000599
0.000585
0.000569
0.000554
0.000542
0.000537
0.000541
0.000550
0.000559
0.000561
0.000553
0.000540
0.000530
0.000526
0.000532
0.000541
0.000548
0.000545
0.000534
0.000526
0.000528
0.000537
0.000542
0.000539
0.000534
0.000540
0.000559
0.000582
0.000600
0.000613
0.000625
0.000636
0.000640
0.000634
0.000619
0.000603
0.000592
0.000588
0.000588
0.000585
0.000574
0.000553
0.000530
0.000512
0.000509
0.000517
0.000528
0.000535
0.000538
0.000542
0.000547
0.000550
0.000546
0.000540
0.000535
0.000530
0.000523
0.000518
0.000522
0.000535
0.000549
0.000555
0.000555
0.000554
0.000556
0.000561
0.000570
0.000581
0.000591
0.000593
0.000587
0.000579
0.000574
0.000571
0.000573
0.000584
0.000599
0.000610
0.000609
0.000601
0.000599
0.000606
0.000619
0.000629
0.000635
0.000638
0.000642
0.000649
0.000657
0.000659
0.000648
0.000627
0.000605
0.000584
0.000567
0.000555
0.000551
0.000551
0.000553
0.000554
0.000557
0.000562
0.000565
0.000566
0.000567
0.000573
0.000579
0.000580
0.000581
0.000585
0.000593
0.000597
0.000592
0.000582
0.000572
0.000563
0.000553
0.000543
0.000539
0.000545
0.000556
0.000564
0.000564
0.000561
0.000563
0.000576
0.000595
0.000618
0.000644
0.000671
0.000690
0.000693
0.000681
0.000661
0.000638
0.000616
0.000597
0.000584
0.000575
0.000567
0.000559
0.000555
0.000557
0.000561
0.000563
0.000561
0.000561
0.000564
0.000569
0.000573
0.000575
0.000574
0.000572
0.000572
0.000572
0.000572
0.000573
0.000576
0.000585
0.000597
0.000611
0.000622
0.000631
0.000634
0.000633
0.000632
0.000639
0.000654
0.000671
0.000681
0.000683
0.000679
0.000670
0.000657
0.000641
0.000627
0.000618
0.000612
0.000605
0.000600
0.000598
0.000598
0.000597
0.000594
0.000586
0.000575
0.000568
0.000571
0.000585
0.000602
0.000614
0.000620
0.000621
0.000619
0.000610
0.000599
0.000591
0.000591
0.000595
0.000602
0.000609
0.000614
0.000613
0.000607
0.000602
0.000602
0.000605
0.000611
0.000621
0.000630
0.000633
0.000626
0.000612
0.000596
0.000579
0.000563
0.000553
0.000551
0.000554
0.000555
0.000552
0.000553
0.000563
0.000579
0.000589
0.000590
0.000585
0.000578
0.000574
0.000571
0.000568
0.000562
0.000553
0.000543
0.000531
0.000522
0.000520
0.000524
0.000529
0.000532
0.000537
0.000550
0.000567
0.000578
0.000580
0.000577
0.000576
0.000581
0.000588
0.000599
0.000613
0.000628
0.000641
0.000647
0.000646
0.000638
0.000625
0.000610
0.000600
0.000599
0.000605
0.000610
0.000609
0.000601
0.000594
0.000590
0.000586
0.000579
0.000568
0.000557
0.000553
0.000558
0.000570
0.000586
0.000600
0.000609
0.000616
0.000623
0.000627
0.000628
0.000627
0.000626
0.000628
0.000629
0.000630
0.000632
0.000635
0.000640
0.000643
0.000642
0.000635
0.000624
0.000619
0.000624
0.000633
0.000638
0.000635
0.000630
0.000627
0.000624
0.000620
0.000622
0.000632
0.000644
0.000649
0.000645
0.000640
0.000638
0.000636
0.000632
0.000626
0.000622
0.000620
0.000617
0.000610
0.000602
0.000590
0.000574
0.000558
0.000547
0.000543
0.000545
0.000548
0.000549
0.000549
0.000545
0.000539
0.000534
0.000539
0.000555
0.000575
0.000589
0.000590
0.000579
0.000565
0.000555
0.000556
0.000571
0.000594
0.000615
0.000631
0.000647
0.000660
0.000667
0.000667
0.000665
0.000668
0.000674
0.000682
0.000694
0.000709
0.000721
0.000718
0.000698
0.000672
0.000653
0.000647
0.000649
0.000650
0.000645
0.000633
0.000623
0.000618
0.000618
0.000617
0.000614
0.000612
0.000613
0.000615
0.000615
0.000612
0.000606
0.000596
0.000583
0.000572
0.000568
0.000569
0.000570
0.000569
0.000567
0.000564
0.000563
0.000561
0.000558
0.000552
0.000546
0.000543
0.000544
0.000547
0.000552
0.000556
0.000562
0.000569
0.000573
0.000571
0.000560
0.000545
0.000532
0.000529
0.000537
0.000550
0.000564
0.000575
0.000581
0.000587
0.000594
0.000603
0.000610
0.000613
0.000608
0.000596
0.000578
0.000560
0.000547
0.000538
0.000525
0.000508
0.000493
0.000485
0.000485
0.000490
0.000498
0.000509
0.000517
0.000522
0.000524
0.000528
0.000532
0.000532
0.000527
0.000526
0.000537
0.000561
0.000586
0.000607
0.000620
0.000625
0.000624
0.000620
0.000613
0.000602
0.000587
0.000571
0.000561
0.000563
0.000577
0.000601
0.000627
0.000650
0.000665
0.000672
0.000672
0.000666
0.000654
0.000636
0.000619
0.000610
0.000614
0.000626
0.000637
0.000641
0.000640
0.000640
0.000646
0.000656
0.000664
0.000668
0.000668
0.000661
0.000645
0.000625
0.000606
0.000595
0.000592
0.000593
0.000598
0.000607
0.000620
0.000633
0.000641
0.000639
0.000627
0.000610
0.000596
0.000589
0.000587
0.000584
0.000579
0.000573
0.000568
0.000567
0.000567
0.000567
0.000569
0.000574
0.000582
0.000589
0.000592
0.000589
0.000584
0.000585
0.000596
0.000614
0.000624
0.000621
0.000609
0.000599
0.000598
0.000605
0.000613
0.000616
0.000610
0.000592
0.000568
0.000546
0.000533
0.000529
0.000532
0.000539
0.000547
0.000553
0.000556
0.000559
0.000566
0.000572
0.000574
0.000572
0.000567
0.000558
0.000543
0.000528
0.000519
0.000518
0.000522
0.000527
0.000533
0.000540
0.000547
0.000552
0.000551
0.000543
0.000530
0.000519
0.000510
0.000505
0.000501
0.000504
0.000516
0.000537
0.000561
0.000582
0.000596
0.000603
0.000606
0.000610
0.000617
0.000623
0.000625
0.000622
0.000616
0.000608
0.000594
0.000572
0.000548
0.000525
0.000507
0.000498
0.000499
0.000507
0.000515
0.000519
0.000518
0.000516
0.000517
0.000527
0.000546
0.000561
0.000563
0.000554
0.000550
0.000558
0.000573
0.000584
0.000591
0.000601
0.000617
0.000632
0.000641
0.000645
0.000646
0.000643
0.000635
0.000623
0.000614
0.000612
0.000613
0.000613
0.000604
0.000592
0.000585
0.000588
0.000596
0.000597
0.000584
0.000562
0.000544
0.000540
0.000548
0.000559
0.000563
0.000565
0.000569
0.000578
0.000588
0.000594
0.000597
0.000594
0.000582
0.000562
0.000542
0.000530
0.000531
0.000535
0.000535
0.000528
0.000518
0.000509
0.000505
0.000505
0.000507
0.000512
0.000522
0.000540
0.000559
0.000574
0.000578
0.000572
0.000560
0.000546
0.000540
0.000546
0.000557
0.000568
0.000578
0.000589
0.000604
0.000612
0.000608
0.000595
0.000583
0.000576
0.000569
0.000563
0.000560
0.000561
0.000561
0.000555
0.000545
0.000538
0.000536
0.000542
0.000553
0.000566
0.000582
0.000598
0.000614
0.000626
0.000633
0.000635
0.000636
0.000636
0.000632
0.000623
0.000614
0.000613
0.000618
0.000619
0.000611
0.000601
0.000598
0.000605
0.000613
0.000614
0.000610
0.000609
0.000614
0.000625
0.000636
0.000644
0.000649
0.000655
0.000665
0.000677
0.000687
0.000689
0.000682
0.000667
0.000648
0.000629
0.000614
0.000606
0.000602
0.000597
0.000588
0.000579
0.000574
0.000577
0.000587
0.000594
0.000591
0.000578
0.000563
0.000552
0.000548
0.000552
0.000569
0.000597
0.000622
0.000635
0.000637
0.000636
0.000636
0.000632
0.000621
0.000612
0.000608
0.000604
0.000591
0.000577
0.000569
0.000570
0.000571
0.000569
0.000571
0.000582
0.000595
0.000601
0.000596
0.000586
0.000577
0.000572
0.000577
0.000590
0.000607
0.000619
0.000623
0.000619
0.000610
0.000603
0.000601
0.000604
0.000610
0.000613
0.000613
0.000613
0.000615
0.000618
0.000621
0.000624
0.000627
0.000626
0.000620
0.000609
0.000594
0.000578
0.000565
0.000552
0.000537
0.000523
0.000518
0.000528
0.000549
0.000568
0.000578
0.000588
0.000603
0.000621
0.000635
0.000639
0.000631
0.000609
0.000575
0.000537
0.000508
0.000494
0.000492
0.000496
0.000507
0.000523
0.000543
0.000561
0.000578
0.000590
0.000591
0.000581
0.000568
0.000564
0.000571
0.000579
0.000581
0.000578
0.000573
0.000566
0.000556
0.000548
0.000549
0.000560
0.000572
0.000580
0.000581
0.000580
0.000582
0.000585
0.000589
0.000590
0.000589
0.000589
0.000590
0.000591
0.000593
0.000596
0.000600
0.000606
0.000612
0.000621
0.000636
0.000657
0.000681
0.000701
0.000711
0.000708
0.000693
0.000672
0.000654
0.000646
0.000646
0.000649
0.000650
0.000646
0.000640
0.000636
0.000636
0.000641
0.000649
0.000655
0.000661
0.000663
0.000658
0.000644
0.000627
0.000614
0.000607
0.000600
0.000589
0.000575
0.000561
0.000548
0.000534
0.000527
0.000530
0.000542
0.000553
0.000555
0.000551
0.000548
0.000549
0.000552
0.000556
0.000562
0.000566
0.000567
0.000563
0.000559
0.000557
0.000556
0.000551
0.000545
0.000543
0.000547
0.000557
0.000566
0.000566
0.000560
0.000551
0.000548
0.000552
0.000560
0.000568
0.000576
0.000580
0.000578
0.000571
0.000564
0.000563
0.000570
0.000578
0.000580
0.000573
0.000558
0.000543
0.000535
0.000536
0.000548
0.000564
0.000579
0.000585
0.000582
0.000574
0.000570
0.000576
0.000592
0.000611
0.000628
0.000639
0.000650
0.000663
0.000675
0.000678
0.000669
0.000650
0.000631
0.000619
0.000615
0.000618
0.000627
0.000636
0.000640
0.000636
0.000625
0.000613
0.000602
0.000593
0.000586
0.000584
0.000588
0.000592
0.000591
0.000586
0.000581
0.000579
0.000577
0.000572
0.000565
0.000561
0.000559
0.000556
0.000552
0.000550
0.000551
0.000554
0.000559
0.000569
0.000582
0.000593
0.000594
0.000587
0.000580
0.000576
0.000574
0.000571
0.000566
0.000566
0.000573
0.000583
0.000593
0.000599
0.000600
0.000598
0.000594
0.000590
0.000584
0.000577
0.000569
0.000561
0.000555
0.000554
0.000561
0.000569
0.000572
0.000569
0.000567
0.000573
0.000584
0.000594
0.000601
0.000609
0.000617
0.000621
0.000618
0.000610
0.000603
0.000601
0.000602
0.000601
0.000597
0.000591
0.000582
0.000576
0.000575
0.000580
0.000591
0.000604
0.000616
0.000621
0.000618
0.000610
0.000603
0.000602
0.000610
0.000622
0.000630
0.000627
0.000612
0.000590
0.000568
0.000551
0.000543
0.000546
0.000554
0.000563
0.000572
0.000580
0.000586
0.000584
0.000576
0.000565
0.000555
0.000547
0.000542
0.000538
0.000535
0.000529
0.000523
0.000525
0.000539
0.000556
0.000565
0.000562
0.000551
0.000544
0.000543
0.000551
0.000562
0.000571
0.000575
0.000575
0.000574
0.000575
0.000578
0.000579
0.000572
0.000557
0.000543
0.000537
0.000542
0.000550
0.000557
0.000566
0.000579
0.000591
0.000596
0.000595
0.000592
0.000589
0.000591
0.000599
0.000611
0.000620
0.000620
0.000617
0.000621
0.000630
0.000630
0.000617
0.000599
0.000586
0.000581
0.000581
0.000586
0.000595
0.000603
0.000603
0.000595
0.000581
0.000568
0.000559
0.000556
0.000559
0.000563
0.000564
0.000563
0.000564
0.000564
0.000562
0.000561
0.000568
0.000580
0.000594
0.000607
0.000622
0.000636
0.000645
0.000646
0.000646
0.000651
0.000664
0.000680
0.000696
0.000708
0.000714
0.000712
0.000703
0.000687
0.000662
0.000630
0.000599
0.000581
0.000583
0.000600
0.000618
0.000628
0.000630
0.000631
0.000631
0.000628
0.000617
0.000603
0.000592
0.000589
0.000590
0.000593
0.000594
0.000593
0.000593
0.000596
0.000605
0.000615
0.000621
0.000620
0.000619
0.000624
0.000635
0.000644
0.000647
0.000647
0.000653
0.000665
0.000678
0.000688
0.000695
0.000702
0.000708
0.000707
0.000694
0.000672
0.000650
0.000634
0.000626
0.000623
0.000618
0.000610
0.000601
0.000596
0.000595
0.000596
0.000598
0.000604
0.000616
0.000635
0.000656
0.000676
0.000690
0.000694
0.000685
0.000667
0.000647
0.000633
0.000623
0.000619
0.000617
0.000617
0.000617
0.000615
0.000614
0.000617
0.000623
0.000628
0.000623
0.000610
0.000592
0.000575
0.000564
0.000564
0.000576
0.000593
0.000603
0.000601
0.000597
0.000605
0.000629
0.000657
0.000678
0.000694
0.000708
0.000721
0.000726
0.000725
0.000728
0.000742
0.000767
0.000800
0.000846
0.000917
0.001021
0.001149
0.001277
0.001378
0.001428
0.001418
0.001351
0.001249
0.001135
0.001029
0.000939
0.000866
0.000810
0.000770
0.000743
0.000722
0.000702
0.000684
0.000671
0.000663
0.000659
0.000658
0.000657
0.000655
0.000648
0.000640
0.000635
0.000631
0.000622
0.000605
0.000584
0.000562
0.000544
0.000531
0.000523
0.000522
0.000527
0.000537
0.000550
0.000564
0.000574
0.000579
0.000580
0.000575
0.000566
0.000554
0.000545
0.000541
0.000542
0.000549
0.000563
0.000577
0.000583
0.000580
0.000572
0.000568
0.000567
0.000565
0.000560
0.000554
0.000548
0.000546
0.000550
0.000558
0.000560
0.000553
0.000540
0.000532
0.000530
0.000536
0.000548
0.000562
0.000568
0.000559
0.000539
0.000518
0.000507
0.000503
0.000496
0.000485
0.000469
0.000455
0.000451
0.000462
0.000489
0.000519
0.000540
0.000546
0.000542
0.000534
0.000527
0.000523
0.000526
0.000531
0.000537
0.000542
0.000548
0.000554
0.000557
0.000555
0.000546
0.000533
0.000517
0.000505
0.000500
0.000502
0.000507
0.000511
0.000514
0.000514
0.000515
0.000519
0.000526
0.000535
0.000540
0.000539
0.000535
0.000529
0.000521
0.000510
0.000500
0.000493
0.000488
0.000483
0.000484
0.000497
0.000520
0.000541
0.000552
0.000552
0.000548
0.000546
0.000548
0.000553
0.000558
0.000562
0.000564
0.000565
0.000564
0.000559
0.000550
0.000541
0.000535
0.000533
0.000532
0.000530
0.000532
0.000543
0.000560
0.000575
0.000584
0.000590
0.000598
0.000606
0.000607
0.000600
0.000588
0.000574
0.000562
0.000551
0.000544
0.000542
0.000541
0.000537
0.000532
0.000531
0.000534
0.000539
0.000545
0.000548
0.000547
0.000542
0.000532
0.000525
0.000527
0.000542
0.000564
0.000582
0.000586
0.000579
0.000571
0.000567
0.000563
0.000556
0.000550
0.000551
0.000559
0.000566
0.000570
0.000576
0.000586
0.000594
0.000596
0.000593
0.000589
0.000582
0.000573
0.000563
0.000556
0.000551
0.000546
0.000540
0.000533
0.000526
0.000517
0.000506
0.000497
0.000493
0.000496
0.000504
0.000515
0.000525
0.000533
0.000542
0.000554
0.000563
0.000569
0.000572
0.000573
0.000574
0.000576
0.000582
0.000591
0.000597
0.000596
0.000587
0.000579
0.000575
0.000576
0.000578
0.000578
0.000575
0.000569
0.000563
0.000560
0.000562
0.000563
0.000562
0.000560
0.000560
0.000562
0.000565
0.000567
0.000572
0.000583
0.000597
0.000607
0.000608
0.000603
0.000599
0.000601
0.000602
0.000598
0.000590
0.000581
0.000570
0.000556
0.000545
0.000545
0.000556
0.000568
0.000577
0.000584
0.000594
0.000601
0.000601
0.000597
0.000599
0.000605
0.000606
0.000598
0.000588
0.000580
0.000576
0.000575
0.000573
0.000572
0.000569
0.000566
0.000566
0.000570
0.000577
0.000584
0.000589
0.000591
0.000594
0.000599
0.000604
0.000605
0.000595
0.000577
0.000560
0.000547
0.000541
0.000541
0.000547
0.000553
0.000557
0.000557
0.000554
0.000552
0.000550
0.000546
0.000541
0.000533
0.000522
0.000512
0.000506
0.000504
0.000504
0.000503
0.000501
0.000499
0.000498
0.000505
0.000523
0.000549
0.000568
0.000574
0.000573
0.000575
0.000585
0.000594
0.000597
0.000594
0.000590
0.000588
0.000588
0.000592
0.000597
0.000601
0.000603
0.000605
0.000609
0.000615
0.000619
0.000615
0.000604
0.000592
0.000582
0.000573
0.000566
0.000563
0.000564
0.000571
0.000581
0.000594
0.000606
0.000613
0.000611
0.000603
0.000591
0.000579
0.000570
0.000566
0.000573
0.000587
0.000600
0.000607
0.000605
0.000596
0.000583
0.000568
0.000553
0.000539
0.000522
0.000503
0.000484
0.000472
0.000470
0.000478
0.000490
0.000502
0.000510
0.000517
0.000525
0.000530
0.000524
0.000508
0.000490
0.000479
0.000475
0.000474
0.000478
0.000487
0.000501
0.000514
0.000522
0.000525
0.000527
0.000527
0.000532
0.000543
0.000557
0.000566
0.000565
0.000554
0.000540
0.000529
0.000524
0.000527
0.000532
0.000535
0.000536
0.000538
0.000545
0.000557
0.000570
0.000582
0.000588
0.000583
0.000570
0.000558
0.000554
0.000557
0.000564
0.000569
0.000572
0.000573
0.000569
0.000563
0.000557
0.000557
0.000563
0.000573
0.000581
0.000585
0.000588
0.000590
0.000588
0.000582
0.000576
0.000573
0.000576
0.000583
0.000591
0.000598
0.000597
0.000586
0.000570
0.000557
0.000550
0.000550
0.000552
0.000556
0.000558
0.000555
0.000548
0.000545
0.000545
0.000545
0.000541
0.000537
0.000535
0.000533
0.000525
0.000515
0.000510
0.000517
0.000538
0.000565
0.000589
0.000599
0.000597
0.000590
0.000582
0.000572
0.000559
0.000548
0.000545
0.000548
0.000548
0.000542
0.000532
0.000521
0.000508
0.000500
0.000505
0.000524
0.000550
0.000570
0.000581
0.000582
0.000576
0.000570
0.000571
0.000581
0.000595
0.000609
0.000622
0.000628
0.000623
0.000603
0.000579
0.000560
0.000552
0.000548
0.000542
0.000536
0.000534
0.000538
0.000546
0.000557
0.000567
0.000574
0.000576
0.000573
0.000569
0.000564
0.000562
0.000563
0.000568
0.000573
0.000574
0.000567
0.000556
0.000548
0.000545
0.000547
0.000553
0.000561
0.000571
0.000580
0.000581
0.000577
0.000576
0.000582
0.000592
0.000599
0.000604
0.000606
0.000602
0.000589
0.000575
0.000570
0.000577
0.000585
0.000585
0.000577
0.000570
0.000570
0.000574
0.000578
0.000573
0.000558
0.000537
0.000517
0.000503
0.000497
0.000498
0.000506
0.000518
0.000530
0.000538
0.000540
0.000537
0.000529
0.000517
0.000503
0.000489
0.000481
0.000482
0.000492
0.000511
0.000531
0.000547
0.000557
0.000562
0.000563
0.000564
0.000568
0.000577
0.000589
0.000599
0.000603
0.000603
0.000600
0.000597
0.000595
0.000596
0.000598
0.000597
0.000591
0.000581
0.000567
0.000546
0.000517
0.000488
0.000472
0.000475
0.000493
0.000513
0.000520
0.000510
0.000491
0.000480
0.000488
0.000513
0.000544
0.000573
0.000599
0.000622
0.000643
0.000663
0.000684
0.000708
0.000727
0.000733
0.000725
0.000710
0.000697
0.000684
0.000665
0.000638
0.000607
0.000580
0.000561
0.000551
0.000551
0.000562
0.000579
0.000591
0.000588
0.000577
0.000564
0.000557
0.000555
0.000555
0.000559
0.000567
0.000577
0.000585
0.000591
0.000594
0.000596
0.000601
0.000615
0.000642
0.000678
0.000709
0.000727
0.000734
0.000741
0.000756
0.000775
0.000790
0.000798
0.000800
0.000801
0.000798
0.000787
0.000768
0.000741
0.000709
0.000675
0.000647
0.000632
0.000628
0.000630
0.000632
0.000631
0.000628
0.000620
0.000606
0.000589
0.000579
0.000580
0.000587
0.000591
0.000587
0.000578
0.000573
0.000577
0.000587
0.000597
0.000604
0.000608
0.000613
0.000619
0.000628
0.000641
0.000655
0.000662
0.000659
0.000651
0.000647
0.000647
0.000643
0.000637
0.000632
0.000632
0.000633
0.000629
0.000623
0.000619
0.000617
0.000616
0.000613
0.000607
0.000596
0.000584
0.000576
0.000572
0.000568
0.000560
0.000552
0.000551
0.000555
0.000563
0.000570
0.000575
0.000576
0.000574
0.000574
0.000582
0.000596
0.000607
0.000612
0.000610
0.000604
0.000597
0.000592
0.000592
0.000591
0.000585
0.000575
0.000572
0.000580
0.000593
0.000599
0.000595
0.000589
0.000591
0.000602
0.000616
0.000626
0.000627
0.000621
0.000612
0.000605
0.000605
0.000607
0.000601
0.000581
0.000554
0.000535
0.000532
0.000542
0.000556
0.000568
0.000576
0.000579
0.000573
0.000559
0.000543
0.000533
0.000534
0.000544
0.000561
0.000581
0.000595
0.000597
0.000587
0.000571
0.000558
0.000551
0.000549
0.000550
0.000552
0.000555
0.000557
0.000557
0.000551
0.000545
0.000544
0.000551
0.000558
0.000558
0.000549
0.000540
0.000535
0.000533
0.000531
0.000527
0.000524
0.000526
0.000532
0.000540
0.000547
0.000548
0.000542
0.000534
0.000530
0.000529
0.000530
0.000534
0.000543
0.000558
0.000576
0.000595
0.000615
0.000637
0.000662
0.000685
0.000700
0.000701
0.000689
0.000670
0.000648
0.000624
0.000601
0.000585
0.000582
0.000589
0.000600
0.000608
0.000614
0.000620
0.000626
0.000628
0.000628
0.000626
0.000623
0.000621
0.000620
0.000618
0.000611
0.000597
0.000578
0.000558
0.000542
0.000531
0.000526
0.000527
0.000529
0.000532
0.000535
0.000541
0.000546
0.000549
0.000550
0.000556
0.000567
0.000575
0.000574
0.000570
0.000567
0.000566
0.000564
0.000562
0.000565
0.000574
0.000584
0.000591
0.000592
0.000584
0.000567
0.000548
0.000540
0.000547
0.000559
0.000568
0.000573
0.000579
0.000582
0.000582
0.000582
0.000587
0.000594
0.000596
0.000588
0.000577
0.000568
0.000562
0.000561
0.000564
0.000571
0.000581
0.000591
0.000600
0.000607
0.000609
0.000607
0.000606
0.000604
0.000593
0.000572
0.000550
0.000541
0.000546
0.000556
0.000564
0.000567
0.000571
0.000578
0.000587
0.000599
0.000615
0.000631
0.000640
0.000639
0.000631
0.000623
0.000617
0.000613
0.000607
0.000601
0.000596
0.000592
0.000585
0.000579
0.000576
0.000576
0.000573
0.000568
0.000562
0.000560
0.000564
0.000572
0.000584
0.000594
0.000596
0.000589
0.000577
0.000566
0.000559
0.000553
0.000547
0.000545
0.000553
0.000570
0.000589
0.000602
0.000605
0.000600
0.000588
0.000570
0.000548
0.000532
0.000531
0.000543
0.000554
0.000551
0.000535
0.000517
0.000507
0.000508
0.000519
0.000540
0.000571
0.000605
0.000633
0.000645
0.000644
0.000638
0.000634
0.000634
0.000633
0.000632
0.000633
0.000635
0.000634
0.000629
0.000624
0.000624
0.000628
0.000631
0.000631
0.000628
0.000621
0.000609
0.000594
0.000580
0.000573
0.000572
0.000577
0.000585
0.000591
0.000593
0.000590
0.000582
0.000573
0.000569
0.000571
0.000576
0.000577
0.000576
0.000574
0.000576
0.000582
0.000591
0.000602
0.000613
0.000620
0.000623
0.000625
0.000631
0.000637
0.000640
0.000637
0.000632
0.000623
0.000608
0.000586
0.000563
0.000540
0.000517
0.000501
0.000502
0.000520
0.000542
0.000557
0.000566
0.000578
0.000592
0.000604
0.000608
0.000604
0.000595
0.000581
0.000565
0.000551
0.000541
0.000532
0.000518
0.000504
0.000493
0.000488
0.000489
0.000490
0.000490
0.000489
0.000493
0.000500
0.000505
0.000507
0.000511
0.000518
0.000524
0.000523
0.000517
0.000514
0.000517
0.000525
0.000538
0.000558
0.000576
0.000582
0.000573
0.000565
0.000568
0.000581
0.000592
0.000597
0.000597
0.000596
0.000597
0.000602
0.000613
0.000623
0.000626
0.000618
0.000606
0.000595
0.000586
0.000579
0.000576
0.000579
0.000583
0.000588
0.000594
0.000605
0.000617
0.000622
0.000617
0.000606
0.000595
0.000591
0.000595
0.000604
0.000616
0.000626
0.000634
0.000642
0.000653
0.000664
0.000674
0.000678
0.000678
0.000679
0.000680
0.000679
0.000678
0.000677
0.000676
0.000670
0.000658
0.000644
0.000631
0.000621
0.000616
0.000622
0.000636
0.000650
0.000656
0.000651
0.000639
0.000626
0.000617
0.000616
0.000623
0.000635
0.000650
0.000666
0.000682
0.000698
0.000710
0.000723
0.000739
0.000752
0.000753
0.000739
0.000717
0.000691
0.000664
0.000636
0.000614
0.000606
0.000611
0.000621
0.000630
0.000633
0.000630
0.000624
0.000622
0.000624
0.000629
0.000632
0.000636
0.000640
0.000645
0.000651
0.000662
0.000673
0.000676
0.000666
0.000650
0.000637
0.000631
0.000631
0.000635
0.000642
0.000651
0.000656
0.000658
0.000652
0.000637
0.000616
0.000598
0.000592
0.000599
0.000607
0.000613
0.000618
0.000626
0.000637
0.000646
0.000652
0.000656
0.000660
0.000665
0.000669
0.000671
0.000670
0.000665
0.000659
0.000650
0.000638
0.000630
0.000634
0.000647
0.000657
0.000655
0.000643
0.000628
0.000612
0.000598
0.000587
0.000580
0.000578
0.000583
0.000597
0.000616
0.000630
0.000634
0.000635
0.000644
0.000660
0.000679
0.000694
0.000707
0.000716
0.000719
0.000715
0.000710
0.000709
0.000707
0.000699
0.000687
0.000678
0.000679
0.000687
0.000690
0.000682
0.000665
0.000653
0.000657
0.000673
0.000689
0.000697
0.000700
0.000702
0.000699
0.000684
0.000656
0.000629
0.000615
0.000621
0.000640
0.000664
0.000687
0.000706
0.000714
0.000713
0.000708
0.000705
0.000707
0.000714
0.000723
0.000727
0.000723
0.000710
0.000696
0.000686
0.000679
0.000670
0.000657
0.000647
0.000646
0.000654
0.000669
0.000689
0.000708
0.000720
0.000720
0.000712
0.000706
0.000709
0.000722
0.000736
0.000747
0.000755
0.000762
0.000771
0.000781
0.000784
0.000780
0.000771
0.000762
0.000751
0.000735
0.000717
0.000706
0.000703
0.000704
0.000705
0.000706
0.000709
0.000712
0.000713
0.000713
0.000719
0.000726
0.000733
0.000741
0.000753
0.000770
0.000783
0.000785
0.000780
0.000774
0.000769
0.000765
0.000757
0.000746
0.000733
0.000724
0.000726
0.000736
0.000749
0.000755
0.000753
0.000748
0.000746
0.000751
0.000756
0.000756
0.000752
0.000748
0.000747
0.000751
0.000753
0.000753
0.000748
0.000742
0.000735
0.000724
0.000713
0.000706
0.000706
0.000717
0.000734
0.000752
0.000767
0.000777
0.000787
0.000799
0.000814
0.000826
0.000833
0.000833
0.000831
0.000827
0.000822
0.000814
0.000804
0.000794
0.000786
0.000780
0.000779
0.000785
0.000799
0.000818
0.000835
0.000846
0.000850
0.000850
0.000850
0.000851
0.000852
0.000851
0.000853
0.000858
0.000864
0.000864
0.000856
0.000849
0.000855
0.000872
0.000887
0.000889
0.000880
0.000865
0.000855
0.000852
0.000855
0.000861
0.000865
0.000865
0.000864
0.000866
0.000872
0.000878
0.000882
0.000885
0.000892
0.000903
0.000912
0.000914
0.000907
0.000897
0.000890
0.000891
0.000896
0.000899
0.000898
0.000894
0.000891
0.000889
0.000894
0.000909
0.000931
0.000956
0.000980
0.001002
0.001026
0.001049
0.001065
0.001068
0.001059
0.001041
0.001020
0.001006
0.001006
0.001021
0.001040
0.001055
0.001062
0.001065
0.001070
0.001079
0.001091
0.001105
0.001119
0.001135
0.001157
0.001181
0.001201
0.001210
0.001208
0.001202
0.001198
0.001199
0.001205
0.001214
0.001223
0.001228
0.001229
0.001232
0.001240
0.001250
0.001257
0.001257
0.001254
0.001254
0.001260
0.001268
0.001271
0.001266
0.001257
0.001249
0.001247
0.001256
0.001273
0.001295
0.001317
0.001336
0.001352
0.001363
0.001367
0.001364
0.001359
0.001357
0.001358
0.001357
0.001355
0.001355
0.001359
0.001362
0.001364
0.001368
0.001378
0.001392
0.001404
0.001416
0.001429
0.001443
0.001456
0.001469
0.001480
0.001488
0.001493
0.001495
0.001499
0.001499
0.001489
0.001469
0.001448
0.001437
0.001437
0.001442
0.001448
0.001456
0.001468
0.001478
0.001484
0.001483
0.001478
0.001473
0.001470
0.001467
0.001468
0.001474
0.001485
0.001497
0.001505
0.001507
0.001508
0.001512
0.001517
0.001523
0.001531
0.001540
0.001550
0.001561
0.001570
0.001577
0.001581
0.001581
0.001580
0.001578
0.001576
0.001573
0.001572
0.001578
0.001586
0.001590
0.001587
0.001577
0.001565
0.001550
0.001532
0.001516
0.001507
0.001507
0.001511
0.001511
0.001507
0.001503
0.001503
0.001504
0.001501
0.001493
0.001480
0.001467
0.001456
0.001445
0.001433
0.001421
0.001412
0.001406
0.001401
0.001397
0.001388
0.001373
0.001356
0.001344
0.001340
0.001341
0.001342
0.001341
0.001337
0.001330
0.001318
0.001307
0.001302
0.001304
0.001306
0.001299
0.001284
0.001269
0.001262
0.001262
0.001264
0.001264
0.001265
0.001272
0.001285
0.001297
0.001307
0.001315
0.001323
0.001326
0.001318
0.001300
0.001280
0.001268
0.001259
0.001247
0.001228
0.001207
0.001190
0.001180
0.001176
0.001176
0.001177
0.001176
0.001171
0.001165
0.001157
0.001144
0.001127
0.001112
0.001111
0.001120
0.001128
0.001129
0.001128
0.001128
0.001128
0.001122
0.001109
0.001095
0.001083
0.001074
0.001065
0.001059
0.001057
0.001055
0.001049
0.001038
0.001028
0.001023
0.001022
0.001025
0.001029
0.001032
0.001029
0.001019
0.001004
0.000989
0.000977
0.000971
0.000972
0.000974
0.000968
0.000954
0.000938
0.000927
0.000919
0.000910
0.000902
0.000898
0.000898
0.000898
0.000894
0.000892
0.000896
0.000906
0.000917
0.000929
0.000940
0.000947
0.000948
0.000943
0.000937
0.000934
0.000934
0.000934
0.000934
0.000936
0.000938
0.000936
0.000927
0.000913
0.000898
0.000885
0.000872
0.000859
0.000848
0.000844
0.000847
0.000850
0.000849
0.000840
0.000824
0.000809
0.000802
0.000810
0.000827
0.000843
0.000851
0.000853
0.000847
0.000837
0.000827
0.000825
0.000832
0.000839
0.000842
0.000843
0.000845
0.000845
0.000837
0.000818
0.000796
0.000779
0.000772
0.000771
0.000770
0.000767
0.000763
0.000762
0.000768
0.000778
0.000788
0.000796
0.000806
0.000813
0.000813
0.000805
0.000796
0.000788
0.000776
0.000758
0.000744
0.000741
0.000748
0.000754
0.000754
0.000752
0.000749
0.000743
0.000731
0.000717
0.000712
0.000717
0.000729
0.000738
0.000739
0.000734
0.000730
0.000729
0.000727
0.000720
0.000708
0.000695
0.000685
0.000679
0.000679
0.000683
0.000683
0.000673
0.000653
0.000634
0.000623
0.000620
0.000622
0.000626
0.000634
0.000648
0.000666
0.000685
0.000700
0.000706
0.000702
0.000691
0.000682
0.000676
0.000674
0.000673
0.000674
0.000676
0.000677
0.000680
0.000689
0.000701
0.000709
0.000703
0.000689
0.000673
0.000664
0.000659
0.000658
0.000663
0.000676
0.000690
0.000699
0.000701
0.000703
0.000707
0.000709
0.000703
0.000693
0.000686
0.000686
0.000688
0.000687
0.000684
0.000682
0.000684
0.000688
0.000694
0.000702
0.000712
0.000717
0.000713
0.000698
0.000677
0.000657
0.000641
0.000633
0.000629
0.000628
0.000627
0.000627
0.000625
0.000620
0.000611
0.000599
0.000587
0.000577
0.000572
0.000574
0.000585
0.000604
0.000626
0.000643
0.000651
0.000651
0.000641
0.000625
0.000606
0.000594
0.000594
0.000607
0.000628
0.000644
0.000648
0.000639
0.000623
0.000615
0.000617
0.000626
0.000631
0.000631
0.000631
0.000637
0.000645
0.000649
0.000647
0.000642
0.000636
0.000628
0.000619
0.000611
0.000606
0.000611
0.000626
0.000646
0.000662
0.000668
0.000663
0.000656
0.000653
0.000657
0.000666
0.000678
0.000689
0.000694
0.000689
0.000671
0.000645
0.000622
0.000609
0.000607
0.000608
0.000605
0.000597
0.000591
0.000593
0.000600
0.000610
0.000621
0.000634
0.000646
0.000651
0.000648
0.000644
0.000642
0.000642
0.000642
0.000644
0.000647
0.000648
0.000648
0.000650
0.000657
0.000665
0.000663
0.000649
0.000633
0.000618
0.000604
0.000585
0.000568
0.000560
0.000560
0.000560
0.000558
0.000557
0.000561
0.000568
0.000572
0.000573
0.000573
0.000576
0.000581
0.000588
0.000592
0.000590
0.000586
0.000587
0.000594
0.000602
0.000602
0.000595
0.000594
0.000603
0.000616
0.000622
0.000621
0.000619
0.000622
0.000629
0.000634
0.000637
0.000636
0.000632
0.000624
0.000617
0.000613
0.000612
0.000610
0.000605
0.000594
0.000580
0.000571
0.000575
0.000589
0.000601
0.000599
0.000585
0.000571
0.000566
0.000565
0.000564
0.000559
0.000552
0.000543
0.000535
0.000533
0.000539
0.000551
0.000559
0.000559
0.000556
0.000552
0.000545
0.000534
0.000520
0.000511
0.000511
0.000515
0.000515
0.000509
0.000503
0.000500
0.000504
0.000513
0.000522
0.000529
0.000533
0.000534
0.000533
0.000531
0.000530
0.000529
0.000528
0.000525
0.000524
0.000527
0.000534
0.000542
0.000545
0.000542
0.000535
0.000531
0.000530
0.000529
0.000529
0.000533
0.000542
0.000553
0.000560
0.000560
0.000555
0.000549
0.000546
0.000545
0.000546
0.000547
0.000550
0.000561
0.000576
0.000590
0.000598
0.000605
0.000609
0.000605
0.000590
0.000572
0.000563
0.000570
0.000583
0.000594
0.000598
0.000599
0.000602
0.000605
0.000603
0.000592
0.000575
0.000560
0.000550
0.000548
0.000552
0.000560
0.000572
0.000580
0.000581
0.000575
0.000568
0.000561
0.000555
0.000552
0.000559
0.000572
0.000582
0.000580
0.000572
0.000571
0.000581
0.000593
0.000603
0.000614
0.000629
0.000644
0.000652
0.000649
0.000638
0.000622
0.000606
0.000591
0.000580
0.000571
0.000564
0.000561
0.000560
0.000564
0.000571
0.000581
0.000591
0.000597
0.000600
0.000600
0.000599
0.000599
0.000599
0.000597
0.000593
0.000588
0.000583
0.000577
0.000571
0.000568
0.000573
0.000582
0.000589
0.000594
0.000597
0.000598
0.000591
0.000578
0.000563
0.000553
0.000545
0.000534
0.000523
0.000519
0.000526
0.000539
0.000548
0.000550
0.000546
0.000540
0.000539
0.000544
0.000554
0.000562
0.000566
0.000569
0.000577
0.000591
0.000608
0.000622
0.000629
0.000625
0.000612
0.000599
0.000593
0.000598
0.000610
0.000625
0.000635
0.000636
0.000628
0.000618
0.000608
0.000593
0.000573
0.000552
0.000540
0.000539
0.000545
0.000553
0.000562
0.000572
0.000581
0.000587
0.000593
0.000601
0.000608
0.000609
0.000603
0.000592
0.000581
0.000578
0.000585
0.000596
0.000602
0.000600
0.000593
0.000588
0.000584
0.000578
0.000571
0.000564
0.000561
0.000557
0.000551
0.000542
0.000531
0.000522
0.000517
0.000518
0.000523
0.000529
0.000537
0.000548
0.000559
0.000562
0.000554
0.000546
0.000549
0.000561
0.000570
0.000573
0.000576
0.000582
0.000585
0.000577
0.000558
0.000538
0.000523
0.000516
0.000521
0.000542
0.000576
0.000609
0.000630
0.000634
0.000627
0.000611
0.000587
0.000558
0.000534
0.000521
0.000519
0.000525
0.000536
0.000548
0.000556
0.000556
0.000551
0.000547
0.000548
0.000554
0.000565
0.000577
0.000585
0.000585
0.000574
0.000555
0.000537
0.000525
0.000518
0.000514
0.000509
0.000501
0.000487
0.000471
0.000458
0.000455
0.000463
0.000480
0.000503
0.000529
0.000547
0.000553
0.000551
0.000549
0.000552
0.000557
0.000561
0.000565
0.000570
0.000574
0.000575
0.000574
0.000576
0.000580
0.000584
0.000586
0.000586
0.000586
0.000586
0.000586
0.000589
0.000595
0.000602
0.000608
0.000607
0.000600
0.000588
0.000576
0.000565
0.000553
0.000538
0.000524
0.000517
0.000516
0.000513
0.000507
0.000503
0.000506
0.000516
0.000529
0.000540
0.000545
0.000544
0.000540
0.000543
0.000557
0.000576
0.000585
0.000581
0.000570
0.000557
0.000547
0.000541
0.000542
0.000549
0.000556
0.000559
0.000554
0.000545
0.000536
0.000531
0.000527
0.000520
0.000505
0.000486
0.000471
0.000464
0.000464
0.000467
0.000469
0.000470
0.000475
0.000486
0.000500
0.000514
0.000522
0.000526
0.000529
0.000529
0.000527
0.000522
0.000518
0.000517
0.000516
0.000512
0.000503
0.000490
0.000479
0.000478
0.000491
0.000511
0.000526
0.000528
0.000520
0.000512
0.000505
0.000499
0.000499
0.000512
0.000532
0.000545
0.000541
0.000526
0.000509
0.000497
0.000487
0.000478
0.000474
0.000474
0.000474
0.000472
0.000469
0.000468
0.000466
0.000463
0.000458
0.000460
0.000470
0.000484
0.000494
0.000494
0.000486
0.000477
0.000468
0.000460
0.000449
0.000437
0.000422
0.000407
0.000393
0.000387
0.000395
0.000418
0.000446
0.000468
0.000476
0.000470
0.000457
0.000445
0.000441
0.000447
0.000461
0.000480
0.000495
0.000502
0.000499
0.000489
0.000479
0.000479
0.000487
0.000496
0.000498
0.000496
0.000497
0.000503
0.000509
0.000507
0.000499
0.000491
0.000491
0.000498
0.000506
0.000507
0.000499
0.000488
0.000482
0.000481
0.000481
0.000476
0.000465
0.000453
0.000445
0.000442
0.000445
0.000450
0.000453
0.000452
0.000451
0.000457
0.000474
0.000493
0.000504
0.000499
0.000484
0.000471
0.000465
0.000462
0.000455
0.000446
0.000447
0.000462
0.000484
0.000503
0.000514
0.000521
0.000527
0.000530
0.000528
0.000521
0.000514
0.000510
0.000510
0.000515
0.000522
0.000528
0.000529
0.000522
0.000510
0.000499
0.000493
0.000494
0.000499
0.000502
0.000498
0.000486
0.000472
0.000467
0.000474
0.000492
0.000512
0.000531
0.000545
0.000557
0.000564
0.000567
0.000564
0.000556
0.000547
0.000538
0.000528
0.000519
0.000515
0.000524
0.000544
0.000565
0.000577
0.000579
0.000578
0.000579
0.000581
0.000584
0.000591
0.000604
0.000620
0.000634
0.000645
0.000650
0.000647
0.000637
0.000626
0.000622
0.000628
0.000636
0.000643
0.000650
0.000658
0.000660
0.000654
0.000645
0.000641
0.000641
0.000638
0.000634
0.000635
0.000643
0.000650
0.000650
0.000645
0.000640
0.000636
0.000631
0.000622
0.000612
0.000604
0.000600
0.000600
0.000601
0.000597
0.000588
0.000576
0.000570
0.000571
0.000575
0.000576
0.000575
0.000574
0.000574
0.000573
0.000570
0.000566
0.000562
0.000559
0.000558
0.000558
0.000561
0.000562
0.000557
0.000543
0.000526
0.000515
0.000516
0.000526
0.000540
0.000552
0.000560
0.000561
0.000559
0.000557
0.000560
0.000567
0.000572
0.000569
0.000558
0.000549
0.000549
0.000556
0.000561
0.000562
0.000561
0.000562
0.000564
0.000563
0.000563
0.000566
0.000573
0.000581
0.000587
0.000589
0.000584
0.000569
0.000552
0.000547
0.000557
0.000576
0.000595
0.000612
0.000625
0.000633
0.000635
0.000631
0.000626
0.000624
0.000624
0.000627
0.000627
0.000617
0.000594
0.000568
0.000552
0.000550
0.000551
0.000547
0.000540
0.000535
0.000530
0.000529
0.000535
0.000552
0.000573
0.000588
0.000596
0.000606
0.000624
0.000646
0.000664
0.000671
0.000663
0.000648
0.000634
0.000624
0.000612
0.000594
0.000575
0.000565
0.000568
0.000574
0.000577
0.000580
0.000587
0.000597
0.000603
0.000599
0.000588
0.000575
0.000564
0.000556
0.000551
0.000549
0.000552
0.000562
0.000577
0.000595
0.000616
0.000638
0.000655
0.000664
0.000668
0.000669
0.000663
0.000651
0.000640
0.000639
0.000646
0.000648
0.000638
0.000623
0.000608
0.000595
0.000584
0.000578
0.000578
0.000582
0.000583
0.000581
0.000581
0.000583
0.000583
0.000581
0.000577
0.000575
0.000572
0.000570
0.000570
0.000575
0.000583
0.000591
0.000598
0.000603
0.000606
0.000607
0.000606
0.000605
0.000605
0.000612
0.000622
0.000631
0.000630
0.000622
0.000613
0.000609
0.000609
0.000614
0.000626
0.000644
0.000664
0.000677
0.000673
0.000650
0.000618
0.000593
0.000585
0.000591
0.000595
0.000593
0.000589
0.000590
0.000596
0.000606
0.000622
0.000643
0.000662
0.000672
0.000673
0.000667
0.000660
0.000653
0.000645
0.000641
0.000641
0.000649
0.000664
0.000681
0.000689
0.000682
0.000668
0.000656
0.000652
0.000655
0.000661
0.000671
0.000679
0.000684
0.000686
0.000686
0.000685
0.000681
0.000675
0.000669
0.000667
0.000668
0.000671
0.000675
0.000679
0.000684
0.000689
0.000692
0.000691
0.000687
0.000685
0.000687
0.000692
0.000695
0.000692
0.000684
0.000678
0.000676
0.000682
0.000692
0.000701
0.000702
0.000694
0.000684
0.000677
0.000677
0.000683
0.000694
0.000705
0.000709
0.000704
0.000691
0.000679
0.000669
0.000661
0.000655
0.000654
0.000655
0.000657
0.000659
0.000662
0.000667
0.000670
0.000667
0.000661
0.000658
0.000660
0.000667
0.000675
0.000677
0.000672
0.000657
0.000638
0.000622
0.000616
0.000618
0.000627
0.000635
0.000639
0.000640
0.000643
0.000652
0.000663
0.000669
0.000661
0.000642
0.000625
0.000622
0.000633
0.000649
0.000660
0.000665
0.000666
0.000664
0.000663
0.000663
0.000666
0.000672
0.000680
0.000692
0.000708
0.000720
0.000724
0.000723
0.000728
0.000744
0.000767
0.000792
0.000812
0.000824
0.000826
0.000819
0.000813
0.000812
0.000817
0.000825
0.000834
0.000842
0.000843
0.000835
0.000824
0.000820
0.000827
0.000838
0.000848
0.000853
0.000854
0.000851
0.000844
0.000838
0.000835
0.000834
0.000837
0.000842
0.000845
0.000840
0.000829
0.000825
0.000837
0.000857
0.000876
0.000892
0.000911
0.000938
0.000970
0.001002
0.001034
0.001066
0.001095
0.001121
0.001146
0.001174
0.001206
0.001243
0.001287
0.001342
0.001409
0.001486
0.001570
0.001652
0.001724
0.001782
0.001826
0.001856
0.001866
0.001854
0.001819
0.001767
0.001701
0.001623
0.001539
0.001459
0.001390
0.001332
0.001281
0.001236
0.001200
0.001174
0.001157
0.001146
0.001140
0.001134
0.001128
0.001119
0.001113
0.001116
0.001132
0.001159
0.001187
0.001206
0.001210
0.001202
0.001192
0.001185
0.001182
0.001178
0.001174
0.001173
0.001175
0.001173
0.001163
0.001146
0.001134
0.001135
0.001150
0.001175
0.001202
0.001225
0.001239
0.001248
0.001257
0.001267
0.001273
0.001272
0.001269
0.001269
0.001269
0.001263
0.001251
0.001242
0.001246
0.001256
0.001262
0.001257
0.001249
0.001246
0.001252
0.001262
0.001272
0.001281
0.001294
0.001315
0.001343
0.001371
0.001394
0.001411
0.001423
0.001434
0.001447
0.001464
0.001486
0.001510
0.001532
0.001550
0.001567
0.001593
0.001632
0.001677
0.001717
0.001753
0.001790
0.001832
0.001877
0.001919
0.001959
0.002000
0.002045
0.002091
0.002135
0.002176
0.002215
0.002250
0.002283
0.002313
0.002341
0.002370
0.002405
0.002448
0.002497
0.002544
0.002585
0.002620
0.002651
0.002680
0.002708
0.002740
0.002779
0.002823
0.002868
0.002911
0.002948
0.002980
0.003009
0.003045
0.003092
0.003147
0.003204
0.003258
0.003314
0.003369
0.003422
0.003469
0.003513
0.003560
0.003616
0.003681
0.003754
0.003830
0.003904
0.003978
0.004052
0.004128
0.004209
0.004298
0.004396
0.004498
0.004604
0.004721
0.004853
0.004992
0.005122
0.005239
0.005351
0.005472
0.005604
0.005742
0.005882
0.006022
0.006164
0.006307
0.006451
0.006595
0.006734
0.006866
0.006998
0.007134
0.007274
0.007413
0.007545
0.007671
0.007792
0.007908
0.008014
0.008106
0.008186
0.008260
0.008332
0.008404
0.008466
0.008510
0.008538
0.008566
0.008609
0.008667
0.008728
0.008783
0.008832
0.008878
0.008924
0.008969
0.009015
0.009063
0.009115
0.009175
0.009245
0.009330
0.009426
0.009529
0.009638
0.009749
0.009860
0.009971
0.010085
0.010208
0.010341
0.010488
0.010651
0.010832
0.011027
0.011223
0.011410
0.011586
0.011761
0.011940
0.012121
0.012298
0.012468
0.012634
0.012794
0.012946
0.013081
0.013195
0.013285
0.013353
0.013406
0.013452
0.013496
0.013542
0.013585
0.013618
0.013635
0.013637
0.013632
0.013623
0.013608
0.013584
0.013553
0.013526
0.013512
0.013513
0.013524
0.013543
0.013574
0.013620
0.013678
0.013743
0.013810
0.013882
0.013956
0.014032
0.014106
0.014183
0.014265
0.014350
0.014429
0.014494
0.014538
0.014565
0.014575
0.014567
0.014538
0.014488
0.014424
0.014350
0.014268
0.014173
0.014059
0.013925
0.013773
0.013610
0.013444
0.013283
0.013126
0.012971
0.012814
0.012661
0.012517
0.012382
0.012246
0.012108
0.011978
0.011871
0.011791
0.011729
0.011673
0.011620
0.011569
0.011519
0.011469
0.011420
0.011379
0.011349
0.011324
0.011297
0.011263
0.011222
0.011173
0.011117
0.011056
0.010988
0.010913
0.010835
0.010759
0.010688
0.010619
0.010543
0.010460
0.010372
0.010282
0.010189
0.010089
0.009981
0.009867
0.009750
0.009633
0.009517
0.009400
0.009281
0.009160
0.009041
0.008926
0.008818
0.008718
0.008630
0.008549
0.008471
0.008401
0.008344
0.008303
0.008268
0.008230
0.008185
0.008137
0.008089
0.008048
0.008016
0.007990
0.007965
0.007934
0.007899
0.007868
0.007847
0.007835
0.007827
0.007816
0.007797
0.007767
0.007727
0.007679
0.007627
0.007576
0.007529
0.007482
0.007431
0.007374
0.007312
0.007240
0.007151
0.007042
0.006927
0.006819
0.006715
0.006605
0.006484
0.006362
0.006247
0.006139
0.006030
0.005918
0.005804
0.005690
0.005578
0.005470
0.005369
0.005274
0.005183
0.005099
0.005021
0.004947
0.004873
0.004796
0.004720
0.004649
0.004586
0.004527
0.004467
0.004400
0.004328
0.004263
0.004213
0.004174
0.004140
0.004103
0.004062
0.004020
0.003974
0.003926
0.003876
0.003828
0.003788
0.003751
0.003715
0.003676
0.003639
0.003608
0.003586
0.003569
0.003553
0.003535
0.003514
0.003486
0.003449
0.003403
0.003351
0.003298
0.003251
0.003212
0.003178
0.003140
0.003095
0.003048
0.003008
0.002977
0.002955
0.002936
0.002919
0.002900
0.002879
0.002858
0.002841
0.002824
0.002801
0.002774
0.002748
0.002727
0.002711
0.002699
0.002694
0.002694
0.002695
0.002691
0.002683
0.002674
0.002667
0.002664
0.002669
0.002682
0.002705
0.002731
0.002758
0.002785
0.002814
0.002847
0.002887
0.002934
0.002989
0.003052
0.003120
0.003191
0.003272
0.003372
0.003494
0.003636
0.003796
0.003981
0.004198
0.004448
0.004731
0.005053
0.005427
0.005863
0.006365
0.006951
0.007661
0.008546
0.009660
0.011059
0.012811
0.014991
0.017666
0.020867
0.024544
0.028530
0.032524
0.036113
0.038849
0.040349
0.040404
0.039046
0.036543
0.033310
0.029805
0.026425
0.023464
0.021100
0.019422
0.018460
0.018224
0.018714
0.019932
0.021875
0.024510
0.027722
0.031272
0.034777
0.037768
0.039781
0.040467
0.039681
0.037524
0.034309
0.030466
0.026427
0.022538
0.019024
0.016001
0.013493
0.011469
0.009865
0.008607
0.007621
0.006842
0.006219
0.005714
0.005299
0.004952
0.004650
0.004380
0.004135
0.003913
0.003717
0.003543
0.003392
0.003263
0.003154
0.003064
0.002992
0.002935
0.002892
0.002859
0.002834
0.002816
0.002807
0.002805
0.002808
0.002816
0.002832
0.002858
0.002888
0.002912
0.002922
0.002922
0.002916
0.002912
0.002909
0.002907
0.002906
0.002909
0.002919
0.002934
0.002954
0.002978
0.003007
0.003037
0.003069
0.003101
0.003132
0.003165
0.003202
0.003243
0.003286
0.003324
0.003359
0.003393
0.003426
0.003451
0.003464
0.003469
0.003472
0.003473
0.003472
0.003470
0.003469
0.003465
0.003457
0.003446
0.003438
0.003434
0.003430
0.003422
0.003412
0.003400
0.003382
0.003359
0.003335
0.003311
0.003283
0.003251
0.003219
0.003194
0.003172
0.003145
0.003107
0.003063
0.003019
0.002985
0.002967
0.002961
0.002956
0.002940
0.002913
0.002878
0.002837
0.002794
0.002749
0.002703
0.002652
0.002589
0.002514
0.002441
0.002381
0.002334
0.002294
0.002255
0.002221
0.002190
0.002160
0.002125
0.002086
0.002048
0.002013
0.001978
0.001933
0.001877
0.001814
0.001750
0.001689
0.001634
0.001584
0.001542
0.001512
0.001490
0.001470
0.001445
0.001410
0.001370
0.001332
0.001300
0.001270
0.001242
0.001220
0.001213
0.001227
0.001260
0.001307
0.001362
0.001421
0.001480
0.001539
0.001592
0.001635
0.001663
0.001673
0.001668
0.001649
0.001627
0.001611
0.001612
0.001624
0.001633
0.001628
0.001607
0.001570
0.001516
0.001445
0.001360
0.001273
0.001193
0.001124
0.001063
0.001009
0.000966
0.000930
0.000899
0.000870
0.000846
0.000831
0.000822
0.000815
0.000805
0.000794
0.000779
0.000758
0.000734
0.000712
0.000697
0.000683
0.000665
0.000647
0.000637
0.000636
0.000634
0.000626
0.000613
0.000600
0.000587
0.000575
0.000565
0.000562
0.000566
0.000570
0.000568
0.000560
0.000551
0.000548
0.000553
0.000560
0.000566
0.000569
0.000575
0.000585
0.000595
0.000599
0.000593
0.000582
0.000568
0.000555
0.000545
0.000539
0.000537
0.000537
0.000537
0.000537
0.000537
0.000537
0.000536
0.000533
0.000528
0.000518
0.000504
0.000486
0.000465
0.000445
0.000435
0.000439
0.000453
0.000468
0.000475
0.000476
0.000475
0.000476
0.000479
0.000478
0.000471
0.000458
0.000441
0.000423
0.000408
0.000396
0.000387
0.000386
0.000392
0.000404
0.000415
0.000422
0.000425
0.000426
0.000427
0.000426
0.000425
0.000428
0.000433
0.000435
0.000434
0.000431
0.000431
0.000431
0.000426
0.000417
0.000408
0.000404
0.000406
0.000412
0.000417
0.000415
0.000402
0.000383
0.000368
0.000359
0.000353
0.000344
0.000337
0.000334
0.000334
0.000333
0.000329
0.000326
0.000326
0.000330
0.000337
0.000342
0.000340
0.000326
0.000305
0.000291
0.000288
0.000290
0.000291
0.000292
0.000297
0.000302
0.000302
0.000296
0.000294
0.000301
0.000313
0.000326
0.000337
0.000349
0.000363
0.000374
0.000379
0.000375
0.000367
0.000358
0.000352
0.000349
0.000354
0.000368
0.000390
0.000414
0.000432
0.000440
0.000443
0.000443
0.000447
0.000452
0.000457
0.000457
0.000455
0.000456
0.000465
0.000478
0.000489
0.000492
0.000485
0.000472
0.000457
0.000446
0.000438
0.000432
0.000429
0.000431
0.000434
0.000431
0.000421
0.000406
0.000396
0.000394
0.000403
0.000422
0.000443
0.000455
0.000454
0.000446
0.000439
0.000434
0.000428
0.000419
0.000411
0.000401
0.000390
0.000376
0.000364
0.000358
0.000359
0.000365
0.000375
0.000383
0.000388
0.000391
0.000395
0.000395
0.000383
0.000363
0.000352
0.000356
0.000368
0.000374
0.000370
0.000361
0.000351
0.000346
0.000351
0.000366
0.000382
0.000389
0.000382
0.000370
0.000358
0.000344
0.000327
0.000310
0.000297
0.000290
0.000288
0.000292
0.000300
0.000310
0.000321
0.000331
0.000335
0.000330
0.000318
0.000306
0.000302
0.000306
0.000315
0.000328
0.000338
0.000340
0.000335
0.000329
0.000329
0.000335
0.000341
0.000342
0.000338
0.000332
0.000329
0.000335
0.000348
0.000364
0.000379
0.000389
0.000390
0.000379
0.000360
0.000340
0.000329
0.000328
0.000335
0.000351
0.000374
0.000395
0.000405
0.000408
0.000411
0.000422
0.000438
0.000454
0.000469
0.000485
0.000505
0.000526
0.000544
0.000558
0.000563
0.000561
0.000558
0.000560
0.000568
0.000582
0.000598
0.000611
0.000617
0.000614
0.000604
0.000592
0.000580
0.000566
0.000555
0.000553
0.000566
0.000592
0.000622
0.000649
0.000675
0.000700
0.000724
0.000742
0.000752
0.000752
0.000740
0.000718
0.000695
0.000679
0.000675
0.000676
0.000675
0.000668
0.000661
0.000664
0.000680
0.000707
0.000735
0.000758
0.000778
0.000798
0.000816
0.000830
0.000839
0.000850
0.000865
0.000883
0.000896
0.000904
0.000908
0.000910
0.000908
0.000907
0.000910
0.000919
0.000929
0.000939
0.000949
0.000959
0.000967
0.000967
0.000962
0.000955
0.000945
0.000931
0.000916
0.000903
0.000894
0.000889
0.000886
0.000887
0.000891
0.000896
0.000902
0.000906
0.000912
0.000917
0.000918
0.000912
0.000904
0.000898
0.000902
0.000918
0.000945
0.000973
0.000993
0.001001
0.001002
0.001002
0.001003
0.001000
0.000995
0.000992
0.000995
0.001000
0.000998
0.000991
0.000981
0.000970
0.000957
0.000943
0.000931
0.000922
0.000911
0.000894
0.000875
0.000859
0.000846
0.000832
0.000814
0.000797
0.000783
0.000768
0.000751
0.000736
0.000728
0.000730
0.000735
0.000733
0.000721
0.000705
0.000690
0.000678
0.000666
0.000655
0.000646
0.000639
0.000630
0.000616
0.000598
0.000580
0.000570
0.000569
0.000573
0.000577
0.000578
0.000576
0.000569
0.000556
0.000540
0.000527
0.000516
0.000502
0.000481
0.000459
0.000443
0.000433
0.000424
0.000409
0.000390
0.000377
0.000375
0.000382
0.000390
0.000396
0.000400
0.000409
0.000420
0.000428
0.000427
0.000415
0.000395
0.000370
0.000344
0.000324
0.000316
0.000317
0.000320
0.000320
0.000317
0.000315
0.000317
0.000325
0.000339
0.000356
0.000370
0.000379
0.000379
0.000372
0.000363
0.000360
0.000369
0.000386
0.000400
0.000411
0.000419
0.000426
0.000426
0.000414
0.000394
0.000375
0.000366
0.000368
0.000379
0.000388
0.000383
0.000368
0.000355
0.000354
0.000360
0.000365
0.000369
0.000375
0.000379
0.000377
0.000370
0.000366
0.000367
0.000368
0.000369
0.000376
0.000388
0.000397
0.000396
0.000390
0.000387
0.000386
0.000385
0.000385
0.000392
0.000400
0.000405
0.000403
0.000401
0.000401
0.000401
0.000400
0.000399
0.000398
0.000398
0.000402
0.000412
0.000425
0.000434
0.000433
0.000428
0.000428
0.000433
0.000439
0.000437
0.000427
0.000412
0.000397
0.000381
0.000368
0.000359
0.000354
0.000350
0.000345
0.000340
0.000335
0.000330
0.000324
0.000317
0.000311
0.000309
0.000310
0.000309
0.000305
0.000297
0.000285
0.000271
0.000257
0.000248
0.000247
0.000253
0.000263
0.000270
0.000274
0.000273
0.000269
0.000263
0.000256
0.000253
0.000255
0.000261
0.000270
0.000277
0.000282
0.000285
0.000287
0.000286
0.000281
0.000270
0.000254
0.000239
0.000229
0.000224
0.000224
0.000231
0.000245
0.000261
0.000272
0.000279
0.000285
0.000292
0.000294
0.000289
0.000282
0.000281
0.000286
0.000294
0.000304
0.000320
0.000338
0.000350
0.000348
0.000336
0.000324
0.000320
0.000321
0.000320
0.000311
0.000297
0.000284
0.000279
0.000280
0.000283
0.000283
0.000280
0.000281
0.000292
0.000312
0.000331
0.000338
0.000333
0.000323
0.000314
0.000307
0.000301
0.000297
0.000294
0.000292
0.000286
0.000275
0.000262
0.000249
0.000239
0.000232
0.000230
0.000226
0.000218
0.000207
0.000199
0.000195
0.000193
0.000188
0.000182
0.000182
0.000189
0.000202
0.000218
0.000237
0.000256
0.000268
0.000271
0.000267
0.000262
0.000261
0.000265
0.000273
0.000279
0.000284
0.000285
0.000285
0.000285
0.000290
0.000301
0.000316
0.000330
0.000342
0.000351
0.000358
0.000364
0.000369
0.000375
0.000383
0.000392
0.000401
0.000409
0.000416
0.000423
0.000432
0.000447
0.000464
0.000476
0.000479
0.000479
0.000482
0.000482
0.000474
0.000458
0.000447
0.000450
0.000464
0.000475
0.000480
0.000489
0.000510
0.000534
0.000546
0.000538
0.000517
0.000497
0.000485
0.000483
0.000487
0.000490
0.000487
0.000475
0.000461
0.000449
0.000441
0.000433
0.000425
0.000418
0.000414
0.000413
0.000411
0.000405
0.000389
0.000365
0.000344
0.000331
0.000325
0.000321
0.000317
0.000315
0.000316
0.000318
0.000323
0.000331
0.000339
0.000338
0.000326
0.000313
0.000309
0.000318
0.000334
0.000350
0.000365
0.000380
0.000391
0.000402
0.000416
0.000438
0.000465
0.000491
0.000514
0.000540
0.000569
0.000592
0.000601
0.000596
0.000590
0.000591
0.000597
0.000607
0.000624
0.000649
0.000681
0.000710
0.000730
0.000739
0.000740
0.000742
0.000750
0.000763
0.000769
0.000762
0.000750
0.000744
0.000742
0.000736
0.000723
0.000714
0.000714
0.000721
0.000726
0.000731
0.000738
0.000747
0.000756
0.000765
0.000776
0.000788
0.000793
0.000788
0.000772
0.000752
0.000734
0.000722
0.000716
0.000710
0.000699
0.000684
0.000670
0.000662
0.000660
0.000661
0.000661
0.000658
0.000654
0.000653
0.000663
0.000682
0.000703
0.000716
0.000719
0.000714
0.000712
0.000716
0.000727
0.000737
0.000744
0.000750
0.000759
0.000772
0.000787
0.000804
0.000821
0.000837
0.000851
0.000865
0.000883
0.000906
0.000935
0.000966
0.000996
0.001018
0.001033
0.001048
0.001071
0.001097
0.001120
0.001136
0.001148
0.001163
0.001180
0.001199
0.001221
0.001249
0.001280
0.001309
0.001332
0.001347
0.001353
0.001352
0.001349
0.001348
0.001352
0.001361
0.001371
0.001379
0.001383
0.001386
0.001391
0.001399
0.001407
0.001412
0.001417
0.001427
0.001440
0.001449
0.001448
0.001440
0.001431
0.001425
0.001416
0.001400
0.001379
0.001360
0.001345
0.001331
0.001319
0.001312
0.001312
0.001313
0.001310
0.001306
0.001305
0.001308
0.001309
0.001306
0.001303
0.001306
0.001316
0.001329
0.001342
0.001352
0.001361
0.001367
0.001372
0.001381
0.001396
0.001419
0.001450
0.001493
0.001547
0.001608
0.001667
0.001722
0.001779
0.001838
0.001897
0.001955
0.002016
0.002084
0.002159
0.002237
0.002320
0.002414
0.002518
0.002624
0.002719
0.002797
0.002863
0.002921
0.002975
0.003019
0.003047
0.003060
0.003063
0.003064
0.003071
0.003084
0.003103
0.003131
0.003166
0.003203
0.003235
0.003261
0.003286
0.003311
0.003338
0.003363
0.003388
0.003415
0.003442
0.003466
0.003481
0.003493
0.003512
0.003543
0.003587
0.003637
0.003689
0.003738
0.003780
0.003816
0.003853
0.003902
0.003966
0.004036
0.004106
0.004182
0.004270
0.004372
0.004484
0.004608
0.004747
0.004905
0.005090
0.005307
0.005559
0.005830
0.006095
0.006327
0.006513
0.006653
0.006761
0.006855
0.006946
0.007028
0.007083
0.007098
0.007071
0.007012
0.006937
0.006858
0.006779
0.006703
0.006632
0.006574
0.006533
0.006500
0.006468
0.006439
0.006425
0.006427
0.006436
0.006441
0.006444
0.006455
0.006482
0.006525
0.006579
0.006634
0.006681
0.006723
0.006768
0.006819
0.006876
0.006937
0.007004
0.007077
0.007149
0.007218
0.007286
0.007358
0.007438
0.007531
0.007637
0.007755
0.007874
0.007994
0.008120
0.008256
0.008395
0.008530
0.008662
0.008795
0.008929
0.009062
0.009198
0.009346
0.009504
0.009670
0.009843
0.010027
0.010223
0.010426
0.010632
0.010837
0.011035
0.011226
0.011411
0.011596
0.011784
0.011972
0.012158
0.012344
0.012531
0.012720
0.012911
0.013109
0.013316
0.013534
0.013760
0.013991
0.014225
0.014465
0.014715
0.014979
0.015252
0.015526
0.015796
0.016062
0.016328
0.016597
0.016867
0.017134
0.017395
0.017649
0.017902
0.018154
0.018404
0.018650
0.018893
0.019135
0.019374
0.019607
0.019830
0.020041
0.020239
0.020425
0.020611
0.020804
0.021006
0.021205
0.021391
0.021559
0.021707
0.021838
0.021952
0.022049
0.022131
0.022202
0.022269
0.022338
0.022418
0.022519
0.022654
0.022831
0.023055
0.023324
0.023632
0.023962
0.024299
0.024636
0.024976
0.025320
0.025664
0.026002
0.026332
0.026652
0.026958
0.027252
0.027547
0.027855
0.028184
0.028539
0.028927
0.029357
0.029829
0.030340
0.030899
0.031518
0.032201
0.032946
0.033748
0.034593
0.035464
0.036342
0.037217
0.038093
0.038969
0.039841
0.040703
0.041560
0.042427
0.043332
0.044296
0.045330
0.046430
0.047592
0.048818
0.050117
0.051486
0.052924
0.054436
0.056036
0.057738
0.059554
0.061503
0.063613
0.065919
0.068456
0.071269
0.074413
0.077944
0.081927
0.086439
0.091560
0.097358
0.103862
0.111061
0.118908
0.127341
0.136305
0.145763
0.155684
0.166029
0.176755
0.187816
0.199170
0.210772
0.222573
0.234526
0.246587
0.258708
0.270840
0.282937
0.294951
0.306833
0.318533
0.330002
0.341168
0.351934
0.362197
0.371877
0.380920
0.389297
0.397007
0.404084
0.410571
0.416494
0.421868
0.426724
0.431102
0.435032
0.438541
0.441671
0.444489
0.447073
0.449513
0.451937
0.454493
0.457323
0.460534
0.464199
0.468348
0.472970
0.478012
0.483380
0.488903
0.494320
0.499333
0.503671
0.507081
0.509286
0.509973
0.508819
0.505463
0.499452
0.490264
0.477426
0.460653
0.439980
0.415918
0.389520
0.362215
0.335499
0.310788
0.289586
0.273850
0.266440
0.271447
0.293927
0.338448
0.406752
0.495839
0.597697
0.700707
0.791997
0.860230
0.898427
0.905744
0.887011
0.850216
0.803704
0.754655
0.708721
0.669843
0.639967
0.619147
0.606262
0.599831
0.598457
0.600965
0.606477
0.614415
0.624377
0.636011
0.648982
0.663008
0.677836
0.693217
0.708921
0.724761
0.740573
0.756194
0.771472
0.786283
0.800515
0.814059
0.826834
0.838796
0.849917
0.860165
0.869531
0.878041
0.885718
0.892547
0.898483
0.903490
0.907568
0.910753
0.913110
0.914713
0.915600
0.915747
0.915092
0.913557
0.911061
0.907549
0.903021
0.897560
0.891300
0.884392
0.876981
0.869190
0.861099
0.852726
0.844047
0.835017
0.825575
0.815662
0.805248
0.794356
0.783053
0.771420
0.759549
0.747540
0.735488
0.723477
0.711571
0.699811
0.688201
0.676698
0.665245
0.653790
0.642300
0.630754
0.619151
0.607518
0.595891
0.584309
0.572805
0.561412
0.550142
0.538985
0.527923
0.516952
0.506075
0.495284
0.484559
0.473892
0.463289
0.452773
0.442371
0.432113
0.422017
0.412089
0.402326
0.392722
0.383269
0.373962
0.364821
0.355893
0.347227
0.338854
0.330788
0.323045
0.315639
0.308556
0.301763
0.295226
0.288921
0.282820
0.276891
0.271113
0.265473
0.259951
0.254529
0.249194
0.243936
0.238737
0.233573
0.228427
0.223294
0.218159
0.213006
0.207834
0.202656
0.197487
0.192330
0.187185
0.182064
0.176980
0.171943
0.166966
0.162068
0.157269
0.152582
0.148017
0.143578
0.139267
0.135081
0.131017
0.127076
0.123259
0.119567
0.116005
0.112575
0.109275
0.106097
0.103042
0.100113
0.097309
0.094617
0.092026
0.089537
0.087147
0.084851
0.082635
0.080490
0.078412
0.076401
0.074456
0.072581
0.070772
0.069020
0.067315
0.065653
0.064039
0.062478
0.060977
0.059536
0.058147
0.056799
0.055489
0.054215
0.052980
0.051782
0.050624
0.049505
0.048416
0.047352
0.046312
0.045305
0.044327
0.043367
0.042419
0.041486
0.040573
0.039681
0.038808
0.037956
0.037123
0.036304
0.035495
0.034699
0.033922
0.033163
0.032422
0.031701
0.030997
0.030306
0.029629
0.028970
0.028330
0.027701
0.027078
0.026460
0.025854
0.025259
0.024669
0.024082
0.023502
0.022928
0.022360
0.021803
0.021263
0.020738
0.020222
0.019713
0.019217
0.018739
0.018276
0.017824
0.017379
0.016941
0.016509
0.016086
0.015675
0.015278
0.014893
0.014526
0.014177
0.013847
0.013532
0.013233
0.012946
0.012667
0.012396
0.012141
0.011915
0.011728
0.011573
0.011432
0.011296
0.011163
0.011042
0.010938
0.010851
0.010777
0.010710
0.010648
0.010583
0.010500
0.010381
0.010221
0.010022
0.009796
0.009549
0.009282
0.008996
0.008695
0.008382
0.008059
0.007734
0.007419
0.007126
0.006860
0.006618
0.006398
0.006198
0.006023
0.005869
0.005731
0.005604
0.005483
0.005365
0.005246
0.005131
0.005025
0.004933
0.004850
0.004771
0.004697
0.004629
0.004568
0.004513
0.004459
0.004408
0.004361
0.004319
0.004281
0.004239
0.004188
0.004130
0.004075
0.004029
0.003991
0.003961
0.003937
0.003913
0.003880
0.003840
0.003801
0.003768
0.003738
0.003710
0.003687
0.003667
0.003643
0.003608
0.003563
0.003521
0.003487
0.003466
0.003458
0.003462
0.003463
0.003449
0.003421
0.003394
0.003374
0.003351
0.003316
0.003277
0.003245
0.003226
0.003213
0.003202
0.003186
0.003165
0.003141
0.003122
0.003110
0.003099
0.003085
0.003067
0.003048
0.003027
0.002999
0.002968
0.002940
0.002926
0.002924
0.002930
0.002936
0.002937
0.002927
0.002907
0.002880
0.002854
0.002836
0.002828
0.002825
0.002817
0.002797
0.002768
0.002739
0.002718
0.002706
0.002697
0.002686
0.002673
0.002666
0.002665
0.002666
0.002667
0.002669
0.002673
0.002677
0.002676
0.002669
0.002656
0.002641
0.002628
0.002624
0.002631
0.002642
0.002650
0.002654
0.002654
0.002647
0.002625
0.002597
0.002575
0.002564
0.002559
0.002554
0.002551
0.002552
0.002556
0.002563
0.002575
0.002591
0.002605
0.002614
0.002618
0.002621
0.002623
0.002626
0.002628
0.002629
0.002625
0.002617
0.002612
0.002615
0.002624
0.002638
0.002653
0.002665
0.002669
0.002672
0.002680
0.002694
0.002707
0.002718
0.002734
0.002757
0.002776
0.002779
0.002766
0.002750
0.002740
0.002742
0.002759
0.002782
0.002799
0.002804
0.002807
0.002816
0.002828
0.002837
0.002843
0.002848
0.002847
0.002837
0.002827
0.002827
0.002837
0.002851
0.002867
0.002884
0.002900
0.002911
0.002924
0.002945
0.002970
0.002991
0.003009
0.003037
0.003079
0.003124
0.003164
0.003195
0.003222
0.003248
0.003283
0.003332
0.003388
0.003436
0.003475
0.003511
0.003553
0.003601
0.003657
0.003725
0.003804
0.003890
0.003981
0.004078
0.004178
0.004282
0.004400
0.004544
0.004713
0.004898
0.005105
0.005353
0.005643
0.005969
0.006330
0.006743
0.007216
0.007758
0.008395
0.009171
0.010119
0.011267
0.012669
0.014411
0.016583
0.019275
0.022614
0.026758
0.031830
0.037875
0.044813
0.052263
0.059286
0.064410
0.066212
0.064137
0.058835
0.051704
0.044108
0.036923
0.030568
0.025208
0.020854
0.017402
0.014694
0.012587
0.010966
0.009718
0.008745
0.007982
0.007393
0.006946
0.006610
0.006373
0.006229
0.006165
0.006162
0.006223
0.006368
0.006608
0.006939
0.007363
0.007908
0.008604
0.009472
0.010551
0.011919
0.013671
0.015899
0.018714
0.022275
0.026753
0.032268
0.038861
0.046388
0.054271
0.061277
0.065785
0.066557
0.063481
0.057577
0.050317
0.042908
0.036043
0.030042
0.025015
0.020920
0.017627
0.014996
0.012913
0.011264
0.009932
0.008837
0.007935
0.007195
0.006581
0.006067
0.005642
0.005292
0.004993
0.004733
0.004514
0.004332
0.004170
0.004016
0.003873
0.003748
0.003636
0.003532
0.003437
0.003349
0.003260
0.003167
0.003077
0.002995
0.002922
0.002861
0.002818
0.002789
0.002763
0.002734
0.002708
0.002690
0.002672
0.002652
0.002634
0.002621
0.002605
0.002584
0.002564
0.002550
0.002536
0.002517
0.002497
0.002481
0.002464
0.002443
0.002424
0.002414
0.002409
0.002399
0.002382
0.002365
0.002352
0.002345
0.002343
0.002346
0.002347
0.002339
0.002322
0.002302
0.002284
0.002272
0.002270
0.002276
0.002278
0.002270
0.002257
0.002247
0.002243
0.002239
0.002234
0.002234
0.002237
0.002234
0.002224
0.002213
0.002205
0.002203
0.002204
0.002211
0.002223
0.002232
0.002232
0.002225
0.002215
0.002208
0.002205
0.002205
0.002205
0.002206
0.002213
0.002225
0.002240
0.002249
0.002251
0.002250
0.002251
0.002252
0.002252
0.002247
0.002237
0.002226
0.002220
0.002223
0.002226
0.002218
0.002199
0.002178
0.002162
0.002146
0.002130
0.002120
0.002120
0.002127
0.002130
0.002125
0.002115
0.002105
0.002098
0.002094
0.002093
0.002095
0.002099
0.002106
0.002116
0.002128
0.002141
0.002154
0.002167
0.002174
0.002171
0.002161
0.002152
0.002151
0.002158
0.002172
0.002190
0.002205
0.002215
0.002219
0.002219
0.002218
0.002217
0.002216
0.002219
0.002224
0.002232
0.002238
0.002245
0.002252
0.002257
0.002257
0.002248
0.002232
0.002217
0.002207
0.002208
0.002220
0.002243
0.002271
0.002299
0.002326
0.002353
0.002382
0.002414
0.002448
0.002487
0.002528
0.002561
0.002576
0.002569
0.002542
0.002495
0.002429
0.002354
0.002288
0.002240
0.002206
0.002175
0.002144
0.002116
0.002099
0.002092
0.002091
0.002090
0.002086
0.002082
0.002082
0.002087
0.002092
0.002093
0.002091
0.002088
0.002084
0.002075
0.002058
0.002037
0.002018
0.002009
0.002016
0.002028
0.002032
0.002023
0.002008
0.002001
0.002004
0.002016
0.002039
0.002078
0.002136
0.002206
0.002272
0.002315
0.002323
0.002297
0.002252
0.002208
0.002171
0.002134
0.002092
0.002048
0.002010
0.001981
0.001955
0.001929
0.001903
0.001881
0.001867
0.001860
0.001856
0.001855
0.001854
0.001852
0.001847
0.001837
0.001826
0.001816
0.001810
0.001807
0.001808
0.001809
0.001806
0.001797
0.001786
0.001780
0.001781
0.001783
0.001780
0.001771
0.001763
0.001759
0.001759
0.001761
0.001763
0.001769
0.001780
0.001791
0.001795
0.001793
0.001791
0.001794
0.001796
0.001795
0.001794
0.001796
0.001797
0.001795
0.001793
0.001796
0.001802
0.001808
0.001813
0.001817
0.001820
0.001819
0.001821
0.001829
0.001842
0.001849
0.001848
0.001843
0.001836
0.001827
0.001817
0.001809
0.001804
0.001800
0.001799
0.001806
0.001817
0.001825
0.001823
0.001816
0.001811
0.001809
0.001809
0.001807
0.001802
0.001796
0.001792
0.001795
0.001799
0.001799
0.001797
0.001803
0.001823
0.001847
0.001863
0.001867
0.001865
0.001859
0.001848
0.001836
0.001828
0.001827
0.001836
0.001856
0.001878
0.001891
0.001888
0.001874
0.001857
0.001838
0.001818
0.001804
0.001798
0.001797
0.001796
0.001797
0.001804
0.001814
0.001820
0.001820
0.001817
0.001814
0.001808
0.001802
0.001799
0.001802
0.001804
0.001802
0.001800
0.001801
0.001806
0.001814
0.001829
0.001850
0.001870
0.001878
0.001871
0.001857
0.001842
0.001832
0.001826
0.001821
0.001819
0.001821
0.001826
0.001834
0.001843
0.001853
0.001863
0.001872
0.001875
0.001870
0.001862
0.001856
0.001856
0.001857
0.001855
0.001847
0.001838
0.001835
0.001835
0.001834
0.001829
0.001822
0.001819
0.001827
0.001846
0.001872
0.001897
0.001916
0.001930
0.001949
0.001977
0.002016
0.002063
0.002117
0.002174
0.002228
0.002271
0.002301
0.002321
0.002332
0.002333
0.002318
0.002285
0.002241
0.002196
0.002161
0.002141
0.002132
0.002135
0.002151
0.002174
0.002189
0.002187
0.002166
0.002130
0.002079
0.002018
0.001958
0.001913
0.001883
0.001860
0.001839
0.001822
0.001812
0.001806
0.001799
0.001790
0.001779
0.001765
0.001755
0.001757
0.001772
0.001794
0.001812
0.001824
0.001836
0.001862
0.001909
0.001967
0.002014
0.002032
0.002022
0.001994
0.001961
0.001923
0.001881
0.001839
0.001800
0.001768
0.001744
0.001729
0.001723
0.001722
0.001721
0.001718
0.001712
0.001706
0.001702
0.001700
0.001700
0.001700
0.001702
0.001705
0.001707
0.001706
0.001708
0.001721
0.001745
0.001774
0.001802
0.001828
0.001853
0.001872
0.001886
0.001897
0.001899
0.001887
0.001863
0.001839
0.001820
0.001804
0.001787
0.001776
0.001775
0.001780
0.001781
0.001775
0.001765
0.001754
0.001741
0.001727
0.001713
0.001702
0.001692
0.001687
0.001691
0.001701
0.001714
0.001720
0.001717
0.001705
0.001688
0.001675
0.001670
0.001670
0.001673
0.001680
0.001693
0.001706
0.001711
0.001705
0.001697
0.001693
0.001695
0.001699
0.001703
0.001706
0.001712
0.001722
0.001733
0.001739
0.001734
0.001719
0.001705
0.001701
0.001708
0.001719
0.001727
0.001729
0.001726
0.001725
0.001731
0.001739
0.001742
0.001738
0.001735
0.001741
0.001756
0.001772
0.001783
0.001792
0.001803
0.001817
0.001828
0.001830
0.001830
0.001834
0.001848
0.001862
0.001868
0.001864
0.001856
0.001847
0.001842
0.001842
0.001849
0.001862
0.001878
0.001895
0.001910
0.001923
0.001935
0.001952
0.001976
0.002000
0.002015
0.002018
0.002009
0.001990
0.001965
0.001940
0.001926
0.001922
0.001919
0.001913
0.001907
0.001908
0.001918
0.001934
0.001954
0.001972
0.001983
0.001985
0.001986
0.001994
0.002007
0.002021
0.002035
0.002051
0.002067
0.002079
0.002085
0.002082
0.002069
0.002047
0.002021
0.002001
0.001989
0.001983
0.001980
0.001978
0.001975
0.001972
0.001973
0.001983
0.001997
0.002006
0.002003
0.001994
0.001991
0.002005
0.002033
0.002067
0.002095
0.002108
0.002106
0.002095
0.002086
0.002081
0.002076
0.002067
0.002058
0.002055
0.002056
0.002059
0.002058
0.002057
0.002059
0.002068
0.002080
0.002093
0.002104
0.002113
0.002122
0.002134
0.002149
0.002164
0.002181
0.002203
0.002231
0.002262
0.002291
0.002313
0.002326
0.002329
0.002322
0.002312
0.002306
0.002308
0.002315
0.002320
0.002318
0.002316
0.002324
0.002346
0.002380
0.002417
0.002450
0.002475
0.002494
0.002506
0.002513
0.002514
0.002508
0.002498
0.002488
0.002483
0.002484
0.002484
0.002482
0.002478
0.002471
0.002461
0.002445
0.002427
0.002415
0.002411
0.002411
0.002414
0.002419
0.002427
0.002437
0.002446
0.002457
0.002470
0.002487
0.002502
0.002510
0.002507
0.002497
0.002491
0.002495
0.002505
0.002513
0.002519
0.002529
0.002545
0.002567
0.002594
0.002627
0.002658
0.002678
0.002683
0.002681
0.002681
0.002689
0.002699
0.002710
0.002720
0.002726
0.002730
0.002736
0.002747
0.002762
0.002776
0.002787
0.002799
0.002814
0.002827
0.002832
0.002829
0.002819
0.002804
0.002791
0.002783
0.002784
0.002790
0.002798
0.002806
0.002812
0.002818
0.002822
0.002821
0.002813
0.002798
0.002782
0.002771
0.002773
0.002787
0.002806
0.002822
0.002831
0.002835
0.002839
0.002846
0.002853
0.002861
0.002872
0.002885
0.002896
0.002905
0.002914
0.002929
0.002944
0.002954
0.002953
0.002949
0.002948
0.002954
0.002965
0.002982
0.003002
0.003024
0.003047
0.003071
0.003094
0.003112
0.003123
0.003123
0.003118
0.003115
0.003118
0.003129
0.003141
0.003151
0.003158
0.003161
0.003158
0.003151
0.003147
0.003149
0.003152
0.003146
0.003124
0.003094
0.003063
0.003035
0.003010
0.002989
0.002974
0.002964
0.002957
0.002948
0.002940
0.002934
0.002929
0.002921
0.002910
0.002900
0.002895
0.002892
0.002883
0.002862
0.002834
0.002805
0.002777
0.002742
0.002699
0.002655
0.002617
0.002591
0.002575
0.002570
0.002571
0.002573
0.002572
0.002567
0.002562
0.002552
0.002535
0.002512
0.002494
0.002483
0.002471
0.002455
0.002441
0.002434
0.002433
0.002428
0.002415
0.002401
0.002394
0.002393
0.002395
0.002398
0.002404
0.002416
0.002431
0.002444
0.002448
0.002442
0.002432
0.002427
0.002433
0.002445
0.002458
0.002469
0.002481
0.002490
0.002489
0.002481
0.002481
0.002497
0.002523
0.002546
0.002559
0.002567
0.002574
0.002579
0.002580
0.002582
0.002586
0.002595
0.002607
0.002617
0.002621
0.002617
0.002613
0.002616
0.002626
0.002639
0.002652
0.002664
0.002676
0.002684
0.002687
0.002691
0.002694
0.002696
0.002693
0.002692
0.002699
0.002714
0.002734
0.002751
0.002761
0.002761
0.002754
0.002746
0.002742
0.002741
0.002736
0.002723
0.002702
0.002679
0.002660
0.002649
0.002644
0.002640
0.002639
0.002646
0.002666
0.002690
0.002705
0.002709
0.002710
0.002715
0.002723
0.002731
0.002739
0.002745
0.002744
0.002734
0.002727
0.002732
0.002747
0.002760
0.002764
0.002762
0.002759
0.002754
0.002748
0.002742
0.002743
0.002751
0.002763
0.002778
0.002793
0.002806
0.002817
0.002825
0.002833
0.002842
0.002847
0.002845
0.002841
0.002842
0.002851
0.002863
0.002872
0.002881
0.002895
0.002918
0.002949
0.002983
0.003013
0.003039
0.003062
0.003088
0.003113
0.003135
0.003156
0.003184
0.003226
0.003279
0.003330
0.003368
0.003392
0.003412
0.003438
0.003471
0.003502
0.003524
0.003538
0.003554
0.003581
0.003619
0.003660
0.003694
0.003719
0.003739
0.003759
0.003779
0.003796
0.003807
0.003814
0.003826
0.003844
0.003866
0.003889
0.003914
0.003943
0.003970
0.003990
0.004006
0.004027
0.004056
0.004088
0.004118
0.004145
0.004169
0.004188
0.004201
0.004209
0.004221
0.004241
0.004267
0.004291
0.004309
0.004322
0.004338
0.004356
0.004369
0.004374
0.004376
0.004388
0.004406
0.004420
0.004425
0.004429
0.004436
0.004444
0.004447
0.004447
0.004450
0.004453
0.004448
0.004436
0.004425
0.004421
0.004423
0.004425
0.004429
0.004438
0.004447
0.004448
0.004438
0.004423
0.004410
0.004401
0.004391
0.004375
0.004354
0.004336
0.004324
0.004315
0.004303
0.004285
0.004264
0.004244
0.004228
0.004217
0.004211
0.004206
0.004199
0.004190
0.004181
0.004175
0.004166
0.004149
0.004125
0.004101
0.004080
0.004066
0.004058
0.004052
0.004047
0.004041
0.004028
0.004006
0.003976
0.003942
0.003907
0.003875
0.003848
0.003831
0.003825
0.003827
0.003831
0.003832
0.003828
0.003818
0.003801
0.003783
0.003771
0.003769
0.003777
0.003788
0.003794
0.003792
0.003784
0.003775
0.003767
0.003760
0.003751
0.003746
0.003750
0.003760
0.003767
0.003761
0.003741
0.003714
0.003687
0.003667
0.003653
0.003643
0.003633
0.003623
0.003615
0.003613
0.003617
0.003629
0.003645
0.003661
0.003674
0.003684
0.003697
0.003715
0.003735
0.003752
0.003765
0.003780
0.003802
0.003829
0.003860
0.003892
0.003921
0.003946
0.003969
0.003995
0.004028
0.004062
0.004091
0.004120
0.004158
0.004211
0.004272
0.004331
0.004380
0.004418
0.004445
0.004466
0.004489
0.004522
0.004564
0.004610
0.004652
0.004691
0.004730
0.004773
0.004824
0.004884
0.004950
0.005016
0.005077
0.005129
0.005176
0.005223
0.005274
0.005325
0.005368
0.005395
0.005412
0.005431
0.005458
0.005490
0.005519
0.005539
0.005554
0.005565
0.005573
0.005575
0.005574
0.005573
0.005576
0.005584
0.005593
0.005594
0.005584
0.005563
0.005532
0.005493
0.005449
0.005405
0.005364
0.005323
0.005285
0.005256
0.005237
0.005218
0.005189
0.005152
0.005119
0.005103
0.005108
0.005127
0.005153
0.005178
0.005200
0.005215
0.005223
0.005223
0.005221
0.005220
0.005221
0.005219
0.005209
0.005189
0.005165
0.005143
0.005130
0.005136
0.005164
0.005207
0.005251
0.005293
0.005337
0.005389
0.005446
0.005502
0.005557
0.005613
0.005677
0.005752
0.005837
0.005931
0.006028
0.006119
0.006199
0.006265
0.006316
0.006361
0.006407
0.006459
0.006518
0.006575
0.006616
0.006614
0.006548
0.006414
0.006236
0.006048
0.005866
0.005693
0.005531
0.005385
0.005262
0.005158
0.005072
0.005004
0.004956
0.004926
0.004906
0.004888
0.004871
0.004857
0.004849
0.004857
0.004892
0.004965
0.005072
0.005196
0.005304
0.005368
0.005371
0.005319
0.005235
0.005144
0.005063
0.004999
0.004952
0.004915
0.004876
0.004814
0.004709
0.004556
0.004370
0.004174
0.003987
0.003821
0.003678
0.003561
0.003466
0.003385
0.003314
0.003248
0.003190
0.003144
0.003113
0.003098
0.003098
0.003113
0.003142
0.003192
0.003265
0.003362
0.003483
0.003618
0.003746
0.003839
0.003870
0.003832
0.003742
0.003624
0.003502
0.003393
0.003304
0.003231
0.003160
0.003084
0.003003
0.002928
0.002866
0.002819
0.002786
0.002763
0.002747
0.002739
0.002735
0.002732
0.002720
0.002692
0.002651
0.002611
0.002581
0.002561
0.002543
0.002524
0.002511
0.002507
0.002512
0.002526
0.002551
0.002586
0.002620
0.002645
0.002653
0.002642
0.002612
0.002565
0.002510
0.002458
0.002416
0.002383
0.002358
0.002341
0.002334
0.002336
0.002347
0.002362
0.002382
0.002408
0.002444
0.002479
0.002503
0.002512
0.002515
0.002519
0.002519
0.002508
0.002485
0.002460
0.002443
0.002437
0.002439
0.002445
0.002450
0.002451
0.002452
0.002456
0.002467
0.002484
0.002506
0.002528
0.002544
0.002549
0.002551
0.002559
0.002574
0.002590
0.002602
0.002612
0.002617
0.002615
0.002611
0.002615
0.002629
0.002646
0.002661
0.002674
0.002686
0.002695
0.002703
0.002715
0.002735
0.002761
0.002784
0.002803
0.002817
0.002828
0.002834
0.002839
0.002849
0.002865
0.002881
0.002894
0.002900
0.002903
0.002904
0.002911
0.002924
0.002942
0.002959
0.002970
0.002979
0.002987
0.002996
0.003006
0.003014
0.003019
0.003020
0.003019
0.003017
0.003012
0.002998
0.002977
0.002956
0.002944
0.002946
0.002960
0.002981
0.003000
0.003012
0.003016
0.003013
0.003010
0.003010
0.003016
0.003025
0.003030
0.003029
0.003025
0.003018
0.003007
0.002996
0.002991
0.002996
0.003005
0.003009
0.003010
0.003012
0.003015
0.003019
0.003025
0.003033
0.003037
0.003028
0.003011
0.002996
0.002987
0.002976
0.002961
0.002943
0.002929
0.002920
0.002916
0.002916
0.002915
0.002907
0.002890
0.002877
0.002873
0.002873
0.002869
0.002862
0.002858
0.002858
0.002855
0.002847
0.002839
0.002831
0.002825
0.002822
0.002821
0.002820
0.002808
0.002785
0.002755
0.002723
0.002692
0.002664
0.002640
0.002613
0.002576
0.002524
0.002466
0.002413
0.002372
0.002343
0.002325
0.002315
0.002312
0.002317
0.002327
0.002337
0.002337
0.002326
0.002307
0.002292
0.002284
0.002280
0.002273
0.002257
0.002238
0.002225
0.002223
0.002220
0.002208
0.002187
0.002165
0.002145
0.002124
0.002103
0.002085
0.002073
0.002063
0.002055
0.002053
0.002064
0.002085
0.002108
0.002126
0.002138
0.002146
0.002151
0.002153
0.002152
0.002143
0.002122
0.002098
0.002078
0.002067
0.002067
0.002078
0.002096
0.002116
0.002128
0.002132
0.002133
0.002130
0.002121
0.002104
0.002086
0.002074
0.002065
0.002056
0.002045
0.002035
0.002026
0.002020
0.002017
0.002016
0.002014
0.002010
0.002008
0.002006
0.002001
0.001992
0.001985
0.001984
0.001992
0.002006
0.002031
0.002066
0.002105
0.002137
0.002158
0.002171
0.002182
0.002195
0.002209
0.002223
0.002236
0.002246
0.002254
0.002263
0.002274
0.002286
0.002301
0.002317
0.002325
0.002321
0.002310
0.002302
0.002303
0.002308
0.002305
0.002288
0.002258
0.002223
0.002191
0.002167
0.002154
0.002149
0.002148
0.002151
0.002154
0.002153
0.002152
0.002158
0.002177
0.002203
0.002228
0.002247
0.002270
0.002308
0.002362
0.002424
0.002484
0.002540
0.002599
0.002667
0.002746
0.002833
0.002918
0.002994
0.003055
0.003102
0.003130
0.003130
0.003093
0.003022
0.002931
0.002839
0.002758
0.002694
0.002648
0.002617
0.002594
0.002576
0.002565
0.002571
0.002595
0.002629
0.002663
0.002702
0.002753
0.002815
0.002881
0.002946
0.003014
0.003092
0.003184
0.003287
0.003401
0.003533
0.003694
0.003896
0.004144
0.004438
0.004779
0.005167
0.005610
0.006118
0.006706
0.007399
0.008228
0.009231
0.010439
0.011845
0.013343
0.014692
0.015569
0.015725
0.015132
0.013992
0.012600
0.011191
0.009895
0.008770
0.007838
0.007092
0.006511
0.006065
0.005729
0.005483
0.005312
0.005215
0.005190
0.005221
0.005296
0.005419
0.005603
0.005850
0.006157
0.006534
0.006999
0.007568
0.008261
0.009124
0.010219
0.011597
0.013315
0.015460
0.018138
0.021439
0.025403
0.029944
0.034661
0.038708
0.041016
0.040883
0.038426
0.034471
0.029990
0.025655
0.021787
0.018516
0.015867
0.013776
0.012129
0.010838
0.009838
0.009067
0.008469
0.008017
0.007703
0.007504
0.007394
0.007368
0.007422
0.007540
0.007708
0.007950
0.008303
0.008792
0.009433
0.010271
0.011358
0.012736
0.014457
0.016606
0.019271
0.022499
0.026281
0.030488
0.034676
0.037998
0.039502
0.038703
0.035909
0.031969
0.027737
0.023743
0.020223
0.017268
0.014875
0.012968
0.011442
0.010215
0.009231
0.008439
0.007799
0.007294
0.006911
0.006628
0.006422
0.006280
0.006189
0.006136
0.006117
0.006141
0.006218
0.006351
0.006547
0.006813
0.007156
0.007577
0.008090
0.008730
0.009530
0.010504
0.011637
0.012863
0.014022
0.014869
0.015170
0.014841
0.013994
0.012858
0.011647
0.010493
0.009453
0.008553
0.007798
0.007182
0.006682
0.006279
0.005960
0.005714
0.005527
0.005382
0.005270
0.005186
0.005126
0.005083
0.005043
0.004998
0.004948
0.004908
0.004890
0.004893
0.004901
0.004900
0.004889
0.004874
0.004861
0.004857
0.004866
0.004890
0.004923
0.004953
0.004976
0.004990
0.004997
0.004997
0.004992
0.004986
0.004979
0.004968
0.004957
0.004953
0.004957
0.004962
0.004966
0.004974
0.004990
0.005008
0.005020
0.005026
0.005029
0.005032
0.005040
0.005058
0.005088
0.005121
0.005147
0.005159
0.005162
0.005159
0.005154
0.005147
0.005139
0.005131
0.005126
0.005128
0.005135
0.005142
0.005146
0.005149
0.005148
0.005138
0.005121
0.005111
0.005118
0.005141
0.005167
0.005192
0.005216
0.005245
0.005285
0.005340
0.005409
0.005484
0.005553
0.005610
0.005654
0.005682
0.005694
0.005689
0.005670
0.005635
0.005590
0.005542
0.005504
0.005483
0.005485
0.005511
0.005561
0.005631
0.005717
0.005809
0.005894
0.005953
0.005977
0.005966
0.005925
0.005854
0.005753
0.005629
0.005501
0.005381
0.005273
0.005179
0.005105
0.005057
0.005033
0.005024
0.005020
0.005018
0.005016
0.005004
0.004974
0.004922
0.004856
0.004788
0.004725
0.004670
0.004621
0.004575
0.004523
0.004458
0.004380
0.004299
0.004222
0.004141
0.004049
0.003949
0.003854
0.003770
0.003695
0.003620
0.003542
0.003462
0.003387
0.003316
0.003247
0.003177
0.003106
0.003043
0.002992
0.002948
0.002905
0.002859
0.002812
0.002761
0.002705
0.002648
0.002598
0.002553
0.002512
0.002477
0.002455
0.002447
0.002442
0.002431
0.002412
0.002390
0.002366
0.002342
0.002322
0.002308
0.002298
0.002287
0.002275
0.002267
0.002263
0.002260
0.002251
0.002236
0.002223
0.002218
0.002224
0.002233
0.002234
0.002227
0.002218
0.002207
0.002193
0.002177
0.002166
0.002167
0.002177
0.002193
0.002213
0.002235
0.002251
0.002259
0.002267
0.002283
0.002310
0.002338
0.002357
0.002366
0.002366
0.002363
0.002362
0.002369
0.002386
0.002406
0.002422
0.002437
0.002456
0.002482
0.002509
0.002532
0.002547
0.002560
0.002575
0.002593
0.002611
0.002625
0.002638
0.002654
0.002669
0.002676
0.002674
0.002671
0.002674
0.002679
0.002677
0.002666
0.002651
0.002636
0.002622
0.002608
0.002593
0.002582
0.002573
0.002568
0.002564
0.002560
0.002558
0.002562
0.002576
0.002595
0.002609
0.002611
0.002605
0.002600
0.002599
0.002598
0.002593
0.002587
0.002581
0.002573
0.002559
0.002538
0.002513
0.002488
0.002472
0.002468
0.002476
0.002492
0.002509
0.002526
0.002542
0.002560
0.002580
0.002605
0.002635
0.002665
0.002695
0.002729
0.002774
0.002830
0.002888
0.002944
0.002996
0.003040
0.003069
0.003081
0.003078
0.003070
0.003062
0.003057
0.003055
0.003051
0.003042
0.003031
0.003025
0.003029
0.003047
0.003083
0.003138
0.003207
0.003278
0.003345
0.003414
0.003496
0.003593
0.003695
0.003789
0.003862
0.003902
0.003894
0.003834
0.003732
0.003607
0.003487
0.003393
0.003330
0.003295
0.003283
0.003294
0.003331
0.003398
0.003498
0.003637
0.003817
0.004029
0.004256
0.004478
0.004676
0.004827
0.004905
0.004893
0.004797
0.004645
0.004469
0.004285
0.004098
0.003915
0.003751
0.003621
0.003528
0.003468
0.003431
0.003412
0.003409
0.003425
0.003461
0.003508
0.003554
0.003582
0.003589
0.003583
0.003571
0.003555
0.003529
0.003490
0.003444
0.003403
0.003379
0.003375
0.003392
0.003431
0.003494
0.003578
0.003674
0.003773
0.003874
0.003977
0.004084
0.004195
0.004319
0.004464
0.004634
0.004825
0.005025
0.005209
0.005337
0.005366
0.005271
0.005067
0.004795
0.004502
0.004229
0.004003
0.003835
0.003726
0.003672
0.003671
0.003719
0.003816
0.003968
0.004184
0.004471
0.004816
0.005197
0.005575
0.005888
0.006058
0.006031
0.005812
0.005466
0.005071
0.004676
0.004309
0.003987
0.003726
0.003532
0.003388
0.003273
0.003172
0.003084
0.003013
0.002964
0.002936
0.002925
0.002929
0.002941
0.002955
0.002970
0.002992
0.003029
0.003081
0.003146
0.003217
0.003288
0.003350
0.003391
0.003404
0.003392
0.003362
0.003327
0.003300
0.003297
0.003325
0.003387
0.003482
0.003611
0.003774
0.003970
0.004206
0.004473
0.004733
0.004925
0.004996
0.004930
0.004754
0.004515
0.004256
0.004008
0.003785
0.003596
0.003447
0.003336
0.003258
0.003202
0.003158
0.003125
0.003104
0.003092
0.003091
0.003104
0.003137
0.003193
0.003273
0.003381
0.003522
0.003696
0.003902
0.004146
0.004435
0.004762
0.005102
0.005415
0.005651
0.005772
0.005766
0.005658
0.005492
0.005305
0.005111
0.004913
0.004719
0.004545
0.004398
0.004275
0.004163
0.004056
0.003952
0.003859
0.003785
0.003735
0.003709
0.003708
0.003733
0.003779
0.003836
0.003899
0.003967
0.004042
0.004123
0.004204
0.004283
0.004357
0.004427
0.004497
0.004576
0.004672
0.004786
0.004904
0.005005
0.005074
0.005107
0.005106
0.005077
0.005025
0.004960
0.004893
0.004834
0.004789
0.004761
0.004751
0.004759
0.004781
0.004810
0.004837
0.004856
0.004875
0.004904
0.004954
0.005034
0.005150
0.005306
0.005499
0.005725
0.005987
0.006302
0.006694
0.007182
0.007772
0.008454
0.009205
0.009989
0.010752
0.011412
0.011859
0.011985
0.011737
0.011153
0.010346
0.009451
0.008573
0.007767
0.007061
0.006464
0.005972
0.005571
0.005242
0.004972
0.004757
0.004591
0.004464
0.004360
0.004266
0.004179
0.004104
0.004048
0.004012
0.003997
0.003995
0.003999
0.004004
0.004017
0.004046
0.004090
0.004145
0.004208
0.004279
0.004358
0.004437
0.004511
0.004580
0.004651
0.004723
0.004790
0.004853
0.004918
0.004996
0.005100
0.005236
0.005406
0.005608
0.005843
0.006116
0.006424
0.006766
0.007149
0.007595
0.008132
0.008786
0.009587
0.010577
0.011809
0.013333
0.015202
0.017472
0.020189
0.023369
0.026949
0.030722
0.034300
0.037166
0.038881
0.039304
0.038676
0.037504
0.036332
0.035586
0.035535
0.036313
0.037918
0.040164
0.042631
0.044721
0.045851
0.045699
0.044327
0.042091
0.039407
0.036566
0.033700
0.030846
0.028023
0.025264
0.022621
0.020160
0.017935
0.015978
0.014298
0.012888
0.011731
0.010798
0.010052
0.009461
0.008998
0.008641
0.008370
0.008168
0.008019
0.007908
0.007826
0.007770
0.007743
0.007750
0.007796
0.007883
0.008017
0.008198
0.008421
0.008688
0.009004
0.009379
0.009824
0.010349
0.010965
0.011685
0.012532
0.013542
0.014768
0.016268
0.018107
0.020363
0.023124
0.026461
0.030391
0.034837
0.039550
0.044043
0.047641
0.049728
0.050062
0.048916
0.046936
0.044843
0.043201
0.042355
0.042454
0.043468
0.045150
0.047002
0.048333
0.048463
0.046999
0.044016
0.039980
0.035497
0.031063
0.026981
0.023398
0.020355
0.017829
0.015758
0.014070
0.012700
0.011587
0.010681
0.009940
0.009327
0.008809
0.008362
0.007981
0.007667
0.007408
0.007185
0.006985
0.006814
0.006678
0.006567
0.006467
0.006373
0.006291
0.006228
0.006185
0.006158
0.006136
0.006118
0.006104
0.006105
0.006125
0.006166
0.006219
0.006272
0.006317
0.006351
0.006374
0.006383
0.006381
0.006374
0.006372
0.006372
0.006365
0.006340
0.006290
0.006213
0.006108
0.005982
0.005847
0.005719
0.005608
0.005524
0.005469
0.005443
0.005436
0.005440
0.005455
0.005484
0.005523
0.005562
0.005591
0.005610
0.005619
0.005620
0.005617
0.005619
0.005638
0.005679
0.005742
0.005821
0.005906
0.005982
0.006037
0.006072
0.006095
0.006117
0.006150
0.006199
0.006265
0.006346
0.006437
0.006534
0.006636
0.006746
0.006874
0.007032
0.007229
0.007474
0.007785
0.008185
0.008696
0.009341
0.010144
0.011131
0.012317
0.013700
0.015251
0.016879
0.018415
0.019646
0.020408
0.020676
0.020584
0.020356
0.020224
0.020355
0.020823
0.021620
0.022674
0.023854
0.024953
0.025697
0.025822
0.025197
0.023904
0.022182
0.020311
0.018516
0.016942
0.015670
0.014732
0.014121
0.013816
0.013789
0.014002
0.014387
0.014843
0.015264
0.015570
0.015737
0.015799
0.015838
0.015942
0.016192
0.016646
0.017336
0.018238
0.019250
0.020201
0.020913
0.021261
0.021195
0.020734
0.019956
0.018990
0.017995
0.017116
0.016456
0.016072
0.015997
0.016253
0.016853
0.017809
0.019122
0.020775
0.022707
0.024804
0.026916
0.028893
0.030620
0.032044
0.033190
0.034171
0.035171
0.036401
0.038027
0.040092
0.042457
0.044817
0.046821
0.048222
0.048962
0.049087
0.048622
0.047528
0.045806
0.043607
0.041226
0.038976
0.037056
0.035514
0.034294
0.033315
0.032522
0.031887
0.031358
0.030819
0.030107
0.029080
0.027678
0.025934
0.023964
0.021929
0.019991
0.018274
0.016838
0.015690
0.014805
0.014139
0.013639
0.013260
0.012976
0.012779
0.012675
0.012688
0.012860
0.013234
0.013831
0.014649
0.015654
0.016764
0.017849
0.018761
0.019377
0.019631
0.019523
0.019120
0.018555
0.017985
0.017550
0.017336
0.017364
0.017584
0.017880
0.018100
0.018106
0.017810
0.017182
0.016245
0.015075
0.013786
0.012495
0.011285
0.010198
0.009250
0.008446
0.007780
0.007235
0.006788
0.006417
0.006107
0.005845
0.005627
0.005449
0.005308
0.005197
0.005105
0.005023
0.004946
0.004873
0.004806
0.004746
0.004695
0.004655
0.004633
0.004634
0.004656
0.004691
0.004732
0.004779
0.004838
0.004912
0.005002
0.005108
0.005230
0.005363
0.005493
0.005591
0.005632
0.005601
0.005503
0.005361
0.005202
0.005046
0.004900
0.004766
0.004649
0.004557
0.004496
0.004463
0.004456
0.004473
0.004511
0.004564
0.004630
0.004707
0.004789
0.004867
0.004934
0.004994
0.005055
0.005125
0.005203
0.005287
0.005375
0.005469
0.005576
0.005706
0.005868
0.006068
0.006312
0.006614
0.006993
0.007468
0.008053
0.008738
0.009461
0.010101
0.010526
0.010671
0.010575
0.010345
0.010085
0.009861
0.009704
0.009625
0.009624
0.009701
0.009863
0.010127
0.010512
0.011023
0.011655
0.012400
0.013251
0.014197
0.015220
0.016307
0.017471
0.018758
0.020228
0.021918
0.023792
0.025720
0.027504
0.028936
0.029855
0.030176
0.029881
0.029019
0.027700
0.026087
0.024373
0.022748
0.021349
0.020220
0.019293
0.018438
0.017558
0.016662
0.015853
0.015254
0.014952
0.014998
0.015426
0.016262
0.017514
0.019162
0.021156
0.023418
0.025847
0.028313
0.030625
0.032513
0.033663
0.033823
0.032922
0.031111
0.028704
0.026051
0.023447
0.021081
0.019046
0.017359
0.015986
0.014864
0.013927
0.013131
0.012456
0.011901
0.011474
0.011172
0.010981
0.010878
0.010845
0.010874
0.010949
0.011055
0.011195
0.011406
0.011747
0.012257
0.012940
0.013772
0.014731
0.015804
0.016997
0.018341
0.019866
0.021556
0.023294
0.024847
0.025924
0.026292
0.025874
0.024792
0.023293
0.021636
0.020009
0.018515
0.017196
0.016051
0.015056
0.014184
0.013427
0.012787
0.012261
0.011852
0.011572
0.011435
0.011441
0.011581
0.011857
0.012281
0.012852
0.013531
0.014248
0.014908
0.015428
0.015778
0.015990
0.016118
0.016176
0.016115
0.015873
0.015431
0.014832
0.014156
0.013490
0.012893
0.012389
0.011973
0.011625
0.011323
0.011052
0.010804
0.010587
0.010422
0.010323
0.010289
0.010302
0.010350
0.010429
0.010546
0.010718
0.010971
0.011339
0.011854
0.012556
0.013489
0.014696
0.016224
0.018133
0.020491
0.023351
0.026723
0.030545
0.034608
0.038462
0.041434
0.042848
0.042361
0.040144
0.036773
0.032910
0.029059
0.025516
0.022426
0.019846
0.017761
0.016116
0.014849
0.013911
0.013254
0.012831
0.012613
0.012602
0.012808
0.013233
0.013886
0.014791
0.015983
0.017503
0.019400
0.021746
0.024627
0.028104
0.032182
0.036764
0.041554
0.045983
0.049316
0.050973
0.050852
0.049379
0.047230
0.044950
0.042759
0.040594
0.038268
0.035624
0.032633
0.029425
0.026226
0.023254
0.020648
0.018461
0.016697
0.015332
0.014319
0.013596
0.013100
0.012783
0.012619
0.012610
0.012787
0.013191
0.013854
0.014807
0.016095
0.017780
0.019915
0.022522
0.025569
0.028906
0.032170
0.034791
0.036179
0.036009
0.034398
0.031819
0.028849
0.025945
0.023376
0.021265
0.019656
0.018544
0.017895
0.017676
0.017879
0.018520
0.019635
0.021272
0.023492
0.026349
0.029847
0.033898
0.038297
0.042740
0.046882
0.050427
0.053186
0.055090
0.056177
0.056593
0.056559
0.056246
0.055594
0.054271
0.051887
0.048317
0.043843
0.038990
0.034254
0.029941
0.026184
0.023000
0.020341
0.018122
0.016260
0.014699
0.013397
0.012314
0.011419
0.010686
0.010092
0.009615
0.009238
0.008950
0.008734
0.008575
0.008467
0.008413
0.008413
0.008456
0.008534
0.008648
0.008806
0.009016
0.009287
0.009638
0.010097
0.010694
0.011461
0.012443
0.013696
0.015270
0.017202
0.019495
0.022071
0.024714
0.027067
0.028709
0.029297
0.028712
0.027101
0.024815
0.022258
0.019751
0.017483
0.015535
0.013924
0.012631
0.011611
0.010813
0.010183
0.009677
0.009256
0.008890
0.008564
0.008271
0.008015
0.007802
0.007639
0.007524
0.007447
0.007395
0.007354
0.007312
0.007263
0.007204
0.007142
0.007083
0.007033
0.006998
0.006979
0.006978
0.006988
0.007003
0.007019
0.007039
0.007071
0.007116
0.007167
0.007216
0.007257
0.007291
0.007326
0.007371
0.007432
0.007507
0.007587
0.007660
0.007716
0.007748
0.007760
0.007761
0.007769
0.007798
0.007852
0.007923
0.008001
0.008082
0.008167
0.008256
0.008352
0.008457
0.008576
0.008708
0.008843
0.008960
0.009035
0.009046
0.008985
0.008865
0.008720
0.008579
0.008455
0.008347
0.008257
0.008189
0.008147
0.008127
0.008123
0.008134
0.008159
0.008199
0.008260
0.008352
0.008486
0.008655
0.008846
0.009037
0.009202
0.009321
0.009385
0.009407
0.009413
0.009437
0.009502
0.009613
0.009746
0.009844
0.009849
0.009735
0.009524
0.009266
0.009009
0.008775
0.008573
0.008405
0.008274
0.008181
0.008121
0.008090
0.008086
0.008114
0.008180
0.008288
0.008434
0.008611
0.008816
0.009045
0.009282
0.009495
0.009644
0.009695
0.009630
0.009448
0.009179
0.008867
0.008557
0.008273
0.008016
0.007788
0.007595
0.007442
0.007324
0.007226
0.007139
0.007063
0.006998
0.006942
0.006896
0.006862
0.006839
0.006824
0.006812
0.006801
0.006789
0.006775
0.006761
0.006754
0.006754
0.006757
0.006762
0.006779
0.006821
0.006893
0.006992
0.007118
0.007284
0.007503
0.007776
0.008088
0.008394
0.008626
0.008709
0.008609
0.008355
0.008015
0.007660
0.007338
0.007071
0.006859
0.006694
0.006561
0.006455
0.006372
0.006308
0.006259
0.006226
0.006219
0.006255
0.006343
0.006491
0.006700
0.006964
0.007262
0.007543
0.007740
0.007798
0.007710
0.007520
0.007291
0.007064
0.006849
0.006641
0.006432
0.006213
0.005978
0.005736
0.005506
0.005303
0.005130
0.004985
0.004867
0.004773
0.004694
0.004625
0.004566
0.004526
0.004504
0.004494
0.004490
0.004488
0.004490
0.004496
0.004508
0.004523
0.004538
0.004547
0.004549
0.004547
0.004544
0.004541
0.004531
0.004507
0.004469
0.004424
0.004384
0.004354
0.004330
0.004312
0.004309
0.004330
0.004376
0.004439
0.004510
0.004589
0.004683
0.004796
0.004932
0.005088
0.005271
0.005487
0.005736
0.006003
0.006258
0.006476
0.006643
0.006750
0.006792
0.006765
0.006679
0.006549
0.006391
0.006221
0.006057
0.005922
0.005834
0.005806
0.005841
0.005940
0.006098
0.006303
0.006523
0.006702
0.006777
0.006716
0.006540
0.006305
0.006069
0.005865
0.005701
0.005574
0.005476
0.005401
0.005338
0.005281
0.005224
0.005167
0.005120
0.005093
0.005101
0.005157
0.005269
0.005442
0.005679
0.005973
0.006293
0.006572
0.006740
0.006763
0.006664
0.006499
0.006325
0.006180
0.006086
0.006052
0.006065
0.006100
0.006133
0.006145
0.006113
0.006022
0.005874
0.005690
0.005490
0.005287
0.005093
0.004918
0.004770
0.004647
0.004547
0.004469
0.004412
0.004369
0.004332
0.004300
0.004274
0.004258
0.004256
0.004265
0.004277
0.004276
0.004260
0.004236
0.004215
0.004201
0.004193
0.004190
0.004197
0.004211
0.004234
0.004270
0.004324
0.004400
0.004509
0.004669
0.004904
0.005224
0.005628
0.006109
0.006641
0.007152
0.007528
0.007666
0.007540
0.007216
0.006796
0.006363
0.005958
0.005600
0.005299
0.005056
0.004863
0.004709
0.004589
0.004495
0.004422
0.004372
0.004361
0.004395
0.004468
0.004572
0.004715
0.004914
0.005181
0.005523
0.005936
0.006382
0.006766
0.006965
0.006906
0.006617
0.006197
0.005750
0.005337
0.004981
0.004689
0.004463
0.004295
0.004172
0.004084
0.004023
0.003983
0.003958
0.003939
0.003923
0.003913
0.003919
0.003951
0.004012
0.004108
0.004248
0.004434
0.004668
0.004949
0.005283
0.005662
0.006048
0.006375
0.006569
0.006579
0.006412
0.006121
0.005784
0.005456
0.005164
0.004919
0.004725
0.004577
0.004461
0.004363
0.004277
0.004201
0.004132
0.004067
0.004013
0.003973
0.003942
0.003918
0.003904
0.003906
0.003924
0.003955
0.004002
0.004073
0.004171
0.004295
0.004448
0.004641
0.004884
0.005188
0.005558
0.005991
0.006455
0.006904
0.007293
0.007608
0.007876
0.008170
0.008586
0.009202
0.010070
0.011217
0.012625
0.014140
0.015419
0.016056
0.015824
0.014835
0.013436
0.011964
0.010606
0.009428
0.008454
0.007693
0.007127
0.006724
0.006465
0.006335
0.006309
0.006360
0.006468
0.006602
0.006706
0.006723
0.006649
0.006534
0.006436
0.006389
0.006411
0.006522
0.006742
0.007083
0.007567
0.008228
0.009099
0.010215
0.011626
0.013396
0.015569
0.018153
0.021101
0.024230
0.027105
0.029086
0.029629
0.028629
0.026478
0.023791
0.021080
0.018640
0.016617
0.015083
0.014060
0.013536
0.013484
0.013874
0.014665
0.015814
0.017281
0.019042
0.021092
0.023398
0.025781
0.027810
0.028905
0.028659
0.027105
0.024670
0.021882
0.019128
0.016617
0.014450
0.012658
0.011212
0.010062
0.009156
0.008446
0.007887
0.007456
0.007152
0.006966
0.006869
0.006840
0.006884
0.007022
0.007262
0.007618
0.008121
0.008807
0.009713
0.010883
0.012368
0.014200
0.016377
0.018829
0.021333
0.023451
0.024645
0.024576
0.023327
0.021327
0.019067
0.016890
0.014974
0.013403
0.012213
0.011400
0.010947
0.010839
0.011072
0.011651
0.012591
0.013905
0.015578
0.017565
0.019754
0.021880
0.023486
0.024090
0.023468
0.021801
0.019534
0.017106
0.014798
0.012747
0.011013
0.009603
0.008483
0.007605
0.006926
0.006405
0.005998
0.005666
0.005383
0.005133
0.004903
0.004692
0.004506
0.004348
0.004220
0.004118
0.004035
0.003965
0.003903
0.003847
0.003801
0.003768
0.003753
0.003754
0.003768
0.003790
0.003819
0.003860
0.003910
0.003970
0.004045
0.004143
0.004265
0.004406
0.004566
0.004755
0.004978
0.005239
0.005555
0.005944
0.006419
0.006988
0.007676
0.008517
0.009547
0.010812
0.012383
0.014339
0.016733
0.019561
0.022727
0.025959
0.028731
0.030375
0.030422
0.028888
0.026241
0.023098
0.019937
0.017029
0.014504
0.012405
0.010708
0.009354
0.008294
0.007481
0.006864
0.006395
0.006037
0.005772
0.005578
0.005441
0.005355
0.005318
0.005317
0.005338
0.005378
0.005442
0.005536
0.005661
0.005824
0.006034
0.006293
0.006604
0.006975
0.007428
0.007979
0.008647
0.009452
0.010423
0.011596
0.013023
0.014776
0.016943
0.019631
0.022968
0.027105
0.032192
0.038319
0.045429
0.053166
0.060724
0.066881
0.070355
0.070352
0.066939
0.060967
0.053641
0.046050
0.038935
0.032679
0.027411
0.023109
0.019674
0.016980
0.014893
0.013289
0.012061
0.011127
0.010424
0.009908
0.009553
0.009349
0.009290
0.009372
0.009592
0.009955
0.010472
0.011156
0.012032
0.013134
0.014478
0.016047
0.017772
0.019511
0.021052
0.022179
0.022787
0.022962
0.022932
0.022956
0.023250
0.023978
0.025265
0.027181
0.029731
0.032859
0.036443
0.040311
0.044315
0.048389
0.052404
0.055893
0.058002
0.057894
0.055330
0.050872
0.045512
0.040143
0.035311
0.031293
0.028213
0.026077
0.024786
0.024191
0.024113
0.024299
0.024417
0.024180
0.023491
0.022476
0.021378
0.020423
0.019758
0.019456
0.019537
0.019974
0.020691
0.021546
0.022357
0.022973
0.023356
0.023611
0.023927
0.024486
0.025400
0.026677
0.028188
0.029651
0.030702
0.031052
0.030642
0.029670
0.028475
0.027388
0.026650
0.026405
0.026715
0.027551
0.028744
0.029959
0.030740
0.030677
0.029610
0.027704
0.025340
0.022906
0.020665
0.018761
0.017270
0.016227
0.015627
0.015453
0.015704
0.016398
0.017542
0.019121
0.021099
0.023379
0.025726
0.027754
0.029045
0.029357
0.028759
0.027590
0.026271
0.025140
0.024403
0.024154
0.024403
0.025054
0.025881
0.026547
0.026680
0.026019
0.024534
0.022430
0.020029
0.017617
0.015368
0.013370
0.011664
0.010250
0.009095
0.008149
0.007372
0.006737
0.006225
0.005819
0.005507
0.005274
0.005103
0.004978
0.004889
0.004829
0.004785
0.004743
0.004694
0.004629
0.004540
0.004424
0.004291
0.004157
0.004027
0.003904
0.003794
0.003705
0.003638
0.003595
0.003579
0.003591
0.003630
0.003680
0.003727
0.003763
0.003792
0.003816
0.003831
0.003828
0.003807
0.003777
0.003753
0.003741
0.003745
0.003770
0.003829
0.003932
0.004078
0.004268
0.004510
0.004816
0.005200
0.005668
0.006228
0.006888
0.007658
0.008555
0.009595
0.010781
0.012100
0.013530
0.015050
0.016629
0.018228
0.019802
0.021275
0.022502
0.023268
0.023367
0.022715
0.021407
0.019670
0.017764
0.015906
0.014233
0.012809
0.011651
0.010748
0.010076
0.009607
0.009318
0.009198
0.009235
0.009416
0.009729
0.010169
0.010725
0.011384
0.012147
0.013038
0.014090
0.015343
0.016835
0.018607
0.020684
0.023088
0.025878
0.029176
0.033125
0.037827
0.043268
0.049198
0.054972
0.059553
0.061882
0.061443
0.058557
0.054166
0.049314
0.044778
0.041005
0.038188
0.036346
0.035382
0.035159
0.035511
0.036222
0.037017
0.037642
0.037929
0.037790
0.037156
0.035968
0.034243
0.032117
0.029828
0.027616
0.025642
0.023956
0.022536
0.021327
0.020266
0.019298
0.018394
0.017563
0.016825
0.016193
0.015678
0.015308
0.015126
0.015171
0.015480
0.016105
0.017113
0.018575
0.020568
0.023189
0.026548
0.030725
0.035735
0.041465
0.047563
0.053404
0.058251
0.061563
0.063153
0.063051
0.061283
0.057888
0.053124
0.047557
0.041886
0.036674
0.032238
0.028707
0.026101
0.024368
0.023401
0.023072
0.023209
0.023573
0.023854
0.023763
0.023142
0.022014
0.020541
0.018923
0.017307
0.015766
0.014326
0.013001
0.011802
0.010734
0.009803
0.009015
0.008366
0.007846
0.007444
0.007149
0.006947
0.006815
0.006742
0.006733
0.006809
0.006989
0.007295
0.007757
0.008402
0.009253
0.010345
0.011723
0.013428
0.015466
0.017779
0.020202
0.022414
0.023973
0.024479
0.023788
0.022090
0.019787
0.017296
0.014911
0.012798
0.011021
0.009573
0.008406
0.007464
0.006700
0.006079
0.005571
0.005149
0.004792
0.004487
0.004222
0.003987
0.003779
0.003601
0.003450
0.003318
0.003193
0.003073
0.002964
0.002871
0.002794
0.002728
0.002670
0.002619
0.002566
0.002502
0.002430
0.002358
0.002295
0.002242
0.002200
0.002171
0.002158
0.002159
0.002171
0.002191
0.002213
0.002231
0.002239
0.002233
0.002217
0.002192
0.002165
0.002142
0.002129
0.002132
0.002154
0.002194
0.002244
0.002293
0.002340
0.002386
0.002426
0.002454
0.002466
0.002469
0.002461
0.002438
0.002399
0.002352
0.002307
0.002266
0.002230
0.002205
0.002197
0.002203
0.002222
0.002257
0.002309
0.002371
0.002431
0.002485
0.002537
0.002589
0.002642
0.002705
0.002793
0.002911
0.003057
0.003229
0.003431
0.003669
0.003945
0.004250
0.004564
0.004880
0.005213
0.005603
0.006084
0.006677
0.007391
0.008212
0.009043
0.009670
0.009862
0.009527
0.008783
0.007854
0.006928
0.006096
0.005396
0.004842
0.004427
0.004120
0.003888
0.003718
0.003605
0.003544
0.003527
0.003547
0.003595
0.003668
0.003768
0.003890
0.004020
0.004142
0.004258
0.004382
0.004522
0.004669
0.004809
0.004926
0.005002
0.005021
0.004976
0.004875
0.004725
0.004535
0.004315
0.004088
0.003874
0.003676
0.003489
0.003308
0.003132
0.002961
0.002801
0.002665
0.002563
0.002497
0.002463
0.002458
0.002479
0.002517
0.002566
0.002619
0.002668
0.002698
0.002697
0.002667
0.002619
0.002565
0.002513
0.002473
0.002447
0.002431
0.002422
0.002422
0.002441
0.002481
0.002530
0.002574
0.002602
0.002609
0.002589
0.002542
0.002475
0.002401
0.002330
0.002263
0.002201
0.002152
0.002122
0.002108
0.002103
0.002100
0.002103
0.002121
0.002159
0.002214
0.002276
0.002344
0.002419
0.002503
0.002588
0.002657
0.002694
0.002691
0.002652
0.002585
0.002496
0.002392
0.002285
0.002187
0.002102
0.002029
0.001962
0.001901
0.001854
0.001827
0.001821
0.001827
0.001837
0.001851
0.001875
0.001914
0.001961
0.002005
0.002041
0.002071
0.002094
0.002105
0.002105
0.002099
0.002092
0.002079
0.002052
0.002018
0.001991
0.001983
0.001995
0.002021
0.002057
0.002098
0.002130
0.002141
0.002125
0.002086
0.002034
0.001979
0.001926
0.001875
0.001829
0.001790
0.001765
0.001756
0.001761
0.001775
0.001791
0.001802
0.001811
0.001820
0.001831
0.001845
0.001866
0.001896
0.001933
0.001967
0.001993
0.002007
0.002017
0.002027
0.002040
0.002056
0.002070
0.002079
0.002082
0.002087
0.002099
0.002113
0.002127
0.002141
0.002158
0.002180
0.002207
0.002243
0.002289
0.002337
0.002383
0.002428
0.002474
0.002523
0.002568
0.002610
0.002652
0.002698
0.002744
0.002786
0.002824
0.002855
0.002880
0.002902
0.002936
0.002991
0.003067
0.003155
0.003248
0.003336
0.003407
0.003447
0.003451
0.003431
0.003401
0.003369
0.003333
0.003286
0.003224
0.003145
0.003053
0.002952
0.002850
0.002762
0.002698
0.002655
0.002623
0.002599
0.002584
0.002577
0.002573
0.002574
0.002586
0.002616
0.002655
0.002692
0.002717
0.002726
0.002722
0.002715
0.002717
0.002730
0.002744
0.002751
0.002755
0.002766
0.002787
0.002815
0.002853
0.002900
0.002953
0.003010
0.003080
0.003172
0.003290
0.003430
0.003589
0.003765
0.003955
0.004148
0.004327
0.004469
0.004549
0.004557
0.004509
0.004434
0.004355
0.004287
0.004245
0.004240
0.004276
0.004349
0.004461
0.004614
0.004802
0.005008
0.005219
0.005430
0.005637
0.005834
0.006019
0.006206
0.006413
0.006653
0.006923
0.007207
0.007467
0.007666
0.007787
0.007836
0.007837
0.007815
0.007809
0.007855
0.007976
0.008184
0.008489
0.008912
0.009473
0.010184
0.011063
0.012136
0.013443
0.015032
0.016966
0.019329
0.022211
0.025704
0.029898
0.034863
0.040600
0.046988
0.053734
0.060369
0.066259
0.070712
0.073140
0.073244
0.071109
0.067191
0.062189
0.056851
0.051791
0.047407
0.043930
0.041506
0.040226
0.040112
0.041124
0.043128
0.045762
0.048292
0.049729
0.049276
0.046773
0.042752
0.038057
0.033391
0.029140
0.025463
0.022406
0.019941
0.017967
0.016366
0.015055
0.013984
0.013111
0.012401
0.011835
0.011410
0.011117
0.010941
0.010879
0.010936
0.011106
0.011374
0.011736
0.012189
0.012706
0.013252
0.013815
0.014419
0.015099
0.015888
0.016843
0.018042
0.019559
0.021449
0.023796
0.026723
0.030347
0.034750
0.039977
0.045952
0.052279
0.058164
0.062698
0.065373
0.066382
0.066430
0.066251
0.066168
0.065940
0.064919
0.062478
0.058451
0.053290
0.047769
0.042548
0.037965
0.034122
0.031023
0.028613
0.026772
0.025367
0.024303
0.023516
0.022939
0.022510
0.022198
0.021988
0.021857
0.021784
0.021767
0.021816
0.021930
0.022109
0.022371
0.022739
0.023216
0.023790
0.024466
0.025269
0.026213
0.027296
0.028525
0.029934
0.031557
0.033421
0.035568
0.038080
0.041053
0.044565
0.048649
0.053228
0.057960
0.062161
0.064986
0.065864
0.064836
0.062505
0.059640
0.056810
0.054299
0.052206
0.050544
0.049266
0.048295
0.047567
0.047044
0.046686
0.046434
0.046243
0.046092
0.045970
0.045855
0.045733
0.045605
0.045473
0.045323
0.045139
0.044915
0.044654
0.044352
0.044000
0.043588
0.043114
0.042573
0.041972
0.041335
0.040684
0.040027
0.039363
0.038692
0.038021
0.037353
0.036692
0.036044
0.035419
0.034820
0.034247
0.033701
0.033188
0.032713
0.032279
0.031889
0.031542
0.031235
0.030961
0.030719
0.030513
0.030343
0.030203
0.030092
0.030003
0.029922
0.029827
0.029698
0.029519
0.029277
0.028956
0.028547
0.028047
0.027454
0.026770
0.026006
0.025185
0.024330
0.023461
0.022596
0.021753
0.020946
0.020183
0.019466
0.018801
0.018191
0.017635
0.017134
0.016690
0.016310
0.016001
0.015774
0.015638
0.015595
0.015636
0.015737
0.015863
0.015964
0.015984
0.015874
0.015605
0.015169
0.014574
0.013845
0.013023
0.012156
0.011298
0.010500
0.009789
0.009173
0.008641
0.008181
0.007781
0.007434
0.007129
0.006864
0.006640
0.006454
0.006299
0.006171
0.006069
0.005992
0.005936
0.005900
0.005882
0.005875
0.005866
0.005837
0.005777
0.005679
0.005544
0.005380
0.005206
0.005040
0.004885
0.004739
0.004602
0.004480
0.004376
0.004286
0.004205
0.004132
0.004071
0.004022
0.003980
0.003937
0.003889
0.003836
0.003782
0.003727
0.003669
0.003602
0.003526
0.003446
0.003367
0.003298
0.003237
0.003182
0.003125
0.003066
0.003006
0.002946
0.002887
0.002832
0.002788
0.002759
0.002738
0.002716
0.002690
0.002665
0.002652
0.002653
0.002661
0.002669
0.002669
0.002666
0.002667
0.002680
0.002702
0.002723
0.002731
0.002717
0.002683
0.002636
0.002588
0.002547
0.002511
0.002473
0.002433
0.002394
0.002358
0.002325
0.002294
0.002264
0.002239
0.002217
0.002193
0.002161
0.002120
0.002074
0.002031
0.001996
0.001973
0.001962
0.001960
0.001962
0.001960
0.001953
0.001942
0.001928
0.001914
0.001903
0.001900
0.001908
0.001922
0.001935
0.001948
0.001961
0.001974
0.001985
0.001993
0.002007
0.002033
0.002075
0.002129
0.002184
0.002227
0.002249
0.002245
0.002216
0.002172
0.002123
0.002082
0.002052
0.002033
0.002020
0.002016
0.002022
0.002036
0.002053
0.002067
0.002079
0.002093
0.002116
0.002153
0.002199
0.002249
0.002298
0.002352
0.002422
0.002509
0.002606
0.002703
0.002792
0.002867
0.002928
0.002980
0.003029
0.003086
0.003161
0.003272
0.003427
0.003629
0.003866
0.004119
0.004360
0.004540
0.004606
0.004531
0.004338
0.004084
0.003827
0.003595
0.003396
0.003227
0.003086
0.002964
0.002851
0.002745
0.002653
0.002587
0.002551
0.002539
0.002540
0.002554
0.002587
0.002647
0.002731
0.002832
0.002949
0.003084
0.003239
0.003410
0.003584
0.003747
0.003885
0.003990
0.004058
0.004086
0.004076
0.004032
0.003966
0.003891
0.003814
0.003734
0.003650
0.003561
0.003468
0.003369
0.003263
0.003148
0.003031
0.002918
0.002813
0.002714
0.002614
0.002513
0.002416
0.002334
0.002274
0.002235
0.002212
0.002200
0.002197
0.002199
0.002207
0.002222
0.002241
0.002262
0.002287
0.002322
0.002371
0.002430
0.002493
0.002554
0.002609
0.002656
0.002693
0.002718
0.002727
0.002717
0.002691
0.002658
0.002628
0.002603
0.002576
0.002536
0.002481
0.002416
0.002348
0.002279
0.002212
0.002151
0.002106
0.002081
0.002076
0.002080
0.002086
0.002091
0.002095
0.002097
0.002093
0.002085
0.002079
0.002082
0.002096
0.002115
0.002135
0.002156
0.002182
0.002218
0.002267
0.002327
0.002390
0.002449
0.002502
0.002552
0.002606
0.002660
0.002704
0.002729
0.002734
0.002720
0.002686
0.002629
0.002554
0.002471
0.002389
0.002312
0.002242
0.002180
0.002129
0.002086
0.002053
0.002034
0.002032
0.002048
0.002076
0.002111
0.002149
0.002187
0.002225
0.002270
0.002328
0.002398
0.002477
0.002565
0.002661
0.002765
0.002870
0.002970
0.003060
0.003134
0.003186
0.003215
0.003222
0.003207
0.003168
0.003104
0.003019
0.002919
0.002814
0.002704
0.002591
0.002475
0.002363
0.002261
0.002179
0.002119
0.002079
0.002049
0.002020
0.001988
0.001956
0.001925
0.001893
0.001860
0.001828
0.001807
0.001799
0.001802
0.001809
0.001816
0.001828
0.001846
0.001866
0.001883
0.001899
0.001921
0.001944
0.001959
0.001961
0.001953
0.001946
0.001941
0.001937
0.001929
0.001914
0.001893
0.001868
0.001842
0.001818
0.001794
0.001770
0.001749
0.001729
0.001711
0.001695
0.001684
0.001681
0.001682
0.001682
0.001675
0.001659
0.001632
0.001598
0.001568
0.001550
0.001545
0.001551
0.001560
0.001571
0.001584
0.001596
0.001604
0.001604
0.001596
0.001586
0.001582
0.001588
0.001598
0.001607
0.001614
0.001622
0.001630
0.001633
0.001631
0.001629
0.001632
0.001642
0.001659
0.001677
0.001690
0.001696
0.001700
0.001708
0.001716
0.001720
0.001717
0.001713
0.001714
0.001716
0.001719
0.001726
0.001743
0.001765
0.001784
0.001797
0.001807
0.001820
0.001836
0.001856
0.001879
0.001903
0.001924
0.001937
0.001942
0.001945
0.001953
0.001968
0.001992
0.002021
0.002050
0.002075
0.002090
0.002094
0.002087
0.002075
0.002061
0.002051
0.002050
0.002062
0.002087
0.002117
0.002147
0.002174
0.002199
0.002222
0.002235
0.002233
0.002216
0.002185
0.002146
0.002101
0.002055
0.002014
0.001984
0.001967
0.001958
0.001952
0.001947
0.001946
0.001953
0.001973
0.002002
0.002037
0.002069
0.002092
0.002109
0.002123
0.002140
0.002164
0.002193
0.002224
0.002253
0.002275
0.002291
0.002305
0.002322
0.002342
0.002359
0.002368
0.002375
0.002398
0.002447
0.002518
0.002595
0.002663
0.002718
0.002760
0.002788
0.002799
0.002791
0.002760
0.002708
0.002637
0.002562
0.002495
0.002441
0.002392
0.002345
0.002307
0.002288
0.002290
0.002308
0.002331
0.002350
0.002366
0.002388
0.002424
0.002472
0.002524
0.002569
0.002608
0.002654
0.002718
0.002804
0.002907
0.003023
0.003152
0.003294
0.003444
0.003587
0.003709
0.003802
0.003868
0.003915
0.003953
0.003989
0.004029
0.004074
0.004117
0.004158
0.004210
0.004288
0.004397
0.004533
0.004697
0.004897
0.005145
0.005441
0.005786
0.006187
0.006658
0.007216
0.007881
0.008675
0.009617
0.010701
0.011866
0.012957
0.013742
0.013994
0.013617
0.012701
0.011465
0.010142
0.008892
0.007795
0.006879
0.006143
0.005568
0.005123
0.004779
0.004514
0.004313
0.004168
0.004075
0.004030
0.004031
0.004072
0.004140
0.004224
0.004318
0.004426
0.004554
0.004706
0.004879
0.005066
0.005262
0.005458
0.005646
0.005815
0.005954
0.006059
0.006126
0.006155
0.006144
0.006090
0.005995
0.005872
0.005730
0.005575
0.005407
0.005235
0.005069
0.004915
0.004773
0.004643
0.004528
0.004427
0.004340
0.004264
0.004205
0.004168
0.004148
0.004131
0.004109
0.004084
0.004061
0.004043
0.004034
0.004034
0.004045
0.004062
0.004086
0.004124
0.004182
0.004264
0.004361
0.004465
0.004573
0.004691
0.004822
0.004958
0.005086
0.005188
0.005255
0.005283
0.005279
0.005250
0.005202
0.005138
0.005066
0.004992
0.004925
0.004870
0.004825
0.004787
0.004751
0.004718
0.004687
0.004649
0.004594
0.004512
0.004406
0.004292
0.004186
0.004094
0.004014
0.003943
0.003881
0.003833
0.003797
0.003769
0.003742
0.003715
0.003694
0.003679
0.003668
0.003655
0.003643
0.003638
0.003643
0.003650
0.003655
0.003659
0.003667
0.003679
0.003694
0.003714
0.003742
0.003776
0.003814
0.003857
0.003910
0.003969
0.004022
0.004063
0.004092
0.004113
0.004124
0.004120
0.004099
0.004065
0.004028
0.003994
0.003966
0.003940
0.003909
0.003873
0.003837
0.003807
0.003783
0.003764
0.003746
0.003726
0.003702
0.003678
0.003659
0.003642
0.003623
0.003604
0.003592
0.003591
0.003591
0.003579
0.003555
0.003532
0.003517
0.003506
0.003491
0.003469
0.003445
0.003429
0.003426
0.003433
0.003443
0.003447
0.003441
0.003427
0.003413
0.003404
0.003405
0.003414
0.003425
0.003432
0.003433
0.003432
0.003432
0.003440
0.003456
0.003475
0.003485
0.003481
0.003467
0.003453
0.003443
0.003435
0.003422
0.003404
0.003381
0.003355
0.003330
0.003311
0.003298
0.003285
0.003270
0.003255
0.003243
0.003234
0.003228
0.003225
0.003224
0.003220
0.003208
0.003186
0.003159
0.003131
0.003105
0.003087
0.003078
0.003075
0.003075
0.003073
0.003072
0.003077
0.003091
0.003118
0.003154
0.003196
0.003238
0.003268
0.003278
0.003268
0.003247
0.003225
0.003203
0.003176
0.003145
0.003116
0.003095
0.003086
0.003090
0.003105
0.003119
0.003121
0.003110
0.003094
0.003081
0.003071
0.003061
0.003058
0.003065
0.003077
0.003087
0.003090
0.003083
0.003061
0.003025
0.002981
0.002939
0.002900
0.002859
0.002814
0.002772
0.002733
0.002692
0.002648
0.002607
0.002576
0.002554
0.002537
0.002526
0.002519
0.002513
0.002503
0.002487
0.002465
0.002439
0.002417
0.002405
0.002404
0.002404
0.002395
0.002379
0.002363
0.002352
0.002344
0.002338
0.002334
0.002334
0.002335
0.002335
0.002332
0.002327
0.002321
0.002314
0.002307
0.002300
0.002292
0.002287
0.002285
0.002281
0.002269
0.002249
0.002229
0.002216
0.002215
0.002224
0.002238
0.002254
0.002267
0.002276
0.002284
0.002298
0.002320
0.002347
0.002377
0.002410
0.002444
0.002478
0.002509
0.002534
0.002553
0.002562
0.002557
0.002538
0.002510
0.002478
0.002443
0.002407
0.002375
0.002351
0.002339
0.002339
0.002350
0.002365
0.002378
0.002385
0.002394
0.002409
0.002432
0.002458
0.002489
0.002526
0.002566
0.002594
0.002597
0.002578
0.002549
0.002520
0.002493
0.002471
0.002455
0.002446
0.002444
0.002450
0.002468
0.002503
0.002557
0.002628
0.002717
0.002830
0.002971
0.003131
0.003288
0.003405
0.003448
0.003400
0.003277
0.003115
0.002947
0.002790
0.002654
0.002540
0.002447
0.002369
0.002301
0.002243
0.002205
0.002185
0.002176
0.002169
0.002164
0.002160
0.002153
0.002139
0.002119
0.002100
0.002084
0.002070
0.002061
0.002061
0.002066
0.002068
0.002063
0.002053
0.002041
0.002026
0.002011
0.002003
0.002005
0.002012
0.002015
0.002015
0.002014
0.002010
0.002000
0.001986
0.001975
0.001967
0.001956
0.001940
0.001923
0.001912
0.001908
0.001905
0.001899
0.001886
0.001864
0.001842
0.001830
0.001833
0.001842
0.001846
0.001840
0.001829
0.001817
0.001802
0.001784
0.001766
0.001752
0.001742
0.001737
0.001736
0.001736
0.001734
0.001730
0.001729
0.001736
0.001751
0.001766
0.001776
0.001781
0.001781
0.001777
0.001773
0.001767
0.001756
0.001737
0.001713
0.001689
0.001667
0.001641
0.001611
0.001581
0.001555
0.001536
0.001526
0.001528
0.001538
0.001548
0.001547
0.001534
0.001512
0.001487
0.001464
0.001447
0.001438
0.001435
0.001431
0.001423
0.001416
0.001412
0.001414
0.001418
0.001421
0.001424
0.001429
0.001439
0.001455
0.001472
0.001488
0.001504
0.001521
0.001536
0.001543
0.001537
0.001521
0.001505
0.001497
0.001495
0.001493
0.001488
0.001479
0.001473
0.001472
0.001477
0.001483
0.001490
0.001498
0.001506
0.001516
0.001531
0.001552
0.001581
0.001615
0.001649
0.001677
0.001693
0.001696
0.001684
0.001662
0.001633
0.001599
0.001564
0.001531
0.001499
0.001465
0.001429
0.001398
0.001378
0.001364
0.001347
0.001323
0.001298
0.001284
0.001282
0.001283
0.001282
0.001279
0.001278
0.001284
0.001295
0.001311
0.001327
0.001338
0.001341
0.001339
0.001340
0.001349
0.001365
0.001389
0.001423
0.001467
0.001517
0.001559
0.001590
0.001619
0.001651
0.001682
0.001699
0.001697
0.001679
0.001650
0.001610
0.001564
0.001519
0.001483
0.001455
0.001432
0.001410
0.001392
0.001382
0.001380
0.001377
0.001363
0.001338
0.001310
0.001289
0.001278
0.001271
0.001264
0.001263
0.001272
0.001292
0.001316
0.001338
0.001354
0.001358
0.001352
0.001344
0.001345
0.001355
0.001367
0.001377
0.001388
0.001406
0.001430
0.001457
0.001484
0.001511
0.001532
0.001547
0.001556
0.001565
0.001582
0.001607
0.001639
0.001670
0.001693
0.001708
0.001717
0.001724
0.001729
0.001732
0.001733
0.001736
0.001740
0.001745
0.001749
0.001753
0.001758
0.001766
0.001783
0.001807
0.001836
0.001865
0.001892
0.001915
0.001932
0.001943
0.001954
0.001974
0.002007
0.002050
0.002096
0.002142
0.002185
0.002228
0.002277
0.002331
0.002385
0.002431
0.002472
0.002512
0.002557
0.002608
0.002666
0.002731
0.002802
0.002876
0.002949
0.003021
0.003091
0.003157
0.003214
0.003262
0.003299
0.003325
0.003344
0.003368
0.003405
0.003452
0.003500
0.003542
0.003580
0.003620
0.003666
0.003715
0.003767
0.003821
0.003876
0.003933
0.003994
0.004061
0.004130
0.004193
0.004244
0.004286
0.004328
0.004377
0.004431
0.004486
0.004539
0.004591
0.004645
0.004704
0.004769
0.004837
0.004897
0.004943
0.004977
0.005007
0.005036
0.005063
0.005084
0.005104
0.005134
0.005176
0.005224
0.005265
0.005296
0.005318
0.005336
0.005349
0.005357
0.005359
0.005359
0.005360
0.005368
0.005380
0.005391
0.005396
0.005392
0.005384
0.005373
0.005358
0.005339
0.005317
0.005298
0.005287
0.005276
0.005259
0.005233
0.005204
0.005176
0.005150
0.005122
0.005093
0.005065
0.005038
0.005009
0.004974
0.004935
0.004895
0.004858
0.004827
0.004801
0.004777
0.004749
0.004714
0.004671
0.004620
0.004567
0.004517
0.004479
0.004448
0.004417
0.004386
0.004361
0.004344
0.004329
0.004309
0.004289
0.004274
0.004260
0.004242
0.004224
0.004216
0.004223
0.004239
0.004252
0.004260
0.004269
0.004284
0.004305
0.004328
0.004347
0.004364
0.004380
0.004396
0.004413
0.004431
0.004454
0.004482
0.004513
0.004545
0.004584
0.004634
0.004695
0.004760
0.004825
0.004891
0.004958
0.005027
0.005095
0.005163
0.005227
0.005286
0.005342
0.005399
0.005460
0.005522
0.005585
0.005652
0.005722
0.005789
0.005850
0.005910
0.005978
0.006056
0.006138
0.006220
0.006296
0.006367
0.006438
0.006513
0.006595
0.006683
0.006771
0.006858
0.006944
0.007028
0.007105
0.007165
0.007205
0.007229
0.007246
0.007264
0.007285
0.007308
0.007330
0.007348
0.007364
0.007380
0.007395
0.007405
0.007405
0.007397
0.007387
0.007380
0.007378
0.007379
0.007382
0.007385
0.007384
0.007379
0.007375
0.007377
0.007381
0.007383
0.007380
0.007377
0.007374
0.007368
0.007357
0.007342
0.007327
0.007311
0.007293
0.007279
0.007270
0.007265
0.007256
0.007238
0.007211
0.007177
0.007139
0.007103
0.007076
0.007053
0.007021
0.006970
0.006903
0.006831
0.006768
0.006721
0.006691
0.006668
0.006642
0.006614
0.006590
0.006569
0.006544
0.006512
0.006476
0.006447
0.006427
0.006408
0.006381
0.006346
0.006307
0.006271
0.006240
0.006213
0.006189
0.006169
0.006154
0.006146
0.006145
0.006155
0.006173
0.006196
0.006216
0.006236
0.006261
0.006292
0.006325
0.006352
0.006375
0.006398
0.006425
0.006458
0.006500
0.006554
0.006613
0.006664
0.006697
0.006718
0.006739
0.006773
0.006818
0.006867
0.006916
0.006964
0.007009
0.007045
0.007073
0.007097
0.007126
0.007162
0.007207
0.007266
0.007336
0.007412
0.007485
0.007552
0.007617
0.007686
0.007766
0.007861
0.007975
0.008109
0.008261
0.008428
0.008605
0.008781
0.008939
0.009062
0.009144
0.009190
0.009209
0.009211
0.009202
0.009186
0.009167
0.009147
0.009125
0.009101
0.009069
0.009026
0.008969
0.008904
0.008840
0.008783
0.008728
0.008669
0.008604
0.008534
0.008456
0.008368
0.008271
0.008178
0.008097
0.008027
0.007955
0.007874
0.007788
0.007707
0.007635
0.007572
0.007510
0.007444
0.007375
0.007312
0.007256
0.007200
0.007134
0.007058
0.006977
0.006896
0.006815
0.006737
0.006669
0.006612
0.006560
0.006507
0.006457
0.006417
0.006387
0.006358
0.006317
0.006253
0.006155
0.006022
0.005868
0.005713
0.005569
0.005437
0.005308
0.005180
0.005053
0.004936
0.004830
0.004729
0.004625
0.004514
0.004403
0.004301
0.004209
0.004126
0.004053
0.003990
0.003929
0.003857
0.003771
0.003678
0.003587
0.003499
0.003414
0.003336
0.003270
0.003212
0.003156
0.003095
0.003029
0.002959
0.002891
0.002833
0.002795
0.002775
0.002760
0.002736
0.002705
0.002677
0.002658
0.002648
0.002641
0.002633
0.002622
0.002606
0.002587
0.002573
0.002572
0.002581
0.002591
0.002595
0.002593
0.002588
0.002574
0.002545
0.002502
0.002448
0.002389
0.002333
0.002286
0.002254
0.002235
0.002224
0.002221
0.002226
0.002237
0.002248
0.002254
0.002256
0.002258
0.002256
0.002250
0.002240
0.002227
0.002216
0.002211
0.002218
0.002238
0.002270
0.002309
0.002347
0.002381
0.002404
0.002412
0.002400
0.002367
0.002316
0.002254
0.002192
0.002143
0.002111
0.002095
0.002088
0.002081
0.002072
0.002062
0.002058
0.002057
0.002055
0.002050
0.002043
0.002037
0.002028
0.002016
0.002008
0.002008
0.002012
0.002006
0.001987
0.001956
0.001925
0.001900
0.001880
0.001859
0.001836
0.001818
0.001812
0.001816
0.001818
0.001806
0.001785
0.001771
0.001773
0.001784
0.001794
0.001796
0.001795
0.001796
0.001801
0.001806
0.001810
0.001815
0.001820
0.001823
0.001824
0.001824
0.001829
0.001840
0.001854
0.001872
0.001897
0.001927
0.001956
0.001982
0.002010
0.002043
0.002076
0.002102
0.002124
0.002144
0.002160
0.002169
0.002173
0.002182
0.002205
0.002240
0.002279
0.002321
0.002367
0.002415
0.002470
0.002538
0.002623
0.002725
0.002844
0.002986
0.003159
0.003368
0.003613
0.003897
0.004225
0.004603
0.005035
0.005512
0.006014
0.006495
0.006887
0.007116
0.007134
0.006942
0.006584
0.006122
0.005615
0.005113
0.004654
0.004254
0.003906
0.003598
0.003326
0.003095
0.002907
0.002757
0.002638
0.002546
0.002478
0.002426
0.002382
0.002341
0.002299
0.002251
0.002197
0.002144
0.002098
0.002061
0.002028
0.001996
0.001968
0.001949
0.001936
0.001923
0.001906
0.001884
0.001862
0.001844
0.001834
0.001832
0.001834
0.001836
0.001837
0.001842
0.001849
0.001857
0.001863
0.001869
0.001881
0.001903
0.001933
0.001967
0.002003
0.002037
0.002069
0.002099
0.002131
0.002166
0.002200
0.002226
0.002246
0.002273
0.002318
0.002380
0.002451
0.002526
0.002605
0.002686
0.002766
0.002849
0.002943
0.003059
0.003201
0.003373
0.003578
0.003825
0.004124
0.004489
0.004926
0.005437
0.006016
0.006652
0.007328
0.008000
0.008587
0.008995
0.009149
0.009027
0.008663
0.008131
0.007514
0.006877
0.006253
0.005652
0.005085
0.004571
0.004130
0.003768
0.003472
0.003224
0.003016
0.002838
0.002683
0.002540
0.002404
0.002278
0.002168
0.002075
0.001998
0.001933
0.001874
0.001819
0.001765
0.001715
0.001673
0.001640
0.001612
0.001584
0.001557
0.001540
0.001541
0.001560
0.001593
0.001637
0.001691
0.001754
0.001828
0.001917
0.002027
0.002159
0.002305
0.002447
0.002568
0.002648
0.002672
0.002634
0.002546
0.002426
0.002292
0.002155
0.002025
0.001910
0.001809
0.001720
0.001643
0.001578
0.001522
0.001469
0.001418
0.001377
0.001350
0.001336
0.001324
0.001315
0.001309
0.001305
0.001298
0.001282
0.001262
0.001245
0.001238
0.001241
0.001254
0.001272
0.001294
0.001320
0.001348
0.001376
0.001401
0.001427
0.001465
0.001526
0.001604
0.001683
0.001744
0.001776
0.001778
0.001750
0.001697
0.001630
0.001563
0.001502
0.001447
0.001394
0.001345
0.001307
0.001282
0.001262
0.001244
0.001226
0.001207
0.001185
0.001164
0.001150
0.001145
0.001141
0.001133
0.001126
0.001126
0.001130
0.001128
0.001118
0.001104
0.001091
0.001081
0.001071
0.001064
0.001060
0.001056
0.001053
0.001051
0.001053
0.001062
0.001074
0.001085
0.001089
0.001082
0.001066
0.001047
0.001028
0.001010
0.000996
0.000990
0.000992
0.000995
0.000998
0.001001
0.001008
0.001013
0.001011
0.001003
0.000994
0.000989
0.000987
0.000985
0.000979
0.000967
0.000955
0.000946
0.000945
0.000946
0.000947
0.000949
0.000955
0.000962
0.000963
0.000958
0.000952
0.000952
0.000958
0.000966
0.000971
0.000972
0.000970
0.000968
0.000971
0.000978
0.000989
0.001000
0.001010
0.001024
0.001044
0.001069
0.001096
0.001118
0.001130
0.001128
0.001110
0.001082
0.001059
0.001044
0.001030
0.001010
0.000989
0.000977
0.000978
0.000982
0.000985
0.000986
0.000986
0.000982
0.000975
0.000969
0.000965
0.000960
0.000948
0.000933
0.000921
0.000915
0.000914
0.000914
0.000912
0.000906
0.000900
0.000906
0.000929
0.000960
0.000987
0.001002
0.001003
0.000987
0.000963
0.000943
0.000939
0.000945
0.000948
0.000947
0.000950
0.000961
0.000974
0.000979
0.000980
0.000987
0.001001
0.001016
0.001026
0.001028
0.001021
0.001010
0.001005
0.001012
0.001029
0.001046
0.001058
0.001062
0.001060
0.001054
0.001050
0.001050
0.001049
0.001044
0.001032
0.001013
0.000995
0.000985
0.000986
0.000992
0.000998
0.000997
0.000994
0.000993
0.000998
0.001009
0.001025
0.001041
0.001051
0.001052
0.001048
0.001046
0.001047
0.001052
0.001062
0.001076
0.001094
0.001112
0.001127
0.001138
0.001145
0.001146
0.001142
0.001133
0.001118
0.001097
0.001075
0.001059
0.001052
0.001051
0.001050
0.001047
0.001042
0.001038
0.001039
0.001044
0.001052
0.001058
0.001060
0.001056
0.001047
0.001034
0.001019
0.001007
0.000999
0.000996
0.000998
0.001004
0.001012
0.001021
0.001027
0.001030
0.001028
0.001024
0.001022
0.001026
0.001038
0.001058
0.001084
0.001112
0.001140
0.001164
0.001186
0.001202
0.001207
0.001203
0.001201
0.001208
0.001219
0.001219
0.001201
0.001176
0.001158
0.001154
0.001161
0.001172
0.001181
0.001187
0.001191
0.001193
0.001194
0.001196
0.001200
0.001207
0.001215
0.001222
0.001225
0.001226
0.001225
0.001224
0.001223
0.001223
0.001227
0.001235
0.001243
0.001252
0.001263
0.001275
0.001284
0.001292
0.001302
0.001319
0.001344
0.001372
0.001397
0.001417
0.001431
0.001441
0.001452
0.001469
0.001490
0.001513
0.001538
0.001572
0.001620
0.001683
0.001759
0.001850
0.001958
0.002078
0.002206
0.002339
0.002487
0.002663
0.002876
0.003135
0.003452
0.003841
0.004314
0.004874
0.005514
0.006219
0.006966
0.007700
0.008329
0.008735
0.008829
0.008590
0.008072
0.007378
0.006611
0.005850
0.005146
0.004523
0.003988
0.003536
0.003161
0.002855
0.002607
0.002408
0.002247
0.002116
0.002008
0.001919
0.001847
0.001785
0.001725
0.001664
0.001606
0.001552
0.001503
0.001460
0.001426
0.001405
0.001394
0.001385
0.001376
0.001368
0.001363
0.001355
0.001346
0.001338
0.001332
0.001330
0.001331
0.001333
0.001332
0.001323
0.001314
0.001315
0.001324
0.001329
0.001324
0.001317
0.001314
0.001318
0.001320
0.001317
0.001308
0.001301
0.001302
0.001317
0.001342
0.001364
0.001378
0.001392
0.001420
0.001464
0.001515
0.001566
0.001618
0.001666
0.001710
0.001755
0.001814
0.001896
0.001999
0.002117
0.002254
0.002418
0.002620
0.002865
0.003163
0.003523
0.003951
0.004445
0.004989
0.005550
0.006065
0.006456
0.006643
0.006578
0.006274
0.005800
0.005246
0.004689
0.004174
0.003720
0.003334
0.003011
0.002741
0.002512
0.002319
0.002159
0.002026
0.001915
0.001822
0.001744
0.001675
0.001610
0.001550
0.001498
0.001451
0.001406
0.001365
0.001337
0.001329
0.001336
0.001348
0.001358
0.001364
0.001373
0.001387
0.001403
0.001415
0.001421
0.001425
0.001434
0.001451
0.001472
0.001497
0.001526
0.001563
0.001603
0.001641
0.001673
0.001696
0.001709
0.001712
0.001706
0.001691
0.001670
0.001646
0.001622
0.001601
0.001581
0.001561
0.001538
0.001514
0.001486
0.001455
0.001425
0.001406
0.001404
0.001418
0.001440
0.001466
0.001494
0.001523
0.001548
0.001564
0.001572
0.001576
0.001581
0.001591
0.001606
0.001623
0.001642
0.001666
0.001702
0.001754
0.001819
0.001886
0.001942
0.001985
0.002015
0.002037
0.002050
0.002057
0.002059
0.002055
0.002041
0.002015
0.001984
0.001959
0.001943
0.001929
0.001908
0.001872
0.001825
0.001776
0.001734
0.001704
0.001686
0.001676
0.001670
0.001669
0.001673
0.001678
0.001679
0.001677
0.001679
0.001693
0.001719
0.001756
0.001798
0.001844
0.001895
0.001958
0.002039
0.002138
0.002258
0.002406
0.002590
0.002809
0.003053
0.003311
0.003572
0.003822
0.004046
0.004226
0.004349
0.004406
0.004392
0.004307
0.004161
0.003968
0.003742
0.003499
0.003254
0.003019
0.002806
0.002624
0.002476
0.002356
0.002252
0.002165
0.002102
0.002066
0.002046
0.002030
0.002023
0.002035
0.002071
0.002119
0.002177
0.002252
0.002356
0.002491
0.002658
0.002862
0.003109
0.003400
0.003735
0.004108
0.004514
0.004940
0.005368
0.005788
0.006194
0.006586
0.006958
0.007304
0.007615
0.007875
0.008063
0.008157
0.008137
0.007996
0.007739
0.007385
0.006958
0.006488
0.006003
0.005525
0.005072
0.004650
0.004270
0.003940
0.003665
0.003439
0.003254
0.003104
0.002987
0.002903
0.002848
0.002823
0.002828
0.002864
0.002929
0.003023
0.003145
0.003294
0.003468
0.003669
0.003902
0.004176
0.004499
0.004879
0.005316
0.005807
0.006339
0.006889
0.007431
0.007933
0.008367
0.008714
0.008960
0.009090
0.009093
0.008964
0.008706
0.008336
0.007875
0.007350
0.006788
0.006216
0.005658
0.005135
0.004667
0.004265
0.003928
0.003641
0.003393
0.003182
0.003013
0.002886
0.002801
0.002756
0.002749
0.002769
0.002803
0.002842
0.002880
0.002916
0.002948
0.002974
0.002995
0.003023
0.003069
0.003149
0.003274
0.003448
0.003670
0.003928
0.004207
0.004486
0.004738
0.004927
0.005027
0.005031
0.004950
0.004799
0.004596
0.004356
0.004098
0.003835
0.003571
0.003308
0.003054
0.002824
0.002633
0.002486
0.002378
0.002300
0.002249
0.002218
0.002204
0.002201
0.002205
0.002215
0.002226
0.002232
0.002232
0.002229
0.002227
0.002229
0.002234
0.002240
0.002247
0.002254
0.002253
0.002242
0.002223
0.002210
0.002213
0.002235
0.002265
0.002293
0.002316
0.002335
0.002353
0.002362
0.002357
0.002337
0.002311
0.002283
0.002254
0.002217
0.002172
0.002120
0.002064
0.002009
0.001958
0.001914
0.001881
0.001862
0.001856
0.001856
0.001855
0.001857
0.001868
0.001889
0.001912
0.001928
0.001941
0.001962
0.001999
0.002051
0.002106
0.002156
0.002192
0.002214
0.002226
0.002231
0.002229
0.002221
0.002210
0.002202
0.002201
0.002205
0.002213
0.002228
0.002249
0.002271
0.002288
0.002299
0.002307
0.002313
0.002315
0.002312
0.002306
0.002297
0.002288
0.002290
0.002318
0.002384
0.002481
0.002592
0.002699
0.002788
0.002850
0.002883
0.002889
0.002880
0.002863
0.002836
0.002788
0.002716
0.002625
0.002523
0.002413
0.002299
0.002188
0.002090
0.002008
0.001940
0.001887
0.001847
0.001821
0.001807
0.001803
0.001809
0.001821
0.001829
0.001826
0.001815
0.001801
0.001791
0.001788
0.001794
0.001806
0.001820
0.001833
0.001847
0.001866
0.001888
0.001911
0.001929
0.001948
0.001975
0.002018
0.002074
0.002135
0.002195
0.002254
0.002317
0.002376
0.002418
0.002437
0.002437
0.002427
0.002411
0.002384
0.002349
0.002312
0.002279
0.002251
0.002224
0.002205
0.002199
0.002205
0.002215
0.002221
0.002222
0.002227
0.002239
0.002260
0.002289
0.002327
0.002372
0.002420
0.002463
0.002494
0.002510
0.002514
0.002513
0.002514
0.002522
0.002532
0.002536
0.002532
0.002532
0.002552
0.002597
0.002664
0.002743
0.002830
0.002931
0.003059
0.003227
0.003443
0.003715
0.004060
0.004496
0.005037
0.005690
0.006449
0.007271
0.008037
0.008562
0.008690
0.008390
0.007778
0.007035
0.006304
0.005652
0.005096
0.004641
0.004283
0.004008
0.003798
0.003636
0.003514
0.003422
0.003354
0.003305
0.003275
0.003269
0.003288
0.003322
0.003358
0.003378
0.003375
0.003342
0.003282
0.003200
0.003108
0.003019
0.002945
0.002887
0.002843
0.002811
0.002792
0.002791
0.002809
0.002847
0.002900
0.002969
0.003051
0.003143
0.003236
0.003321
0.003395
0.003455
0.003497
0.003513
0.003504
0.003479
0.003448
0.003416
0.003383
0.003350
0.003321
0.003298
0.003286
0.003291
0.003318
0.003368
0.003439
0.003526
0.003626
0.003729
0.003819
0.003884
0.003922
0.003940
0.003942
0.003928
0.003890
0.003829
0.003756
0.003689
0.003643
0.003621
0.003622
0.003648
0.003702
0.003783
0.003881
0.003981
0.004067
0.004130
0.004157
0.004143
0.004091
0.004020
0.003955
0.003912
0.003885
0.003855
0.003809
0.003747
0.003676
0.003603
0.003533
0.003465
0.003399
0.003336
0.003277
0.003225
0.003188
0.003169
0.003173
0.003200
0.003251
0.003320
0.003395
0.003456
0.003495
0.003512
0.003514
0.003505
0.003485
0.003458
0.003430
0.003406
0.003389
0.003380
0.003383
0.003400
0.003432
0.003477
0.003535
0.003604
0.003675
0.003737
0.003771
0.003765
0.003718
0.003637
0.003535
0.003422
0.003304
0.003186
0.003075
0.002976
0.002892
0.002816
0.002746
0.002684
0.002634
0.002601
0.002577
0.002556
0.002534
0.002514
0.002496
0.002478
0.002461
0.002448
0.002445
0.002453
0.002468
0.002490
0.002518
0.002554
0.002596
0.002642
0.002693
0.002744
0.002793
0.002840
0.002887
0.002939
0.002992
0.003036
0.003055
0.003037
0.002982
0.002906
0.002825
0.002753
0.002692
0.002638
0.002592
0.002552
0.002518
0.002488
0.002466
0.002454
0.002457
0.002471
0.002491
0.002509
0.002523
0.002534
0.002549
0.002571
0.002596
0.002617
0.002638
0.002665
0.002702
0.002743
0.002784
0.002823
0.002863
0.002912
0.002977
0.003058
0.003144
0.003214
0.003253
0.003259
0.003242
0.003215
0.003187
0.003157
0.003124
0.003086
0.003046
0.003016
0.003001
0.003000
0.003005
0.003011
0.003018
0.003025
0.003033
0.003039
0.003044
0.003050
0.003059
0.003071
0.003087
0.003106
0.003127
0.003149
0.003172
0.003199
0.003230
0.003261
0.003287
0.003300
0.003300
0.003295
0.003295
0.003304
0.003319
0.003342
0.003370
0.003403
0.003431
0.003446
0.003439
0.003409
0.003361
0.003305
0.003253
0.003208
0.003168
0.003131
0.003099
0.003075
0.003059
0.003050
0.003046
0.003048
0.003054
0.003064
0.003080
0.003099
0.003115
0.003124
0.003134
0.003155
0.003191
0.003234
0.003275
0.003312
0.003348
0.003382
0.003407
0.003419
0.003425
0.003431
0.003446
0.003469
0.003489
0.003496
0.003481
0.003448
0.003409
0.003378
0.003360
0.003354
0.003357
0.003370
0.003395
0.003434
0.003484
0.003545
0.003617
0.003701
0.003793
0.003884
0.003968
0.004044
0.004117
0.004195
0.004294
0.004426
0.004604
0.004835
0.005115
0.005440
0.005805
0.006192
0.006570
0.006891
0.007107
0.007179
0.007089
0.006846
0.006487
0.006065
0.005639
0.005252
0.004926
0.004665
0.004461
0.004310
0.004205
0.004142
0.004112
0.004103
0.004108
0.004128
0.004166
0.004223
0.004292
0.004366
0.004444
0.004518
0.004577
0.004610
0.004612
0.004594
0.004568
0.004548
0.004540
0.004542
0.004550
0.004564
0.004591
0.004641
0.004710
0.004782
0.004837
0.004869
0.004881
0.004883
0.004881
0.004880
0.004886
0.004904
0.004932
0.004966
0.005009
0.005064
0.005133
0.005211
0.005295
0.005387
0.005492
0.005610
0.005733
0.005864
0.006008
0.006169
0.006341
0.006515
0.006687
0.006857
0.007023
0.007181
0.007331
0.007480
0.007635
0.007797
0.007963
0.008129
0.008293
0.008456
0.008624
0.008800
0.008986
0.009178
0.009367
0.009547
0.009714
0.009870
0.010018
0.010162
0.010305
0.010451
0.010606
0.010772
0.010944
0.011109
0.011257
0.011394
0.011525
0.011657
0.011791
0.011928
0.012070
0.012217
0.012370
0.012528
0.012689
0.012851
0.013008
0.013159
0.013305
0.013450
0.013602
0.013767
0.013950
0.014148
0.014356
0.014565
0.014774
0.014986
0.015204
0.015424
0.015637
0.015834
0.016011
0.016170
0.016319
0.016462
0.016605
0.016745
0.016873
0.016973
0.017040
0.017082
0.017112
0.017135
0.017151
0.017156
0.017148
0.017123
0.017075
0.016998
0.016897
0.016781
0.016660
0.016536
0.016407
0.016276
0.016149
0.016025
0.015901
0.015775
0.015654
0.015550
0.015470
0.015417
0.015387
0.015363
0.015312
0.015201
0.015020
0.014792
0.014547
0.014303
0.014063
0.013827
0.013602
0.013392
0.013191
0.012994
0.012805
0.012625
0.012449
0.012273
0.012095
0.011925
0.011765
0.011611
0.011453
0.011284
0.011102
0.010915
0.010727
0.010542
0.010354
0.010158
0.009953
0.009741
0.009526
0.009310
0.009099
0.008895
0.008696
0.008496
0.008290
0.008078
0.007865
0.007652
0.007441
0.007230
0.007019
0.006810
0.006606
0.006407
0.006215
0.006032
0.005854
0.005675
0.005490
0.005305
0.005131
0.004972
0.004825
0.004688
0.004558
0.004437
0.004323
0.004216
0.004119
0.004038
0.003972
0.003917
0.003865
0.003809
0.003748
0.003686
0.003627
0.003569
0.003511
0.003452
0.003398
0.003352
0.003314
0.003278
0.003244
0.003216
0.003197
0.003185
0.003174
0.003158
0.003134
0.003102
0.003064
0.003021
0.002976
0.002927
0.002876
0.002825
0.002772
0.002718
0.002667
0.002624
0.002587
0.002556
0.002527
0.002501
0.002478
0.002461
0.002452
0.002451
0.002455
0.002455
0.002446
0.002435
0.002432
0.002442
0.002460
0.002477
0.002484
0.002482
0.002478
0.002478
0.002483
0.002498
0.002524
0.002559
0.002594
0.002621
0.002642
0.002661
0.002675
0.002682
0.002679
0.002672
0.002664
0.002654
0.002639
0.002619
0.002596
0.002570
0.002541
0.002513
0.002488
0.002464
0.002442
0.002426
0.002419
0.002416
0.002409
0.002398
0.002389
0.002387
0.002392
0.002404
0.002424
0.002453
0.002487
0.002521
0.002556
0.002598
0.002648
0.002700
0.002749
0.002791
0.002828
0.002855
0.002868
0.002866
0.002855
0.002838
0.002817
0.002796
0.002781
0.002779
0.002788
0.002801
0.002813
0.002825
0.002836
0.002843
0.002845
0.002840
0.002832
0.002825
0.002824
0.002831
0.002848
0.002876
0.002918
0.002975
0.003048
0.003131
0.003217
0.003303
0.003392
0.003493
0.003608
0.003729
0.003839
0.003926
0.003994
0.004056
0.004124
0.004198
0.004274
0.004351
0.004425
0.004488
0.004535
0.004567
0.004598
0.004636
0.004681
0.004729
0.004780
0.004836
0.004899
0.004966
0.005033
0.005103
0.005180
0.005265
0.005358
0.005458
0.005569
0.005695
0.005837
0.005994
0.006163
0.006345
0.006541
0.006753
0.006983
0.007228
0.007484
0.007748
0.008021
0.008301
0.008583
0.008863
0.009142
0.009427
0.009722
0.010021
0.010304
0.010543
0.010706
0.010776
0.010755
0.010668
0.010548
0.010422
0.010313
0.010236
0.010199
0.010203
0.010250
0.010343
0.010480
0.010649
0.010837
0.011048
0.011295
0.011584
0.011909
0.012258
0.012620
0.012979
0.013313
0.013602
0.013845
0.014054
0.014259
0.014487
0.014762
0.015086
0.015440
0.015795
0.016127
0.016424
0.016690
0.016937
0.017176
0.017415
0.017650
0.017886
0.018136
0.018425
0.018777
0.019204
0.019699
0.020233
0.020761
0.021240
0.021648
0.021992
0.022302
0.022615
0.022967
0.023384
0.023881
0.024459
0.025098
0.025753
0.026370
0.026901
0.027321
0.027627
0.027835
0.027983
0.028122
0.028295
0.028534
0.028853
0.029251
0.029701
0.030152
0.030539
0.030788
0.030818
0.030551
0.029960
0.029097
0.028078
0.027013
0.025963
0.024947
0.023975
0.023052
0.022172
0.021312
0.020453
0.019593
0.018743
0.017927
0.017168
0.016488
0.015900
0.015407
0.015001
0.014659
0.014340
0.014003
0.013628
0.013226
0.012825
0.012451
0.012125
0.011864
0.011680
0.011572
0.011520
0.011491
0.011439
0.011320
0.011101
0.010784
0.010404
0.010011
0.009645
0.009318
0.009025
0.008749
0.008469
0.008170
0.007849
0.007518
0.007194
0.006891
0.006612
0.006359
0.006138
0.005954
0.005804
0.005677
0.005565
0.005473
0.005415
0.005402
0.005430
0.005487
0.005571
0.005684
0.005820
0.005961
0.006090
0.006205
0.006307
0.006392
0.006447
0.006459
0.006421
0.006331
0.006195
0.006026
0.005840
0.005651
0.005464
0.005282
0.005107
0.004941
0.004789
0.004657
0.004549
0.004469
0.004412
0.004370
0.004339
0.004316
0.004296
0.004278
0.004263
0.004253
0.004248
0.004248
0.004248
0.004245
0.004239
0.004233
0.004232
0.004240
0.004254
0.004266
0.004272
0.004274
0.004275
0.004282
0.004298
0.004324
0.004359
0.004397
0.004431
0.004453
0.004459
0.004449
0.004427
0.004401
0.004380
0.004364
0.004351
0.004342
0.004340
0.004349
0.004368
0.004387
0.004404
0.004422
0.004444
0.004469
0.004494
0.004516
0.004534
0.004545
0.004552
0.004556
0.004560
0.004569
0.004588
0.004624
0.004675
0.004732
0.004789
0.004848
0.004916
0.004987
0.005048
0.005088
0.005111
0.005125
0.005135
0.005141
0.005147
0.005157
0.005172
0.005190
0.005209
0.005239
0.005291
0.005369
0.005468
0.005583
0.005711
0.005850
0.006000
0.006150
0.006288
0.006398
0.006475
0.006526
0.006566
0.006600
0.006627
0.006642
0.006644
0.006635
0.006622
0.006616
0.006633
0.006680
0.006749
0.006825
0.006898
0.006972
0.007051
0.007133
0.007216
0.007302
0.007393
0.007489
0.007586
0.007679
0.007771
0.007864
0.007962
0.008067
0.008181
0.008309
0.008457
0.008625
0.008810
0.008999
0.009179
0.009345
0.009497
0.009637
0.009765
0.009879
0.009973
0.010028
0.010021
0.009946
0.009822
0.009678
0.009533
0.009395
0.009269
0.009168
0.009098
0.009057
0.009036
0.009032
0.009044
0.009070
0.009111
0.009166
0.009235
0.009316
0.009408
0.009515
0.009635
0.009766
0.009909
0.010068
0.010246
0.010433
0.010621
0.010810
0.011005
0.011203
0.011390
0.011556
0.011703
0.011838
0.011965
0.012079
0.012177
0.012266
0.012356
0.012453
0.012559
0.012675
0.012802
0.012937
0.013078
0.013229
0.013395
0.013580
0.013782
0.013995
0.014221
0.014466
0.014737
0.015034
0.015356
0.015701
0.016067
0.016450
0.016841
0.017233
0.017627
0.018030
0.018451
0.018889
0.019338
0.019798
0.020273
0.020768
0.021282
0.021812
0.022360
0.022928
0.023518
0.024130
0.024763
0.025409
0.026058
0.026700
0.027333
0.027956
0.028559
0.029125
0.029646
0.030120
0.030550
0.030940
0.031295
0.031626
0.031942
0.032247
0.032547
0.032845
0.033141
0.033426
0.033695
0.033941
0.034158
0.034324
0.034419
0.034438
0.034394
0.034304
0.034176
0.034014
0.033817
0.033586
0.033323
0.033033
0.032725
0.032404
0.032067
0.031708
0.031324
0.030915
0.030478
0.030000
0.029472
0.028893
0.028273
0.027624
0.026959
0.026287
0.025618
0.024963
0.024330
0.023726
0.023159
0.022634
0.022152
0.021708
0.021295
0.020909
0.020552
0.020226
0.019932
0.019670
0.019443
0.019250
0.019082
0.018932
0.018801
0.018693
0.018609
0.018544
0.018496
0.018466
0.018458
0.018471
0.018498
0.018533
0.018568
0.018597
0.018613
0.018612
0.018589
0.018547
0.018489
0.018420
0.018342
0.018263
0.018189
0.018126
0.018075
0.018037
0.018010
0.017995
0.017996
0.018015
0.018055
0.018114
0.018186
0.018262
0.018334
0.018399
0.018464
0.018531
0.018603
0.018679
0.018756
0.018831
0.018902
0.018971
0.019048
0.019142
0.019254
0.019374
0.019488
0.019588
0.019670
0.019729
0.019755
0.019737
0.019672
0.019572
0.019454
0.019335
0.019225
0.019132
0.019056
0.018997
0.018950
0.018910
0.018866
0.018817
0.018762
0.018707
0.018650
0.018583
0.018498
0.018392
0.018268
0.018132
0.017988
0.017841
0.017692
0.017547
0.017405
0.017262
0.017113
0.016961
0.016813
0.016678
0.016553
0.016433
0.016318
0.016208
0.016093
0.015959
0.015798
0.015613
0.015406
0.015182
0.014947
0.014720
0.014513
0.014326
0.014154
0.014000
0.013868
0.013755
0.013650
0.013545
0.013433
0.013301
0.013136
0.012933
0.012701
0.012447
0.012175
0.011890
0.011603
0.011321
0.011043
0.010772
0.010523
0.010306
0.010116
0.009939
0.009772
0.009618
0.009478
0.009347
0.009216
0.009083
0.008943
0.008790
0.008622
0.008441
0.008253
0.008065
0.007881
0.007709
0.007555
0.007419
0.007302
0.007202
0.007116
0.007041
0.006971
0.006902
0.006830
0.006751
0.006667
0.006577
0.006477
0.006363
0.006233
0.006093
0.005949
0.005803
0.005656
0.005510
0.005371
0.005247
0.005144
0.005061
0.004993
0.004932
0.004875
0.004827
0.004785
0.004745
0.004705
0.004671
0.004648
0.004635
0.004627
0.004621
0.004621
0.004633
0.004655
0.004684
0.004713
0.004742
0.004770
0.004791
0.004796
0.004780
0.004748
0.004714
0.004685
0.004659
0.004631
0.004601
0.004572
0.004543
0.004514
0.004487
0.004464
0.004442
0.004418
0.004395
0.004378
0.004373
0.004382
0.004406
0.004439
0.004469
0.004494
0.004518
0.004550
0.004592
0.004641
0.004691
0.004739
0.004786
0.004831
0.004877
0.004925
0.004976
0.005031
0.005092
0.005156
0.005216
0.005268
0.005311
0.005347
0.005378
0.005405
0.005431
0.005459
0.005497
0.005553
0.005637
0.005746
0.005864
0.005975
0.006075
0.006171
0.006270
0.006369
0.006464
0.006556
0.006645
0.006728
0.006798
0.006849
0.006881
0.006904
0.006925
0.006945
0.006955
0.006946
0.006921
0.006887
0.006846
0.006793
0.006725
0.006641
0.006541
0.006423
0.006296
0.006174
0.006071
0.005980
0.005884
0.005771
0.005643
0.005516
0.005397
0.005285
0.005171
0.005054
0.004941
0.004838
0.004737
0.004631
0.004518
0.004402
0.004293
0.004193
0.004108
0.004044
0.004001
0.003970
0.003941
0.003914
0.003895
0.003883
0.003875
0.003863
0.003848
0.003834
0.003824
0.003820
0.003820
0.003819
0.003815
0.003809
0.003804
0.003797
0.003780
0.003748
0.003703
0.003655
0.003611
0.003575
0.003542
0.003511
0.003486
0.003468
0.003456
0.003455
0.003469
0.003494
0.003521
0.003549
0.003586
0.003643
0.003713
0.003785
0.003856
0.003937
0.004035
0.004138
0.004232
0.004316
0.004390
0.004459
0.004526
0.004588
0.004634
0.004653
0.004644
0.004618
0.004577
0.004511
0.004416
0.004308
0.004205
0.004120
0.004055
0.004014
0.003998
0.004000
0.004008
0.004025
0.004061
0.004123
0.004212
0.004331
0.004484
0.004663
0.004862
0.005082
0.005322
0.005573
0.005821
0.006068
0.006324
0.006597
0.006899
0.007244
0.007656
0.008155
0.008775
0.009562
0.010561
0.011800
0.013294
0.015003
0.016734
0.018084
0.018599
0.018076
0.016709
0.014935
0.013141
0.011522
0.010136
0.009002
0.008119
0.007454
0.006959
0.006602
0.006363
0.006218
0.006138
0.006098
0.006079
0.006059
0.006024
0.005972
0.005903
0.005813
0.005698
0.005566
0.005426
0.005289
0.005165
0.005065
0.004995
0.004949
0.004921
0.004916
0.004938
0.004984
0.005045
0.005118
0.005198
0.005278
0.005346
0.005397
0.005425
0.005431
0.005415
0.005387
0.005357
0.005330
0.005309
0.005296
0.005290
0.005281
0.005252
0.005199
0.005122
0.005024
0.004905
0.004768
0.004619
0.004472
0.004340
0.004229
0.004138
0.004063
0.004005
0.003971
0.003967
0.003994
0.004043
0.004108
0.004186
0.004270
0.004347
0.004402
0.004424
0.004412
0.004373
0.004324
0.004279
0.004243
0.004214
0.004193
0.004183
0.004188
0.004203
0.004220
0.004223
0.004203
0.004159
0.004102
0.004045
0.003989
0.003930
0.003866
0.003802
0.003741
0.003682
0.003626
0.003582
0.003552
0.003526
0.003492
0.003447
0.003395
0.003336
0.003267
0.003188
0.003110
0.003043
0.002991
0.002950
0.002920
0.002899
0.002884
0.002868
0.002851
0.002838
0.002833
0.002839
0.002854
0.002880
0.002916
0.002958
0.003001
0.003045
0.003089
0.003127
0.003157
0.003181
0.003207
0.003233
0.003255
0.003269
0.003278
0.003284
0.003284
0.003271
0.003242
0.003199
0.003141
0.003068
0.002985
0.002901
0.002818
0.002736
0.002656
0.002581
0.002513
0.002453
0.002407
0.002376
0.002356
0.002337
0.002320
0.002309
0.002308
0.002312
0.002323
0.002348
0.002394
0.002449
0.002498
0.002535
0.002569
0.002607
0.002646
0.002678
0.002693
0.002691
0.002677
0.002657
0.002637
0.002614
0.002581
0.002531
0.002464
0.002387
0.002305
0.002228
0.002164
0.002118
0.002083
0.002048
0.002010
0.001976
0.001951
0.001935
0.001927
0.001932
0.001953
0.001987
0.002023
0.002052
0.002075
0.002094
0.002104
0.002102
0.002095
0.002089
0.002088
0.002088
0.002084
0.002074
0.002058
0.002034
0.002006
0.001978
0.001950
0.001918
0.001883
0.001852
0.001831
0.001817
0.001804
0.001790
0.001778
0.001768
0.001757
0.001744
0.001733
0.001725
0.001719
0.001711
0.001698
0.001685
0.001674
0.001670
0.001675
0.001687
0.001706
0.001730
0.001753
0.001768
0.001772
0.001769
0.001764
0.001760
0.001758
0.001755
0.001753
0.001753
0.001755
0.001756
0.001750
0.001734
0.001708
0.001678
0.001655
0.001640
0.001631
0.001626
0.001623
0.001617
0.001603
0.001582
0.001560
0.001545
0.001538
0.001530
0.001512
0.001488
0.001467
0.001455
0.001450
0.001446
0.001442
0.001439
0.001438
0.001438
0.001442
0.001453
0.001472
0.001492
0.001508
0.001516
0.001519
0.001519
0.001518
0.001521
0.001529
0.001531
0.001513
0.001475
0.001427
0.001385
0.001357
0.001343
0.001336
0.001331
0.001323
0.001314
0.001311
0.001315
0.001323
0.001328
0.001327
0.001322
0.001315
0.001304
0.001289
0.001275
0.001268
0.001276
0.001295
0.001321
0.001343
0.001360
0.001374
0.001385
0.001393
0.001398
0.001401
0.001405
0.001406
0.001399
0.001388
0.001377
0.001370
0.001361
0.001348
0.001329
0.001314
0.001307
0.001312
0.001324
0.001334
0.001336
0.001329
0.001321
0.001317
0.001316
0.001315
0.001312
0.001307
0.001300
0.001294
0.001290
0.001286
0.001281
0.001278
0.001278
0.001281
0.001282
0.001281
0.001284
0.001294
0.001309
0.001323
0.001337
0.001351
0.001363
0.001367
0.001364
0.001359
0.001354
0.001343
0.001328
0.001315
0.001311
0.001311
0.001313
0.001317
0.001326
0.001338
0.001342
0.001336
0.001327
0.001322
0.001322
0.001326
0.001335
0.001344
0.001350
0.001349
0.001340
0.001328
0.001313
0.001298
0.001287
0.001284
0.001285
0.001283
0.001274
0.001262
0.001252
0.001246
0.001244
0.001244
0.001242
0.001240
0.001242
0.001251
0.001270
0.001293
0.001312
0.001324
0.001333
0.001345
0.001362
0.001378
0.001388
0.001391
0.001387
0.001376
0.001362
0.001354
0.001358
0.001373
0.001388
0.001396
0.001395
0.001395
0.001397
0.001399
0.001396
0.001386
0.001372
0.001360
0.001356
0.001359
0.001365
0.001367
0.001365
0.001357
0.001345
0.001332
0.001324
0.001326
0.001337
0.001347
0.001355
0.001365
0.001379
0.001392
0.001397
0.001398
0.001397
0.001396
0.001394
0.001393
0.001394
0.001396
0.001395
0.001392
0.001391
0.001391
0.001391
0.001386
0.001377
0.001365
0.001356
0.001352
0.001353
0.001352
0.001346
0.001334
0.001318
0.001298
0.001278
0.001263
0.001260
0.001272
0.001296
0.001327
0.001360
0.001388
0.001403
0.001404
0.001400
0.001404
0.001424
0.001450
0.001471
0.001477
0.001473
0.001470
0.001474
0.001486
0.001499
0.001509
0.001518
0.001527
0.001533
0.001532
0.001526
0.001519
0.001512
0.001508
0.001504
0.001499
0.001491
0.001483
0.001477
0.001477
0.001488
0.001509
0.001532
0.001548
0.001554
0.001558
0.001568
0.001589
0.001611
0.001628
0.001638
0.001643
0.001646
0.001646
0.001646
0.001649
0.001653
0.001652
0.001644
0.001640
0.001648
0.001665
0.001680
0.001683
0.001678
0.001671
0.001670
0.001674
0.001679
0.001687
0.001700
0.001720
0.001746
0.001775
0.001807
0.001840
0.001878
0.001927
0.001983
0.002042
0.002099
0.002154
0.002209
0.002261
0.002303
0.002334
0.002363
0.002392
0.002418
0.002435
0.002445
0.002450
0.002451
0.002449
0.002449
0.002453
0.002460
0.002465
0.002466
0.002468
0.002472
0.002480
0.002490
0.002499
0.002502
0.002500
0.002495
0.002493
0.002498
0.002518
0.002560
0.002632
0.002727
0.002835
0.002945
0.003052
0.003156
0.003256
0.003353
0.003444
0.003511
0.003536
0.003515
0.003459
0.003387
0.003313
0.003243
0.003184
0.003140
0.003118
0.003123
0.003154
0.003205
0.003267
0.003335
0.003407
0.003476
0.003532
0.003572
0.003606
0.003646
0.003697
0.003753
0.003805
0.003853
0.003896
0.003939
0.003980
0.004017
0.004047
0.004066
0.004076
0.004081
0.004088
0.004098
0.004109
0.004116
0.004119
0.004122
0.004128
0.004133
0.004134
0.004135
0.004144
0.004166
0.004199
0.004238
0.004282
0.004337
0.004407
0.004494
0.004597
0.004714
0.004835
0.004949
0.005052
0.005146
0.005230
0.005300
0.005349
0.005372
0.005372
0.005356
0.005334
0.005317
0.005312
0.005315
0.005320
0.005322
0.005320
0.005312
0.005296
0.005266
0.005222
0.005168
0.005104
0.005026
0.004931
0.004831
0.004735
0.004645
0.004549
0.004446
0.004351
0.004280
0.004237
0.004215
0.004207
0.004215
0.004243
0.004283
0.004323
0.004360
0.004398
0.004439
0.004481
0.004513
0.004536
0.004553
0.004568
0.004576
0.004576
0.004574
0.004574
0.004576
0.004572
0.004560
0.004539
0.004505
0.004455
0.004390
0.004315
0.004235
0.004149
0.004060
0.003979
0.003914
0.003863
0.003817
0.003782
0.003768
0.003782
0.003819
0.003871
0.003932
0.003996
0.004057
0.004106
0.004138
0.004153
0.004157
0.004155
0.004152
0.004145
0.004134
0.004120
0.004108
0.004097
0.004084
0.004063
0.004033
0.003996
0.003951
0.003900
0.003842
0.003773
0.003691
0.003600
0.003512
0.003436
0.003375
0.003328
0.003290
0.003254
0.003217
0.003181
0.003151
0.003126
0.003103
0.003087
0.003086
0.003098
0.003115
0.003129
0.003141
0.003154
0.003162
0.003152
0.003121
0.003075
0.003021
0.002965
0.002913
0.002872
0.002845
0.002832
0.002831
0.002840
0.002854
0.002876
0.002912
0.002963
0.003023
0.003081
0.003128
0.003161
0.003178
0.003177
0.003168
0.003162
0.003164
0.003171
0.003178
0.003183
0.003184
0.003183
0.003178
0.003165
0.003138
0.003096
0.003047
0.003003
0.002963
0.002919
0.002873
0.002833
0.002804
0.002778
0.002749
0.002718
0.002696
0.002689
0.002699
0.002725
0.002764
0.002810
0.002855
0.002901
0.002954
0.003016
0.003077
0.003127
0.003164
0.003189
0.003200
0.003190
0.003156
0.003103
0.003043
0.002989
0.002940
0.002894
0.002848
0.002808
0.002784
0.002778
0.002785
0.002801
0.002825
0.002859
0.002905
0.002958
0.003013
0.003060
0.003092
0.003108
0.003110
0.003102
0.003088
0.003076
0.003072
0.003083
0.003112
0.003157
0.003212
0.003271
0.003322
0.003358
0.003379
0.003387
0.003382
0.003365
0.003337
0.003308
0.003280
0.003245
0.003194
0.003133
0.003075
0.003034
0.003010
0.002999
0.002996
0.002995
0.002993
0.002991
0.003001
0.003028
0.003063
0.003096
0.003126
0.003160
0.003197
0.003227
0.003246
0.003256
0.003261
0.003262
0.003261
0.003265
0.003277
0.003297
0.003319
0.003342
0.003362
0.003374
0.003380
0.003385
0.003392
0.003396
0.003389
0.003367
0.003336
0.003305
0.003278
0.003257
0.003239
0.003222
0.003210
0.003212
0.003235
0.003276
0.003328
0.003383
0.003434
0.003475
0.003502
0.003512
0.003504
0.003477
0.003435
0.003386
0.003337
0.003291
0.003244
0.003200
0.003162
0.003136
0.003123
0.003125
0.003138
0.003154
0.003163
0.003159
0.003144
0.003124
0.003102
0.003075
0.003044
0.003008
0.002972
0.002943
0.002923
0.002907
0.002893
0.002886
0.002890
0.002903
0.002921
0.002942
0.002970
0.003002
0.003029
0.003044
0.003042
0.003023
0.002986
0.002941
0.002897
0.002860
0.002826
0.002794
0.002764
0.002744
0.002735
0.002734
0.002732
0.002725
0.002709
0.002689
0.002671
0.002657
0.002642
0.002624
0.002605
0.002587
0.002570
0.002552
0.002535
0.002522
0.002517
0.002520
0.002535
0.002558
0.002587
0.002615
0.002643
0.002670
0.002692
0.002706
0.002716
0.002725
0.002730
0.002720
0.002693
0.002657
0.002623
0.002600
0.002589
0.002591
0.002602
0.002617
0.002629
0.002636
0.002637
0.002631
0.002625
0.002624
0.002629
0.002630
0.002619
0.002596
0.002569
0.002552
0.002551
0.002566
0.002593
0.002624
0.002653
0.002679
0.002707
0.002740
0.002777
0.002814
0.002852
0.002893
0.002937
0.002980
0.003020
0.003062
0.003106
0.003148
0.003184
0.003216
0.003253
0.003295
0.003337
0.003377
0.003419
0.003471
0.003523
0.003562
0.003583
0.003594
0.003612
0.003639
0.003671
0.003702
0.003730
0.003761
0.003800
0.003856
0.003926
0.004002
0.004076
0.004149
0.004226
0.004309
0.004393
0.004476
0.004560
0.004650
0.004743
0.004835
0.004925
0.005023
0.005131
0.005240
0.005335
0.005412
0.005484
0.005564
0.005660
0.005767
0.005878
0.005987
0.006087
0.006176
0.006261
0.006354
0.006459
0.006573
0.006686
0.006796
0.006907
0.007021
0.007137
0.007256
0.007382
0.007518
0.007659
0.007799
0.007942
0.008096
0.008263
0.008433
0.008593
0.008741
0.008878
0.009006
0.009125
0.009236
0.009345
0.009453
0.009561
0.009667
0.009776
0.009889
0.010009
0.010131
0.010249
0.010356
0.010454
0.010549
0.010648
0.010749
0.010852
0.010961
0.011079
0.011199
0.011312
0.011413
0.011508
0.011600
0.011686
0.011764
0.011841
0.011925
0.012015
0.012110
0.012206
0.012302
0.012393
0.012474
0.012547
0.012615
0.012680
0.012734
0.012771
0.012790
0.012797
0.012804
0.012814
0.012826
0.012838
0.012849
0.012860
0.012873
0.012884
0.012893
0.012903
0.012915
0.012926
0.012933
0.012936
0.012937
0.012935
0.012925
0.012902
0.012866
0.012815
0.012753
0.012688
0.012625
0.012562
0.012491
0.012416
0.012341
0.012271
0.012200
0.012124
0.012042
0.011952
0.011852
0.011744
0.011636
0.011534
0.011439
0.011347
0.011258
0.011169
0.011073
0.010964
0.010846
0.010731
0.010625
0.010525
0.010423
0.010315
0.010200
0.010083
0.009965
0.009848
0.009734
0.009622
0.009509
0.009387
0.009256
0.009118
0.008977
0.008829
0.008670
0.008507
0.008350
0.008205
0.008064
0.007922
0.007784
0.007656
0.007536
0.007420
0.007302
0.007182
0.007060
0.006938
0.006823
0.006722
0.006638
0.006563
0.006489
0.006418
0.006354
0.006298
0.006238
0.006164
0.006080
0.005999
0.005931
0.005869
0.005799
0.005719
0.005635
0.005555
0.005480
0.005401
0.005320
0.005240
0.005160
0.005075
0.004978
0.004874
0.004770
0.004672
0.004579
0.004483
0.004381
0.004277
0.004186
0.004117
0.004066
0.004021
0.003974
0.003927
0.003883
0.003838
0.003792
0.003747
0.003711
0.003684
0.003660
0.003635
0.003611
0.003594
0.003581
0.003573
0.003567
0.003562
0.003553
0.003535
0.003510
0.003484
0.003465
0.003457
0.003455
0.003457
0.003459
0.003458
0.003451
0.003435
0.003409
0.003374
0.003337
0.003299
0.003260
0.003220
0.003178
0.003133
0.003086
0.003042
0.003005
0.002977
0.002955
0.002935
0.002915
0.002895
0.002875
0.002860
0.002857
0.002869
0.002885
0.002892
0.002883
0.002864
0.002848
0.002841
0.002843
0.002845
0.002844
0.002841
0.002839
0.002841
0.002844
0.002843
0.002838
0.002833
0.002833
0.002842
0.002856
0.002867
0.002869
0.002865
0.002863
0.002869
0.002875
0.002873
0.002858
0.002834
0.002813
0.002798
0.002789
0.002782
0.002775
0.002766
0.002755
0.002748
0.002745
0.002746
0.002747
0.002747
0.002745
0.002743
0.002744
0.002752
0.002769
0.002795
0.002823
0.002848
0.002870
0.002896
0.002933
0.002976
0.003016
0.003047
0.003065
0.003069
0.003062
0.003049
0.003036
0.003025
0.003012
0.002996
0.002979
0.002962
0.002945
0.002928
0.002908
0.002886
0.002863
0.002844
0.002830
0.002823
0.002825
0.002840
0.002866
0.002894
0.002913
0.002916
0.002909
0.002900
0.002893
0.002883
0.002870
0.002859
0.002855
0.002862
0.002881
0.002906
0.002933
0.002960
0.002991
0.003028
0.003068
0.003106
0.003139
0.003163
0.003172
0.003165
0.003146
0.003129
0.003121
0.003120
0.003121
0.003121
0.003121
0.003123
0.003131
0.003145
0.003161
0.003172
0.003175
0.003175
0.003183
0.003202
0.003233
0.003274
0.003317
0.003354
0.003381
0.003397
0.003408
0.003422
0.003452
0.003503
0.003571
0.003656
0.003768
0.003918
0.004105
0.004316
0.004552
0.004833
0.005184
0.005618
0.006139
0.006761
0.007512
0.008432
0.009578
0.011012
0.012783
0.014907
0.017362
0.020033
0.022624
0.024649
0.025596
0.025211
0.023641
0.021325
0.018737
0.016217
0.013954
0.012036
0.010474
0.009227
0.008232
0.007442
0.006819
0.006325
0.005922
0.005585
0.005311
0.005104
0.004959
0.004867
0.004825
0.004836
0.004901
0.005019
0.005191
0.005424
0.005731
0.006128
0.006628
0.007244
0.007999
0.008940
0.010125
0.011613
0.013443
0.015625
0.018105
0.020681
0.022939
0.024352
0.024524
0.023428
0.021408
0.018954
0.016465
0.014166
0.012160
0.010480
0.009116
0.008026
0.007166
0.006502
0.005996
0.005600
0.005273
0.004994
0.004754
0.004545
0.004362
0.004208
0.004078
0.003963
0.003851
0.003741
0.003631
0.003522
0.003412
0.003302
0.003195
0.003094
0.003002
0.002923
0.002857
0.002806
0.002769
0.002750
0.002746
0.002752
0.002765
0.002783
0.002800
0.002811
0.002819
0.002830
0.002848
0.002868
0.002888
0.002910
0.002934
0.002955
0.002971
0.002987
0.003007
0.003032
0.003054
0.003071
0.003078
0.003076
0.003071
0.003069
0.003070
0.003070
0.003065
0.003055
0.003041
0.003016
0.002983
0.002951
0.002928
0.002914
0.002903
0.002894
0.002888
0.002882
0.002875
0.002868
0.002864
0.002862
0.002859
0.002860
0.002871
0.002890
0.002909
0.002921
0.002926
0.002934
0.002953
0.002980
0.003004
0.003014
0.003013
0.003012
0.003020
0.003033
0.003042
0.003045
0.003046
0.003047
0.003046
0.003047
0.003060
0.003086
0.003119
0.003157
0.003201
0.003253
0.003318
0.003398
0.003503
0.003634
0.003783
0.003922
0.004011
0.004024
0.003961
0.003851
0.003723
0.003594
0.003472
0.003364
0.003276
0.003211
0.003167
0.003143
0.003133
0.003128
0.003119
0.003108
0.003102
0.003103
0.003111
0.003130
0.003159
0.003192
0.003219
0.003239
0.003257
0.003279
0.003302
0.003330
0.003369
0.003427
0.003505
0.003597
0.003696
0.003798
0.003906
0.004030
0.004172
0.004313
0.004412
0.004442
0.004399
0.004299
0.004172
0.004042
0.003929
0.003836
0.003757
0.003681
0.003613
0.003558
0.003521
0.003497
0.003478
0.003456
0.003431
0.003404
0.003379
0.003361
0.003352
0.003352
0.003362
0.003379
0.003403
0.003436
0.003474
0.003512
0.003543
0.003569
0.003591
0.003609
0.003623
0.003637
0.003654
0.003671
0.003683
0.003693
0.003706
0.003722
0.003736
0.003750
0.003770
0.003796
0.003818
0.003829
0.003831
0.003829
0.003823
0.003811
0.003798
0.003791
0.003790
0.003793
0.003802
0.003821
0.003848
0.003877
0.003903
0.003923
0.003931
0.003924
0.003906
0.003881
0.003856
0.003831
0.003801
0.003767
0.003731
0.003695
0.003664
0.003639
0.003623
0.003618
0.003626
0.003643
0.003663
0.003683
0.003701
0.003714
0.003719
0.003716
0.003707
0.003694
0.003681
0.003671
0.003666
0.003660
0.003650
0.003640
0.003643
0.003661
0.003686
0.003711
0.003732
0.003748
0.003765
0.003785
0.003809
0.003832
0.003848
0.003859
0.003868
0.003877
0.003879
0.003872
0.003858
0.003841
0.003825
0.003813
0.003812
0.003825
0.003847
0.003874
0.003900
0.003923
0.003942
0.003961
0.003978
0.003986
0.003981
0.003970
0.003965
0.003970
0.003974
0.003971
0.003969
0.003976
0.003991
0.004010
0.004038
0.004077
0.004126
0.004180
0.004236
0.004297
0.004366
0.004440
0.004515
0.004577
0.004622
0.004651
0.004677
0.004713
0.004763
0.004827
0.004905
0.004988
0.005064
0.005133
0.005203
0.005282
0.005366
0.005445
0.005517
0.005588
0.005662
0.005744
0.005840
0.005949
0.006058
0.006159
0.006260
0.006371
0.006491
0.006609
0.006716
0.006815
0.006914
0.007016
0.007122
0.007232
0.007343
0.007455
0.007564
0.007669
0.007767
0.007862
0.007966
0.008085
0.008215
0.008352
0.008499
0.008661
0.008835
0.009015
0.009196
0.009377
0.009559
0.009749
0.009952
0.010167
0.010383
0.010594
0.010799
0.011000
0.011192
0.011373
0.011553
0.011741
0.011937
0.012133
0.012330
0.012530
0.012729
0.012919
0.013099
0.013272
0.013440
0.013606
0.013770
0.013934
0.014094
0.014251
0.014415
0.014591
0.014780
0.014982
0.015201
0.015440
0.015693
0.015948
0.016206
0.016468
0.016734
0.017004
0.017283
0.017569
0.017851
0.018127
0.018407
0.018701
0.018998
0.019285
0.019560
0.019827
0.020075
0.020293
0.020486
0.020668
0.020846
0.021019
0.021190
0.021367
0.021548
0.021728
0.021911
0.022099
0.022286
0.022467
0.022647
0.022834
0.023024
0.023215
0.023421
0.023649
0.023891
0.024138
0.024402
0.024691
0.024991
0.025284
0.025570
0.025858
0.026144
0.026423
0.026704
0.026999
0.027296
0.027585
0.027876
0.028186
0.028510
0.028838
0.029186
0.029572
0.029988
0.030425
0.030900
0.031431
0.032012
0.032632
0.033321
0.034119
0.035036
0.036088
0.037330
0.038825
0.040593
0.042666
0.045152
0.048190
0.051887
0.056373
0.061877
0.068687
0.077118
0.087618
0.100841
0.117462
0.137956
0.162455
0.190204
0.218399
0.241656
0.253787
0.251331
0.235764
0.212221
0.186160
0.161138
0.138859
0.120066
0.104901
0.092969
0.083658
0.076487
0.071066
0.066948
0.063750
0.061300
0.059525
0.058303
0.057539
0.057267
0.057544
0.058332
0.059609
0.061486
0.064099
0.067511
0.071832
0.077330
0.084323
0.093122
0.104195
0.118225
0.135816
0.157188
0.182052
0.209107
0.235060
0.254536
0.262213
0.256011
0.238386
0.214480
0.189096
0.165153
0.144006
0.126209
0.111792
0.100368
0.091403
0.084432
0.079043
0.074822
0.071440
0.068713
0.066529
0.064771
0.063357
0.062262
0.061459
0.060888
0.060499
0.060281
0.060221
0.060275
0.060414
0.060638
0.060952
0.061340
0.061792
0.062314
0.062898
0.063515
0.064159
0.064848
0.065589
0.066359
0.067141
0.067940
0.068761
0.069591
0.070416
0.071245
0.072092
0.072955
0.073826
0.074705
0.075589
0.076463
0.077320
0.078162
0.078983
0.079767
0.080505
0.081201
0.081860
0.082484
0.083076
0.083645
0.084191
0.084700
0.085169
0.085607
0.086017
0.086386
0.086705
0.086980
0.087221
0.087430
0.087612
0.087782
0.087947
0.088103
0.088244
0.088373
0.088491
0.088591
0.088668
0.088724
0.088768
0.088807
0.088845
0.088888
0.088935
0.088979
0.089021
0.089065
0.089116
0.089172
0.089234
0.089311
0.089405
0.089509
0.089613
0.089721
0.089841
0.089978
0.090136
0.090321
0.090542
0.090797
0.091085
0.091403
0.091748
0.092115
0.092507
0.092936
0.093408
0.093918
0.094464
0.095054
0.095696
0.096385
0.097113
0.097881
0.098693
0.099541
0.100417
0.101322
0.102261
0.103238
0.104253
0.105312
0.106420
0.107580
0.108793
0.110064
0.111401
0.112806
0.114277
0.115810
0.117411
0.119078
0.120803
0.122566
0.124351
0.126151
0.127964
0.129778
0.131564
0.133293
0.134943
0.136502
0.137959
0.139292
0.140481
0.141514
0.142381
0.143074
0.143586
0.143915
0.144052
0.143982
0.143693
0.143188
0.142481
0.141585
0.140506
0.139244
0.137806
0.136202
0.134445
0.132548
0.130523
0.128377
0.126119
0.123764
0.121332
0.118840
0.116298
0.113712
0.111091
0.108449
0.105800
0.103157
0.100528
0.097920
0.095348
0.092825
0.090355
0.087935
0.085567
0.083262
0.081030
0.078874
0.076797
0.074806
0.072907
0.071099
0.069370
0.067710
0.066113
0.064576
0.063095
0.061665
0.060287
0.058964
0.057699
0.056489
0.055324
0.054199
0.053110
0.052060
0.051051
0.050080
0.049148
0.048256
0.047404
0.046588
0.045802
0.045041
0.044299
0.043568
0.042848
0.042143
0.041457
0.040789
0.040144
0.039526
0.038932
0.038356
0.037790
0.037240
0.036711
0.036207
0.035721
0.035251
0.034801
0.034368
0.033949
0.033533
0.033109
0.032671
0.032225
0.031783
0.031350
0.030922
0.030494
0.030075
0.029673
0.029287
0.028911
0.028540
0.028176
0.027814
0.027450
0.027089
0.026742
0.026415
0.026101
0.025796
0.025497
0.025204
0.024911
0.024617
0.024325
0.024040
0.023764
0.023497
0.023238
0.022983
0.022727
0.022470
0.022216
0.021970
0.021732
0.021503
0.021281
0.021066
0.020854
0.020642
0.020431
0.020226
0.020032
0.019849
0.019669
0.019486
0.019302
0.019122
0.018949
0.018782
0.018617
0.018455
0.018295
0.018138
0.017989
0.017849
0.017713
0.017568
0.017407
0.017238
0.017070
0.016908
0.016747
0.016589
0.016437
0.016288
0.016133
0.015969
0.015799
0.015632
0.015470
0.015312
0.015159
0.015014
0.014873
0.014742
0.014627
0.014537
0.014469
0.014416
0.014377
0.014358
0.014363
0.014379
0.014373
0.014308
0.014169
0.013974
0.013757
0.013545
0.013344
0.013152
0.012966
0.012786
0.012614
0.012455
0.012316
0.012194
0.012086
0.011986
0.011892
0.011801
0.011709
0.011618
0.011535
0.011463
0.011395
0.011325
0.011253
0.011183
0.011119
0.011063
0.011018
0.010987
0.010965
0.010953
0.010959
0.010988
0.011037
0.011093
0.011143
0.011175
0.011166
0.011091
0.010945
0.010749
0.010538
0.010337
0.010153
0.009983
0.009830
0.009696
0.009585
0.009496
0.009424
0.009362
0.009305
0.009253
0.009208
0.009173
0.009151
0.009142
0.009146
0.009168
0.009212
0.009276
0.009355
0.009449
0.009568
0.009729
0.009942
0.010213
0.010544
0.010919
0.011298
0.011623
0.011827
0.011864
0.011724
0.011432
0.011034
0.010584
0.010128
0.009702
0.009330
0.009017
0.008756
0.008533
0.008342
0.008182
0.008056
0.007962
0.007898
0.007856
0.007826
0.007798
0.007771
0.007747
0.007735
0.007747
0.007792
0.007874
0.007989
0.008139
0.008332
0.008580
0.008889
0.009245
0.009618
0.009955
0.010189
0.010258
0.010132
0.009830
0.009406
0.008928
0.008451
0.008011
0.007621
0.007282
0.006993
0.006751
0.006549
0.006379
0.006234
0.006114
0.006015
0.005928
0.005849
0.005780
0.005727
0.005687
0.005650
0.005607
0.005555
0.005496
0.005435
0.005379
0.005332
0.005294
0.005258
0.005223
0.005195
0.005178
0.005168
0.005151
0.005118
0.005069
0.005010
0.004946
0.004882
0.004825
0.004780
0.004740
0.004700
0.004655
0.004610
0.004568
0.004530
0.004500
0.004477
0.004460
0.004445
0.004430
0.004420
0.004416
0.004412
0.004400
0.004379
0.004354
0.004332
0.004313
0.004293
0.004272
0.004253
0.004240
0.004234
0.004230
0.004224
0.004217
0.004213
0.004213
0.004214
0.004211
0.004200
0.004180
0.004155
0.004133
0.004115
0.004100
0.004077
0.004047
0.004018
0.003998
0.003987
0.003978
0.003961
0.003938
0.003915
0.003894
0.003875
0.003858
0.003845
0.003840
0.003846
0.003860
0.003871
0.003872
0.003860
0.003843
0.003825
0.003809
0.003794
0.003775
0.003749
0.003711
0.003667
0.003624
0.003589
0.003564
0.003544
0.003528
0.003516
0.003508
0.003505
0.003504
0.003502
0.003493
0.003475
0.003450
0.003423
0.003399
0.003382
0.003371
0.003363
0.003356
0.003350
0.003349
0.003351
0.003356
0.003359
0.003361
0.003364
0.003373
0.003385
0.003396
0.003401
0.003402
0.003401
0.003404
0.003408
0.003412
0.003412
0.003408
0.003402
0.003401
0.003405
0.003412
0.003414
0.003413
0.003418
0.003433
0.003453
0.003471
0.003489
0.003511
0.003529
0.003528
0.003500
0.003449
0.003385
0.003321
0.003262
0.003215
0.003182
0.003158
0.003136
0.003111
0.003084
0.003062
0.003051
0.003051
0.003055
0.003055
0.003050
0.003049
0.003058
0.003076
0.003101
0.003126
0.003149
0.003164
0.003173
0.003181
0.003188
0.003188
0.003180
0.003170
0.003168
0.003172
0.003173
0.003160
0.003129
0.003086
0.003036
0.002986
0.002938
0.002892
0.002850
0.002814
0.002787
0.002765
0.002745
0.002725
0.002704
0.002681
0.002657
0.002636
0.002624
0.002618
0.002615
0.002612
0.002612
0.002611
0.002607
0.002600
0.002598
0.002603
0.002611
0.002615
0.002612
0.002599
0.002582
0.002566
0.002556
0.002551
0.002546
0.002542
0.002542
0.002552
0.002566
0.002580
0.002589
0.002596
0.002602
0.002608
0.002617
0.002626
0.002631
0.002626
0.002613
0.002598
0.002581
0.002557
0.002522
0.002483
0.002448
0.002424
0.002413
0.002409
0.002412
0.002419
0.002429
0.002441
0.002447
0.002446
0.002435
0.002416
0.002393
0.002372
0.002360
0.002356
0.002356
0.002359
0.002370
0.002390
0.002416
0.002437
0.002448
0.002456
0.002468
0.002482
0.002496
0.002509
0.002521
0.002534
0.002546
0.002558
0.002568
0.002571
0.002560
0.002538
0.002511
0.002485
0.002463
0.002446
0.002436
0.002433
0.002431
0.002425
0.002417
0.002409
0.002401
0.002391
0.002379
0.002363
0.002347
0.002330
0.002317
0.002307
0.002299
0.002295
0.002298
0.002308
0.002317
0.002321
0.002322
0.002327
0.002332
0.002330
0.002317
0.002305
0.002303
0.002313
0.002324
0.002329
0.002325
0.002317
0.002310
0.002309
0.002312
0.002313
0.002311
0.002311
0.002312
0.002310
0.002297
0.002278
0.002258
0.002242
0.002231
0.002227
0.002231
0.002240
0.002253
0.002267
0.002280
0.002289
0.002292
0.002292
0.002291
0.002291
0.002290
0.002288
0.002289
0.002292
0.002293
0.002291
0.002284
0.002269
0.002246
0.002222
0.002208
0.002209
0.002220
0.002233
0.002244
0.002249
0.002241
0.002220
0.002194
0.002166
0.002140
0.002115
0.002095
0.002080
0.002068
0.002059
0.002056
0.002062
0.002071
0.002079
0.002083
0.002085
0.002086
0.002084
0.002083
0.002092
0.002112
0.002138
0.002166
0.002199
0.002241
0.002293
0.002356
0.002435
0.002538
0.002665
0.002809
0.002954
0.003078
0.003158
0.003178
0.003133
0.003037
0.002909
0.002765
0.002623
0.002499
0.002408
0.002349
0.002312
0.002281
0.002251
0.002226
0.002208
0.002198
0.002198
0.002209
0.002227
0.002242
0.002249
0.002253
0.002258
0.002268
0.002283
0.002304
0.002335
0.002371
0.002408
0.002444
0.002482
0.002525
0.002578
0.002648
0.002740
0.002856
0.002989
0.003124
0.003239
0.003307
0.003305
0.003232
0.003108
0.002962
0.002819
0.002690
0.002577
0.002479
0.002395
0.002328
0.002282
0.002258
0.002250
0.002256
0.002271
0.002289
0.002303
0.002312
0.002319
0.002328
0.002344
0.002370
0.002406
0.002448
0.002488
0.002520
0.002546
0.002574
0.002615
0.002669
0.002731
0.002797
0.002868
0.002948
0.003040
0.003148
0.003284
0.003467
0.003710
0.004019
0.004400
0.004869
0.005447
0.006137
0.006909
0.007695
0.008391
0.008868
0.009014
0.008789
0.008251
0.007523
0.006731
0.005970
0.005298
0.004741
0.004299
0.003952
0.003679
0.003465
0.003295
0.003159
0.003048
0.002962
0.002900
0.002856
0.002828
0.002818
0.002831
0.002863
0.002907
0.002968
0.003055
0.003174
0.003323
0.003501
0.003718
0.003992
0.004341
0.004777
0.005310
0.005945
0.006676
0.007460
0.008204
0.008773
0.009033
0.008918
0.008458
0.007767
0.006977
0.006197
0.005488
0.004878
0.004371
0.003962
0.003638
0.003387
0.003193
0.003040
0.002916
0.002814
0.002724
0.002644
0.002574
0.002522
0.002486
0.002456
0.002419
0.002375
0.002336
0.002310
0.002296
0.002286
0.002274
0.002263
0.002256
0.002253
0.002252
0.002251
0.002251
0.002256
0.002270
0.002290
0.002310
0.002323
0.002327
0.002327
0.002328
0.002331
0.002336
0.002344
0.002360
0.002386
0.002419
0.002451
0.002480
0.002511
0.002551
0.002604
0.002670
0.002753
0.002857
0.002981
0.003122
0.003285
0.003479
0.003714
0.003996
0.004327
0.004696
0.005058
0.005341
0.005475
0.005431
0.005234
0.004934
0.004590
0.004250
0.003944
0.003687
0.003477
0.003310
0.003179
0.003072
0.002978
0.002893
0.002823
0.002773
0.002739
0.002720
0.002718
0.002735
0.002764
0.002797
0.002832
0.002874
0.002924
0.002982
0.003049
0.003134
0.003250
0.003402
0.003587
0.003805
0.004065
0.004375
0.004731
0.005114
0.005486
0.005795
0.005982
0.006004
0.005858
0.005584
0.005243
0.004890
0.004563
0.004280
0.004050
0.003872
0.003742
0.003659
0.003618
0.003609
0.003624
0.003667
0.003744
0.003856
0.004000
0.004181
0.004413
0.004714
0.005089
0.005550
0.006113
0.006792
0.007574
0.008408
0.009194
0.009796
0.010079
0.009975
0.009525
0.008852
0.008096
0.007355
0.006684
0.006109
0.005634
0.005252
0.004946
0.004702
0.004509
0.004358
0.004242
0.004156
0.004090
0.004038
0.003999
0.003978
0.003979
0.004002
0.004039
0.004093
0.004167
0.004270
0.004408
0.004589
0.004815
0.005091
0.005430
0.005853
0.006380
0.007018
0.007760
0.008573
0.009378
0.010038
0.010399
0.010372
0.009974
0.009315
0.008537
0.007757
0.007044
0.006428
0.005917
0.005507
0.005194
0.004969
0.004816
0.004714
0.004643
0.004588
0.004540
0.004498
0.004464
0.004441
0.004433
0.004439
0.004466
0.004520
0.004600
0.004700
0.004815
0.004950
0.005118
0.005326
0.005571
0.005853
0.006178
0.006562
0.007011
0.007512
0.008029
0.008517
0.008931
0.009231
0.009396
0.009437
0.009389
0.009288
0.009162
0.009028
0.008901
0.008793
0.008705
0.008633
0.008583
0.008563
0.008579
0.008622
0.008682
0.008756
0.008849
0.008961
0.009091
0.009245
0.009430
0.009649
0.009897
0.010176
0.010500
0.010883
0.011338
0.011868
0.012471
0.013137
0.013841
0.014536
0.015157
0.015627
0.015880
0.015886
0.015665
0.015274
0.014786
0.014267
0.013763
0.013307
0.012919
0.012607
0.012373
0.012212
0.012115
0.012068
0.012058
0.012073
0.012103
0.012142
0.012187
0.012246
0.012331
0.012449
0.012600
0.012781
0.012989
0.013225
0.013489
0.013785
0.014111
0.014459
0.014809
0.015128
0.015375
0.015508
0.015495
0.015327
0.015006
0.014554
0.014003
0.013402
0.012802
0.012245
0.011757
0.011343
0.011000
0.010715
0.010485
0.010310
0.010185
0.010099
0.010035
0.009983
0.009942
0.009919
0.009914
0.009923
0.009946
0.009982
0.010031
0.010092
0.010161
0.010236
0.010316
0.010405
0.010511
0.010641
0.010804
0.011012
0.011268
0.011566
0.011884
0.012184
0.012416
0.012521
0.012456
0.012223
0.011873
0.011474
0.011076
0.010702
0.010365
0.010076
0.009836
0.009633
0.009452
0.009288
0.009146
0.009026
0.008923
0.008836
0.008768
0.008719
0.008686
0.008661
0.008643
0.008634
0.008638
0.008653
0.008672
0.008691
0.008707
0.008720
0.008729
0.008732
0.008739
0.008762
0.008810
0.008884
0.008980
0.009096
0.009227
0.009362
0.009478
0.009550
0.009557
0.009489
0.009361
0.009197
0.009023
0.008859
0.008714
0.008597
0.008508
0.008443
0.008391
0.008350
0.008317
0.008288
0.008259
0.008230
0.008206
0.008190
0.008184
0.008184
0.008188
0.008195
0.008200
0.008195
0.008181
0.008164
0.008150
0.008138
0.008126
0.008112
0.008097
0.008085
0.008076
0.008071
0.008073
0.008084
0.008105
0.008138
0.008188
0.008256
0.008342
0.008441
0.008546
0.008656
0.008774
0.008905
0.009053
0.009221
0.009406
0.009601
0.009803
0.010020
0.010263
0.010536
0.010838
0.011169
0.011538
0.011949
0.012397
0.012871
0.013364
0.013872
0.014392
0.014923
0.015464
0.016018
0.016580
0.017139
0.017686
0.018218
0.018737
0.019243
0.019745
0.020256
0.020787
0.021342
0.021921
0.022528
0.023173
0.023860
0.024583
0.025334
0.026115
0.026935
0.027801
0.028714
0.029671
0.030667
0.031700
0.032766
0.033860
0.034978
0.036113
0.037260
0.038419
0.039586
0.040756
0.041915
0.043048
0.044140
0.045172
0.046126
0.046988
0.047753
0.048421
0.048997
0.049493
0.049923
0.050303
0.050648
0.050970
0.051283
0.051599
0.051934
0.052299
0.052705
0.053157
0.053656
0.054205
0.054809
0.055469
0.056174
0.056904
0.057636
0.058353
0.059039
0.059682
0.060270
0.060792
0.061240
0.061613
0.061912
0.062133
0.062271
0.062322
0.062292
0.062188
0.062011
0.061754
0.061417
0.061003
0.060519
0.059972
0.059371
0.058728
0.058054
0.057355
0.056636
0.055906
0.055181
0.054473
0.053788
0.053131
0.052509
0.051935
0.051418
0.050955
0.050536
0.050159
0.049826
0.049543
0.049304
0.049094
0.048896
0.048702
0.048516
0.048339
0.048165
0.047982
0.047780
0.047551
0.047295
0.047011
0.046703
0.046373
0.046029
0.045680
0.045331
0.044982
0.044624
0.044245
0.043841
0.043420
0.042998
0.042582
0.042174
0.041775
0.041389
0.041019
0.040657
0.040297
0.039940
0.039593
0.039260
0.038942
0.038638
0.038345
0.038063
0.037789
0.037529
0.037296
0.037100
0.036938
0.036800
0.036674
0.036553
0.036438
0.036330
0.036230
0.036135
0.036039
0.035938
0.035836
0.035735
0.035631
0.035525
0.035415
0.035303
0.035183
0.035053
0.034919
0.034792
0.034671
0.034545
0.034408
0.034264
0.034125
0.033993
0.033860
0.033716
0.033562
0.033399
0.033232
0.033060
0.032880
0.032696
0.032511
0.032328
0.032150
0.031975
0.031801
0.031629
0.031461
0.031298
0.031132
0.030954
0.030760
0.030555
0.030345
0.030129
0.029907
0.029678
0.029442
0.029195
0.028934
0.028661
0.028381
0.028093
0.027792
0.027475
0.027148
0.026810
0.026454
0.026080
0.025699
0.025323
0.024956
0.024589
0.024214
0.023834
0.023454
0.023075
0.022699
0.022328
0.021963
0.021600
0.021231
0.020851
0.020464
0.020079
0.019705
0.019347
0.019002
0.018666
0.018337
0.018007
0.017668
0.017318
0.016961
0.016601
0.016240
0.015875
0.015507
0.015144
0.014787
0.014438
0.014093
0.013755
0.013424
0.013097
0.012769
0.012440
0.012113
0.011793
0.011482
0.011179
0.010881
0.010585
0.010290
0.010004
0.009731
0.009474
0.009233
0.009003
0.008774
0.008537
0.008292
0.008050
0.007818
0.007601
0.007398
0.007209
0.007031
0.006858
0.006688
0.006519
0.006354
0.006190
0.006023
0.005855
0.005690
0.005533
0.005386
0.005249
0.005121
0.005000
0.004885
0.004775
0.004668
0.004565
0.004471
0.004386
0.004306
0.004223
0.004135
0.004047
0.003963
0.003883
0.003803
0.003725
0.003654
0.003590
0.003526
0.003452
0.003372
0.003299
0.003239
0.003187
0.003135
0.003080
0.003033
0.002999
0.002972
0.002943
0.002908
0.002869
0.002828
0.002785
0.002744
0.002713
0.002689
0.002668
0.002645
0.002622
0.002599
0.002571
0.002537
0.002501
0.002468
0.002435
0.002398
0.002358
0.002323
0.002297
0.002274
0.002250
0.002225
0.002200
0.002174
0.002147
0.002123
0.002106
0.002099
0.002095
0.002085
0.002062
0.002030
0.002005
0.001999
0.002011
0.002030
0.002044
0.002049
0.002046
0.002036
0.002020
0.002002
0.001983
0.001965
0.001949
0.001936
0.001926
0.001913
0.001893
0.001868
0.001842
0.001820
0.001802
0.001786
0.001770
0.001754
0.001742
0.001734
0.001724
0.001711
0.001698
0.001689
0.001687
0.001685
0.001680
0.001671
0.001663
0.001662
0.001669
0.001681
0.001693
0.001701
0.001706
0.001710
0.001713
0.001713
0.001710
0.001708
0.001708
0.001714
0.001725
0.001736
0.001744
0.001749
0.001757
0.001767
0.001773
0.001772
0.001770
0.001774
0.001783
0.001786
0.001778
0.001763
0.001747
0.001729
0.001710
0.001696
0.001691
0.001690
0.001686
0.001676
0.001668
0.001664
0.001666
0.001671
0.001676
0.001676
0.001669
0.001658
0.001649
0.001645
0.001645
0.001646
0.001646
0.001643
0.001638
0.001631
0.001628
0.001631
0.001640
0.001651
0.001659
0.001658
0.001651
0.001642
0.001634
0.001622
0.001604
0.001587
0.001579
0.001580
0.001584
0.001583
0.001576
0.001569
0.001565
0.001565
0.001565
0.001564
0.001565
0.001569
0.001575
0.001580
0.001580
0.001578
0.001578
0.001580
0.001579
0.001575
0.001572
0.001571
0.001569
0.001560
0.001544
0.001520
0.001493
0.001471
0.001459
0.001458
0.001464
0.001472
0.001479
0.001484
0.001486
0.001485
0.001480
0.001472
0.001459
0.001441
0.001421
0.001402
0.001386
0.001375
0.001367
0.001363
0.001362
0.001365
0.001371
0.001374
0.001369
0.001358
0.001345
0.001332
0.001323
0.001318
0.001322
0.001332
0.001343
0.001348
0.001349
0.001350
0.001356
0.001363
0.001364
0.001355
0.001337
0.001320
0.001310
0.001308
0.001308
0.001307
0.001307
0.001310
0.001320
0.001333
0.001344
0.001348
0.001346
0.001339
0.001331
0.001326
0.001326
0.001324
0.001318
0.001308
0.001303
0.001312
0.001330
0.001346
0.001351
0.001348
0.001344
0.001341
0.001337
0.001330
0.001319
0.001300
0.001274
0.001249
0.001238
0.001239
0.001244
0.001240
0.001227
0.001208
0.001190
0.001176
0.001168
0.001169
0.001180
0.001193
0.001204
0.001207
0.001203
0.001197
0.001196
0.001197
0.001191
0.001174
0.001155
0.001146
0.001147
0.001152
0.001157
0.001165
0.001177
0.001185
0.001182
0.001169
0.001153
0.001137
0.001121
0.001104
0.001089
0.001076
0.001070
0.001073
0.001085
0.001101
0.001111
0.001117
0.001124
0.001136
0.001142
0.001135
0.001119
0.001106
0.001102
0.001105
0.001109
0.001112
0.001112
0.001105
0.001091
0.001074
0.001062
0.001058
0.001059
0.001062
0.001067
0.001075
0.001082
0.001082
0.001070
0.001050
0.001031
0.001024
0.001031
0.001046
0.001066
0.001086
0.001104
0.001113
0.001113
0.001105
0.001095
0.001084
0.001072
0.001061
0.001057
0.001059
0.001065
0.001065
0.001058
0.001046
0.001038
0.001040
0.001050
0.001058
0.001059
0.001054
0.001050
0.001052
0.001056
0.001058
0.001056
0.001052
0.001049
0.001046
0.001044
0.001038
0.001030
0.001025
0.001027
0.001032
0.001038
0.001045
0.001057
0.001077
0.001099
0.001120
0.001135
0.001145
0.001149
0.001147
0.001145
0.001146
0.001149
0.001150
0.001148
0.001142
0.001136
0.001129
0.001117
0.001101
0.001088
0.001085
0.001095
0.001112
0.001125
0.001131
0.001132
0.001128
0.001120
0.001113
0.001115
0.001129
0.001147
0.001164
0.001173
0.001171
0.001161
0.001154
0.001160
0.001176
0.001186
0.001179
0.001159
0.001140
0.001130
0.001124
0.001120
0.001112
0.001100
0.001085
0.001077
0.001080
0.001091
0.001100
0.001102
0.001100
0.001098
0.001096
0.001090
0.001080
0.001065
0.001051
0.001040
0.001029
0.001016
0.000999
0.000983
0.000967
0.000951
0.000930
0.000911
0.000897
0.000892
0.000893
0.000901
0.000909
0.000915
0.000919
0.000925
0.000933
0.000933
0.000922
0.000907
0.000900
0.000905
0.000917
0.000930
0.000942
0.000949
0.000946
0.000939
0.000937
0.000941
0.000944
0.000940
0.000932
0.000928
0.000931
0.000942
0.000959
0.000976
0.000987
0.000987
0.000979
0.000974
0.000980
0.000997
0.001017
0.001031
0.001033
0.001024
0.001010
0.000998
0.000988
0.000979
0.000970
0.000962
0.000956
0.000953
0.000952
0.000951
0.000945
0.000936
0.000927
0.000917
0.000906
0.000898
0.000896
0.000900
0.000905
0.000906
0.000903
0.000897
0.000886
0.000873
0.000864
0.000861
0.000862
0.000861
0.000860
0.000860
0.000861
0.000864
0.000872
0.000886
0.000905
0.000920
0.000928
0.000926
0.000917
0.000903
0.000889
0.000882
0.000887
0.000905
0.000930
0.000948
0.000954
0.000949
0.000944
0.000943
0.000941
0.000937
0.000933
0.000938
0.000951
0.000967
0.000980
0.000989
0.000997
0.001004
0.001010
0.001012
0.001004
0.000983
0.000954
0.000926
0.000904
0.000891
0.000888
0.000893
0.000903
0.000913
0.000919
0.000925
0.000930
0.000939
0.000949
0.000959
0.000967
0.000969
0.000967
0.000963
0.000958
0.000952
0.000945
0.000941
0.000943
0.000954
0.000966
0.000971
0.000966
0.000956
0.000948
0.000943
0.000933
0.000917
0.000898
0.000878
0.000861
0.000850
0.000849
0.000853
0.000858
0.000863
0.000866
0.000865
0.000856
0.000846
0.000849
0.000868
0.000888
0.000893
0.000886
0.000878
0.000874
0.000871
0.000871
0.000876
0.000884
0.000887
0.000885
0.000882
0.000878
0.000872
0.000867
0.000869
0.000877
0.000883
0.000886
0.000890
0.000896
0.000901
0.000900
0.000902
0.000912
0.000931
0.000951
0.000964
0.000965
0.000951
0.000927
0.000903
0.000891
0.000891
0.000893
0.000888
0.000873
0.000853
0.000838
0.000835
0.000842
0.000853
0.000864
0.000871
0.000872
0.000865
0.000851
0.000836
0.000826
0.000822
0.000822
0.000828
0.000840
0.000858
0.000877
0.000893
0.000904
0.000912
0.000920
0.000926
0.000923
0.000911
0.000897
0.000892
0.000896
0.000904
0.000911
0.000915
0.000917
0.000916
0.000915
0.000918
0.000922
0.000922
0.000916
0.000910
0.000906
0.000898
0.000884
0.000868
0.000852
0.000837
0.000827
0.000828
0.000836
0.000836
0.000815
0.000785
0.000768
0.000776
0.000800
0.000832
0.000864
0.000891
0.000907
0.000911
0.000908
0.000900
0.000889
0.000878
0.000869
0.000865
0.000859
0.000850
0.000842
0.000834
0.000830
0.000831
0.000838
0.000846
0.000854
0.000863
0.000878
0.000894
0.000905
0.000908
0.000904
0.000891
0.000869
0.000848
0.000839
0.000843
0.000850
0.000850
0.000844
0.000836
0.000829
0.000828
0.000836
0.000850
0.000861
0.000863
0.000859
0.000857
0.000861
0.000869
0.000876
0.000880
0.000879
0.000873
0.000868
0.000868
0.000870
0.000869
0.000866
0.000862
0.000864
0.000872
0.000883
0.000886
0.000876
0.000858
0.000847
0.000852
0.000869
0.000891
0.000908
0.000918
0.000920
0.000918
0.000919
0.000922
0.000921
0.000913
0.000900
0.000891
0.000883
0.000872
0.000858
0.000847
0.000840
0.000836
0.000827
0.000814
0.000800
0.000795
0.000801
0.000814
0.000827
0.000836
0.000843
0.000849
0.000852
0.000852
0.000849
0.000847
0.000843
0.000833
0.000825
0.000826
0.000834
0.000839
0.000836
0.000829
0.000825
0.000827
0.000831
0.000836
0.000842
0.000851
0.000863
0.000876
0.000888
0.000898
0.000905
0.000908
0.000906
0.000902
0.000902
0.000905
0.000905
0.000895
0.000878
0.000863
0.000851
0.000842
0.000838
0.000844
0.000855
0.000866
0.000876
0.000890
0.000909
0.000924
0.000929
0.000925
0.000916
0.000900
0.000877
0.000851
0.000832
0.000825
0.000827
0.000836
0.000850
0.000863
0.000867
0.000860
0.000845
0.000824
0.000800
0.000783
0.000778
0.000779
0.000779
0.000777
0.000783
0.000799
0.000816
0.000825
0.000824
0.000819
0.000817
0.000816
0.000816
0.000817
0.000820
0.000826
0.000840
0.000858
0.000872
0.000876
0.000879
0.000886
0.000895
0.000895
0.000883
0.000868
0.000858
0.000847
0.000829
0.000807
0.000794
0.000797
0.000814
0.000833
0.000845
0.000847
0.000840
0.000828
0.000814
0.000801
0.000789
0.000779
0.000771
0.000768
0.000770
0.000773
0.000771
0.000759
0.000742
0.000727
0.000723
0.000729
0.000744
0.000763
0.000780
0.000791
0.000793
0.000792
0.000796
0.000804
0.000806
0.000797
0.000779
0.000766
0.000762
0.000767
0.000777
0.000790
0.000808
0.000828
0.000843
0.000846
0.000833
0.000812
0.000794
0.000787
0.000788
0.000792
0.000797
0.000802
0.000806
0.000809
0.000812
0.000821
0.000834
0.000844
0.000846
0.000842
0.000840
0.000844
0.000853
0.000858
0.000853
0.000841
0.000827
0.000814
0.000804
0.000797
0.000794
0.000793
0.000791
0.000791
0.000795
0.000801
0.000804
0.000802
0.000796
0.000793
0.000792
0.000792
0.000796
0.000807
0.000824
0.000840
0.000849
0.000853
0.000852
0.000848
0.000838
0.000823
0.000807
0.000794
0.000790
0.000794
0.000801
0.000802
0.000801
0.000802
0.000807
0.000814
0.000821
0.000829
0.000834
0.000829
0.000812
0.000793
0.000782
0.000783
0.000792
0.000805
0.000816
0.000821
0.000819
0.000813
0.000809
0.000810
0.000813
0.000813
0.000809
0.000799
0.000789
0.000783
0.000787
0.000797
0.000804
0.000805
0.000801
0.000794
0.000785
0.000780
0.000780
0.000788
0.000799
0.000809
0.000819
0.000826
0.000828
0.000822
0.000809
0.000797
0.000791
0.000792
0.000798
0.000806
0.000815
0.000821
0.000823
0.000821
0.000817
0.000813
0.000808
0.000804
0.000804
0.000809
0.000816
0.000816
0.000807
0.000798
0.000794
0.000798
0.000804
0.000807
0.000804
0.000797
0.000790
0.000788
0.000794
0.000801
0.000803
0.000798
0.000790
0.000786
0.000788
0.000792
0.000796
0.000798
0.000799
0.000801
0.000804
0.000808
0.000813
0.000821
0.000830
0.000836
0.000840
0.000843
0.000844
0.000838
0.000822
0.000804
0.000795
0.000799
0.000809
0.000817
0.000819
0.000816
0.000814
0.000821
0.000837
0.000857
0.000872
0.000878
0.000883
0.000887
0.000889
0.000884
0.000875
0.000869
0.000867
0.000865
0.000861
0.000855
0.000851
0.000849
0.000847
0.000844
0.000840
0.000840
0.000846
0.000852
0.000853
0.000847
0.000839
0.000831
0.000823
0.000815
0.000811
0.000811
0.000813
0.000815
0.000817
0.000819
0.000818
0.000813
0.000807
0.000808
0.000811
0.000811
0.000805
0.000797
0.000794
0.000797
0.000804
0.000814
0.000828
0.000843
0.000854
0.000858
0.000852
0.000843
0.000836
0.000833
0.000832
0.000831
0.000830
0.000827
0.000820
0.000809
0.000798
0.000792
0.000789
0.000788
0.000789
0.000797
0.000806
0.000808
0.000802
0.000796
0.000797
0.000802
0.000806
0.000806
0.000804
0.000801
0.000799
0.000797
0.000797
0.000798
0.000797
0.000794
0.000791
0.000789
0.000788
0.000790
0.000792
0.000796
0.000801
0.000806
0.000807
0.000801
0.000793
0.000789
0.000791
0.000792
0.000788
0.000786
0.000794
0.000813
0.000832
0.000844
0.000849
0.000854
0.000861
0.000868
0.000874
0.000876
0.000874
0.000873
0.000876
0.000883
0.000890
0.000896
0.000904
0.000909
0.000906
0.000890
0.000865
0.000845
0.000838
0.000846
0.000864
0.000883
0.000896
0.000899
0.000896
0.000894
0.000898
0.000906
0.000908
0.000896
0.000871
0.000843
0.000822
0.000812
0.000810
0.000811
0.000811
0.000812
0.000815
0.000819
0.000820
0.000819
0.000823
0.000838
0.000861
0.000877
0.000879
0.000871
0.000860
0.000849
0.000837
0.000824
0.000816
0.000815
0.000818
0.000821
0.000824
0.000830
0.000840
0.000851
0.000859
0.000862
0.000859
0.000852
0.000847
0.000844
0.000843
0.000843
0.000839
0.000825
0.000802
0.000775
0.000755
0.000751
0.000762
0.000781
0.000799
0.000812
0.000823
0.000836
0.000855
0.000876
0.000890
0.000895
0.000892
0.000883
0.000870
0.000859
0.000856
0.000860
0.000865
0.000865
0.000861
0.000856
0.000851
0.000848
0.000847
0.000850
0.000850
0.000843
0.000830
0.000820
0.000816
0.000816
0.000815
0.000810
0.000804
0.000802
0.000806
0.000816
0.000825
0.000831
0.000834
0.000839
0.000842
0.000842
0.000839
0.000840
0.000846
0.000851
0.000849
0.000840
0.000830
0.000821
0.000816
0.000817
0.000821
0.000825
0.000827
0.000828
0.000830
0.000829
0.000818
0.000801
0.000787
0.000780
0.000776
0.000772
0.000769
0.000769
0.000768
0.000766
0.000762
0.000760
0.000757
0.000751
0.000746
0.000747
0.000755
0.000763
0.000766
0.000766
0.000767
0.000773
0.000782
0.000791
0.000797
0.000797
0.000788
0.000771
0.000750
0.000735
0.000735
0.000747
0.000761
0.000773
0.000790
0.000816
0.000845
0.000864
0.000872
0.000876
0.000881
0.000883
0.000876
0.000858
0.000834
0.000809
0.000790
0.000781
0.000784
0.000798
0.000816
0.000835
0.000852
0.000864
0.000864
0.000853
0.000833
0.000810
0.000787
0.000769
0.000757
0.000755
0.000761
0.000772
0.000784
0.000792
0.000793
0.000790
0.000788
0.000791
0.000797
0.000804
0.000811
0.000815
0.000815
0.000814
0.000812
0.000811
0.000808
0.000801
0.000791
0.000782
0.000776
0.000774
0.000777
0.000782
0.000781
0.000775
0.000769
0.000773
0.000785
0.000799
0.000805
0.000798
0.000782
0.000762
0.000746
0.000737
0.000735
0.000735
0.000741
0.000754
0.000771
0.000783
0.000784
0.000779
0.000776
0.000775
0.000773
0.000775
0.000785
0.000796
0.000797
0.000786
0.000774
0.000772
0.000778
0.000782
0.000779
0.000774
0.000771
0.000772
0.000779
0.000791
0.000800
0.000794
0.000772
0.000746
0.000733
0.000738
0.000749
0.000757
0.000759
0.000762
0.000765
0.000765
0.000763
0.000764
0.000769
0.000776
0.000783
0.000785
0.000782
0.000773
0.000764
0.000764
0.000777
0.000799
0.000817
0.000823
0.000818
0.000807
0.000798
0.000796
0.000799
0.000801
0.000795
0.000779
0.000762
0.000755
0.000762
0.000778
0.000793
0.000802
0.000805
0.000803
0.000799
0.000796
0.000795
0.000792
0.000783
0.000770
0.000755
0.000743
0.000739
0.000746
0.000763
0.000787
0.000812
0.000830
0.000840
0.000844
0.000844
0.000840
0.000834
0.000828
0.000827
0.000831
0.000840
0.000854
0.000867
0.000874
0.000871
0.000861
0.000852
0.000847
0.000843
0.000837
0.000830
0.000824
0.000821
0.000817
0.000809
0.000797
0.000786
0.000780
0.000784
0.000795
0.000807
0.000813
0.000812
0.000805
0.000793
0.000782
0.000772
0.000768
0.000770
0.000777
0.000788
0.000800
0.000808
0.000806
0.000795
0.000781
0.000772
0.000769
0.000769
0.000769
0.000771
0.000776
0.000787
0.000802
0.000818
0.000833
0.000843
0.000845
0.000836
0.000819
0.000798
0.000779
0.000765
0.000756
0.000750
0.000744
0.000739
0.000741
0.000750
0.000761
0.000771
0.000780
0.000794
0.000813
0.000827
0.000827
0.000813
0.000797
0.000786
0.000779
0.000777
0.000780
0.000792
0.000808
0.000823
0.000834
0.000842
0.000845
0.000840
0.000833
0.000831
0.000836
0.000846
0.000853
0.000856
0.000860
0.000867
0.000874
0.000876
0.000868
0.000852
0.000835
0.000820
0.000809
0.000801
0.000790
0.000774
0.000760
0.000755
0.000760
0.000769
0.000778
0.000784
0.000790
0.000791
0.000786
0.000780
0.000781
0.000790
0.000799
0.000800
0.000798
0.000797
0.000800
0.000802
0.000803
0.000802
0.000801
0.000800
0.000802
0.000806
0.000810
0.000812
0.000816
0.000828
0.000840
0.000841
0.000828
0.000807
0.000788
0.000773
0.000761
0.000751
0.000745
0.000746
0.000754
0.000765
0.000775
0.000783
0.000789
0.000795
0.000802
0.000810
0.000818
0.000827
0.000835
0.000834
0.000822
0.000803
0.000786
0.000780
0.000783
0.000792
0.000801
0.000804
0.000803
0.000800
0.000794
0.000779
0.000756
0.000736
0.000725
0.000722
0.000718
0.000713
0.000714
0.000726
0.000752
0.000783
0.000811
0.000828
0.000832
0.000824
0.000810
0.000797
0.000788
0.000782
0.000777
0.000774
0.000770
0.000768
0.000767
0.000767
0.000768
0.000769
0.000769
0.000763
0.000751
0.000737
0.000729
0.000732
0.000741
0.000752
0.000760
0.000763
0.000762
0.000756
0.000750
0.000745
0.000740
0.000734
0.000725
0.000716
0.000714
0.000724
0.000739
0.000754
0.000765
0.000779
0.000799
0.000821
0.000834
0.000831
0.000818
0.000802
0.000787
0.000774
0.000762
0.000751
0.000743
0.000742
0.000745
0.000750
0.000751
0.000744
0.000735
0.000728
0.000727
0.000731
0.000739
0.000754
0.000776
0.000800
0.000821
0.000833
0.000842
0.000851
0.000862
0.000873
0.000879
0.000881
0.000875
0.000859
0.000838
0.000820
0.000816
0.000822
0.000826
0.000822
0.000814
0.000811
0.000812
0.000814
0.000814
0.000815
0.000820
0.000826
0.000830
0.000828
0.000819
0.000802
0.000780
0.000755
0.000734
0.000723
0.000729
0.000751
0.000781
0.000807
0.000824
0.000836
0.000844
0.000846
0.000843
0.000838
0.000832
0.000825
0.000819
0.000822
0.000836
0.000856
0.000874
0.000885
0.000890
0.000890
0.000885
0.000873
0.000855
0.000834
0.000814
0.000798
0.000791
0.000788
0.000785
0.000784
0.000785
0.000788
0.000788
0.000782
0.000770
0.000758
0.000748
0.000742
0.000745
0.000756
0.000771
0.000783
0.000790
0.000796
0.000801
0.000807
0.000815
0.000821
0.000825
0.000825
0.000824
0.000823
0.000821
0.000817
0.000810
0.000804
0.000801
0.000800
0.000797
0.000792
0.000784
0.000776
0.000769
0.000767
0.000774
0.000787
0.000798
0.000804
0.000806
0.000806
0.000803
0.000798
0.000790
0.000781
0.000772
0.000768
0.000769
0.000772
0.000771
0.000761
0.000748
0.000740
0.000741
0.000748
0.000753
0.000753
0.000748
0.000740
0.000729
0.000715
0.000700
0.000687
0.000679
0.000680
0.000688
0.000701
0.000716
0.000730
0.000740
0.000748
0.000754
0.000760
0.000767
0.000774
0.000781
0.000787
0.000790
0.000792
0.000794
0.000793
0.000788
0.000779
0.000765
0.000748
0.000729
0.000711
0.000698
0.000696
0.000704
0.000718
0.000734
0.000751
0.000766
0.000775
0.000778
0.000775
0.000771
0.000767
0.000764
0.000762
0.000762
0.000763
0.000757
0.000741
0.000719
0.000701
0.000693
0.000690
0.000691
0.000697
0.000712
0.000730
0.000746
0.000756
0.000764
0.000771
0.000776
0.000778
0.000780
0.000780
0.000776
0.000766
0.000751
0.000735
0.000723
0.000719
0.000725
0.000739
0.000757
0.000773
0.000791
0.000811
0.000827
0.000836
0.000837
0.000834
0.000831
0.000830
0.000826
0.000820
0.000812
0.000803
0.000794
0.000788
0.000784
0.000777
0.000766
0.000753
0.000742
0.000735
0.000732
0.000730
0.000729
0.000730
0.000733
0.000736
0.000733
0.000724
0.000718
0.000723
0.000739
0.000753
0.000757
0.000755
0.000755
0.000761
0.000767
0.000769
0.000770
0.000769
0.000769
0.000769
0.000771
0.000778
0.000786
0.000791
0.000787
0.000777
0.000761
0.000742
0.000725
0.000712
0.000704
0.000703
0.000707
0.000717
0.000730
0.000742
0.000753
0.000764
0.000771
0.000771
0.000765
0.000759
0.000760
0.000766
0.000771
0.000771
0.000768
0.000767
0.000766
0.000764
0.000762
0.000765
0.000774
0.000788
0.000803
0.000812
0.000814
0.000813
0.000812
0.000814
0.000815
0.000815
0.000813
0.000813
0.000813
0.000813
0.000813
0.000812
0.000810
0.000806
0.000802
0.000799
0.000798
0.000797
0.000796
0.000798
0.000805
0.000813
0.000818
0.000815
0.000807
0.000800
0.000797
0.000795
0.000793
0.000792
0.000794
0.000800
0.000803
0.000801
0.000795
0.000793
0.000796
0.000802
0.000802
0.000796
0.000789
0.000786
0.000785
0.000778
0.000762
0.000747
0.000740
0.000742
0.000745
0.000746
0.000747
0.000748
0.000748
0.000745
0.000744
0.000751
0.000763
0.000773
0.000778
0.000782
0.000789
0.000795
0.000794
0.000787
0.000782
0.000781
0.000785
0.000789
0.000796
0.000805
0.000810
0.000808
0.000799
0.000794
0.000798
0.000808
0.000817
0.000819
0.000817
0.000816
0.000817
0.000819
0.000819
0.000817
0.000814
0.000810
0.000803
0.000791
0.000774
0.000756
0.000746
0.000748
0.000756
0.000763
0.000762
0.000753
0.000740
0.000729
0.000721
0.000719
0.000725
0.000738
0.000756
0.000774
0.000786
0.000789
0.000787
0.000788
0.000798
0.000814
0.000829
0.000838
0.000844
0.000852
0.000863
0.000870
0.000865
0.000850
0.000831
0.000818
0.000815
0.000823
0.000837
0.000847
0.000848
0.000844
0.000841
0.000839
0.000829
0.000809
0.000788
0.000776
0.000773
0.000772
0.000773
0.000778
0.000787
0.000790
0.000785
0.000774
0.000763
0.000754
0.000747
0.000746
0.000753
0.000767
0.000780
0.000786
0.000784
0.000775
0.000764
0.000756
0.000751
0.000751
0.000752
0.000756
0.000764
0.000773
0.000778
0.000775
0.000766
0.000754
0.000744
0.000740
0.000741
0.000746
0.000753
0.000760
0.000766
0.000774
0.000782
0.000790
0.000794
0.000799
0.000803
0.000803
0.000796
0.000788
0.000791
0.000811
0.000838
0.000858
0.000864
0.000862
0.000854
0.000839
0.000818
0.000802
0.000799
0.000809
0.000827
0.000846
0.000861
0.000868
0.000867
0.000862
0.000857
0.000856
0.000858
0.000864
0.000866
0.000860
0.000847
0.000836
0.000834
0.000836
0.000835
0.000827
0.000818
0.000811
0.000803
0.000794
0.000786
0.000782
0.000781
0.000782
0.000786
0.000793
0.000801
0.000806
0.000807
0.000803
0.000792
0.000775
0.000758
0.000749
0.000749
0.000757
0.000767
0.000776
0.000781
0.000784
0.000784
0.000781
0.000774
0.000766
0.000759
0.000754
0.000747
0.000740
0.000738
0.000744
0.000755
0.000766
0.000774
0.000780
0.000786
0.000795
0.000808
0.000825
0.000836
0.000836
0.000826
0.000814
0.000802
0.000789
0.000770
0.000750
0.000732
0.000720
0.000712
0.000707
0.000706
0.000709
0.000717
0.000726
0.000731
0.000728
0.000719
0.000711
0.000711
0.000720
0.000734
0.000744
0.000743
0.000734
0.000727
0.000729
0.000737
0.000743
0.000744
0.000743
0.000746
0.000751
0.000754
0.000756
0.000763
0.000776
0.000791
0.000801
0.000805
0.000808
0.000811
0.000817
0.000824
0.000833
0.000839
0.000839
0.000835
0.000831
0.000829
0.000827
0.000821
0.000813
0.000806
0.000801
0.000798
0.000799
0.000805
0.000814
0.000821
0.000825
0.000824
0.000816
0.000800
0.000782
0.000769
0.000765
0.000766
0.000770
0.000772
0.000771
0.000767
0.000761
0.000756
0.000752
0.000748
0.000742
0.000737
0.000729
0.000717
0.000705
0.000702
0.000710
0.000724
0.000736
0.000747
0.000758
0.000767
0.000769
0.000765
0.000761
0.000760
0.000760
0.000757
0.000754
0.000752
0.000749
0.000742
0.000735
0.000734
0.000743
0.000756
0.000764
0.000761
0.000750
0.000740
0.000733
0.000730
0.000729
0.000732
0.000739
0.000745
0.000749
0.000753
0.000763
0.000779
0.000795
0.000804
0.000804
0.000797
0.000788
0.000781
0.000780
0.000783
0.000781
0.000775
0.000767
0.000764
0.000765
0.000766
0.000764
0.000764
0.000769
0.000778
0.000790
0.000805
0.000820
0.000834
0.000843
0.000848
0.000855
0.000862
0.000865
0.000856
0.000840
0.000827
0.000821
0.000820
0.000819
0.000817
0.000816
0.000816
0.000814
0.000809
0.000807
0.000808
0.000809
0.000805
0.000795
0.000786
0.000781
0.000780
0.000779
0.000775
0.000770
0.000768
0.000774
0.000787
0.000800
0.000807
0.000805
0.000795
0.000784
0.000774
0.000767
0.000765
0.000767
0.000774
0.000781
0.000783
0.000777
0.000770
0.000769
0.000774
0.000778
0.000778
0.000774
0.000769
0.000763
0.000758
0.000758
0.000767
0.000782
0.000794
0.000800
0.000805
0.000810
0.000812
0.000807
0.000796
0.000787
0.000784
0.000791
0.000803
0.000816
0.000826
0.000833
0.000838
0.000839
0.000830
0.000808
0.000776
0.000745
0.000725
0.000717
0.000715
0.000715
0.000720
0.000730
0.000742
0.000752
0.000756
0.000758
0.000759
0.000758
0.000754
0.000747
0.000742
0.000741
0.000746
0.000758
0.000773
0.000790
0.000805
0.000820
0.000834
0.000843
0.000840
0.000821
0.000793
0.000768
0.000747
0.000725
0.000700
0.000678
0.000668
0.000669
0.000672
0.000674
0.000679
0.000688
0.000696
0.000700
0.000705
0.000714
0.000723
0.000726
0.000723
0.000720
0.000721
0.000727
0.000737
0.000747
0.000756
0.000759
0.000760
0.000761
0.000759
0.000751
0.000738
0.000727
0.000724
0.000726
0.000732
0.000741
0.000753
0.000764
0.000769
0.000770
0.000767
0.000759
0.000747
0.000734
0.000726
0.000724
0.000728
0.000735
0.000746
0.000753
0.000754
0.000749
0.000745
0.000746
0.000750
0.000755
0.000758
0.000760
0.000762
0.000764
0.000768
0.000772
0.000777
0.000786
0.000801
0.000816
0.000822
0.000815
0.000801
0.000787
0.000780
0.000780
0.000787
0.000800
0.000813
0.000820
0.000820
0.000813
0.000810
0.000813
0.000820
0.000822
0.000814
0.000799
0.000785
0.000775
0.000767
0.000760
0.000755
0.000753
0.000752
0.000753
0.000752
0.000747
0.000736
0.000722
0.000710
0.000707
0.000712
0.000726
0.000742
0.000755
0.000760
0.000759
0.000757
0.000757
0.000756
0.000753
0.000750
0.000751
0.000756
0.000755
0.000745
0.000729
0.000717
0.000717
0.000728
0.000743
0.000754
0.000761
0.000765
0.000765
0.000763
0.000761
0.000761
0.000758
0.000746
0.000729
0.000712
0.000702
0.000699
0.000703
0.000713
0.000730
0.000748
0.000759
0.000759
0.000751
0.000741
0.000738
0.000745
0.000760
0.000779
0.000801
0.000826
0.000848
0.000858
0.000853
0.000840
0.000826
0.000811
0.000789
0.000762
0.000739
0.000724
0.000718
0.000714
0.000713
0.000720
0.000736
0.000754
0.000767
0.000766
0.000755
0.000739
0.000728
0.000726
0.000734
0.000747
0.000762
0.000774
0.000781
0.000786
0.000792
0.000802
0.000812
0.000822
0.000832
0.000841
0.000846
0.000846
0.000845
0.000845
0.000852
0.000863
0.000876
0.000887
0.000895
0.000896
0.000888
0.000872
0.000855
0.000847
0.000848
0.000848
0.000839
0.000820
0.000797
0.000775
0.000754
0.000735
0.000725
0.000726
0.000738
0.000753
0.000762
0.000765
0.000764
0.000764
0.000768
0.000773
0.000776
0.000771
0.000759
0.000739
0.000718
0.000702
0.000697
0.000704
0.000714
0.000721
0.000721
0.000716
0.000710
0.000711
0.000720
0.000730
0.000736
0.000741
0.000756
0.000781
0.000808
0.000825
0.000830
0.000828
0.000821
0.000814
0.000813
0.000821
0.000829
0.000827
0.000813
0.000796
0.000787
0.000790
0.000803
0.000816
0.000822
0.000819
0.000809
0.000796
0.000783
0.000769
0.000756
0.000747
0.000742
0.000739
0.000740
0.000745
0.000751
0.000751
0.000746
0.000742
0.000745
0.000750
0.000751
0.000747
0.000743
0.000741
0.000739
0.000737
0.000739
0.000748
0.000762
0.000774
0.000779
0.000776
0.000766
0.000754
0.000746
0.000747
0.000758
0.000776
0.000791
0.000796
0.000792
0.000786
0.000785
0.000786
0.000784
0.000778
0.000767
0.000751
0.000734
0.000719
0.000709
0.000706
0.000704
0.000700
0.000697
0.000698
0.000701
0.000702
0.000701
0.000701
0.000707
0.000721
0.000743
0.000765
0.000782
0.000796
0.000810
0.000825
0.000833
0.000826
0.000810
0.000797
0.000794
0.000797
0.000797
0.000795
0.000797
0.000807
0.000822
0.000832
0.000830
0.000818
0.000802
0.000789
0.000785
0.000786
0.000784
0.000779
0.000774
0.000772
0.000777
0.000781
0.000779
0.000765
0.000740
0.000713
0.000696
0.000696
0.000711
0.000732
0.000749
0.000759
0.000763
0.000763
0.000765
0.000769
0.000773
0.000775
0.000776
0.000776
0.000773
0.000760
0.000737
0.000712
0.000697
0.000697
0.000708
0.000725
0.000745
0.000765
0.000785
0.000802
0.000813
0.000813
0.000802
0.000782
0.000762
0.000748
0.000743
0.000745
0.000755
0.000771
0.000790
0.000802
0.000805
0.000802
0.000795
0.000783
0.000763
0.000742
0.000733
0.000742
0.000757
0.000765
0.000762
0.000759
0.000760
0.000763
0.000764
0.000761
0.000755
0.000745
0.000739
0.000742
0.000752
0.000764
0.000774
0.000780
0.000785
0.000788
0.000788
0.000783
0.000776
0.000766
0.000755
0.000748
0.000748
0.000751
0.000752
0.000746
0.000733
0.000718
0.000704
0.000698
0.000700
0.000706
0.000710
0.000712
0.000713
0.000719
0.000729
0.000742
0.000751
0.000754
0.000750
0.000749
0.000754
0.000761
0.000761
0.000753
0.000747
0.000754
0.000768
0.000781
0.000786
0.000785
0.000786
0.000790
0.000794
0.000794
0.000790
0.000784
0.000781
0.000782
0.000789
0.000797
0.000804
0.000804
0.000798
0.000789
0.000782
0.000778
0.000777
0.000781
0.000786
0.000790
0.000791
0.000789
0.000786
0.000780
0.000767
0.000747
0.000729
0.000717
0.000713
0.000712
0.000707
0.000699
0.000690
0.000689
0.000699
0.000713
0.000723
0.000729
0.000740
0.000758
0.000780
0.000799
0.000812
0.000820
0.000818
0.000807
0.000794
0.000788
0.000787
0.000783
0.000770
0.000755
0.000745
0.000741
0.000740
0.000741
0.000748
0.000760
0.000770
0.000772
0.000768
0.000763
0.000761
0.000763
0.000768
0.000778
0.000791
0.000802
0.000804
0.000794
0.000779
0.000767
0.000762
0.000764
0.000768
0.000771
0.000769
0.000763
0.000756
0.000753
0.000755
0.000757
0.000754
0.000751
0.000755
0.000763
0.000769
0.000770
0.000771
0.000773
0.000770
0.000762
0.000753
0.000745
0.000739
0.000731
0.000724
0.000720
0.000719
0.000720
0.000724
0.000733
0.000743
0.000749
0.000749
0.000750
0.000753
0.000756
0.000757
0.000761
0.000768
0.000772
0.000765
0.000747
0.000726
0.000713
0.000713
0.000723
0.000739
0.000754
0.000766
0.000775
0.000784
0.000791
0.000791
0.000785
0.000775
0.000768
0.000767
0.000773
0.000783
0.000791
0.000793
0.000789
0.000779
0.000768
0.000758
0.000749
0.000743
0.000739
0.000740
0.000745
0.000755
0.000769
0.000783
0.000788
0.000784
0.000777
0.000775
0.000777
0.000779
0.000771
0.000757
0.000746
0.000743
0.000745
0.000747
0.000746
0.000743
0.000739
0.000738
0.000740
0.000745
0.000750
0.000755
0.000758
0.000759
0.000761
0.000764
0.000769
0.000775
0.000779
0.000778
0.000773
0.000766
0.000754
0.000741
0.000730
0.000726
0.000729
0.000734
0.000735
0.000731
0.000722
0.000713
0.000708
0.000711
0.000723
0.000736
0.000746
0.000751
0.000754
0.000758
0.000767
0.000774
0.000773
0.000763
0.000753
0.000750
0.000750
0.000745
0.000737
0.000738
0.000751
0.000769
0.000779
0.000780
0.000782
0.000790
0.000797
0.000797
0.000796
0.000801
0.000813
0.000824
0.000826
0.000823
0.000822
0.000822
0.000816
0.000799
0.000776
0.000760
0.000758
0.000766
0.000775
0.000775
0.000764
0.000743
0.000723
0.000710
0.000712
0.000726
0.000748
0.000770
0.000785
0.000794
0.000797
0.000799
0.000798
0.000796
0.000797
0.000805
0.000818
0.000827
0.000825
0.000811
0.000790
0.000772
0.000764
0.000765
0.000770
0.000772
0.000771
0.000766
0.000756
0.000739
0.000714
0.000692
0.000681
0.000683
0.000689
0.000695
0.000702
0.000714
0.000733
0.000753
0.000769
0.000778
0.000778
0.000776
0.000775
0.000777
0.000779
0.000777
0.000775
0.000775
0.000775
0.000770
0.000756
0.000738
0.000725
0.000726
0.000739
0.000756
0.000769
0.000771
0.000764
0.000750
0.000732
0.000715
0.000707
0.000711
0.000724
0.000742
0.000759
0.000770
0.000774
0.000773
0.000771
0.000772
0.000771
0.000764
0.000749
0.000729
0.000710
0.000694
0.000686
0.000689
0.000701
0.000715
0.000721
0.000720
0.000718
0.000722
0.000727
0.000730
0.000733
0.000741
0.000752
0.000759
0.000755
0.000743
0.000726
0.000711
0.000703
0.000704
0.000707
0.000705
0.000699
0.000697
0.000704
0.000717
0.000730
0.000744
0.000759
0.000768
0.000767
0.000758
0.000748
0.000741
0.000735
0.000729
0.000728
0.000733
0.000743
0.000750
0.000753
0.000757
0.000762
0.000765
0.000760
0.000747
0.000732
0.000724
0.000729
0.000742
0.000754
0.000756
0.000750
0.000745
0.000742
0.000739
0.000732
0.000726
0.000728
0.000737
0.000745
0.000744
0.000736
0.000727
0.000719
0.000712
0.000708
0.000711
0.000720
0.000724
0.000718
0.000703
0.000689
0.000681
0.000680
0.000689
0.000707
0.000729
0.000746
0.000754
0.000755
0.000752
0.000748
0.000745
0.000744
0.000746
0.000750
0.000755
0.000759
0.000758
0.000749
0.000735
0.000719
0.000707
0.000704
0.000714
0.000731
0.000745
0.000751
0.000751
0.000752
0.000756
0.000759
0.000762
0.000766
0.000771
0.000772
0.000768
0.000759
0.000748
0.000740
0.000738
0.000742
0.000749
0.000755
0.000759
0.000761
0.000761
0.000760
0.000766
0.000782
0.000799
0.000806
0.000801
0.000793
0.000793
0.000798
0.000802
0.000803
0.000804
0.000800
0.000785
0.000762
0.000745
0.000741
0.000748
0.000761
0.000777
0.000792
0.000804
0.000809
0.000807
0.000804
0.000802
0.000804
0.000809
0.000815
0.000816
0.000810
0.000804
0.000801
0.000798
0.000790
0.000774
0.000756
0.000742
0.000734
0.000730
0.000733
0.000743
0.000757
0.000768
0.000774
0.000778
0.000787
0.000799
0.000811
0.000819
0.000824
0.000829
0.000832
0.000827
0.000815
0.000798
0.000783
0.000773
0.000769
0.000766
0.000763
0.000761
0.000759
0.000757
0.000752
0.000744
0.000734
0.000725
0.000718
0.000713
0.000705
0.000694
0.000688
0.000691
0.000706
0.000726
0.000742
0.000751
0.000752
0.000745
0.000734
0.000724
0.000724
0.000730
0.000739
0.000747
0.000756
0.000766
0.000775
0.000781
0.000784
0.000781
0.000766
0.000742
0.000719
0.000709
0.000708
0.000710
0.000714
0.000723
0.000737
0.000752
0.000762
0.000764
0.000760
0.000752
0.000744
0.000741
0.000747
0.000757
0.000769
0.000778
0.000781
0.000777
0.000771
0.000761
0.000749
0.000737
0.000733
0.000740
0.000749
0.000748
0.000739
0.000732
0.000736
0.000745
0.000754
0.000760
0.000768
0.000770
0.000762
0.000743
0.000724
0.000711
0.000704
0.000703
0.000709
0.000721
0.000734
0.000742
0.000745
0.000744
0.000741
0.000733
0.000722
0.000713
0.000710
0.000713
0.000718
0.000719
0.000718
0.000717
0.000719
0.000720
0.000723
0.000727
0.000733
0.000741
0.000749
0.000755
0.000757
0.000754
0.000750
0.000749
0.000752
0.000750
0.000740
0.000727
0.000717
0.000711
0.000709
0.000713
0.000722
0.000732
0.000743
0.000756
0.000770
0.000781
0.000780
0.000767
0.000748
0.000732
0.000723
0.000722
0.000731
0.000745
0.000758
0.000762
0.000757
0.000747
0.000736
0.000728
0.000723
0.000721
0.000721
0.000722
0.000729
0.000744
0.000764
0.000779
0.000787
0.000788
0.000785
0.000778
0.000765
0.000749
0.000737
0.000731
0.000732
0.000734
0.000733
0.000732
0.000732
0.000738
0.000745
0.000748
0.000744
0.000737
0.000733
0.000732
0.000731
0.000727
0.000726
0.000730
0.000740
0.000748
0.000750
0.000744
0.000732
0.000715
0.000698
0.000686
0.000682
0.000685
0.000691
0.000699
0.000709
0.000719
0.000726
0.000730
0.000732
0.000738
0.000746
0.000751
0.000748
0.000736
0.000723
0.000715
0.000714
0.000714
0.000712
0.000710
0.000713
0.000724
0.000735
0.000737
0.000729
0.000716
0.000705
0.000694
0.000684
0.000678
0.000684
0.000700
0.000720
0.000737
0.000749
0.000758
0.000763
0.000763
0.000762
0.000759
0.000755
0.000746
0.000732
0.000724
0.000728
0.000745
0.000763
0.000774
0.000778
0.000780
0.000785
0.000793
0.000801
0.000808
0.000812
0.000808
0.000795
0.000775
0.000759
0.000752
0.000753
0.000754
0.000755
0.000759
0.000767
0.000774
0.000773
0.000765
0.000757
0.000755
0.000756
0.000756
0.000755
0.000756
0.000762
0.000770
0.000776
0.000775
0.000769
0.000763
0.000760
0.000760
0.000758
0.000751
0.000743
0.000740
0.000747
0.000759
0.000768
0.000768
0.000764
0.000764
0.000774
0.000788
0.000799
0.000804
0.000807
0.000810
0.000811
0.000812
0.000815
0.000817
0.000818
0.000816
0.000813
0.000809
0.000802
0.000796
0.000793
0.000791
0.000787
0.000781
0.000774
0.000766
0.000754
0.000738
0.000722
0.000710
0.000704
0.000700
0.000698
0.000702
0.000713
0.000728
0.000744
0.000757
0.000762
0.000754
0.000735
0.000715
0.000706
0.000710
0.000720
0.000728
0.000733
0.000740
0.000749
0.000751
0.000743
0.000731
0.000730
0.000742
0.000758
0.000769
0.000774
0.000782
0.000792
0.000801
0.000803
0.000799
0.000792
0.000784
0.000773
0.000760
0.000747
0.000738
0.000737
0.000744
0.000752
0.000757
0.000760
0.000766
0.000774
0.000780
0.000779
0.000776
0.000777
0.000785
0.000796
0.000806
0.000813
0.000817
0.000818
0.000815
0.000808
0.000800
0.000794
0.000789
0.000782
0.000771
0.000757
0.000746
0.000744
0.000751
0.000763
0.000776
0.000784
0.000779
0.000762
0.000736
0.000712
0.000696
0.000687
0.000683
0.000679
0.000674
0.000666
0.000655
0.000645
0.000640
0.000644
0.000654
0.000669
0.000685
0.000702
0.000719
0.000732
0.000740
0.000747
0.000755
0.000759
0.000757
0.000756
0.000759
0.000764
0.000764
0.000756
0.000745
0.000739
0.000737
0.000740
0.000743
0.000746
0.000745
0.000742
0.000740
0.000741
0.000739
0.000730
0.000716
0.000708
0.000709
0.000720
0.000734
0.000744
0.000749
0.000751
0.000753
0.000757
0.000760
0.000758
0.000755
0.000754
0.000758
0.000764
0.000768
0.000769
0.000768
0.000769
0.000773
0.000780
0.000788
0.000790
0.000788
0.000782
0.000776
0.000771
0.000767
0.000765
0.000766
0.000770
0.000776
0.000781
0.000779
0.000768
0.000750
0.000736
0.000730
0.000729
0.000723
0.000716
0.000717
0.000735
0.000760
0.000779
0.000782
0.000776
0.000769
0.000766
0.000766
0.000764
0.000761
0.000759
0.000757
0.000749
0.000734
0.000714
0.000697
0.000692
0.000698
0.000708
0.000718
0.000726
0.000730
0.000726
0.000712
0.000690
0.000675
0.000676
0.000688
0.000701
0.000710
0.000715
0.000723
0.000733
0.000741
0.000742
0.000739
0.000732
0.000723
0.000716
0.000710
0.000704
0.000696
0.000688
0.000686
0.000693
0.000706
0.000721
0.000737
0.000752
0.000762
0.000764
0.000761
0.000758
0.000754
0.000744
0.000732
0.000722
0.000718
0.000715
0.000715
0.000725
0.000739
0.000745
0.000740
0.000737
0.000749
0.000771
0.000786
0.000786
0.000778
0.000767
0.000750
0.000727
0.000705
0.000693
0.000695
0.000703
0.000713
0.000722
0.000729
0.000735
0.000744
0.000759
0.000774
0.000786
0.000788
0.000779
0.000760
0.000739
0.000724
0.000716
0.000712
0.000708
0.000704
0.000707
0.000715
0.000725
0.000735
0.000744
0.000748
0.000745
0.000741
0.000743
0.000752
0.000767
0.000782
0.000791
0.000792
0.000783
0.000767
0.000750
0.000738
0.000732
0.000733
0.000740
0.000748
0.000750
0.000746
0.000746
0.000756
0.000772
0.000783
0.000784
0.000782
0.000785
0.000793
0.000800
0.000803
0.000801
0.000799
0.000798
0.000794
0.000785
0.000769
0.000750
0.000735
0.000726
0.000720
0.000716
0.000716
0.000720
0.000726
0.000726
0.000717
0.000703
0.000693
0.000692
0.000699
0.000710
0.000721
0.000731
0.000737
0.000740
0.000741
0.000744
0.000752
0.000766
0.000784
0.000801
0.000811
0.000815
0.000817
0.000819
0.000820
0.000817
0.000811
0.000806
0.000805
0.000803
0.000798
0.000791
0.000784
0.000777
0.000770
0.000766
0.000768
0.000771
0.000766
0.000748
0.000719
0.000692
0.000678
0.000681
0.000701
0.000726
0.000747
0.000754
0.000747
0.000733
0.000724
0.000726
0.000738
0.000754
0.000767
0.000772
0.000774
0.000774
0.000775
0.000773
0.000766
0.000758
0.000753
0.000751
0.000749
0.000748
0.000753
0.000767
0.000785
0.000797
0.000800
0.000798
0.000794
0.000789
0.000782
0.000775
0.000772
0.000776
0.000783
0.000787
0.000788
0.000782
0.000771
0.000754
0.000736
0.000723
0.000719
0.000724
0.000736
0.000748
0.000758
0.000765
0.000773
0.000787
0.000802
0.000813
0.000813
0.000806
0.000803
0.000810
0.000821
0.000824
0.000808
0.000777
0.000744
0.000719
0.000708
0.000707
0.000711
0.000715
0.000718
0.000721
0.000725
0.000733
0.000743
0.000756
0.000768
0.000777
0.000781
0.000778
0.000768
0.000752
0.000737
0.000726
0.000717
0.000711
0.000710
0.000715
0.000724
0.000730
0.000729
0.000725
0.000720
0.000717
0.000713
0.000710
0.000710
0.000709
0.000704
0.000697
0.000691
0.000691
0.000695
0.000697
0.000695
0.000693
0.000692
0.000692
0.000690
0.000687
0.000692
0.000710
0.000736
0.000761
0.000777
0.000785
0.000791
0.000798
0.000802
0.000796
0.000783
0.000768
0.000757
0.000750
0.000743
0.000733
0.000726
0.000724
0.000726
0.000726
0.000724
0.000722
0.000724
0.000730
0.000739
0.000746
0.000745
0.000737
0.000730
0.000731
0.000736
0.000737
0.000728
0.000714
0.000700
0.000689
0.000681
0.000678
0.000684
0.000693
0.000697
0.000693
0.000687
0.000687
0.000693
0.000698
0.000694
0.000685
0.000676
0.000673
0.000674
0.000676
0.000678
0.000683
0.000687
0.000686
0.000680
0.000676
0.000677
0.000683
0.000694
0.000709
0.000727
0.000742
0.000749
0.000747
0.000743
0.000739
0.000733
0.000726
0.000717
0.000709
0.000703
0.000698
0.000691
0.000679
0.000664
0.000650
0.000645
0.000650
0.000664
0.000681
0.000698
0.000712
0.000722
0.000724
0.000719
0.000714
0.000716
0.000728
0.000746
0.000760
0.000764
0.000759
0.000747
0.000730
0.000711
0.000696
0.000687
0.000683
0.000681
0.000679
0.000678
0.000680
0.000681
0.000681
0.000680
0.000678
0.000675
0.000671
0.000668
0.000669
0.000675
0.000687
0.000704
0.000722
0.000738
0.000749
0.000756
0.000759
0.000757
0.000755
0.000758
0.000768
0.000780
0.000789
0.000794
0.000799
0.000806
0.000811
0.000810
0.000804
0.000795
0.000788
0.000784
0.000782
0.000776
0.000763
0.000748
0.000739
0.000741
0.000751
0.000763
0.000771
0.000773
0.000767
0.000756
0.000745
0.000741
0.000745
0.000750
0.000746
0.000735
0.000729
0.000737
0.000756
0.000773
0.000781
0.000783
0.000788
0.000797
0.000803
0.000802
0.000797
0.000789
0.000781
0.000775
0.000775
0.000778
0.000781
0.000778
0.000772
0.000766
0.000764
0.000766
0.000771
0.000774
0.000775
0.000777
0.000780
0.000782
0.000781
0.000779
0.000779
0.000779
0.000774
0.000761
0.000748
0.000743
0.000748
0.000754
0.000751
0.000738
0.000719
0.000707
0.000704
0.000706
0.000708
0.000708
0.000711
0.000717
0.000721
0.000723
0.000725
0.000727
0.000726
0.000721
0.000717
0.000722
0.000733
0.000742
0.000741
0.000733
0.000726
0.000724
0.000724
0.000723
0.000721
0.000720
0.000721
0.000726
0.000733
0.000745
0.000762
0.000783
0.000799
0.000803
0.000794
0.000775
0.000755
0.000739
0.000732
0.000735
0.000744
0.000754
0.000758
0.000759
0.000760
0.000761
0.000760
0.000754
0.000744
0.000731
0.000722
0.000722
0.000731
0.000741
0.000752
0.000765
0.000777
0.000782
0.000771
0.000751
0.000739
0.000741
0.000753
0.000761
0.000760
0.000752
0.000738
0.000719
0.000702
0.000694
0.000698
0.000705
0.000706
0.000701
0.000695
0.000693
0.000691
0.000686
0.000677
0.000671
0.000673
0.000678
0.000679
0.000677
0.000682
0.000696
0.000717
0.000737
0.000755
0.000769
0.000777
0.000776
0.000768
0.000758
0.000748
0.000737
0.000724
0.000712
0.000703
0.000701
0.000706
0.000720
0.000733
0.000739
0.000740
0.000742
0.000745
0.000743
0.000732
0.000720
0.000712
0.000707
0.000704
0.000703
0.000707
0.000713
0.000718
0.000720
0.000726
0.000736
0.000747
0.000753
0.000753
0.000745
0.000733
0.000724
0.000725
0.000732
0.000739
0.000741
0.000742
0.000745
0.000752
0.000759
0.000759
0.000749
0.000733
0.000717
0.000707
0.000705
0.000711
0.000726
0.000749
0.000770
0.000781
0.000783
0.000784
0.000785
0.000779
0.000767
0.000759
0.000763
0.000773
0.000779
0.000776
0.000770
0.000768
0.000770
0.000772
0.000771
0.000766
0.000757
0.000748
0.000739
0.000732
0.000728
0.000727
0.000724
0.000718
0.000713
0.000714
0.000720
0.000725
0.000728
0.000736
0.000756
0.000784
0.000807
0.000821
0.000824
0.000820
0.000809
0.000795
0.000783
0.000773
0.000767
0.000768
0.000776
0.000788
0.000795
0.000794
0.000785
0.000770
0.000749
0.000723
0.000699
0.000680
0.000665
0.000653
0.000645
0.000642
0.000643
0.000645
0.000648
0.000650
0.000652
0.000653
0.000650
0.000648
0.000650
0.000661
0.000676
0.000690
0.000701
0.000711
0.000721
0.000726
0.000723
0.000715
0.000709
0.000704
0.000699
0.000693
0.000693
0.000697
0.000699
0.000699
0.000703
0.000715
0.000728
0.000735
0.000733
0.000730
0.000730
0.000731
0.000728
0.000720
0.000709
0.000696
0.000684
0.000677
0.000678
0.000685
0.000694
0.000698
0.000700
0.000701
0.000706
0.000711
0.000712
0.000708
0.000703
0.000697
0.000695
0.000698
0.000708
0.000724
0.000744
0.000764
0.000782
0.000793
0.000798
0.000797
0.000791
0.000780
0.000763
0.000743
0.000728
0.000718
0.000712
0.000708
0.000707
0.000708
0.000705
0.000698
0.000695
0.000702
0.000715
0.000731
0.000746
0.000762
0.000775
0.000783
0.000786
0.000788
0.000789
0.000785
0.000776
0.000767
0.000764
0.000763
0.000760
0.000753
0.000745
0.000739
0.000736
0.000738
0.000745
0.000756
0.000765
0.000766
0.000763
0.000761
0.000762
0.000763
0.000760
0.000754
0.000751
0.000752
0.000752
0.000750
0.000747
0.000745
0.000746
0.000752
0.000762
0.000768
0.000764
0.000751
0.000736
0.000721
0.000708
0.000697
0.000692
0.000696
0.000703
0.000710
0.000714
0.000719
0.000724
0.000729
0.000735
0.000745
0.000756
0.000764
0.000767
0.000769
0.000770
0.000771
0.000769
0.000766
0.000761
0.000755
0.000748
0.000740
0.000733
0.000728
0.000731
0.000738
0.000742
0.000739
0.000736
0.000741
0.000749
0.000751
0.000745
0.000741
0.000744
0.000750
0.000752
0.000752
0.000756
0.000763
0.000768
0.000768
0.000766
0.000767
0.000771
0.000774
0.000775
0.000775
0.000775
0.000778
0.000782
0.000787
0.000789
0.000789
0.000784
0.000774
0.000765
0.000762
0.000766
0.000773
0.000779
0.000781
0.000781
0.000781
0.000782
0.000785
0.000786
0.000776
0.000755
0.000731
0.000713
0.000705
0.000703
0.000702
0.000701
0.000702
0.000703
0.000704
0.000703
0.000701
0.000704
0.000710
0.000715
0.000713
0.000704
0.000696
0.000696
0.000698
0.000696
0.000685
0.000665
0.000641
0.000617
0.000605
0.000608
0.000620
0.000633
0.000641
0.000647
0.000652
0.000655
0.000654
0.000654
0.000655
0.000655
0.000652
0.000653
0.000662
0.000678
0.000690
0.000690
0.000679
0.000666
0.000658
0.000656
0.000658
0.000660
0.000664
0.000672
0.000686
0.000704
0.000719
0.000730
0.000737
0.000740
0.000742
0.000744
0.000750
0.000759
0.000768
0.000771
0.000761
0.000740
0.000717
0.000703
0.000699
0.000701
0.000702
0.000701
0.000697
0.000694
0.000694
0.000699
0.000709
0.000721
0.000734
0.000745
0.000747
0.000738
0.000721
0.000705
0.000699
0.000705
0.000715
0.000725
0.000731
0.000737
0.000743
0.000746
0.000743
0.000736
0.000728
0.000723
0.000718
0.000716
0.000719
0.000724
0.000724
0.000714
0.000704
0.000708
0.000726
0.000747
0.000758
0.000760
0.000759
0.000757
0.000752
0.000746
0.000741
0.000733
0.000720
0.000706
0.000699
0.000704
0.000713
0.000718
0.000716
0.000710
0.000703
0.000693
0.000682
0.000669
0.000660
0.000655
0.000656
0.000662
0.000672
0.000686
0.000701
0.000714
0.000719
0.000719
0.000715
0.000713
0.000717
0.000731
0.000754
0.000782
0.000805
0.000819
0.000822
0.000816
0.000804
0.000793
0.000790
0.000792
0.000795
0.000791
0.000783
0.000772
0.000762
0.000752
0.000746
0.000744
0.000744
0.000737
0.000724
0.000708
0.000697
0.000694
0.000695
0.000699
0.000703
0.000703
0.000700
0.000694
0.000692
0.000694
0.000697
0.000698
0.000695
0.000689
0.000682
0.000674
0.000668
0.000664
0.000664
0.000667
0.000681
0.000707
0.000739
0.000763
0.000771
0.000764
0.000748
0.000730
0.000715
0.000707
0.000710
0.000719
0.000730
0.000739
0.000747
0.000753
0.000758
0.000758
0.000754
0.000743
0.000727
0.000711
0.000700
0.000699
0.000704
0.000710
0.000715
0.000719
0.000721
0.000721
0.000725
0.000736
0.000752
0.000764
0.000763
0.000749
0.000731
0.000717
0.000712
0.000716
0.000727
0.000737
0.000744
0.000753
0.000768
0.000789
0.000806
0.000812
0.000806
0.000797
0.000794
0.000796
0.000801
0.000803
0.000799
0.000791
0.000783
0.000775
0.000768
0.000760
0.000750
0.000741
0.000734
0.000731
0.000730
0.000730
0.000730
0.000729
0.000729
0.000725
0.000717
0.000707
0.000697
0.000689
0.000683
0.000680
0.000685
0.000700
0.000718
0.000732
0.000740
0.000748
0.000757
0.000766
0.000772
0.000773
0.000770
0.000764
0.000757
0.000753
0.000752
0.000752
0.000750
0.000741
0.000724
0.000702
0.000685
0.000680
0.000689
0.000704
0.000716
0.000721
0.000721
0.000722
0.000728
0.000738
0.000748
0.000752
0.000750
0.000746
0.000742
0.000739
0.000736
0.000734
0.000736
0.000741
0.000748
0.000751
0.000750
0.000750
0.000758
0.000774
0.000792
0.000803
0.000808
0.000811
0.000812
0.000811
0.000807
0.000805
0.000806
0.000807
0.000807
0.000805
0.000798
0.000783
0.000759
0.000733
0.000714
0.000704
0.000701
0.000703
0.000709
0.000721
0.000734
0.000748
0.000759
0.000763
0.000755
0.000737
0.000716
0.000704
0.000704
0.000711
0.000717
0.000720
0.000721
0.000719
0.000718
0.000715
0.000713
0.000711
0.000710
0.000712
0.000716
0.000722
0.000727
0.000733
0.000745
0.000763
0.000780
0.000785
0.000773
0.000754
0.000736
0.000723
0.000714
0.000707
0.000703
0.000701
0.000704
0.000711
0.000721
0.000729
0.000726
0.000714
0.000702
0.000694
0.000691
0.000695
0.000709
0.000732
0.000753
0.000763
0.000763
0.000762
0.000768
0.000780
0.000787
0.000785
0.000773
0.000760
0.000749
0.000740
0.000730
0.000719
0.000713
0.000715
0.000722
0.000724
0.000720
0.000718
0.000720
0.000727
0.000737
0.000748
0.000757
0.000762
0.000763
0.000765
0.000774
0.000783
0.000785
0.000779
0.000773
0.000772
0.000770
0.000763
0.000751
0.000739
0.000733
0.000733
0.000737
0.000746
0.000755
0.000762
0.000765
0.000760
0.000745
0.000723
0.000704
0.000698
0.000702
0.000707
0.000709
0.000709
0.000712
0.000720
0.000731
0.000737
0.000737
0.000728
0.000717
0.000708
0.000701
0.000695
0.000688
0.000685
0.000687
0.000693
0.000697
0.000698
0.000701
0.000709
0.000719
0.000725
0.000724
0.000720
0.000722
0.000737
0.000760
0.000780
0.000789
0.000790
0.000789
0.000794
0.000805
0.000819
0.000830
0.000831
0.000821
0.000807
0.000792
0.000780
0.000773
0.000771
0.000773
0.000771
0.000765
0.000759
0.000762
0.000773
0.000789
0.000800
0.000804
0.000799
0.000785
0.000766
0.000750
0.000740
0.000737
0.000737
0.000739
0.000742
0.000744
0.000747
0.000753
0.000759
0.000761
0.000760
0.000761
0.000770
0.000783
0.000794
0.000798
0.000797
0.000798
0.000798
0.000790
0.000771
0.000747
0.000732
0.000732
0.000743
0.000758
0.000768
0.000772
0.000765
0.000748
0.000726
0.000708
0.000696
0.000688
0.000682
0.000679
0.000680
0.000682
0.000681
0.000674
0.000665
0.000656
0.000653
0.000654
0.000661
0.000671
0.000681
0.000690
0.000698
0.000702
0.000704
0.000703
0.000701
0.000702
0.000705
0.000712
0.000721
0.000727
0.000728
0.000729
0.000734
0.000744
0.000759
0.000770
0.000773
0.000765
0.000748
0.000729
0.000708
0.000686
0.000668
0.000661
0.000667
0.000682
0.000699
0.000710
0.000713
0.000710
0.000704
0.000699
0.000698
0.000703
0.000712
0.000722
0.000728
0.000731
0.000732
0.000735
0.000736
0.000731
0.000721
0.000716
0.000720
0.000734
0.000751
0.000769
0.000786
0.000800
0.000806
0.000805
0.000801
0.000796
0.000788
0.000779
0.000770
0.000762
0.000753
0.000744
0.000735
0.000725
0.000711
0.000695
0.000683
0.000676
0.000672
0.000672
0.000682
0.000701
0.000721
0.000738
0.000754
0.000767
0.000769
0.000754
0.000732
0.000718
0.000720
0.000730
0.000743
0.000756
0.000768
0.000776
0.000779
0.000782
0.000789
0.000799
0.000805
0.000804
0.000796
0.000786
0.000779
0.000777
0.000777
0.000776
0.000773
0.000770
0.000766
0.000761
0.000758
0.000759
0.000764
0.000770
0.000777
0.000788
0.000801
0.000814
0.000822
0.000822
0.000811
0.000788
0.000758
0.000732
0.000717
0.000716
0.000726
0.000742
0.000760
0.000775
0.000781
0.000780
0.000778
0.000778
0.000776
0.000766
0.000752
0.000745
0.000749
0.000759
0.000765
0.000770
0.000777
0.000787
0.000787
0.000773
0.000751
0.000737
0.000734
0.000739
0.000745
0.000749
0.000748
0.000745
0.000741
0.000736
0.000730
0.000720
0.000707
0.000695
0.000688
0.000686
0.000690
0.000700
0.000713
0.000723
0.000724
0.000720
0.000716
0.000718
0.000726
0.000738
0.000752
0.000765
0.000777
0.000785
0.000787
0.000785
0.000778
0.000768
0.000757
0.000747
0.000744
0.000747
0.000752
0.000751
0.000741
0.000727
0.000717
0.000718
0.000729
0.000744
0.000754
0.000757
0.000759
0.000761
0.000758
0.000746
0.000726
0.000705
0.000685
0.000668
0.000661
0.000669
0.000692
0.000721
0.000742
0.000750
0.000748
0.000740
0.000732
0.000727
0.000724
0.000718
0.000710
0.000702
0.000696
0.000687
0.000673
0.000654
0.000639
0.000633
0.000634
0.000641
0.000653
0.000672
0.000695
0.000713
0.000722
0.000724
0.000724
0.000727
0.000734
0.000739
0.000741
0.000746
0.000757
0.000770
0.000778
0.000776
0.000766
0.000756
0.000750
0.000747
0.000741
0.000729
0.000719
0.000719
0.000727
0.000733
0.000729
0.000718
0.000708
0.000703
0.000704
0.000708
0.000713
0.000717
0.000720
0.000725
0.000728
0.000724
0.000714
0.000706
0.000705
0.000709
0.000707
0.000698
0.000692
0.000694
0.000702
0.000714
0.000727
0.000738
0.000743
0.000737
0.000726
0.000716
0.000708
0.000699
0.000688
0.000680
0.000679
0.000686
0.000696
0.000703
0.000707
0.000711
0.000717
0.000720
0.000723
0.000730
0.000744
0.000764
0.000782
0.000797
0.000808
0.000813
0.000806
0.000790
0.000773
0.000760
0.000754
0.000754
0.000760
0.000773
0.000789
0.000801
0.000807
0.000805
0.000795
0.000780
0.000766
0.000757
0.000753
0.000750
0.000748
0.000745
0.000743
0.000738
0.000729
0.000721
0.000717
0.000721
0.000730
0.000740
0.000747
0.000751
0.000756
0.000764
0.000771
0.000771
0.000767
0.000769
0.000779
0.000791
0.000795
0.000792
0.000789
0.000788
0.000787
0.000783
0.000779
0.000782
0.000793
0.000806
0.000815
0.000817
0.000813
0.000809
0.000806
0.000804
0.000801
0.000797
0.000791
0.000785
0.000776
0.000767
0.000757
0.000747
0.000741
0.000740
0.000745
0.000751
0.000755
0.000752
0.000741
0.000725
0.000710
0.000703
0.000705
0.000715
0.000728
0.000738
0.000745
0.000750
0.000756
0.000761
0.000759
0.000744
0.000719
0.000695
0.000684
0.000685
0.000688
0.000687
0.000685
0.000686
0.000690
0.000695
0.000698
0.000704
0.000713
0.000722
0.000725
0.000723
0.000719
0.000713
0.000705
0.000698
0.000693
0.000690
0.000687
0.000680
0.000667
0.000652
0.000642
0.000641
0.000651
0.000667
0.000680
0.000683
0.000680
0.000679
0.000682
0.000691
0.000703
0.000718
0.000731
0.000738
0.000739
0.000738
0.000741
0.000744
0.000746
0.000747
0.000750
0.000755
0.000758
0.000756
0.000748
0.000734
0.000716
0.000697
0.000683
0.000670
0.000657
0.000642
0.000633
0.000633
0.000639
0.000646
0.000654
0.000662
0.000672
0.000681
0.000690
0.000700
0.000709
0.000714
0.000714
0.000711
0.000705
0.000700
0.000696
0.000692
0.000690
0.000687
0.000685
0.000683
0.000680
0.000677
0.000676
0.000677
0.000678
0.000674
0.000663
0.000651
0.000646
0.000651
0.000666
0.000687
0.000706
0.000717
0.000721
0.000724
0.000728
0.000731
0.000731
0.000731
0.000733
0.000739
0.000748
0.000755
0.000758
0.000756
0.000751
0.000749
0.000749
0.000750
0.000749
0.000747
0.000745
0.000742
0.000740
0.000741
0.000747
0.000753
0.000755
0.000753
0.000749
0.000743
0.000733
0.000715
0.000693
0.000669
0.000650
0.000639
0.000637
0.000640
0.000645
0.000648
0.000651
0.000654
0.000662
0.000677
0.000697
0.000716
0.000728
0.000733
0.000738
0.000743
0.000745
0.000741
0.000728
0.000709
0.000688
0.000671
0.000662
0.000660
0.000658
0.000651
0.000638
0.000623
0.000608
0.000596
0.000590
0.000590
0.000599
0.000614
0.000629
0.000640
0.000647
0.000656
0.000672
0.000688
0.000697
0.000699
0.000699
0.000698
0.000695
0.000694
0.000700
0.000711
0.000713
0.000697
0.000677
0.000669
0.000678
0.000691
0.000700
0.000703
0.000705
0.000707
0.000708
0.000712
0.000717
0.000717
0.000712
0.000703
0.000699
0.000702
0.000712
0.000724
0.000733
0.000736
0.000731
0.000725
0.000722
0.000722
0.000721
0.000716
0.000709
0.000700
0.000693
0.000693
0.000703
0.000721
0.000739
0.000749
0.000749
0.000741
0.000724
0.000701
0.000675
0.000658
0.000658
0.000673
0.000692
0.000704
0.000707
0.000703
0.000694
0.000684
0.000677
0.000680
0.000691
0.000704
0.000715
0.000726
0.000736
0.000745
0.000747
0.000740
0.000726
0.000712
0.000703
0.000703
0.000710
0.000721
0.000735
0.000746
0.000751
0.000748
0.000740
0.000734
0.000732
0.000730
0.000724
0.000716
0.000708
0.000702
0.000696
0.000692
0.000692
0.000694
0.000695
0.000692
0.000688
0.000685
0.000685
0.000691
0.000700
0.000707
0.000709
0.000709
0.000716
0.000732
0.000751
0.000764
0.000766
0.000760
0.000749
0.000737
0.000725
0.000716
0.000715
0.000726
0.000748
0.000776
0.000798
0.000806
0.000799
0.000780
0.000754
0.000730
0.000716
0.000714
0.000716
0.000718
0.000716
0.000715
0.000716
0.000720
0.000727
0.000730
0.000727
0.000720
0.000713
0.000713
0.000717
0.000725
0.000734
0.000740
0.000740
0.000735
0.000731
0.000734
0.000740
0.000740
0.000733
0.000725
0.000717
0.000712
0.000708
0.000709
0.000716
0.000725
0.000733
0.000738
0.000737
0.000731
0.000721
0.000715
0.000714
0.000718
0.000724
0.000731
0.000741
0.000752
0.000756
0.000750
0.000738
0.000726
0.000719
0.000715
0.000715
0.000716
0.000719
0.000722
0.000723
0.000721
0.000719
0.000717
0.000716
0.000715
0.000718
0.000727
0.000745
0.000765
0.000779
0.000782
0.000774
0.000762
0.000748
0.000734
0.000723
0.000715
0.000710
0.000709
0.000707
0.000706
0.000704
0.000702
0.000698
0.000696
0.000701
0.000715
0.000729
0.000737
0.000741
0.000744
0.000750
0.000752
0.000748
0.000741
0.000733
0.000726
0.000724
0.000732
0.000747
0.000760
0.000764
0.000765
0.000767
0.000767
0.000758
0.000740
0.000723
0.000712
0.000707
0.000703
0.000701
0.000701
0.000710
0.000728
0.000747
0.000755
0.000751
0.000743
0.000740
0.000739
0.000731
0.000716
0.000703
0.000701
0.000708
0.000721
0.000737
0.000751
0.000759
0.000760
0.000759
0.000757
0.000751
0.000742
0.000740
0.000749
0.000761
0.000765
0.000756
0.000741
0.000726
0.000721
0.000731
0.000755
0.000782
0.000799
0.000801
0.000794
0.000783
0.000773
0.000769
0.000774
0.000788
0.000802
0.000809
0.000808
0.000799
0.000792
0.000789
0.000790
0.000790
0.000785
0.000780
0.000781
0.000785
0.000787
0.000787
0.000788
0.000792
0.000792
0.000787
0.000778
0.000769
0.000759
0.000749
0.000737
0.000724
0.000711
0.000702
0.000702
0.000712
0.000723
0.000732
0.000739
0.000750
0.000764
0.000774
0.000774
0.000765
0.000748
0.000728
0.000710
0.000695
0.000686
0.000687
0.000696
0.000711
0.000721
0.000721
0.000717
0.000719
0.000730
0.000743
0.000751
0.000755
0.000759
0.000761
0.000755
0.000740
0.000723
0.000715
0.000720
0.000733
0.000744
0.000750
0.000752
0.000755
0.000758
0.000761
0.000768
0.000780
0.000793
0.000798
0.000792
0.000781
0.000773
0.000769
0.000765
0.000759
0.000754
0.000750
0.000748
0.000744
0.000737
0.000727
0.000716
0.000710
0.000712
0.000717
0.000721
0.000721
0.000720
0.000725
0.000733
0.000739
0.000737
0.000730
0.000722
0.000715
0.000710
0.000704
0.000699
0.000699
0.000707
0.000719
0.000726
0.000723
0.000715
0.000706
0.000699
0.000689
0.000675
0.000665
0.000664
0.000671
0.000679
0.000685
0.000693
0.000703
0.000717
0.000733
0.000750
0.000763
0.000770
0.000772
0.000773
0.000770
0.000759
0.000745
0.000736
0.000737
0.000743
0.000749
0.000756
0.000766
0.000778
0.000786
0.000790
0.000790
0.000783
0.000768
0.000750
0.000735
0.000724
0.000716
0.000711
0.000712
0.000717
0.000723
0.000726
0.000730
0.000739
0.000751
0.000758
0.000756
0.000748
0.000734
0.000719
0.000702
0.000689
0.000685
0.000691
0.000701
0.000707
0.000706
0.000702
0.000696
0.000691
0.000688
0.000693
0.000708
0.000722
0.000728
0.000729
0.000733
0.000744
0.000756
0.000767
0.000776
0.000782
0.000782
0.000776
0.000770
0.000767
0.000768
0.000768
0.000768
0.000771
0.000778
0.000787
0.000793
0.000791
0.000781
0.000768
0.000758
0.000754
0.000754
0.000753
0.000750
0.000745
0.000736
0.000723
0.000709
0.000696
0.000685
0.000676
0.000672
0.000676
0.000689
0.000707
0.000726
0.000737
0.000737
0.000728
0.000717
0.000712
0.000708
0.000701
0.000694
0.000697
0.000713
0.000737
0.000756
0.000762
0.000760
0.000757
0.000753
0.000748
0.000739
0.000731
0.000729
0.000728
0.000720
0.000707
0.000695
0.000692
0.000695
0.000696
0.000697
0.000702
0.000713
0.000725
0.000729
0.000722
0.000711
0.000704
0.000706
0.000715
0.000723
0.000725
0.000722
0.000719
0.000721
0.000727
0.000737
0.000751
0.000766
0.000779
0.000785
0.000781
0.000765
0.000744
0.000730
0.000728
0.000737
0.000749
0.000759
0.000767
0.000772
0.000772
0.000767
0.000757
0.000745
0.000734
0.000733
0.000741
0.000750
0.000753
0.000751
0.000751
0.000754
0.000757
0.000758
0.000761
0.000769
0.000779
0.000785
0.000788
0.000790
0.000793
0.000792
0.000783
0.000763
0.000739
0.000722
0.000717
0.000721
0.000725
0.000724
0.000720
0.000715
0.000709
0.000702
0.000695
0.000689
0.000685
0.000684
0.000688
0.000693
0.000698
0.000700
0.000705
0.000711
0.000713
0.000710
0.000703
0.000699
0.000699
0.000702
0.000708
0.000714
0.000718
0.000718
0.000719
0.000723
0.000728
0.000732
0.000737
0.000744
0.000753
0.000763
0.000775
0.000786
0.000794
0.000794
0.000786
0.000774
0.000768
0.000770
0.000774
0.000773
0.000761
0.000741
0.000723
0.000710
0.000699
0.000691
0.000689
0.000693
0.000698
0.000698
0.000691
0.000684
0.000680
0.000679
0.000684
0.000690
0.000691
0.000681
0.000664
0.000654
0.000659
0.000670
0.000678
0.000678
0.000675
0.000676
0.000684
0.000693
0.000699
0.000695
0.000684
0.000674
0.000672
0.000680
0.000697
0.000713
0.000722
0.000723
0.000721
0.000723
0.000731
0.000737
0.000739
0.000737
0.000730
0.000717
0.000699
0.000686
0.000684
0.000691
0.000702
0.000710
0.000715
0.000718
0.000723
0.000727
0.000728
0.000723
0.000714
0.000708
0.000709
0.000710
0.000704
0.000686
0.000663
0.000646
0.000642
0.000651
0.000668
0.000684
0.000694
0.000703
0.000714
0.000726
0.000733
0.000731
0.000722
0.000708
0.000695
0.000687
0.000689
0.000699
0.000710
0.000715
0.000713
0.000709
0.000709
0.000716
0.000727
0.000737
0.000747
0.000757
0.000768
0.000774
0.000770
0.000756
0.000737
0.000719
0.000710
0.000712
0.000722
0.000737
0.000750
0.000757
0.000757
0.000754
0.000754
0.000757
0.000763
0.000764
0.000760
0.000756
0.000756
0.000760
0.000765
0.000767
0.000770
0.000775
0.000779
0.000776
0.000763
0.000746
0.000729
0.000713
0.000697
0.000682
0.000671
0.000668
0.000673
0.000682
0.000691
0.000696
0.000695
0.000691
0.000685
0.000680
0.000673
0.000663
0.000653
0.000647
0.000647
0.000647
0.000645
0.000647
0.000657
0.000672
0.000681
0.000683
0.000684
0.000692
0.000710
0.000730
0.000747
0.000758
0.000761
0.000757
0.000749
0.000744
0.000743
0.000746
0.000751
0.000759
0.000771
0.000781
0.000788
0.000795
0.000805
0.000816
0.000821
0.000815
0.000798
0.000777
0.000756
0.000740
0.000731
0.000730
0.000730
0.000725
0.000714
0.000704
0.000701
0.000708
0.000719
0.000727
0.000730
0.000732
0.000738
0.000747
0.000752
0.000751
0.000748
0.000749
0.000750
0.000746
0.000736
0.000727
0.000724
0.000726
0.000731
0.000734
0.000734
0.000733
0.000736
0.000745
0.000753
0.000753
0.000742
0.000731
0.000733
0.000746
0.000757
0.000755
0.000742
0.000731
0.000727
0.000728
0.000732
0.000737
0.000739
0.000736
0.000727
0.000721
0.000724
0.000734
0.000741
0.000736
0.000724
0.000716
0.000717
0.000727
0.000736
0.000741
0.000743
0.000742
0.000736
0.000723
0.000706
0.000692
0.000687
0.000688
0.000696
0.000711
0.000732
0.000753
0.000770
0.000783
0.000793
0.000795
0.000784
0.000763
0.000742
0.000731
0.000732
0.000738
0.000743
0.000743
0.000738
0.000728
0.000720
0.000713
0.000708
0.000703
0.000704
0.000714
0.000725
0.000728
0.000724
0.000722
0.000725
0.000726
0.000722
0.000718
0.000725
0.000742
0.000755
0.000756
0.000750
0.000744
0.000741
0.000738
0.000737
0.000741
0.000751
0.000761
0.000767
0.000768
0.000768
0.000766
0.000759
0.000746
0.000731
0.000723
0.000726
0.000737
0.000748
0.000754
0.000754
0.000750
0.000743
0.000733
0.000723
0.000716
0.000714
0.000718
0.000725
0.000733
0.000739
0.000745
0.000746
0.000742
0.000735
0.000733
0.000738
0.000752
0.000769
0.000783
0.000789
0.000783
0.000768
0.000747
0.000731
0.000724
0.000725
0.000729
0.000727
0.000718
0.000707
0.000700
0.000699
0.000697
0.000691
0.000684
0.000682
0.000686
0.000689
0.000690
0.000689
0.000691
0.000697
0.000709
0.000727
0.000746
0.000761
0.000763
0.000753
0.000733
0.000709
0.000688
0.000674
0.000669
0.000667
0.000665
0.000664
0.000668
0.000675
0.000681
0.000687
0.000696
0.000709
0.000722
0.000731
0.000730
0.000722
0.000711
0.000701
0.000698
0.000700
0.000698
0.000689
0.000673
0.000663
0.000672
0.000697
0.000727
0.000750
0.000762
0.000764
0.000757
0.000743
0.000732
0.000727
0.000727
0.000725
0.000721
0.000722
0.000728
0.000734
0.000737
0.000740
0.000747
0.000753
0.000751
0.000746
0.000744
0.000748
0.000752
0.000756
0.000765
0.000781
0.000794
0.000794
0.000784
0.000771
0.000759
0.000746
0.000733
0.000726
0.000734
0.000755
0.000777
0.000787
0.000782
0.000768
0.000751
0.000736
0.000722
0.000709
0.000700
0.000699
0.000706
0.000719
0.000734
0.000749
0.000768
0.000787
0.000798
0.000793
0.000772
0.000746
0.000728
0.000721
0.000724
0.000731
0.000738
0.000740
0.000737
0.000733
0.000735
0.000742
0.000749
0.000751
0.000748
0.000745
0.000740
0.000734
0.000724
0.000713
0.000702
0.000694
0.000688
0.000683
0.000678
0.000674
0.000671
0.000671
0.000671
0.000671
0.000669
0.000669
0.000674
0.000689
0.000708
0.000724
0.000732
0.000733
0.000732
0.000731
0.000732
0.000734
0.000740
0.000748
0.000758
0.000767
0.000773
0.000771
0.000762
0.000750
0.000738
0.000726
0.000710
0.000694
0.000687
0.000694
0.000710
0.000726
0.000737
0.000744
0.000750
0.000751
0.000749
0.000746
0.000746
0.000747
0.000743
0.000732
0.000717
0.000704
0.000695
0.000691
0.000692
0.000700
0.000713
0.000727
0.000736
0.000737
0.000730
0.000718
0.000705
0.000695
0.000690
0.000683
0.000669
0.000654
0.000649
0.000662
0.000689
0.000716
0.000733
0.000737
0.000735
0.000736
0.000744
0.000753
0.000758
0.000758
0.000754
0.000747
0.000733
0.000714
0.000699
0.000695
0.000697
0.000703
0.000714
0.000732
0.000753
0.000770
0.000781
0.000790
0.000795
0.000790
0.000776
0.000760
0.000750
0.000746
0.000744
0.000743
0.000742
0.000741
0.000740
0.000738
0.000737
0.000735
0.000733
0.000732
0.000730
0.000726
0.000721
0.000720
0.000726
0.000732
0.000728
0.000715
0.000697
0.000683
0.000678
0.000684
0.000698
0.000711
0.000720
0.000724
0.000728
0.000730
0.000728
0.000721
0.000714
0.000709
0.000708
0.000710
0.000716
0.000723
0.000732
0.000738
0.000742
0.000740
0.000734
0.000724
0.000711
0.000698
0.000691
0.000690
0.000698
0.000710
0.000716
0.000713
0.000702
0.000696
0.000701
0.000716
0.000727
0.000730
0.000728
0.000731
0.000739
0.000744
0.000744
0.000742
0.000742
0.000741
0.000733
0.000718
0.000705
0.000703
0.000709
0.000715
0.000719
0.000725
0.000738
0.000753
0.000764
0.000765
0.000760
0.000754
0.000753
0.000753
0.000750
0.000743
0.000736
0.000733
0.000734
0.000737
0.000742
0.000744
0.000744
0.000743
0.000749
0.000762
0.000777
0.000786
0.000790
0.000792
0.000795
0.000800
0.000806
0.000813
0.000818
0.000815
0.000804
0.000789
0.000773
0.000758
0.000744
0.000738
0.000741
0.000747
0.000749
0.000745
0.000740
0.000736
0.000733
0.000730
0.000725
0.000720
0.000713
0.000706
0.000701
0.000700
0.000701
0.000702
0.000702
0.000701
0.000700
0.000700
0.000700
0.000701
0.000703
0.000712
0.000727
0.000743
0.000752
0.000752
0.000747
0.000739
0.000729
0.000719
0.000712
0.000710
0.000707
0.000704
0.000703
0.000706
0.000711
0.000713
0.000714
0.000717
0.000723
0.000728
0.000731
0.000734
0.000735
0.000731
0.000720
0.000705
0.000689
0.000673
0.000660
0.000659
0.000666
0.000671
0.000664
0.000649
0.000637
0.000632
0.000630
0.000627
0.000623
0.000623
0.000631
0.000647
0.000672
0.000698
0.000714
0.000712
0.000694
0.000675
0.000666
0.000670
0.000681
0.000692
0.000696
0.000697
0.000699
0.000704
0.000712
0.000720
0.000725
0.000727
0.000727
0.000725
0.000720
0.000716
0.000715
0.000719
0.000726
0.000730
0.000728
0.000724
0.000725
0.000735
0.000753
0.000770
0.000778
0.000777
0.000770
0.000761
0.000749
0.000734
0.000718
0.000704
0.000690
0.000676
0.000665
0.000668
0.000685
0.000709
0.000730
0.000745
0.000757
0.000766
0.000771
0.000773
0.000777
0.000784
0.000792
0.000796
0.000793
0.000785
0.000772
0.000755
0.000738
0.000723
0.000714
0.000713
0.000716
0.000723
0.000729
0.000730
0.000725
0.000716
0.000710
0.000708
0.000709
0.000711
0.000715
0.000721
0.000725
0.000720
0.000707
0.000696
0.000690
0.000682
0.000667
0.000653
0.000653
0.000666
0.000682
0.000687
0.000680
0.000671
0.000664
0.000667
0.000680
0.000701
0.000720
0.000730
0.000726
0.000713
0.000698
0.000687
0.000683
0.000684
0.000686
0.000687
0.000688
0.000692
0.000701
0.000712
0.000721
0.000725
0.000722
0.000719
0.000720
0.000726
0.000731
0.000733
0.000735
0.000741
0.000751
0.000762
0.000768
0.000769
0.000765
0.000759
0.000752
0.000747
0.000742
0.000739
0.000737
0.000736
0.000734
0.000730
0.000728
0.000732
0.000741
0.000748
0.000748
0.000740
0.000730
0.000720
0.000716
0.000719
0.000728
0.000739
0.000748
0.000756
0.000765
0.000773
0.000776
0.000774
0.000770
0.000769
0.000773
0.000777
0.000778
0.000773
0.000762
0.000750
0.000737
0.000723
0.000709
0.000698
0.000693
0.000694
0.000696
0.000696
0.000701
0.000714
0.000733
0.000749
0.000755
0.000754
0.000752
0.000752
0.000755
0.000761
0.000769
0.000775
0.000774
0.000765
0.000752
0.000740
0.000728
0.000715
0.000702
0.000695
0.000698
0.000709
0.000723
0.000734
0.000739
0.000740
0.000742
0.000746
0.000752
0.000755
0.000752
0.000744
0.000737
0.000734
0.000738
0.000746
0.000748
0.000741
0.000728
0.000721
0.000726
0.000738
0.000752
0.000762
0.000765
0.000760
0.000752
0.000749
0.000749
0.000746
0.000734
0.000719
0.000711
0.000712
0.000716
0.000719
0.000721
0.000725
0.000730
0.000732
0.000728
0.000721
0.000713
0.000708
0.000708
0.000707
0.000703
0.000697
0.000692
0.000689
0.000689
0.000692
0.000698
0.000705
0.000709
0.000713
0.000720
0.000732
0.000746
0.000759
0.000773
0.000789
0.000802
0.000806
0.000803
0.000798
0.000793
0.000789
0.000780
0.000768
0.000755
0.000749
0.000752
0.000762
0.000771
0.000775
0.000776
0.000780
0.000785
0.000790
0.000795
0.000798
0.000796
0.000786
0.000769
0.000747
0.000725
0.000706
0.000697
0.000703
0.000721
0.000739
0.000747
0.000743
0.000733
0.000724
0.000719
0.000716
0.000712
0.000701
0.000687
0.000678
0.000680
0.000688
0.000695
0.000699
0.000700
0.000700
0.000700
0.000707
0.000722
0.000742
0.000756
0.000758
0.000749
0.000738
0.000730
0.000725
0.000721
0.000715
0.000708
0.000704
0.000703
0.000702
0.000697
0.000690
0.000681
0.000672
0.000664
0.000658
0.000658
0.000662
0.000668
0.000676
0.000688
0.000703
0.000718
0.000727
0.000727
0.000718
0.000707
0.000703
0.000709
0.000718
0.000720
0.000712
0.000702
0.000697
0.000698
0.000698
0.000696
0.000697
0.000708
0.000726
0.000743
0.000749
0.000744
0.000732
0.000715
0.000694
0.000669
0.000652
0.000651
0.000666
0.000685
0.000699
0.000710
0.000725
0.000747
0.000770
0.000784
0.000786
0.000778
0.000764
0.000750
0.000739
0.000727
0.000715
0.000707
0.000709
0.000721
0.000735
0.000741
0.000739
0.000732
0.000726
0.000723
0.000720
0.000716
0.000712
0.000710
0.000711
0.000714
0.000715
0.000712
0.000704
0.000699
0.000701
0.000705
0.000702
0.000689
0.000669
0.000649
0.000633
0.000625
0.000629
0.000643
0.000662
0.000680
0.000699
0.000720
0.000742
0.000757
0.000764
0.000762
0.000753
0.000738
0.000721
0.000709
0.000703
0.000702
0.000703
0.000706
0.000708
0.000709
0.000707
0.000705
0.000701
0.000689
0.000667
0.000642
0.000624
0.000615
0.000612
0.000611
0.000617
0.000629
0.000645
0.000661
0.000675
0.000687
0.000692
0.000690
0.000687
0.000686
0.000687
0.000684
0.000677
0.000669
0.000666
0.000669
0.000674
0.000675
0.000672
0.000669
0.000671
0.000679
0.000691
0.000707
0.000728
0.000750
0.000767
0.000772
0.000765
0.000749
0.000731
0.000714
0.000702
0.000694
0.000692
0.000693
0.000698
0.000704
0.000711
0.000718
0.000720
0.000718
0.000715
0.000719
0.000730
0.000739
0.000741
0.000740
0.000741
0.000744
0.000745
0.000745
0.000749
0.000759
0.000768
0.000769
0.000761
0.000748
0.000731
0.000715
0.000703
0.000699
0.000697
0.000691
0.000680
0.000669
0.000660
0.000656
0.000658
0.000670
0.000690
0.000711
0.000724
0.000723
0.000711
0.000698
0.000691
0.000692
0.000695
0.000698
0.000701
0.000709
0.000722
0.000738
0.000750
0.000755
0.000754
0.000750
0.000748
0.000746
0.000740
0.000731
0.000726
0.000729
0.000734
0.000731
0.000715
0.000694
0.000678
0.000673
0.000677
0.000684
0.000687
0.000682
0.000671
0.000663
0.000663
0.000674
0.000691
0.000707
0.000716
0.000716
0.000714
0.000719
0.000732
0.000745
0.000751
0.000751
0.000752
0.000751
0.000744
0.000732
0.000723
0.000722
0.000728
0.000734
0.000740
0.000749
0.000762
0.000768
0.000763
0.000749
0.000739
0.000735
0.000732
0.000724
0.000715
0.000713
0.000723
0.000737
0.000748
0.000753
0.000751
0.000744
0.000735
0.000730
0.000735
0.000746
0.000759
0.000768
0.000769
0.000762
0.000751
0.000740
0.000735
0.000735
0.000738
0.000740
0.000741
0.000741
0.000748
0.000766
0.000792
0.000815
0.000822
0.000814
0.000801
0.000789
0.000777
0.000766
0.000760
0.000763
0.000772
0.000781
0.000782
0.000777
0.000770
0.000763
0.000756
0.000746
0.000734
0.000720
0.000708
0.000696
0.000686
0.000678
0.000679
0.000691
0.000709
0.000725
0.000734
0.000735
0.000730
0.000723
0.000718
0.000715
0.000716
0.000722
0.000735
0.000748
0.000754
0.000749
0.000738
0.000726
0.000716
0.000708
0.000702
0.000704
0.000712
0.000718
0.000716
0.000710
0.000706
0.000709
0.000716
0.000722
0.000724
0.000723
0.000722
0.000724
0.000732
0.000744
0.000756
0.000760
0.000755
0.000743
0.000728
0.000714
0.000704
0.000699
0.000695
0.000693
0.000695
0.000701
0.000708
0.000715
0.000722
0.000727
0.000726
0.000720
0.000711
0.000703
0.000701
0.000704
0.000706
0.000706
0.000702
0.000698
0.000699
0.000703
0.000710
0.000719
0.000729
0.000738
0.000743
0.000746
0.000750
0.000755
0.000760
0.000764
0.000771
0.000776
0.000772
0.000759
0.000743
0.000733
0.000726
0.000719
0.000712
0.000711
0.000712
0.000707
0.000693
0.000675
0.000659
0.000647
0.000637
0.000631
0.000631
0.000636
0.000644
0.000648
0.000647
0.000645
0.000649
0.000663
0.000684
0.000708
0.000731
0.000753
0.000769
0.000771
0.000756
0.000732
0.000707
0.000683
0.000661
0.000645
0.000638
0.000637
0.000640
0.000643
0.000646
0.000653
0.000666
0.000683
0.000700
0.000710
0.000713
0.000715
0.000715
0.000712
0.000705
0.000698
0.000694
0.000694
0.000701
0.000716
0.000736
0.000751
0.000754
0.000750
0.000744
0.000741
0.000738
0.000737
0.000738
0.000741
0.000746
0.000753
0.000761
0.000768
0.000771
0.000773
0.000775
0.000776
0.000774
0.000770
0.000769
0.000769
0.000768
0.000762
0.000754
0.000745
0.000734
0.000725
0.000718
0.000713
0.000711
0.000712
0.000718
0.000728
0.000734
0.000733
0.000727
0.000723
0.000724
0.000729
0.000731
0.000724
0.000713
0.000706
0.000711
0.000718
0.000718
0.000710
0.000704
0.000710
0.000726
0.000744
0.000758
0.000766
0.000764
0.000754
0.000745
0.000740
0.000739
0.000735
0.000728
0.000722
0.000722
0.000731
0.000745
0.000752
0.000741
0.000711
0.000679
0.000659
0.000654
0.000658
0.000665
0.000675
0.000685
0.000691
0.000692
0.000695
0.000708
0.000725
0.000736
0.000737
0.000735
0.000736
0.000742
0.000748
0.000749
0.000743
0.000733
0.000726
0.000723
0.000718
0.000705
0.000681
0.000653
0.000629
0.000617
0.000618
0.000628
0.000643
0.000659
0.000676
0.000691
0.000701
0.000707
0.000712
0.000719
0.000729
0.000737
0.000739
0.000738
0.000738
0.000740
0.000742
0.000745
0.000752
0.000763
0.000771
0.000772
0.000766
0.000759
0.000753
0.000747
0.000737
0.000727
0.000719
0.000716
0.000717
0.000719
0.000718
0.000713
0.000710
0.000715
0.000724
0.000730
0.000728
0.000724
0.000724
0.000729
0.000735
0.000743
0.000755
0.000765
0.000765
0.000756
0.000744
0.000737
0.000735
0.000736
0.000742
0.000750
0.000755
0.000755
0.000750
0.000743
0.000737
0.000733
0.000731
0.000734
0.000742
0.000755
0.000770
0.000785
0.000791
0.000786
0.000774
0.000763
0.000756
0.000751
0.000744
0.000737
0.000729
0.000723
0.000720
0.000722
0.000725
0.000725
0.000723
0.000721
0.000724
0.000731
0.000740
0.000746
0.000746
0.000743
0.000740
0.000738
0.000736
0.000728
0.000717
0.000710
0.000711
0.000717
0.000718
0.000712
0.000700
0.000688
0.000679
0.000675
0.000676
0.000683
0.000694
0.000707
0.000721
0.000733
0.000743
0.000754
0.000770
0.000788
0.000795
0.000786
0.000767
0.000746
0.000727
0.000711
0.000697
0.000691
0.000694
0.000703
0.000712
0.000719
0.000726
0.000733
0.000743
0.000752
0.000756
0.000749
0.000731
0.000710
0.000697
0.000692
0.000689
0.000686
0.000685
0.000688
0.000695
0.000701
0.000705
0.000703
0.000700
0.000701
0.000705
0.000705
0.000699
0.000695
0.000701
0.000716
0.000729
0.000736
0.000737
0.000733
0.000726
0.000718
0.000712
0.000709
0.000705
0.000703
0.000706
0.000710
0.000706
0.000693
0.000677
0.000670
0.000674
0.000685
0.000699
0.000712
0.000719
0.000720
0.000725
0.000738
0.000758
0.000773
0.000779
0.000775
0.000768
0.000760
0.000753
0.000750
0.000747
0.000744
0.000743
0.000747
0.000755
0.000758
0.000756
0.000750
0.000744
0.000738
0.000733
0.000732
0.000736
0.000744
0.000752
0.000757
0.000756
0.000748
0.000736
0.000729
0.000730
0.000736
0.000740
0.000741
0.000741
0.000747
0.000763
0.000785
0.000801
0.000802
0.000789
0.000772
0.000757
0.000744
0.000732
0.000726
0.000727
0.000734
0.000740
0.000746
0.000756
0.000769
0.000778
0.000774
0.000757
0.000731
0.000705
0.000687
0.000678
0.000674
0.000672
0.000672
0.000678
0.000683
0.000683
0.000674
0.000664
0.000659
0.000661
0.000669
0.000679
0.000686
0.000684
0.000674
0.000664
0.000663
0.000671
0.000679
0.000681
0.000677
0.000669
0.000662
0.000661
0.000668
0.000680
0.000689
0.000695
0.000703
0.000716
0.000731
0.000739
0.000740
0.000737
0.000733
0.000727
0.000717
0.000701
0.000682
0.000667
0.000660
0.000666
0.000684
0.000709
0.000735
0.000754
0.000763
0.000757
0.000745
0.000736
0.000737
0.000740
0.000739
0.000734
0.000731
0.000731
0.000729
0.000721
0.000710
0.000700
0.000691
0.000681
0.000672
0.000663
0.000659
0.000665
0.000685
0.000713
0.000737
0.000752
0.000760
0.000764
0.000762
0.000754
0.000744
0.000737
0.000733
0.000727
0.000716
0.000706
0.000700
0.000699
0.000703
0.000708
0.000714
0.000720
0.000728
0.000737
0.000742
0.000741
0.000735
0.000727
0.000721
0.000715
0.000708
0.000703
0.000702
0.000702
0.000699
0.000693
0.000689
0.000690
0.000694
0.000695
0.000688
0.000675
0.000667
0.000671
0.000684
0.000695
0.000700
0.000702
0.000704
0.000705
0.000700
0.000691
0.000686
0.000687
0.000692
0.000697
0.000704
0.000717
0.000736
0.000752
0.000761
0.000763
0.000766
0.000772
0.000776
0.000773
0.000761
0.000743
0.000722
0.000697
0.000674
0.000660
0.000655
0.000653
0.000649
0.000647
0.000650
0.000656
0.000661
0.000665
0.000669
0.000674
0.000680
0.000687
0.000701
0.000719
0.000735
0.000743
0.000743
0.000740
0.000733
0.000725
0.000719
0.000721
0.000730
0.000742
0.000755
0.000769
0.000780
0.000781
0.000768
0.000748
0.000732
0.000725
0.000725
0.000730
0.000737
0.000741
0.000739
0.000732
0.000725
0.000718
0.000710
0.000702
0.000698
0.000699
0.000701
0.000700
0.000699
0.000700
0.000698
0.000693
0.000693
0.000704
0.000722
0.000732
0.000727
0.000715
0.000705
0.000701
0.000703
0.000712
0.000729
0.000747
0.000759
0.000763
0.000758
0.000744
0.000717
0.000685
0.000660
0.000654
0.000663
0.000680
0.000696
0.000708
0.000717
0.000717
0.000708
0.000691
0.000674
0.000668
0.000675
0.000693
0.000711
0.000726
0.000734
0.000737
0.000736
0.000732
0.000728
0.000725
0.000728
0.000735
0.000740
0.000734
0.000715
0.000692
0.000679
0.000679
0.000689
0.000704
0.000721
0.000737
0.000744
0.000739
0.000726
0.000719
0.000722
0.000734
0.000746
0.000756
0.000762
0.000765
0.000765
0.000761
0.000751
0.000740
0.000733
0.000732
0.000733
0.000730
0.000721
0.000710
0.000702
0.000696
0.000693
0.000690
0.000688
0.000689
0.000688
0.000685
0.000680
0.000678
0.000681
0.000689
0.000700
0.000711
0.000721
0.000727
0.000724
0.000713
0.000697
0.000684
0.000677
0.000672
0.000668
0.000666
0.000664
0.000661
0.000656
0.000658
0.000672
0.000692
0.000706
0.000708
0.000701
0.000689
0.000676
0.000663
0.000658
0.000666
0.000685
0.000704
0.000716
0.000720
0.000718
0.000714
0.000712
0.000718
0.000732
0.000746
0.000756
0.000763
0.000765
0.000764
0.000755
0.000739
0.000717
0.000695
0.000680
0.000675
0.000677
0.000678
0.000675
0.000675
0.000683
0.000697
0.000707
0.000712
0.000719
0.000732
0.000748
0.000760
0.000767
0.000765
0.000753
0.000734
0.000715
0.000702
0.000695
0.000697
0.000711
0.000739
0.000769
0.000786
0.000784
0.000769
0.000747
0.000726
0.000708
0.000697
0.000695
0.000699
0.000709
0.000721
0.000736
0.000753
0.000769
0.000782
0.000785
0.000775
0.000759
0.000745
0.000736
0.000727
0.000714
0.000701
0.000692
0.000686
0.000681
0.000681
0.000685
0.000690
0.000690
0.000687
0.000691
0.000701
0.000711
0.000712
0.000703
0.000691
0.000683
0.000682
0.000690
0.000709
0.000733
0.000756
0.000771
0.000774
0.000764
0.000744
0.000723
0.000707
0.000698
0.000695
0.000696
0.000705
0.000724
0.000752
0.000781
0.000802
0.000811
0.000809
0.000800
0.000786
0.000766
0.000746
0.000732
0.000728
0.000731
0.000735
0.000733
0.000725
0.000710
0.000694
0.000684
0.000690
0.000710
0.000735
0.000753
0.000762
0.000760
0.000754
0.000747
0.000744
0.000745
0.000750
0.000758
0.000766
0.000772
0.000775
0.000772
0.000762
0.000746
0.000728
0.000720
0.000726
0.000739
0.000747
0.000745
0.000742
0.000742
0.000744
0.000744
0.000741
0.000739
0.000738
0.000736
0.000734
0.000736
0.000738
0.000738
0.000736
0.000735
0.000735
0.000731
0.000724
0.000721
0.000725
0.000732
0.000735
0.000734
0.000730
0.000725
0.000722
0.000721
0.000723
0.000726
0.000729
0.000728
0.000722
0.000715
0.000711
0.000713
0.000719
0.000726
0.000731
0.000736
0.000740
0.000738
0.000731
0.000724
0.000720
0.000717
0.000710
0.000702
0.000695
0.000692
0.000694
0.000699
0.000709
0.000723
0.000740
0.000756
0.000769
0.000776
0.000781
0.000782
0.000779
0.000772
0.000765
0.000761
0.000759
0.000759
0.000763
0.000774
0.000792
0.000806
0.000808
0.000797
0.000781
0.000763
0.000747
0.000735
0.000729
0.000730
0.000733
0.000735
0.000732
0.000728
0.000729
0.000740
0.000759
0.000774
0.000775
0.000758
0.000730
0.000699
0.000674
0.000660
0.000657
0.000658
0.000656
0.000653
0.000654
0.000660
0.000667
0.000676
0.000692
0.000712
0.000729
0.000736
0.000732
0.000722
0.000711
0.000709
0.000722
0.000745
0.000764
0.000772
0.000770
0.000763
0.000750
0.000730
0.000711
0.000704
0.000706
0.000709
0.000706
0.000703
0.000705
0.000710
0.000713
0.000712
0.000708
0.000704
0.000704
0.000711
0.000724
0.000736
0.000743
0.000741
0.000734
0.000729
0.000730
0.000738
0.000751
0.000760
0.000761
0.000750
0.000730
0.000709
0.000698
0.000701
0.000713
0.000723
0.000727
0.000731
0.000737
0.000743
0.000745
0.000743
0.000738
0.000734
0.000734
0.000741
0.000752
0.000760
0.000762
0.000763
0.000765
0.000768
0.000770
0.000770
0.000770
0.000767
0.000759
0.000743
0.000724
0.000707
0.000696
0.000690
0.000683
0.000669
0.000652
0.000640
0.000641
0.000654
0.000674
0.000699
0.000724
0.000744
0.000757
0.000766
0.000774
0.000777
0.000775
0.000770
0.000766
0.000762
0.000754
0.000745
0.000742
0.000746
0.000755
0.000759
0.000756
0.000747
0.000735
0.000725
0.000720
0.000717
0.000716
0.000718
0.000725
0.000734
0.000742
0.000747
0.000748
0.000743
0.000732
0.000720
0.000714
0.000710
0.000705
0.000701
0.000703
0.000708
0.000707
0.000696
0.000684
0.000682
0.000687
0.000696
0.000702
0.000706
0.000709
0.000711
0.000718
0.000729
0.000736
0.000735
0.000728
0.000724
0.000722
0.000717
0.000706
0.000694
0.000688
0.000691
0.000704
0.000722
0.000736
0.000740
0.000733
0.000726
0.000720
0.000716
0.000711
0.000711
0.000717
0.000722
0.000724
0.000724
0.000726
0.000729
0.000725
0.000713
0.000702
0.000698
0.000702
0.000710
0.000717
0.000721
0.000722
0.000718
0.000713
0.000711
0.000713
0.000721
0.000729
0.000736
0.000743
0.000750
0.000756
0.000756
0.000750
0.000742
0.000738
0.000736
0.000730
0.000720
0.000709
0.000702
0.000698
0.000696
0.000698
0.000706
0.000719
0.000733
0.000742
0.000745
0.000745
0.000748
0.000755
0.000763
0.000765
0.000762
0.000757
0.000754
0.000756
0.000757
0.000755
0.000749
0.000745
0.000749
0.000758
0.000770
0.000779
0.000786
0.000795
0.000804
0.000805
0.000795
0.000777
0.000762
0.000753
0.000747
0.000741
0.000733
0.000728
0.000723
0.000717
0.000713
0.000715
0.000721
0.000722
0.000715
0.000706
0.000703
0.000704
0.000702
0.000698
0.000695
0.000696
0.000698
0.000695
0.000689
0.000687
0.000692
0.000704
0.000721
0.000738
0.000752
0.000757
0.000754
0.000749
0.000748
0.000751
0.000754
0.000751
0.000744
0.000738
0.000735
0.000735
0.000738
0.000744
0.000750
0.000753
0.000748
0.000738
0.000728
0.000725
0.000730
0.000737
0.000739
0.000732
0.000720
0.000714
0.000717
0.000725
0.000728
0.000724
0.000718
0.000719
0.000728
0.000742
0.000756
0.000768
0.000776
0.000778
0.000775
0.000766
0.000751
0.000732
0.000716
0.000706
0.000704
0.000705
0.000702
0.000693
0.000683
0.000680
0.000687
0.000698
0.000704
0.000705
0.000706
0.000714
0.000728
0.000741
0.000745
0.000741
0.000732
0.000725
0.000723
0.000725
0.000725
0.000718
0.000705
0.000689
0.000674
0.000658
0.000640
0.000624
0.000619
0.000630
0.000653
0.000676
0.000692
0.000701
0.000706
0.000714
0.000722
0.000731
0.000735
0.000735
0.000732
0.000729
0.000726
0.000717
0.000698
0.000674
0.000659
0.000659
0.000673
0.000691
0.000707
0.000723
0.000734
0.000734
0.000722
0.000706
0.000696
0.000698
0.000711
0.000730
0.000746
0.000751
0.000746
0.000735
0.000721
0.000707
0.000699
0.000701
0.000712
0.000726
0.000732
0.000730
0.000725
0.000719
0.000712
0.000699
0.000683
0.000672
0.000670
0.000670
0.000665
0.000652
0.000641
0.000638
0.000641
0.000645
0.000648
0.000651
0.000656
0.000657
0.000653
0.000648
0.000649
0.000660
0.000676
0.000690
0.000695
0.000689
0.000678
0.000667
0.000662
0.000664
0.000668
0.000671
0.000669
0.000665
0.000666
0.000676
0.000693
0.000708
0.000715
0.000717
0.000717
0.000718
0.000719
0.000721
0.000726
0.000730
0.000730
0.000729
0.000732
0.000740
0.000749
0.000752
0.000742
0.000724
0.000706
0.000699
0.000707
0.000724
0.000742
0.000754
0.000757
0.000750
0.000739
0.000730
0.000726
0.000729
0.000733
0.000733
0.000727
0.000719
0.000712
0.000707
0.000700
0.000693
0.000687
0.000688
0.000692
0.000693
0.000692
0.000692
0.000699
0.000707
0.000711
0.000710
0.000710
0.000713
0.000713
0.000706
0.000696
0.000688
0.000688
0.000694
0.000699
0.000701
0.000700
0.000697
0.000695
0.000695
0.000699
0.000704
0.000709
0.000715
0.000721
0.000727
0.000731
0.000733
0.000735
0.000742
0.000757
0.000778
0.000797
0.000809
0.000812
0.000807
0.000796
0.000782
0.000765
0.000749
0.000740
0.000737
0.000730
0.000714
0.000694
0.000682
0.000680
0.000683
0.000678
0.000667
0.000658
0.000658
0.000661
0.000662
0.000661
0.000666
0.000675
0.000684
0.000687
0.000687
0.000691
0.000700
0.000706
0.000704
0.000692
0.000678
0.000667
0.000660
0.000656
0.000649
0.000639
0.000634
0.000640
0.000656
0.000670
0.000672
0.000661
0.000646
0.000635
0.000634
0.000643
0.000657
0.000674
0.000691
0.000709
0.000727
0.000737
0.000736
0.000725
0.000713
0.000708
0.000708
0.000709
0.000709
0.000710
0.000712
0.000714
0.000717
0.000719
0.000718
0.000709
0.000694
0.000681
0.000680
0.000688
0.000700
0.000710
0.000716
0.000719
0.000716
0.000707
0.000700
0.000703
0.000717
0.000734
0.000746
0.000750
0.000748
0.000738
0.000723
0.000708
0.000702
0.000707
0.000715
0.000718
0.000715
0.000708
0.000701
0.000693
0.000687
0.000686
0.000693
0.000705
0.000719
0.000735
0.000750
0.000759
0.000763
0.000767
0.000773
0.000779
0.000781
0.000777
0.000771
0.000763
0.000755
0.000747
0.000742
0.000741
0.000744
0.000748
0.000753
0.000758
0.000764
0.000770
0.000774
0.000771
0.000757
0.000736
0.000718
0.000710
0.000713
0.000723
0.000735
0.000744
0.000748
0.000746
0.000737
0.000722
0.000707
0.000699
0.000701
0.000709
0.000718
0.000725
0.000727
0.000720
0.000708
0.000699
0.000701
0.000709
0.000712
0.000707
0.000697
0.000689
0.000684
0.000681
0.000682
0.000685
0.000689
0.000694
0.000704
0.000714
0.000719
0.000714
0.000707
0.000705
0.000705
0.000699
0.000687
0.000676
0.000672
0.000669
0.000663
0.000655
0.000654
0.000661
0.000673
0.000685
0.000699
0.000717
0.000736
0.000751
0.000758
0.000761
0.000761
0.000758
0.000758
0.000767
0.000784
0.000797
0.000795
0.000779
0.000765
0.000763
0.000770
0.000777
0.000778
0.000773
0.000766
0.000758
0.000755
0.000759
0.000767
0.000774
0.000777
0.000776
0.000772
0.000768
0.000765
0.000763
0.000759
0.000753
0.000744
0.000737
0.000729
0.000718
0.000701
0.000679
0.000657
0.000641
0.000639
0.000649
0.000668
0.000688
0.000704
0.000715
0.000719
0.000715
0.000703
0.000693
0.000691
0.000696
0.000700
0.000697
0.000689
0.000678
0.000669
0.000662
0.000660
0.000664
0.000672
0.000674
0.000660
0.000634
0.000610
0.000600
0.000606
0.000616
0.000623
0.000629
0.000636
0.000645
0.000655
0.000663
0.000668
0.000670
0.000671
0.000671
0.000672
0.000673
0.000678
0.000691
0.000707
0.000720
0.000724
0.000721
0.000719
0.000718
0.000718
0.000714
0.000707
0.000698
0.000691
0.000689
0.000695
0.000706
0.000716
0.000719
0.000715
0.000707
0.000702
0.000699
0.000691
0.000678
0.000667
0.000667
0.000680
0.000696
0.000706
0.000710
0.000711
0.000710
0.000706
0.000701
0.000701
0.000706
0.000713
0.000718
0.000723
0.000728
0.000731
0.000732
0.000729
0.000725
0.000720
0.000718
0.000719
0.000718
0.000711
0.000701
0.000696
0.000702
0.000714
0.000726
0.000734
0.000737
0.000729
0.000711
0.000693
0.000687
0.000698
0.000714
0.000727
0.000737
0.000747
0.000761
0.000774
0.000783
0.000786
0.000786
0.000786
0.000783
0.000776
0.000766
0.000759
0.000756
0.000753
0.000750
0.000751
0.000766
0.000788
0.000805
0.000810
0.000806
0.000801
0.000794
0.000784
0.000771
0.000757
0.000746
0.000741
0.000747
0.000764
0.000781
0.000789
0.000785
0.000777
0.000769
0.000759
0.000747
0.000735
0.000722
0.000707
0.000689
0.000673
0.000661
0.000655
0.000657
0.000668
0.000685
0.000697
0.000702
0.000701
0.000700
0.000693
0.000677
0.000660
0.000651
0.000652
0.000659
0.000668
0.000681
0.000695
0.000707
0.000713
0.000716
0.000718
0.000718
0.000717
0.000721
0.000728
0.000735
0.000737
0.000739
0.000746
0.000759
0.000776
0.000790
0.000796
0.000791
0.000778
0.000766
0.000760
0.000759
0.000758
0.000758
0.000757
0.000753
0.000743
0.000729
0.000721
0.000721
0.000723
0.000722
0.000718
0.000714
0.000715
0.000724
0.000740
0.000756
0.000763
0.000764
0.000769
0.000781
0.000790
0.000782
0.000758
0.000734
0.000718
0.000709
0.000702
0.000702
0.000710
0.000722
0.000726
0.000720
0.000710
0.000702
0.000695
0.000689
0.000687
0.000689
0.000696
0.000706
0.000719
0.000733
0.000746
0.000756
0.000764
0.000771
0.000772
0.000765
0.000753
0.000742
0.000738
0.000739
0.000742
0.000746
0.000750
0.000752
0.000750
0.000745
0.000737
0.000729
0.000722
0.000720
0.000722
0.000724
0.000722
0.000713
0.000698
0.000680
0.000663
0.000651
0.000647
0.000648
0.000650
0.000652
0.000656
0.000665
0.000677
0.000687
0.000692
0.000692
0.000687
0.000679
0.000671
0.000666
0.000667
0.000672
0.000678
0.000684
0.000694
0.000710
0.000725
0.000732
0.000731
0.000724
0.000711
0.000697
0.000685
0.000675
0.000670
0.000668
0.000671
0.000678
0.000689
0.000702
0.000721
0.000745
0.000769
0.000784
0.000787
0.000781
0.000773
0.000764
0.000753
0.000744
0.000739
0.000739
0.000742
0.000747
0.000751
0.000750
0.000745
0.000737
0.000732
0.000734
0.000743
0.000757
0.000771
0.000782
0.000790
0.000796
0.000798
0.000793
0.000780
0.000763
0.000747
0.000736
0.000729
0.000725
0.000726
0.000732
0.000738
0.000738
0.000731
0.000725
0.000724
0.000730
0.000737
0.000739
0.000738
0.000737
0.000739
0.000745
0.000750
0.000754
0.000757
0.000762
0.000767
0.000770
0.000766
0.000754
0.000742
0.000737
0.000739
0.000742
0.000742
0.000737
0.000730
0.000720
0.000712
0.000711
0.000721
0.000740
0.000758
0.000772
0.000783
0.000796
0.000808
0.000811
0.000801
0.000784
0.000767
0.000756
0.000752
0.000751
0.000753
0.000756
0.000752
0.000736
0.000714
0.000693
0.000678
0.000664
0.000651
0.000645
0.000649
0.000656
0.000659
0.000657
0.000655
0.000652
0.000649
0.000648
0.000653
0.000663
0.000674
0.000686
0.000702
0.000719
0.000726
0.000719
0.000703
0.000691
0.000685
0.000681
0.000678
0.000677
0.000678
0.000678
0.000677
0.000678
0.000680
0.000681
0.000679
0.000682
0.000694
0.000711
0.000723
0.000725
0.000721
0.000718
0.000719
0.000719
0.000714
0.000703
0.000693
0.000691
0.000702
0.000719
0.000733
0.000735
0.000727
0.000716
0.000711
0.000713
0.000720
0.000728
0.000733
0.000730
0.000714
0.000690
0.000670
0.000660
0.000659
0.000665
0.000674
0.000686
0.000695
0.000698
0.000696
0.000691
0.000687
0.000687
0.000693
0.000707
0.000730
0.000758
0.000781
0.000789
0.000780
0.000761
0.000741
0.000725
0.000713
0.000703
0.000696
0.000691
0.000688
0.000692
0.000702
0.000714
0.000716
0.000703
0.000683
0.000667
0.000657
0.000656
0.000663
0.000678
0.000696
0.000711
0.000721
0.000729
0.000739
0.000746
0.000744
0.000733
0.000715
0.000697
0.000685
0.000682
0.000685
0.000691
0.000695
0.000694
0.000688
0.000681
0.000677
0.000674
0.000669
0.000666
0.000671
0.000684
0.000696
0.000699
0.000695
0.000691
0.000692
0.000692
0.000688
0.000681
0.000674
0.000665
0.000657
0.000655
0.000659
0.000667
0.000673
0.000675
0.000674
0.000672
0.000672
0.000677
0.000683
0.000687
0.000687
0.000684
0.000678
0.000669
0.000665
0.000670
0.000681
0.000687
0.000683
0.000675
0.000669
0.000665
0.000664
0.000664
0.000666
0.000671
0.000677
0.000683
0.000686
0.000683
0.000673
0.000662
0.000655
0.000654
0.000655
0.000654
0.000648
0.000639
0.000628
0.000622
0.000620
0.000619
0.000621
0.000636
0.000668
0.000702
0.000723
0.000723
0.000711
0.000699
0.000690
0.000686
0.000685
0.000684
0.000683
0.000685
0.000696
0.000716
0.000733
0.000739
0.000735
0.000727
0.000723
0.000725
0.000730
0.000733
0.000734
0.000734
0.000736
0.000739
0.000739
0.000739
0.000742
0.000748
0.000754
0.000757
0.000755
0.000752
0.000750
0.000755
0.000762
0.000766
0.000759
0.000744
0.000732
0.000730
0.000737
0.000748
0.000757
0.000758
0.000751
0.000738
0.000726
0.000719
0.000717
0.000719
0.000724
0.000729
0.000733
0.000738
0.000752
0.000769
0.000782
0.000784
0.000779
0.000771
0.000759
0.000748
0.000743
0.000747
0.000755
0.000759
0.000761
0.000766
0.000769
0.000763
0.000749
0.000733
0.000721
0.000716
0.000719
0.000726
0.000732
0.000730
0.000720
0.000703
0.000684
0.000666
0.000657
0.000656
0.000662
0.000670
0.000684
0.000709
0.000740
0.000764
0.000777
0.000782
0.000782
0.000775
0.000760
0.000741
0.000726
0.000714
0.000706
0.000704
0.000708
0.000718
0.000730
0.000742
0.000751
0.000751
0.000740
0.000723
0.000711
0.000711
0.000718
0.000725
0.000725
0.000718
0.000709
0.000704
0.000705
0.000711
0.000722
0.000733
0.000739
0.000738
0.000734
0.000733
0.000740
0.000753
0.000771
0.000794
0.000813
0.000819
0.000810
0.000794
0.000780
0.000768
0.000756
0.000747
0.000745
0.000746
0.000745
0.000738
0.000730
0.000724
0.000723
0.000728
0.000737
0.000742
0.000738
0.000727
0.000721
0.000727
0.000739
0.000748
0.000747
0.000742
0.000738
0.000743
0.000753
0.000766
0.000771
0.000765
0.000750
0.000731
0.000715
0.000705
0.000704
0.000713
0.000726
0.000733
0.000729
0.000718
0.000712
0.000717
0.000729
0.000739
0.000745
0.000744
0.000735
0.000714
0.000682
0.000652
0.000633
0.000630
0.000639
0.000656
0.000676
0.000696
0.000711
0.000718
0.000717
0.000711
0.000703
0.000696
0.000690
0.000688
0.000689
0.000696
0.000706
0.000715
0.000722
0.000727
0.000731
0.000727
0.000712
0.000691
0.000677
0.000676
0.000683
0.000686
0.000684
0.000684
0.000690
0.000697
0.000696
0.000690
0.000688
0.000694
0.000709
0.000724
0.000734
0.000735
0.000726
0.000711
0.000697
0.000691
0.000692
0.000698
0.000705
0.000713
0.000723
0.000736
0.000748
0.000753
0.000746
0.000732
0.000720
0.000718
0.000719
0.000712
0.000698
0.000685
0.000679
0.000677
0.000676
0.000675
0.000678
0.000683
0.000689
0.000694
0.000696
0.000693
0.000686
0.000681
0.000682
0.000687
0.000693
0.000699
0.000705
0.000708
0.000707
0.000705
0.000705
0.000707
0.000707
0.000703
0.000697
0.000690
0.000685
0.000685
0.000692
0.000702
0.000710
0.000716
0.000725
0.000737
0.000744
0.000739
0.000724
0.000706
0.000694
0.000692
0.000696
0.000698
0.000691
0.000675
0.000659
0.000651
0.000654
0.000660
0.000665
0.000668
0.000674
0.000684
0.000698
0.000711
0.000717
0.000717
0.000714
0.000710
0.000705
0.000696
0.000681
0.000669
0.000668
0.000685
0.000711
0.000734
0.000741
0.000734
0.000727
0.000729
0.000737
0.000746
0.000750
0.000747
0.000738
0.000724
0.000709
0.000698
0.000691
0.000691
0.000699
0.000716
0.000735
0.000748
0.000755
0.000759
0.000760
0.000757
0.000751
0.000743
0.000739
0.000742
0.000753
0.000765
0.000773
0.000774
0.000771
0.000764
0.000751
0.000731
0.000714
0.000707
0.000708
0.000706
0.000698
0.000689
0.000685
0.000685
0.000681
0.000668
0.000652
0.000641
0.000641
0.000645
0.000646
0.000640
0.000638
0.000646
0.000663
0.000678
0.000686
0.000688
0.000689
0.000690
0.000691
0.000695
0.000701
0.000703
0.000699
0.000693
0.000691
0.000693
0.000694
0.000690
0.000683
0.000675
0.000668
0.000664
0.000663
0.000665
0.000664
0.000659
0.000652
0.000647
0.000649
0.000659
0.000678
0.000702
0.000727
0.000750
0.000764
0.000766
0.000758
0.000746
0.000737
0.000727
0.000713
0.000695
0.000682
0.000681
0.000691
0.000704
0.000713
0.000714
0.000710
0.000706
0.000703
0.000702
0.000698
0.000689
0.000679
0.000675
0.000679
0.000688
0.000695
0.000701
0.000708
0.000718
0.000726
0.000729
0.000729
0.000728
0.000731
0.000734
0.000733
0.000725
0.000713
0.000706
0.000705
0.000710
0.000718
0.000729
0.000745
0.000760
0.000766
0.000760
0.000749
0.000742
0.000741
0.000743
0.000746
0.000751
0.000759
0.000771
0.000784
0.000797
0.000805
0.000808
0.000805
0.000794
0.000774
0.000747
0.000721
0.000704
0.000694
0.000685
0.000677
0.000672
0.000678
0.000691
0.000703
0.000707
0.000699
0.000685
0.000676
0.000678
0.000686
0.000690
0.000686
0.000684
0.000691
0.000708
0.000723
0.000726
0.000716
0.000700
0.000685
0.000680
0.000688
0.000702
0.000714
0.000720
0.000721
0.000720
0.000718
0.000718
0.000721
0.000726
0.000730
0.000731
0.000731
0.000733
0.000737
0.000739
0.000739
0.000739
0.000742
0.000746
0.000749
0.000752
0.000760
0.000773
0.000782
0.000778
0.000763
0.000748
0.000740
0.000742
0.000749
0.000758
0.000764
0.000762
0.000749
0.000731
0.000718
0.000715
0.000719
0.000723
0.000724
0.000720
0.000709
0.000696
0.000687
0.000685
0.000690
0.000703
0.000722
0.000743
0.000758
0.000764
0.000762
0.000756
0.000747
0.000735
0.000723
0.000710
0.000692
0.000673
0.000660
0.000660
0.000668
0.000679
0.000690
0.000702
0.000712
0.000717
0.000719
0.000720
0.000718
0.000712
0.000705
0.000701
0.000701
0.000704
0.000709
0.000714
0.000718
0.000719
0.000719
0.000722
0.000728
0.000733
0.000733
0.000729
0.000725
0.000726
0.000736
0.000753
0.000772
0.000790
0.000804
0.000815
0.000821
0.000821
0.000817
0.000811
0.000807
0.000804
0.000801
0.000796
0.000789
0.000777
0.000764
0.000752
0.000747
0.000745
0.000743
0.000740
0.000742
0.000749
0.000759
0.000763
0.000755
0.000734
0.000708
0.000687
0.000677
0.000680
0.000689
0.000699
0.000705
0.000705
0.000698
0.000686
0.000674
0.000663
0.000656
0.000656
0.000665
0.000677
0.000684
0.000686
0.000689
0.000701
0.000718
0.000732
0.000736
0.000732
0.000729
0.000734
0.000742
0.000746
0.000742
0.000731
0.000718
0.000709
0.000706
0.000710
0.000717
0.000720
0.000713
0.000697
0.000680
0.000666
0.000655
0.000646
0.000639
0.000636
0.000641
0.000653
0.000671
0.000692
0.000710
0.000720
0.000726
0.000731
0.000732
0.000724
0.000710
0.000697
0.000695
0.000699
0.000703
0.000705
0.000709
0.000718
0.000729
0.000737
0.000740
0.000734
0.000724
0.000713
0.000706
0.000699
0.000690
0.000685
0.000687
0.000700
0.000716
0.000732
0.000747
0.000760
0.000767
0.000767
0.000770
0.000780
0.000793
0.000796
0.000783
0.000758
0.000730
0.000707
0.000693
0.000690
0.000695
0.000704
0.000709
0.000707
0.000698
0.000683
0.000668
0.000660
0.000660
0.000665
0.000674
0.000690
0.000708
0.000723
0.000735
0.000747
0.000764
0.000782
0.000795
0.000800
0.000800
0.000797
0.000789
0.000775
0.000758
0.000742
0.000729
0.000722
0.000726
0.000743
0.000767
0.000787
0.000797
0.000796
0.000790
0.000783
0.000773
0.000757
0.000740
0.000728
0.000720
0.000715
0.000711
0.000711
0.000719
0.000730
0.000736
0.000733
0.000727
0.000720
0.000714
0.000712
0.000722
0.000743
0.000765
0.000775
0.000770
0.000763
0.000763
0.000768
0.000768
0.000760
0.000750
0.000743
0.000740
0.000738
0.000733
0.000723
0.000709
0.000695
0.000691
0.000700
0.000715
0.000729
0.000739
0.000743
0.000743
0.000737
0.000730
0.000726
0.000729
0.000734
0.000740
0.000748
0.000754
0.000755
0.000747
0.000735
0.000720
0.000703
0.000681
0.000660
0.000645
0.000642
0.000650
0.000666
0.000689
0.000708
0.000716
0.000711
0.000707
0.000711
0.000718
0.000717
0.000705
0.000692
0.000689
0.000695
0.000704
0.000709
0.000714
0.000722
0.000734
0.000745
0.000756
0.000769
0.000785
0.000803
0.000815
0.000820
0.000815
0.000805
0.000790
0.000776
0.000764
0.000754
0.000744
0.000732
0.000716
0.000701
0.000689
0.000682
0.000681
0.000685
0.000691
0.000696
0.000699
0.000695
0.000683
0.000666
0.000654
0.000653
0.000661
0.000668
0.000674
0.000683
0.000697
0.000709
0.000704
0.000679
0.000646
0.000618
0.000602
0.000597
0.000603
0.000615
0.000629
0.000641
0.000651
0.000659
0.000660
0.000655
0.000649
0.000653
0.000666
0.000677
0.000680
0.000677
0.000676
0.000674
0.000670
0.000668
0.000674
0.000686
0.000695
0.000697
0.000696
0.000698
0.000698
0.000690
0.000674
0.000658
0.000649
0.000647
0.000644
0.000641
0.000642
0.000655
0.000678
0.000701
0.000716
0.000724
0.000734
0.000745
0.000754
0.000761
0.000771
0.000785
0.000795
0.000792
0.000773
0.000744
0.000710
0.000683
0.000674
0.000682
0.000697
0.000705
0.000701
0.000692
0.000684
0.000681
0.000683
0.000689
0.000695
0.000697
0.000699
0.000704
0.000711
0.000711
0.000700
0.000688
0.000679
0.000675
0.000673
0.000677
0.000687
0.000699
0.000707
0.000711
0.000717
0.000726
0.000735
0.000738
0.000736
0.000736
0.000742
0.000754
0.000766
0.000773
0.000774
0.000774
0.000775
0.000775
0.000769
0.000760
0.000749
0.000738
0.000724
0.000711
0.000703
0.000702
0.000703
0.000700
0.000697
0.000699
0.000709
0.000717
0.000718
0.000709
0.000695
0.000682
0.000670
0.000659
0.000654
0.000658
0.000671
0.000686
0.000695
0.000693
0.000687
0.000686
0.000699
0.000723
0.000748
0.000766
0.000777
0.000783
0.000784
0.000779
0.000768
0.000756
0.000744
0.000732
0.000724
0.000721
0.000719
0.000715
0.000707
0.000699
0.000691
0.000685
0.000682
0.000684
0.000692
0.000700
0.000706
0.000711
0.000718
0.000722
0.000722
0.000720
0.000722
0.000724
0.000715
0.000696
0.000673
0.000660
0.000659
0.000665
0.000676
0.000689
0.000702
0.000714
0.000722
0.000729
0.000733
0.000736
0.000741
0.000748
0.000755
0.000760
0.000761
0.000757
0.000753
0.000752
0.000755
0.000761
0.000762
0.000758
0.000752
0.000746
0.000741
0.000735
0.000730
0.000728
0.000730
0.000733
0.000743
0.000762
0.000787
0.000804
0.000804
0.000792
0.000778
0.000767
0.000758
0.000748
0.000741
0.000743
0.000753
0.000762
0.000760
0.000748
0.000735
0.000728
0.000728
0.000728
0.000724
0.000715
0.000705
0.000692
0.000676
0.000659
0.000647
0.000643
0.000645
0.000651
0.000661
0.000675
0.000692
0.000709
0.000723
0.000736
0.000747
0.000753
0.000752
0.000744
0.000734
0.000723
0.000717
0.000717
0.000722
0.000726
0.000726
0.000721
0.000718
0.000719
0.000723
0.000727
0.000727
0.000719
0.000704
0.000688
0.000677
0.000670
0.000661
0.000652
0.000651
0.000665
0.000685
0.000701
0.000707
0.000707
0.000707
0.000709
0.000715
0.000727
0.000743
0.000755
0.000760
0.000758
0.000752
0.000745
0.000742
0.000746
0.000754
0.000762
0.000763
0.000756
0.000746
0.000736
0.000730
0.000730
0.000734
0.000737
0.000736
0.000734
0.000737
0.000743
0.000749
0.000750
0.000745
0.000732
0.000714
0.000696
0.000686
0.000687
0.000694
0.000698
0.000696
0.000690
0.000681
0.000668
0.000654
0.000644
0.000645
0.000656
0.000675
0.000694
0.000711
0.000725
0.000737
0.000747
0.000752
0.000755
0.000755
0.000754
0.000753
0.000753
0.000752
0.000746
0.000733
0.000719
0.000711
0.000713
0.000718
0.000718
0.000711
0.000705
0.000703
0.000704
0.000709
0.000716
0.000724
0.000731
0.000732
0.000724
0.000710
0.000698
0.000696
0.000702
0.000707
0.000703
0.000693
0.000683
0.000676
0.000666
0.000653
0.000649
0.000657
0.000669
0.000670
0.000656
0.000637
0.000625
0.000618
0.000613
0.000609
0.000612
0.000624
0.000638
0.000647
0.000652
0.000657
0.000665
0.000677
0.000691
0.000704
0.000713
0.000716
0.000714
0.000711
0.000711
0.000718
0.000726
0.000730
0.000726
0.000719
0.000716
0.000723
0.000735
0.000747
0.000754
0.000758
0.000758
0.000753
0.000742
0.000725
0.000706
0.000692
0.000687
0.000691
0.000700
0.000712
0.000722
0.000724
0.000715
0.000701
0.000689
0.000682
0.000682
0.000688
0.000697
0.000707
0.000710
0.000707
0.000702
0.000700
0.000699
0.000694
0.000684
0.000671
0.000658
0.000648
0.000645
0.000652
0.000665
0.000675
0.000675
0.000673
0.000677
0.000691
0.000705
0.000711
0.000708
0.000699
0.000685
0.000673
0.000669
0.000675
0.000690
0.000706
0.000721
0.000732
0.000740
0.000742
0.000744
0.000749
0.000756
0.000759
0.000756
0.000749
0.000742
0.000737
0.000733
0.000728
0.000723
0.000714
0.000704
0.000698
0.000699
0.000703
0.000704
0.000704
0.000709
0.000720
0.000727
0.000726
0.000718
0.000709
0.000699
0.000689
0.000677
0.000663
0.000648
0.000636
0.000633
0.000642
0.000658
0.000673
0.000680
0.000684
0.000688
0.000693
0.000697
0.000699
0.000696
0.000686
0.000669
0.000647
0.000629
0.000619
0.000618
0.000622
0.000625
0.000624
0.000619
0.000616
0.000624
0.000642
0.000661
0.000670
0.000667
0.000662
0.000661
0.000665
0.000668
0.000665
0.000659
0.000655
0.000654
0.000654
0.000652
0.000649
0.000649
0.000657
0.000669
0.000681
0.000686
0.000684
0.000682
0.000682
0.000684
0.000687
0.000689
0.000692
0.000699
0.000710
0.000724
0.000736
0.000745
0.000750
0.000754
0.000763
0.000777
0.000792
0.000798
0.000791
0.000773
0.000752
0.000732
0.000714
0.000697
0.000683
0.000671
0.000657
0.000643
0.000629
0.000619
0.000615
0.000619
0.000634
0.000656
0.000680
0.000696
0.000707
0.000716
0.000723
0.000724
0.000719
0.000719
0.000732
0.000752
0.000763
0.000757
0.000739
0.000726
0.000723
0.000724
0.000723
0.000714
0.000702
0.000693
0.000689
0.000690
0.000690
0.000691
0.000693
0.000697
0.000699
0.000696
0.000691
0.000688
0.000684
0.000678
0.000674
0.000675
0.000679
0.000682
0.000680
0.000674
0.000666
0.000661
0.000661
0.000665
0.000669
0.000669
0.000669
0.000673
0.000681
0.000685
0.000681
0.000670
0.000655
0.000640
0.000629
0.000625
0.000625
0.000625
0.000621
0.000616
0.000616
0.000622
0.000634
0.000651
0.000670
0.000686
0.000695
0.000697
0.000693
0.000687
0.000684
0.000685
0.000689
0.000694
0.000698
0.000700
0.000699
0.000694
0.000689
0.000687
0.000690
0.000692
0.000688
0.000683
0.000682
0.000687
0.000696
0.000709
0.000728
0.000751
0.000767
0.000768
0.000756
0.000738
0.000718
0.000698
0.000682
0.000677
0.000682
0.000690
0.000693
0.000690
0.000688
0.000696
0.000714
0.000734
0.000746
0.000747
0.000738
0.000725
0.000714
0.000707
0.000701
0.000690
0.000674
0.000664
0.000671
0.000693
0.000719
0.000743
0.000765
0.000781
0.000785
0.000778
0.000768
0.000761
0.000755
0.000745
0.000732
0.000722
0.000713
0.000700
0.000687
0.000680
0.000679
0.000679
0.000677
0.000674
0.000670
0.000663
0.000656
0.000657
0.000666
0.000679
0.000689
0.000699
0.000711
0.000725
0.000736
0.000744
0.000753
0.000767
0.000786
0.000807
0.000821
0.000820
0.000803
0.000783
0.000772
0.000774
0.000778
0.000777
0.000776
0.000779
0.000785
0.000791
0.000789
0.000779
0.000765
0.000752
0.000745
0.000739
0.000730
0.000718
0.000710
0.000707
0.000707
0.000707
0.000708
0.000714
0.000720
0.000723
0.000721
0.000716
0.000708
0.000700
0.000694
0.000690
0.000689
0.000692
0.000700
0.000715
0.000732
0.000743
0.000743
0.000737
0.000729
0.000723
0.000719
0.000718
0.000718
0.000716
0.000710
0.000698
0.000682
0.000663
0.000649
0.000645
0.000652
0.000663
0.000674
0.000679
0.000680
0.000682
0.000689
0.000701
0.000715
0.000725
0.000727
0.000727
0.000728
0.000727
0.000723
0.000716
0.000710
0.000709
0.000716
0.000734
0.000760
0.000786
0.000799
0.000798
0.000787
0.000776
0.000766
0.000757
0.000751
0.000747
0.000745
0.000742
0.000739
0.000736
0.000736
0.000739
0.000743
0.000742
0.000732
0.000718
0.000708
0.000705
0.000704
0.000699
0.000697
0.000700
0.000706
0.000706
0.000701
0.000697
0.000696
0.000688
0.000674
0.000661
0.000659
0.000665
0.000673
0.000682
0.000695
0.000706
0.000706
0.000696
0.000690
0.000694
0.000700
0.000695
0.000680
0.000666
0.000659
0.000660
0.000665
0.000673
0.000679
0.000678
0.000671
0.000663
0.000660
0.000660
0.000661
0.000663
0.000666
0.000669
0.000673
0.000683
0.000701
0.000723
0.000743
0.000757
0.000765
0.000765
0.000759
0.000750
0.000743
0.000735
0.000721
0.000703
0.000688
0.000678
0.000666
0.000648
0.000634
0.000630
0.000632
0.000632
0.000629
0.000630
0.000636
0.000645
0.000654
0.000663
0.000673
0.000683
0.000694
0.000706
0.000720
0.000731
0.000731
0.000718
0.000698
0.000680
0.000672
0.000673
0.000676
0.000676
0.000671
0.000669
0.000670
0.000671
0.000669
0.000670
0.000681
0.000699
0.000718
0.000732
0.000737
0.000735
0.000732
0.000732
0.000739
0.000745
0.000745
0.000734
0.000716
0.000694
0.000673
0.000660
0.000660
0.000669
0.000678
0.000680
0.000684
0.000694
0.000708
0.000717
0.000722
0.000730
0.000749
0.000772
0.000792
0.000800
0.000798
0.000786
0.000774
0.000767
0.000769
0.000771
0.000768
0.000763
0.000757
0.000754
0.000751
0.000745
0.000740
0.000735
0.000732
0.000732
0.000730
0.000722
0.000712
0.000708
0.000716
0.000731
0.000741
0.000748
0.000758
0.000773
0.000786
0.000788
0.000784
0.000779
0.000771
0.000759
0.000746
0.000742
0.000746
0.000750
0.000750
0.000749
0.000756
0.000768
0.000783
0.000797
0.000807
0.000814
0.000818
0.000823
0.000828
0.000826
0.000810
0.000782
0.000753
0.000732
0.000722
0.000723
0.000727
0.000731
0.000732
0.000734
0.000737
0.000737
0.000736
0.000735
0.000739
0.000741
0.000739
0.000732
0.000729
0.000733
0.000740
0.000746
0.000754
0.000766
0.000778
0.000781
0.000772
0.000757
0.000742
0.000727
0.000709
0.000688
0.000673
0.000672
0.000686
0.000711
0.000735
0.000749
0.000745
0.000729
0.000711
0.000699
0.000696
0.000700
0.000709
0.000720
0.000732
0.000740
0.000745
0.000745
0.000743
0.000736
0.000721
0.000702
0.000685
0.000671
0.000663
0.000662
0.000668
0.000681
0.000694
0.000705
0.000709
0.000706
0.000700
0.000693
0.000688
0.000683
0.000674
0.000661
0.000650
0.000646
0.000643
0.000638
0.000631
0.000624
0.000619
0.000614
0.000607
0.000600
0.000597
0.000601
0.000616
0.000643
0.000675
0.000703
0.000719
0.000723
0.000722
0.000719
0.000717
0.000716
0.000717
0.000722
0.000727
0.000727
0.000719
0.000707
0.000699
0.000700
0.000709
0.000719
0.000724
0.000722
0.000713
0.000698
0.000680
0.000664
0.000652
0.000648
0.000653
0.000665
0.000682
0.000698
0.000707
0.000707
0.000704
0.000704
0.000708
0.000711
0.000713
0.000716
0.000719
0.000718
0.000708
0.000692
0.000678
0.000670
0.000667
0.000666
0.000664
0.000658
0.000649
0.000643
0.000649
0.000662
0.000672
0.000678
0.000683
0.000692
0.000701
0.000705
0.000700
0.000689
0.000677
0.000667
0.000661
0.000659
0.000658
0.000656
0.000659
0.000668
0.000679
0.000685
0.000687
0.000688
0.000689
0.000690
0.000689
0.000686
0.000677
0.000663
0.000649
0.000645
0.000654
0.000669
0.000682
0.000691
0.000700
0.000709
0.000719
0.000727
0.000733
0.000736
0.000738
0.000740
0.000741
0.000739
0.000735
0.000732
0.000734
0.000738
0.000738
0.000732
0.000717
0.000698
0.000684
0.000683
0.000693
0.000704
0.000710
0.000710
0.000712
0.000722
0.000737
0.000750
0.000756
0.000751
0.000742
0.000737
0.000738
0.000741
0.000738
0.000729
0.000720
0.000712
0.000703
0.000693
0.000683
0.000675
0.000669
0.000666
0.000668
0.000670
0.000669
0.000665
0.000661
0.000664
0.000671
0.000679
0.000687
0.000690
0.000686
0.000675
0.000668
0.000672
0.000685
0.000700
0.000711
0.000720
0.000727
0.000733
0.000733
0.000724
0.000707
0.000690
0.000679
0.000678
0.000682
0.000684
0.000686
0.000693
0.000706
0.000720
0.000725
0.000722
0.000713
0.000705
0.000705
0.000714
0.000730
0.000745
0.000752
0.000752
0.000748
0.000740
0.000728
0.000717
0.000710
0.000707
0.000708
0.000710
0.000715
0.000722
0.000731
0.000740
0.000751
0.000758
0.000757
0.000748
0.000736
0.000727
0.000723
0.000726
0.000735
0.000744
0.000747
0.000741
0.000732
0.000725
0.000723
0.000727
0.000730
0.000727
0.000717
0.000704
0.000693
0.000687
0.000682
0.000675
0.000668
0.000664
0.000664
0.000669
0.000678
0.000688
0.000696
0.000704
0.000718
0.000737
0.000750
0.000746
0.000727
0.000705
0.000690
0.000683
0.000680
0.000680
0.000682
0.000687
0.000696
0.000704
0.000709
0.000708
0.000706
0.000708
0.000715
0.000724
0.000731
0.000735
0.000735
0.000736
0.000737
0.000740
0.000738
0.000728
0.000714
0.000707
0.000710
0.000721
0.000732
0.000739
0.000740
0.000733
0.000719
0.000706
0.000698
0.000693
0.000688
0.000683
0.000683
0.000685
0.000685
0.000676
0.000661
0.000644
0.000627
0.000613
0.000604
0.000604
0.000613
0.000632
0.000656
0.000679
0.000695
0.000702
0.000702
0.000697
0.000688
0.000683
0.000684
0.000691
0.000693
0.000688
0.000676
0.000668
0.000671
0.000685
0.000704
0.000720
0.000727
0.000728
0.000729
0.000733
0.000734
0.000728
0.000716
0.000703
0.000694
0.000689
0.000686
0.000683
0.000685
0.000693
0.000703
0.000711
0.000714
0.000713
0.000705
0.000689
0.000667
0.000649
0.000644
0.000648
0.000651
0.000651
0.000656
0.000673
0.000691
0.000703
0.000707
0.000714
0.000727
0.000736
0.000735
0.000728
0.000721
0.000713
0.000699
0.000681
0.000666
0.000662
0.000669
0.000684
0.000702
0.000719
0.000729
0.000732
0.000729
0.000723
0.000717
0.000715
0.000720
0.000733
0.000746
0.000754
0.000761
0.000773
0.000788
0.000797
0.000789
0.000768
0.000746
0.000733
0.000731
0.000737
0.000746
0.000751
0.000748
0.000740
0.000730
0.000722
0.000716
0.000712
0.000711
0.000712
0.000708
0.000699
0.000689
0.000681
0.000681
0.000688
0.000701
0.000710
0.000711
0.000707
0.000707
0.000718
0.000736
0.000754
0.000767
0.000772
0.000771
0.000768
0.000769
0.000773
0.000772
0.000765
0.000753
0.000745
0.000743
0.000743
0.000745
0.000746
0.000745
0.000735
0.000716
0.000693
0.000675
0.000671
0.000682
0.000700
0.000713
0.000719
0.000721
0.000724
0.000729
0.000732
0.000734
0.000735
0.000735
0.000737
0.000743
0.000752
0.000757
0.000752
0.000743
0.000738
0.000740
0.000745
0.000749
0.000754
0.000764
0.000776
0.000780
0.000770
0.000751
0.000734
0.000727
0.000725
0.000720
0.000710
0.000702
0.000702
0.000705
0.000703
0.000696
0.000690
0.000688
0.000689
0.000694
0.000703
0.000714
0.000723
0.000731
0.000743
0.000762
0.000777
0.000780
0.000771
0.000758
0.000747
0.000740
0.000737
0.000734
0.000728
0.000718
0.000707
0.000700
0.000696
0.000697
0.000699
0.000702
0.000704
0.000708
0.000715
0.000727
0.000740
0.000754
0.000767
0.000777
0.000782
0.000783
0.000781
0.000774
0.000762
0.000750
0.000746
0.000751
0.000757
0.000757
0.000752
0.000750
0.000752
0.000755
0.000758
0.000760
0.000761
0.000762
0.000765
0.000770
0.000775
0.000780
0.000790
0.000807
0.000824
0.000832
0.000828
0.000815
0.000797
0.000778
0.000763
0.000758
0.000764
0.000770
0.000770
0.000764
0.000760
0.000762
0.000766
0.000766
0.000765
0.000769
0.000780
0.000795
0.000807
0.000809
0.000805
0.000798
0.000790
0.000780
0.000768
0.000753
0.000736
0.000719
0.000709
0.000708
0.000710
0.000710
0.000708
0.000710
0.000715
0.000719
0.000718
0.000713
0.000707
0.000700
0.000694
0.000693
0.000695
0.000697
0.000690
0.000676
0.000657
0.000638
0.000623
0.000612
0.000606
0.000605
0.000607
0.000615
0.000630
0.000647
0.000654
0.000643
0.000621
0.000603
0.000601
0.000614
0.000630
0.000639
0.000637
0.000626
0.000614
0.000606
0.000607
0.000615
0.000628
0.000644
0.000661
0.000671
0.000669
0.000655
0.000639
0.000632
0.000636
0.000645
0.000654
0.000659
0.000661
0.000659
0.000654
0.000649
0.000646
0.000648
0.000656
0.000675
0.000698
0.000714
0.000716
0.000707
0.000698
0.000696
0.000697
0.000697
0.000697
0.000705
0.000726
0.000756
0.000783
0.000798
0.000794
0.000774
0.000748
0.000726
0.000716
0.000718
0.000725
0.000731
0.000736
0.000738
0.000738
0.000735
0.000731
0.000724
0.000711
0.000696
0.000687
0.000693
0.000709
0.000724
0.000732
0.000736
0.000740
0.000739
0.000733
0.000726
0.000718
0.000707
0.000688
0.000666
0.000651
0.000647
0.000654
0.000666
0.000679
0.000690
0.000703
0.000722
0.000750
0.000782
0.000805
0.000812
0.000802
0.000780
0.000756
0.000734
0.000716
0.000701
0.000687
0.000676
0.000672
0.000672
0.000671
0.000666
0.000663
0.000664
0.000667
0.000666
0.000661
0.000655
0.000646
0.000629
0.000606
0.000583
0.000572
0.000576
0.000590
0.000601
0.000605
0.000603
0.000604
0.000611
0.000625
0.000639
0.000647
0.000648
0.000644
0.000642
0.000647
0.000660
0.000676
0.000689
0.000699
0.000705
0.000709
0.000709
0.000701
0.000690
0.000685
0.000698
0.000721
0.000738
0.000739
0.000730
0.000724
0.000725
0.000725
0.000720
0.000708
0.000693
0.000676
0.000664
0.000662
0.000669
0.000682
0.000693
0.000702
0.000705
0.000706
0.000708
0.000713
0.000718
0.000715
0.000707
0.000697
0.000690
0.000681
0.000669
0.000658
0.000652
0.000649
0.000650
0.000655
0.000662
0.000666
0.000663
0.000659
0.000658
0.000661
0.000664
0.000666
0.000668
0.000666
0.000657
0.000641
0.000626
0.000621
0.000630
0.000651
0.000674
0.000691
0.000699
0.000701
0.000700
0.000695
0.000685
0.000675
0.000673
0.000678
0.000686
0.000696
0.000709
0.000726
0.000745
0.000760
0.000771
0.000776
0.000774
0.000769
0.000768
0.000770
0.000775
0.000779
0.000785
0.000790
0.000793
0.000790
0.000782
0.000770
0.000753
0.000735
0.000721
0.000714
0.000709
0.000703
0.000697
0.000696
0.000700
0.000706
0.000713
0.000721
0.000730
0.000738
0.000739
0.000733
0.000724
0.000715
0.000710
0.000708
0.000705
0.000702
0.000702
0.000702
0.000702
0.000699
0.000695
0.000691
0.000684
0.000676
0.000674
0.000684
0.000699
0.000709
0.000710
0.000709
0.000711
0.000713
0.000710
0.000705
0.000703
0.000708
0.000720
0.000737
0.000752
0.000762
0.000765
0.000765
0.000769
0.000777
0.000782
0.000777
0.000764
0.000751
0.000743
0.000738
0.000736
0.000734
0.000734
0.000735
0.000736
0.000736
0.000735
0.000732
0.000727
0.000722
0.000721
0.000726
0.000734
0.000739
0.000738
0.000737
0.000745
0.000762
0.000778
0.000785
0.000779
0.000766
0.000754
0.000745
0.000737
0.000726
0.000715
0.000707
0.000704
0.000703
0.000703
0.000708
0.000716
0.000722
0.000722
0.000719
0.000721
0.000731
0.000743
0.000750
0.000750
0.000743
0.000734
0.000729
0.000729
0.000731
0.000725
0.000711
0.000699
0.000700
0.000712
0.000726
0.000735
0.000740
0.000744
0.000751
0.000762
0.000774
0.000780
0.000776
0.000766
0.000760
0.000760
0.000763
0.000766
0.000775
0.000789
0.000799
0.000798
0.000787
0.000774
0.000761
0.000748
0.000741
0.000742
0.000748
0.000750
0.000749
0.000748
0.000751
0.000754
0.000753
0.000751
0.000751
0.000753
0.000753
0.000750
0.000742
0.000728
0.000713
0.000703
0.000703
0.000710
0.000721
0.000730
0.000736
0.000740
0.000743
0.000748
0.000756
0.000764
0.000767
0.000764
0.000760
0.000758
0.000753
0.000746
0.000740
0.000738
0.000741
0.000746
0.000749
0.000753
0.000755
0.000756
0.000755
0.000753
0.000752
0.000751
0.000750
0.000747
0.000742
0.000735
0.000728
0.000719
0.000705
0.000682
0.000658
0.000648
0.000658
0.000680
0.000696
0.000696
0.000685
0.000674
0.000673
0.000684
0.000705
0.000731
0.000755
0.000773
0.000785
0.000790
0.000790
0.000782
0.000768
0.000753
0.000740
0.000731
0.000726
0.000724
0.000725
0.000728
0.000731
0.000740
0.000753
0.000767
0.000774
0.000772
0.000763
0.000753
0.000739
0.000721
0.000696
0.000671
0.000652
0.000646
0.000655
0.000674
0.000696
0.000713
0.000719
0.000713
0.000701
0.000691
0.000685
0.000680
0.000674
0.000669
0.000671
0.000679
0.000689
0.000699
0.000710
0.000720
0.000732
0.000743
0.000754
0.000756
0.000744
0.000723
0.000706
0.000707
0.000718
0.000728
0.000727
0.000715
0.000698
0.000679
0.000661
0.000652
0.000656
0.000671
0.000691
0.000709
0.000724
0.000736
0.000744
0.000747
0.000745
0.000739
0.000733
0.000730
0.000725
0.000718
0.000712
0.000707
0.000699
0.000688
0.000679
0.000686
0.000708
0.000730
0.000734
0.000724
0.000712
0.000705
0.000699
0.000690
0.000686
0.000694
0.000707
0.000718
0.000722
0.000727
0.000733
0.000737
0.000731
0.000720
0.000711
0.000706
0.000701
0.000692
0.000684
0.000681
0.000683
0.000687
0.000687
0.000681
0.000668
0.000654
0.000647
0.000655
0.000675
0.000693
0.000702
0.000701
0.000697
0.000694
0.000694
0.000702
0.000719
0.000739
0.000752
0.000755
0.000755
0.000754
0.000746
0.000726
0.000703
0.000688
0.000690
0.000707
0.000727
0.000745
0.000756
0.000758
0.000752
0.000744
0.000740
0.000746
0.000761
0.000777
0.000788
0.000790
0.000789
0.000784
0.000769
0.000743
0.000715
0.000698
0.000696
0.000698
0.000695
0.000688
0.000684
0.000681
0.000679
0.000679
0.000684
0.000694
0.000704
0.000708
0.000708
0.000704
0.000700
0.000698
0.000702
0.000712
0.000725
0.000734
0.000735
0.000728
0.000714
0.000697
0.000683
0.000670
0.000658
0.000649
0.000648
0.000659
0.000676
0.000687
0.000689
0.000687
0.000690
0.000696
0.000695
0.000686
0.000671
0.000660
0.000655
0.000657
0.000665
0.000676
0.000688
0.000697
0.000704
0.000710
0.000713
0.000711
0.000706
0.000704
0.000711
0.000724
0.000734
0.000735
0.000727
0.000715
0.000705
0.000696
0.000689
0.000686
0.000693
0.000707
0.000724
0.000736
0.000742
0.000746
0.000753
0.000762
0.000772
0.000781
0.000788
0.000788
0.000779
0.000767
0.000759
0.000759
0.000761
0.000763
0.000764
0.000765
0.000763
0.000753
0.000733
0.000710
0.000690
0.000678
0.000676
0.000683
0.000691
0.000695
0.000692
0.000686
0.000684
0.000688
0.000696
0.000703
0.000709
0.000715
0.000719
0.000723
0.000721
0.000713
0.000702
0.000694
0.000689
0.000683
0.000672
0.000659
0.000648
0.000641
0.000635
0.000628
0.000621
0.000617
0.000619
0.000628
0.000642
0.000653
0.000656
0.000652
0.000647
0.000648
0.000657
0.000671
0.000684
0.000693
0.000698
0.000702
0.000705
0.000709
0.000712
0.000714
0.000713
0.000709
0.000706
0.000706
0.000708
0.000708
0.000704
0.000697
0.000694
0.000696
0.000702
0.000708
0.000715
0.000723
0.000732
0.000739
0.000745
0.000745
0.000738
0.000727
0.000719
0.000717
0.000719
0.000722
0.000725
0.000731
0.000735
0.000734
0.000732
0.000732
0.000733
0.000729
0.000717
0.000701
0.000687
0.000679
0.000680
0.000690
0.000706
0.000719
0.000721
0.000714
0.000708
0.000709
0.000717
0.000726
0.000733
0.000736
0.000737
0.000737
0.000733
0.000727
0.000720
0.000717
0.000717
0.000719
0.000720
0.000720
0.000722
0.000724
0.000725
0.000720
0.000711
0.000704
0.000701
0.000701
0.000695
0.000682
0.000671
0.000672
0.000681
0.000686
0.000680
0.000668
0.000657
0.000653
0.000655
0.000664
0.000679
0.000697
0.000709
0.000712
0.000706
0.000696
0.000685
0.000675
0.000663
0.000651
0.000637
0.000627
0.000622
0.000621
0.000621
0.000621
0.000622
0.000627
0.000635
0.000644
0.000657
0.000670
0.000678
0.000675
0.000663
0.000647
0.000629
0.000611
0.000595
0.000586
0.000583
0.000582
0.000580
0.000584
0.000595
0.000607
0.000613
0.000617
0.000627
0.000643
0.000659
0.000667
0.000665
0.000660
0.000655
0.000654
0.000658
0.000664
0.000670
0.000676
0.000681
0.000685
0.000686
0.000686
0.000686
0.000691
0.000697
0.000700
0.000697
0.000695
0.000699
0.000707
0.000714
0.000712
0.000704
0.000695
0.000689
0.000689
0.000695
0.000704
0.000715
0.000724
0.000731
0.000736
0.000738
0.000735
0.000728
0.000721
0.000721
0.000726
0.000734
0.000742
0.000747
0.000743
0.000730
0.000715
0.000705
0.000698
0.000689
0.000676
0.000664
0.000656
0.000649
0.000642
0.000641
0.000648
0.000657
0.000664
0.000670
0.000679
0.000687
0.000694
0.000700
0.000711
0.000720
0.000718
0.000708
0.000699
0.000695
0.000691
0.000686
0.000685
0.000692
0.000705
0.000715
0.000722
0.000727
0.000730
0.000733
0.000737
0.000743
0.000749
0.000753
0.000755
0.000752
0.000744
0.000729
0.000715
0.000709
0.000710
0.000711
0.000708
0.000703
0.000699
0.000697
0.000700
0.000709
0.000723
0.000738
0.000749
0.000754
0.000752
0.000742
0.000730
0.000719
0.000713
0.000707
0.000699
0.000688
0.000678
0.000673
0.000679
0.000691
0.000705
0.000713
0.000718
0.000721
0.000718
0.000703
0.000680
0.000663
0.000663
0.000673
0.000686
0.000696
0.000703
0.000704
0.000700
0.000699
0.000707
0.000717
0.000720
0.000718
0.000720
0.000727
0.000733
0.000729
0.000717
0.000702
0.000688
0.000677
0.000669
0.000665
0.000661
0.000656
0.000652
0.000653
0.000661
0.000671
0.000682
0.000687
0.000687
0.000685
0.000685
0.000692
0.000700
0.000705
0.000706
0.000707
0.000711
0.000720
0.000732
0.000746
0.000758
0.000766
0.000773
0.000781
0.000789
0.000792
0.000786
0.000772
0.000759
0.000753
0.000753
0.000753
0.000748
0.000734
0.000716
0.000701
0.000693
0.000692
0.000689
0.000684
0.000681
0.000689
0.000705
0.000723
0.000734
0.000740
0.000745
0.000749
0.000751
0.000756
0.000766
0.000774
0.000769
0.000752
0.000735
0.000728
0.000727
0.000727
0.000726
0.000728
0.000732
0.000737
0.000742
0.000745
0.000746
0.000742
0.000734
0.000728
0.000725
0.000726
0.000728
0.000724
0.000711
0.000693
0.000682
0.000687
0.000699
0.000704
0.000699
0.000692
0.000692
0.000698
0.000704
0.000707
0.000707
0.000704
0.000699
0.000695
0.000695
0.000694
0.000691
0.000688
0.000687
0.000684
0.000677
0.000671
0.000674
0.000686
0.000703
0.000715
0.000725
0.000735
0.000745
0.000752
0.000751
0.000747
0.000743
0.000740
0.000739
0.000736
0.000731
0.000725
0.000719
0.000714
0.000710
0.000708
0.000707
0.000710
0.000718
0.000729
0.000738
0.000738
0.000728
0.000711
0.000690
0.000671
0.000655
0.000646
0.000645
0.000653
0.000667
0.000684
0.000701
0.000715
0.000721
0.000721
0.000722
0.000728
0.000735
0.000736
0.000732
0.000726
0.000725
0.000728
0.000735
0.000740
0.000740
0.000730
0.000713
0.000701
0.000700
0.000709
0.000719
0.000725
0.000725
0.000721
0.000712
0.000699
0.000682
0.000663
0.000645
0.000632
0.000630
0.000637
0.000648
0.000655
0.000655
0.000651
0.000646
0.000643
0.000640
0.000638
0.000638
0.000643
0.000654
0.000670
0.000684
0.000694
0.000706
0.000721
0.000732
0.000732
0.000723
0.000715
0.000715
0.000720
0.000723
0.000722
0.000720
0.000720
0.000724
0.000731
0.000734
0.000730
0.000719
0.000714
0.000719
0.000730
0.000737
0.000738
0.000739
0.000744
0.000747
0.000748
0.000750
0.000756
0.000764
0.000767
0.000763
0.000758
0.000756
0.000754
0.000752
0.000755
0.000764
0.000772
0.000774
0.000769
0.000762
0.000756
0.000747
0.000734
0.000720
0.000705
0.000689
0.000675
0.000666
0.000664
0.000666
0.000670
0.000674
0.000677
0.000681
0.000686
0.000696
0.000709
0.000722
0.000734
0.000744
0.000749
0.000747
0.000739
0.000731
0.000727
0.000725
0.000721
0.000720
0.000726
0.000740
0.000752
0.000756
0.000751
0.000740
0.000726
0.000711
0.000701
0.000697
0.000695
0.000695
0.000700
0.000709
0.000715
0.000713
0.000704
0.000693
0.000683
0.000674
0.000668
0.000663
0.000657
0.000650
0.000648
0.000658
0.000677
0.000693
0.000693
0.000675
0.000647
0.000624
0.000616
0.000623
0.000635
0.000645
0.000653
0.000661
0.000669
0.000673
0.000672
0.000669
0.000672
0.000682
0.000699
0.000716
0.000727
0.000725
0.000710
0.000690
0.000671
0.000656
0.000647
0.000650
0.000664
0.000686
0.000709
0.000726
0.000727
0.000712
0.000689
0.000671
0.000660
0.000652
0.000645
0.000642
0.000647
0.000650
0.000648
0.000644
0.000648
0.000661
0.000674
0.000676
0.000670
0.000665
0.000667
0.000679
0.000694
0.000703
0.000701
0.000689
0.000675
0.000665
0.000660
0.000655
0.000654
0.000659
0.000666
0.000667
0.000659
0.000651
0.000655
0.000674
0.000700
0.000725
0.000741
0.000748
0.000749
0.000746
0.000740
0.000735
0.000731
0.000733
0.000739
0.000746
0.000751
0.000754
0.000756
0.000758
0.000759
0.000758
0.000755
0.000752
0.000751
0.000754
0.000757
0.000755
0.000754
0.000760
0.000773
0.000787
0.000790
0.000780
0.000764
0.000749
0.000739
0.000739
0.000751
0.000765
0.000769
0.000756
0.000737
0.000723
0.000717
0.000713
0.000705
0.000700
0.000699
0.000702
0.000701
0.000698
0.000696
0.000701
0.000712
0.000721
0.000725
0.000724
0.000725
0.000732
0.000742
0.000741
0.000727
0.000711
0.000704
0.000708
0.000717
0.000726
0.000737
0.000750
0.000756
0.000749
0.000731
0.000713
0.000702
0.000694
0.000688
0.000685
0.000687
0.000692
0.000696
0.000699
0.000707
0.000718
0.000728
0.000729
0.000724
0.000716
0.000710
0.000708
0.000709
0.000711
0.000708
0.000699
0.000690
0.000687
0.000687
0.000682
0.000672
0.000664
0.000664
0.000673
0.000688
0.000706
0.000722
0.000726
0.000715
0.000696
0.000682
0.000678
0.000675
0.000664
0.000646
0.000626
0.000610
0.000599
0.000594
0.000598
0.000611
0.000633
0.000657
0.000676
0.000685
0.000683
0.000672
0.000660
0.000656
0.000662
0.000674
0.000683
0.000687
0.000691
0.000697
0.000700
0.000700
0.000700
0.000708
0.000719
0.000726
0.000725
0.000721
0.000715
0.000708
0.000705
0.000707
0.000714
0.000719
0.000718
0.000714
0.000708
0.000703
0.000698
0.000694
0.000690
0.000686
0.000681
0.000679
0.000680
0.000681
0.000682
0.000688
0.000703
0.000724
0.000741
0.000746
0.000739
0.000726
0.000714
0.000703
0.000693
0.000684
0.000676
0.000670
0.000668
0.000669
0.000670
0.000672
0.000676
0.000677
0.000672
0.000664
0.000659
0.000659
0.000662
0.000665
0.000668
0.000673
0.000680
0.000688
0.000693
0.000696
0.000697
0.000699
0.000700
0.000701
0.000700
0.000701
0.000701
0.000698
0.000692
0.000685
0.000680
0.000678
0.000672
0.000664
0.000655
0.000649
0.000647
0.000653
0.000670
0.000698
0.000732
0.000766
0.000790
0.000797
0.000786
0.000765
0.000744
0.000725
0.000706
0.000686
0.000668
0.000656
0.000653
0.000659
0.000671
0.000684
0.000697
0.000708
0.000721
0.000738
0.000752
0.000758
0.000755
0.000748
0.000740
0.000733
0.000726
0.000722
0.000726
0.000734
0.000737
0.000726
0.000705
0.000685
0.000675
0.000672
0.000673
0.000677
0.000685
0.000695
0.000702
0.000703
0.000703
0.000706
0.000709
0.000709
0.000708
0.000711
0.000718
0.000722
0.000715
0.000703
0.000696
0.000698
0.000708
0.000717
0.000722
0.000721
0.000716
0.000710
0.000704
0.000698
0.000692
0.000688
0.000687
0.000691
0.000702
0.000717
0.000729
0.000731
0.000721
0.000707
0.000701
0.000704
0.000711
0.000714
0.000710
0.000704
0.000698
0.000693
0.000691
0.000690
0.000688
0.000683
0.000681
0.000685
0.000692
0.000697
0.000696
0.000692
0.000685
0.000674
0.000665
0.000666
0.000681
0.000699
0.000707
0.000704
0.000697
0.000694
0.000695
0.000697
0.000698
0.000695
0.000689
0.000683
0.000678
0.000672
0.000667
0.000666
0.000672
0.000680
0.000685
0.000689
0.000695
0.000704
0.000712
0.000716
0.000723
0.000734
0.000743
0.000743
0.000738
0.000732
0.000724
0.000710
0.000694
0.000681
0.000673
0.000667
0.000659
0.000655
0.000655
0.000659
0.000663
0.000670
0.000683
0.000698
0.000709
0.000711
0.000706
0.000699
0.000693
0.000688
0.000685
0.000683
0.000680
0.000679
0.000684
0.000695
0.000709
0.000720
0.000728
0.000736
0.000744
0.000748
0.000745
0.000737
0.000729
0.000721
0.000713
0.000704
0.000699
0.000694
0.000685
0.000669
0.000649
0.000632
0.000619
0.000614
0.000618
0.000630
0.000641
0.000641
0.000632
0.000621
0.000619
0.000624
0.000630
0.000633
0.000630
0.000624
0.000617
0.000612
0.000614
0.000625
0.000639
0.000650
0.000657
0.000660
0.000665
0.000669
0.000672
0.000675
0.000682
0.000693
0.000707
0.000722
0.000741
0.000758
0.000767
0.000763
0.000751
0.000740
0.000730
0.000716
0.000698
0.000682
0.000677
0.000683
0.000695
0.000709
0.000724
0.000736
0.000743
0.000744
0.000740
0.000736
0.000732
0.000730
0.000730
0.000735
0.000745
0.000755
0.000758
0.000754
0.000750
0.000750
0.000749
0.000742
0.000733
0.000730
0.000740
0.000755
0.000765
0.000763
0.000751
0.000736
0.000726
0.000724
0.000728
0.000729
0.000724
0.000714
0.000701
0.000686
0.000673
0.000663
0.000660
0.000665
0.000677
0.000693
0.000710
0.000724
0.000737
0.000748
0.000753
0.000748
0.000731
0.000712
0.000698
0.000694
0.000696
0.000702
0.000711
0.000720
0.000722
0.000711
0.000686
0.000659
0.000646
0.000650
0.000664
0.000671
0.000664
0.000646
0.000627
0.000614
0.000612
0.000616
0.000621
0.000619
0.000611
0.000602
0.000600
0.000606
0.000617
0.000627
0.000633
0.000639
0.000651
0.000670
0.000689
0.000704
0.000713
0.000721
0.000727
0.000732
0.000736
0.000741
0.000741
0.000731
0.000717
0.000710
0.000718
0.000730
0.000732
0.000722
0.000709
0.000703
0.000701
0.000699
0.000696
0.000696
0.000704
0.000721
0.000742
0.000757
0.000762
0.000757
0.000747
0.000734
0.000719
0.000704
0.000699
0.000702
0.000708
0.000708
0.000706
0.000709
0.000718
0.000731
0.000745
0.000757
0.000765
0.000765
0.000761
0.000761
0.000766
0.000770
0.000766
0.000756
0.000747
0.000744
0.000743
0.000741
0.000738
0.000738
0.000737
0.000735
0.000733
0.000736
0.000744
0.000748
0.000742
0.000730
0.000720
0.000716
0.000713
0.000707
0.000698
0.000690
0.000684
0.000674
0.000658
0.000640
0.000628
0.000623
0.000627
0.000634
0.000644
0.000654
0.000663
0.000670
0.000674
0.000671
0.000661
0.000644
0.000629
0.000620
0.000617
0.000617
0.000622
0.000637
0.000660
0.000684
0.000702
0.000711
0.000717
0.000720
0.000723
0.000725
0.000727
0.000728
0.000729
0.000730
0.000731
0.000733
0.000735
0.000736
0.000734
0.000729
0.000724
0.000722
0.000722
0.000724
0.000727
0.000734
0.000744
0.000754
0.000755
0.000747
0.000733
0.000723
0.000720
0.000723
0.000726
0.000728
0.000731
0.000736
0.000738
0.000733
0.000722
0.000717
0.000724
0.000739
0.000755
0.000765
0.000767
0.000757
0.000735
0.000709
0.000691
0.000686
0.000689
0.000695
0.000699
0.000700
0.000699
0.000694
0.000688
0.000682
0.000678
0.000678
0.000680
0.000680
0.000673
0.000666
0.000666
0.000672
0.000675
0.000674
0.000675
0.000681
0.000689
0.000692
0.000690
0.000689
0.000689
0.000689
0.000689
0.000691
0.000700
0.000713
0.000727
0.000738
0.000744
0.000745
0.000742
0.000737
0.000730
0.000720
0.000710
0.000705
0.000709
0.000720
0.000733
0.000741
0.000737
0.000722
0.000705
0.000694
0.000687
0.000680
0.000670
0.000664
0.000667
0.000677
0.000686
0.000693
0.000698
0.000703
0.000705
0.000705
0.000701
0.000694
0.000683
0.000667
0.000651
0.000641
0.000642
0.000653
0.000667
0.000675
0.000675
0.000670
0.000663
0.000658
0.000657
0.000660
0.000669
0.000684
0.000701
0.000714
0.000718
0.000715
0.000712
0.000714
0.000718
0.000720
0.000718
0.000715
0.000713
0.000710
0.000703
0.000697
0.000695
0.000696
0.000693
0.000681
0.000662
0.000648
0.000645
0.000656
0.000673
0.000690
0.000704
0.000717
0.000730
0.000744
0.000756
0.000759
0.000753
0.000742
0.000731
0.000725
0.000726
0.000731
0.000739
0.000747
0.000748
0.000737
0.000722
0.000711
0.000708
0.000710
0.000712
0.000714
0.000716
0.000714
0.000705
0.000692
0.000684
0.000683
0.000686
0.000688
0.000690
0.000696
0.000701
0.000700
0.000693
0.000684
0.000678
0.000682
0.000693
0.000703
0.000706
0.000705
0.000708
0.000718
0.000732
0.000743
0.000751
0.000757
0.000760
0.000758
0.000752
0.000746
0.000742
0.000737
0.000729
0.000719
0.000710
0.000704
0.000705
0.000713
0.000724
0.000732
0.000735
0.000731
0.000724
0.000717
0.000717
0.000723
0.000730
0.000728
0.000718
0.000707
0.000703
0.000705
0.000707
0.000707
0.000707
0.000705
0.000704
0.000703
0.000703
0.000702
0.000695
0.000682
0.000666
0.000649
0.000635
0.000629
0.000636
0.000652
0.000670
0.000680
0.000680
0.000673
0.000668
0.000671
0.000685
0.000703
0.000713
0.000712
0.000709
0.000710
0.000715
0.000714
0.000703
0.000687
0.000677
0.000681
0.000698
0.000721
0.000739
0.000748
0.000749
0.000747
0.000742
0.000735
0.000732
0.000733
0.000732
0.000725
0.000712
0.000699
0.000690
0.000686
0.000688
0.000696
0.000708
0.000715
0.000720
0.000725
0.000733
0.000736
0.000729
0.000719
0.000718
0.000731
0.000749
0.000763
0.000770
0.000775
0.000779
0.000777
0.000764
0.000742
0.000722
0.000711
0.000707
0.000699
0.000682
0.000661
0.000641
0.000624
0.000611
0.000606
0.000610
0.000622
0.000638
0.000656
0.000674
0.000685
0.000688
0.000686
0.000689
0.000699
0.000713
0.000723
0.000728
0.000727
0.000720
0.000709
0.000697
0.000685
0.000674
0.000665
0.000660
0.000660
0.000664
0.000670
0.000676
0.000677
0.000667
0.000648
0.000627
0.000611
0.000604
0.000605
0.000612
0.000620
0.000624
0.000624
0.000627
0.000637
0.000651
0.000661
0.000662
0.000656
0.000650
0.000644
0.000636
0.000627
0.000619
0.000615
0.000617
0.000626
0.000638
0.000653
0.000668
0.000683
0.000694
0.000698
0.000693
0.000688
0.000686
0.000690
0.000696
0.000704
0.000710
0.000711
0.000703
0.000690
0.000679
0.000672
0.000669
0.000667
0.000668
0.000670
0.000674
0.000679
0.000682
0.000682
0.000676
0.000670
0.000669
0.000674
0.000679
0.000681
0.000683
0.000688
0.000696
0.000702
0.000705
0.000706
0.000708
0.000714
0.000725
0.000740
0.000752
0.000755
0.000749
0.000738
0.000724
0.000704
0.000679
0.000658
0.000647
0.000644
0.000645
0.000643
0.000641
0.000641
0.000647
0.000659
0.000668
0.000668
0.000664
0.000663
0.000664
0.000660
0.000652
0.000648
0.000655
0.000670
0.000684
0.000694
0.000704
0.000714
0.000722
0.000724
0.000723
0.000718
0.000709
0.000702
0.000695
0.000687
0.000673
0.000659
0.000653
0.000658
0.000670
0.000682
0.000696
0.000709
0.000720
0.000729
0.000740
0.000752
0.000757
0.000754
0.000746
0.000737
0.000727
0.000714
0.000705
0.000704
0.000716
0.000736
0.000755
0.000765
0.000763
0.000758
0.000760
0.000768
0.000773
0.000770
0.000766
0.000768
0.000771
0.000769
0.000762
0.000756
0.000755
0.000755
0.000757
0.000763
0.000771
0.000775
0.000774
0.000774
0.000781
0.000794
0.000806
0.000810
0.000799
0.000775
0.000747
0.000730
0.000731
0.000743
0.000752
0.000754
0.000752
0.000752
0.000755
0.000759
0.000762
0.000759
0.000749
0.000734
0.000719
0.000707
0.000704
0.000708
0.000717
0.000724
0.000724
0.000714
0.000696
0.000677
0.000664
0.000662
0.000668
0.000676
0.000684
0.000691
0.000693
0.000691
0.000688
0.000690
0.000695
0.000694
0.000686
0.000679
0.000682
0.000691
0.000697
0.000699
0.000701
0.000705
0.000709
0.000712
0.000713
0.000709
0.000698
0.000682
0.000670
0.000664
0.000661
0.000655
0.000647
0.000641
0.000636
0.000629
0.000622
0.000619
0.000626
0.000643
0.000664
0.000684
0.000697
0.000703
0.000703
0.000698
0.000689
0.000678
0.000669
0.000666
0.000665
0.000659
0.000647
0.000637
0.000639
0.000652
0.000667
0.000675
0.000675
0.000675
0.000679
0.000687
0.000695
0.000697
0.000690
0.000672
0.000649
0.000630
0.000619
0.000613
0.000615
0.000628
0.000653
0.000680
0.000700
0.000714
0.000725
0.000733
0.000731
0.000720
0.000709
0.000707
0.000715
0.000722
0.000724
0.000716
0.000700
0.000677
0.000657
0.000646
0.000649
0.000662
0.000680
0.000697
0.000710
0.000722
0.000734
0.000748
0.000761
0.000770
0.000773
0.000773
0.000771
0.000768
0.000763
0.000752
0.000735
0.000715
0.000694
0.000675
0.000660
0.000652
0.000651
0.000653
0.000657
0.000666
0.000685
0.000710
0.000731
0.000741
0.000742
0.000737
0.000727
0.000713
0.000702
0.000702
0.000712
0.000722
0.000725
0.000722
0.000719
0.000714
0.000708
0.000701
0.000697
0.000694
0.000690
0.000687
0.000689
0.000694
0.000699
0.000699
0.000699
0.000706
0.000716
0.000722
0.000719
0.000712
0.000709
0.000710
0.000714
0.000721
0.000731
0.000742
0.000748
0.000749
0.000747
0.000745
0.000742
0.000735
0.000726
0.000716
0.000710
0.000708
0.000706
0.000701
0.000696
0.000700
0.000721
0.000750
0.000769
0.000771
0.000759
0.000745
0.000734
0.000729
0.000730
0.000739
0.000749
0.000755
0.000755
0.000753
0.000755
0.000759
0.000763
0.000766
0.000768
0.000766
0.000764
0.000761
0.000756
0.000746
0.000731
0.000716
0.000706
0.000703
0.000708
0.000718
0.000727
0.000730
0.000723
0.000711
0.000704
0.000703
0.000707
0.000713
0.000722
0.000734
0.000745
0.000749
0.000747
0.000742
0.000737
0.000735
0.000735
0.000738
0.000741
0.000737
0.000723
0.000702
0.000684
0.000672
0.000665
0.000659
0.000656
0.000659
0.000669
0.000683
0.000700
0.000715
0.000724
0.000724
0.000720
0.000713
0.000708
0.000707
0.000712
0.000724
0.000737
0.000746
0.000753
0.000760
0.000765
0.000764
0.000756
0.000746
0.000739
0.000736
0.000736
0.000738
0.000742
0.000748
0.000748
0.000740
0.000729
0.000721
0.000715
0.000707
0.000694
0.000687
0.000690
0.000698
0.000699
0.000693
0.000693
0.000706
0.000728
0.000749
0.000763
0.000770
0.000772
0.000768
0.000765
0.000763
0.000762
0.000756
0.000745
0.000733
0.000721
0.000709
0.000694
0.000681
0.000672
0.000667
0.000662
0.000658
0.000656
0.000661
0.000672
0.000687
0.000703
0.000718
0.000727
0.000728
0.000719
0.000703
0.000685
0.000673
0.000668
0.000670
0.000675
0.000680
0.000682
0.000680
0.000679
0.000685
0.000694
0.000703
0.000710
0.000721
0.000736
0.000751
0.000759
0.000759
0.000757
0.000754
0.000748
0.000737
0.000721
0.000705
0.000694
0.000690
0.000687
0.000681
0.000671
0.000661
0.000656
0.000656
0.000659
0.000665
0.000675
0.000684
0.000688
0.000685
0.000676
0.000666
0.000661
0.000662
0.000665
0.000666
0.000664
0.000662
0.000666
0.000674
0.000683
0.000693
0.000704
0.000715
0.000725
0.000734
0.000739
0.000741
0.000740
0.000736
0.000732
0.000733
0.000739
0.000749
0.000757
0.000759
0.000758
0.000762
0.000767
0.000768
0.000762
0.000753
0.000746
0.000739
0.000732
0.000728
0.000729
0.000733
0.000735
0.000738
0.000744
0.000751
0.000751
0.000743
0.000734
0.000736
0.000744
0.000750
0.000746
0.000731
0.000717
0.000711
0.000714
0.000722
0.000729
0.000732
0.000733
0.000731
0.000727
0.000723
0.000720
0.000713
0.000699
0.000685
0.000682
0.000691
0.000701
0.000707
0.000714
0.000729
0.000753
0.000774
0.000781
0.000772
0.000755
0.000740
0.000736
0.000741
0.000750
0.000753
0.000749
0.000738
0.000725
0.000710
0.000696
0.000687
0.000685
0.000687
0.000691
0.000690
0.000682
0.000673
0.000669
0.000672
0.000680
0.000688
0.000695
0.000705
0.000718
0.000731
0.000741
0.000751
0.000759
0.000765
0.000769
0.000770
0.000767
0.000758
0.000742
0.000724
0.000711
0.000710
0.000721
0.000736
0.000745
0.000746
0.000739
0.000730
0.000725
0.000724
0.000724
0.000721
0.000713
0.000702
0.000694
0.000692
0.000698
0.000711
0.000724
0.000730
0.000723
0.000706
0.000690
0.000679
0.000669
0.000656
0.000641
0.000633
0.000637
0.000648
0.000659
0.000664
0.000664
0.000666
0.000675
0.000688
0.000701
0.000711
0.000718
0.000721
0.000721
0.000717
0.000715
0.000716
0.000716
0.000710
0.000697
0.000677
0.000652
0.000626
0.000610
0.000605
0.000605
0.000606
0.000610
0.000623
0.000644
0.000665
0.000679
0.000690
0.000703
0.000718
0.000733
0.000744
0.000749
0.000747
0.000738
0.000726
0.000717
0.000710
0.000701
0.000691
0.000682
0.000676
0.000674
0.000677
0.000689
0.000710
0.000735
0.000759
0.000777
0.000788
0.000791
0.000785
0.000772
0.000752
0.000732
0.000718
0.000713
0.000715
0.000720
0.000727
0.000734
0.000740
0.000743
0.000742
0.000740
0.000737
0.000735
0.000734
0.000738
0.000747
0.000756
0.000763
0.000770
0.000775
0.000778
0.000778
0.000775
0.000771
0.000767
0.000763
0.000761
0.000761
0.000766
0.000774
0.000785
0.000792
0.000792
0.000785
0.000776
0.000769
0.000767
0.000769
0.000776
0.000785
0.000788
0.000776
0.000748
0.000716
0.000693
0.000681
0.000676
0.000676
0.000684
0.000697
0.000709
0.000714
0.000716
0.000720
0.000727
0.000731
0.000732
0.000732
0.000728
0.000720
0.000710
0.000702
0.000696
0.000692
0.000688
0.000690
0.000699
0.000713
0.000723
0.000725
0.000719
0.000709
0.000699
0.000695
0.000696
0.000695
0.000690
0.000682
0.000677
0.000673
0.000670
0.000668
0.000667
0.000666
0.000663
0.000663
0.000670
0.000683
0.000697
0.000707
0.000714
0.000720
0.000721
0.000717
0.000709
0.000704
0.000704
0.000703
0.000697
0.000683
0.000669
0.000660
0.000656
0.000654
0.000654
0.000659
0.000671
0.000689
0.000707
0.000720
0.000725
0.000723
0.000721
0.000722
0.000727
0.000735
0.000744
0.000749
0.000749
0.000740
0.000727
0.000715
0.000709
0.000707
0.000702
0.000691
0.000677
0.000664
0.000654
0.000649
0.000649
0.000656
0.000665
0.000668
0.000658
0.000638
0.000617
0.000602
0.000596
0.000599
0.000608
0.000621
0.000632
0.000636
0.000635
0.000632
0.000630
0.000630
0.000631
0.000632
0.000634
0.000637
0.000644
0.000658
0.000672
0.000682
0.000685
0.000686
0.000689
0.000689
0.000685
0.000678
0.000677
0.000684
0.000695
0.000706
0.000714
0.000718
0.000715
0.000706
0.000700
0.000701
0.000708
0.000715
0.000718
0.000720
0.000720
0.000719
0.000717
0.000714
0.000709
0.000701
0.000694
0.000695
0.000705
0.000718
0.000726
0.000726
0.000720
0.000713
0.000710
0.000714
0.000723
0.000733
0.000741
0.000748
0.000760
0.000774
0.000783
0.000780
0.000770
0.000759
0.000752
0.000749
0.000753
0.000763
0.000776
0.000786
0.000791
0.000797
0.000804
0.000811
0.000815
0.000815
0.000813
0.000808
0.000798
0.000785
0.000771
0.000755
0.000738
0.000719
0.000704
0.000694
0.000692
0.000696
0.000704
0.000713
0.000719
0.000723
0.000729
0.000744
0.000762
0.000773
0.000771
0.000761
0.000754
0.000754
0.000756
0.000751
0.000739
0.000725
0.000712
0.000701
0.000694
0.000692
0.000694
0.000695
0.000695
0.000695
0.000698
0.000703
0.000706
0.000705
0.000701
0.000695
0.000689
0.000689
0.000698
0.000712
0.000724
0.000733
0.000738
0.000734
0.000723
0.000710
0.000700
0.000694
0.000688
0.000679
0.000672
0.000669
0.000670
0.000675
0.000682
0.000688
0.000690
0.000687
0.000686
0.000691
0.000700
0.000709
0.000717
0.000725
0.000734
0.000745
0.000754
0.000756
0.000748
0.000734
0.000723
0.000718
0.000714
0.000705
0.000698
0.000701
0.000711
0.000720
0.000722
0.000719
0.000716
0.000715
0.000715
0.000719
0.000722
0.000721
0.000715
0.000705
0.000698
0.000694
0.000691
0.000685
0.000680
0.000680
0.000683
0.000686
0.000680
0.000668
0.000655
0.000651
0.000656
0.000669
0.000686
0.000701
0.000712
0.000713
0.000707
0.000702
0.000700
0.000701
0.000699
0.000691
0.000681
0.000672
0.000663
0.000651
0.000638
0.000629
0.000629
0.000633
0.000636
0.000638
0.000644
0.000654
0.000667
0.000676
0.000682
0.000684
0.000683
0.000680
0.000680
0.000682
0.000685
0.000689
0.000697
0.000709
0.000717
0.000717
0.000708
0.000696
0.000684
0.000671
0.000660
0.000655
0.000654
0.000653
0.000649
0.000641
0.000632
0.000626
0.000626
0.000634
0.000648
0.000662
0.000669
0.000665
0.000648
0.000625
0.000607
0.000604
0.000616
0.000635
0.000656
0.000678
0.000701
0.000720
0.000731
0.000735
0.000733
0.000729
0.000725
0.000720
0.000711
0.000700
0.000692
0.000696
0.000709
0.000721
0.000726
0.000726
0.000724
0.000721
0.000718
0.000719
0.000726
0.000733
0.000738
0.000744
0.000752
0.000759
0.000761
0.000758
0.000755
0.000756
0.000759
0.000764
0.000769
0.000773
0.000772
0.000770
0.000766
0.000760
0.000751
0.000738
0.000726
0.000715
0.000709
0.000707
0.000706
0.000700
0.000690
0.000689
0.000703
0.000720
0.000725
0.000717
0.000708
0.000703
0.000699
0.000694
0.000692
0.000698
0.000707
0.000711
0.000707
0.000695
0.000678
0.000661
0.000651
0.000653
0.000667
0.000686
0.000706
0.000724
0.000736
0.000742
0.000745
0.000750
0.000758
0.000763
0.000759
0.000741
0.000713
0.000680
0.000654
0.000641
0.000643
0.000657
0.000676
0.000692
0.000703
0.000709
0.000711
0.000709
0.000704
0.000698
0.000695
0.000691
0.000684
0.000674
0.000666
0.000663
0.000662
0.000659
0.000658
0.000663
0.000673
0.000682
0.000686
0.000687
0.000686
0.000686
0.000694
0.000711
0.000735
0.000757
0.000768
0.000764
0.000750
0.000731
0.000715
0.000707
0.000705
0.000709
0.000715
0.000719
0.000715
0.000704
0.000692
0.000682
0.000675
0.000667
0.000660
0.000661
0.000669
0.000684
0.000701
0.000718
0.000732
0.000741
0.000747
0.000751
0.000753
0.000752
0.000745
0.000734
0.000719
0.000702
0.000689
0.000686
0.000694
0.000705
0.000714
0.000717
0.000717
0.000713
0.000705
0.000698
0.000695
0.000698
0.000703
0.000707
0.000705
0.000697
0.000685
0.000676
0.000676
0.000683
0.000693
0.000706
0.000721
0.000738
0.000750
0.000754
0.000752
0.000750
0.000747
0.000739
0.000729
0.000722
0.000720
0.000722
0.000727
0.000730
0.000732
0.000730
0.000724
0.000719
0.000718
0.000720
0.000721
0.000723
0.000729
0.000739
0.000743
0.000738
0.000725
0.000713
0.000708
0.000709
0.000712
0.000714
0.000711
0.000704
0.000699
0.000703
0.000714
0.000725
0.000729
0.000727
0.000726
0.000727
0.000730
0.000732
0.000732
0.000727
0.000719
0.000711
0.000708
0.000711
0.000719
0.000724
0.000724
0.000718
0.000711
0.000706
0.000703
0.000700
0.000697
0.000695
0.000695
0.000696
0.000693
0.000689
0.000687
0.000684
0.000679
0.000673
0.000669
0.000672
0.000679
0.000687
0.000696
0.000708
0.000719
0.000723
0.000719
0.000711
0.000705
0.000699
0.000690
0.000681
0.000674
0.000671
0.000673
0.000677
0.000683
0.000688
0.000691
0.000690
0.000689
0.000690
0.000691
0.000692
0.000691
0.000688
0.000683
0.000677
0.000672
0.000673
0.000681
0.000693
0.000701
0.000701
0.000694
0.000685
0.000684
0.000690
0.000699
0.000705
0.000706
0.000705
0.000702
0.000698
0.000697
0.000700
0.000705
0.000709
0.000713
0.000721
0.000735
0.000751
0.000764
0.000772
0.000774
0.000771
0.000767
0.000765
0.000770
0.000776
0.000780
0.000781
0.000783
0.000786
0.000787
0.000779
0.000759
0.000732
0.000705
0.000689
0.000689
0.000699
0.000712
0.000715
0.000708
0.000697
0.000690
0.000689
0.000689
0.000688
0.000688
0.000694
0.000706
0.000717
0.000722
0.000722
0.000719
0.000713
0.000705
0.000698
0.000695
0.000694
0.000691
0.000685
0.000679
0.000672
0.000665
0.000659
0.000656
0.000657
0.000662
0.000663
0.000660
0.000653
0.000652
0.000658
0.000667
0.000671
0.000670
0.000671
0.000680
0.000696
0.000711
0.000720
0.000719
0.000709
0.000694
0.000680
0.000670
0.000664
0.000659
0.000652
0.000643
0.000637
0.000637
0.000647
0.000663
0.000679
0.000691
0.000700
0.000710
0.000719
0.000726
0.000731
0.000736
0.000740
0.000744
0.000746
0.000747
0.000743
0.000731
0.000714
0.000699
0.000686
0.000672
0.000659
0.000653
0.000656
0.000663
0.000667
0.000668
0.000671
0.000679
0.000694
0.000713
0.000732
0.000742
0.000741
0.000734
0.000727
0.000717
0.000700
0.000676
0.000654
0.000638
0.000627
0.000618
0.000610
0.000606
0.000605
0.000608
0.000613
0.000623
0.000638
0.000651
0.000659
0.000663
0.000667
0.000676
0.000686
0.000696
0.000703
0.000708
0.000710
0.000708
0.000704
0.000702
0.000703
0.000699
0.000689
0.000674
0.000661
0.000653
0.000652
0.000656
0.000661
0.000663
0.000660
0.000659
0.000664
0.000672
0.000676
0.000674
0.000670
0.000670
0.000676
0.000688
0.000705
0.000722
0.000732
0.000735
0.000734
0.000733
0.000730
0.000723
0.000714
0.000707
0.000703
0.000702
0.000705
0.000709
0.000713
0.000711
0.000704
0.000694
0.000682
0.000674
0.000673
0.000677
0.000682
0.000686
0.000692
0.000700
0.000708
0.000711
0.000709
0.000705
0.000701
0.000695
0.000688
0.000681
0.000673
0.000667
0.000661
0.000655
0.000648
0.000644
0.000647
0.000665
0.000690
0.000714
0.000731
0.000745
0.000763
0.000781
0.000791
0.000789
0.000776
0.000755
0.000728
0.000703
0.000688
0.000686
0.000694
0.000706
0.000716
0.000721
0.000719
0.000714
0.000713
0.000719
0.000730
0.000738
0.000738
0.000731
0.000722
0.000716
0.000714
0.000715
0.000720
0.000725
0.000726
0.000721
0.000714
0.000711
0.000714
0.000719
0.000719
0.000714
0.000707
0.000700
0.000696
0.000697
0.000700
0.000700
0.000692
0.000682
0.000677
0.000681
0.000688
0.000696
0.000706
0.000718
0.000733
0.000747
0.000759
0.000770
0.000775
0.000770
0.000755
0.000735
0.000721
0.000715
0.000713
0.000709
0.000704
0.000701
0.000703
0.000708
0.000712
0.000714
0.000716
0.000719
0.000724
0.000730
0.000738
0.000745
0.000745
0.000737
0.000725
0.000714
0.000709
0.000715
0.000729
0.000744
0.000745
0.000728
0.000700
0.000677
0.000666
0.000668
0.000680
0.000699
0.000718
0.000730
0.000734
0.000734
0.000730
0.000719
0.000702
0.000689
0.000685
0.000687
0.000687
0.000683
0.000676
0.000664
0.000647
0.000628
0.000615
0.000613
0.000621
0.000634
0.000648
0.000658
0.000663
0.000666
0.000676
0.000690
0.000701
0.000702
0.000700
0.000702
0.000708
0.000713
0.000718
0.000722
0.000724
0.000720
0.000711
0.000707
0.000708
0.000710
0.000705
0.000696
0.000690
0.000688
0.000685
0.000678
0.000668
0.000662
0.000667
0.000681
0.000701
0.000719
0.000731
0.000732
0.000725
0.000716
0.000712
0.000716
0.000723
0.000730
0.000735
0.000741
0.000747
0.000750
0.000749
0.000746
0.000745
0.000747
0.000753
0.000765
0.000784
0.000805
0.000820
0.000821
0.000808
0.000788
0.000771
0.000765
0.000764
0.000764
0.000760
0.000753
0.000744
0.000735
0.000725
0.000717
0.000706
0.000691
0.000677
0.000670
0.000670
0.000669
0.000660
0.000647
0.000639
0.000642
0.000650
0.000659
0.000668
0.000680
0.000694
0.000708
0.000722
0.000736
0.000748
0.000756
0.000758
0.000756
0.000750
0.000741
0.000729
0.000714
0.000698
0.000684
0.000678
0.000679
0.000686
0.000692
0.000696
0.000696
0.000691
0.000682
0.000673
0.000670
0.000674
0.000681
0.000687
0.000687
0.000687
0.000690
0.000699
0.000705
0.000705
0.000699
0.000694
0.000694
0.000698
0.000702
0.000708
0.000717
0.000725
0.000725
0.000719
0.000717
0.000726
0.000734
0.000731
0.000717
0.000707
0.000708
0.000713
0.000714
0.000713
0.000718
0.000729
0.000735
0.000732
0.000731
0.000739
0.000754
0.000767
0.000775
0.000780
0.000781
0.000769
0.000743
0.000714
0.000694
0.000686
0.000685
0.000686
0.000690
0.000694
0.000695
0.000689
0.000683
0.000684
0.000693
0.000704
0.000709
0.000710
0.000708
0.000705
0.000701
0.000700
0.000702
0.000706
0.000709
0.000709
0.000710
0.000714
0.000720
0.000724
0.000723
0.000712
0.000692
0.000669
0.000655
0.000656
0.000665
0.000676
0.000685
0.000695
0.000708
0.000718
0.000722
0.000722
0.000720
0.000718
0.000712
0.000704
0.000694
0.000683
0.000670
0.000662
0.000663
0.000672
0.000679
0.000678
0.000674
0.000673
0.000681
0.000691
0.000699
0.000702
0.000699
0.000692
0.000683
0.000679
0.000679
0.000680
0.000677
0.000675
0.000679
0.000690
0.000704
0.000715
0.000723
0.000730
0.000737
0.000741
0.000742
0.000738
0.000731
0.000718
0.000702
0.000689
0.000684
0.000690
0.000701
0.000711
0.000713
0.000710
0.000706
0.000704
0.000701
0.000693
0.000680
0.000669
0.000667
0.000678
0.000694
0.000706
0.000707
0.000701
0.000694
0.000694
0.000702
0.000712
0.000720
0.000723
0.000723
0.000719
0.000711
0.000701
0.000688
0.000675
0.000665
0.000662
0.000665
0.000666
0.000663
0.000657
0.000655
0.000653
0.000650
0.000644
0.000638
0.000635
0.000634
0.000636
0.000645
0.000658
0.000669
0.000676
0.000687
0.000706
0.000728
0.000742
0.000747
0.000744
0.000737
0.000731
0.000730
0.000737
0.000746
0.000747
0.000741
0.000736
0.000740
0.000746
0.000743
0.000729
0.000714
0.000701
0.000687
0.000670
0.000657
0.000655
0.000664
0.000674
0.000676
0.000673
0.000668
0.000663
0.000657
0.000650
0.000647
0.000648
0.000649
0.000646
0.000638
0.000628
0.000620
0.000617
0.000618
0.000621
0.000624
0.000627
0.000631
0.000636
0.000646
0.000664
0.000685
0.000703
0.000711
0.000710
0.000705
0.000697
0.000690
0.000687
0.000693
0.000706
0.000716
0.000715
0.000705
0.000693
0.000685
0.000683
0.000684
0.000687
0.000687
0.000682
0.000675
0.000670
0.000663
0.000651
0.000634
0.000620
0.000620
0.000633
0.000653
0.000668
0.000674
0.000670
0.000660
0.000650
0.000643
0.000640
0.000643
0.000650
0.000659
0.000669
0.000681
0.000694
0.000706
0.000712
0.000710
0.000701
0.000685
0.000664
0.000646
0.000636
0.000632
0.000631
0.000629
0.000630
0.000634
0.000638
0.000638
0.000632
0.000626
0.000626
0.000636
0.000655
0.000675
0.000691
0.000700
0.000701
0.000697
0.000691
0.000683
0.000672
0.000657
0.000642
0.000633
0.000630
0.000627
0.000617
0.000607
0.000607
0.000618
0.000629
0.000631
0.000629
0.000628
0.000633
0.000642
0.000655
0.000670
0.000676
0.000671
0.000663
0.000664
0.000674
0.000680
0.000677
0.000666
0.000655
0.000649
0.000645
0.000643
0.000640
0.000639
0.000641
0.000650
0.000668
0.000691
0.000713
0.000729
0.000735
0.000731
0.000727
0.000730
0.000742
0.000756
0.000769
0.000778
0.000785
0.000786
0.000780
0.000768
0.000756
0.000745
0.000735
0.000724
0.000713
0.000705
0.000702
0.000705
0.000713
0.000723
0.000730
0.000731
0.000727
0.000720
0.000716
0.000718
0.000721
0.000718
0.000708
0.000697
0.000692
0.000694
0.000701
0.000711
0.000722
0.000734
0.000747
0.000761
0.000771
0.000773
0.000765
0.000752
0.000739
0.000730
0.000732
0.000743
0.000754
0.000754
0.000740
0.000721
0.000710
0.000709
0.000716
0.000727
0.000737
0.000744
0.000745
0.000738
0.000727
0.000715
0.000706
0.000706
0.000716
0.000731
0.000742
0.000745
0.000742
0.000735
0.000729
0.000725
0.000721
0.000712
0.000695
0.000674
0.000656
0.000648
0.000650
0.000655
0.000657
0.000657
0.000659
0.000671
0.000692
0.000715
0.000730
0.000739
0.000744
0.000747
0.000746
0.000743
0.000744
0.000750
0.000757
0.000761
0.000765
0.000771
0.000772
0.000758
0.000735
0.000714
0.000704
0.000701
0.000698
0.000694
0.000695
0.000706
0.000725
0.000746
0.000765
0.000781
0.000793
0.000799
0.000802
0.000803
0.000799
0.000792
0.000780
0.000767
0.000752
0.000735
0.000718
0.000706
0.000701
0.000703
0.000703
0.000700
0.000695
0.000692
0.000693
0.000696
0.000699
0.000703
0.000709
0.000716
0.000719
0.000718
0.000715
0.000715
0.000716
0.000718
0.000721
0.000728
0.000737
0.000744
0.000747
0.000749
0.000750
0.000747
0.000736
0.000719
0.000700
0.000685
0.000673
0.000667
0.000667
0.000671
0.000673
0.000670
0.000665
0.000663
0.000665
0.000668
0.000671
0.000675
0.000676
0.000675
0.000669
0.000660
0.000651
0.000650
0.000658
0.000670
0.000678
0.000676
0.000666
0.000652
0.000638
0.000630
0.000633
0.000645
0.000661
0.000672
0.000675
0.000673
0.000671
0.000669
0.000668
0.000668
0.000671
0.000678
0.000690
0.000703
0.000717
0.000726
0.000727
0.000717
0.000700
0.000685
0.000677
0.000674
0.000672
0.000673
0.000683
0.000702
0.000721
0.000732
0.000730
0.000721
0.000712
0.000708
0.000712
0.000722
0.000735
0.000745
0.000748
0.000743
0.000734
0.000721
0.000709
0.000700
0.000695
0.000696
0.000699
0.000704
0.000707
0.000711
0.000719
0.000731
0.000744
0.000749
0.000745
0.000737
0.000728
0.000719
0.000708
0.000695
0.000683
0.000675
0.000676
0.000684
0.000694
0.000698
0.000695
0.000688
0.000682
0.000676
0.000667
0.000655
0.000648
0.000648
0.000657
0.000666
0.000671
0.000674
0.000679
0.000689
0.000701
0.000711
0.000720
0.000729
0.000735
0.000730
0.000716
0.000701
0.000691
0.000689
0.000692
0.000695
0.000699
0.000702
0.000705
0.000710
0.000716
0.000718
0.000717
0.000715
0.000711
0.000703
0.000691
0.000679
0.000676
0.000682
0.000693
0.000705
0.000715
0.000720
0.000718
0.000713
0.000707
0.000703
0.000699
0.000699
0.000705
0.000710
0.000708
0.000705
0.000711
0.000724
0.000731
0.000720
0.000702
0.000690
0.000689
0.000694
0.000702
0.000715
0.000729
0.000736
0.000737
0.000739
0.000742
0.000741
0.000732
0.000721
0.000716
0.000720
0.000729
0.000739
0.000746
0.000747
0.000739
0.000729
0.000725
0.000728
0.000728
0.000719
0.000704
0.000691
0.000685
0.000687
0.000699
0.000716
0.000731
0.000735
0.000725
0.000711
0.000704
0.000703
0.000698
0.000687
0.000673
0.000664
0.000661
0.000656
0.000649
0.000645
0.000649
0.000663
0.000681
0.000698
0.000713
0.000727
0.000738
0.000745
0.000752
0.000760
0.000763
0.000755
0.000734
0.000712
0.000700
0.000698
0.000698
0.000695
0.000693
0.000697
0.000707
0.000716
0.000718
0.000711
0.000703
0.000698
0.000697
0.000698
0.000699
0.000701
0.000706
0.000716
0.000730
0.000745
0.000754
0.000754
0.000750
0.000751
0.000762
0.000775
0.000783
0.000783
0.000778
0.000772
0.000766
0.000758
0.000749
0.000741
0.000736
0.000733
0.000728
0.000721
0.000715
0.000717
0.000726
0.000734
0.000736
0.000732
0.000726
0.000721
0.000713
0.000701
0.000686
0.000673
0.000662
0.000656
0.000655
0.000661
0.000673
0.000686
0.000694
0.000697
0.000696
0.000695
0.000694
0.000693
0.000691
0.000686
0.000679
0.000673
0.000670
0.000668
0.000668
0.000672
0.000684
0.000704
0.000720
0.000722
0.000711
0.000696
0.000688
0.000689
0.000697
0.000710
0.000728
0.000745
0.000753
0.000751
0.000748
0.000748
0.000747
0.000739
0.000726
0.000716
0.000710
0.000707
0.000704
0.000703
0.000703
0.000700
0.000694
0.000687
0.000683
0.000683
0.000684
0.000682
0.000677
0.000670
0.000665
0.000666
0.000670
0.000674
0.000675
0.000676
0.000676
0.000673
0.000669
0.000670
0.000677
0.000688
0.000695
0.000697
0.000696
0.000695
0.000697
0.000700
0.000705
0.000710
0.000714
0.000714
0.000708
0.000695
0.000682
0.000676
0.000680
0.000687
0.000688
0.000682
0.000676
0.000674
0.000674
0.000673
0.000673
0.000678
0.000687
0.000695
0.000699
0.000701
0.000703
0.000704
0.000702
0.000699
0.000699
0.000705
0.000715
0.000726
0.000733
0.000734
0.000727
0.000715
0.000705
0.000702
0.000707
0.000717
0.000724
0.000725
0.000721
0.000715
0.000713
0.000716
0.000723
0.000732
0.000738
0.000741
0.000745
0.000752
0.000762
0.000768
0.000770
0.000768
0.000763
0.000753
0.000740
0.000731
0.000734
0.000747
0.000759
0.000763
0.000759
0.000754
0.000751
0.000750
0.000749
0.000746
0.000743
0.000740
0.000739
0.000741
0.000741
0.000738
0.000731
0.000722
0.000714
0.000708
0.000706
0.000706
0.000707
0.000707
0.000708
0.000714
0.000727
0.000744
0.000759
0.000765
0.000764
0.000761
0.000761
0.000765
0.000771
0.000776
0.000775
0.000766
0.000749
0.000731
0.000718
0.000708
0.000700
0.000690
0.000681
0.000674
0.000671
0.000671
0.000672
0.000671
0.000668
0.000665
0.000667
0.000673
0.000679
0.000683
0.000686
0.000689
0.000687
0.000678
0.000662
0.000642
0.000622
0.000604
0.000595
0.000600
0.000614
0.000628
0.000636
0.000640
0.000648
0.000658
0.000667
0.000675
0.000682
0.000689
0.000691
0.000687
0.000684
0.000687
0.000692
0.000690
0.000680
0.000670
0.000667
0.000673
0.000683
0.000690
0.000689
0.000678
0.000656
0.000635
0.000622
0.000620
0.000624
0.000631
0.000638
0.000648
0.000658
0.000669
0.000680
0.000694
0.000707
0.000717
0.000722
0.000719
0.000710
0.000697
0.000683
0.000669
0.000655
0.000639
0.000623
0.000614
0.000615
0.000629
0.000651
0.000673
0.000689
0.000701
0.000710
0.000715
0.000715
0.000710
0.000702
0.000698
0.000694
0.000690
0.000683
0.000672
0.000660
0.000648
0.000647
0.000662
0.000687
0.000710
0.000726
0.000738
0.000751
0.000759
0.000759
0.000751
0.000739
0.000727
0.000718
0.000715
0.000714
0.000710
0.000700
0.000689
0.000683
0.000685
0.000689
0.000690
0.000691
0.000694
0.000694
0.000689
0.000679
0.000668
0.000658
0.000651
0.000649
0.000653
0.000661
0.000672
0.000684
0.000695
0.000703
0.000704
0.000702
0.000703
0.000711
0.000722
0.000729
0.000729
0.000722
0.000710
0.000696
0.000681
0.000672
0.000668
0.000669
0.000672
0.000679
0.000693
0.000710
0.000722
0.000726
0.000725
0.000723
0.000720
0.000715
0.000711
0.000712
0.000719
0.000727
0.000730
0.000726
0.000719
0.000714
0.000717
0.000727
0.000734
0.000733
0.000727
0.000723
0.000724
0.000722
0.000714
0.000699
0.000686
0.000681
0.000684
0.000691
0.000697
0.000699
0.000698
0.000696
0.000690
0.000681
0.000673
0.000670
0.000674
0.000675
0.000671
0.000665
0.000665
0.000674
0.000689
0.000699
0.000698
0.000686
0.000670
0.000659
0.000657
0.000661
0.000668
0.000673
0.000676
0.000674
0.000671
0.000669
0.000669
0.000669
0.000669
0.000675
0.000686
0.000696
0.000698
0.000695
0.000697
0.000705
0.000712
0.000715
0.000718
0.000723
0.000725
0.000725
0.000726
0.000732
0.000741
0.000747
0.000752
0.000757
0.000765
0.000769
0.000770
0.000772
0.000778
0.000787
0.000790
0.000782
0.000770
0.000759
0.000750
0.000738
0.000724
0.000710
0.000704
0.000706
0.000712
0.000718
0.000721
0.000720
0.000716
0.000714
0.000716
0.000722
0.000727
0.000733
0.000736
0.000733
0.000724
0.000710
0.000698
0.000689
0.000683
0.000681
0.000686
0.000696
0.000703
0.000705
0.000705
0.000707
0.000711
0.000713
0.000714
0.000714
0.000714
0.000716
0.000723
0.000730
0.000731
0.000726
0.000720
0.000718
0.000716
0.000708
0.000699
0.000697
0.000705
0.000717
0.000728
0.000734
0.000737
0.000736
0.000732
0.000725
0.000717
0.000708
0.000699
0.000693
0.000692
0.000698
0.000713
0.000734
0.000751
0.000757
0.000756
0.000752
0.000750
0.000744
0.000735
0.000728
0.000727
0.000732
0.000737
0.000739
0.000735
0.000726
0.000711
0.000693
0.000676
0.000660
0.000647
0.000636
0.000630
0.000630
0.000638
0.000650
0.000666
0.000679
0.000684
0.000682
0.000677
0.000676
0.000683
0.000694
0.000704
0.000711
0.000715
0.000720
0.000725
0.000730
0.000732
0.000730
0.000726
0.000723
0.000722
0.000721
0.000721
0.000725
0.000737
0.000752
0.000762
0.000759
0.000745
0.000729
0.000715
0.000704
0.000698
0.000701
0.000710
0.000719
0.000729
0.000737
0.000741
0.000737
0.000728
0.000724
0.000726
0.000734
0.000746
0.000761
0.000771
0.000765
0.000744
0.000719
0.000702
0.000695
0.000693
0.000693
0.000699
0.000710
0.000720
0.000726
0.000724
0.000713
0.000694
0.000677
0.000671
0.000676
0.000682
0.000684
0.000684
0.000686
0.000688
0.000689
0.000693
0.000701
0.000708
0.000711
0.000712
0.000714
0.000717
0.000720
0.000723
0.000723
0.000717
0.000706
0.000695
0.000688
0.000679
0.000668
0.000662
0.000665
0.000670
0.000666
0.000653
0.000645
0.000652
0.000669
0.000684
0.000690
0.000692
0.000696
0.000707
0.000719
0.000728
0.000733
0.000734
0.000734
0.000730
0.000721
0.000707
0.000696
0.000692
0.000695
0.000700
0.000703
0.000702
0.000699
0.000692
0.000683
0.000676
0.000670
0.000666
0.000662
0.000656
0.000654
0.000659
0.000673
0.000685
0.000685
0.000675
0.000665
0.000663
0.000666
0.000670
0.000674
0.000680
0.000685
0.000686
0.000688
0.000696
0.000707
0.000711
0.000703
0.000688
0.000672
0.000655
0.000642
0.000638
0.000644
0.000652
0.000657
0.000663
0.000676
0.000693
0.000705
0.000707
0.000704
0.000702
0.000700
0.000696
0.000691
0.000687
0.000685
0.000683
0.000683
0.000687
0.000696
0.000707
0.000716
0.000719
0.000718
0.000709
0.000693
0.000671
0.000651
0.000641
0.000642
0.000652
0.000664
0.000674
0.000681
0.000685
0.000692
0.000704
0.000717
0.000724
0.000721
0.000712
0.000704
0.000700
0.000696
0.000691
0.000685
0.000678
0.000667
0.000652
0.000639
0.000635
0.000642
0.000652
0.000658
0.000661
0.000667
0.000679
0.000692
0.000700
0.000700
0.000696
0.000693
0.000688
0.000684
0.000684
0.000691
0.000702
0.000711
0.000717
0.000723
0.000728
0.000727
0.000716
0.000703
0.000694
0.000690
0.000687
0.000684
0.000684
0.000690
0.000700
0.000708
0.000710
0.000709
0.000709
0.000710
0.000709
0.000704
0.000696
0.000691
0.000694
0.000702
0.000710
0.000710
0.000698
0.000680
0.000666
0.000667
0.000682
0.000702
0.000716
0.000724
0.000732
0.000738
0.000735
0.000723
0.000702
0.000680
0.000663
0.000658
0.000669
0.000688
0.000703
0.000706
0.000699
0.000690
0.000681
0.000673
0.000675
0.000691
0.000715
0.000734
0.000741
0.000736
0.000724
0.000714
0.000711
0.000717
0.000723
0.000720
0.000707
0.000692
0.000682
0.000677
0.000675
0.000673
0.000666
0.000653
0.000640
0.000633
0.000637
0.000649
0.000665
0.000683
0.000699
0.000707
0.000703
0.000698
0.000700
0.000711
0.000725
0.000733
0.000733
0.000721
0.000698
0.000674
0.000659
0.000659
0.000668
0.000682
0.000697
0.000713
0.000729
0.000742
0.000752
0.000755
0.000750
0.000742
0.000736
0.000736
0.000739
0.000738
0.000735
0.000732
0.000729
0.000722
0.000712
0.000703
0.000700
0.000704
0.000711
0.000716
0.000720
0.000723
0.000725
0.000721
0.000709
0.000694
0.000684
0.000681
0.000682
0.000681
0.000678
0.000673
0.000665
0.000654
0.000640
0.000629
0.000628
0.000636
0.000650
0.000665
0.000678
0.000689
0.000700
0.000712
0.000723
0.000729
0.000727
0.000720
0.000709
0.000699
0.000692
0.000689
0.000688
0.000685
0.000680
0.000679
0.000685
0.000691
0.000687
0.000674
0.000659
0.000650
0.000651
0.000658
0.000670
0.000685
0.000699
0.000707
0.000712
0.000718
0.000729
0.000740
0.000749
0.000756
0.000762
0.000764
0.000761
0.000754
0.000745
0.000733
0.000720
0.000709
0.000704
0.000708
0.000715
0.000724
0.000734
0.000745
0.000758
0.000773
0.000787
0.000793
0.000786
0.000770
0.000754
0.000743
0.000732
0.000718
0.000703
0.000696
0.000702
0.000719
0.000738
0.000753
0.000759
0.000758
0.000754
0.000750
0.000747
0.000741
0.000732
0.000722
0.000715
0.000713
0.000716
0.000720
0.000722
0.000719
0.000711
0.000706
0.000706
0.000710
0.000713
0.000712
0.000707
0.000704
0.000705
0.000708
0.000710
0.000708
0.000701
0.000684
0.000660
0.000636
0.000621
0.000622
0.000633
0.000646
0.000655
0.000663
0.000674
0.000687
0.000699
0.000705
0.000705
0.000700
0.000693
0.000685
0.000679
0.000677
0.000675
0.000670
0.000661
0.000650
0.000646
0.000651
0.000663
0.000673
0.000677
0.000674
0.000673
0.000678
0.000690
0.000700
0.000704
0.000704
0.000709
0.000719
0.000730
0.000736
0.000734
0.000724
0.000707
0.000683
0.000663
0.000656
0.000662
0.000670
0.000671
0.000665
0.000657
0.000655
0.000657
0.000658
0.000655
0.000645
0.000628
0.000610
0.000597
0.000590
0.000589
0.000590
0.000592
0.000596
0.000607
0.000625
0.000648
0.000669
0.000684
0.000694
0.000703
0.000713
0.000725
0.000734
0.000738
0.000740
0.000740
0.000737
0.000734
0.000731
0.000727
0.000716
0.000697
0.000672
0.000654
0.000655
0.000671
0.000687
0.000689
0.000683
0.000678
0.000683
0.000691
0.000692
0.000686
0.000680
0.000679
0.000687
0.000699
0.000708
0.000711
0.000704
0.000689
0.000669
0.000648
0.000631
0.000623
0.000625
0.000632
0.000635
0.000632
0.000629
0.000631
0.000637
0.000647
0.000665
0.000691
0.000721
0.000745
0.000763
0.000777
0.000787
0.000788
0.000779
0.000765
0.000753
0.000749
0.000751
0.000753
0.000747
0.000729
0.000703
0.000680
0.000668
0.000665
0.000670
0.000677
0.000685
0.000693
0.000697
0.000694
0.000686
0.000675
0.000667
0.000664
0.000662
0.000657
0.000650
0.000645
0.000645
0.000649
0.000656
0.000662
0.000665
0.000667
0.000670
0.000677
0.000685
0.000691
0.000692
0.000690
0.000682
0.000670
0.000660
0.000661
0.000672
0.000680
0.000677
0.000668
0.000662
0.000659
0.000652
0.000640
0.000633
0.000635
0.000643
0.000654
0.000663
0.000668
0.000666
0.000660
0.000657
0.000661
0.000665
0.000667
0.000669
0.000676
0.000683
0.000683
0.000678
0.000674
0.000675
0.000681
0.000688
0.000695
0.000701
0.000705
0.000709
0.000712
0.000714
0.000713
0.000707
0.000701
0.000697
0.000695
0.000691
0.000685
0.000677
0.000671
0.000665
0.000660
0.000654
0.000651
0.000655
0.000667
0.000681
0.000689
0.000692
0.000693
0.000693
0.000690
0.000683
0.000677
0.000673
0.000674
0.000675
0.000673
0.000668
0.000664
0.000664
0.000671
0.000682
0.000688
0.000684
0.000674
0.000668
0.000671
0.000683
0.000697
0.000709
0.000715
0.000715
0.000709
0.000698
0.000688
0.000680
0.000674
0.000670
0.000668
0.000672
0.000677
0.000679
0.000678
0.000675
0.000675
0.000678
0.000683
0.000689
0.000693
0.000692
0.000686
0.000677
0.000668
0.000659
0.000652
0.000652
0.000661
0.000674
0.000685
0.000693
0.000705
0.000716
0.000722
0.000719
0.000714
0.000713
0.000713
0.000710
0.000708
0.000710
0.000713
0.000715
0.000717
0.000722
0.000727
0.000727
0.000727
0.000732
0.000738
0.000736
0.000726
0.000719
0.000722
0.000728
0.000732
0.000734
0.000739
0.000745
0.000744
0.000738
0.000733
0.000736
0.000743
0.000746
0.000739
0.000721
0.000697
0.000675
0.000666
0.000673
0.000692
0.000712
0.000720
0.000709
0.000684
0.000662
0.000653
0.000655
0.000655
0.000648
0.000637
0.000631
0.000631
0.000634
0.000641
0.000654
0.000672
0.000692
0.000709
0.000720
0.000725
0.000727
0.000727
0.000725
0.000723
0.000719
0.000715
0.000709
0.000702
0.000699
0.000699
0.000701
0.000696
0.000684
0.000669
0.000654
0.000641
0.000630
0.000621
0.000616
0.000616
0.000620
0.000627
0.000635
0.000643
0.000653
0.000665
0.000678
0.000687
0.000690
0.000688
0.000684
0.000685
0.000694
0.000711
0.000727
0.000735
0.000738
0.000741
0.000749
0.000757
0.000759
0.000753
0.000745
0.000735
0.000724
0.000712
0.000700
0.000691
0.000688
0.000691
0.000697
0.000701
0.000699
0.000696
0.000696
0.000696
0.000690
0.000680
0.000671
0.000671
0.000676
0.000683
0.000692
0.000700
0.000709
0.000716
0.000723
0.000731
0.000741
0.000752
0.000758
0.000755
0.000744
0.000731
0.000720
0.000712
0.000704
0.000695
0.000692
0.000695
0.000699
0.000700
0.000700
0.000703
0.000708
0.000711
0.000710
0.000710
0.000712
0.000712
0.000704
0.000690
0.000678
0.000675
0.000680
0.000689
0.000696
0.000701
0.000704
0.000704
0.000697
0.000687
0.000684
0.000691
0.000705
0.000716
0.000720
0.000720
0.000723
0.000729
0.000736
0.000741
0.000741
0.000739
0.000735
0.000731
0.000723
0.000709
0.000690
0.000672
0.000658
0.000648
0.000646
0.000656
0.000678
0.000706
0.000728
0.000738
0.000740
0.000741
0.000742
0.000744
0.000746
0.000747
0.000745
0.000740
0.000730
0.000719
0.000711
0.000707
0.000709
0.000712
0.000714
0.000713
0.000713
0.000716
0.000722
0.000723
0.000713
0.000700
0.000690
0.000682
0.000671
0.000660
0.000658
0.000670
0.000691
0.000709
0.000724
0.000737
0.000743
0.000735
0.000715
0.000697
0.000691
0.000694
0.000696
0.000694
0.000689
0.000685
0.000682
0.000678
0.000674
0.000667
0.000654
0.000639
0.000629
0.000629
0.000638
0.000653
0.000674
0.000699
0.000721
0.000731
0.000726
0.000717
0.000713
0.000715
0.000720
0.000725
0.000733
0.000743
0.000751
0.000750
0.000740
0.000726
0.000715
0.000709
0.000706
0.000701
0.000689
0.000676
0.000668
0.000670
0.000678
0.000685
0.000689
0.000690
0.000689
0.000687
0.000687
0.000687
0.000686
0.000681
0.000676
0.000674
0.000674
0.000674
0.000670
0.000663
0.000659
0.000660
0.000669
0.000686
0.000710
0.000738
0.000762
0.000771
0.000763
0.000742
0.000718
0.000696
0.000679
0.000668
0.000668
0.000676
0.000684
0.000682
0.000676
0.000672
0.000676
0.000681
0.000681
0.000678
0.000676
0.000677
0.000679
0.000679
0.000676
0.000668
0.000657
0.000652
0.000657
0.000669
0.000680
0.000682
0.000674
0.000659
0.000641
0.000626
0.000618
0.000620
0.000629
0.000640
0.000647
0.000648
0.000643
0.000635
0.000628
0.000621
0.000616
0.000612
0.000611
0.000612
0.000623
0.000645
0.000675
0.000701
0.000713
0.000711
0.000704
0.000702
0.000705
0.000708
0.000709
0.000711
0.000719
0.000736
0.000756
0.000765
0.000758
0.000739
0.000723
0.000719
0.000723
0.000726
0.000724
0.000717
0.000710
0.000708
0.000709
0.000711
0.000710
0.000712
0.000722
0.000735
0.000741
0.000732
0.000712
0.000692
0.000678
0.000673
0.000676
0.000681
0.000683
0.000677
0.000668
0.000664
0.000669
0.000677
0.000684
0.000686
0.000684
0.000677
0.000671
0.000671
0.000679
0.000688
0.000692
0.000691
0.000687
0.000684
0.000685
0.000688
0.000692
0.000693
0.000690
0.000684
0.000681
0.000683
0.000689
0.000698
0.000705
0.000708
0.000706
0.000703
0.000701
0.000699
0.000695
0.000690
0.000689
0.000691
0.000696
0.000701
0.000707
0.000713
0.000714
0.000710
0.000702
0.000693
0.000687
0.000681
0.000673
0.000664
0.000658
0.000659
0.000667
0.000676
0.000681
0.000678
0.000673
0.000674
0.000682
0.000691
0.000692
0.000688
0.000683
0.000682
0.000682
0.000678
0.000667
0.000658
0.000656
0.000665
0.000677
0.000687
0.000694
0.000700
0.000708
0.000713
0.000712
0.000708
0.000705
0.000705
0.000703
0.000695
0.000682
0.000670
0.000662
0.000658
0.000656
0.000657
0.000663
0.000672
0.000681
0.000683
0.000676
0.000661
0.000647
0.000639
0.000636
0.000636
0.000633
0.000630
0.000632
0.000640
0.000648
0.000648
0.000640
0.000634
0.000636
0.000643
0.000649
0.000653
0.000661
0.000672
0.000678
0.000678
0.000676
0.000675
0.000675
0.000672
0.000666
0.000661
0.000659
0.000660
0.000665
0.000673
0.000682
0.000689
0.000693
0.000697
0.000701
0.000705
0.000709
0.000710
0.000707
0.000699
0.000689
0.000682
0.000678
0.000672
0.000660
0.000644
0.000631
0.000624
0.000623
0.000632
0.000649
0.000670
0.000688
0.000697
0.000700
0.000697
0.000692
0.000685
0.000680
0.000677
0.000675
0.000672
0.000666
0.000656
0.000643
0.000631
0.000622
0.000620
0.000623
0.000632
0.000644
0.000653
0.000657
0.000653
0.000645
0.000636
0.000628
0.000623
0.000622
0.000623
0.000626
0.000629
0.000630
0.000627
0.000613
0.000592
0.000571
0.000561
0.000567
0.000586
0.000610
0.000632
0.000647
0.000650
0.000645
0.000637
0.000628
0.000620
0.000618
0.000628
0.000648
0.000670
0.000688
0.000702
0.000716
0.000724
0.000722
0.000713
0.000705
0.000702
0.000696
0.000686
0.000675
0.000667
0.000665
0.000663
0.000660
0.000656
0.000654
0.000654
0.000654
0.000653
0.000651
0.000648
0.000647
0.000647
0.000647
0.000647
0.000651
0.000662
0.000681
0.000702
0.000717
0.000719
0.000706
0.000686
0.000669
0.000661
0.000655
0.000648
0.000639
0.000627
0.000611
0.000594
0.000588
0.000598
0.000620
0.000635
0.000637
0.000632
0.000629
0.000628
0.000624
0.000614
0.000599
0.000579
0.000556
0.000539
0.000535
0.000546
0.000563
0.000579
0.000589
0.000595
0.000603
0.000613
0.000625
0.000638
0.000652
0.000664
0.000668
0.000661
0.000650
0.000645
0.000649
0.000652
0.000646
0.000632
0.000617
0.000605
0.000599
0.000596
0.000597
0.000597
0.000595
0.000593
0.000590
0.000589
0.000589
0.000595
0.000603
0.000607
0.000602
0.000596
0.000597
0.000602
0.000604
0.000600
0.000597
0.000598
0.000600
0.000602
0.000602
0.000602
0.000603
0.000606
0.000612
0.000618
0.000620
0.000619
0.000618
0.000620
0.000625
0.000630
0.000631
0.000630
0.000627
0.000624
0.000624
0.000627
0.000629
0.000632
0.000636
0.000639
0.000636
0.000627
0.000619
0.000620
0.000625
0.000631
0.000638
0.000648
0.000660
0.000668
0.000669
0.000664
0.000653
0.000638
0.000624
0.000614
0.000606
0.000601
0.000600
0.000603
0.000608
0.000611
0.000613
0.000613
0.000608
0.000599
0.000590
0.000587
0.000590
0.000591
0.000589
0.000587
0.000592
0.000601
0.000610
0.000612
0.000609
0.000601
0.000597
0.000601
0.000612
0.000622
0.000626
0.000624
0.000623
0.000622
0.000621
0.000619
0.000618
0.000617
0.000612
0.000608
0.000606
0.000604
0.000598
0.000589
0.000584
0.000588
0.000599
0.000610
0.000617
0.000623
0.000629
0.000633
0.000631
0.000624
0.000616
0.000609
0.000600
0.000585
0.000564
0.000543
0.000527
0.000519
0.000519
0.000529
0.000549
0.000572
0.000588
0.000590
0.000584
0.000579
0.000582
0.000588
0.000590
0.000584
0.000572
0.000562
0.000558
0.000558
0.000557
0.000554
0.000551
0.000554
0.000562
0.000569
0.000573
0.000579
0.000590
0.000601
0.000604
0.000600
0.000598
0.000601
0.000608
0.000615
0.000621
0.000621
0.000611
0.000591
0.000571
0.000560
0.000560
0.000568
0.000583
0.000602
0.000619
0.000628
0.000629
0.000629
0.000625
0.000616
0.000606
0.000605
0.000614
0.000622
0.000620
0.000610
0.000601
0.000596
0.000596
0.000597
0.000597
0.000594
0.000585
0.000574
0.000568
0.000570
0.000576
0.000582
0.000587
0.000594
0.000603
0.000611
0.000615
0.000618
0.000618
0.000616
0.000609
0.000596
0.000582
0.000570
0.000559
0.000545
0.000529
0.000518
0.000515
0.000520
0.000529
0.000537
0.000538
0.000531
0.000519
0.000510
0.000511
0.000518
0.000528
0.000538
0.000546
0.000550
0.000548
0.000546
0.000546
0.000548
0.000548
0.000546
0.000544
0.000541
0.000537
0.000535
0.000536
0.000542
0.000547
0.000548
0.000545
0.000538
0.000524
0.000506
0.000489
0.000476
0.000463
0.000447
0.000437
0.000440
0.000452
0.000467
0.000478
0.000491
0.000504
0.000515
0.000519
0.000517
0.000513
0.000508
0.000502
0.000495
0.000487
0.000481
0.000483
0.000492
0.000502
0.000507
0.000505
0.000503
0.000504
0.000508
0.000514
0.000523
0.000533
0.000534
0.000525
0.000511
0.000505
0.000510
0.000517
0.000518
0.000512
0.000502
0.000493
0.000484
0.000473
0.000461
0.000452
0.000450
0.000454
0.000459
0.000461
0.000460
0.000460
0.000464
0.000473
0.000482
0.000487
0.000489
0.000489
0.000491
0.000495
0.000498
0.000501
0.000505
0.000511
0.000520
0.000530
0.000543
0.000558
0.000567
0.000565
0.000555
0.000543
0.000536
0.000536
0.000542
0.000550
0.000554
0.000549
0.000537
0.000526
0.000522
0.000522
0.000522
0.000518
0.000510
0.000500
0.000485
0.000468
0.000451
0.000434
0.000420
0.000415
0.000423
0.000441
0.000454
0.000456
0.000451
0.000449
0.000455
0.000464
0.000471
0.000473
0.000473
0.000477
0.000486
0.000496
0.000500
0.000497
0.000492
0.000489
0.000486
0.000481
0.000473
0.000466
0.000460
0.000458
0.000458
0.000462
0.000468
0.000474
0.000477
0.000476
0.000470
0.000462
0.000452
0.000444
0.000440
0.000442
0.000450
0.000455
0.000453
0.000444
0.000436
0.000433
0.000434
0.000438
0.000443
0.000451
0.000462
0.000471
0.000480
0.000486
0.000486
0.000479
0.000469
0.000461
0.000455
0.000450
0.000446
0.000452
0.000468
0.000485
0.000490
0.000481
0.000466
0.000451
0.000437
0.000426
0.000421
0.000422
0.000423
0.000419
0.000410
0.000401
0.000393
0.000388
0.000383
0.000380
0.000379
0.000381
0.000387
0.000395
0.000404
0.000414
0.000425
0.000438
0.000448
0.000451
0.000446
0.000436
0.000423
0.000412
0.000405
0.000405
0.000410
0.000415
0.000418
0.000417
0.000413
0.000410
0.000409
0.000408
0.000407
0.000410
0.000417
0.000427
0.000434
0.000432
0.000422
0.000410
0.000397
0.000383
0.000368
0.000356
0.000350
0.000348
0.000345
0.000343
0.000344
0.000348
0.000351
0.000355
0.000364
0.000380
0.000394
0.000399
0.000394
0.000388
0.000384
0.000383
0.000383
0.000385
0.000387
0.000386
0.000382
0.000379
0.000380
0.000387
0.000396
0.000406
0.000415
0.000419
0.000418
0.000418
0.000420
0.000423
0.000422
0.000419
0.000414
0.000406
0.000392
0.000373
0.000360
0.000361
0.000372
0.000383
0.000385
0.000380
0.000375
0.000372
0.000371
0.000373
0.000381
0.000392
0.000400
0.000399
0.000390
0.000379
0.000371
0.000365
0.000359
0.000348
0.000334
0.000317
0.000305
0.000300
0.000302
0.000306
0.000309
0.000310
0.000311
0.000309
0.000303
0.000295
0.000291
0.000295
0.000300
0.000302
0.000299
0.000297
0.000298
0.000305
0.000316
0.000329
0.000340
0.000342
0.000335
0.000323
0.000313
0.000308
0.000304
0.000300
0.000295
0.000291
0.000293
0.000305
0.000322
0.000334
0.000335
0.000327
0.000316
0.000306
0.000295
0.000285
0.000281
0.000283
0.000286
0.000284
0.000275
0.000263
0.000251
0.000240
0.000233
0.000235
0.000239
0.000239
0.000233
0.000227
0.000228
0.000235
0.000239
0.000239
0.000238
0.000239
0.000245
0.000254
0.000264
0.000270
0.000272
0.000271
0.000271
0.000275
0.000282
0.000288
0.000291
0.000294
0.000298
0.000304
0.000311
0.000318
0.000321
0.000315
0.000302
0.000287
0.000276
0.000271
0.000267
0.000259
0.000252
0.000249
0.000252
0.000260
0.000266
0.000268
0.000268
0.000267
0.000268
0.000270
0.000272
0.000274
0.000274
0.000270
0.000262
0.000251
0.000239
0.000228
0.000217
0.000207
0.000199
0.000192
0.000186
0.000184
0.000186
0.000190
0.000189
0.000182
0.000173
0.000165
0.000162
0.000164
0.000171
0.000179
0.000186
0.000192
0.000198
0.000199
0.000194
0.000185
0.000182
0.000191
0.000208
0.000226
0.000239
0.000244
0.000241
0.000232
0.000225
0.000224
0.000228
0.000230
0.000227
0.000219
0.000209
0.000198
0.000190
0.000185
0.000186
0.000191
0.000198
0.000204
0.000206
0.000203
0.000196
0.000190
0.000188
0.000189
0.000189
0.000186
0.000182
0.000179
0.000179
0.000180
0.000182
0.000181
0.000175
0.000168
0.000163
0.000161
0.000160
0.000160
0.000161
0.000162
0.000165
0.000167
0.000165
0.000159
0.000151
0.000145
0.000142
0.000139
0.000134
0.000127
0.000121
0.000121
0.000130
0.000146
0.000162
0.000170
0.000171
0.000170
0.000171
0.000172
0.000170
0.000164
0.000155
0.000144
0.000134
0.000127
0.000125
0.000127
0.000131
0.000138
0.000145
0.000151
0.000154
0.000151
0.000141
0.000129
0.000120
0.000119
0.000123
0.000124
0.000124
0.000126
0.000134
0.000143
0.000145
0.000141
0.000138
0.000141
0.000147
0.000151
0.000149
0.000142
0.000133
0.000125
0.000121
0.000122
0.000128
0.000134
0.000137
0.000133
0.000126
0.000118
0.000111
0.000107
0.000103
0.000098
0.000091
0.000084
0.000081
0.000084
0.000091
0.000097
0.000099
0.000101
0.000104
0.000105
0.000100
0.000090
0.000081
0.000075
0.000072
0.000072
0.000075
0.000081
0.000085
0.000083
0.000072
0.000055
0.000037
0.000028
0.000030
