-0.000075
-0.000085
-0.000099
-0.000110
-0.000113
-0.000114
-0.000120
-0.000132
-0.000141
-0.000137
-0.000124
-0.000106
-0.000090
-0.000078
-0.000067
-0.000059
-0.000057
-0.000061
-0.000066
-0.000068
-0.000065
-0.000058
-0.000050
-0.000039
-0.000022
-0.000003
0.000013
0.000021
0.000020
0.000017
0.000016
0.000015
0.000014
0.000011
0.000008
0.000007
0.000006
0.000004
0.000000
-0.000005
-0.000016
-0.000031
-0.000043
-0.000045
-0.000038
-0.000030
-0.000023
-0.000013
-0.000000
0.000011
0.000013
0.000012
0.000016
0.000024
0.000032
0.000036
0.000037
0.000040
0.000048
0.000059
0.000072
0.000082
0.000086
0.000084
0.000079
0.000075
0.000072
0.000069
0.000064
0.000057
0.000054
0.000059
0.000069
0.000078
0.000080
0.000081
0.000086
0.000099
0.000113
0.000121
0.000123
0.000121
0.000117
0.000115
0.000114
0.000115
0.000113
0.000107
0.000098
0.000093
0.000096
0.000108
0.000122
0.000135
0.000147
0.000157
0.000163
0.000166
0.000167
0.000163
0.000152
0.000140
0.000135
0.000143
0.000154
0.000157
0.000152
0.000148
0.000153
0.000161
0.000166
0.000168
0.000170
0.000173
0.000173
0.000175
0.000182
0.000192
0.000200
0.000201
0.000198
0.000196
0.000193
0.000189
0.000187
0.000189
0.000193
0.000197
0.000199
0.000201
0.000199
0.000191
0.000173
0.000148
0.000122
0.000105
0.000105
0.000121
0.000146
0.000171
0.000193
0.000211
0.000226
0.000236
0.000241
0.000240
0.000234
0.000228
0.000227
0.000231
0.000238
0.000244
0.000249
0.000252
0.000253
0.000251
0.000249
0.000251
0.000259
0.000273
0.000289
0.000299
0.000298
0.000286
0.000273
0.000266
0.000271
0.000286
0.000307
0.000324
0.000329
0.000321
0.000305
0.000289
0.000276
0.000268
0.000261
0.000254
0.000246
0.000241
0.000244
0.000255
0.000268
0.000280
0.000292
0.000303
0.000310
0.000311
0.000312
0.000320
0.000330
0.000336
0.000337
0.000333
0.000325
0.000314
0.000307
0.000308
0.000314
0.000319
0.000320
0.000323
0.000331
0.000343
0.000356
0.000368
0.000375
0.000373
0.000365
0.000359
0.000360
0.000361
0.000355
0.000343
0.000332
0.000330
0.000335
0.000345
0.000357
0.000366
0.000372
0.000376
0.000382
0.000388
0.000392
0.000394
0.000394
0.000395
0.000402
0.000414
0.000424
0.000427
0.000421
0.000410
0.000403
0.000402
0.000408
0.000420
0.000434
0.000442
0.000439
0.000428
0.000419
0.000416
0.000417
0.000419
0.000423
0.000428
0.000430
0.000427
0.000424
0.000431
0.000450
0.000476
0.000498
0.000512
0.000520
0.000524
0.000522
0.000512
0.000501
0.000495
0.000496
0.000499
0.000498
0.000496
0.000496
0.000495
0.000492
0.000490
0.000496
0.000508
0.000520
0.000528
0.000537
0.000551
0.000567
0.000578
0.000581
0.000579
0.000578
0.000580
0.000588
0.000595
0.000598
0.000593
0.000583
0.000572
0.000568
0.000570
0.000575
0.000575
0.000568
0.000553
0.000536
0.000519
0.000504
0.000497
0.000503
0.000518
0.000533
0.000542
0.000546
0.000549
0.000546
0.000538
0.000525
0.000517
0.000515
0.000517
0.000520
0.000526
0.000535
0.000545
0.000555
0.000564
0.000575
0.000584
0.000586
0.000584
0.000581
0.000575
0.000565
0.000550
0.000537
0.000536
0.000543
0.000545
0.000534
0.000518
0.000511
0.000521
0.000544
0.000570
0.000593
0.000612
0.000627
0.000637
0.000646
0.000656
0.000663
0.000664
0.000661
0.000659
0.000662
0.000669
0.000673
0.000676
0.000677
0.000676
0.000673
0.000666
0.000658
0.000654
0.000652
0.000648
0.000636
0.000618
0.000598
0.000585
0.000580
0.000580
0.000581
0.000586
0.000595
0.000607
0.000619
0.000632
0.000647
0.000662
0.000673
0.000676
0.000676
0.000676
0.000680
0.000685
0.000691
0.000699
0.000709
0.000716
0.000714
0.000704
0.000690
0.000678
0.000671
0.000667
0.000664
0.000662
0.000660
0.000659
0.000661
0.000668
0.000678
0.000694
0.000715
0.000738
0.000758
0.000768
0.000771
0.000767
0.000759
0.000746
0.000733
0.000724
0.000723
0.000725
0.000731
0.000744
0.000762
0.000776
0.000777
0.000765
0.000750
0.000738
0.000727
0.000716
0.000708
0.000708
0.000719
0.000736
0.000755
0.000771
0.000781
0.000790
0.000797
0.000800
0.000798
0.000797
0.000803
0.000813
0.000821
0.000824
0.000829
0.000837
0.000845
0.000852
0.000859
0.000867
0.000870
0.000861
0.000845
0.000831
0.000824
0.000820
0.000815
0.000806
0.000795
0.000784
0.000780
0.000787
0.000799
0.000812
0.000823
0.000833
0.000839
0.000839
0.000835
0.000836
0.000839
0.000840
0.000836
0.000828
0.000818
0.000806
0.000792
0.000779
0.000769
0.000761
0.000755
0.000753
0.000758
0.000763
0.000768
0.000775
0.000792
0.000816
0.000842
0.000863
0.000873
0.000873
0.000864
0.000853
0.000848
0.000848
0.000852
0.000861
0.000875
0.000891
0.000907
0.000922
0.000941
0.000962
0.000982
0.000993
0.000993
0.000981
0.000964
0.000949
0.000941
0.000936
0.000930
0.000922
0.000914
0.000907
0.000902
0.000897
0.000896
0.000896
0.000896
0.000890
0.000877
0.000861
0.000844
0.000833
0.000829
0.000832
0.000836
0.000843
0.000854
0.000869
0.000881
0.000883
0.000876
0.000867
0.000862
0.000866
0.000882
0.000903
0.000920
0.000924
0.000916
0.000903
0.000891
0.000881
0.000874
0.000874
0.000883
0.000899
0.000917
0.000934
0.000949
0.000960
0.000970
0.000979
0.000988
0.000997
0.001006
0.001013
0.001015
0.001011
0.001002
0.000991
0.000979
0.000970
0.000967
0.000968
0.000965
0.000954
0.000939
0.000933
0.000943
0.000962
0.000979
0.000985
0.000984
0.000981
0.000981
0.000982
0.000978
0.000967
0.000955
0.000945
0.000939
0.000933
0.000929
0.000929
0.000934
0.000937
0.000936
0.000934
0.000937
0.000947
0.000960
0.000967
0.000965
0.000956
0.000948
0.000952
0.000964
0.000975
0.000981
0.000983
0.000986
0.000983
0.000968
0.000949
0.000934
0.000924
0.000912
0.000894
0.000877
0.000873
0.000881
0.000898
0.000917
0.000936
0.000951
0.000957
0.000956
0.000951
0.000948
0.000946
0.000942
0.000937
0.000934
0.000938
0.000951
0.000967
0.000981
0.000989
0.000992
0.000997
0.001006
0.001013
0.001014
0.001009
0.001001
0.000994
0.000996
0.001006
0.001022
0.001035
0.001039
0.001035
0.001030
0.001028
0.001027
0.001021
0.001008
0.000991
0.000972
0.000955
0.000943
0.000940
0.000952
0.000971
0.000989
0.000998
0.000999
0.000998
0.001002
0.001008
0.001017
0.001029
0.001044
0.001057
0.001060
0.001052
0.001041
0.001033
0.001034
0.001040
0.001049
0.001056
0.001064
0.001074
0.001087
0.001098
0.001099
0.001088
0.001074
0.001068
0.001069
0.001065
0.001047
0.001017
0.000994
0.000985
0.000988
0.000988
0.000980
0.000969
0.000964
0.000971
0.000986
0.001006
0.001031
0.001058
0.001078
0.001083
0.001075
0.001065
0.001061
0.001059
0.001055
0.001050
0.001053
0.001070
0.001091
0.001104
0.001106
0.001103
0.001100
0.001097
0.001091
0.001080
0.001068
0.001056
0.001049
0.001047
0.001049
0.001051
0.001050
0.001044
0.001029
0.001013
0.001002
0.001002
0.001010
0.001020
0.001029
0.001042
0.001059
0.001075
0.001084
0.001090
0.001098
0.001109
0.001116
0.001115
0.001109
0.001107
0.001107
0.001108
0.001102
0.001087
0.001065
0.001041
0.001022
0.001012
0.001007
0.001002
0.001001
0.001009
0.001021
0.001029
0.001030
0.001031
0.001044
0.001064
0.001081
0.001089
0.001092
0.001095
0.001095
0.001088
0.001077
0.001065
0.001055
0.001048
0.001045
0.001047
0.001051
0.001056
0.001062
0.001064
0.001060
0.001049
0.001039
0.001035
0.001034
0.001023
0.001003
0.000991
0.001001
0.001030
0.001062
0.001084
0.001092
0.001089
0.001079
0.001071
0.001075
0.001094
0.001118
0.001130
0.001125
0.001112
0.001103
0.001106
0.001119
0.001132
0.001135
0.001126
0.001109
0.001092
0.001082
0.001076
0.001073
0.001074
0.001083
0.001097
0.001109
0.001111
0.001106
0.001101
0.001106
0.001122
0.001148
0.001176
0.001199
0.001213
0.001217
0.001213
0.001202
0.001187
0.001168
0.001152
0.001141
0.001137
0.001141
0.001147
0.001154
0.001158
0.001161
0.001165
0.001168
0.001170
0.001170
0.001168
0.001165
0.001163
0.001163
0.001169
0.001179
0.001189
0.001197
0.001203
0.001207
0.001208
0.001205
0.001199
0.001193
0.001184
0.001170
0.001152
0.001138
0.001129
0.001123
0.001117
0.001113
0.001117
0.001126
0.001141
0.001161
0.001185
0.001205
0.001216
0.001214
0.001204
0.001190
0.001176
0.001165
0.001165
0.001175
0.001190
0.001204
0.001210
0.001207
0.001198
0.001185
0.001174
0.001164
0.001156
0.001149
0.001143
0.001139
0.001135
0.001130
0.001127
0.001132
0.001148
0.001167
0.001174
0.001162
0.001137
0.001112
0.001102
0.001110
0.001131
0.001154
0.001172
0.001182
0.001185
0.001185
0.001186
0.001192
0.001207
0.001224
0.001233
0.001224
0.001204
0.001187
0.001180
0.001178
0.001176
0.001177
0.001187
0.001202
0.001212
0.001211
0.001202
0.001193
0.001187
0.001186
0.001186
0.001188
0.001190
0.001194
0.001197
0.001195
0.001186
0.001176
0.001173
0.001176
0.001178
0.001175
0.001173
0.001175
0.001180
0.001182
0.001177
0.001167
0.001158
0.001156
0.001164
0.001178
0.001191
0.001199
0.001204
0.001208
0.001211
0.001211
0.001210
0.001213
0.001218
0.001219
0.001211
0.001199
0.001190
0.001186
0.001183
0.001176
0.001164
0.001154
0.001156
0.001175
0.001205
0.001233
0.001250
0.001257
0.001258
0.001253
0.001242
0.001228
0.001211
0.001192
0.001174
0.001162
0.001156
0.001157
0.001161
0.001172
0.001188
0.001203
0.001210
0.001211
0.001210
0.001205
0.001195
0.001182
0.001175
0.001176
0.001176
0.001167
0.001148
0.001124
0.001101
0.001079
0.001064
0.001061
0.001072
0.001092
0.001114
0.001128
0.001131
0.001127
0.001120
0.001117
0.001113
0.001105
0.001093
0.001086
0.001090
0.001103
0.001117
0.001126
0.001135
0.001146
0.001157
0.001164
0.001165
0.001166
0.001170
0.001181
0.001197
0.001209
0.001210
0.001201
0.001190
0.001186
0.001189
0.001193
0.001194
0.001195
0.001195
0.001192
0.001186
0.001180
0.001177
0.001174
0.001167
0.001159
0.001160
0.001171
0.001186
0.001199
0.001204
0.001200
0.001191
0.001183
0.001184
0.001191
0.001195
0.001195
0.001198
0.001210
0.001225
0.001234
0.001236
0.001238
0.001244
0.001252
0.001256
0.001253
0.001244
0.001231
0.001225
0.001227
0.001232
0.001227
0.001218
0.001217
0.001227
0.001235
0.001230
0.001218
0.001209
0.001204
0.001196
0.001181
0.001163
0.001151
0.001149
0.001153
0.001161
0.001166
0.001164
0.001159
0.001158
0.001159
0.001162
0.001168
0.001182
0.001204
0.001226
0.001239
0.001239
0.001233
0.001226
0.001223
0.001225
0.001229
0.001229
0.001223
0.001218
0.001219
0.001222
0.001220
0.001213
0.001206
0.001208
0.001213
0.001213
0.001202
0.001190
0.001189
0.001203
0.001220
0.001225
0.001209
0.001183
0.001161
0.001148
0.001140
0.001136
0.001136
0.001141
0.001146
0.001147
0.001146
0.001146
0.001149
0.001153
0.001159
0.001169
0.001178
0.001185
0.001191
0.001198
0.001206
0.001215
0.001224
0.001234
0.001243
0.001247
0.001243
0.001230
0.001212
0.001199
0.001195
0.001201
0.001207
0.001205
0.001196
0.001191
0.001197
0.001216
0.001237
0.001253
0.001256
0.001246
0.001230
0.001212
0.001192
0.001172
0.001156
0.001152
0.001159
0.001168
0.001171
0.001167
0.001162
0.001161
0.001165
0.001171
0.001180
0.001193
0.001209
0.001225
0.001234
0.001234
0.001227
0.001219
0.001211
0.001202
0.001189
0.001173
0.001162
0.001160
0.001168
0.001176
0.001177
0.001171
0.001165
0.001166
0.001176
0.001189
0.001202
0.001211
0.001212
0.001203
0.001188
0.001177
0.001176
0.001183
0.001193
0.001202
0.001211
0.001222
0.001233
0.001240
0.001241
0.001237
0.001237
0.001244
0.001257
0.001269
0.001277
0.001276
0.001263
0.001239
0.001211
0.001192
0.001190
0.001205
0.001231
0.001257
0.001274
0.001277
0.001265
0.001249
0.001239
0.001236
0.001236
0.001231
0.001223
0.001214
0.001205
0.001198
0.001192
0.001188
0.001185
0.001185
0.001186
0.001186
0.001185
0.001182
0.001185
0.001194
0.001206
0.001212
0.001209
0.001200
0.001194
0.001196
0.001206
0.001219
0.001231
0.001239
0.001242
0.001238
0.001227
0.001214
0.001202
0.001198
0.001198
0.001197
0.001190
0.001180
0.001177
0.001184
0.001193
0.001190
0.001172
0.001152
0.001145
0.001154
0.001174
0.001197
0.001215
0.001222
0.001213
0.001194
0.001177
0.001172
0.001178
0.001189
0.001200
0.001211
0.001221
0.001227
0.001227
0.001223
0.001221
0.001223
0.001228
0.001228
0.001218
0.001199
0.001181
0.001172
0.001168
0.001164
0.001157
0.001152
0.001152
0.001157
0.001169
0.001183
0.001199
0.001212
0.001223
0.001235
0.001246
0.001252
0.001253
0.001255
0.001263
0.001274
0.001278
0.001270
0.001250
0.001227
0.001210
0.001205
0.001211
0.001221
0.001230
0.001238
0.001248
0.001257
0.001259
0.001255
0.001250
0.001245
0.001239
0.001229
0.001222
0.001226
0.001238
0.001248
0.001246
0.001234
0.001223
0.001224
0.001235
0.001252
0.001271
0.001287
0.001299
0.001304
0.001303
0.001297
0.001289
0.001283
0.001279
0.001275
0.001266
0.001252
0.001237
0.001225
0.001217
0.001214
0.001217
0.001224
0.001229
0.001225
0.001215
0.001208
0.001211
0.001219
0.001221
0.001210
0.001194
0.001185
0.001188
0.001191
0.001184
0.001168
0.001153
0.001144
0.001141
0.001140
0.001139
0.001143
0.001153
0.001168
0.001189
0.001216
0.001243
0.001260
0.001262
0.001253
0.001242
0.001231
0.001217
0.001203
0.001198
0.001209
0.001233
0.001256
0.001269
0.001272
0.001267
0.001257
0.001245
0.001237
0.001237
0.001247
0.001258
0.001265
0.001267
0.001267
0.001271
0.001285
0.001304
0.001321
0.001329
0.001326
0.001319
0.001312
0.001306
0.001295
0.001278
0.001255
0.001232
0.001214
0.001202
0.001195
0.001190
0.001186
0.001183
0.001182
0.001186
0.001193
0.001199
0.001198
0.001188
0.001173
0.001157
0.001145
0.001137
0.001135
0.001139
0.001147
0.001159
0.001171
0.001182
0.001186
0.001181
0.001175
0.001173
0.001178
0.001187
0.001199
0.001214
0.001227
0.001232
0.001228
0.001221
0.001216
0.001211
0.001207
0.001209
0.001219
0.001236
0.001254
0.001269
0.001280
0.001284
0.001279
0.001269
0.001261
0.001260
0.001263
0.001269
0.001277
0.001286
0.001293
0.001296
0.001296
0.001293
0.001289
0.001285
0.001281
0.001276
0.001269
0.001260
0.001247
0.001232
0.001217
0.001211
0.001218
0.001233
0.001245
0.001247
0.001243
0.001243
0.001252
0.001264
0.001267
0.001254
0.001235
0.001224
0.001229
0.001240
0.001243
0.001238
0.001231
0.001225
0.001219
0.001217
0.001223
0.001236
0.001244
0.001238
0.001219
0.001195
0.001176
0.001168
0.001172
0.001179
0.001181
0.001175
0.001160
0.001137
0.001113
0.001098
0.001102
0.001122
0.001145
0.001161
0.001167
0.001166
0.001160
0.001154
0.001160
0.001179
0.001206
0.001233
0.001257
0.001277
0.001290
0.001291
0.001286
0.001280
0.001276
0.001272
0.001266
0.001258
0.001244
0.001227
0.001216
0.001217
0.001225
0.001229
0.001226
0.001221
0.001219
0.001218
0.001217
0.001214
0.001206
0.001194
0.001186
0.001190
0.001205
0.001223
0.001237
0.001247
0.001249
0.001240
0.001219
0.001196
0.001177
0.001165
0.001163
0.001173
0.001194
0.001217
0.001232
0.001239
0.001243
0.001244
0.001235
0.001212
0.001179
0.001150
0.001136
0.001139
0.001146
0.001149
0.001148
0.001148
0.001155
0.001164
0.001174
0.001184
0.001190
0.001187
0.001180
0.001179
0.001188
0.001201
0.001212
0.001218
0.001217
0.001205
0.001184
0.001167
0.001158
0.001150
0.001132
0.001106
0.001088
0.001082
0.001086
0.001096
0.001114
0.001137
0.001156
0.001163
0.001163
0.001166
0.001171
0.001170
0.001164
0.001156
0.001149
0.001141
0.001129
0.001117
0.001113
0.001119
0.001134
0.001156
0.001178
0.001196
0.001208
0.001219
0.001227
0.001232
0.001232
0.001229
0.001224
0.001216
0.001207
0.001198
0.001195
0.001198
0.001204
0.001212
0.001219
0.001229
0.001243
0.001261
0.001279
0.001289
0.001285
0.001273
0.001261
0.001254
0.001249
0.001239
0.001222
0.001204
0.001189
0.001179
0.001174
0.001175
0.001181
0.001190
0.001196
0.001198
0.001198
0.001198
0.001198
0.001200
0.001206
0.001217
0.001230
0.001242
0.001249
0.001249
0.001242
0.001234
0.001231
0.001233
0.001234
0.001229
0.001219
0.001211
0.001215
0.001230
0.001246
0.001252
0.001244
0.001227
0.001207
0.001185
0.001160
0.001141
0.001139
0.001158
0.001187
0.001207
0.001214
0.001212
0.001209
0.001209
0.001211
0.001214
0.001218
0.001220
0.001223
0.001229
0.001238
0.001247
0.001254
0.001263
0.001272
0.001277
0.001271
0.001254
0.001231
0.001207
0.001186
0.001170
0.001157
0.001146
0.001137
0.001134
0.001138
0.001146
0.001147
0.001137
0.001127
0.001125
0.001129
0.001129
0.001120
0.001104
0.001090
0.001081
0.001078
0.001082
0.001095
0.001115
0.001137
0.001151
0.001152
0.001144
0.001132
0.001122
0.001119
0.001125
0.001142
0.001167
0.001190
0.001200
0.001198
0.001192
0.001188
0.001181
0.001170
0.001158
0.001150
0.001146
0.001145
0.001149
0.001159
0.001170
0.001177
0.001179
0.001179
0.001177
0.001167
0.001148
0.001126
0.001110
0.001108
0.001120
0.001141
0.001160
0.001175
0.001188
0.001206
0.001225
0.001238
0.001245
0.001249
0.001251
0.001248
0.001239
0.001233
0.001237
0.001246
0.001253
0.001251
0.001240
0.001226
0.001214
0.001205
0.001197
0.001186
0.001173
0.001160
0.001147
0.001131
0.001116
0.001107
0.001108
0.001114
0.001113
0.001103
0.001094
0.001094
0.001101
0.001110
0.001118
0.001126
0.001133
0.001140
0.001151
0.001166
0.001183
0.001195
0.001200
0.001199
0.001195
0.001193
0.001199
0.001212
0.001225
0.001226
0.001216
0.001199
0.001182
0.001170
0.001165
0.001171
0.001181
0.001188
0.001190
0.001189
0.001188
0.001185
0.001175
0.001160
0.001145
0.001131
0.001124
0.001126
0.001141
0.001163
0.001185
0.001205
0.001220
0.001226
0.001224
0.001220
0.001219
0.001219
0.001212
0.001198
0.001189
0.001194
0.001208
0.001220
0.001225
0.001224
0.001221
0.001215
0.001206
0.001192
0.001173
0.001155
0.001147
0.001152
0.001161
0.001165
0.001165
0.001169
0.001174
0.001174
0.001167
0.001161
0.001161
0.001163
0.001162
0.001162
0.001165
0.001169
0.001169
0.001168
0.001173
0.001179
0.001181
0.001178
0.001175
0.001178
0.001182
0.001184
0.001182
0.001178
0.001174
0.001172
0.001174
0.001184
0.001203
0.001229
0.001252
0.001261
0.001252
0.001230
0.001207
0.001191
0.001182
0.001177
0.001175
0.001178
0.001186
0.001197
0.001203
0.001204
0.001207
0.001219
0.001237
0.001247
0.001244
0.001234
0.001230
0.001235
0.001251
0.001276
0.001306
0.001332
0.001348
0.001352
0.001352
0.001349
0.001341
0.001328
0.001312
0.001300
0.001292
0.001285
0.001276
0.001267
0.001255
0.001242
0.001230
0.001220
0.001211
0.001202
0.001195
0.001192
0.001191
0.001188
0.001180
0.001174
0.001174
0.001178
0.001181
0.001181
0.001179
0.001177
0.001174
0.001169
0.001166
0.001165
0.001161
0.001153
0.001146
0.001147
0.001155
0.001160
0.001159
0.001156
0.001158
0.001164
0.001169
0.001171
0.001178
0.001193
0.001209
0.001218
0.001214
0.001201
0.001190
0.001186
0.001187
0.001186
0.001178
0.001169
0.001163
0.001156
0.001144
0.001126
0.001109
0.001097
0.001092
0.001091
0.001092
0.001090
0.001084
0.001078
0.001084
0.001107
0.001144
0.001179
0.001200
0.001208
0.001214
0.001223
0.001235
0.001244
0.001246
0.001245
0.001245
0.001243
0.001234
0.001219
0.001203
0.001195
0.001196
0.001201
0.001202
0.001195
0.001181
0.001164
0.001154
0.001155
0.001169
0.001193
0.001217
0.001237
0.001253
0.001267
0.001278
0.001284
0.001285
0.001284
0.001285
0.001289
0.001294
0.001294
0.001287
0.001272
0.001255
0.001242
0.001230
0.001216
0.001200
0.001188
0.001183
0.001179
0.001168
0.001154
0.001149
0.001158
0.001176
0.001190
0.001199
0.001204
0.001204
0.001200
0.001187
0.001168
0.001150
0.001139
0.001139
0.001147
0.001153
0.001157
0.001162
0.001170
0.001179
0.001180
0.001175
0.001169
0.001170
0.001177
0.001180
0.001169
0.001147
0.001129
0.001128
0.001143
0.001164
0.001180
0.001189
0.001189
0.001178
0.001158
0.001141
0.001136
0.001144
0.001158
0.001172
0.001184
0.001194
0.001205
0.001215
0.001219
0.001213
0.001203
0.001198
0.001200
0.001201
0.001198
0.001198
0.001206
0.001213
0.001207
0.001190
0.001179
0.001183
0.001196
0.001208
0.001218
0.001228
0.001237
0.001241
0.001244
0.001252
0.001262
0.001266
0.001261
0.001251
0.001241
0.001231
0.001218
0.001204
0.001195
0.001191
0.001195
0.001203
0.001215
0.001225
0.001231
0.001234
0.001236
0.001239
0.001242
0.001239
0.001228
0.001211
0.001195
0.001185
0.001183
0.001186
0.001186
0.001180
0.001174
0.001171
0.001173
0.001176
0.001177
0.001173
0.001166
0.001159
0.001160
0.001172
0.001188
0.001196
0.001196
0.001197
0.001206
0.001217
0.001221
0.001219
0.001220
0.001227
0.001232
0.001230
0.001221
0.001216
0.001218
0.001224
0.001228
0.001227
0.001220
0.001209
0.001197
0.001188
0.001184
0.001182
0.001176
0.001168
0.001166
0.001180
0.001201
0.001210
0.001198
0.001176
0.001161
0.001160
0.001162
0.001163
0.001166
0.001173
0.001176
0.001171
0.001162
0.001158
0.001163
0.001172
0.001182
0.001190
0.001198
0.001206
0.001213
0.001213
0.001202
0.001186
0.001175
0.001180
0.001196
0.001215
0.001228
0.001229
0.001221
0.001210
0.001205
0.001213
0.001230
0.001247
0.001258
0.001259
0.001251
0.001240
0.001234
0.001235
0.001241
0.001244
0.001242
0.001231
0.001212
0.001191
0.001175
0.001169
0.001167
0.001166
0.001166
0.001169
0.001171
0.001171
0.001171
0.001172
0.001171
0.001169
0.001174
0.001183
0.001189
0.001184
0.001181
0.001189
0.001206
0.001215
0.001211
0.001202
0.001196
0.001193
0.001192
0.001196
0.001208
0.001221
0.001227
0.001224
0.001216
0.001209
0.001203
0.001198
0.001193
0.001191
0.001195
0.001203
0.001213
0.001222
0.001235
0.001252
0.001270
0.001278
0.001275
0.001269
0.001265
0.001259
0.001245
0.001229
0.001222
0.001227
0.001234
0.001232
0.001221
0.001210
0.001210
0.001222
0.001241
0.001262
0.001280
0.001295
0.001304
0.001307
0.001307
0.001305
0.001302
0.001293
0.001282
0.001274
0.001273
0.001272
0.001266
0.001259
0.001257
0.001262
0.001269
0.001271
0.001268
0.001264
0.001259
0.001256
0.001254
0.001253
0.001251
0.001251
0.001255
0.001264
0.001272
0.001271
0.001259
0.001242
0.001231
0.001229
0.001234
0.001238
0.001238
0.001231
0.001225
0.001226
0.001234
0.001237
0.001229
0.001215
0.001209
0.001218
0.001234
0.001247
0.001249
0.001242
0.001225
0.001206
0.001195
0.001195
0.001199
0.001199
0.001195
0.001193
0.001194
0.001198
0.001206
0.001221
0.001243
0.001261
0.001272
0.001281
0.001291
0.001301
0.001303
0.001294
0.001274
0.001245
0.001218
0.001199
0.001191
0.001189
0.001191
0.001202
0.001219
0.001233
0.001234
0.001225
0.001214
0.001202
0.001187
0.001170
0.001159
0.001160
0.001166
0.001172
0.001176
0.001181
0.001180
0.001172
0.001161
0.001154
0.001157
0.001166
0.001172
0.001170
0.001163
0.001155
0.001148
0.001144
0.001146
0.001156
0.001178
0.001209
0.001241
0.001264
0.001273
0.001272
0.001270
0.001274
0.001279
0.001276
0.001256
0.001224
0.001190
0.001161
0.001142
0.001136
0.001144
0.001161
0.001176
0.001185
0.001191
0.001199
0.001209
0.001215
0.001215
0.001213
0.001215
0.001220
0.001220
0.001207
0.001186
0.001172
0.001172
0.001185
0.001199
0.001202
0.001194
0.001176
0.001158
0.001151
0.001154
0.001160
0.001162
0.001162
0.001170
0.001190
0.001214
0.001231
0.001234
0.001229
0.001220
0.001212
0.001203
0.001192
0.001180
0.001170
0.001167
0.001171
0.001184
0.001203
0.001221
0.001232
0.001238
0.001243
0.001250
0.001250
0.001234
0.001203
0.001167
0.001137
0.001119
0.001109
0.001102
0.001098
0.001105
0.001129
0.001165
0.001191
0.001193
0.001177
0.001158
0.001147
0.001141
0.001140
0.001153
0.001180
0.001209
0.001227
0.001233
0.001236
0.001247
0.001265
0.001284
0.001298
0.001302
0.001299
0.001292
0.001280
0.001261
0.001235
0.001210
0.001188
0.001172
0.001164
0.001166
0.001171
0.001172
0.001170
0.001171
0.001180
0.001192
0.001204
0.001216
0.001229
0.001239
0.001241
0.001239
0.001239
0.001247
0.001257
0.001265
0.001265
0.001258
0.001250
0.001247
0.001254
0.001262
0.001263
0.001258
0.001256
0.001259
0.001262
0.001262
0.001261
0.001263
0.001264
0.001262
0.001256
0.001244
0.001227
0.001210
0.001199
0.001195
0.001189
0.001175
0.001153
0.001133
0.001124
0.001129
0.001146
0.001172
0.001199
0.001219
0.001221
0.001207
0.001186
0.001171
0.001171
0.001182
0.001197
0.001212
0.001229
0.001249
0.001265
0.001270
0.001263
0.001250
0.001239
0.001233
0.001231
0.001229
0.001224
0.001217
0.001209
0.001202
0.001203
0.001211
0.001223
0.001227
0.001218
0.001200
0.001184
0.001177
0.001177
0.001179
0.001180
0.001182
0.001189
0.001198
0.001203
0.001202
0.001203
0.001214
0.001233
0.001248
0.001254
0.001255
0.001257
0.001257
0.001246
0.001224
0.001201
0.001189
0.001195
0.001217
0.001244
0.001270
0.001292
0.001309
0.001315
0.001303
0.001271
0.001234
0.001212
0.001210
0.001223
0.001238
0.001250
0.001252
0.001242
0.001224
0.001208
0.001200
0.001199
0.001198
0.001193
0.001184
0.001175
0.001169
0.001165
0.001163
0.001161
0.001158
0.001155
0.001153
0.001153
0.001154
0.001159
0.001170
0.001181
0.001186
0.001184
0.001177
0.001174
0.001174
0.001178
0.001184
0.001192
0.001202
0.001210
0.001210
0.001204
0.001196
0.001193
0.001199
0.001215
0.001238
0.001261
0.001278
0.001285
0.001285
0.001287
0.001294
0.001301
0.001300
0.001291
0.001282
0.001277
0.001279
0.001280
0.001272
0.001256
0.001241
0.001234
0.001232
0.001227
0.001212
0.001195
0.001185
0.001185
0.001189
0.001197
0.001207
0.001218
0.001226
0.001232
0.001236
0.001238
0.001233
0.001219
0.001208
0.001210
0.001226
0.001244
0.001253
0.001253
0.001247
0.001237
0.001221
0.001202
0.001185
0.001172
0.001165
0.001167
0.001179
0.001196
0.001206
0.001203
0.001194
0.001193
0.001210
0.001242
0.001279
0.001304
0.001307
0.001293
0.001277
0.001270
0.001275
0.001282
0.001283
0.001277
0.001265
0.001250
0.001235
0.001225
0.001222
0.001225
0.001236
0.001251
0.001264
0.001271
0.001269
0.001263
0.001252
0.001239
0.001231
0.001234
0.001244
0.001249
0.001243
0.001234
0.001227
0.001223
0.001218
0.001218
0.001223
0.001228
0.001229
0.001228
0.001229
0.001229
0.001223
0.001211
0.001203
0.001202
0.001206
0.001211
0.001214
0.001215
0.001215
0.001211
0.001204
0.001198
0.001196
0.001200
0.001204
0.001205
0.001202
0.001201
0.001204
0.001208
0.001214
0.001225
0.001238
0.001247
0.001247
0.001241
0.001235
0.001225
0.001209
0.001192
0.001184
0.001185
0.001189
0.001187
0.001180
0.001175
0.001175
0.001182
0.001192
0.001200
0.001202
0.001200
0.001200
0.001201
0.001196
0.001186
0.001180
0.001184
0.001192
0.001193
0.001186
0.001178
0.001173
0.001171
0.001173
0.001179
0.001183
0.001184
0.001178
0.001168
0.001155
0.001144
0.001138
0.001140
0.001149
0.001162
0.001175
0.001188
0.001197
0.001203
0.001207
0.001210
0.001209
0.001202
0.001193
0.001189
0.001191
0.001192
0.001191
0.001190
0.001192
0.001194
0.001193
0.001185
0.001176
0.001170
0.001173
0.001180
0.001184
0.001182
0.001176
0.001173
0.001175
0.001180
0.001186
0.001197
0.001215
0.001239
0.001261
0.001275
0.001280
0.001279
0.001276
0.001271
0.001266
0.001259
0.001250
0.001238
0.001222
0.001206
0.001195
0.001192
0.001195
0.001197
0.001197
0.001199
0.001205
0.001212
0.001218
0.001222
0.001225
0.001225
0.001224
0.001224
0.001227
0.001231
0.001232
0.001230
0.001227
0.001222
0.001213
0.001198
0.001185
0.001179
0.001176
0.001166
0.001145
0.001124
0.001116
0.001127
0.001148
0.001172
0.001197
0.001228
0.001259
0.001284
0.001300
0.001310
0.001319
0.001322
0.001317
0.001307
0.001298
0.001290
0.001276
0.001254
0.001225
0.001202
0.001192
0.001192
0.001194
0.001193
0.001193
0.001197
0.001203
0.001208
0.001209
0.001211
0.001216
0.001220
0.001218
0.001211
0.001201
0.001194
0.001192
0.001191
0.001187
0.001183
0.001187
0.001206
0.001231
0.001252
0.001263
0.001263
0.001258
0.001249
0.001238
0.001224
0.001208
0.001187
0.001164
0.001144
0.001132
0.001127
0.001131
0.001143
0.001162
0.001185
0.001205
0.001222
0.001234
0.001243
0.001248
0.001247
0.001239
0.001226
0.001209
0.001195
0.001184
0.001179
0.001176
0.001172
0.001163
0.001151
0.001142
0.001143
0.001155
0.001169
0.001179
0.001187
0.001196
0.001202
0.001200
0.001193
0.001191
0.001196
0.001202
0.001200
0.001191
0.001185
0.001187
0.001196
0.001206
0.001216
0.001228
0.001243
0.001256
0.001265
0.001265
0.001255
0.001237
0.001217
0.001205
0.001202
0.001203
0.001200
0.001196
0.001195
0.001199
0.001203
0.001204
0.001208
0.001218
0.001225
0.001221
0.001205
0.001187
0.001174
0.001167
0.001164
0.001166
0.001175
0.001192
0.001213
0.001232
0.001245
0.001248
0.001247
0.001248
0.001253
0.001258
0.001259
0.001255
0.001253
0.001257
0.001264
0.001262
0.001252
0.001242
0.001244
0.001256
0.001266
0.001262
0.001248
0.001232
0.001222
0.001220
0.001224
0.001229
0.001231
0.001233
0.001240
0.001252
0.001263
0.001268
0.001269
0.001268
0.001260
0.001240
0.001215
0.001197
0.001195
0.001207
0.001224
0.001243
0.001268
0.001299
0.001322
0.001321
0.001295
0.001261
0.001239
0.001235
0.001243
0.001250
0.001253
0.001250
0.001244
0.001239
0.001242
0.001249
0.001250
0.001234
0.001209
0.001191
0.001190
0.001201
0.001213
0.001219
0.001217
0.001210
0.001201
0.001192
0.001189
0.001195
0.001211
0.001228
0.001237
0.001236
0.001227
0.001217
0.001198
0.001169
0.001137
0.001119
0.001121
0.001132
0.001142
0.001150
0.001159
0.001167
0.001169
0.001170
0.001178
0.001192
0.001203
0.001204
0.001197
0.001189
0.001189
0.001197
0.001208
0.001210
0.001197
0.001172
0.001145
0.001128
0.001123
0.001130
0.001145
0.001163
0.001173
0.001172
0.001161
0.001148
0.001146
0.001160
0.001188
0.001220
0.001249
0.001271
0.001285
0.001287
0.001275
0.001256
0.001238
0.001226
0.001219
0.001213
0.001210
0.001212
0.001222
0.001238
0.001257
0.001272
0.001279
0.001276
0.001264
0.001249
0.001237
0.001229
0.001225
0.001222
0.001217
0.001215
0.001221
0.001233
0.001247
0.001260
0.001268
0.001276
0.001284
0.001292
0.001297
0.001297
0.001292
0.001286
0.001284
0.001290
0.001299
0.001308
0.001315
0.001320
0.001322
0.001318
0.001308
0.001297
0.001288
0.001286
0.001287
0.001290
0.001294
0.001297
0.001301
0.001306
0.001311
0.001316
0.001320
0.001322
0.001323
0.001323
0.001321
0.001313
0.001296
0.001270
0.001239
0.001211
0.001192
0.001184
0.001180
0.001173
0.001164
0.001160
0.001162
0.001165
0.001168
0.001174
0.001188
0.001210
0.001234
0.001253
0.001264
0.001268
0.001267
0.001264
0.001264
0.001269
0.001275
0.001279
0.001279
0.001273
0.001262
0.001247
0.001233
0.001227
0.001230
0.001233
0.001226
0.001208
0.001179
0.001149
0.001126
0.001114
0.001117
0.001131
0.001147
0.001163
0.001179
0.001196
0.001212
0.001221
0.001218
0.001209
0.001200
0.001192
0.001180
0.001164
0.001149
0.001146
0.001153
0.001163
0.001171
0.001176
0.001184
0.001192
0.001198
0.001201
0.001203
0.001203
0.001201
0.001195
0.001189
0.001187
0.001189
0.001194
0.001200
0.001205
0.001211
0.001218
0.001230
0.001241
0.001244
0.001235
0.001219
0.001207
0.001207
0.001217
0.001228
0.001229
0.001215
0.001188
0.001161
0.001147
0.001148
0.001158
0.001172
0.001186
0.001197
0.001203
0.001208
0.001217
0.001229
0.001236
0.001237
0.001235
0.001238
0.001241
0.001239
0.001238
0.001243
0.001253
0.001260
0.001261
0.001262
0.001270
0.001278
0.001277
0.001263
0.001240
0.001214
0.001191
0.001176
0.001169
0.001166
0.001165
0.001162
0.001154
0.001142
0.001139
0.001152
0.001178
0.001203
0.001219
0.001230
0.001241
0.001250
0.001254
0.001258
0.001268
0.001279
0.001282
0.001274
0.001263
0.001257
0.001257
0.001261
0.001263
0.001261
0.001253
0.001241
0.001226
0.001211
0.001198
0.001192
0.001198
0.001213
0.001233
0.001251
0.001262
0.001263
0.001257
0.001252
0.001251
0.001251
0.001245
0.001231
0.001213
0.001200
0.001195
0.001200
0.001213
0.001226
0.001234
0.001240
0.001245
0.001243
0.001229
0.001205
0.001180
0.001161
0.001150
0.001149
0.001157
0.001171
0.001183
0.001194
0.001210
0.001228
0.001243
0.001245
0.001235
0.001214
0.001189
0.001167
0.001158
0.001163
0.001168
0.001160
0.001141
0.001124
0.001113
0.001108
0.001110
0.001120
0.001132
0.001136
0.001128
0.001119
0.001119
0.001131
0.001147
0.001157
0.001159
0.001156
0.001153
0.001153
0.001158
0.001163
0.001165
0.001164
0.001162
0.001161
0.001160
0.001157
0.001150
0.001145
0.001150
0.001168
0.001199
0.001235
0.001270
0.001298
0.001315
0.001322
0.001318
0.001302
0.001277
0.001249
0.001226
0.001212
0.001201
0.001188
0.001176
0.001167
0.001160
0.001152
0.001149
0.001157
0.001169
0.001175
0.001175
0.001175
0.001178
0.001182
0.001186
0.001194
0.001207
0.001217
0.001217
0.001212
0.001215
0.001231
0.001257
0.001285
0.001308
0.001321
0.001321
0.001309
0.001290
0.001269
0.001250
0.001237
0.001230
0.001230
0.001235
0.001248
0.001267
0.001292
0.001316
0.001336
0.001347
0.001345
0.001333
0.001320
0.001315
0.001316
0.001315
0.001307
0.001295
0.001283
0.001274
0.001269
0.001268
0.001268
0.001268
0.001266
0.001259
0.001244
0.001221
0.001199
0.001188
0.001188
0.001190
0.001190
0.001188
0.001189
0.001188
0.001183
0.001179
0.001179
0.001182
0.001188
0.001197
0.001210
0.001222
0.001229
0.001235
0.001246
0.001256
0.001262
0.001261
0.001261
0.001258
0.001247
0.001230
0.001219
0.001222
0.001232
0.001232
0.001221
0.001211
0.001210
0.001213
0.001214
0.001220
0.001239
0.001267
0.001289
0.001297
0.001293
0.001291
0.001294
0.001295
0.001285
0.001264
0.001243
0.001233
0.001238
0.001251
0.001263
0.001274
0.001283
0.001286
0.001280
0.001266
0.001250
0.001237
0.001232
0.001239
0.001256
0.001276
0.001285
0.001282
0.001272
0.001263
0.001256
0.001249
0.001244
0.001243
0.001242
0.001236
0.001225
0.001219
0.001221
0.001228
0.001237
0.001249
0.001267
0.001283
0.001290
0.001287
0.001278
0.001265
0.001247
0.001229
0.001221
0.001222
0.001223
0.001218
0.001208
0.001205
0.001212
0.001227
0.001243
0.001255
0.001263
0.001263
0.001251
0.001227
0.001201
0.001185
0.001179
0.001177
0.001172
0.001170
0.001179
0.001202
0.001235
0.001273
0.001307
0.001328
0.001332
0.001320
0.001301
0.001278
0.001254
0.001235
0.001226
0.001223
0.001221
0.001218
0.001225
0.001244
0.001262
0.001263
0.001247
0.001229
0.001219
0.001215
0.001207
0.001193
0.001175
0.001159
0.001149
0.001146
0.001147
0.001151
0.001156
0.001168
0.001185
0.001198
0.001201
0.001196
0.001191
0.001188
0.001188
0.001186
0.001185
0.001186
0.001190
0.001197
0.001207
0.001218
0.001226
0.001231
0.001235
0.001241
0.001249
0.001254
0.001254
0.001252
0.001250
0.001246
0.001240
0.001232
0.001231
0.001241
0.001258
0.001274
0.001281
0.001280
0.001271
0.001254
0.001233
0.001213
0.001202
0.001203
0.001212
0.001222
0.001227
0.001229
0.001235
0.001254
0.001277
0.001293
0.001289
0.001272
0.001254
0.001246
0.001250
0.001259
0.001262
0.001252
0.001232
0.001212
0.001196
0.001185
0.001176
0.001170
0.001171
0.001179
0.001189
0.001195
0.001197
0.001196
0.001192
0.001184
0.001176
0.001170
0.001169
0.001165
0.001155
0.001136
0.001117
0.001107
0.001109
0.001119
0.001131
0.001145
0.001166
0.001191
0.001211
0.001216
0.001207
0.001197
0.001196
0.001201
0.001205
0.001208
0.001213
0.001221
0.001228
0.001233
0.001243
0.001261
0.001278
0.001283
0.001274
0.001257
0.001236
0.001214
0.001194
0.001186
0.001186
0.001184
0.001177
0.001170
0.001176
0.001194
0.001215
0.001230
0.001241
0.001249
0.001253
0.001252
0.001244
0.001232
0.001221
0.001217
0.001221
0.001230
0.001239
0.001242
0.001238
0.001229
0.001223
0.001224
0.001231
0.001244
0.001262
0.001287
0.001314
0.001332
0.001331
0.001319
0.001308
0.001307
0.001310
0.001306
0.001295
0.001282
0.001274
0.001272
0.001274
0.001276
0.001275
0.001274
0.001272
0.001272
0.001270
0.001264
0.001251
0.001231
0.001209
0.001190
0.001179
0.001176
0.001180
0.001187
0.001202
0.001225
0.001253
0.001275
0.001284
0.001287
0.001289
0.001292
0.001288
0.001272
0.001249
0.001235
0.001238
0.001249
0.001254
0.001251
0.001246
0.001252
0.001270
0.001289
0.001301
0.001302
0.001295
0.001284
0.001273
0.001265
0.001258
0.001250
0.001244
0.001241
0.001241
0.001237
0.001231
0.001226
0.001227
0.001230
0.001231
0.001230
0.001233
0.001240
0.001247
0.001248
0.001240
0.001229
0.001220
0.001213
0.001207
0.001201
0.001198
0.001198
0.001195
0.001183
0.001163
0.001143
0.001132
0.001130
0.001128
0.001124
0.001117
0.001112
0.001114
0.001126
0.001145
0.001170
0.001198
0.001223
0.001245
0.001260
0.001266
0.001262
0.001249
0.001232
0.001215
0.001203
0.001194
0.001185
0.001180
0.001181
0.001191
0.001203
0.001208
0.001210
0.001216
0.001229
0.001236
0.001226
0.001202
0.001179
0.001165
0.001163
0.001165
0.001169
0.001174
0.001174
0.001166
0.001153
0.001148
0.001157
0.001177
0.001195
0.001206
0.001209
0.001208
0.001204
0.001196
0.001186
0.001177
0.001174
0.001178
0.001187
0.001202
0.001220
0.001240
0.001257
0.001267
0.001267
0.001255
0.001236
0.001217
0.001203
0.001197
0.001195
0.001197
0.001209
0.001232
0.001259
0.001278
0.001283
0.001278
0.001270
0.001259
0.001241
0.001221
0.001205
0.001192
0.001175
0.001153
0.001139
0.001146
0.001170
0.001198
0.001218
0.001231
0.001239
0.001244
0.001244
0.001237
0.001225
0.001215
0.001214
0.001226
0.001242
0.001249
0.001249
0.001253
0.001272
0.001299
0.001323
0.001333
0.001331
0.001320
0.001306
0.001293
0.001284
0.001273
0.001257
0.001241
0.001235
0.001240
0.001247
0.001249
0.001245
0.001237
0.001224
0.001206
0.001187
0.001168
0.001151
0.001135
0.001123
0.001118
0.001121
0.001133
0.001151
0.001169
0.001181
0.001188
0.001196
0.001212
0.001234
0.001260
0.001285
0.001305
0.001317
0.001322
0.001324
0.001328
0.001331
0.001326
0.001314
0.001299
0.001284
0.001266
0.001248
0.001234
0.001225
0.001222
0.001221
0.001221
0.001218
0.001209
0.001195
0.001182
0.001178
0.001183
0.001195
0.001207
0.001213
0.001212
0.001211
0.001218
0.001237
0.001259
0.001274
0.001276
0.001268
0.001252
0.001231
0.001209
0.001189
0.001176
0.001173
0.001181
0.001193
0.001205
0.001213
0.001216
0.001217
0.001220
0.001230
0.001241
0.001248
0.001250
0.001254
0.001265
0.001281
0.001292
0.001295
0.001293
0.001286
0.001274
0.001261
0.001255
0.001257
0.001257
0.001249
0.001233
0.001218
0.001206
0.001194
0.001183
0.001177
0.001180
0.001188
0.001197
0.001206
0.001216
0.001230
0.001247
0.001262
0.001268
0.001266
0.001258
0.001248
0.001238
0.001227
0.001219
0.001214
0.001210
0.001201
0.001188
0.001177
0.001169
0.001163
0.001155
0.001148
0.001146
0.001151
0.001163
0.001179
0.001193
0.001203
0.001207
0.001202
0.001192
0.001179
0.001168
0.001161
0.001157
0.001154
0.001156
0.001167
0.001185
0.001197
0.001197
0.001182
0.001162
0.001143
0.001127
0.001113
0.001101
0.001096
0.001105
0.001127
0.001155
0.001177
0.001186
0.001187
0.001183
0.001176
0.001164
0.001151
0.001139
0.001130
0.001123
0.001115
0.001110
0.001118
0.001140
0.001171
0.001196
0.001210
0.001215
0.001220
0.001229
0.001239
0.001246
0.001255
0.001264
0.001270
0.001265
0.001252
0.001241
0.001238
0.001246
0.001258
0.001268
0.001271
0.001270
0.001266
0.001264
0.001265
0.001262
0.001248
0.001224
0.001201
0.001192
0.001198
0.001210
0.001221
0.001227
0.001229
0.001227
0.001219
0.001209
0.001204
0.001207
0.001213
0.001213
0.001208
0.001202
0.001200
0.001201
0.001199
0.001189
0.001176
0.001168
0.001177
0.001204
0.001243
0.001281
0.001306
0.001310
0.001295
0.001275
0.001262
0.001259
0.001261
0.001259
0.001256
0.001255
0.001257
0.001256
0.001248
0.001233
0.001215
0.001202
0.001201
0.001211
0.001226
0.001240
0.001250
0.001256
0.001258
0.001253
0.001245
0.001238
0.001235
0.001231
0.001225
0.001213
0.001200
0.001188
0.001176
0.001166
0.001157
0.001154
0.001161
0.001179
0.001200
0.001220
0.001237
0.001252
0.001262
0.001266
0.001264
0.001261
0.001259
0.001257
0.001255
0.001253
0.001253
0.001255
0.001260
0.001267
0.001275
0.001281
0.001283
0.001280
0.001271
0.001256
0.001241
0.001233
0.001235
0.001242
0.001245
0.001245
0.001244
0.001243
0.001240
0.001229
0.001210
0.001189
0.001173
0.001169
0.001174
0.001182
0.001185
0.001183
0.001178
0.001169
0.001163
0.001165
0.001177
0.001194
0.001208
0.001219
0.001232
0.001245
0.001253
0.001252
0.001246
0.001238
0.001230
0.001217
0.001202
0.001192
0.001191
0.001198
0.001208
0.001217
0.001229
0.001241
0.001250
0.001246
0.001227
0.001200
0.001176
0.001163
0.001162
0.001170
0.001180
0.001187
0.001188
0.001186
0.001184
0.001185
0.001188
0.001189
0.001187
0.001182
0.001182
0.001186
0.001191
0.001191
0.001184
0.001175
0.001167
0.001166
0.001173
0.001184
0.001195
0.001202
0.001207
0.001213
0.001221
0.001225
0.001221
0.001211
0.001204
0.001204
0.001212
0.001219
0.001221
0.001221
0.001225
0.001232
0.001232
0.001222
0.001211
0.001207
0.001205
0.001196
0.001181
0.001170
0.001170
0.001178
0.001193
0.001212
0.001231
0.001235
0.001217
0.001186
0.001159
0.001144
0.001139
0.001139
0.001143
0.001152
0.001162
0.001172
0.001183
0.001194
0.001200
0.001199
0.001194
0.001194
0.001201
0.001213
0.001222
0.001223
0.001219
0.001214
0.001209
0.001201
0.001189
0.001180
0.001182
0.001196
0.001215
0.001226
0.001228
0.001223
0.001219
0.001223
0.001237
0.001254
0.001271
0.001285
0.001295
0.001298
0.001290
0.001277
0.001266
0.001257
0.001238
0.001207
0.001178
0.001169
0.001181
0.001202
0.001221
0.001237
0.001250
0.001260
0.001262
0.001257
0.001249
0.001241
0.001229
0.001212
0.001191
0.001173
0.001168
0.001172
0.001176
0.001173
0.001167
0.001166
0.001172
0.001179
0.001182
0.001182
0.001176
0.001162
0.001142
0.001128
0.001128
0.001138
0.001145
0.001145
0.001146
0.001155
0.001172
0.001194
0.001214
0.001228
0.001232
0.001226
0.001221
0.001226
0.001243
0.001258
0.001262
0.001254
0.001242
0.001234
0.001230
0.001225
0.001216
0.001203
0.001192
0.001192
0.001209
0.001235
0.001258
0.001273
0.001280
0.001280
0.001271
0.001257
0.001247
0.001249
0.001257
0.001265
0.001271
0.001282
0.001294
0.001297
0.001289
0.001279
0.001277
0.001279
0.001275
0.001266
0.001259
0.001261
0.001272
0.001289
0.001305
0.001317
0.001320
0.001314
0.001303
0.001292
0.001284
0.001280
0.001277
0.001277
0.001282
0.001292
0.001296
0.001288
0.001268
0.001242
0.001217
0.001193
0.001172
0.001158
0.001156
0.001166
0.001181
0.001193
0.001198
0.001197
0.001189
0.001179
0.001169
0.001157
0.001146
0.001139
0.001140
0.001148
0.001158
0.001170
0.001183
0.001193
0.001201
0.001212
0.001229
0.001247
0.001254
0.001249
0.001241
0.001237
0.001232
0.001217
0.001195
0.001176
0.001168
0.001172
0.001180
0.001186
0.001186
0.001177
0.001161
0.001145
0.001139
0.001150
0.001174
0.001198
0.001209
0.001207
0.001201
0.001202
0.001212
0.001227
0.001240
0.001249
0.001255
0.001261
0.001270
0.001277
0.001277
0.001270
0.001269
0.001278
0.001293
0.001303
0.001306
0.001304
0.001298
0.001290
0.001286
0.001287
0.001290
0.001284
0.001272
0.001264
0.001267
0.001278
0.001288
0.001293
0.001295
0.001301
0.001310
0.001322
0.001329
0.001324
0.001305
0.001279
0.001258
0.001246
0.001249
0.001266
0.001292
0.001315
0.001328
0.001331
0.001327
0.001319
0.001310
0.001304
0.001302
0.001302
0.001297
0.001285
0.001269
0.001251
0.001235
0.001223
0.001218
0.001219
0.001219
0.001213
0.001202
0.001192
0.001187
0.001188
0.001195
0.001206
0.001218
0.001231
0.001242
0.001246
0.001234
0.001207
0.001178
0.001160
0.001157
0.001161
0.001167
0.001181
0.001202
0.001224
0.001241
0.001254
0.001264
0.001271
0.001270
0.001264
0.001262
0.001267
0.001274
0.001274
0.001267
0.001261
0.001255
0.001248
0.001243
0.001242
0.001243
0.001236
0.001218
0.001202
0.001196
0.001196
0.001190
0.001176
0.001162
0.001155
0.001155
0.001158
0.001163
0.001167
0.001169
0.001168
0.001169
0.001176
0.001192
0.001217
0.001241
0.001255
0.001255
0.001249
0.001244
0.001236
0.001218
0.001194
0.001175
0.001167
0.001166
0.001163
0.001161
0.001163
0.001164
0.001163
0.001161
0.001167
0.001183
0.001207
0.001236
0.001265
0.001284
0.001285
0.001272
0.001257
0.001244
0.001234
0.001223
0.001216
0.001211
0.001209
0.001209
0.001216
0.001230
0.001246
0.001263
0.001280
0.001294
0.001299
0.001292
0.001280
0.001268
0.001256
0.001245
0.001237
0.001236
0.001240
0.001244
0.001245
0.001244
0.001241
0.001241
0.001239
0.001232
0.001215
0.001197
0.001191
0.001200
0.001213
0.001220
0.001224
0.001235
0.001251
0.001266
0.001271
0.001269
0.001263
0.001251
0.001233
0.001213
0.001196
0.001188
0.001188
0.001192
0.001194
0.001194
0.001199
0.001208
0.001212
0.001201
0.001176
0.001147
0.001121
0.001102
0.001098
0.001110
0.001128
0.001139
0.001142
0.001151
0.001171
0.001191
0.001198
0.001193
0.001187
0.001187
0.001193
0.001202
0.001211
0.001214
0.001211
0.001209
0.001218
0.001237
0.001254
0.001256
0.001242
0.001218
0.001197
0.001189
0.001194
0.001206
0.001221
0.001237
0.001255
0.001267
0.001269
0.001264
0.001257
0.001249
0.001238
0.001225
0.001216
0.001208
0.001201
0.001195
0.001198
0.001209
0.001223
0.001234
0.001246
0.001261
0.001274
0.001276
0.001268
0.001257
0.001248
0.001240
0.001230
0.001218
0.001206
0.001194
0.001181
0.001169
0.001165
0.001168
0.001172
0.001169
0.001161
0.001158
0.001169
0.001194
0.001223
0.001249
0.001264
0.001266
0.001256
0.001241
0.001225
0.001211
0.001200
0.001194
0.001192
0.001194
0.001195
0.001197
0.001201
0.001208
0.001214
0.001217
0.001218
0.001223
0.001233
0.001245
0.001254
0.001254
0.001249
0.001242
0.001235
0.001230
0.001230
0.001239
0.001255
0.001267
0.001264
0.001250
0.001240
0.001240
0.001244
0.001248
0.001253
0.001259
0.001260
0.001251
0.001234
0.001219
0.001213
0.001216
0.001221
0.001223
0.001218
0.001204
0.001191
0.001189
0.001202
0.001227
0.001252
0.001270
0.001274
0.001266
0.001252
0.001239
0.001231
0.001222
0.001206
0.001185
0.001169
0.001168
0.001183
0.001205
0.001226
0.001241
0.001253
0.001262
0.001267
0.001264
0.001258
0.001253
0.001250
0.001244
0.001235
0.001226
0.001218
0.001211
0.001201
0.001193
0.001191
0.001199
0.001213
0.001227
0.001234
0.001233
0.001225
0.001213
0.001200
0.001184
0.001166
0.001147
0.001133
0.001127
0.001129
0.001135
0.001142
0.001148
0.001154
0.001160
0.001165
0.001173
0.001187
0.001207
0.001225
0.001231
0.001225
0.001216
0.001211
0.001210
0.001211
0.001211
0.001208
0.001197
0.001178
0.001159
0.001144
0.001133
0.001123
0.001115
0.001116
0.001128
0.001145
0.001162
0.001172
0.001177
0.001175
0.001169
0.001161
0.001157
0.001162
0.001178
0.001198
0.001218
0.001234
0.001246
0.001258
0.001266
0.001269
0.001266
0.001261
0.001256
0.001255
0.001256
0.001255
0.001248
0.001237
0.001226
0.001224
0.001228
0.001232
0.001231
0.001230
0.001229
0.001227
0.001216
0.001201
0.001191
0.001194
0.001205
0.001213
0.001211
0.001202
0.001196
0.001198
0.001203
0.001204
0.001195
0.001181
0.001167
0.001161
0.001165
0.001173
0.001182
0.001190
0.001198
0.001205
0.001212
0.001216
0.001219
0.001217
0.001210
0.001201
0.001195
0.001199
0.001215
0.001235
0.001251
0.001259
0.001256
0.001248
0.001244
0.001252
0.001264
0.001269
0.001260
0.001243
0.001228
0.001222
0.001223
0.001227
0.001229
0.001229
0.001228
0.001230
0.001238
0.001249
0.001261
0.001273
0.001281
0.001282
0.001274
0.001263
0.001256
0.001258
0.001265
0.001270
0.001268
0.001258
0.001246
0.001239
0.001236
0.001233
0.001224
0.001209
0.001193
0.001185
0.001187
0.001196
0.001203
0.001201
0.001193
0.001189
0.001197
0.001211
0.001219
0.001213
0.001195
0.001175
0.001163
0.001161
0.001167
0.001177
0.001187
0.001198
0.001206
0.001206
0.001197
0.001188
0.001189
0.001197
0.001200
0.001194
0.001188
0.001191
0.001201
0.001209
0.001213
0.001219
0.001229
0.001238
0.001236
0.001221
0.001200
0.001182
0.001175
0.001182
0.001200
0.001221
0.001240
0.001251
0.001254
0.001251
0.001247
0.001247
0.001251
0.001258
0.001266
0.001279
0.001295
0.001308
0.001314
0.001312
0.001303
0.001290
0.001277
0.001266
0.001261
0.001262
0.001266
0.001265
0.001250
0.001224
0.001197
0.001181
0.001178
0.001183
0.001191
0.001205
0.001225
0.001242
0.001251
0.001252
0.001253
0.001255
0.001254
0.001247
0.001237
0.001223
0.001206
0.001186
0.001169
0.001162
0.001165
0.001172
0.001184
0.001200
0.001216
0.001225
0.001226
0.001222
0.001221
0.001223
0.001227
0.001230
0.001232
0.001230
0.001222
0.001211
0.001197
0.001176
0.001147
0.001116
0.001100
0.001109
0.001136
0.001164
0.001185
0.001202
0.001215
0.001220
0.001216
0.001207
0.001199
0.001192
0.001185
0.001182
0.001190
0.001212
0.001244
0.001278
0.001309
0.001332
0.001344
0.001342
0.001330
0.001312
0.001292
0.001272
0.001254
0.001243
0.001241
0.001243
0.001243
0.001234
0.001220
0.001207
0.001204
0.001211
0.001217
0.001213
0.001202
0.001194
0.001196
0.001203
0.001209
0.001212
0.001211
0.001208
0.001203
0.001203
0.001210
0.001221
0.001226
0.001227
0.001231
0.001238
0.001242
0.001239
0.001234
0.001231
0.001229
0.001224
0.001215
0.001202
0.001185
0.001172
0.001172
0.001184
0.001198
0.001201
0.001196
0.001191
0.001192
0.001193
0.001192
0.001191
0.001188
0.001180
0.001170
0.001165
0.001166
0.001171
0.001175
0.001183
0.001195
0.001206
0.001209
0.001203
0.001193
0.001182
0.001179
0.001189
0.001210
0.001233
0.001251
0.001261
0.001265
0.001261
0.001252
0.001241
0.001234
0.001231
0.001227
0.001223
0.001222
0.001220
0.001213
0.001202
0.001189
0.001179
0.001174
0.001172
0.001176
0.001179
0.001177
0.001171
0.001167
0.001171
0.001183
0.001197
0.001208
0.001213
0.001213
0.001211
0.001208
0.001205
0.001202
0.001195
0.001187
0.001179
0.001178
0.001187
0.001203
0.001215
0.001217
0.001214
0.001214
0.001221
0.001231
0.001240
0.001245
0.001242
0.001233
0.001222
0.001217
0.001215
0.001209
0.001195
0.001181
0.001175
0.001176
0.001182
0.001188
0.001192
0.001196
0.001202
0.001212
0.001223
0.001230
0.001228
0.001217
0.001201
0.001187
0.001181
0.001185
0.001195
0.001204
0.001213
0.001221
0.001228
0.001229
0.001225
0.001225
0.001232
0.001244
0.001257
0.001267
0.001270
0.001260
0.001241
0.001222
0.001214
0.001214
0.001214
0.001217
0.001229
0.001248
0.001266
0.001279
0.001286
0.001286
0.001276
0.001259
0.001237
0.001213
0.001187
0.001165
0.001156
0.001161
0.001169
0.001171
0.001163
0.001153
0.001148
0.001152
0.001165
0.001184
0.001204
0.001219
0.001225
0.001222
0.001211
0.001202
0.001200
0.001204
0.001202
0.001190
0.001175
0.001163
0.001153
0.001142
0.001130
0.001121
0.001117
0.001123
0.001137
0.001155
0.001168
0.001170
0.001165
0.001160
0.001158
0.001157
0.001156
0.001155
0.001158
0.001169
0.001188
0.001209
0.001220
0.001218
0.001210
0.001203
0.001197
0.001185
0.001168
0.001151
0.001142
0.001140
0.001144
0.001153
0.001167
0.001181
0.001192
0.001195
0.001189
0.001179
0.001172
0.001171
0.001176
0.001181
0.001184
0.001184
0.001186
0.001192
0.001202
0.001212
0.001215
0.001211
0.001202
0.001192
0.001180
0.001168
0.001159
0.001159
0.001164
0.001169
0.001174
0.001183
0.001196
0.001206
0.001210
0.001216
0.001230
0.001250
0.001269
0.001277
0.001272
0.001254
0.001230
0.001209
0.001197
0.001189
0.001180
0.001171
0.001167
0.001173
0.001185
0.001199
0.001212
0.001222
0.001224
0.001218
0.001208
0.001198
0.001191
0.001188
0.001187
0.001190
0.001195
0.001198
0.001198
0.001191
0.001178
0.001158
0.001138
0.001126
0.001128
0.001142
0.001158
0.001169
0.001175
0.001179
0.001188
0.001205
0.001231
0.001258
0.001275
0.001276
0.001263
0.001247
0.001231
0.001214
0.001197
0.001188
0.001194
0.001206
0.001213
0.001211
0.001209
0.001215
0.001232
0.001252
0.001263
0.001260
0.001248
0.001235
0.001225
0.001217
0.001213
0.001215
0.001222
0.001232
0.001238
0.001241
0.001241
0.001234
0.001221
0.001208
0.001205
0.001208
0.001209
0.001206
0.001204
0.001207
0.001209
0.001206
0.001202
0.001204
0.001217
0.001232
0.001242
0.001246
0.001248
0.001253
0.001262
0.001275
0.001289
0.001301
0.001310
0.001317
0.001320
0.001318
0.001314
0.001309
0.001306
0.001305
0.001307
0.001309
0.001312
0.001319
0.001328
0.001336
0.001342
0.001343
0.001342
0.001341
0.001336
0.001325
0.001303
0.001271
0.001234
0.001205
0.001194
0.001198
0.001205
0.001208
0.001212
0.001218
0.001223
0.001221
0.001217
0.001219
0.001229
0.001237
0.001237
0.001231
0.001225
0.001221
0.001219
0.001222
0.001229
0.001238
0.001243
0.001245
0.001246
0.001246
0.001242
0.001232
0.001215
0.001196
0.001179
0.001169
0.001162
0.001158
0.001159
0.001169
0.001184
0.001194
0.001194
0.001192
0.001197
0.001211
0.001228
0.001242
0.001246
0.001237
0.001215
0.001189
0.001172
0.001171
0.001181
0.001192
0.001200
0.001202
0.001199
0.001192
0.001183
0.001177
0.001177
0.001183
0.001193
0.001203
0.001208
0.001208
0.001208
0.001218
0.001237
0.001259
0.001274
0.001281
0.001283
0.001283
0.001275
0.001260
0.001245
0.001233
0.001226
0.001222
0.001223
0.001228
0.001233
0.001230
0.001225
0.001221
0.001218
0.001209
0.001199
0.001199
0.001213
0.001233
0.001250
0.001265
0.001285
0.001306
0.001316
0.001311
0.001297
0.001286
0.001284
0.001288
0.001296
0.001305
0.001314
0.001321
0.001323
0.001318
0.001308
0.001295
0.001279
0.001260
0.001236
0.001212
0.001198
0.001198
0.001206
0.001216
0.001228
0.001245
0.001267
0.001287
0.001293
0.001285
0.001270
0.001259
0.001257
0.001257
0.001253
0.001240
0.001227
0.001219
0.001217
0.001213
0.001200
0.001184
0.001171
0.001165
0.001161
0.001158
0.001156
0.001159
0.001167
0.001179
0.001193
0.001202
0.001198
0.001186
0.001181
0.001190
0.001206
0.001213
0.001209
0.001202
0.001202
0.001211
0.001228
0.001248
0.001264
0.001269
0.001262
0.001249
0.001240
0.001236
0.001238
0.001245
0.001252
0.001256
0.001253
0.001241
0.001221
0.001199
0.001186
0.001189
0.001210
0.001233
0.001246
0.001246
0.001244
0.001249
0.001258
0.001265
0.001263
0.001250
0.001229
0.001207
0.001192
0.001187
0.001189
0.001196
0.001203
0.001208
0.001212
0.001213
0.001212
0.001209
0.001207
0.001206
0.001203
0.001194
0.001180
0.001169
0.001165
0.001167
0.001172
0.001182
0.001196
0.001209
0.001215
0.001219
0.001227
0.001241
0.001252
0.001257
0.001259
0.001262
0.001264
0.001260
0.001254
0.001247
0.001242
0.001239
0.001238
0.001238
0.001239
0.001240
0.001243
0.001245
0.001245
0.001246
0.001249
0.001250
0.001242
0.001227
0.001217
0.001221
0.001227
0.001225
0.001213
0.001199
0.001184
0.001165
0.001144
0.001133
0.001135
0.001149
0.001165
0.001181
0.001197
0.001209
0.001216
0.001214
0.001207
0.001195
0.001180
0.001165
0.001153
0.001146
0.001146
0.001155
0.001169
0.001185
0.001201
0.001217
0.001235
0.001254
0.001267
0.001268
0.001258
0.001248
0.001246
0.001252
0.001256
0.001252
0.001243
0.001233
0.001225
0.001219
0.001222
0.001236
0.001254
0.001268
0.001281
0.001293
0.001299
0.001290
0.001271
0.001256
0.001248
0.001237
0.001217
0.001196
0.001188
0.001191
0.001194
0.001185
0.001163
0.001135
0.001107
0.001088
0.001086
0.001099
0.001119
0.001134
0.001144
0.001156
0.001178
0.001202
0.001212
0.001203
0.001188
0.001183
0.001191
0.001198
0.001198
0.001197
0.001203
0.001212
0.001218
0.001221
0.001222
0.001220
0.001213
0.001207
0.001210
0.001222
0.001237
0.001246
0.001248
0.001242
0.001237
0.001239
0.001248
0.001255
0.001255
0.001254
0.001253
0.001248
0.001233
0.001211
0.001194
0.001184
0.001182
0.001187
0.001202
0.001223
0.001238
0.001244
0.001245
0.001244
0.001242
0.001240
0.001244
0.001253
0.001257
0.001249
0.001234
0.001225
0.001228
0.001236
0.001239
0.001235
0.001232
0.001241
0.001259
0.001274
0.001280
0.001280
0.001285
0.001294
0.001293
0.001276
0.001251
0.001229
0.001218
0.001218
0.001227
0.001235
0.001234
0.001221
0.001207
0.001203
0.001208
0.001217
0.001226
0.001236
0.001240
0.001234
0.001226
0.001224
0.001231
0.001239
0.001242
0.001244
0.001249
0.001260
0.001278
0.001301
0.001324
0.001339
0.001343
0.001336
0.001320
0.001298
0.001274
0.001254
0.001238
0.001227
0.001219
0.001217
0.001222
0.001230
0.001238
0.001245
0.001248
0.001246
0.001240
0.001238
0.001238
0.001236
0.001228
0.001220
0.001220
0.001226
0.001230
0.001228
0.001224
0.001226
0.001235
0.001248
0.001264
0.001284
0.001305
0.001321
0.001326
0.001321
0.001314
0.001312
0.001315
0.001319
0.001320
0.001322
0.001325
0.001326
0.001319
0.001303
0.001289
0.001285
0.001294
0.001305
0.001307
0.001300
0.001292
0.001290
0.001293
0.001299
0.001306
0.001312
0.001314
0.001309
0.001298
0.001285
0.001276
0.001270
0.001267
0.001261
0.001251
0.001236
0.001221
0.001212
0.001214
0.001222
0.001229
0.001231
0.001229
0.001224
0.001219
0.001212
0.001206
0.001201
0.001202
0.001207
0.001210
0.001208
0.001204
0.001201
0.001200
0.001202
0.001207
0.001212
0.001213
0.001209
0.001206
0.001210
0.001220
0.001226
0.001220
0.001205
0.001192
0.001187
0.001190
0.001198
0.001208
0.001216
0.001217
0.001213
0.001208
0.001204
0.001202
0.001204
0.001216
0.001236
0.001259
0.001277
0.001287
0.001289
0.001284
0.001273
0.001262
0.001255
0.001251
0.001250
0.001254
0.001265
0.001276
0.001277
0.001266
0.001250
0.001236
0.001228
0.001224
0.001225
0.001231
0.001233
0.001227
0.001216
0.001209
0.001208
0.001208
0.001205
0.001202
0.001200
0.001199
0.001200
0.001207
0.001222
0.001241
0.001259
0.001271
0.001273
0.001259
0.001232
0.001203
0.001187
0.001184
0.001188
0.001192
0.001196
0.001197
0.001193
0.001184
0.001178
0.001176
0.001172
0.001161
0.001150
0.001150
0.001163
0.001180
0.001193
0.001196
0.001189
0.001179
0.001178
0.001196
0.001230
0.001264
0.001281
0.001276
0.001258
0.001242
0.001233
0.001231
0.001234
0.001240
0.001248
0.001254
0.001255
0.001252
0.001249
0.001247
0.001241
0.001230
0.001222
0.001222
0.001227
0.001231
0.001231
0.001228
0.001225
0.001221
0.001215
0.001212
0.001212
0.001215
0.001218
0.001220
0.001223
0.001226
0.001226
0.001226
0.001228
0.001235
0.001245
0.001255
0.001263
0.001270
0.001277
0.001281
0.001282
0.001277
0.001265
0.001249
0.001233
0.001223
0.001217
0.001206
0.001187
0.001167
0.001160
0.001167
0.001176
0.001179
0.001181
0.001194
0.001216
0.001235
0.001239
0.001228
0.001216
0.001213
0.001222
0.001235
0.001244
0.001246
0.001245
0.001246
0.001248
0.001250
0.001252
0.001260
0.001275
0.001293
0.001309
0.001318
0.001315
0.001301
0.001284
0.001266
0.001244
0.001217
0.001196
0.001196
0.001217
0.001246
0.001267
0.001280
0.001285
0.001282
0.001269
0.001252
0.001239
0.001235
0.001237
0.001241
0.001243
0.001241
0.001233
0.001223
0.001217
0.001214
0.001215
0.001224
0.001246
0.001273
0.001291
0.001290
0.001277
0.001265
0.001261
0.001265
0.001267
0.001261
0.001247
0.001234
0.001225
0.001221
0.001215
0.001208
0.001205
0.001209
0.001219
0.001230
0.001237
0.001236
0.001230
0.001225
0.001228
0.001238
0.001250
0.001261
0.001272
0.001276
0.001270
0.001255
0.001240
0.001233
0.001230
0.001230
0.001232
0.001241
0.001257
0.001272
0.001281
0.001279
0.001270
0.001256
0.001244
0.001234
0.001221
0.001204
0.001188
0.001182
0.001189
0.001203
0.001220
0.001235
0.001248
0.001256
0.001261
0.001265
0.001273
0.001288
0.001305
0.001313
0.001309
0.001293
0.001275
0.001263
0.001264
0.001277
0.001299
0.001319
0.001327
0.001319
0.001300
0.001279
0.001262
0.001252
0.001247
0.001247
0.001249
0.001249
0.001247
0.001247
0.001250
0.001253
0.001253
0.001255
0.001262
0.001271
0.001277
0.001275
0.001267
0.001258
0.001252
0.001251
0.001257
0.001268
0.001276
0.001271
0.001252
0.001225
0.001204
0.001194
0.001193
0.001193
0.001195
0.001202
0.001215
0.001228
0.001230
0.001224
0.001220
0.001222
0.001228
0.001231
0.001233
0.001239
0.001253
0.001270
0.001286
0.001297
0.001299
0.001291
0.001278
0.001264
0.001253
0.001244
0.001238
0.001237
0.001239
0.001240
0.001240
0.001246
0.001262
0.001281
0.001290
0.001285
0.001274
0.001266
0.001263
0.001261
0.001258
0.001253
0.001248
0.001245
0.001250
0.001266
0.001285
0.001294
0.001290
0.001274
0.001254
0.001234
0.001216
0.001203
0.001194
0.001191
0.001195
0.001204
0.001216
0.001229
0.001246
0.001265
0.001276
0.001270
0.001247
0.001219
0.001203
0.001207
0.001229
0.001258
0.001279
0.001281
0.001266
0.001247
0.001234
0.001224
0.001213
0.001203
0.001199
0.001205
0.001214
0.001222
0.001232
0.001247
0.001260
0.001265
0.001263
0.001261
0.001266
0.001273
0.001274
0.001270
0.001263
0.001258
0.001254
0.001251
0.001250
0.001252
0.001254
0.001255
0.001254
0.001252
0.001251
0.001250
0.001250
0.001248
0.001246
0.001244
0.001242
0.001238
0.001228
0.001213
0.001197
0.001185
0.001178
0.001177
0.001183
0.001194
0.001206
0.001213
0.001214
0.001211
0.001210
0.001211
0.001213
0.001212
0.001208
0.001203
0.001195
0.001182
0.001163
0.001146
0.001141
0.001147
0.001155
0.001159
0.001162
0.001172
0.001191
0.001213
0.001230
0.001235
0.001227
0.001213
0.001198
0.001188
0.001183
0.001185
0.001190
0.001197
0.001200
0.001200
0.001204
0.001217
0.001236
0.001253
0.001264
0.001268
0.001268
0.001268
0.001273
0.001282
0.001289
0.001283
0.001268
0.001258
0.001261
0.001270
0.001269
0.001256
0.001241
0.001237
0.001244
0.001252
0.001252
0.001245
0.001236
0.001227
0.001216
0.001206
0.001200
0.001201
0.001202
0.001200
0.001195
0.001191
0.001190
0.001189
0.001184
0.001175
0.001165
0.001160
0.001163
0.001172
0.001181
0.001182
0.001178
0.001173
0.001169
0.001163
0.001153
0.001146
0.001143
0.001140
0.001136
0.001139
0.001156
0.001185
0.001218
0.001244
0.001259
0.001258
0.001247
0.001240
0.001247
0.001265
0.001281
0.001282
0.001269
0.001244
0.001215
0.001192
0.001182
0.001185
0.001190
0.001186
0.001174
0.001161
0.001151
0.001146
0.001146
0.001149
0.001149
0.001147
0.001144
0.001142
0.001138
0.001130
0.001121
0.001116
0.001117
0.001121
0.001125
0.001126
0.001126
0.001131
0.001145
0.001163
0.001174
0.001170
0.001160
0.001158
0.001169
0.001183
0.001191
0.001193
0.001196
0.001199
0.001197
0.001193
0.001190
0.001193
0.001200
0.001212
0.001226
0.001236
0.001236
0.001221
0.001199
0.001181
0.001170
0.001165
0.001159
0.001148
0.001132
0.001116
0.001104
0.001100
0.001106
0.001120
0.001139
0.001153
0.001158
0.001157
0.001161
0.001175
0.001195
0.001213
0.001226
0.001234
0.001239
0.001242
0.001246
0.001252
0.001258
0.001262
0.001263
0.001264
0.001265
0.001258
0.001244
0.001231
0.001228
0.001231
0.001231
0.001224
0.001219
0.001221
0.001230
0.001240
0.001252
0.001265
0.001283
0.001305
0.001331
0.001356
0.001372
0.001374
0.001362
0.001343
0.001326
0.001316
0.001310
0.001303
0.001292
0.001277
0.001265
0.001259
0.001258
0.001261
0.001267
0.001275
0.001278
0.001273
0.001264
0.001260
0.001268
0.001281
0.001288
0.001279
0.001257
0.001239
0.001236
0.001249
0.001265
0.001279
0.001292
0.001307
0.001318
0.001313
0.001296
0.001276
0.001259
0.001244
0.001227
0.001212
0.001208
0.001219
0.001238
0.001252
0.001251
0.001241
0.001227
0.001211
0.001193
0.001174
0.001162
0.001158
0.001156
0.001150
0.001142
0.001138
0.001139
0.001147
0.001165
0.001191
0.001215
0.001232
0.001241
0.001251
0.001263
0.001271
0.001272
0.001269
0.001264
0.001261
0.001263
0.001271
0.001279
0.001280
0.001273
0.001267
0.001264
0.001258
0.001245
0.001233
0.001227
0.001225
0.001223
0.001222
0.001227
0.001238
0.001247
0.001250
0.001243
0.001227
0.001207
0.001197
0.001204
0.001225
0.001247
0.001262
0.001269
0.001269
0.001261
0.001244
0.001223
0.001203
0.001187
0.001175
0.001165
0.001157
0.001154
0.001163
0.001180
0.001196
0.001204
0.001206
0.001205
0.001202
0.001191
0.001179
0.001173
0.001176
0.001181
0.001187
0.001200
0.001221
0.001244
0.001260
0.001266
0.001266
0.001262
0.001256
0.001249
0.001245
0.001244
0.001240
0.001227
0.001206
0.001187
0.001180
0.001189
0.001208
0.001225
0.001231
0.001226
0.001214
0.001202
0.001193
0.001188
0.001186
0.001184
0.001183
0.001184
0.001187
0.001189
0.001187
0.001184
0.001183
0.001183
0.001180
0.001178
0.001181
0.001187
0.001189
0.001186
0.001181
0.001184
0.001196
0.001216
0.001237
0.001258
0.001275
0.001284
0.001281
0.001266
0.001245
0.001221
0.001196
0.001175
0.001163
0.001165
0.001172
0.001176
0.001174
0.001176
0.001189
0.001206
0.001217
0.001218
0.001214
0.001212
0.001215
0.001223
0.001237
0.001252
0.001263
0.001266
0.001265
0.001263
0.001260
0.001258
0.001257
0.001259
0.001265
0.001271
0.001273
0.001272
0.001269
0.001267
0.001267
0.001267
0.001266
0.001266
0.001269
0.001273
0.001270
0.001258
0.001238
0.001218
0.001203
0.001191
0.001177
0.001162
0.001149
0.001142
0.001143
0.001150
0.001164
0.001182
0.001202
0.001220
0.001237
0.001249
0.001256
0.001258
0.001256
0.001255
0.001254
0.001249
0.001238
0.001225
0.001216
0.001213
0.001214
0.001221
0.001233
0.001246
0.001258
0.001271
0.001289
0.001308
0.001321
0.001323
0.001316
0.001306
0.001292
0.001273
0.001256
0.001248
0.001247
0.001243
0.001233
0.001222
0.001217
0.001219
0.001229
0.001243
0.001259
0.001269
0.001267
0.001257
0.001246
0.001239
0.001237
0.001232
0.001221
0.001208
0.001199
0.001200
0.001207
0.001215
0.001220
0.001218
0.001211
0.001201
0.001192
0.001189
0.001191
0.001193
0.001196
0.001200
0.001208
0.001216
0.001220
0.001218
0.001209
0.001193
0.001170
0.001145
0.001127
0.001123
0.001133
0.001149
0.001166
0.001183
0.001202
0.001222
0.001238
0.001247
0.001246
0.001236
0.001224
0.001218
0.001223
0.001232
0.001241
0.001244
0.001244
0.001243
0.001247
0.001256
0.001267
0.001269
0.001263
0.001256
0.001255
0.001259
0.001261
0.001255
0.001243
0.001226
0.001209
0.001200
0.001207
0.001225
0.001240
0.001243
0.001241
0.001244
0.001252
0.001254
0.001251
0.001247
0.001249
0.001253
0.001256
0.001257
0.001254
0.001243
0.001231
0.001222
0.001218
0.001213
0.001208
0.001208
0.001218
0.001228
0.001227
0.001219
0.001210
0.001208
0.001208
0.001212
0.001221
0.001236
0.001252
0.001261
0.001262
0.001259
0.001253
0.001248
0.001246
0.001244
0.001239
0.001230
0.001221
0.001219
0.001225
0.001237
0.001252
0.001266
0.001276
0.001280
0.001278
0.001275
0.001269
0.001259
0.001246
0.001231
0.001219
0.001210
0.001202
0.001190
0.001179
0.001178
0.001188
0.001201
0.001204
0.001191
0.001167
0.001142
0.001125
0.001120
0.001127
0.001140
0.001149
0.001151
0.001147
0.001144
0.001143
0.001144
0.001145
0.001147
0.001152
0.001162
0.001177
0.001194
0.001210
0.001220
0.001224
0.001226
0.001223
0.001215
0.001206
0.001200
0.001200
0.001198
0.001185
0.001162
0.001137
0.001122
0.001120
0.001127
0.001135
0.001143
0.001150
0.001157
0.001166
0.001181
0.001199
0.001210
0.001207
0.001194
0.001183
0.001183
0.001190
0.001196
0.001191
0.001176
0.001159
0.001151
0.001161
0.001177
0.001185
0.001176
0.001163
0.001164
0.001177
0.001190
0.001194
0.001192
0.001196
0.001210
0.001229
0.001246
0.001259
0.001266
0.001265
0.001258
0.001251
0.001248
0.001241
0.001223
0.001198
0.001177
0.001174
0.001187
0.001209
0.001233
0.001252
0.001262
0.001262
0.001262
0.001270
0.001288
0.001306
0.001318
0.001325
0.001327
0.001318
0.001299
0.001278
0.001263
0.001256
0.001251
0.001246
0.001246
0.001248
0.001247
0.001239
0.001224
0.001209
0.001195
0.001187
0.001189
0.001198
0.001208
0.001212
0.001210
0.001214
0.001228
0.001242
0.001248
0.001239
0.001219
0.001195
0.001174
0.001160
0.001158
0.001163
0.001171
0.001177
0.001181
0.001185
0.001189
0.001192
0.001190
0.001186
0.001182
0.001179
0.001176
0.001173
0.001168
0.001164
0.001164
0.001170
0.001181
0.001194
0.001205
0.001210
0.001212
0.001217
0.001229
0.001247
0.001262
0.001268
0.001267
0.001266
0.001270
0.001275
0.001274
0.001264
0.001250
0.001237
0.001227
0.001217
0.001207
0.001199
0.001191
0.001185
0.001182
0.001180
0.001181
0.001187
0.001201
0.001222
0.001240
0.001251
0.001254
0.001255
0.001253
0.001252
0.001255
0.001262
0.001271
0.001276
0.001274
0.001262
0.001239
0.001208
0.001180
0.001166
0.001165
0.001167
0.001166
0.001166
0.001168
0.001173
0.001178
0.001182
0.001184
0.001179
0.001168
0.001161
0.001163
0.001171
0.001176
0.001176
0.001174
0.001176
0.001185
0.001198
0.001213
0.001228
0.001243
0.001260
0.001274
0.001281
0.001277
0.001268
0.001260
0.001258
0.001264
0.001273
0.001283
0.001287
0.001281
0.001268
0.001258
0.001256
0.001262
0.001266
0.001266
0.001264
0.001263
0.001266
0.001271
0.001273
0.001268
0.001254
0.001235
0.001218
0.001207
0.001202
0.001197
0.001186
0.001169
0.001156
0.001158
0.001172
0.001187
0.001190
0.001185
0.001181
0.001187
0.001202
0.001219
0.001233
0.001241
0.001241
0.001234
0.001227
0.001228
0.001240
0.001259
0.001271
0.001267
0.001249
0.001229
0.001214
0.001203
0.001189
0.001172
0.001160
0.001157
0.001167
0.001186
0.001209
0.001229
0.001242
0.001250
0.001254
0.001252
0.001243
0.001232
0.001225
0.001225
0.001224
0.001221
0.001221
0.001228
0.001240
0.001247
0.001245
0.001236
0.001224
0.001213
0.001206
0.001206
0.001209
0.001210
0.001206
0.001200
0.001195
0.001197
0.001205
0.001215
0.001223
0.001230
0.001240
0.001258
0.001280
0.001300
0.001307
0.001295
0.001265
0.001228
0.001202
0.001197
0.001204
0.001209
0.001205
0.001196
0.001186
0.001171
0.001148
0.001123
0.001107
0.001104
0.001112
0.001125
0.001135
0.001139
0.001142
0.001147
0.001156
0.001162
0.001164
0.001167
0.001173
0.001178
0.001180
0.001184
0.001193
0.001205
0.001214
0.001220
0.001224
0.001225
0.001218
0.001204
0.001191
0.001185
0.001187
0.001195
0.001210
0.001229
0.001245
0.001251
0.001247
0.001242
0.001238
0.001237
0.001239
0.001246
0.001257
0.001268
0.001274
0.001275
0.001273
0.001273
0.001278
0.001289
0.001303
0.001316
0.001321
0.001319
0.001311
0.001304
0.001301
0.001298
0.001290
0.001278
0.001266
0.001259
0.001257
0.001260
0.001268
0.001279
0.001288
0.001292
0.001292
0.001291
0.001292
0.001294
0.001296
0.001298
0.001297
0.001292
0.001286
0.001281
0.001272
0.001255
0.001231
0.001208
0.001194
0.001189
0.001192
0.001195
0.001195
0.001189
0.001179
0.001167
0.001159
0.001153
0.001150
0.001154
0.001169
0.001196
0.001224
0.001241
0.001245
0.001245
0.001250
0.001261
0.001270
0.001278
0.001289
0.001303
0.001315
0.001320
0.001315
0.001306
0.001292
0.001272
0.001253
0.001245
0.001249
0.001263
0.001278
0.001287
0.001286
0.001279
0.001271
0.001270
0.001274
0.001276
0.001275
0.001279
0.001292
0.001303
0.001301
0.001286
0.001270
0.001260
0.001255
0.001245
0.001227
0.001206
0.001188
0.001179
0.001176
0.001179
0.001188
0.001208
0.001234
0.001257
0.001268
0.001273
0.001280
0.001288
0.001294
0.001297
0.001299
0.001303
0.001307
0.001312
0.001321
0.001330
0.001331
0.001318
0.001296
0.001277
0.001265
0.001258
0.001252
0.001246
0.001236
0.001223
0.001213
0.001210
0.001215
0.001221
0.001222
0.001219
0.001218
0.001221
0.001227
0.001227
0.001220
0.001209
0.001204
0.001214
0.001234
0.001254
0.001265
0.001264
0.001259
0.001256
0.001253
0.001242
0.001222
0.001205
0.001201
0.001206
0.001211
0.001208
0.001205
0.001207
0.001213
0.001218
0.001219
0.001214
0.001203
0.001190
0.001179
0.001171
0.001161
0.001147
0.001132
0.001123
0.001120
0.001119
0.001115
0.001111
0.001109
0.001115
0.001134
0.001164
0.001192
0.001207
0.001207
0.001200
0.001192
0.001189
0.001193
0.001206
0.001223
0.001236
0.001243
0.001246
0.001247
0.001246
0.001243
0.001241
0.001245
0.001253
0.001264
0.001274
0.001280
0.001277
0.001264
0.001246
0.001224
0.001203
0.001189
0.001184
0.001185
0.001182
0.001173
0.001166
0.001170
0.001181
0.001186
0.001181
0.001175
0.001180
0.001196
0.001214
0.001227
0.001232
0.001233
0.001232
0.001229
0.001227
0.001230
0.001236
0.001238
0.001234
0.001226
0.001219
0.001214
0.001204
0.001191
0.001184
0.001183
0.001181
0.001166
0.001140
0.001112
0.001090
0.001076
0.001072
0.001078
0.001090
0.001102
0.001114
0.001129
0.001147
0.001160
0.001163
0.001162
0.001164
0.001173
0.001184
0.001192
0.001194
0.001192
0.001187
0.001184
0.001189
0.001207
0.001232
0.001250
0.001253
0.001244
0.001230
0.001219
0.001209
0.001202
0.001204
0.001216
0.001231
0.001241
0.001250
0.001261
0.001273
0.001277
0.001272
0.001266
0.001265
0.001267
0.001266
0.001268
0.001275
0.001283
0.001286
0.001280
0.001271
0.001263
0.001260
0.001261
0.001263
0.001261
0.001254
0.001243
0.001231
0.001222
0.001217
0.001220
0.001232
0.001249
0.001265
0.001268
0.001257
0.001237
0.001220
0.001213
0.001208
0.001198
0.001182
0.001166
0.001155
0.001146
0.001137
0.001130
0.001128
0.001134
0.001146
0.001162
0.001179
0.001192
0.001199
0.001201
0.001199
0.001193
0.001183
0.001178
0.001177
0.001175
0.001164
0.001145
0.001125
0.001110
0.001101
0.001105
0.001127
0.001158
0.001179
0.001176
0.001156
0.001138
0.001132
0.001134
0.001136
0.001139
0.001148
0.001164
0.001184
0.001200
0.001206
0.001203
0.001198
0.001194
0.001194
0.001198
0.001206
0.001217
0.001228
0.001234
0.001234
0.001234
0.001233
0.001232
0.001230
0.001234
0.001240
0.001240
0.001230
0.001216
0.001212
0.001222
0.001239
0.001251
0.001255
0.001251
0.001242
0.001231
0.001226
0.001228
0.001231
0.001228
0.001220
0.001214
0.001218
0.001226
0.001229
0.001226
0.001217
0.001204
0.001185
0.001159
0.001136
0.001118
0.001106
0.001096
0.001091
0.001093
0.001100
0.001106
0.001109
0.001110
0.001116
0.001124
0.001127
0.001123
0.001114
0.001105
0.001097
0.001090
0.001083
0.001078
0.001074
0.001072
0.001074
0.001083
0.001101
0.001121
0.001137
0.001148
0.001155
0.001159
0.001157
0.001154
0.001152
0.001154
0.001158
0.001163
0.001170
0.001178
0.001186
0.001194
0.001204
0.001213
0.001216
0.001212
0.001211
0.001217
0.001230
0.001243
0.001251
0.001259
0.001270
0.001286
0.001300
0.001307
0.001306
0.001302
0.001299
0.001299
0.001300
0.001297
0.001285
0.001261
0.001230
0.001203
0.001190
0.001194
0.001204
0.001216
0.001227
0.001236
0.001236
0.001222
0.001200
0.001185
0.001184
0.001189
0.001191
0.001187
0.001182
0.001176
0.001170
0.001163
0.001160
0.001165
0.001179
0.001198
0.001217
0.001233
0.001245
0.001251
0.001253
0.001257
0.001265
0.001276
0.001281
0.001276
0.001262
0.001245
0.001233
0.001226
0.001222
0.001216
0.001207
0.001198
0.001195
0.001200
0.001206
0.001206
0.001199
0.001196
0.001200
0.001205
0.001205
0.001200
0.001198
0.001200
0.001201
0.001199
0.001196
0.001192
0.001187
0.001181
0.001178
0.001183
0.001195
0.001209
0.001219
0.001223
0.001224
0.001226
0.001234
0.001245
0.001250
0.001245
0.001235
0.001230
0.001234
0.001243
0.001249
0.001250
0.001245
0.001232
0.001215
0.001202
0.001198
0.001201
0.001202
0.001198
0.001191
0.001189
0.001192
0.001201
0.001213
0.001227
0.001240
0.001255
0.001275
0.001295
0.001308
0.001305
0.001291
0.001279
0.001276
0.001278
0.001276
0.001267
0.001258
0.001252
0.001254
0.001264
0.001279
0.001290
0.001292
0.001290
0.001291
0.001298
0.001304
0.001309
0.001313
0.001319
0.001319
0.001303
0.001274
0.001244
0.001223
0.001214
0.001213
0.001213
0.001213
0.001213
0.001213
0.001215
0.001219
0.001226
0.001236
0.001248
0.001260
0.001266
0.001264
0.001258
0.001252
0.001252
0.001253
0.001253
0.001247
0.001240
0.001234
0.001232
0.001231
0.001226
0.001216
0.001203
0.001192
0.001189
0.001192
0.001200
0.001211
0.001222
0.001234
0.001247
0.001263
0.001280
0.001296
0.001303
0.001298
0.001288
0.001282
0.001289
0.001307
0.001325
0.001334
0.001329
0.001314
0.001299
0.001295
0.001301
0.001311
0.001313
0.001306
0.001291
0.001271
0.001249
0.001228
0.001213
0.001204
0.001195
0.001184
0.001174
0.001170
0.001175
0.001187
0.001207
0.001236
0.001268
0.001298
0.001324
0.001343
0.001351
0.001342
0.001320
0.001296
0.001277
0.001263
0.001252
0.001242
0.001234
0.001225
0.001213
0.001207
0.001213
0.001230
0.001247
0.001255
0.001256
0.001258
0.001269
0.001286
0.001305
0.001317
0.001317
0.001305
0.001291
0.001282
0.001283
0.001292
0.001307
0.001321
0.001330
0.001332
0.001327
0.001319
0.001307
0.001293
0.001277
0.001263
0.001251
0.001240
0.001228
0.001219
0.001210
0.001199
0.001178
0.001150
0.001128
0.001123
0.001134
0.001150
0.001166
0.001180
0.001192
0.001198
0.001197
0.001193
0.001193
0.001195
0.001198
0.001203
0.001213
0.001224
0.001231
0.001233
0.001236
0.001243
0.001250
0.001250
0.001243
0.001237
0.001236
0.001237
0.001234
0.001230
0.001229
0.001233
0.001239
0.001242
0.001242
0.001245
0.001256
0.001272
0.001286
0.001293
0.001293
0.001289
0.001284
0.001275
0.001264
0.001252
0.001238
0.001225
0.001214
0.001209
0.001213
0.001227
0.001249
0.001273
0.001289
0.001289
0.001275
0.001257
0.001242
0.001234
0.001231
0.001228
0.001225
0.001223
0.001226
0.001231
0.001234
0.001233
0.001232
0.001236
0.001243
0.001246
0.001239
0.001225
0.001215
0.001215
0.001226
0.001242
0.001254
0.001259
0.001253
0.001239
0.001222
0.001211
0.001211
0.001227
0.001249
0.001266
0.001273
0.001273
0.001274
0.001284
0.001301
0.001321
0.001336
0.001340
0.001330
0.001308
0.001279
0.001247
0.001217
0.001195
0.001184
0.001186
0.001199
0.001216
0.001230
0.001238
0.001240
0.001238
0.001236
0.001235
0.001238
0.001247
0.001262
0.001277
0.001283
0.001277
0.001269
0.001266
0.001269
0.001272
0.001272
0.001270
0.001268
0.001265
0.001254
0.001237
0.001221
0.001210
0.001203
0.001192
0.001179
0.001171
0.001173
0.001183
0.001194
0.001200
0.001203
0.001204
0.001204
0.001203
0.001202
0.001204
0.001205
0.001203
0.001202
0.001206
0.001217
0.001229
0.001237
0.001241
0.001247
0.001257
0.001270
0.001286
0.001302
0.001314
0.001314
0.001299
0.001271
0.001239
0.001211
0.001190
0.001175
0.001168
0.001168
0.001174
0.001183
0.001192
0.001195
0.001195
0.001194
0.001195
0.001198
0.001200
0.001200
0.001203
0.001209
0.001219
0.001232
0.001251
0.001277
0.001300
0.001313
0.001313
0.001306
0.001299
0.001290
0.001280
0.001274
0.001271
0.001267
0.001253
0.001229
0.001204
0.001186
0.001173
0.001163
0.001161
0.001172
0.001194
0.001213
0.001222
0.001223
0.001223
0.001223
0.001221
0.001218
0.001215
0.001220
0.001235
0.001255
0.001274
0.001284
0.001281
0.001265
0.001243
0.001225
0.001219
0.001229
0.001245
0.001255
0.001256
0.001257
0.001263
0.001267
0.001262
0.001244
0.001223
0.001204
0.001188
0.001174
0.001161
0.001153
0.001149
0.001150
0.001157
0.001173
0.001194
0.001211
0.001222
0.001231
0.001243
0.001256
0.001264
0.001266
0.001265
0.001266
0.001269
0.001274
0.001274
0.001264
0.001243
0.001217
0.001198
0.001192
0.001200
0.001216
0.001234
0.001249
0.001257
0.001256
0.001245
0.001231
0.001221
0.001215
0.001209
0.001199
0.001189
0.001189
0.001205
0.001230
0.001248
0.001253
0.001254
0.001262
0.001277
0.001286
0.001279
0.001266
0.001260
0.001263
0.001264
0.001256
0.001246
0.001247
0.001254
0.001257
0.001249
0.001236
0.001225
0.001218
0.001213
0.001213
0.001224
0.001247
0.001270
0.001284
0.001289
0.001290
0.001285
0.001273
0.001256
0.001244
0.001242
0.001248
0.001256
0.001263
0.001276
0.001293
0.001310
0.001319
0.001317
0.001312
0.001309
0.001309
0.001311
0.001311
0.001308
0.001301
0.001294
0.001290
0.001292
0.001297
0.001301
0.001302
0.001302
0.001302
0.001295
0.001278
0.001258
0.001247
0.001251
0.001262
0.001267
0.001266
0.001265
0.001264
0.001260
0.001248
0.001232
0.001220
0.001214
0.001210
0.001203
0.001191
0.001178
0.001173
0.001179
0.001193
0.001207
0.001215
0.001223
0.001233
0.001239
0.001237
0.001227
0.001223
0.001229
0.001240
0.001251
0.001259
0.001266
0.001267
0.001258
0.001247
0.001243
0.001245
0.001244
0.001235
0.001228
0.001229
0.001235
0.001233
0.001225
0.001218
0.001215
0.001209
0.001201
0.001202
0.001227
0.001270
0.001307
0.001319
0.001304
0.001275
0.001246
0.001228
0.001221
0.001223
0.001227
0.001229
0.001232
0.001242
0.001258
0.001273
0.001278
0.001272
0.001261
0.001250
0.001243
0.001240
0.001241
0.001244
0.001243
0.001236
0.001224
0.001218
0.001225
0.001241
0.001254
0.001257
0.001255
0.001255
0.001261
0.001268
0.001272
0.001274
0.001271
0.001262
0.001250
0.001237
0.001232
0.001237
0.001253
0.001274
0.001291
0.001293
0.001279
0.001259
0.001246
0.001245
0.001253
0.001260
0.001264
0.001264
0.001259
0.001249
0.001234
0.001220
0.001212
0.001214
0.001225
0.001244
0.001266
0.001283
0.001290
0.001285
0.001274
0.001264
0.001261
0.001266
0.001279
0.001295
0.001308
0.001313
0.001310
0.001302
0.001293
0.001293
0.001309
0.001338
0.001365
0.001376
0.001368
0.001350
0.001329
0.001311
0.001298
0.001291
0.001286
0.001277
0.001263
0.001254
0.001258
0.001277
0.001307
0.001342
0.001371
0.001385
0.001381
0.001366
0.001348
0.001329
0.001309
0.001287
0.001266
0.001243
0.001216
0.001191
0.001177
0.001178
0.001191
0.001210
0.001231
0.001254
0.001277
0.001296
0.001307
0.001312
0.001316
0.001320
0.001318
0.001301
0.001274
0.001247
0.001232
0.001229
0.001232
0.001238
0.001245
0.001249
0.001244
0.001235
0.001229
0.001229
0.001234
0.001239
0.001243
0.001241
0.001227
0.001202
0.001179
0.001169
0.001171
0.001178
0.001185
0.001197
0.001218
0.001245
0.001275
0.001303
0.001322
0.001326
0.001313
0.001292
0.001277
0.001273
0.001276
0.001273
0.001263
0.001252
0.001250
0.001259
0.001265
0.001259
0.001240
0.001218
0.001204
0.001200
0.001201
0.001202
0.001203
0.001210
0.001222
0.001235
0.001241
0.001240
0.001236
0.001236
0.001240
0.001242
0.001241
0.001236
0.001231
0.001226
0.001223
0.001222
0.001222
0.001224
0.001224
0.001219
0.001207
0.001190
0.001172
0.001161
0.001159
0.001167
0.001182
0.001199
0.001213
0.001221
0.001226
0.001229
0.001225
0.001211
0.001195
0.001188
0.001192
0.001199
0.001201
0.001196
0.001189
0.001184
0.001187
0.001197
0.001210
0.001220
0.001220
0.001214
0.001205
0.001201
0.001205
0.001213
0.001222
0.001229
0.001235
0.001241
0.001242
0.001238
0.001233
0.001237
0.001252
0.001266
0.001270
0.001265
0.001258
0.001252
0.001247
0.001244
0.001243
0.001241
0.001233
0.001224
0.001221
0.001227
0.001232
0.001229
0.001222
0.001222
0.001231
0.001239
0.001238
0.001232
0.001230
0.001234
0.001236
0.001231
0.001228
0.001238
0.001258
0.001273
0.001271
0.001259
0.001251
0.001252
0.001257
0.001258
0.001254
0.001251
0.001250
0.001251
0.001253
0.001251
0.001241
0.001223
0.001206
0.001203
0.001216
0.001236
0.001250
0.001248
0.001232
0.001213
0.001204
0.001211
0.001233
0.001258
0.001275
0.001279
0.001273
0.001265
0.001262
0.001262
0.001261
0.001256
0.001250
0.001249
0.001250
0.001248
0.001240
0.001232
0.001232
0.001239
0.001248
0.001254
0.001258
0.001257
0.001250
0.001240
0.001230
0.001224
0.001218
0.001212
0.001206
0.001202
0.001199
0.001196
0.001195
0.001196
0.001197
0.001198
0.001201
0.001208
0.001220
0.001237
0.001256
0.001273
0.001280
0.001278
0.001270
0.001263
0.001259
0.001257
0.001259
0.001264
0.001266
0.001258
0.001244
0.001231
0.001224
0.001218
0.001209
0.001195
0.001179
0.001161
0.001144
0.001133
0.001130
0.001133
0.001141
0.001155
0.001172
0.001187
0.001192
0.001191
0.001193
0.001202
0.001211
0.001210
0.001204
0.001199
0.001199
0.001199
0.001196
0.001194
0.001201
0.001220
0.001242
0.001261
0.001276
0.001289
0.001300
0.001307
0.001313
0.001324
0.001342
0.001360
0.001366
0.001359
0.001340
0.001316
0.001290
0.001267
0.001253
0.001250
0.001253
0.001258
0.001263
0.001265
0.001260
0.001246
0.001229
0.001215
0.001210
0.001217
0.001229
0.001236
0.001232
0.001222
0.001216
0.001220
0.001231
0.001240
0.001246
0.001249
0.001252
0.001256
0.001262
0.001268
0.001270
0.001268
0.001269
0.001278
0.001292
0.001303
0.001308
0.001307
0.001304
0.001296
0.001283
0.001273
0.001271
0.001274
0.001272
0.001257
0.001238
0.001224
0.001219
0.001220
0.001221
0.001223
0.001228
0.001238
0.001252
0.001267
0.001280
0.001282
0.001270
0.001247
0.001226
0.001218
0.001224
0.001238
0.001254
0.001270
0.001284
0.001299
0.001313
0.001319
0.001315
0.001305
0.001297
0.001296
0.001296
0.001287
0.001262
0.001230
0.001204
0.001189
0.001187
0.001193
0.001206
0.001228
0.001257
0.001286
0.001309
0.001324
0.001333
0.001336
0.001332
0.001321
0.001309
0.001301
0.001300
0.001304
0.001304
0.001295
0.001285
0.001281
0.001283
0.001281
0.001272
0.001260
0.001256
0.001255
0.001248
0.001229
0.001210
0.001202
0.001205
0.001214
0.001224
0.001233
0.001240
0.001246
0.001251
0.001258
0.001261
0.001260
0.001257
0.001261
0.001274
0.001290
0.001302
0.001304
0.001295
0.001275
0.001253
0.001239
0.001231
0.001220
0.001200
0.001178
0.001169
0.001175
0.001190
0.001205
0.001215
0.001221
0.001225
0.001228
0.001233
0.001236
0.001237
0.001236
0.001236
0.001230
0.001214
0.001187
0.001155
0.001125
0.001100
0.001084
0.001086
0.001107
0.001137
0.001162
0.001177
0.001188
0.001203
0.001219
0.001230
0.001234
0.001229
0.001222
0.001219
0.001225
0.001235
0.001243
0.001245
0.001242
0.001235
0.001226
0.001216
0.001207
0.001200
0.001194
0.001187
0.001181
0.001181
0.001189
0.001198
0.001202
0.001201
0.001197
0.001189
0.001175
0.001156
0.001137
0.001128
0.001133
0.001147
0.001165
0.001181
0.001194
0.001203
0.001209
0.001211
0.001210
0.001204
0.001196
0.001186
0.001181
0.001180
0.001181
0.001183
0.001189
0.001204
0.001220
0.001229
0.001228
0.001228
0.001232
0.001238
0.001239
0.001238
0.001241
0.001242
0.001234
0.001216
0.001201
0.001194
0.001189
0.001178
0.001168
0.001173
0.001193
0.001213
0.001225
0.001231
0.001237
0.001242
0.001240
0.001231
0.001219
0.001208
0.001202
0.001200
0.001199
0.001199
0.001202
0.001211
0.001224
0.001236
0.001240
0.001236
0.001231
0.001230
0.001233
0.001236
0.001236
0.001232
0.001228
0.001226
0.001225
0.001219
0.001200
0.001172
0.001149
0.001142
0.001155
0.001176
0.001192
0.001199
0.001204
0.001212
0.001224
0.001241
0.001261
0.001277
0.001283
0.001278
0.001271
0.001268
0.001269
0.001264
0.001251
0.001237
0.001225
0.001213
0.001196
0.001183
0.001183
0.001197
0.001217
0.001233
0.001241
0.001244
0.001241
0.001233
0.001223
0.001216
0.001212
0.001213
0.001221
0.001237
0.001254
0.001264
0.001265
0.001263
0.001264
0.001267
0.001270
0.001271
0.001269
0.001265
0.001263
0.001266
0.001273
0.001276
0.001269
0.001256
0.001247
0.001247
0.001251
0.001253
0.001257
0.001265
0.001275
0.001275
0.001263
0.001248
0.001245
0.001255
0.001265
0.001265
0.001260
0.001261
0.001272
0.001284
0.001283
0.001269
0.001251
0.001238
0.001231
0.001226
0.001226
0.001234
0.001248
0.001260
0.001261
0.001250
0.001236
0.001227
0.001227
0.001230
0.001227
0.001220
0.001218
0.001227
0.001243
0.001252
0.001245
0.001223
0.001195
0.001176
0.001167
0.001163
0.001158
0.001151
0.001145
0.001150
0.001164
0.001181
0.001193
0.001196
0.001194
0.001193
0.001198
0.001207
0.001217
0.001225
0.001232
0.001243
0.001256
0.001269
0.001278
0.001281
0.001278
0.001272
0.001266
0.001259
0.001251
0.001245
0.001241
0.001238
0.001237
0.001239
0.001251
0.001266
0.001275
0.001277
0.001276
0.001276
0.001272
0.001262
0.001248
0.001237
0.001233
0.001234
0.001241
0.001254
0.001267
0.001274
0.001272
0.001266
0.001259
0.001252
0.001248
0.001248
0.001252
0.001250
0.001239
0.001225
0.001217
0.001213
0.001207
0.001198
0.001197
0.001206
0.001220
0.001230
0.001236
0.001237
0.001232
0.001219
0.001207
0.001204
0.001212
0.001215
0.001203
0.001182
0.001170
0.001174
0.001186
0.001196
0.001201
0.001206
0.001215
0.001225
0.001233
0.001239
0.001240
0.001235
0.001223
0.001208
0.001197
0.001196
0.001206
0.001218
0.001220
0.001208
0.001192
0.001188
0.001198
0.001217
0.001235
0.001248
0.001258
0.001263
0.001264
0.001261
0.001256
0.001245
0.001229
0.001212
0.001202
0.001206
0.001222
0.001243
0.001259
0.001265
0.001265
0.001263
0.001262
0.001255
0.001240
0.001223
0.001215
0.001218
0.001228
0.001232
0.001223
0.001203
0.001180
0.001164
0.001157
0.001157
0.001158
0.001160
0.001159
0.001158
0.001163
0.001184
0.001222
0.001261
0.001288
0.001298
0.001300
0.001299
0.001298
0.001296
0.001296
0.001298
0.001297
0.001290
0.001280
0.001272
0.001269
0.001273
0.001281
0.001282
0.001267
0.001237
0.001211
0.001201
0.001208
0.001222
0.001233
0.001235
0.001227
0.001213
0.001201
0.001198
0.001202
0.001208
0.001212
0.001212
0.001212
0.001211
0.001212
0.001214
0.001216
0.001217
0.001219
0.001223
0.001229
0.001236
0.001243
0.001248
0.001248
0.001244
0.001240
0.001241
0.001243
0.001241
0.001231
0.001215
0.001196
0.001180
0.001177
0.001185
0.001194
0.001190
0.001173
0.001157
0.001148
0.001144
0.001146
0.001159
0.001185
0.001214
0.001234
0.001243
0.001247
0.001249
0.001249
0.001245
0.001238
0.001226
0.001211
0.001200
0.001197
0.001201
0.001210
0.001223
0.001239
0.001255
0.001265
0.001269
0.001270
0.001268
0.001260
0.001250
0.001245
0.001241
0.001235
0.001225
0.001213
0.001206
0.001204
0.001206
0.001216
0.001231
0.001244
0.001252
0.001258
0.001262
0.001263
0.001260
0.001258
0.001256
0.001249
0.001239
0.001233
0.001239
0.001253
0.001266
0.001272
0.001268
0.001256
0.001240
0.001224
0.001210
0.001196
0.001183
0.001180
0.001190
0.001206
0.001213
0.001210
0.001207
0.001208
0.001207
0.001200
0.001187
0.001175
0.001168
0.001165
0.001164
0.001162
0.001160
0.001161
0.001170
0.001183
0.001194
0.001201
0.001213
0.001226
0.001230
0.001220
0.001210
0.001216
0.001232
0.001245
0.001251
0.001256
0.001262
0.001263
0.001261
0.001265
0.001277
0.001285
0.001275
0.001255
0.001242
0.001242
0.001244
0.001238
0.001230
0.001228
0.001234
0.001237
0.001232
0.001224
0.001221
0.001225
0.001234
0.001246
0.001255
0.001253
0.001241
0.001224
0.001210
0.001203
0.001198
0.001193
0.001194
0.001205
0.001221
0.001232
0.001231
0.001223
0.001216
0.001217
0.001222
0.001223
0.001217
0.001212
0.001215
0.001223
0.001229
0.001225
0.001215
0.001201
0.001188
0.001178
0.001178
0.001190
0.001208
0.001220
0.001223
0.001220
0.001214
0.001210
0.001208
0.001210
0.001211
0.001209
0.001207
0.001210
0.001222
0.001234
0.001241
0.001243
0.001243
0.001242
0.001241
0.001244
0.001249
0.001252
0.001251
0.001246
0.001240
0.001230
0.001216
0.001204
0.001200
0.001203
0.001207
0.001212
0.001222
0.001233
0.001240
0.001240
0.001235
0.001223
0.001203
0.001178
0.001155
0.001145
0.001150
0.001166
0.001185
0.001200
0.001207
0.001206
0.001202
0.001197
0.001190
0.001184
0.001181
0.001179
0.001173
0.001165
0.001163
0.001172
0.001185
0.001197
0.001209
0.001226
0.001242
0.001249
0.001244
0.001234
0.001226
0.001219
0.001215
0.001213
0.001213
0.001211
0.001208
0.001205
0.001205
0.001203
0.001197
0.001187
0.001177
0.001169
0.001164
0.001163
0.001166
0.001173
0.001187
0.001202
0.001215
0.001225
0.001233
0.001240
0.001240
0.001230
0.001214
0.001200
0.001192
0.001187
0.001184
0.001181
0.001175
0.001165
0.001155
0.001156
0.001170
0.001185
0.001189
0.001180
0.001171
0.001169
0.001176
0.001185
0.001190
0.001195
0.001204
0.001214
0.001218
0.001204
0.001179
0.001164
0.001171
0.001192
0.001211
0.001217
0.001217
0.001222
0.001231
0.001238
0.001233
0.001214
0.001186
0.001163
0.001153
0.001154
0.001158
0.001163
0.001173
0.001188
0.001202
0.001207
0.001200
0.001186
0.001172
0.001161
0.001157
0.001161
0.001169
0.001177
0.001180
0.001179
0.001178
0.001175
0.001170
0.001161
0.001154
0.001154
0.001161
0.001171
0.001180
0.001189
0.001201
0.001214
0.001223
0.001227
0.001228
0.001228
0.001227
0.001227
0.001231
0.001242
0.001254
0.001262
0.001263
0.001267
0.001280
0.001298
0.001308
0.001303
0.001289
0.001278
0.001279
0.001287
0.001296
0.001303
0.001306
0.001305
0.001295
0.001282
0.001272
0.001270
0.001269
0.001263
0.001257
0.001259
0.001273
0.001295
0.001319
0.001337
0.001344
0.001338
0.001323
0.001302
0.001278
0.001252
0.001227
0.001211
0.001208
0.001217
0.001229
0.001237
0.001239
0.001238
0.001241
0.001250
0.001256
0.001257
0.001257
0.001262
0.001274
0.001285
0.001289
0.001281
0.001259
0.001226
0.001191
0.001167
0.001164
0.001181
0.001209
0.001238
0.001259
0.001267
0.001264
0.001256
0.001249
0.001241
0.001229
0.001213
0.001198
0.001189
0.001192
0.001206
0.001223
0.001231
0.001225
0.001215
0.001213
0.001223
0.001238
0.001249
0.001254
0.001252
0.001248
0.001242
0.001240
0.001243
0.001251
0.001260
0.001266
0.001265
0.001259
0.001253
0.001248
0.001239
0.001222
0.001203
0.001190
0.001186
0.001185
0.001186
0.001190
0.001200
0.001209
0.001208
0.001196
0.001180
0.001168
0.001168
0.001175
0.001182
0.001177
0.001166
0.001159
0.001163
0.001171
0.001175
0.001173
0.001168
0.001159
0.001145
0.001129
0.001123
0.001131
0.001147
0.001162
0.001171
0.001178
0.001183
0.001187
0.001190
0.001197
0.001208
0.001215
0.001212
0.001199
0.001184
0.001178
0.001181
0.001187
0.001191
0.001191
0.001186
0.001176
0.001159
0.001143
0.001136
0.001140
0.001148
0.001149
0.001142
0.001135
0.001139
0.001154
0.001169
0.001174
0.001169
0.001168
0.001177
0.001188
0.001192
0.001192
0.001195
0.001203
0.001209
0.001210
0.001211
0.001214
0.001216
0.001217
0.001224
0.001242
0.001268
0.001289
0.001303
0.001315
0.001326
0.001336
0.001338
0.001334
0.001327
0.001323
0.001324
0.001327
0.001325
0.001314
0.001295
0.001280
0.001271
0.001269
0.001269
0.001266
0.001258
0.001242
0.001219
0.001194
0.001172
0.001160
0.001160
0.001172
0.001190
0.001201
0.001200
0.001195
0.001198
0.001212
0.001232
0.001252
0.001273
0.001294
0.001311
0.001319
0.001316
0.001306
0.001291
0.001273
0.001256
0.001245
0.001236
0.001220
0.001195
0.001169
0.001154
0.001152
0.001155
0.001157
0.001160
0.001169
0.001181
0.001188
0.001188
0.001185
0.001186
0.001191
0.001199
0.001210
0.001222
0.001228
0.001226
0.001220
0.001220
0.001228
0.001236
0.001238
0.001235
0.001235
0.001241
0.001248
0.001248
0.001237
0.001220
0.001206
0.001203
0.001212
0.001224
0.001232
0.001234
0.001233
0.001230
0.001225
0.001224
0.001230
0.001241
0.001250
0.001258
0.001269
0.001284
0.001290
0.001281
0.001262
0.001246
0.001241
0.001242
0.001244
0.001252
0.001264
0.001276
0.001284
0.001293
0.001305
0.001312
0.001307
0.001295
0.001285
0.001287
0.001300
0.001319
0.001336
0.001346
0.001345
0.001334
0.001317
0.001298
0.001284
0.001281
0.001285
0.001285
0.001271
0.001245
0.001220
0.001205
0.001206
0.001221
0.001243
0.001262
0.001268
0.001263
0.001253
0.001243
0.001235
0.001236
0.001250
0.001269
0.001282
0.001287
0.001293
0.001310
0.001334
0.001351
0.001355
0.001348
0.001335
0.001320
0.001310
0.001304
0.001297
0.001284
0.001263
0.001239
0.001223
0.001220
0.001224
0.001227
0.001225
0.001224
0.001227
0.001232
0.001234
0.001232
0.001234
0.001244
0.001260
0.001278
0.001299
0.001321
0.001340
0.001348
0.001342
0.001320
0.001290
0.001259
0.001235
0.001219
0.001207
0.001196
0.001188
0.001185
0.001186
0.001191
0.001202
0.001220
0.001242
0.001264
0.001281
0.001291
0.001291
0.001284
0.001271
0.001255
0.001237
0.001220
0.001209
0.001205
0.001207
0.001214
0.001226
0.001238
0.001245
0.001249
0.001261
0.001282
0.001295
0.001289
0.001270
0.001258
0.001259
0.001266
0.001266
0.001256
0.001239
0.001221
0.001214
0.001222
0.001239
0.001250
0.001253
0.001258
0.001273
0.001293
0.001309
0.001320
0.001325
0.001327
0.001322
0.001313
0.001300
0.001280
0.001256
0.001236
0.001228
0.001234
0.001247
0.001263
0.001277
0.001280
0.001268
0.001247
0.001227
0.001218
0.001219
0.001227
0.001238
0.001245
0.001243
0.001238
0.001240
0.001250
0.001258
0.001255
0.001241
0.001222
0.001203
0.001191
0.001189
0.001196
0.001207
0.001219
0.001236
0.001254
0.001270
0.001278
0.001279
0.001276
0.001271
0.001266
0.001263
0.001262
0.001257
0.001248
0.001241
0.001244
0.001254
0.001260
0.001253
0.001235
0.001214
0.001193
0.001175
0.001163
0.001161
0.001169
0.001180
0.001183
0.001171
0.001147
0.001124
0.001111
0.001112
0.001119
0.001127
0.001134
0.001146
0.001168
0.001194
0.001219
0.001235
0.001244
0.001249
0.001251
0.001248
0.001239
0.001228
0.001216
0.001206
0.001200
0.001201
0.001206
0.001214
0.001221
0.001230
0.001244
0.001263
0.001276
0.001277
0.001265
0.001247
0.001230
0.001220
0.001215
0.001214
0.001213
0.001209
0.001205
0.001206
0.001215
0.001233
0.001251
0.001265
0.001271
0.001275
0.001279
0.001284
0.001288
0.001289
0.001287
0.001285
0.001288
0.001299
0.001315
0.001325
0.001323
0.001311
0.001296
0.001286
0.001277
0.001265
0.001249
0.001230
0.001214
0.001203
0.001193
0.001186
0.001182
0.001185
0.001193
0.001203
0.001210
0.001213
0.001215
0.001215
0.001213
0.001206
0.001193
0.001175
0.001157
0.001148
0.001158
0.001189
0.001232
0.001272
0.001302
0.001318
0.001323
0.001320
0.001312
0.001296
0.001269
0.001235
0.001204
0.001183
0.001172
0.001164
0.001157
0.001159
0.001175
0.001198
0.001218
0.001229
0.001235
0.001245
0.001260
0.001281
0.001304
0.001319
0.001321
0.001311
0.001300
0.001295
0.001293
0.001289
0.001283
0.001275
0.001264
0.001251
0.001238
0.001230
0.001229
0.001232
0.001236
0.001241
0.001242
0.001235
0.001220
0.001205
0.001191
0.001179
0.001174
0.001181
0.001199
0.001223
0.001243
0.001252
0.001251
0.001241
0.001228
0.001217
0.001207
0.001198
0.001193
0.001196
0.001205
0.001211
0.001204
0.001188
0.001173
0.001166
0.001168
0.001181
0.001201
0.001217
0.001221
0.001215
0.001209
0.001212
0.001220
0.001227
0.001231
0.001235
0.001239
0.001243
0.001242
0.001238
0.001235
0.001234
0.001236
0.001234
0.001223
0.001209
0.001200
0.001198
0.001203
0.001210
0.001217
0.001218
0.001213
0.001208
0.001212
0.001223
0.001232
0.001234
0.001234
0.001235
0.001237
0.001236
0.001232
0.001227
0.001224
0.001221
0.001221
0.001226
0.001232
0.001237
0.001242
0.001246
0.001244
0.001229
0.001205
0.001179
0.001160
0.001148
0.001137
0.001126
0.001115
0.001108
0.001107
0.001111
0.001121
0.001137
0.001160
0.001191
0.001224
0.001248
0.001260
0.001263
0.001263
0.001260
0.001249
0.001231
0.001216
0.001212
0.001215
0.001219
0.001220
0.001218
0.001215
0.001209
0.001205
0.001204
0.001207
0.001208
0.001205
0.001196
0.001189
0.001185
0.001185
0.001186
0.001186
0.001184
0.001185
0.001192
0.001199
0.001201
0.001197
0.001190
0.001187
0.001184
0.001181
0.001179
0.001180
0.001186
0.001195
0.001206
0.001223
0.001244
0.001263
0.001272
0.001271
0.001268
0.001267
0.001273
0.001284
0.001290
0.001287
0.001275
0.001260
0.001244
0.001226
0.001209
0.001203
0.001208
0.001213
0.001211
0.001205
0.001208
0.001220
0.001234
0.001240
0.001242
0.001247
0.001251
0.001246
0.001229
0.001208
0.001195
0.001191
0.001193
0.001198
0.001209
0.001219
0.001218
0.001207
0.001196
0.001199
0.001210
0.001215
0.001208
0.001200
0.001201
0.001207
0.001212
0.001214
0.001219
0.001225
0.001224
0.001212
0.001196
0.001186
0.001183
0.001183
0.001185
0.001187
0.001191
0.001198
0.001210
0.001223
0.001232
0.001236
0.001241
0.001252
0.001269
0.001282
0.001286
0.001282
0.001273
0.001264
0.001258
0.001258
0.001261
0.001264
0.001267
0.001271
0.001277
0.001279
0.001271
0.001256
0.001243
0.001238
0.001240
0.001245
0.001247
0.001246
0.001245
0.001247
0.001253
0.001260
0.001262
0.001259
0.001257
0.001256
0.001253
0.001246
0.001241
0.001245
0.001256
0.001263
0.001261
0.001254
0.001252
0.001253
0.001251
0.001243
0.001232
0.001215
0.001192
0.001171
0.001169
0.001191
0.001224
0.001251
0.001263
0.001269
0.001279
0.001292
0.001302
0.001302
0.001290
0.001271
0.001256
0.001255
0.001261
0.001260
0.001243
0.001220
0.001204
0.001200
0.001200
0.001199
0.001204
0.001222
0.001248
0.001268
0.001275
0.001272
0.001269
0.001270
0.001271
0.001268
0.001258
0.001243
0.001230
0.001229
0.001238
0.001250
0.001258
0.001264
0.001272
0.001278
0.001276
0.001267
0.001262
0.001265
0.001268
0.001261
0.001243
0.001220
0.001199
0.001180
0.001165
0.001159
0.001169
0.001194
0.001228
0.001259
0.001279
0.001286
0.001285
0.001279
0.001266
0.001248
0.001229
0.001217
0.001217
0.001225
0.001238
0.001251
0.001261
0.001268
0.001275
0.001281
0.001285
0.001285
0.001281
0.001273
0.001262
0.001248
0.001232
0.001217
0.001207
0.001206
0.001210
0.001212
0.001209
0.001204
0.001200
0.001197
0.001195
0.001198
0.001209
0.001224
0.001232
0.001230
0.001223
0.001218
0.001217
0.001223
0.001236
0.001253
0.001267
0.001271
0.001266
0.001258
0.001249
0.001242
0.001236
0.001232
0.001225
0.001218
0.001216
0.001218
0.001214
0.001199
0.001179
0.001166
0.001164
0.001167
0.001170
0.001174
0.001184
0.001202
0.001230
0.001264
0.001291
0.001298
0.001286
0.001265
0.001248
0.001238
0.001230
0.001221
0.001211
0.001201
0.001195
0.001198
0.001208
0.001216
0.001214
0.001206
0.001201
0.001204
0.001213
0.001221
0.001224
0.001222
0.001218
0.001216
0.001217
0.001218
0.001217
0.001218
0.001222
0.001229
0.001236
0.001245
0.001255
0.001266
0.001278
0.001292
0.001309
0.001325
0.001334
0.001337
0.001337
0.001335
0.001324
0.001300
0.001267
0.001237
0.001219
0.001214
0.001220
0.001230
0.001242
0.001250
0.001253
0.001248
0.001239
0.001229
0.001222
0.001219
0.001220
0.001227
0.001235
0.001238
0.001237
0.001235
0.001237
0.001240
0.001246
0.001257
0.001266
0.001263
0.001246
0.001223
0.001204
0.001190
0.001177
0.001165
0.001164
0.001174
0.001189
0.001204
0.001219
0.001234
0.001245
0.001251
0.001249
0.001243
0.001234
0.001226
0.001221
0.001219
0.001213
0.001201
0.001188
0.001180
0.001179
0.001183
0.001190
0.001196
0.001196
0.001190
0.001186
0.001186
0.001187
0.001183
0.001174
0.001167
0.001166
0.001172
0.001182
0.001195
0.001202
0.001202
0.001200
0.001202
0.001205
0.001204
0.001197
0.001188
0.001183
0.001184
0.001193
0.001210
0.001232
0.001248
0.001257
0.001261
0.001261
0.001257
0.001246
0.001235
0.001232
0.001240
0.001251
0.001258
0.001260
0.001259
0.001262
0.001270
0.001281
0.001289
0.001291
0.001286
0.001277
0.001271
0.001272
0.001285
0.001305
0.001322
0.001331
0.001333
0.001335
0.001338
0.001342
0.001345
0.001348
0.001347
0.001338
0.001320
0.001302
0.001289
0.001280
0.001268
0.001252
0.001239
0.001232
0.001228
0.001222
0.001217
0.001218
0.001225
0.001235
0.001249
0.001263
0.001271
0.001268
0.001258
0.001250
0.001250
0.001253
0.001253
0.001253
0.001260
0.001273
0.001279
0.001274
0.001265
0.001263
0.001268
0.001268
0.001257
0.001239
0.001223
0.001213
0.001206
0.001197
0.001186
0.001174
0.001167
0.001168
0.001173
0.001177
0.001175
0.001171
0.001170
0.001170
0.001163
0.001152
0.001146
0.001159
0.001187
0.001219
0.001243
0.001255
0.001258
0.001256
0.001251
0.001247
0.001243
0.001238
0.001234
0.001233
0.001234
0.001233
0.001228
0.001223
0.001220
0.001222
0.001229
0.001239
0.001252
0.001261
0.001256
0.001243
0.001232
0.001229
0.001230
0.001224
0.001212
0.001206
0.001211
0.001225
0.001243
0.001260
0.001272
0.001276
0.001270
0.001256
0.001238
0.001224
0.001219
0.001221
0.001224
0.001222
0.001217
0.001211
0.001209
0.001207
0.001204
0.001201
0.001202
0.001211
0.001226
0.001241
0.001253
0.001260
0.001258
0.001248
0.001239
0.001239
0.001246
0.001253
0.001250
0.001238
0.001224
0.001213
0.001206
0.001205
0.001210
0.001217
0.001217
0.001204
0.001181
0.001154
0.001134
0.001126
0.001131
0.001144
0.001161
0.001175
0.001189
0.001204
0.001222
0.001239
0.001252
0.001262
0.001270
0.001281
0.001291
0.001297
0.001297
0.001296
0.001296
0.001292
0.001277
0.001253
0.001234
0.001227
0.001231
0.001237
0.001237
0.001228
0.001218
0.001211
0.001213
0.001222
0.001237
0.001254
0.001274
0.001294
0.001309
0.001316
0.001316
0.001318
0.001324
0.001333
0.001343
0.001351
0.001348
0.001330
0.001297
0.001262
0.001237
0.001225
0.001225
0.001230
0.001235
0.001235
0.001233
0.001232
0.001237
0.001243
0.001248
0.001252
0.001254
0.001257
0.001256
0.001251
0.001245
0.001246
0.001255
0.001269
0.001278
0.001281
0.001278
0.001270
0.001260
0.001249
0.001244
0.001251
0.001266
0.001278
0.001277
0.001266
0.001256
0.001254
0.001258
0.001262
0.001262
0.001260
0.001256
0.001246
0.001233
0.001223
0.001222
0.001225
0.001225
0.001220
0.001217
0.001217
0.001211
0.001194
0.001173
0.001161
0.001160
0.001163
0.001162
0.001161
0.001170
0.001190
0.001213
0.001229
0.001234
0.001232
0.001230
0.001235
0.001247
0.001261
0.001270
0.001277
0.001283
0.001285
0.001279
0.001266
0.001253
0.001250
0.001256
0.001264
0.001265
0.001256
0.001244
0.001237
0.001241
0.001252
0.001262
0.001265
0.001258
0.001244
0.001232
0.001230
0.001238
0.001249
0.001256
0.001257
0.001253
0.001247
0.001244
0.001244
0.001240
0.001229
0.001211
0.001198
0.001199
0.001214
0.001237
0.001257
0.001269
0.001271
0.001268
0.001270
0.001278
0.001290
0.001297
0.001298
0.001295
0.001288
0.001277
0.001260
0.001236
0.001206
0.001180
0.001171
0.001185
0.001211
0.001230
0.001230
0.001218
0.001205
0.001200
0.001206
0.001222
0.001248
0.001276
0.001297
0.001301
0.001287
0.001269
0.001260
0.001260
0.001262
0.001256
0.001244
0.001235
0.001229
0.001221
0.001209
0.001197
0.001187
0.001185
0.001192
0.001208
0.001223
0.001229
0.001228
0.001228
0.001231
0.001230
0.001222
0.001211
0.001207
0.001209
0.001212
0.001218
0.001226
0.001236
0.001245
0.001252
0.001260
0.001263
0.001257
0.001246
0.001236
0.001235
0.001243
0.001258
0.001275
0.001288
0.001292
0.001290
0.001285
0.001282
0.001280
0.001281
0.001282
0.001274
0.001256
0.001237
0.001226
0.001222
0.001219
0.001220
0.001229
0.001240
0.001240
0.001226
0.001211
0.001205
0.001207
0.001207
0.001204
0.001205
0.001212
0.001221
0.001228
0.001234
0.001237
0.001232
0.001215
0.001193
0.001177
0.001172
0.001180
0.001198
0.001219
0.001240
0.001257
0.001269
0.001275
0.001279
0.001280
0.001274
0.001259
0.001241
0.001228
0.001229
0.001242
0.001263
0.001284
0.001301
0.001308
0.001303
0.001288
0.001266
0.001243
0.001226
0.001221
0.001224
0.001229
0.001229
0.001223
0.001214
0.001207
0.001210
0.001225
0.001248
0.001268
0.001274
0.001264
0.001248
0.001236
0.001235
0.001246
0.001262
0.001275
0.001283
0.001291
0.001300
0.001308
0.001309
0.001307
0.001308
0.001311
0.001310
0.001301
0.001284
0.001262
0.001239
0.001221
0.001215
0.001223
0.001238
0.001254
0.001268
0.001277
0.001282
0.001285
0.001290
0.001296
0.001296
0.001285
0.001269
0.001257
0.001252
0.001254
0.001256
0.001256
0.001256
0.001257
0.001256
0.001248
0.001232
0.001215
0.001202
0.001197
0.001198
0.001203
0.001210
0.001210
0.001202
0.001193
0.001191
0.001195
0.001194
0.001186
0.001179
0.001179
0.001182
0.001183
0.001181
0.001182
0.001184
0.001184
0.001182
0.001184
0.001194
0.001210
0.001224
0.001231
0.001228
0.001218
0.001208
0.001202
0.001197
0.001189
0.001178
0.001168
0.001161
0.001158
0.001164
0.001182
0.001208
0.001230
0.001239
0.001241
0.001241
0.001240
0.001238
0.001233
0.001227
0.001217
0.001205
0.001199
0.001207
0.001224
0.001240
0.001251
0.001262
0.001277
0.001290
0.001293
0.001285
0.001269
0.001253
0.001243
0.001241
0.001244
0.001247
0.001242
0.001231
0.001216
0.001204
0.001196
0.001194
0.001195
0.001197
0.001195
0.001190
0.001183
0.001178
0.001173
0.001167
0.001161
0.001162
0.001175
0.001194
0.001213
0.001225
0.001226
0.001218
0.001207
0.001199
0.001202
0.001214
0.001230
0.001241
0.001239
0.001228
0.001216
0.001211
0.001218
0.001233
0.001248
0.001261
0.001270
0.001272
0.001261
0.001237
0.001210
0.001191
0.001185
0.001191
0.001204
0.001219
0.001227
0.001222
0.001210
0.001203
0.001207
0.001214
0.001212
0.001202
0.001193
0.001196
0.001206
0.001212
0.001214
0.001218
0.001232
0.001247
0.001250
0.001242
0.001233
0.001235
0.001249
0.001267
0.001280
0.001290
0.001302
0.001319
0.001338
0.001348
0.001341
0.001318
0.001293
0.001280
0.001282
0.001288
0.001292
0.001291
0.001286
0.001275
0.001259
0.001246
0.001244
0.001249
0.001246
0.001228
0.001206
0.001189
0.001178
0.001169
0.001158
0.001152
0.001152
0.001152
0.001145
0.001136
0.001138
0.001159
0.001193
0.001227
0.001251
0.001266
0.001276
0.001285
0.001292
0.001297
0.001301
0.001305
0.001305
0.001294
0.001271
0.001237
0.001199
0.001165
0.001144
0.001140
0.001150
0.001166
0.001182
0.001195
0.001204
0.001209
0.001214
0.001222
0.001229
0.001229
0.001227
0.001232
0.001246
0.001261
0.001271
0.001280
0.001293
0.001303
0.001305
0.001298
0.001289
0.001282
0.001273
0.001264
0.001260
0.001263
0.001267
0.001267
0.001264
0.001259
0.001251
0.001235
0.001212
0.001186
0.001169
0.001167
0.001180
0.001203
0.001223
0.001235
0.001245
0.001256
0.001265
0.001266
0.001254
0.001237
0.001223
0.001214
0.001209
0.001203
0.001197
0.001196
0.001199
0.001198
0.001191
0.001181
0.001176
0.001175
0.001174
0.001174
0.001179
0.001190
0.001202
0.001208
0.001208
0.001205
0.001201
0.001198
0.001198
0.001203
0.001211
0.001222
0.001237
0.001255
0.001266
0.001260
0.001242
0.001226
0.001220
0.001225
0.001235
0.001247
0.001256
0.001259
0.001257
0.001256
0.001260
0.001264
0.001263
0.001252
0.001236
0.001222
0.001218
0.001227
0.001244
0.001258
0.001262
0.001257
0.001246
0.001240
0.001247
0.001263
0.001278
0.001281
0.001272
0.001263
0.001259
0.001255
0.001249
0.001244
0.001245
0.001249
0.001252
0.001247
0.001236
0.001225
0.001218
0.001221
0.001229
0.001237
0.001239
0.001236
0.001232
0.001231
0.001232
0.001228
0.001220
0.001208
0.001200
0.001197
0.001200
0.001204
0.001207
0.001213
0.001220
0.001228
0.001233
0.001238
0.001245
0.001255
0.001267
0.001280
0.001295
0.001307
0.001312
0.001306
0.001297
0.001293
0.001298
0.001307
0.001312
0.001308
0.001301
0.001298
0.001306
0.001321
0.001335
0.001341
0.001335
0.001322
0.001305
0.001291
0.001290
0.001307
0.001334
0.001353
0.001350
0.001330
0.001313
0.001313
0.001326
0.001338
0.001338
0.001326
0.001304
0.001273
0.001245
0.001229
0.001229
0.001236
0.001244
0.001250
0.001255
0.001257
0.001254
0.001250
0.001249
0.001254
0.001265
0.001281
0.001299
0.001313
0.001314
0.001300
0.001279
0.001256
0.001234
0.001216
0.001208
0.001216
0.001238
0.001265
0.001289
0.001304
0.001308
0.001305
0.001296
0.001281
0.001264
0.001248
0.001243
0.001251
0.001270
0.001293
0.001309
0.001313
0.001300
0.001276
0.001250
0.001229
0.001218
0.001218
0.001227
0.001241
0.001255
0.001264
0.001267
0.001263
0.001250
0.001232
0.001220
0.001216
0.001213
0.001207
0.001197
0.001188
0.001182
0.001175
0.001165
0.001155
0.001149
0.001142
0.001134
0.001128
0.001135
0.001159
0.001195
0.001228
0.001247
0.001249
0.001243
0.001243
0.001249
0.001256
0.001260
0.001261
0.001264
0.001265
0.001265
0.001266
0.001270
0.001279
0.001289
0.001298
0.001305
0.001306
0.001293
0.001265
0.001234
0.001213
0.001210
0.001218
0.001229
0.001241
0.001253
0.001266
0.001278
0.001287
0.001289
0.001285
0.001280
0.001279
0.001284
0.001289
0.001287
0.001280
0.001275
0.001276
0.001278
0.001273
0.001259
0.001244
0.001237
0.001241
0.001249
0.001256
0.001257
0.001251
0.001242
0.001230
0.001219
0.001210
0.001203
0.001194
0.001187
0.001182
0.001183
0.001185
0.001185
0.001181
0.001174
0.001169
0.001169
0.001173
0.001177
0.001181
0.001182
0.001184
0.001188
0.001198
0.001211
0.001222
0.001228
0.001228
0.001227
0.001231
0.001237
0.001241
0.001244
0.001250
0.001259
0.001264
0.001262
0.001257
0.001251
0.001243
0.001231
0.001217
0.001206
0.001197
0.001191
0.001189
0.001195
0.001204
0.001207
0.001201
0.001195
0.001195
0.001198
0.001201
0.001201
0.001203
0.001204
0.001200
0.001194
0.001195
0.001209
0.001228
0.001238
0.001234
0.001223
0.001219
0.001221
0.001222
0.001214
0.001199
0.001185
0.001181
0.001189
0.001207
0.001229
0.001245
0.001248
0.001240
0.001228
0.001220
0.001214
0.001210
0.001210
0.001217
0.001225
0.001231
0.001234
0.001244
0.001262
0.001284
0.001299
0.001306
0.001307
0.001308
0.001308
0.001303
0.001294
0.001282
0.001272
0.001268
0.001270
0.001276
0.001281
0.001284
0.001287
0.001293
0.001302
0.001310
0.001313
0.001308
0.001295
0.001275
0.001260
0.001257
0.001266
0.001278
0.001283
0.001282
0.001281
0.001282
0.001280
0.001271
0.001263
0.001260
0.001267
0.001280
0.001296
0.001311
0.001318
0.001318
0.001316
0.001312
0.001302
0.001286
0.001271
0.001268
0.001276
0.001279
0.001269
0.001250
0.001235
0.001227
0.001222
0.001214
0.001204
0.001194
0.001182
0.001168
0.001158
0.001157
0.001167
0.001184
0.001202
0.001219
0.001231
0.001239
0.001243
0.001247
0.001255
0.001265
0.001271
0.001269
0.001265
0.001265
0.001265
0.001260
0.001244
0.001228
0.001223
0.001233
0.001248
0.001254
0.001251
0.001248
0.001251
0.001257
0.001258
0.001259
0.001263
0.001268
0.001267
0.001259
0.001254
0.001258
0.001267
0.001272
0.001274
0.001278
0.001286
0.001297
0.001310
0.001325
0.001337
0.001336
0.001316
0.001284
0.001253
0.001235
0.001231
0.001237
0.001245
0.001252
0.001255
0.001256
0.001256
0.001258
0.001265
0.001277
0.001288
0.001294
0.001299
0.001308
0.001321
0.001333
0.001337
0.001334
0.001322
0.001304
0.001287
0.001276
0.001271
0.001266
0.001256
0.001247
0.001242
0.001243
0.001245
0.001247
0.001252
0.001263
0.001277
0.001289
0.001293
0.001291
0.001289
0.001294
0.001301
0.001302
0.001296
0.001290
0.001292
0.001298
0.001301
0.001299
0.001296
0.001294
0.001289
0.001279
0.001268
0.001262
0.001266
0.001277
0.001290
0.001298
0.001296
0.001286
0.001278
0.001273
0.001269
0.001264
0.001259
0.001261
0.001268
0.001278
0.001287
0.001295
0.001304
0.001312
0.001312
0.001302
0.001284
0.001264
0.001243
0.001221
0.001200
0.001189
0.001188
0.001196
0.001205
0.001212
0.001217
0.001223
0.001230
0.001240
0.001252
0.001264
0.001279
0.001296
0.001314
0.001329
0.001335
0.001332
0.001326
0.001318
0.001309
0.001300
0.001289
0.001278
0.001269
0.001269
0.001279
0.001290
0.001294
0.001287
0.001275
0.001260
0.001244
0.001229
0.001218
0.001215
0.001216
0.001217
0.001217
0.001217
0.001219
0.001223
0.001231
0.001244
0.001261
0.001277
0.001287
0.001286
0.001273
0.001252
0.001236
0.001228
0.001223
0.001215
0.001205
0.001201
0.001199
0.001192
0.001180
0.001171
0.001172
0.001179
0.001184
0.001184
0.001190
0.001207
0.001231
0.001255
0.001272
0.001283
0.001292
0.001300
0.001310
0.001324
0.001339
0.001348
0.001346
0.001332
0.001315
0.001302
0.001293
0.001286
0.001277
0.001266
0.001255
0.001244
0.001236
0.001231
0.001231
0.001237
0.001245
0.001253
0.001263
0.001275
0.001286
0.001291
0.001296
0.001312
0.001341
0.001372
0.001388
0.001386
0.001375
0.001362
0.001344
0.001319
0.001294
0.001281
0.001287
0.001307
0.001329
0.001346
0.001356
0.001361
0.001368
0.001375
0.001380
0.001376
0.001360
0.001334
0.001305
0.001282
0.001270
0.001269
0.001277
0.001294
0.001320
0.001349
0.001376
0.001394
0.001401
0.001396
0.001382
0.001364
0.001350
0.001342
0.001336
0.001326
0.001316
0.001306
0.001299
0.001291
0.001283
0.001271
0.001253
0.001232
0.001217
0.001215
0.001220
0.001221
0.001216
0.001216
0.001224
0.001233
0.001232
0.001219
0.001202
0.001187
0.001177
0.001172
0.001174
0.001183
0.001194
0.001204
0.001213
0.001221
0.001227
0.001228
0.001225
0.001225
0.001236
0.001258
0.001275
0.001273
0.001253
0.001233
0.001226
0.001232
0.001241
0.001248
0.001249
0.001244
0.001232
0.001217
0.001201
0.001189
0.001178
0.001165
0.001153
0.001144
0.001142
0.001145
0.001148
0.001148
0.001149
0.001156
0.001167
0.001174
0.001171
0.001164
0.001164
0.001179
0.001202
0.001226
0.001243
0.001254
0.001259
0.001256
0.001251
0.001252
0.001262
0.001277
0.001288
0.001292
0.001293
0.001292
0.001287
0.001278
0.001272
0.001273
0.001276
0.001276
0.001277
0.001282
0.001290
0.001292
0.001289
0.001283
0.001277
0.001268
0.001253
0.001235
0.001222
0.001215
0.001211
0.001211
0.001211
0.001213
0.001217
0.001228
0.001240
0.001248
0.001250
0.001253
0.001263
0.001275
0.001282
0.001282
0.001279
0.001269
0.001249
0.001220
0.001193
0.001179
0.001176
0.001181
0.001187
0.001195
0.001204
0.001215
0.001225
0.001230
0.001230
0.001236
0.001259
0.001297
0.001332
0.001345
0.001336
0.001317
0.001301
0.001291
0.001284
0.001277
0.001270
0.001266
0.001265
0.001269
0.001280
0.001299
0.001321
0.001337
0.001344
0.001342
0.001340
0.001340
0.001340
0.001335
0.001327
0.001314
0.001298
0.001279
0.001257
0.001239
0.001226
0.001219
0.001214
0.001210
0.001209
0.001214
0.001227
0.001241
0.001248
0.001244
0.001236
0.001231
0.001231
0.001235
0.001243
0.001256
0.001268
0.001272
0.001270
0.001271
0.001283
0.001304
0.001327
0.001341
0.001338
0.001321
0.001298
0.001278
0.001264
0.001257
0.001258
0.001272
0.001296
0.001316
0.001319
0.001305
0.001284
0.001264
0.001245
0.001225
0.001198
0.001167
0.001139
0.001126
0.001137
0.001175
0.001223
0.001263
0.001278
0.001269
0.001246
0.001224
0.001211
0.001215
0.001231
0.001251
0.001268
0.001276
0.001277
0.001273
0.001269
0.001271
0.001280
0.001291
0.001296
0.001294
0.001293
0.001298
0.001306
0.001306
0.001296
0.001281
0.001269
0.001259
0.001250
0.001246
0.001246
0.001247
0.001245
0.001243
0.001249
0.001261
0.001266
0.001258
0.001246
0.001239
0.001239
0.001241
0.001237
0.001224
0.001200
0.001170
0.001143
0.001130
0.001135
0.001154
0.001178
0.001201
0.001221
0.001235
0.001242
0.001246
0.001250
0.001256
0.001266
0.001280
0.001290
0.001286
0.001265
0.001242
0.001229
0.001226
0.001223
0.001213
0.001198
0.001186
0.001184
0.001196
0.001220
0.001253
0.001284
0.001306
0.001314
0.001310
0.001297
0.001280
0.001266
0.001262
0.001270
0.001286
0.001303
0.001312
0.001310
0.001299
0.001284
0.001264
0.001241
0.001223
0.001218
0.001225
0.001236
0.001247
0.001265
0.001292
0.001320
0.001336
0.001339
0.001341
0.001346
0.001348
0.001344
0.001337
0.001334
0.001333
0.001325
0.001307
0.001288
0.001274
0.001265
0.001260
0.001258
0.001261
0.001264
0.001261
0.001250
0.001232
0.001211
0.001195
0.001193
0.001205
0.001224
0.001242
0.001255
0.001264
0.001268
0.001269
0.001267
0.001266
0.001267
0.001269
0.001270
0.001271
0.001270
0.001261
0.001241
0.001212
0.001187
0.001174
0.001173
0.001176
0.001179
0.001183
0.001189
0.001194
0.001196
0.001198
0.001208
0.001225
0.001239
0.001246
0.001245
0.001244
0.001246
0.001251
0.001258
0.001263
0.001263
0.001255
0.001244
0.001234
0.001232
0.001237
0.001249
0.001264
0.001275
0.001279
0.001280
0.001284
0.001289
0.001290
0.001282
0.001271
0.001264
0.001260
0.001258
0.001257
0.001261
0.001264
0.001262
0.001252
0.001237
0.001228
0.001227
0.001232
0.001242
0.001257
0.001274
0.001284
0.001280
0.001261
0.001239
0.001229
0.001232
0.001241
0.001248
0.001253
0.001259
0.001266
0.001273
0.001277
0.001277
0.001274
0.001271
0.001269
0.001268
0.001260
0.001247
0.001236
0.001235
0.001237
0.001233
0.001220
0.001206
0.001196
0.001194
0.001201
0.001216
0.001234
0.001249
0.001260
0.001266
0.001264
0.001249
0.001225
0.001203
0.001192
0.001186
0.001183
0.001182
0.001186
0.001196
0.001208
0.001219
0.001230
0.001237
0.001237
0.001231
0.001222
0.001213
0.001207
0.001208
0.001213
0.001216
0.001215
0.001213
0.001219
0.001233
0.001248
0.001256
0.001256
0.001245
0.001229
0.001215
0.001210
0.001209
0.001207
0.001202
0.001205
0.001220
0.001237
0.001246
0.001243
0.001236
0.001235
0.001239
0.001243
0.001247
0.001250
0.001253
0.001246
0.001226
0.001195
0.001167
0.001149
0.001143
0.001141
0.001143
0.001147
0.001151
0.001152
0.001155
0.001164
0.001179
0.001196
0.001210
0.001222
0.001229
0.001233
0.001237
0.001244
0.001252
0.001258
0.001260
0.001259
0.001252
0.001241
0.001227
0.001215
0.001209
0.001211
0.001224
0.001246
0.001267
0.001277
0.001278
0.001275
0.001269
0.001251
0.001222
0.001199
0.001193
0.001198
0.001201
0.001200
0.001199
0.001200
0.001198
0.001195
0.001198
0.001209
0.001222
0.001233
0.001239
0.001240
0.001236
0.001229
0.001225
0.001227
0.001232
0.001232
0.001227
0.001222
0.001222
0.001224
0.001222
0.001220
0.001224
0.001239
0.001258
0.001273
0.001274
0.001261
0.001237
0.001214
0.001203
0.001206
0.001213
0.001214
0.001210
0.001210
0.001216
0.001220
0.001220
0.001222
0.001233
0.001249
0.001259
0.001257
0.001244
0.001226
0.001208
0.001198
0.001200
0.001210
0.001218
0.001216
0.001213
0.001217
0.001228
0.001237
0.001239
0.001239
0.001247
0.001267
0.001291
0.001314
0.001333
0.001350
0.001364
0.001374
0.001377
0.001373
0.001363
0.001353
0.001347
0.001348
0.001349
0.001345
0.001339
0.001336
0.001337
0.001335
0.001326
0.001312
0.001300
0.001291
0.001282
0.001274
0.001269
0.001266
0.001263
0.001262
0.001265
0.001268
0.001263
0.001252
0.001241
0.001233
0.001229
0.001231
0.001245
0.001264
0.001277
0.001277
0.001269
0.001262
0.001260
0.001263
0.001272
0.001285
0.001293
0.001293
0.001292
0.001299
0.001312
0.001324
0.001331
0.001333
0.001330
0.001315
0.001291
0.001265
0.001246
0.001234
0.001225
0.001220
0.001218
0.001218
0.001224
0.001241
0.001266
0.001289
0.001298
0.001288
0.001268
0.001244
0.001222
0.001203
0.001188
0.001179
0.001175
0.001177
0.001186
0.001202
0.001224
0.001246
0.001267
0.001286
0.001301
0.001313
0.001316
0.001311
0.001302
0.001297
0.001297
0.001295
0.001284
0.001265
0.001250
0.001243
0.001246
0.001254
0.001268
0.001284
0.001299
0.001308
0.001310
0.001305
0.001293
0.001273
0.001251
0.001233
0.001227
0.001235
0.001254
0.001278
0.001300
0.001315
0.001319
0.001317
0.001314
0.001316
0.001324
0.001330
0.001327
0.001317
0.001311
0.001317
0.001335
0.001351
0.001356
0.001348
0.001328
0.001303
0.001280
0.001268
0.001265
0.001266
0.001264
0.001262
0.001266
0.001275
0.001281
0.001277
0.001269
0.001266
0.001274
0.001287
0.001297
0.001298
0.001295
0.001290
0.001284
0.001270
0.001247
0.001222
0.001201
0.001188
0.001182
0.001186
0.001196
0.001206
0.001208
0.001204
0.001200
0.001202
0.001210
0.001224
0.001241
0.001254
0.001254
0.001244
0.001233
0.001225
0.001217
0.001205
0.001200
0.001207
0.001221
0.001232
0.001239
0.001247
0.001258
0.001266
0.001269
0.001271
0.001274
0.001272
0.001260
0.001241
0.001225
0.001216
0.001217
0.001231
0.001253
0.001281
0.001308
0.001330
0.001345
0.001349
0.001341
0.001327
0.001313
0.001302
0.001289
0.001273
0.001256
0.001244
0.001236
0.001230
0.001223
0.001218
0.001223
0.001238
0.001255
0.001267
0.001274
0.001282
0.001290
0.001291
0.001283
0.001272
0.001262
0.001253
0.001245
0.001242
0.001247
0.001255
0.001259
0.001258
0.001252
0.001242
0.001233
0.001232
0.001239
0.001244
0.001241
0.001235
0.001236
0.001243
0.001247
0.001243
0.001233
0.001223
0.001214
0.001207
0.001205
0.001207
0.001211
0.001218
0.001231
0.001248
0.001263
0.001269
0.001268
0.001263
0.001251
0.001232
0.001209
0.001193
0.001190
0.001195
0.001203
0.001210
0.001216
0.001222
0.001227
0.001233
0.001241
0.001248
0.001252
0.001248
0.001235
0.001219
0.001209
0.001211
0.001222
0.001236
0.001246
0.001249
0.001247
0.001243
0.001241
0.001247
0.001260
0.001275
0.001279
0.001269
0.001252
0.001241
0.001240
0.001244
0.001248
0.001251
0.001251
0.001245
0.001234
0.001220
0.001209
0.001201
0.001197
0.001196
0.001199
0.001202
0.001204
0.001205
0.001207
0.001206
0.001202
0.001201
0.001211
0.001233
0.001258
0.001277
0.001288
0.001290
0.001286
0.001275
0.001260
0.001247
0.001240
0.001239
0.001241
0.001242
0.001244
0.001250
0.001265
0.001284
0.001299
0.001304
0.001301
0.001292
0.001284
0.001282
0.001286
0.001287
0.001278
0.001257
0.001232
0.001211
0.001192
0.001179
0.001177
0.001189
0.001206
0.001222
0.001236
0.001249
0.001260
0.001263
0.001259
0.001254
0.001253
0.001254
0.001253
0.001249
0.001243
0.001235
0.001222
0.001205
0.001188
0.001178
0.001176
0.001184
0.001194
0.001204
0.001214
0.001228
0.001242
0.001257
0.001274
0.001297
0.001320
0.001335
0.001340
0.001343
0.001350
0.001355
0.001350
0.001332
0.001310
0.001287
0.001264
0.001241
0.001222
0.001212
0.001212
0.001220
0.001235
0.001250
0.001259
0.001258
0.001248
0.001236
0.001231
0.001236
0.001250
0.001264
0.001273
0.001275
0.001268
0.001253
0.001235
0.001222
0.001222
0.001229
0.001234
0.001232
0.001227
0.001224
0.001224
0.001226
0.001233
0.001244
0.001249
0.001244
0.001234
0.001229
0.001235
0.001249
0.001269
0.001291
0.001308
0.001313
0.001306
0.001293
0.001276
0.001255
0.001234
0.001225
0.001234
0.001252
0.001264
0.001262
0.001248
0.001230
0.001217
0.001210
0.001209
0.001213
0.001221
0.001238
0.001266
0.001298
0.001325
0.001339
0.001336
0.001319
0.001294
0.001267
0.001247
0.001237
0.001240
0.001253
0.001268
0.001278
0.001286
0.001296
0.001309
0.001319
0.001322
0.001321
0.001317
0.001305
0.001283
0.001259
0.001240
0.001229
0.001222
0.001220
0.001230
0.001245
0.001252
0.001242
0.001227
0.001217
0.001215
0.001214
0.001216
0.001226
0.001239
0.001242
0.001234
0.001223
0.001217
0.001215
0.001215
0.001213
0.001207
0.001195
0.001183
0.001182
0.001199
0.001227
0.001255
0.001278
0.001295
0.001301
0.001286
0.001254
0.001220
0.001204
0.001212
0.001232
0.001250
0.001262
0.001275
0.001293
0.001308
0.001308
0.001293
0.001274
0.001257
0.001242
0.001229
0.001228
0.001243
0.001262
0.001267
0.001257
0.001243
0.001231
0.001224
0.001220
0.001222
0.001232
0.001244
0.001251
0.001253
0.001252
0.001247
0.001238
0.001231
0.001231
0.001240
0.001251
0.001262
0.001268
0.001264
0.001250
0.001233
0.001222
0.001224
0.001229
0.001229
0.001226
0.001223
0.001222
0.001221
0.001218
0.001211
0.001198
0.001183
0.001174
0.001173
0.001178
0.001181
0.001180
0.001182
0.001192
0.001212
0.001233
0.001243
0.001238
0.001221
0.001199
0.001180
0.001168
0.001165
0.001169
0.001181
0.001198
0.001216
0.001228
0.001231
0.001224
0.001209
0.001184
0.001157
0.001140
0.001145
0.001165
0.001183
0.001186
0.001177
0.001168
0.001167
0.001172
0.001180
0.001193
0.001213
0.001234
0.001250
0.001261
0.001270
0.001276
0.001279
0.001279
0.001284
0.001300
0.001319
0.001330
0.001328
0.001319
0.001308
0.001294
0.001275
0.001255
0.001235
0.001217
0.001205
0.001202
0.001207
0.001213
0.001214
0.001210
0.001209
0.001217
0.001230
0.001245
0.001262
0.001279
0.001295
0.001306
0.001310
0.001309
0.001309
0.001316
0.001333
0.001352
0.001358
0.001339
0.001305
0.001274
0.001257
0.001249
0.001245
0.001241
0.001238
0.001235
0.001230
0.001229
0.001232
0.001238
0.001244
0.001249
0.001252
0.001250
0.001245
0.001239
0.001235
0.001237
0.001240
0.001243
0.001247
0.001256
0.001273
0.001297
0.001322
0.001339
0.001340
0.001327
0.001305
0.001280
0.001257
0.001241
0.001232
0.001229
0.001224
0.001216
0.001208
0.001202
0.001197
0.001190
0.001180
0.001165
0.001149
0.001135
0.001124
0.001115
0.001110
0.001111
0.001119
0.001132
0.001143
0.001151
0.001157
0.001160
0.001156
0.001147
0.001143
0.001148
0.001160
0.001171
0.001181
0.001191
0.001200
0.001208
0.001214
0.001214
0.001207
0.001191
0.001174
0.001164
0.001162
0.001167
0.001178
0.001200
0.001226
0.001243
0.001244
0.001234
0.001225
0.001222
0.001222
0.001219
0.001217
0.001220
0.001233
0.001250
0.001264
0.001267
0.001260
0.001247
0.001233
0.001222
0.001216
0.001217
0.001228
0.001244
0.001258
0.001264
0.001262
0.001259
0.001255
0.001245
0.001225
0.001195
0.001165
0.001147
0.001141
0.001138
0.001130
0.001123
0.001123
0.001130
0.001135
0.001136
0.001137
0.001143
0.001152
0.001160
0.001167
0.001174
0.001184
0.001197
0.001209
0.001218
0.001221
0.001222
0.001226
0.001233
0.001241
0.001244
0.001241
0.001237
0.001232
0.001228
0.001227
0.001230
0.001228
0.001213
0.001185
0.001159
0.001150
0.001156
0.001163
0.001166
0.001169
0.001177
0.001183
0.001178
0.001168
0.001165
0.001178
0.001199
0.001216
0.001228
0.001240
0.001252
0.001260
0.001262
0.001262
0.001266
0.001270
0.001267
0.001252
0.001228
0.001208
0.001203
0.001213
0.001228
0.001237
0.001236
0.001229
0.001220
0.001212
0.001207
0.001207
0.001211
0.001214
0.001213
0.001205
0.001192
0.001177
0.001165
0.001161
0.001167
0.001177
0.001185
0.001189
0.001194
0.001205
0.001224
0.001246
0.001263
0.001273
0.001274
0.001271
0.001267
0.001262
0.001258
0.001256
0.001260
0.001267
0.001272
0.001274
0.001277
0.001287
0.001303
0.001316
0.001315
0.001304
0.001295
0.001296
0.001300
0.001298
0.001289
0.001281
0.001280
0.001281
0.001277
0.001269
0.001257
0.001242
0.001223
0.001203
0.001189
0.001183
0.001184
0.001190
0.001205
0.001228
0.001255
0.001279
0.001292
0.001288
0.001265
0.001231
0.001201
0.001186
0.001187
0.001197
0.001206
0.001210
0.001210
0.001207
0.001205
0.001207
0.001213
0.001218
0.001217
0.001212
0.001204
0.001199
0.001199
0.001206
0.001222
0.001241
0.001259
0.001270
0.001278
0.001284
0.001289
0.001291
0.001288
0.001282
0.001277
0.001277
0.001282
0.001288
0.001289
0.001285
0.001283
0.001288
0.001298
0.001303
0.001302
0.001299
0.001299
0.001297
0.001292
0.001285
0.001285
0.001289
0.001292
0.001289
0.001281
0.001271
0.001260
0.001250
0.001244
0.001241
0.001239
0.001237
0.001238
0.001243
0.001248
0.001246
0.001236
0.001220
0.001204
0.001186
0.001169
0.001155
0.001145
0.001140
0.001140
0.001141
0.001145
0.001154
0.001167
0.001182
0.001193
0.001197
0.001200
0.001210
0.001224
0.001237
0.001248
0.001259
0.001269
0.001273
0.001265
0.001251
0.001242
0.001241
0.001246
0.001251
0.001256
0.001263
0.001275
0.001290
0.001299
0.001298
0.001290
0.001286
0.001290
0.001298
0.001301
0.001298
0.001293
0.001286
0.001275
0.001261
0.001247
0.001235
0.001226
0.001224
0.001231
0.001244
0.001257
0.001265
0.001268
0.001268
0.001262
0.001253
0.001248
0.001255
0.001268
0.001275
0.001267
0.001251
0.001240
0.001240
0.001245
0.001249
0.001244
0.001233
0.001222
0.001219
0.001220
0.001219
0.001212
0.001206
0.001206
0.001214
0.001224
0.001233
0.001240
0.001243
0.001242
0.001243
0.001248
0.001255
0.001257
0.001248
0.001232
0.001216
0.001204
0.001198
0.001198
0.001201
0.001204
0.001211
0.001226
0.001247
0.001265
0.001271
0.001266
0.001258
0.001256
0.001258
0.001258
0.001250
0.001238
0.001231
0.001236
0.001249
0.001264
0.001279
0.001295
0.001309
0.001316
0.001309
0.001291
0.001271
0.001252
0.001234
0.001220
0.001213
0.001220
0.001236
0.001255
0.001272
0.001283
0.001287
0.001280
0.001268
0.001257
0.001257
0.001266
0.001275
0.001273
0.001253
0.001226
0.001206
0.001202
0.001212
0.001228
0.001247
0.001269
0.001288
0.001298
0.001300
0.001298
0.001298
0.001298
0.001292
0.001278
0.001258
0.001235
0.001214
0.001201
0.001197
0.001200
0.001203
0.001204
0.001205
0.001206
0.001201
0.001191
0.001183
0.001183
0.001192
0.001205
0.001218
0.001232
0.001245
0.001258
0.001273
0.001288
0.001293
0.001283
0.001261
0.001239
0.001228
0.001226
0.001231
0.001243
0.001262
0.001280
0.001289
0.001287
0.001283
0.001281
0.001280
0.001273
0.001259
0.001245
0.001237
0.001235
0.001235
0.001229
0.001211
0.001186
0.001166
0.001160
0.001167
0.001179
0.001190
0.001197
0.001199
0.001195
0.001183
0.001170
0.001159
0.001152
0.001149
0.001150
0.001159
0.001172
0.001181
0.001181
0.001180
0.001189
0.001215
0.001250
0.001281
0.001302
0.001315
0.001326
0.001338
0.001348
0.001351
0.001343
0.001323
0.001298
0.001279
0.001274
0.001277
0.001282
0.001288
0.001297
0.001307
0.001305
0.001283
0.001247
0.001210
0.001185
0.001175
0.001177
0.001185
0.001195
0.001201
0.001202
0.001206
0.001220
0.001244
0.001271
0.001292
0.001298
0.001290
0.001272
0.001253
0.001240
0.001239
0.001246
0.001257
0.001271
0.001290
0.001312
0.001333
0.001345
0.001346
0.001340
0.001332
0.001322
0.001310
0.001295
0.001282
0.001273
0.001268
0.001268
0.001272
0.001280
0.001286
0.001287
0.001280
0.001264
0.001241
0.001216
0.001197
0.001194
0.001207
0.001227
0.001240
0.001236
0.001216
0.001191
0.001174
0.001169
0.001172
0.001176
0.001183
0.001196
0.001215
0.001234
0.001247
0.001247
0.001238
0.001230
0.001229
0.001234
0.001236
0.001229
0.001217
0.001207
0.001200
0.001189
0.001176
0.001168
0.001172
0.001180
0.001185
0.001183
0.001174
0.001160
0.001144
0.001131
0.001128
0.001136
0.001146
0.001150
0.001148
0.001146
0.001148
0.001153
0.001162
0.001174
0.001188
0.001199
0.001208
0.001215
0.001221
0.001225
0.001227
0.001229
0.001234
0.001244
0.001252
0.001252
0.001244
0.001234
0.001233
0.001244
0.001259
0.001272
0.001277
0.001278
0.001279
0.001282
0.001287
0.001292
0.001299
0.001307
0.001314
0.001316
0.001314
0.001314
0.001317
0.001318
0.001309
0.001289
0.001264
0.001242
0.001228
0.001224
0.001232
0.001253
0.001277
0.001289
0.001286
0.001278
0.001277
0.001284
0.001291
0.001290
0.001284
0.001279
0.001280
0.001283
0.001286
0.001286
0.001277
0.001260
0.001242
0.001228
0.001220
0.001215
0.001213
0.001218
0.001230
0.001240
0.001242
0.001234
0.001225
0.001218
0.001210
0.001203
0.001202
0.001211
0.001227
0.001238
0.001240
0.001240
0.001243
0.001250
0.001260
0.001273
0.001287
0.001296
0.001298
0.001293
0.001287
0.001280
0.001269
0.001257
0.001250
0.001249
0.001249
0.001240
0.001225
0.001214
0.001214
0.001224
0.001231
0.001225
0.001208
0.001195
0.001195
0.001204
0.001210
0.001209
0.001209
0.001214
0.001222
0.001226
0.001228
0.001230
0.001230
0.001225
0.001218
0.001212
0.001204
0.001192
0.001181
0.001185
0.001208
0.001240
0.001271
0.001294
0.001309
0.001317
0.001323
0.001330
0.001336
0.001331
0.001315
0.001296
0.001281
0.001271
0.001259
0.001247
0.001240
0.001238
0.001233
0.001221
0.001210
0.001207
0.001215
0.001227
0.001234
0.001235
0.001231
0.001228
0.001230
0.001234
0.001234
0.001228
0.001220
0.001218
0.001219
0.001216
0.001206
0.001192
0.001178
0.001170
0.001168
0.001170
0.001175
0.001182
0.001195
0.001211
0.001226
0.001235
0.001237
0.001232
0.001221
0.001211
0.001208
0.001215
0.001225
0.001230
0.001230
0.001231
0.001233
0.001231
0.001226
0.001222
0.001229
0.001240
0.001246
0.001239
0.001225
0.001212
0.001204
0.001201
0.001204
0.001215
0.001227
0.001233
0.001231
0.001226
0.001222
0.001220
0.001213
0.001201
0.001188
0.001180
0.001177
0.001180
0.001186
0.001194
0.001204
0.001218
0.001238
0.001256
0.001264
0.001258
0.001243
0.001226
0.001210
0.001196
0.001185
0.001178
0.001178
0.001186
0.001193
0.001191
0.001178
0.001164
0.001163
0.001177
0.001199
0.001223
0.001249
0.001277
0.001299
0.001310
0.001310
0.001300
0.001282
0.001257
0.001231
0.001209
0.001192
0.001182
0.001181
0.001194
0.001217
0.001238
0.001253
0.001261
0.001265
0.001262
0.001249
0.001231
0.001211
0.001196
0.001194
0.001211
0.001244
0.001276
0.001293
0.001292
0.001277
0.001256
0.001234
0.001221
0.001219
0.001224
0.001230
0.001237
0.001248
0.001261
0.001270
0.001272
0.001269
0.001262
0.001249
0.001236
0.001231
0.001239
0.001255
0.001269
0.001276
0.001274
0.001265
0.001250
0.001234
0.001224
0.001223
0.001229
0.001237
0.001241
0.001239
0.001234
0.001231
0.001234
0.001239
0.001239
0.001232
0.001218
0.001203
0.001187
0.001175
0.001169
0.001173
0.001185
0.001197
0.001208
0.001218
0.001230
0.001241
0.001247
0.001250
0.001255
0.001267
0.001288
0.001312
0.001329
0.001334
0.001326
0.001312
0.001299
0.001288
0.001274
0.001255
0.001236
0.001223
0.001217
0.001214
0.001211
0.001209
0.001209
0.001215
0.001226
0.001239
0.001241
0.001223
0.001190
0.001157
0.001140
0.001137
0.001139
0.001141
0.001145
0.001156
0.001173
0.001199
0.001232
0.001268
0.001298
0.001314
0.001316
0.001307
0.001294
0.001280
0.001275
0.001281
0.001295
0.001306
0.001310
0.001311
0.001311
0.001308
0.001299
0.001284
0.001268
0.001254
0.001243
0.001237
0.001234
0.001230
0.001225
0.001219
0.001218
0.001227
0.001242
0.001258
0.001263
0.001253
0.001233
0.001220
0.001223
0.001235
0.001245
0.001246
0.001240
0.001228
0.001210
0.001197
0.001197
0.001209
0.001215
0.001212
0.001209
0.001219
0.001236
0.001246
0.001247
0.001250
0.001261
0.001273
0.001278
0.001275
0.001266
0.001256
0.001249
0.001252
0.001267
0.001288
0.001308
0.001320
0.001322
0.001314
0.001303
0.001295
0.001291
0.001286
0.001278
0.001268
0.001258
0.001245
0.001228
0.001213
0.001204
0.001201
0.001197
0.001196
0.001206
0.001225
0.001243
0.001250
0.001247
0.001244
0.001250
0.001270
0.001295
0.001314
0.001316
0.001303
0.001282
0.001259
0.001241
0.001229
0.001226
0.001228
0.001230
0.001231
0.001233
0.001239
0.001247
0.001256
0.001264
0.001273
0.001279
0.001281
0.001274
0.001260
0.001244
0.001234
0.001235
0.001244
0.001255
0.001262
0.001264
0.001260
0.001249
0.001236
0.001227
0.001227
0.001233
0.001242
0.001251
0.001259
0.001268
0.001281
0.001301
0.001325
0.001346
0.001355
0.001351
0.001339
0.001326
0.001318
0.001314
0.001312
0.001309
0.001306
0.001307
0.001313
0.001317
0.001315
0.001308
0.001302
0.001296
0.001285
0.001270
0.001259
0.001260
0.001268
0.001273
0.001268
0.001257
0.001250
0.001257
0.001283
0.001318
0.001346
0.001355
0.001346
0.001332
0.001322
0.001318
0.001314
0.001306
0.001292
0.001276
0.001261
0.001250
0.001241
0.001235
0.001234
0.001238
0.001240
0.001236
0.001231
0.001231
0.001234
0.001235
0.001229
0.001223
0.001221
0.001223
0.001226
0.001232
0.001243
0.001252
0.001254
0.001254
0.001260
0.001273
0.001282
0.001284
0.001283
0.001284
0.001281
0.001272
0.001262
0.001261
0.001264
0.001261
0.001253
0.001247
0.001247
0.001245
0.001235
0.001221
0.001213
0.001211
0.001209
0.001207
0.001206
0.001208
0.001210
0.001211
0.001210
0.001209
0.001207
0.001202
0.001194
0.001184
0.001179
0.001182
0.001190
0.001199
0.001205
0.001210
0.001214
0.001211
0.001199
0.001189
0.001189
0.001201
0.001216
0.001231
0.001246
0.001256
0.001255
0.001239
0.001216
0.001196
0.001181
0.001172
0.001171
0.001180
0.001197
0.001218
0.001236
0.001250
0.001263
0.001279
0.001298
0.001317
0.001335
0.001354
0.001371
0.001376
0.001362
0.001330
0.001294
0.001265
0.001245
0.001232
0.001226
0.001228
0.001235
0.001241
0.001241
0.001239
0.001241
0.001246
0.001248
0.001243
0.001239
0.001241
0.001248
0.001256
0.001262
0.001267
0.001273
0.001279
0.001281
0.001283
0.001282
0.001275
0.001263
0.001253
0.001251
0.001251
0.001246
0.001238
0.001236
0.001247
0.001263
0.001274
0.001278
0.001274
0.001262
0.001247
0.001235
0.001233
0.001241
0.001258
0.001279
0.001296
0.001300
0.001290
0.001275
0.001263
0.001255
0.001248
0.001243
0.001245
0.001253
0.001265
0.001276
0.001285
0.001294
0.001309
0.001330
0.001345
0.001338
0.001310
0.001281
0.001266
0.001264
0.001260
0.001250
0.001244
0.001248
0.001262
0.001280
0.001298
0.001309
0.001307
0.001296
0.001287
0.001288
0.001295
0.001299
0.001298
0.001294
0.001292
0.001293
0.001299
0.001309
0.001321
0.001332
0.001337
0.001333
0.001319
0.001299
0.001280
0.001269
0.001266
0.001266
0.001264
0.001254
0.001236
0.001215
0.001200
0.001191
0.001188
0.001190
0.001194
0.001197
0.001194
0.001192
0.001197
0.001210
0.001220
0.001221
0.001219
0.001222
0.001231
0.001240
0.001250
0.001261
0.001269
0.001267
0.001255
0.001244
0.001239
0.001238
0.001232
0.001222
0.001214
0.001217
0.001234
0.001253
0.001263
0.001259
0.001249
0.001242
0.001242
0.001244
0.001245
0.001245
0.001243
0.001242
0.001241
0.001243
0.001249
0.001260
0.001271
0.001281
0.001286
0.001285
0.001278
0.001272
0.001271
0.001278
0.001291
0.001305
0.001313
0.001310
0.001299
0.001284
0.001270
0.001255
0.001244
0.001241
0.001251
0.001265
0.001272
0.001266
0.001254
0.001247
0.001248
0.001251
0.001249
0.001241
0.001236
0.001239
0.001245
0.001251
0.001254
0.001256
0.001254
0.001247
0.001239
0.001235
0.001239
0.001250
0.001265
0.001279
0.001287
0.001290
0.001293
0.001300
0.001313
0.001329
0.001343
0.001348
0.001344
0.001336
0.001331
0.001330
0.001332
0.001330
0.001324
0.001318
0.001313
0.001311
0.001311
0.001312
0.001312
0.001308
0.001299
0.001288
0.001278
0.001268
0.001258
0.001248
0.001239
0.001230
0.001216
0.001199
0.001187
0.001188
0.001203
0.001223
0.001240
0.001250
0.001254
0.001253
0.001246
0.001234
0.001224
0.001217
0.001209
0.001195
0.001183
0.001185
0.001202
0.001222
0.001235
0.001246
0.001263
0.001285
0.001303
0.001314
0.001317
0.001314
0.001305
0.001294
0.001287
0.001287
0.001292
0.001295
0.001295
0.001293
0.001289
0.001280
0.001266
0.001250
0.001240
0.001235
0.001231
0.001230
0.001246
0.001283
0.001324
0.001347
0.001347
0.001339
0.001339
0.001348
0.001355
0.001351
0.001335
0.001310
0.001281
0.001260
0.001251
0.001251
0.001249
0.001242
0.001232
0.001227
0.001229
0.001234
0.001238
0.001234
0.001222
0.001211
0.001209
0.001218
0.001232
0.001245
0.001258
0.001271
0.001281
0.001288
0.001292
0.001290
0.001282
0.001269
0.001255
0.001244
0.001234
0.001223
0.001214
0.001211
0.001217
0.001229
0.001243
0.001254
0.001259
0.001259
0.001255
0.001252
0.001251
0.001257
0.001269
0.001280
0.001284
0.001280
0.001273
0.001265
0.001257
0.001248
0.001240
0.001229
0.001213
0.001194
0.001181
0.001181
0.001193
0.001207
0.001217
0.001217
0.001214
0.001214
0.001221
0.001230
0.001230
0.001223
0.001218
0.001220
0.001226
0.001227
0.001223
0.001219
0.001217
0.001217
0.001218
0.001220
0.001224
0.001229
0.001236
0.001243
0.001249
0.001253
0.001253
0.001248
0.001240
0.001236
0.001245
0.001262
0.001272
0.001268
0.001255
0.001245
0.001236
0.001225
0.001211
0.001199
0.001193
0.001193
0.001197
0.001205
0.001216
0.001226
0.001232
0.001233
0.001229
0.001224
0.001224
0.001229
0.001233
0.001229
0.001218
0.001205
0.001198
0.001198
0.001202
0.001206
0.001207
0.001206
0.001212
0.001230
0.001250
0.001259
0.001253
0.001237
0.001222
0.001213
0.001211
0.001214
0.001217
0.001216
0.001208
0.001197
0.001189
0.001187
0.001192
0.001202
0.001214
0.001227
0.001241
0.001254
0.001265
0.001276
0.001288
0.001301
0.001306
0.001299
0.001283
0.001262
0.001239
0.001216
0.001195
0.001180
0.001169
0.001163
0.001165
0.001177
0.001195
0.001209
0.001217
0.001225
0.001233
0.001237
0.001233
0.001227
0.001228
0.001238
0.001251
0.001263
0.001269
0.001270
0.001264
0.001253
0.001238
0.001218
0.001197
0.001178
0.001164
0.001153
0.001145
0.001143
0.001149
0.001159
0.001171
0.001187
0.001211
0.001238
0.001260
0.001272
0.001277
0.001278
0.001277
0.001274
0.001273
0.001276
0.001282
0.001293
0.001305
0.001313
0.001314
0.001310
0.001304
0.001298
0.001286
0.001267
0.001243
0.001221
0.001202
0.001186
0.001170
0.001157
0.001152
0.001153
0.001158
0.001164
0.001167
0.001172
0.001187
0.001215
0.001250
0.001283
0.001307
0.001317
0.001315
0.001303
0.001287
0.001274
0.001265
0.001258
0.001247
0.001232
0.001216
0.001201
0.001195
0.001204
0.001225
0.001247
0.001255
0.001249
0.001239
0.001233
0.001232
0.001232
0.001232
0.001231
0.001226
0.001213
0.001192
0.001173
0.001162
0.001162
0.001169
0.001180
0.001189
0.001192
0.001193
0.001201
0.001220
0.001246
0.001268
0.001281
0.001287
0.001288
0.001283
0.001276
0.001274
0.001285
0.001308
0.001332
0.001348
0.001354
0.001357
0.001364
0.001373
0.001375
0.001363
0.001338
0.001310
0.001290
0.001283
0.001289
0.001297
0.001301
0.001298
0.001292
0.001285
0.001279
0.001271
0.001263
0.001256
0.001247
0.001235
0.001223
0.001221
0.001231
0.001251
0.001272
0.001287
0.001290
0.001286
0.001282
0.001280
0.001280
0.001278
0.001273
0.001264
0.001251
0.001234
0.001213
0.001194
0.001184
0.001182
0.001184
0.001187
0.001193
0.001208
0.001228
0.001242
0.001242
0.001229
0.001215
0.001209
0.001211
0.001218
0.001225
0.001228
0.001229
0.001233
0.001244
0.001259
0.001271
0.001275
0.001278
0.001284
0.001293
0.001297
0.001292
0.001281
0.001267
0.001256
0.001252
0.001255
0.001262
0.001273
0.001290
0.001312
0.001331
0.001341
0.001346
0.001348
0.001348
0.001339
0.001321
0.001297
0.001271
0.001247
0.001223
0.001202
0.001183
0.001167
0.001155
0.001152
0.001157
0.001170
0.001193
0.001221
0.001244
0.001249
0.001244
0.001242
0.001250
0.001260
0.001260
0.001251
0.001237
0.001221
0.001206
0.001197
0.001203
0.001218
0.001231
0.001237
0.001239
0.001242
0.001247
0.001254
0.001263
0.001272
0.001280
0.001284
0.001286
0.001283
0.001276
0.001266
0.001259
0.001256
0.001259
0.001263
0.001268
0.001270
0.001273
0.001279
0.001285
0.001289
0.001288
0.001283
0.001278
0.001277
0.001280
0.001285
0.001288
0.001287
0.001283
0.001281
0.001281
0.001283
0.001285
0.001293
0.001309
0.001327
0.001340
0.001344
0.001341
0.001334
0.001319
0.001298
0.001278
0.001266
0.001265
0.001271
0.001274
0.001267
0.001254
0.001244
0.001243
0.001244
0.001239
0.001231
0.001231
0.001240
0.001249
0.001252
0.001251
0.001252
0.001257
0.001260
0.001256
0.001244
0.001225
0.001208
0.001199
0.001200
0.001210
0.001222
0.001235
0.001248
0.001257
0.001257
0.001249
0.001239
0.001232
0.001224
0.001211
0.001196
0.001191
0.001203
0.001228
0.001252
0.001270
0.001282
0.001293
0.001303
0.001310
0.001310
0.001302
0.001287
0.001270
0.001262
0.001267
0.001280
0.001289
0.001291
0.001285
0.001276
0.001267
0.001261
0.001261
0.001262
0.001261
0.001258
0.001258
0.001261
0.001261
0.001257
0.001252
0.001249
0.001245
0.001239
0.001235
0.001234
0.001231
0.001223
0.001216
0.001218
0.001226
0.001230
0.001226
0.001215
0.001205
0.001202
0.001210
0.001231
0.001257
0.001282
0.001303
0.001322
0.001337
0.001342
0.001338
0.001331
0.001326
0.001318
0.001304
0.001287
0.001275
0.001275
0.001284
0.001294
0.001295
0.001291
0.001292
0.001304
0.001317
0.001318
0.001302
0.001280
0.001263
0.001257
0.001259
0.001266
0.001269
0.001264
0.001248
0.001229
0.001212
0.001203
0.001204
0.001217
0.001238
0.001259
0.001274
0.001284
0.001291
0.001298
0.001305
0.001309
0.001304
0.001290
0.001276
0.001272
0.001278
0.001282
0.001273
0.001257
0.001245
0.001244
0.001251
0.001260
0.001270
0.001278
0.001288
0.001299
0.001307
0.001306
0.001294
0.001273
0.001247
0.001220
0.001196
0.001183
0.001182
0.001190
0.001200
0.001211
0.001226
0.001244
0.001257
0.001261
0.001261
0.001264
0.001268
0.001265
0.001252
0.001233
0.001220
0.001217
0.001224
0.001232
0.001239
0.001243
0.001245
0.001245
0.001243
0.001244
0.001249
0.001256
0.001266
0.001278
0.001288
0.001292
0.001283
0.001264
0.001248
0.001244
0.001250
0.001253
0.001247
0.001236
0.001230
0.001237
0.001256
0.001281
0.001305
0.001326
0.001338
0.001337
0.001325
0.001309
0.001295
0.001280
0.001259
0.001235
0.001216
0.001204
0.001199
0.001200
0.001211
0.001231
0.001248
0.001256
0.001260
0.001267
0.001277
0.001284
0.001284
0.001282
0.001280
0.001280
0.001277
0.001272
0.001263
0.001250
0.001239
0.001232
0.001234
0.001245
0.001264
0.001286
0.001303
0.001309
0.001300
0.001280
0.001254
0.001229
0.001215
0.001217
0.001235
0.001258
0.001279
0.001295
0.001304
0.001302
0.001289
0.001274
0.001263
0.001258
0.001253
0.001249
0.001251
0.001261
0.001275
0.001286
0.001291
0.001291
0.001288
0.001285
0.001284
0.001282
0.001277
0.001270
0.001259
0.001249
0.001243
0.001240
0.001237
0.001225
0.001203
0.001180
0.001168
0.001171
0.001184
0.001199
0.001214
0.001226
0.001233
0.001235
0.001239
0.001245
0.001251
0.001256
0.001260
0.001265
0.001266
0.001257
0.001239
0.001218
0.001203
0.001197
0.001199
0.001199
0.001191
0.001179
0.001167
0.001157
0.001147
0.001134
0.001128
0.001131
0.001136
0.001136
0.001135
0.001141
0.001158
0.001178
0.001192
0.001204
0.001217
0.001232
0.001246
0.001255
0.001258
0.001254
0.001248
0.001248
0.001256
0.001263
0.001260
0.001250
0.001248
0.001258
0.001273
0.001280
0.001275
0.001263
0.001254
0.001253
0.001260
0.001272
0.001284
0.001294
0.001306
0.001320
0.001333
0.001337
0.001331
0.001323
0.001317
0.001313
0.001302
0.001284
0.001268
0.001263
0.001269
0.001280
0.001291
0.001297
0.001295
0.001284
0.001268
0.001257
0.001256
0.001265
0.001275
0.001282
0.001286
0.001288
0.001290
0.001293
0.001302
0.001322
0.001349
0.001375
0.001387
0.001377
0.001353
0.001330
0.001318
0.001311
0.001298
0.001276
0.001258
0.001250
0.001248
0.001239
0.001217
0.001193
0.001179
0.001182
0.001193
0.001201
0.001202
0.001199
0.001199
0.001207
0.001218
0.001228
0.001240
0.001255
0.001276
0.001298
0.001315
0.001325
0.001327
0.001322
0.001314
0.001307
0.001306
0.001312
0.001320
0.001325
0.001322
0.001311
0.001293
0.001275
0.001260
0.001254
0.001256
0.001260
0.001263
0.001266
0.001265
0.001255
0.001236
0.001213
0.001195
0.001186
0.001182
0.001180
0.001178
0.001178
0.001180
0.001180
0.001181
0.001183
0.001188
0.001193
0.001202
0.001218
0.001239
0.001259
0.001272
0.001278
0.001284
0.001293
0.001299
0.001295
0.001283
0.001272
0.001268
0.001270
0.001273
0.001273
0.001271
0.001271
0.001277
0.001287
0.001293
0.001293
0.001288
0.001285
0.001284
0.001280
0.001270
0.001258
0.001247
0.001237
0.001225
0.001217
0.001216
0.001222
0.001230
0.001236
0.001244
0.001250
0.001252
0.001248
0.001245
0.001251
0.001266
0.001281
0.001290
0.001292
0.001289
0.001289
0.001293
0.001296
0.001293
0.001282
0.001271
0.001267
0.001273
0.001286
0.001299
0.001305
0.001304
0.001301
0.001306
0.001321
0.001336
0.001337
0.001324
0.001311
0.001309
0.001315
0.001319
0.001318
0.001317
0.001318
0.001320
0.001317
0.001305
0.001289
0.001278
0.001275
0.001278
0.001275
0.001262
0.001243
0.001225
0.001213
0.001206
0.001203
0.001203
0.001205
0.001208
0.001217
0.001238
0.001269
0.001298
0.001309
0.001297
0.001274
0.001258
0.001259
0.001266
0.001266
0.001251
0.001230
0.001213
0.001206
0.001208
0.001215
0.001226
0.001238
0.001250
0.001265
0.001284
0.001306
0.001325
0.001333
0.001328
0.001312
0.001291
0.001275
0.001274
0.001285
0.001295
0.001293
0.001280
0.001266
0.001255
0.001248
0.001242
0.001237
0.001236
0.001236
0.001238
0.001248
0.001268
0.001292
0.001312
0.001320
0.001316
0.001303
0.001284
0.001260
0.001238
0.001224
0.001225
0.001243
0.001274
0.001311
0.001344
0.001365
0.001372
0.001370
0.001365
0.001362
0.001359
0.001351
0.001333
0.001308
0.001282
0.001260
0.001246
0.001240
0.001242
0.001247
0.001252
0.001258
0.001273
0.001295
0.001313
0.001319
0.001311
0.001297
0.001283
0.001272
0.001266
0.001266
0.001272
0.001283
0.001296
0.001310
0.001319
0.001317
0.001301
0.001278
0.001259
0.001254
0.001260
0.001271
0.001279
0.001286
0.001294
0.001303
0.001305
0.001297
0.001280
0.001260
0.001240
0.001225
0.001218
0.001220
0.001227
0.001238
0.001251
0.001262
0.001268
0.001265
0.001257
0.001252
0.001252
0.001253
0.001252
0.001251
0.001252
0.001254
0.001254
0.001252
0.001250
0.001247
0.001242
0.001236
0.001230
0.001228
0.001230
0.001234
0.001233
0.001225
0.001212
0.001202
0.001196
0.001191
0.001185
0.001184
0.001191
0.001201
0.001210
0.001217
0.001223
0.001228
0.001229
0.001226
0.001220
0.001207
0.001188
0.001168
0.001159
0.001167
0.001187
0.001208
0.001222
0.001227
0.001225
0.001224
0.001233
0.001246
0.001251
0.001243
0.001228
0.001217
0.001211
0.001208
0.001205
0.001200
0.001192
0.001180
0.001167
0.001157
0.001153
0.001154
0.001164
0.001183
0.001206
0.001223
0.001226
0.001217
0.001208
0.001207
0.001217
0.001231
0.001238
0.001235
0.001227
0.001221
0.001216
0.001207
0.001194
0.001188
0.001194
0.001210
0.001227
0.001235
0.001231
0.001218
0.001207
0.001202
0.001204
0.001206
0.001204
0.001202
0.001204
0.001207
0.001211
0.001218
0.001229
0.001239
0.001242
0.001241
0.001243
0.001247
0.001242
0.001228
0.001216
0.001217
0.001227
0.001235
0.001240
0.001246
0.001256
0.001265
0.001271
0.001275
0.001284
0.001295
0.001302
0.001308
0.001315
0.001325
0.001332
0.001327
0.001309
0.001285
0.001262
0.001247
0.001239
0.001239
0.001246
0.001260
0.001279
0.001296
0.001310
0.001321
0.001330
0.001335
0.001335
0.001336
0.001337
0.001335
0.001322
0.001300
0.001280
0.001269
0.001267
0.001269
0.001272
0.001275
0.001279
0.001281
0.001283
0.001287
0.001293
0.001299
0.001305
0.001309
0.001309
0.001298
0.001280
0.001268
0.001266
0.001267
0.001258
0.001238
0.001218
0.001210
0.001218
0.001241
0.001273
0.001304
0.001324
0.001328
0.001322
0.001323
0.001337
0.001359
0.001373
0.001373
0.001361
0.001342
0.001316
0.001291
0.001276
0.001277
0.001288
0.001298
0.001301
0.001300
0.001299
0.001292
0.001278
0.001263
0.001255
0.001258
0.001265
0.001269
0.001271
0.001277
0.001284
0.001283
0.001263
0.001230
0.001195
0.001171
0.001163
0.001166
0.001182
0.001207
0.001234
0.001254
0.001264
0.001274
0.001288
0.001303
0.001311
0.001311
0.001307
0.001302
0.001294
0.001282
0.001268
0.001255
0.001253
0.001264
0.001285
0.001304
0.001313
0.001317
0.001318
0.001315
0.001303
0.001288
0.001278
0.001272
0.001264
0.001249
0.001235
0.001222
0.001208
0.001193
0.001185
0.001188
0.001196
0.001202
0.001210
0.001229
0.001256
0.001281
0.001294
0.001296
0.001289
0.001278
0.001270
0.001268
0.001271
0.001271
0.001262
0.001243
0.001223
0.001208
0.001202
0.001202
0.001203
0.001203
0.001200
0.001199
0.001203
0.001216
0.001237
0.001257
0.001267
0.001266
0.001255
0.001238
0.001219
0.001204
0.001200
0.001208
0.001218
0.001223
0.001228
0.001239
0.001256
0.001272
0.001281
0.001288
0.001299
0.001313
0.001326
0.001334
0.001332
0.001321
0.001304
0.001286
0.001274
0.001271
0.001275
0.001280
0.001280
0.001273
0.001264
0.001258
0.001255
0.001256
0.001263
0.001279
0.001296
0.001305
0.001302
0.001293
0.001284
0.001274
0.001261
0.001250
0.001246
0.001248
0.001252
0.001254
0.001258
0.001264
0.001269
0.001267
0.001259
0.001246
0.001234
0.001225
0.001224
0.001229
0.001236
0.001241
0.001245
0.001250
0.001256
0.001259
0.001254
0.001242
0.001230
0.001223
0.001219
0.001213
0.001208
0.001212
0.001225
0.001242
0.001256
0.001267
0.001282
0.001302
0.001323
0.001338
0.001343
0.001335
0.001320
0.001303
0.001286
0.001267
0.001248
0.001238
0.001242
0.001255
0.001266
0.001271
0.001273
0.001271
0.001268
0.001262
0.001256
0.001246
0.001234
0.001227
0.001232
0.001245
0.001256
0.001263
0.001271
0.001283
0.001293
0.001294
0.001291
0.001292
0.001300
0.001312
0.001322
0.001330
0.001337
0.001344
0.001353
0.001360
0.001361
0.001359
0.001363
0.001376
0.001387
0.001388
0.001383
0.001382
0.001386
0.001384
0.001370
0.001349
0.001331
0.001319
0.001311
0.001304
0.001302
0.001310
0.001323
0.001331
0.001325
0.001312
0.001307
0.001314
0.001324
0.001326
0.001320
0.001310
0.001300
0.001293
0.001292
0.001296
0.001300
0.001299
0.001297
0.001299
0.001298
0.001291
0.001279
0.001271
0.001269
0.001267
0.001264
0.001264
0.001266
0.001264
0.001256
0.001252
0.001262
0.001283
0.001301
0.001309
0.001308
0.001298
0.001280
0.001258
0.001244
0.001245
0.001260
0.001279
0.001295
0.001309
0.001319
0.001320
0.001306
0.001277
0.001244
0.001220
0.001213
0.001220
0.001235
0.001249
0.001258
0.001260
0.001258
0.001258
0.001260
0.001260
0.001253
0.001243
0.001232
0.001223
0.001215
0.001211
0.001211
0.001215
0.001220
0.001230
0.001243
0.001255
0.001264
0.001274
0.001286
0.001298
0.001307
0.001315
0.001326
0.001338
0.001344
0.001342
0.001340
0.001339
0.001336
0.001321
0.001297
0.001274
0.001257
0.001241
0.001220
0.001196
0.001178
0.001179
0.001197
0.001221
0.001240
0.001255
0.001269
0.001280
0.001279
0.001264
0.001247
0.001244
0.001256
0.001276
0.001294
0.001302
0.001297
0.001283
0.001270
0.001268
0.001281
0.001303
0.001329
0.001355
0.001375
0.001380
0.001365
0.001337
0.001307
0.001280
0.001259
0.001248
0.001249
0.001259
0.001274
0.001288
0.001298
0.001303
0.001303
0.001300
0.001296
0.001289
0.001280
0.001274
0.001277
0.001288
0.001301
0.001313
0.001324
0.001333
0.001341
0.001345
0.001342
0.001332
0.001316
0.001301
0.001292
0.001292
0.001294
0.001296
0.001301
0.001309
0.001315
0.001313
0.001305
0.001296
0.001292
0.001288
0.001281
0.001270
0.001259
0.001252
0.001250
0.001248
0.001246
0.001243
0.001238
0.001235
0.001240
0.001254
0.001278
0.001306
0.001331
0.001345
0.001347
0.001340
0.001328
0.001317
0.001306
0.001293
0.001276
0.001259
0.001249
0.001242
0.001234
0.001225
0.001223
0.001233
0.001253
0.001276
0.001298
0.001312
0.001319
0.001321
0.001323
0.001326
0.001322
0.001307
0.001288
0.001276
0.001273
0.001272
0.001263
0.001244
0.001225
0.001216
0.001217
0.001221
0.001221
0.001216
0.001215
0.001225
0.001241
0.001256
0.001266
0.001274
0.001282
0.001287
0.001286
0.001281
0.001276
0.001273
0.001270
0.001268
0.001266
0.001265
0.001264
0.001262
0.001257
0.001249
0.001237
0.001225
0.001220
0.001227
0.001239
0.001245
0.001237
0.001219
0.001206
0.001205
0.001217
0.001240
0.001272
0.001303
0.001326
0.001339
0.001350
0.001359
0.001363
0.001360
0.001356
0.001354
0.001348
0.001334
0.001319
0.001317
0.001327
0.001335
0.001329
0.001313
0.001298
0.001288
0.001278
0.001263
0.001241
0.001213
0.001185
0.001167
0.001161
0.001166
0.001176
0.001193
0.001215
0.001239
0.001253
0.001256
0.001257
0.001263
0.001275
0.001289
0.001296
0.001295
0.001291
0.001291
0.001296
0.001298
0.001291
0.001277
0.001265
0.001261
0.001266
0.001278
0.001293
0.001304
0.001308
0.001307
0.001305
0.001301
0.001287
0.001266
0.001249
0.001244
0.001247
0.001250
0.001250
0.001251
0.001256
0.001260
0.001260
0.001256
0.001252
0.001254
0.001263
0.001272
0.001277
0.001280
0.001284
0.001288
0.001290
0.001291
0.001294
0.001300
0.001302
0.001298
0.001295
0.001299
0.001310
0.001321
0.001328
0.001333
0.001335
0.001331
0.001316
0.001295
0.001274
0.001259
0.001252
0.001251
0.001254
0.001262
0.001274
0.001287
0.001296
0.001300
0.001301
0.001298
0.001292
0.001286
0.001284
0.001289
0.001297
0.001304
0.001308
0.001310
0.001315
0.001324
0.001338
0.001353
0.001363
0.001363
0.001357
0.001347
0.001333
0.001317
0.001304
0.001301
0.001303
0.001295
0.001274
0.001249
0.001229
0.001217
0.001211
0.001208
0.001208
0.001208
0.001207
0.001209
0.001215
0.001221
0.001217
0.001203
0.001194
0.001202
0.001228
0.001261
0.001295
0.001331
0.001367
0.001395
0.001409
0.001412
0.001409
0.001400
0.001386
0.001368
0.001350
0.001335
0.001321
0.001310
0.001306
0.001314
0.001330
0.001347
0.001358
0.001363
0.001364
0.001366
0.001368
0.001369
0.001366
0.001358
0.001347
0.001338
0.001332
0.001327
0.001321
0.001316
0.001314
0.001313
0.001310
0.001302
0.001290
0.001276
0.001267
0.001267
0.001274
0.001281
0.001285
0.001286
0.001287
0.001289
0.001288
0.001281
0.001269
0.001254
0.001240
0.001230
0.001230
0.001238
0.001250
0.001262
0.001272
0.001279
0.001283
0.001281
0.001273
0.001263
0.001258
0.001262
0.001276
0.001295
0.001316
0.001330
0.001331
0.001323
0.001316
0.001316
0.001322
0.001329
0.001332
0.001332
0.001330
0.001328
0.001327
0.001329
0.001332
0.001333
0.001333
0.001333
0.001331
0.001325
0.001314
0.001303
0.001295
0.001295
0.001300
0.001304
0.001301
0.001288
0.001273
0.001260
0.001252
0.001247
0.001241
0.001236
0.001229
0.001222
0.001216
0.001216
0.001224
0.001237
0.001249
0.001259
0.001268
0.001275
0.001277
0.001275
0.001272
0.001271
0.001271
0.001273
0.001275
0.001279
0.001289
0.001304
0.001323
0.001339
0.001348
0.001353
0.001359
0.001364
0.001362
0.001348
0.001326
0.001304
0.001287
0.001279
0.001278
0.001287
0.001306
0.001330
0.001353
0.001364
0.001361
0.001346
0.001325
0.001307
0.001294
0.001286
0.001281
0.001280
0.001288
0.001307
0.001333
0.001354
0.001363
0.001361
0.001357
0.001357
0.001361
0.001366
0.001371
0.001377
0.001381
0.001379
0.001368
0.001356
0.001350
0.001352
0.001359
0.001363
0.001361
0.001353
0.001341
0.001325
0.001307
0.001291
0.001279
0.001276
0.001282
0.001291
0.001295
0.001287
0.001272
0.001261
0.001262
0.001269
0.001275
0.001278
0.001283
0.001296
0.001312
0.001325
0.001332
0.001332
0.001327
0.001319
0.001310
0.001305
0.001306
0.001311
0.001315
0.001315
0.001313
0.001306
0.001293
0.001279
0.001269
0.001271
0.001280
0.001286
0.001284
0.001277
0.001276
0.001281
0.001289
0.001299
0.001310
0.001319
0.001319
0.001310
0.001299
0.001292
0.001288
0.001284
0.001279
0.001275
0.001269
0.001255
0.001237
0.001225
0.001224
0.001228
0.001232
0.001231
0.001228
0.001226
0.001227
0.001231
0.001231
0.001227
0.001221
0.001215
0.001210
0.001200
0.001186
0.001177
0.001182
0.001201
0.001223
0.001239
0.001242
0.001234
0.001224
0.001221
0.001226
0.001233
0.001234
0.001231
0.001229
0.001233
0.001240
0.001246
0.001246
0.001239
0.001229
0.001222
0.001222
0.001224
0.001222
0.001218
0.001216
0.001217
0.001220
0.001222
0.001225
0.001233
0.001245
0.001260
0.001272
0.001279
0.001281
0.001283
0.001290
0.001298
0.001303
0.001303
0.001304
0.001305
0.001302
0.001294
0.001282
0.001270
0.001259
0.001251
0.001253
0.001268
0.001289
0.001304
0.001306
0.001297
0.001279
0.001259
0.001245
0.001245
0.001255
0.001264
0.001265
0.001260
0.001257
0.001256
0.001257
0.001259
0.001262
0.001263
0.001261
0.001256
0.001248
0.001235
0.001221
0.001209
0.001205
0.001214
0.001234
0.001261
0.001286
0.001304
0.001311
0.001307
0.001294
0.001276
0.001259
0.001248
0.001240
0.001230
0.001220
0.001216
0.001219
0.001223
0.001226
0.001228
0.001230
0.001232
0.001241
0.001260
0.001285
0.001300
0.001298
0.001286
0.001277
0.001275
0.001275
0.001271
0.001262
0.001248
0.001236
0.001234
0.001246
0.001264
0.001279
0.001288
0.001293
0.001298
0.001301
0.001306
0.001315
0.001323
0.001322
0.001310
0.001289
0.001263
0.001232
0.001196
0.001166
0.001146
0.001138
0.001140
0.001155
0.001183
0.001215
0.001244
0.001268
0.001287
0.001294
0.001284
0.001260
0.001234
0.001219
0.001215
0.001215
0.001212
0.001207
0.001206
0.001214
0.001228
0.001242
0.001251
0.001256
0.001261
0.001266
0.001269
0.001275
0.001288
0.001309
0.001329
0.001339
0.001337
0.001328
0.001317
0.001309
0.001306
0.001314
0.001330
0.001348
0.001359
0.001360
0.001360
0.001365
0.001374
0.001380
0.001381
0.001376
0.001363
0.001342
0.001319
0.001306
0.001308
0.001317
0.001317
0.001301
0.001276
0.001255
0.001248
0.001256
0.001274
0.001289
0.001295
0.001293
0.001293
0.001301
0.001317
0.001331
0.001333
0.001320
0.001302
0.001290
0.001289
0.001297
0.001307
0.001313
0.001313
0.001306
0.001300
0.001297
0.001296
0.001290
0.001280
0.001268
0.001254
0.001239
0.001229
0.001230
0.001238
0.001242
0.001237
0.001230
0.001229
0.001231
0.001230
0.001229
0.001231
0.001232
0.001225
0.001214
0.001209
0.001209
0.001207
0.001203
0.001207
0.001224
0.001246
0.001268
0.001288
0.001304
0.001308
0.001297
0.001281
0.001269
0.001265
0.001265
0.001273
0.001288
0.001300
0.001303
0.001300
0.001299
0.001299
0.001292
0.001274
0.001250
0.001228
0.001213
0.001203
0.001201
0.001205
0.001214
0.001224
0.001236
0.001252
0.001265
0.001269
0.001264
0.001260
0.001265
0.001278
0.001290
0.001297
0.001299
0.001296
0.001290
0.001280
0.001270
0.001262
0.001255
0.001247
0.001240
0.001238
0.001241
0.001243
0.001244
0.001244
0.001248
0.001257
0.001268
0.001276
0.001280
0.001280
0.001278
0.001276
0.001274
0.001273
0.001273
0.001277
0.001282
0.001288
0.001297
0.001312
0.001328
0.001335
0.001329
0.001318
0.001310
0.001307
0.001305
0.001300
0.001293
0.001284
0.001276
0.001272
0.001276
0.001285
0.001291
0.001285
0.001268
0.001246
0.001230
0.001228
0.001234
0.001239
0.001237
0.001234
0.001236
0.001245
0.001257
0.001264
0.001262
0.001255
0.001247
0.001243
0.001245
0.001253
0.001262
0.001268
0.001270
0.001264
0.001249
0.001231
0.001221
0.001224
0.001237
0.001250
0.001255
0.001255
0.001256
0.001260
0.001263
0.001259
0.001250
0.001242
0.001239
0.001239
0.001237
0.001231
0.001222
0.001211
0.001200
0.001190
0.001184
0.001183
0.001189
0.001199
0.001208
0.001209
0.001205
0.001200
0.001197
0.001192
0.001185
0.001181
0.001186
0.001200
0.001221
0.001243
0.001267
0.001288
0.001303
0.001309
0.001308
0.001299
0.001282
0.001261
0.001248
0.001250
0.001268
0.001290
0.001305
0.001306
0.001296
0.001286
0.001285
0.001294
0.001307
0.001315
0.001317
0.001313
0.001303
0.001289
0.001277
0.001272
0.001274
0.001276
0.001275
0.001277
0.001285
0.001293
0.001293
0.001279
0.001253
0.001228
0.001212
0.001205
0.001206
0.001212
0.001221
0.001234
0.001252
0.001272
0.001290
0.001302
0.001304
0.001301
0.001301
0.001309
0.001319
0.001326
0.001329
0.001330
0.001328
0.001319
0.001303
0.001289
0.001281
0.001279
0.001277
0.001275
0.001274
0.001274
0.001270
0.001257
0.001237
0.001215
0.001201
0.001204
0.001227
0.001256
0.001277
0.001285
0.001290
0.001300
0.001310
0.001314
0.001308
0.001298
0.001290
0.001289
0.001292
0.001293
0.001288
0.001278
0.001263
0.001243
0.001218
0.001196
0.001189
0.001199
0.001212
0.001211
0.001198
0.001187
0.001185
0.001186
0.001187
0.001190
0.001203
0.001222
0.001240
0.001251
0.001256
0.001256
0.001252
0.001246
0.001242
0.001243
0.001249
0.001254
0.001249
0.001236
0.001222
0.001219
0.001224
0.001233
0.001242
0.001254
0.001266
0.001268
0.001257
0.001239
0.001225
0.001213
0.001202
0.001194
0.001196
0.001206
0.001218
0.001229
0.001239
0.001245
0.001242
0.001234
0.001227
0.001224
0.001222
0.001220
0.001219
0.001220
0.001219
0.001219
0.001228
0.001245
0.001262
0.001271
0.001277
0.001284
0.001287
0.001280
0.001268
0.001262
0.001266
0.001277
0.001288
0.001300
0.001309
0.001313
0.001311
0.001311
0.001315
0.001318
0.001313
0.001300
0.001286
0.001277
0.001274
0.001273
0.001273
0.001273
0.001278
0.001287
0.001298
0.001305
0.001303
0.001294
0.001278
0.001263
0.001251
0.001243
0.001239
0.001235
0.001232
0.001235
0.001243
0.001253
0.001260
0.001263
0.001266
0.001269
0.001277
0.001287
0.001297
0.001303
0.001302
0.001297
0.001291
0.001286
0.001283
0.001281
0.001281
0.001286
0.001299
0.001316
0.001325
0.001324
0.001316
0.001308
0.001299
0.001288
0.001277
0.001270
0.001267
0.001260
0.001249
0.001243
0.001245
0.001248
0.001246
0.001241
0.001243
0.001250
0.001256
0.001255
0.001251
0.001250
0.001249
0.001242
0.001231
0.001226
0.001237
0.001258
0.001282
0.001303
0.001320
0.001335
0.001347
0.001350
0.001344
0.001333
0.001319
0.001306
0.001299
0.001299
0.001303
0.001303
0.001300
0.001296
0.001294
0.001294
0.001296
0.001298
0.001293
0.001274
0.001244
0.001218
0.001207
0.001210
0.001221
0.001238
0.001258
0.001275
0.001284
0.001286
0.001288
0.001291
0.001285
0.001268
0.001245
0.001227
0.001214
0.001204
0.001197
0.001202
0.001223
0.001250
0.001271
0.001278
0.001274
0.001269
0.001268
0.001274
0.001279
0.001273
0.001256
0.001238
0.001229
0.001232
0.001245
0.001266
0.001295
0.001325
0.001344
0.001347
0.001340
0.001333
0.001329
0.001327
0.001325
0.001325
0.001327
0.001331
0.001332
0.001328
0.001323
0.001321
0.001326
0.001329
0.001324
0.001312
0.001303
0.001302
0.001302
0.001292
0.001275
0.001263
0.001265
0.001272
0.001275
0.001272
0.001269
0.001266
0.001262
0.001255
0.001249
0.001243
0.001231
0.001214
0.001196
0.001184
0.001180
0.001182
0.001188
0.001200
0.001220
0.001247
0.001270
0.001283
0.001289
0.001295
0.001302
0.001302
0.001295
0.001289
0.001293
0.001307
0.001326
0.001346
0.001364
0.001371
0.001362
0.001341
0.001322
0.001314
0.001315
0.001321
0.001328
0.001333
0.001336
0.001338
0.001341
0.001345
0.001345
0.001341
0.001333
0.001323
0.001309
0.001294
0.001283
0.001278
0.001276
0.001274
0.001271
0.001265
0.001259
0.001257
0.001265
0.001279
0.001287
0.001284
0.001273
0.001266
0.001268
0.001276
0.001285
0.001291
0.001294
0.001292
0.001284
0.001269
0.001246
0.001221
0.001205
0.001203
0.001214
0.001229
0.001240
0.001249
0.001259
0.001269
0.001280
0.001289
0.001298
0.001304
0.001303
0.001294
0.001281
0.001273
0.001274
0.001280
0.001280
0.001268
0.001244
0.001215
0.001190
0.001179
0.001187
0.001209
0.001231
0.001239
0.001231
0.001217
0.001205
0.001202
0.001205
0.001213
0.001224
0.001236
0.001249
0.001257
0.001260
0.001261
0.001265
0.001270
0.001272
0.001269
0.001260
0.001247
0.001231
0.001216
0.001211
0.001219
0.001233
0.001244
0.001248
0.001249
0.001249
0.001252
0.001260
0.001273
0.001282
0.001281
0.001273
0.001267
0.001271
0.001283
0.001297
0.001305
0.001304
0.001297
0.001294
0.001304
0.001323
0.001343
0.001356
0.001360
0.001356
0.001343
0.001323
0.001304
0.001294
0.001294
0.001297
0.001293
0.001280
0.001261
0.001244
0.001237
0.001238
0.001247
0.001260
0.001272
0.001277
0.001273
0.001261
0.001249
0.001238
0.001229
0.001221
0.001217
0.001216
0.001217
0.001220
0.001226
0.001231
0.001230
0.001221
0.001211
0.001202
0.001194
0.001188
0.001193
0.001217
0.001253
0.001281
0.001290
0.001285
0.001280
0.001282
0.001285
0.001285
0.001279
0.001269
0.001257
0.001251
0.001254
0.001264
0.001271
0.001269
0.001262
0.001258
0.001260
0.001268
0.001279
0.001294
0.001306
0.001313
0.001315
0.001314
0.001314
0.001312
0.001310
0.001310
0.001311
0.001312
0.001308
0.001303
0.001301
0.001302
0.001301
0.001297
0.001292
0.001292
0.001294
0.001294
0.001288
0.001274
0.001252
0.001226
0.001202
0.001188
0.001189
0.001205
0.001229
0.001257
0.001281
0.001297
0.001306
0.001311
0.001312
0.001311
0.001306
0.001298
0.001291
0.001286
0.001282
0.001274
0.001259
0.001244
0.001241
0.001254
0.001275
0.001293
0.001303
0.001310
0.001319
0.001326
0.001328
0.001326
0.001321
0.001316
0.001308
0.001296
0.001282
0.001276
0.001282
0.001297
0.001310
0.001316
0.001322
0.001331
0.001340
0.001337
0.001322
0.001300
0.001280
0.001264
0.001255
0.001252
0.001254
0.001257
0.001256
0.001252
0.001247
0.001241
0.001236
0.001233
0.001236
0.001247
0.001267
0.001294
0.001320
0.001339
0.001348
0.001351
0.001349
0.001342
0.001330
0.001316
0.001303
0.001297
0.001298
0.001305
0.001313
0.001317
0.001316
0.001316
0.001323
0.001340
0.001360
0.001373
0.001377
0.001375
0.001370
0.001365
0.001356
0.001344
0.001331
0.001321
0.001311
0.001302
0.001296
0.001298
0.001305
0.001312
0.001316
0.001317
0.001314
0.001303
0.001282
0.001261
0.001252
0.001259
0.001273
0.001281
0.001277
0.001265
0.001252
0.001245
0.001245
0.001252
0.001263
0.001274
0.001278
0.001273
0.001263
0.001260
0.001274
0.001302
0.001331
0.001349
0.001354
0.001342
0.001318
0.001291
0.001276
0.001279
0.001293
0.001304
0.001308
0.001303
0.001293
0.001281
0.001272
0.001270
0.001272
0.001279
0.001291
0.001308
0.001325
0.001333
0.001335
0.001340
0.001352
0.001369
0.001384
0.001395
0.001398
0.001388
0.001363
0.001332
0.001306
0.001295
0.001292
0.001292
0.001290
0.001286
0.001278
0.001266
0.001249
0.001237
0.001232
0.001229
0.001223
0.001213
0.001209
0.001220
0.001244
0.001270
0.001287
0.001296
0.001303
0.001315
0.001332
0.001346
0.001352
0.001350
0.001343
0.001334
0.001327
0.001322
0.001321
0.001321
0.001321
0.001320
0.001319
0.001317
0.001317
0.001314
0.001308
0.001300
0.001293
0.001295
0.001303
0.001306
0.001296
0.001275
0.001253
0.001237
0.001232
0.001240
0.001258
0.001278
0.001292
0.001298
0.001303
0.001309
0.001310
0.001301
0.001287
0.001272
0.001259
0.001247
0.001245
0.001255
0.001272
0.001282
0.001281
0.001278
0.001279
0.001281
0.001277
0.001266
0.001255
0.001249
0.001252
0.001265
0.001284
0.001304
0.001319
0.001328
0.001327
0.001314
0.001289
0.001256
0.001224
0.001204
0.001201
0.001212
0.001228
0.001241
0.001249
0.001256
0.001266
0.001277
0.001283
0.001276
0.001259
0.001242
0.001234
0.001233
0.001234
0.001237
0.001248
0.001270
0.001289
0.001294
0.001282
0.001270
0.001269
0.001280
0.001293
0.001299
0.001302
0.001306
0.001315
0.001325
0.001330
0.001327
0.001317
0.001306
0.001297
0.001293
0.001300
0.001318
0.001342
0.001360
0.001367
0.001365
0.001356
0.001342
0.001327
0.001316
0.001312
0.001305
0.001290
0.001273
0.001271
0.001290
0.001319
0.001340
0.001342
0.001329
0.001316
0.001311
0.001312
0.001312
0.001308
0.001304
0.001306
0.001314
0.001324
0.001329
0.001326
0.001313
0.001298
0.001288
0.001288
0.001294
0.001301
0.001308
0.001318
0.001323
0.001318
0.001308
0.001303
0.001308
0.001321
0.001333
0.001343
0.001350
0.001353
0.001351
0.001347
0.001340
0.001330
0.001317
0.001304
0.001292
0.001280
0.001265
0.001255
0.001255
0.001265
0.001282
0.001300
0.001318
0.001333
0.001348
0.001365
0.001381
0.001390
0.001390
0.001385
0.001380
0.001375
0.001370
0.001367
0.001366
0.001363
0.001352
0.001337
0.001327
0.001327
0.001333
0.001340
0.001341
0.001331
0.001310
0.001289
0.001282
0.001290
0.001301
0.001304
0.001301
0.001295
0.001287
0.001277
0.001268
0.001265
0.001269
0.001276
0.001285
0.001294
0.001299
0.001297
0.001291
0.001290
0.001300
0.001316
0.001323
0.001316
0.001299
0.001287
0.001287
0.001292
0.001295
0.001295
0.001298
0.001306
0.001310
0.001304
0.001287
0.001270
0.001263
0.001267
0.001279
0.001294
0.001309
0.001323
0.001332
0.001335
0.001334
0.001333
0.001334
0.001333
0.001330
0.001324
0.001318
0.001311
0.001301
0.001291
0.001283
0.001274
0.001264
0.001256
0.001253
0.001253
0.001251
0.001245
0.001241
0.001239
0.001236
0.001230
0.001225
0.001225
0.001229
0.001232
0.001234
0.001236
0.001237
0.001237
0.001240
0.001249
0.001261
0.001268
0.001269
0.001273
0.001286
0.001308
0.001329
0.001343
0.001343
0.001329
0.001308
0.001289
0.001277
0.001266
0.001247
0.001222
0.001206
0.001213
0.001241
0.001275
0.001302
0.001316
0.001319
0.001311
0.001295
0.001276
0.001261
0.001252
0.001243
0.001234
0.001228
0.001233
0.001247
0.001262
0.001273
0.001282
0.001289
0.001289
0.001280
0.001269
0.001261
0.001260
0.001262
0.001265
0.001269
0.001272
0.001267
0.001252
0.001234
0.001225
0.001231
0.001244
0.001258
0.001265
0.001267
0.001268
0.001274
0.001289
0.001314
0.001339
0.001355
0.001355
0.001341
0.001322
0.001309
0.001309
0.001317
0.001325
0.001329
0.001334
0.001341
0.001347
0.001345
0.001337
0.001328
0.001321
0.001310
0.001296
0.001285
0.001281
0.001285
0.001291
0.001294
0.001289
0.001275
0.001259
0.001251
0.001249
0.001249
0.001247
0.001250
0.001265
0.001283
0.001295
0.001299
0.001302
0.001304
0.001304
0.001301
0.001300
0.001302
0.001299
0.001288
0.001270
0.001252
0.001238
0.001231
0.001234
0.001244
0.001254
0.001259
0.001264
0.001273
0.001286
0.001296
0.001295
0.001286
0.001277
0.001270
0.001263
0.001255
0.001252
0.001255
0.001262
0.001266
0.001269
0.001276
0.001293
0.001313
0.001325
0.001325
0.001319
0.001310
0.001297
0.001278
0.001257
0.001241
0.001239
0.001249
0.001264
0.001278
0.001287
0.001291
0.001286
0.001270
0.001250
0.001238
0.001241
0.001253
0.001262
0.001265
0.001267
0.001271
0.001270
0.001262
0.001254
0.001252
0.001253
0.001254
0.001260
0.001272
0.001285
0.001290
0.001286
0.001284
0.001286
0.001287
0.001282
0.001275
0.001273
0.001277
0.001280
0.001279
0.001272
0.001261
0.001252
0.001247
0.001246
0.001247
0.001248
0.001248
0.001246
0.001245
0.001250
0.001262
0.001276
0.001284
0.001284
0.001280
0.001272
0.001260
0.001247
0.001239
0.001235
0.001231
0.001223
0.001215
0.001208
0.001199
0.001189
0.001181
0.001182
0.001195
0.001220
0.001251
0.001281
0.001304
0.001319
0.001327
0.001324
0.001311
0.001293
0.001282
0.001280
0.001277
0.001266
0.001254
0.001255
0.001269
0.001283
0.001291
0.001296
0.001303
0.001308
0.001303
0.001287
0.001267
0.001253
0.001247
0.001251
0.001258
0.001261
0.001257
0.001257
0.001266
0.001282
0.001293
0.001291
0.001281
0.001269
0.001259
0.001253
0.001253
0.001259
0.001271
0.001281
0.001279
0.001264
0.001244
0.001233
0.001236
0.001248
0.001255
0.001251
0.001241
0.001233
0.001231
0.001233
0.001238
0.001247
0.001261
0.001275
0.001287
0.001293
0.001295
0.001297
0.001303
0.001314
0.001323
0.001326
0.001325
0.001324
0.001322
0.001317
0.001313
0.001312
0.001310
0.001300
0.001283
0.001269
0.001265
0.001265
0.001263
0.001260
0.001259
0.001259
0.001260
0.001263
0.001275
0.001286
0.001283
0.001261
0.001235
0.001221
0.001225
0.001237
0.001246
0.001249
0.001251
0.001257
0.001266
0.001274
0.001273
0.001263
0.001253
0.001249
0.001253
0.001259
0.001259
0.001252
0.001243
0.001240
0.001245
0.001252
0.001257
0.001257
0.001262
0.001274
0.001293
0.001314
0.001332
0.001347
0.001356
0.001356
0.001345
0.001329
0.001314
0.001306
0.001302
0.001303
0.001310
0.001324
0.001341
0.001358
0.001370
0.001373
0.001358
0.001324
0.001280
0.001244
0.001231
0.001233
0.001235
0.001228
0.001219
0.001218
0.001223
0.001228
0.001234
0.001244
0.001258
0.001267
0.001267
0.001261
0.001258
0.001257
0.001254
0.001249
0.001247
0.001250
0.001256
0.001258
0.001258
0.001261
0.001269
0.001279
0.001286
0.001290
0.001298
0.001313
0.001331
0.001341
0.001340
0.001325
0.001299
0.001266
0.001234
0.001212
0.001203
0.001202
0.001206
0.001214
0.001225
0.001235
0.001241
0.001237
0.001226
0.001211
0.001200
0.001199
0.001209
0.001228
0.001255
0.001282
0.001300
0.001303
0.001295
0.001278
0.001257
0.001237
0.001223
0.001222
0.001231
0.001244
0.001255
0.001265
0.001277
0.001292
0.001306
0.001315
0.001314
0.001303
0.001287
0.001272
0.001264
0.001261
0.001259
0.001256
0.001247
0.001232
0.001216
0.001213
0.001231
0.001264
0.001294
0.001307
0.001307
0.001303
0.001302
0.001299
0.001292
0.001282
0.001275
0.001273
0.001272
0.001272
0.001280
0.001297
0.001316
0.001330
0.001341
0.001354
0.001365
0.001368
0.001363
0.001361
0.001366
0.001366
0.001351
0.001321
0.001290
0.001268
0.001258
0.001257
0.001262
0.001275
0.001297
0.001327
0.001354
0.001361
0.001346
0.001319
0.001298
0.001286
0.001279
0.001273
0.001268
0.001263
0.001258
0.001256
0.001260
0.001269
0.001280
0.001292
0.001305
0.001318
0.001322
0.001316
0.001306
0.001299
0.001296
0.001295
0.001298
0.001307
0.001320
0.001327
0.001319
0.001299
0.001276
0.001262
0.001262
0.001272
0.001285
0.001295
0.001299
0.001300
0.001300
0.001301
0.001302
0.001306
0.001313
0.001324
0.001333
0.001333
0.001323
0.001314
0.001315
0.001323
0.001330
0.001330
0.001325
0.001318
0.001311
0.001300
0.001286
0.001271
0.001260
0.001257
0.001264
0.001277
0.001287
0.001295
0.001303
0.001314
0.001324
0.001328
0.001320
0.001300
0.001269
0.001234
0.001206
0.001198
0.001211
0.001236
0.001264
0.001291
0.001312
0.001323
0.001323
0.001317
0.001311
0.001304
0.001291
0.001269
0.001245
0.001228
0.001226
0.001233
0.001244
0.001253
0.001260
0.001267
0.001274
0.001281
0.001286
0.001289
0.001285
0.001271
0.001252
0.001239
0.001239
0.001248
0.001255
0.001260
0.001265
0.001273
0.001284
0.001298
0.001314
0.001331
0.001345
0.001354
0.001359
0.001362
0.001362
0.001351
0.001329
0.001307
0.001295
0.001293
0.001291
0.001286
0.001280
0.001281
0.001289
0.001300
0.001313
0.001326
0.001333
0.001333
0.001332
0.001337
0.001349
0.001358
0.001354
0.001338
0.001322
0.001314
0.001317
0.001327
0.001335
0.001330
0.001310
0.001283
0.001261
0.001253
0.001259
0.001276
0.001297
0.001309
0.001305
0.001291
0.001278
0.001269
0.001259
0.001248
0.001244
0.001251
0.001263
0.001272
0.001282
0.001297
0.001314
0.001323
0.001318
0.001305
0.001289
0.001276
0.001271
0.001275
0.001283
0.001289
0.001290
0.001293
0.001304
0.001320
0.001331
0.001334
0.001329
0.001319
0.001307
0.001294
0.001283
0.001274
0.001268
0.001265
0.001259
0.001246
0.001227
0.001214
0.001210
0.001213
0.001215
0.001212
0.001211
0.001219
0.001237
0.001259
0.001278
0.001289
0.001288
0.001283
0.001275
0.001263
0.001247
0.001231
0.001223
0.001224
0.001231
0.001242
0.001262
0.001287
0.001310
0.001327
0.001342
0.001357
0.001371
0.001373
0.001361
0.001340
0.001317
0.001298
0.001286
0.001285
0.001294
0.001311
0.001330
0.001344
0.001349
0.001345
0.001335
0.001321
0.001305
0.001291
0.001286
0.001293
0.001309
0.001329
0.001352
0.001377
0.001400
0.001416
0.001424
0.001426
0.001422
0.001409
0.001389
0.001366
0.001345
0.001330
0.001325
0.001330
0.001340
0.001352
0.001360
0.001359
0.001339
0.001303
0.001266
0.001244
0.001242
0.001248
0.001256
0.001265
0.001276
0.001282
0.001278
0.001266
0.001258
0.001261
0.001274
0.001290
0.001307
0.001320
0.001327
0.001322
0.001305
0.001289
0.001286
0.001301
0.001322
0.001336
0.001337
0.001330
0.001325
0.001324
0.001325
0.001327
0.001324
0.001315
0.001305
0.001302
0.001308
0.001318
0.001326
0.001327
0.001323
0.001320
0.001322
0.001331
0.001343
0.001350
0.001346
0.001333
0.001320
0.001313
0.001311
0.001311
0.001309
0.001303
0.001297
0.001297
0.001300
0.001300
0.001295
0.001287
0.001279
0.001271
0.001261
0.001253
0.001250
0.001257
0.001271
0.001289
0.001303
0.001309
0.001305
0.001297
0.001293
0.001297
0.001305
0.001316
0.001329
0.001341
0.001345
0.001341
0.001333
0.001322
0.001311
0.001302
0.001301
0.001307
0.001311
0.001310
0.001309
0.001315
0.001326
0.001338
0.001344
0.001342
0.001330
0.001312
0.001290
0.001269
0.001252
0.001244
0.001247
0.001254
0.001257
0.001254
0.001259
0.001276
0.001299
0.001315
0.001323
0.001332
0.001340
0.001342
0.001337
0.001333
0.001329
0.001318
0.001297
0.001275
0.001268
0.001274
0.001288
0.001304
0.001323
0.001338
0.001345
0.001342
0.001335
0.001325
0.001313
0.001302
0.001295
0.001290
0.001285
0.001282
0.001284
0.001290
0.001291
0.001286
0.001282
0.001287
0.001301
0.001318
0.001332
0.001339
0.001338
0.001332
0.001329
0.001335
0.001352
0.001374
0.001391
0.001392
0.001378
0.001360
0.001348
0.001344
0.001335
0.001318
0.001301
0.001294
0.001297
0.001299
0.001296
0.001288
0.001280
0.001270
0.001255
0.001240
0.001232
0.001236
0.001245
0.001250
0.001244
0.001233
0.001225
0.001229
0.001245
0.001265
0.001283
0.001290
0.001285
0.001273
0.001265
0.001262
0.001258
0.001248
0.001237
0.001230
0.001228
0.001227
0.001225
0.001222
0.001216
0.001207
0.001201
0.001204
0.001217
0.001230
0.001237
0.001239
0.001242
0.001247
0.001252
0.001261
0.001273
0.001287
0.001299
0.001309
0.001317
0.001326
0.001338
0.001357
0.001379
0.001391
0.001389
0.001381
0.001378
0.001383
0.001390
0.001393
0.001394
0.001397
0.001402
0.001410
0.001418
0.001418
0.001403
0.001378
0.001353
0.001333
0.001316
0.001303
0.001293
0.001288
0.001285
0.001283
0.001279
0.001275
0.001270
0.001267
0.001271
0.001281
0.001290
0.001292
0.001291
0.001291
0.001292
0.001294
0.001298
0.001306
0.001317
0.001331
0.001343
0.001348
0.001339
0.001317
0.001294
0.001281
0.001281
0.001282
0.001281
0.001277
0.001274
0.001274
0.001280
0.001291
0.001303
0.001308
0.001308
0.001311
0.001319
0.001323
0.001318
0.001308
0.001301
0.001300
0.001303
0.001313
0.001328
0.001340
0.001342
0.001337
0.001334
0.001336
0.001338
0.001336
0.001331
0.001325
0.001316
0.001300
0.001284
0.001272
0.001265
0.001262
0.001261
0.001268
0.001285
0.001310
0.001339
0.001364
0.001375
0.001369
0.001351
0.001331
0.001320
0.001319
0.001329
0.001350
0.001373
0.001387
0.001380
0.001356
0.001328
0.001308
0.001301
0.001302
0.001303
0.001295
0.001278
0.001259
0.001249
0.001252
0.001265
0.001281
0.001299
0.001318
0.001333
0.001334
0.001318
0.001291
0.001271
0.001266
0.001276
0.001291
0.001301
0.001305
0.001308
0.001316
0.001329
0.001340
0.001338
0.001324
0.001303
0.001285
0.001272
0.001261
0.001249
0.001238
0.001236
0.001247
0.001267
0.001289
0.001304
0.001312
0.001315
0.001311
0.001295
0.001272
0.001253
0.001247
0.001255
0.001268
0.001279
0.001286
0.001290
0.001292
0.001294
0.001300
0.001308
0.001315
0.001320
0.001321
0.001318
0.001314
0.001312
0.001316
0.001326
0.001337
0.001348
0.001357
0.001362
0.001362
0.001361
0.001363
0.001365
0.001361
0.001349
0.001341
0.001348
0.001366
0.001382
0.001383
0.001369
0.001348
0.001331
0.001323
0.001328
0.001338
0.001346
0.001346
0.001340
0.001335
0.001339
0.001350
0.001362
0.001362
0.001348
0.001330
0.001320
0.001322
0.001325
0.001323
0.001315
0.001308
0.001301
0.001297
0.001295
0.001295
0.001293
0.001291
0.001300
0.001322
0.001342
0.001345
0.001326
0.001302
0.001288
0.001288
0.001300
0.001320
0.001343
0.001360
0.001371
0.001381
0.001390
0.001395
0.001391
0.001380
0.001371
0.001364
0.001360
0.001356
0.001352
0.001346
0.001339
0.001337
0.001345
0.001358
0.001368
0.001371
0.001370
0.001367
0.001360
0.001347
0.001336
0.001334
0.001340
0.001348
0.001349
0.001343
0.001334
0.001327
0.001324
0.001320
0.001314
0.001310
0.001314
0.001324
0.001331
0.001333
0.001335
0.001344
0.001355
0.001360
0.001355
0.001342
0.001324
0.001305
0.001292
0.001288
0.001289
0.001289
0.001284
0.001281
0.001289
0.001308
0.001331
0.001346
0.001344
0.001326
0.001305
0.001296
0.001303
0.001315
0.001323
0.001324
0.001324
0.001327
0.001331
0.001330
0.001320
0.001305
0.001296
0.001296
0.001302
0.001306
0.001305
0.001304
0.001307
0.001312
0.001313
0.001310
0.001311
0.001319
0.001336
0.001354
0.001369
0.001378
0.001386
0.001394
0.001399
0.001396
0.001387
0.001376
0.001367
0.001360
0.001361
0.001371
0.001384
0.001389
0.001382
0.001372
0.001368
0.001367
0.001360
0.001348
0.001342
0.001346
0.001348
0.001338
0.001322
0.001315
0.001325
0.001347
0.001368
0.001380
0.001385
0.001384
0.001381
0.001376
0.001368
0.001363
0.001361
0.001360
0.001357
0.001355
0.001362
0.001380
0.001402
0.001419
0.001430
0.001434
0.001429
0.001410
0.001380
0.001347
0.001320
0.001306
0.001302
0.001304
0.001307
0.001309
0.001309
0.001306
0.001300
0.001290
0.001281
0.001272
0.001262
0.001251
0.001242
0.001238
0.001233
0.001226
0.001217
0.001211
0.001210
0.001209
0.001207
0.001208
0.001213
0.001224
0.001236
0.001246
0.001249
0.001242
0.001229
0.001222
0.001227
0.001240
0.001253
0.001265
0.001277
0.001289
0.001297
0.001301
0.001301
0.001297
0.001288
0.001277
0.001270
0.001270
0.001279
0.001293
0.001302
0.001303
0.001299
0.001299
0.001307
0.001313
0.001312
0.001306
0.001305
0.001307
0.001302
0.001288
0.001271
0.001257
0.001246
0.001239
0.001246
0.001273
0.001307
0.001333
0.001342
0.001338
0.001325
0.001307
0.001292
0.001284
0.001281
0.001277
0.001270
0.001262
0.001254
0.001243
0.001232
0.001230
0.001238
0.001248
0.001253
0.001256
0.001260
0.001270
0.001286
0.001302
0.001312
0.001312
0.001314
0.001328
0.001350
0.001360
0.001343
0.001313
0.001292
0.001290
0.001298
0.001303
0.001302
0.001295
0.001285
0.001274
0.001265
0.001258
0.001254
0.001258
0.001274
0.001295
0.001311
0.001316
0.001313
0.001307
0.001300
0.001290
0.001277
0.001265
0.001254
0.001245
0.001240
0.001239
0.001240
0.001243
0.001247
0.001252
0.001260
0.001274
0.001296
0.001324
0.001348
0.001366
0.001381
0.001393
0.001394
0.001379
0.001354
0.001330
0.001311
0.001299
0.001294
0.001293
0.001290
0.001282
0.001274
0.001275
0.001283
0.001291
0.001295
0.001296
0.001297
0.001296
0.001291
0.001286
0.001281
0.001274
0.001261
0.001243
0.001225
0.001216
0.001226
0.001258
0.001295
0.001317
0.001316
0.001302
0.001291
0.001289
0.001288
0.001279
0.001262
0.001243
0.001234
0.001236
0.001244
0.001250
0.001255
0.001268
0.001290
0.001316
0.001336
0.001347
0.001356
0.001359
0.001349
0.001322
0.001286
0.001257
0.001247
0.001249
0.001251
0.001246
0.001238
0.001233
0.001234
0.001242
0.001258
0.001280
0.001302
0.001315
0.001315
0.001305
0.001290
0.001275
0.001268
0.001277
0.001298
0.001321
0.001338
0.001347
0.001352
0.001354
0.001355
0.001357
0.001357
0.001352
0.001342
0.001331
0.001325
0.001327
0.001337
0.001353
0.001368
0.001373
0.001364
0.001345
0.001323
0.001307
0.001299
0.001303
0.001316
0.001331
0.001342
0.001351
0.001361
0.001367
0.001361
0.001344
0.001324
0.001308
0.001294
0.001284
0.001280
0.001286
0.001297
0.001305
0.001312
0.001323
0.001339
0.001352
0.001355
0.001346
0.001335
0.001329
0.001327
0.001324
0.001316
0.001308
0.001303
0.001299
0.001287
0.001266
0.001246
0.001234
0.001231
0.001234
0.001244
0.001263
0.001290
0.001314
0.001330
0.001337
0.001339
0.001335
0.001325
0.001316
0.001312
0.001313
0.001311
0.001303
0.001293
0.001287
0.001284
0.001282
0.001278
0.001276
0.001276
0.001274
0.001270
0.001271
0.001280
0.001292
0.001299
0.001301
0.001301
0.001298
0.001291
0.001281
0.001274
0.001271
0.001268
0.001265
0.001267
0.001276
0.001289
0.001299
0.001310
0.001324
0.001339
0.001349
0.001354
0.001353
0.001346
0.001338
0.001333
0.001334
0.001334
0.001325
0.001305
0.001288
0.001285
0.001297
0.001318
0.001337
0.001347
0.001344
0.001335
0.001330
0.001338
0.001354
0.001364
0.001360
0.001345
0.001326
0.001310
0.001295
0.001280
0.001267
0.001260
0.001258
0.001260
0.001261
0.001260
0.001260
0.001262
0.001271
0.001283
0.001298
0.001313
0.001328
0.001344
0.001357
0.001364
0.001364
0.001362
0.001358
0.001351
0.001342
0.001334
0.001332
0.001340
0.001358
0.001378
0.001388
0.001381
0.001360
0.001336
0.001314
0.001294
0.001276
0.001268
0.001274
0.001291
0.001309
0.001321
0.001328
0.001334
0.001341
0.001351
0.001360
0.001363
0.001354
0.001333
0.001307
0.001287
0.001279
0.001281
0.001285
0.001280
0.001269
0.001259
0.001257
0.001262
0.001266
0.001271
0.001278
0.001284
0.001287
0.001291
0.001299
0.001303
0.001290
0.001263
0.001238
0.001228
0.001231
0.001240
0.001250
0.001260
0.001268
0.001272
0.001275
0.001283
0.001292
0.001297
0.001295
0.001292
0.001292
0.001301
0.001320
0.001342
0.001358
0.001359
0.001349
0.001335
0.001320
0.001302
0.001282
0.001267
0.001259
0.001259
0.001268
0.001288
0.001319
0.001349
0.001372
0.001385
0.001389
0.001384
0.001372
0.001356
0.001338
0.001316
0.001295
0.001280
0.001278
0.001284
0.001294
0.001306
0.001318
0.001324
0.001324
0.001320
0.001317
0.001316
0.001316
0.001324
0.001340
0.001356
0.001359
0.001348
0.001330
0.001317
0.001313
0.001316
0.001323
0.001331
0.001336
0.001336
0.001330
0.001322
0.001313
0.001304
0.001296
0.001286
0.001272
0.001257
0.001248
0.001253
0.001273
0.001302
0.001330
0.001350
0.001357
0.001357
0.001356
0.001360
0.001363
0.001358
0.001342
0.001321
0.001302
0.001287
0.001277
0.001271
0.001269
0.001269
0.001267
0.001265
0.001261
0.001261
0.001266
0.001281
0.001304
0.001329
0.001349
0.001363
0.001372
0.001380
0.001386
0.001387
0.001381
0.001365
0.001345
0.001328
0.001320
0.001320
0.001321
0.001322
0.001327
0.001339
0.001354
0.001362
0.001359
0.001346
0.001329
0.001312
0.001293
0.001278
0.001268
0.001265
0.001268
0.001273
0.001276
0.001275
0.001272
0.001273
0.001280
0.001291
0.001296
0.001292
0.001282
0.001274
0.001269
0.001263
0.001259
0.001262
0.001276
0.001296
0.001313
0.001321
0.001329
0.001345
0.001368
0.001386
0.001391
0.001383
0.001370
0.001358
0.001342
0.001321
0.001296
0.001278
0.001272
0.001277
0.001285
0.001288
0.001286
0.001281
0.001280
0.001281
0.001285
0.001287
0.001287
0.001288
0.001294
0.001311
0.001334
0.001356
0.001367
0.001366
0.001358
0.001348
0.001337
0.001329
0.001329
0.001339
0.001356
0.001375
0.001390
0.001398
0.001398
0.001387
0.001366
0.001341
0.001321
0.001314
0.001319
0.001329
0.001335
0.001338
0.001345
0.001361
0.001378
0.001383
0.001374
0.001360
0.001354
0.001358
0.001366
0.001372
0.001374
0.001371
0.001363
0.001348
0.001329
0.001308
0.001290
0.001281
0.001283
0.001295
0.001309
0.001316
0.001315
0.001310
0.001307
0.001305
0.001301
0.001293
0.001281
0.001269
0.001261
0.001262
0.001273
0.001286
0.001297
0.001305
0.001311
0.001314
0.001308
0.001297
0.001287
0.001284
0.001290
0.001303
0.001313
0.001316
0.001313
0.001311
0.001310
0.001310
0.001306
0.001305
0.001314
0.001330
0.001344
0.001351
0.001354
0.001356
0.001356
0.001353
0.001351
0.001356
0.001362
0.001361
0.001351
0.001343
0.001343
0.001349
0.001352
0.001350
0.001347
0.001347
0.001349
0.001354
0.001358
0.001355
0.001345
0.001337
0.001339
0.001350
0.001363
0.001373
0.001378
0.001379
0.001375
0.001366
0.001353
0.001341
0.001329
0.001319
0.001312
0.001308
0.001305
0.001303
0.001303
0.001309
0.001322
0.001342
0.001362
0.001371
0.001370
0.001367
0.001370
0.001380
0.001388
0.001388
0.001381
0.001373
0.001367
0.001366
0.001367
0.001368
0.001368
0.001365
0.001364
0.001363
0.001363
0.001364
0.001368
0.001372
0.001370
0.001361
0.001352
0.001347
0.001340
0.001328
0.001315
0.001308
0.001311
0.001316
0.001319
0.001319
0.001318
0.001315
0.001306
0.001291
0.001272
0.001252
0.001238
0.001233
0.001237
0.001244
0.001253
0.001267
0.001288
0.001312
0.001330
0.001340
0.001342
0.001338
0.001326
0.001307
0.001290
0.001281
0.001282
0.001286
0.001286
0.001283
0.001280
0.001279
0.001276
0.001272
0.001271
0.001280
0.001295
0.001309
0.001313
0.001308
0.001300
0.001294
0.001296
0.001305
0.001313
0.001313
0.001303
0.001290
0.001284
0.001294
0.001315
0.001334
0.001340
0.001337
0.001342
0.001362
0.001386
0.001401
0.001402
0.001396
0.001389
0.001380
0.001367
0.001352
0.001342
0.001334
0.001326
0.001319
0.001318
0.001329
0.001347
0.001361
0.001365
0.001360
0.001358
0.001364
0.001371
0.001369
0.001357
0.001344
0.001340
0.001339
0.001335
0.001322
0.001309
0.001303
0.001306
0.001316
0.001331
0.001351
0.001370
0.001382
0.001386
0.001386
0.001385
0.001380
0.001369
0.001353
0.001339
0.001330
0.001322
0.001311
0.001301
0.001299
0.001305
0.001312
0.001319
0.001326
0.001334
0.001342
0.001344
0.001343
0.001342
0.001342
0.001344
0.001346
0.001347
0.001345
0.001338
0.001329
0.001318
0.001307
0.001295
0.001287
0.001281
0.001275
0.001265
0.001257
0.001253
0.001254
0.001260
0.001270
0.001285
0.001301
0.001315
0.001325
0.001332
0.001334
0.001330
0.001320
0.001309
0.001300
0.001299
0.001309
0.001323
0.001332
0.001329
0.001324
0.001327
0.001341
0.001354
0.001356
0.001346
0.001333
0.001327
0.001331
0.001342
0.001348
0.001343
0.001331
0.001322
0.001318
0.001314
0.001312
0.001314
0.001320
0.001322
0.001312
0.001292
0.001267
0.001243
0.001225
0.001218
0.001224
0.001238
0.001255
0.001269
0.001279
0.001287
0.001299
0.001321
0.001350
0.001374
0.001384
0.001380
0.001367
0.001351
0.001340
0.001337
0.001337
0.001335
0.001330
0.001330
0.001342
0.001357
0.001365
0.001365
0.001364
0.001370
0.001378
0.001385
0.001391
0.001398
0.001402
0.001403
0.001397
0.001388
0.001379
0.001370
0.001360
0.001345
0.001331
0.001328
0.001337
0.001352
0.001363
0.001365
0.001361
0.001358
0.001362
0.001378
0.001404
0.001430
0.001449
0.001459
0.001461
0.001453
0.001436
0.001418
0.001401
0.001381
0.001350
0.001313
0.001281
0.001264
0.001262
0.001268
0.001272
0.001267
0.001253
0.001240
0.001235
0.001238
0.001246
0.001259
0.001279
0.001298
0.001304
0.001300
0.001296
0.001299
0.001302
0.001298
0.001291
0.001286
0.001289
0.001298
0.001310
0.001322
0.001327
0.001324
0.001318
0.001321
0.001334
0.001350
0.001361
0.001362
0.001354
0.001336
0.001313
0.001294
0.001288
0.001297
0.001318
0.001339
0.001352
0.001353
0.001346
0.001337
0.001333
0.001335
0.001341
0.001348
0.001354
0.001357
0.001358
0.001356
0.001348
0.001336
0.001324
0.001316
0.001312
0.001313
0.001315
0.001315
0.001307
0.001296
0.001291
0.001299
0.001317
0.001336
0.001346
0.001346
0.001344
0.001346
0.001353
0.001355
0.001346
0.001332
0.001325
0.001327
0.001328
0.001324
0.001326
0.001339
0.001358
0.001368
0.001368
0.001365
0.001367
0.001374
0.001384
0.001396
0.001402
0.001392
0.001368
0.001343
0.001331
0.001329
0.001334
0.001342
0.001357
0.001376
0.001392
0.001401
0.001402
0.001397
0.001390
0.001387
0.001390
0.001398
0.001407
0.001415
0.001419
0.001417
0.001409
0.001398
0.001387
0.001372
0.001352
0.001332
0.001321
0.001321
0.001329
0.001341
0.001356
0.001370
0.001383
0.001396
0.001408
0.001414
0.001407
0.001392
0.001378
0.001375
0.001381
0.001390
0.001397
0.001399
0.001399
0.001397
0.001395
0.001391
0.001385
0.001377
0.001368
0.001361
0.001352
0.001340
0.001325
0.001309
0.001298
0.001296
0.001305
0.001322
0.001346
0.001369
0.001384
0.001390
0.001390
0.001392
0.001397
0.001404
0.001411
0.001420
0.001430
0.001436
0.001434
0.001427
0.001419
0.001412
0.001405
0.001399
0.001399
0.001404
0.001411
0.001412
0.001405
0.001395
0.001388
0.001386
0.001386
0.001384
0.001379
0.001374
0.001367
0.001361
0.001359
0.001371
0.001398
0.001428
0.001447
0.001451
0.001446
0.001439
0.001425
0.001401
0.001371
0.001345
0.001331
0.001327
0.001328
0.001330
0.001336
0.001344
0.001353
0.001354
0.001349
0.001341
0.001336
0.001337
0.001344
0.001361
0.001386
0.001408
0.001415
0.001408
0.001401
0.001401
0.001399
0.001391
0.001387
0.001394
0.001408
0.001419
0.001423
0.001423
0.001416
0.001397
0.001371
0.001348
0.001331
0.001316
0.001302
0.001297
0.001303
0.001312
0.001318
0.001322
0.001330
0.001337
0.001338
0.001337
0.001343
0.001357
0.001373
0.001385
0.001395
0.001406
0.001415
0.001423
0.001433
0.001442
0.001446
0.001445
0.001444
0.001444
0.001446
0.001451
0.001465
0.001488
0.001518
0.001552
0.001591
0.001639
0.001693
0.001752
0.001819
0.001897
0.001986
0.002087
0.002204
0.002347
0.002519
0.002716
0.002921
0.003107
0.003240
0.003292
0.003252
0.003129
0.002944
0.002723
0.002494
0.002277
0.002085
0.001921
0.001788
0.001687
0.001612
0.001553
0.001505
0.001469
0.001442
0.001420
0.001404
0.001394
0.001388
0.001379
0.001363
0.001345
0.001334
0.001328
0.001322
0.001312
0.001300
0.001289
0.001279
0.001271
0.001266
0.001269
0.001278
0.001293
0.001312
0.001335
0.001357
0.001372
0.001376
0.001370
0.001359
0.001345
0.001330
0.001318
0.001315
0.001321
0.001335
0.001352
0.001367
0.001378
0.001381
0.001378
0.001372
0.001372
0.001377
0.001385
0.001393
0.001402
0.001411
0.001414
0.001406
0.001390
0.001373
0.001358
0.001347
0.001342
0.001347
0.001362
0.001379
0.001390
0.001392
0.001386
0.001376
0.001364
0.001353
0.001349
0.001354
0.001363
0.001370
0.001376
0.001384
0.001392
0.001395
0.001386
0.001366
0.001344
0.001329
0.001321
0.001319
0.001319
0.001320
0.001321
0.001322
0.001324
0.001325
0.001324
0.001329
0.001344
0.001366
0.001388
0.001401
0.001404
0.001403
0.001400
0.001392
0.001378
0.001360
0.001344
0.001335
0.001338
0.001347
0.001359
0.001370
0.001375
0.001368
0.001344
0.001310
0.001284
0.001280
0.001293
0.001309
0.001319
0.001324
0.001328
0.001328
0.001325
0.001320
0.001317
0.001317
0.001324
0.001337
0.001349
0.001353
0.001346
0.001339
0.001340
0.001347
0.001353
0.001348
0.001337
0.001329
0.001327
0.001325
0.001315
0.001299
0.001289
0.001292
0.001303
0.001306
0.001298
0.001290
0.001291
0.001297
0.001299
0.001295
0.001293
0.001293
0.001293
0.001289
0.001286
0.001289
0.001297
0.001308
0.001324
0.001340
0.001350
0.001351
0.001346
0.001341
0.001335
0.001328
0.001323
0.001324
0.001325
0.001323
0.001318
0.001316
0.001317
0.001318
0.001319
0.001325
0.001340
0.001357
0.001370
0.001375
0.001373
0.001369
0.001366
0.001373
0.001388
0.001401
0.001403
0.001401
0.001404
0.001410
0.001407
0.001391
0.001372
0.001362
0.001356
0.001344
0.001324
0.001307
0.001297
0.001292
0.001295
0.001310
0.001333
0.001354
0.001369
0.001381
0.001397
0.001414
0.001428
0.001438
0.001443
0.001439
0.001426
0.001413
0.001407
0.001411
0.001419
0.001424
0.001425
0.001424
0.001420
0.001412
0.001394
0.001366
0.001338
0.001321
0.001320
0.001328
0.001341
0.001356
0.001372
0.001380
0.001379
0.001377
0.001382
0.001395
0.001409
0.001422
0.001437
0.001458
0.001478
0.001487
0.001484
0.001473
0.001466
0.001468
0.001481
0.001493
0.001494
0.001482
0.001462
0.001442
0.001423
0.001403
0.001385
0.001375
0.001370
0.001361
0.001343
0.001320
0.001303
0.001298
0.001303
0.001305
0.001301
0.001297
0.001303
0.001322
0.001348
0.001374
0.001394
0.001408
0.001416
0.001422
0.001431
0.001443
0.001457
0.001468
0.001478
0.001486
0.001490
0.001487
0.001477
0.001465
0.001453
0.001444
0.001441
0.001447
0.001458
0.001467
0.001473
0.001478
0.001481
0.001477
0.001468
0.001461
0.001462
0.001471
0.001479
0.001483
0.001486
0.001493
0.001502
0.001509
0.001511
0.001506
0.001494
0.001475
0.001457
0.001447
0.001445
0.001446
0.001450
0.001461
0.001479
0.001494
0.001498
0.001492
0.001483
0.001475
0.001470
0.001472
0.001483
0.001499
0.001507
0.001500
0.001480
0.001454
0.001427
0.001408
0.001400
0.001398
0.001390
0.001374
0.001364
0.001370
0.001389
0.001401
0.001392
0.001368
0.001345
0.001334
0.001336
0.001341
0.001343
0.001337
0.001323
0.001305
0.001290
0.001284
0.001288
0.001301
0.001318
0.001336
0.001356
0.001379
0.001403
0.001421
0.001424
0.001417
0.001407
0.001404
0.001407
0.001412
0.001414
0.001410
0.001404
0.001400
0.001402
0.001407
0.001412
0.001412
0.001412
0.001416
0.001425
0.001432
0.001431
0.001421
0.001405
0.001387
0.001373
0.001369
0.001375
0.001388
0.001401
0.001413
0.001423
0.001430
0.001429
0.001420
0.001410
0.001404
0.001399
0.001394
0.001390
0.001391
0.001394
0.001391
0.001382
0.001376
0.001380
0.001391
0.001402
0.001404
0.001398
0.001388
0.001375
0.001364
0.001361
0.001369
0.001383
0.001394
0.001396
0.001389
0.001379
0.001370
0.001365
0.001360
0.001351
0.001334
0.001318
0.001313
0.001326
0.001353
0.001384
0.001410
0.001431
0.001443
0.001445
0.001434
0.001418
0.001404
0.001396
0.001391
0.001383
0.001371
0.001355
0.001340
0.001332
0.001333
0.001344
0.001357
0.001368
0.001379
0.001395
0.001413
0.001427
0.001437
0.001446
0.001455
0.001459
0.001453
0.001443
0.001432
0.001423
0.001414
0.001404
0.001398
0.001400
0.001410
0.001425
0.001443
0.001456
0.001459
0.001452
0.001439
0.001423
0.001407
0.001394
0.001385
0.001380
0.001375
0.001371
0.001373
0.001380
0.001389
0.001394
0.001396
0.001400
0.001406
0.001410
0.001408
0.001401
0.001393
0.001386
0.001382
0.001381
0.001378
0.001371
0.001360
0.001355
0.001365
0.001386
0.001405
0.001409
0.001400
0.001391
0.001392
0.001402
0.001412
0.001416
0.001412
0.001402
0.001386
0.001368
0.001356
0.001356
0.001363
0.001371
0.001377
0.001381
0.001385
0.001390
0.001398
0.001411
0.001429
0.001445
0.001452
0.001451
0.001446
0.001443
0.001444
0.001450
0.001459
0.001470
0.001474
0.001467
0.001450
0.001432
0.001422
0.001419
0.001416
0.001407
0.001397
0.001389
0.001386
0.001388
0.001394
0.001402
0.001406
0.001406
0.001409
0.001417
0.001428
0.001433
0.001430
0.001426
0.001422
0.001413
0.001396
0.001374
0.001351
0.001331
0.001322
0.001325
0.001335
0.001339
0.001331
0.001322
0.001323
0.001330
0.001333
0.001329
0.001327
0.001333
0.001346
0.001363
0.001381
0.001395
0.001401
0.001398
0.001389
0.001385
0.001389
0.001400
0.001415
0.001427
0.001434
0.001435
0.001435
0.001438
0.001445
0.001455
0.001461
0.001454
0.001433
0.001403
0.001375
0.001357
0.001350
0.001352
0.001361
0.001375
0.001388
0.001399
0.001409
0.001419
0.001431
0.001445
0.001465
0.001485
0.001493
0.001485
0.001469
0.001458
0.001456
0.001458
0.001457
0.001452
0.001446
0.001438
0.001431
0.001431
0.001439
0.001450
0.001456
0.001457
0.001456
0.001459
0.001465
0.001466
0.001462
0.001454
0.001447
0.001445
0.001448
0.001455
0.001463
0.001467
0.001465
0.001463
0.001465
0.001471
0.001477
0.001482
0.001488
0.001500
0.001512
0.001520
0.001523
0.001521
0.001516
0.001507
0.001495
0.001482
0.001470
0.001462
0.001460
0.001464
0.001471
0.001475
0.001472
0.001463
0.001457
0.001459
0.001470
0.001485
0.001502
0.001519
0.001537
0.001555
0.001573
0.001583
0.001584
0.001577
0.001567
0.001558
0.001547
0.001537
0.001530
0.001530
0.001532
0.001528
0.001514
0.001495
0.001479
0.001466
0.001455
0.001448
0.001451
0.001467
0.001493
0.001521
0.001547
0.001564
0.001570
0.001569
0.001569
0.001573
0.001581
0.001587
0.001588
0.001583
0.001577
0.001573
0.001573
0.001574
0.001576
0.001581
0.001591
0.001602
0.001610
0.001612
0.001609
0.001599
0.001582
0.001564
0.001558
0.001565
0.001576
0.001581
0.001583
0.001587
0.001589
0.001585
0.001580
0.001581
0.001590
0.001598
0.001602
0.001603
0.001601
0.001597
0.001592
0.001586
0.001579
0.001573
0.001571
0.001575
0.001581
0.001581
0.001572
0.001562
0.001556
0.001548
0.001532
0.001511
0.001492
0.001476
0.001459
0.001440
0.001427
0.001430
0.001447
0.001470
0.001487
0.001497
0.001508
0.001523
0.001540
0.001553
0.001558
0.001559
0.001555
0.001549
0.001542
0.001541
0.001544
0.001545
0.001538
0.001527
0.001518
0.001509
0.001499
0.001490
0.001485
0.001483
0.001478
0.001466
0.001450
0.001437
0.001430
0.001433
0.001444
0.001457
0.001469
0.001477
0.001482
0.001482
0.001472
0.001451
0.001424
0.001400
0.001384
0.001376
0.001376
0.001381
0.001393
0.001408
0.001424
0.001435
0.001440
0.001441
0.001442
0.001442
0.001443
0.001442
0.001442
0.001441
0.001443
0.001447
0.001452
0.001452
0.001449
0.001447
0.001445
0.001439
0.001430
0.001424
0.001426
0.001429
0.001426
0.001418
0.001414
0.001422
0.001440
0.001462
0.001480
0.001489
0.001491
0.001491
0.001492
0.001489
0.001478
0.001460
0.001441
0.001425
0.001410
0.001392
0.001374
0.001362
0.001357
0.001359
0.001365
0.001365
0.001356
0.001343
0.001339
0.001346
0.001357
0.001366
0.001372
0.001378
0.001387
0.001399
0.001415
0.001433
0.001444
0.001442
0.001435
0.001430
0.001429
0.001427
0.001418
0.001409
0.001404
0.001404
0.001405
0.001408
0.001412
0.001414
0.001414
0.001413
0.001413
0.001412
0.001409
0.001403
0.001395
0.001390
0.001390
0.001396
0.001409
0.001426
0.001439
0.001442
0.001431
0.001414
0.001404
0.001411
0.001432
0.001453
0.001461
0.001457
0.001453
0.001455
0.001459
0.001457
0.001447
0.001433
0.001418
0.001402
0.001381
0.001358
0.001341
0.001340
0.001356
0.001382
0.001406
0.001420
0.001423
0.001418
0.001411
0.001404
0.001398
0.001394
0.001392
0.001391
0.001387
0.001379
0.001371
0.001368
0.001371
0.001374
0.001370
0.001361
0.001352
0.001347
0.001347
0.001351
0.001356
0.001360
0.001356
0.001342
0.001324
0.001315
0.001319
0.001336
0.001360
0.001383
0.001396
0.001395
0.001387
0.001380
0.001378
0.001384
0.001398
0.001420
0.001443
0.001459
0.001462
0.001457
0.001450
0.001439
0.001417
0.001389
0.001365
0.001355
0.001356
0.001361
0.001369
0.001376
0.001381
0.001383
0.001385
0.001394
0.001409
0.001427
0.001442
0.001448
0.001446
0.001439
0.001430
0.001422
0.001415
0.001409
0.001407
0.001410
0.001416
0.001417
0.001409
0.001395
0.001385
0.001382
0.001385
0.001386
0.001381
0.001372
0.001361
0.001349
0.001343
0.001350
0.001373
0.001400
0.001417
0.001418
0.001412
0.001408
0.001409
0.001416
0.001432
0.001456
0.001478
0.001487
0.001482
0.001471
0.001457
0.001440
0.001419
0.001403
0.001398
0.001399
0.001400
0.001395
0.001387
0.001382
0.001380
0.001378
0.001373
0.001363
0.001348
0.001333
0.001321
0.001317
0.001320
0.001327
0.001336
0.001346
0.001358
0.001368
0.001375
0.001382
0.001397
0.001420
0.001442
0.001454
0.001455
0.001452
0.001451
0.001447
0.001442
0.001442
0.001449
0.001458
0.001460
0.001455
0.001446
0.001436
0.001422
0.001406
0.001390
0.001378
0.001369
0.001362
0.001358
0.001357
0.001359
0.001359
0.001355
0.001353
0.001355
0.001362
0.001369
0.001375
0.001379
0.001383
0.001388
0.001394
0.001401
0.001408
0.001412
0.001413
0.001413
0.001415
0.001416
0.001410
0.001395
0.001379
0.001371
0.001375
0.001385
0.001395
0.001402
0.001407
0.001408
0.001407
0.001401
0.001393
0.001387
0.001383
0.001377
0.001364
0.001349
0.001344
0.001357
0.001381
0.001404
0.001419
0.001430
0.001438
0.001439
0.001430
0.001413
0.001397
0.001388
0.001384
0.001384
0.001387
0.001394
0.001403
0.001412
0.001417
0.001413
0.001399
0.001381
0.001368
0.001366
0.001375
0.001388
0.001401
0.001412
0.001420
0.001420
0.001411
0.001396
0.001379
0.001365
0.001357
0.001356
0.001362
0.001374
0.001388
0.001400
0.001406
0.001404
0.001396
0.001388
0.001385
0.001388
0.001394
0.001403
0.001410
0.001414
0.001409
0.001400
0.001393
0.001399
0.001416
0.001438
0.001455
0.001462
0.001461
0.001463
0.001473
0.001492
0.001506
0.001507
0.001496
0.001484
0.001476
0.001472
0.001469
0.001468
0.001469
0.001470
0.001467
0.001461
0.001452
0.001445
0.001438
0.001429
0.001425
0.001431
0.001447
0.001470
0.001494
0.001514
0.001527
0.001530
0.001523
0.001512
0.001504
0.001494
0.001478
0.001458
0.001449
0.001458
0.001476
0.001486
0.001484
0.001481
0.001484
0.001492
0.001497
0.001496
0.001489
0.001478
0.001468
0.001463
0.001463
0.001465
0.001465
0.001468
0.001476
0.001488
0.001497
0.001505
0.001511
0.001520
0.001530
0.001546
0.001566
0.001584
0.001588
0.001575
0.001558
0.001553
0.001566
0.001585
0.001594
0.001589
0.001574
0.001559
0.001551
0.001546
0.001542
0.001537
0.001529
0.001520
0.001514
0.001511
0.001513
0.001511
0.001503
0.001497
0.001507
0.001538
0.001579
0.001610
0.001622
0.001619
0.001610
0.001604
0.001603
0.001609
0.001618
0.001627
0.001634
0.001637
0.001635
0.001630
0.001627
0.001629
0.001636
0.001650
0.001665
0.001673
0.001660
0.001629
0.001593
0.001568
0.001558
0.001553
0.001549
0.001551
0.001560
0.001570
0.001578
0.001585
0.001596
0.001610
0.001625
0.001640
0.001656
0.001671
0.001680
0.001683
0.001678
0.001664
0.001647
0.001638
0.001644
0.001654
0.001650
0.001629
0.001606
0.001590
0.001580
0.001573
0.001571
0.001583
0.001606
0.001632
0.001653
0.001665
0.001669
0.001660
0.001644
0.001633
0.001633
0.001645
0.001659
0.001669
0.001673
0.001676
0.001681
0.001688
0.001696
0.001705
0.001710
0.001710
0.001707
0.001702
0.001697
0.001691
0.001682
0.001671
0.001664
0.001661
0.001659
0.001655
0.001651
0.001653
0.001661
0.001671
0.001677
0.001674
0.001662
0.001648
0.001648
0.001672
0.001712
0.001748
0.001766
0.001766
0.001757
0.001744
0.001729
0.001716
0.001707
0.001696
0.001682
0.001666
0.001653
0.001641
0.001632
0.001630
0.001638
0.001650
0.001660
0.001665
0.001669
0.001672
0.001672
0.001663
0.001649
0.001637
0.001636
0.001650
0.001674
0.001696
0.001706
0.001704
0.001699
0.001694
0.001688
0.001680
0.001676
0.001684
0.001704
0.001732
0.001761
0.001790
0.001818
0.001842
0.001860
0.001871
0.001877
0.001873
0.001854
0.001819
0.001773
0.001728
0.001694
0.001675
0.001666
0.001662
0.001662
0.001666
0.001674
0.001685
0.001694
0.001698
0.001697
0.001697
0.001698
0.001696
0.001688
0.001677
0.001670
0.001666
0.001661
0.001656
0.001660
0.001674
0.001690
0.001699
0.001699
0.001689
0.001670
0.001645
0.001627
0.001624
0.001634
0.001643
0.001640
0.001632
0.001628
0.001635
0.001652
0.001676
0.001702
0.001727
0.001744
0.001753
0.001754
0.001751
0.001740
0.001725
0.001712
0.001708
0.001709
0.001708
0.001697
0.001680
0.001667
0.001667
0.001677
0.001689
0.001697
0.001699
0.001697
0.001693
0.001692
0.001699
0.001718
0.001746
0.001771
0.001783
0.001777
0.001755
0.001722
0.001684
0.001652
0.001633
0.001630
0.001638
0.001648
0.001657
0.001664
0.001665
0.001659
0.001649
0.001641
0.001638
0.001637
0.001634
0.001632
0.001636
0.001638
0.001631
0.001617
0.001606
0.001605
0.001609
0.001611
0.001608
0.001600
0.001587
0.001572
0.001562
0.001564
0.001569
0.001567
0.001555
0.001546
0.001549
0.001562
0.001575
0.001581
0.001578
0.001568
0.001553
0.001533
0.001513
0.001503
0.001509
0.001533
0.001559
0.001573
0.001572
0.001565
0.001559
0.001554
0.001548
0.001543
0.001541
0.001541
0.001539
0.001539
0.001543
0.001551
0.001552
0.001547
0.001540
0.001538
0.001541
0.001544
0.001548
0.001555
0.001562
0.001564
0.001557
0.001542
0.001520
0.001494
0.001471
0.001460
0.001459
0.001461
0.001460
0.001458
0.001465
0.001482
0.001504
0.001521
0.001531
0.001536
0.001542
0.001550
0.001555
0.001553
0.001551
0.001556
0.001570
0.001587
0.001597
0.001600
0.001598
0.001593
0.001584
0.001575
0.001569
0.001565
0.001557
0.001543
0.001526
0.001512
0.001499
0.001482
0.001465
0.001456
0.001460
0.001469
0.001471
0.001459
0.001444
0.001438
0.001447
0.001461
0.001466
0.001456
0.001439
0.001432
0.001435
0.001440
0.001434
0.001419
0.001405
0.001402
0.001406
0.001411
0.001411
0.001405
0.001392
0.001374
0.001355
0.001342
0.001343
0.001360
0.001390
0.001420
0.001439
0.001446
0.001449
0.001453
0.001454
0.001442
0.001413
0.001379
0.001352
0.001341
0.001345
0.001354
0.001361
0.001365
0.001371
0.001381
0.001391
0.001396
0.001398
0.001402
0.001411
0.001420
0.001422
0.001418
0.001413
0.001410
0.001410
0.001415
0.001426
0.001439
0.001452
0.001463
0.001472
0.001472
0.001458
0.001432
0.001410
0.001404
0.001416
0.001436
0.001450
0.001455
0.001453
0.001453
0.001458
0.001466
0.001471
0.001468
0.001463
0.001461
0.001460
0.001458
0.001451
0.001440
0.001428
0.001417
0.001409
0.001403
0.001396
0.001388
0.001382
0.001388
0.001407
0.001432
0.001452
0.001460
0.001458
0.001452
0.001451
0.001461
0.001485
0.001515
0.001537
0.001541
0.001525
0.001501
0.001483
0.001477
0.001482
0.001494
0.001510
0.001526
0.001538
0.001542
0.001535
0.001518
0.001497
0.001477
0.001467
0.001470
0.001482
0.001495
0.001504
0.001510
0.001511
0.001508
0.001502
0.001493
0.001484
0.001480
0.001483
0.001488
0.001487
0.001477
0.001464
0.001463
0.001478
0.001501
0.001517
0.001521
0.001514
0.001499
0.001480
0.001462
0.001450
0.001447
0.001443
0.001430
0.001408
0.001387
0.001376
0.001374
0.001378
0.001386
0.001395
0.001408
0.001427
0.001453
0.001481
0.001501
0.001507
0.001499
0.001488
0.001479
0.001474
0.001470
0.001466
0.001464
0.001462
0.001455
0.001443
0.001433
0.001432
0.001439
0.001447
0.001456
0.001465
0.001475
0.001482
0.001484
0.001485
0.001487
0.001486
0.001481
0.001476
0.001480
0.001491
0.001500
0.001500
0.001497
0.001499
0.001510
0.001519
0.001517
0.001505
0.001491
0.001483
0.001480
0.001482
0.001490
0.001504
0.001519
0.001528
0.001531
0.001531
0.001532
0.001531
0.001526
0.001519
0.001514
0.001509
0.001504
0.001499
0.001492
0.001479
0.001461
0.001448
0.001451
0.001467
0.001486
0.001503
0.001525
0.001554
0.001580
0.001591
0.001587
0.001576
0.001566
0.001557
0.001552
0.001556
0.001569
0.001581
0.001579
0.001563
0.001543
0.001526
0.001511
0.001498
0.001493
0.001501
0.001521
0.001543
0.001558
0.001563
0.001560
0.001551
0.001544
0.001545
0.001549
0.001549
0.001542
0.001538
0.001550
0.001577
0.001606
0.001621
0.001624
0.001621
0.001619
0.001625
0.001643
0.001673
0.001704
0.001722
0.001724
0.001719
0.001718
0.001722
0.001728
0.001733
0.001733
0.001727
0.001721
0.001719
0.001722
0.001724
0.001721
0.001720
0.001728
0.001750
0.001776
0.001796
0.001807
0.001808
0.001804
0.001797
0.001789
0.001782
0.001772
0.001756
0.001735
0.001717
0.001707
0.001700
0.001686
0.001661
0.001635
0.001622
0.001626
0.001636
0.001639
0.001634
0.001630
0.001633
0.001641
0.001645
0.001641
0.001636
0.001638
0.001653
0.001673
0.001688
0.001693
0.001692
0.001688
0.001685
0.001683
0.001682
0.001680
0.001677
0.001674
0.001674
0.001678
0.001687
0.001699
0.001705
0.001700
0.001688
0.001678
0.001674
0.001667
0.001655
0.001641
0.001636
0.001642
0.001647
0.001643
0.001633
0.001626
0.001627
0.001636
0.001648
0.001664
0.001680
0.001690
0.001691
0.001682
0.001669
0.001660
0.001656
0.001655
0.001651
0.001643
0.001633
0.001627
0.001623
0.001619
0.001613
0.001605
0.001595
0.001582
0.001571
0.001565
0.001563
0.001562
0.001559
0.001559
0.001561
0.001562
0.001559
0.001556
0.001553
0.001548
0.001541
0.001533
0.001530
0.001532
0.001537
0.001541
0.001542
0.001538
0.001530
0.001521
0.001514
0.001510
0.001510
0.001513
0.001515
0.001511
0.001501
0.001495
0.001504
0.001528
0.001553
0.001565
0.001565
0.001563
0.001566
0.001577
0.001594
0.001611
0.001616
0.001605
0.001583
0.001565
0.001557
0.001554
0.001551
0.001551
0.001557
0.001565
0.001566
0.001556
0.001543
0.001540
0.001552
0.001577
0.001605
0.001624
0.001629
0.001626
0.001627
0.001634
0.001642
0.001639
0.001627
0.001615
0.001611
0.001612
0.001613
0.001614
0.001623
0.001640
0.001660
0.001677
0.001688
0.001698
0.001710
0.001723
0.001737
0.001749
0.001763
0.001781
0.001806
0.001837
0.001865
0.001887
0.001902
0.001912
0.001920
0.001926
0.001931
0.001939
0.001952
0.001969
0.001984
0.001993
0.001999
0.002001
0.002001
0.002003
0.002008
0.002019
0.002033
0.002040
0.002039
0.002034
0.002037
0.002055
0.002079
0.002094
0.002088
0.002063
0.002035
0.002014
0.001997
0.001975
0.001946
0.001920
0.001904
0.001896
0.001891
0.001886
0.001885
0.001884
0.001880
0.001868
0.001852
0.001833
0.001814
0.001795
0.001780
0.001772
0.001771
0.001774
0.001781
0.001797
0.001822
0.001849
0.001875
0.001898
0.001926
0.001967
0.002030
0.002115
0.002221
0.002341
0.002468
0.002601
0.002737
0.002875
0.003013
0.003150
0.003273
0.003366
0.003421
0.003440
0.003428
0.003388
0.003323
0.003242
0.003152
0.003052
0.002938
0.002815
0.002691
0.002568
0.002440
0.002311
0.002196
0.002103
0.002029
0.001965
0.001910
0.001862
0.001823
0.001791
0.001765
0.001741
0.001720
0.001706
0.001701
0.001706
0.001708
0.001701
0.001689
0.001679
0.001674
0.001670
0.001667
0.001666
0.001664
0.001654
0.001635
0.001611
0.001590
0.001575
0.001565
0.001557
0.001552
0.001551
0.001555
0.001567
0.001581
0.001595
0.001605
0.001613
0.001614
0.001610
0.001604
0.001606
0.001615
0.001623
0.001623
0.001617
0.001615
0.001622
0.001636
0.001652
0.001667
0.001678
0.001688
0.001701
0.001717
0.001731
0.001736
0.001729
0.001716
0.001701
0.001688
0.001678
0.001665
0.001648
0.001632
0.001627
0.001636
0.001652
0.001666
0.001673
0.001675
0.001672
0.001668
0.001667
0.001666
0.001663
0.001656
0.001649
0.001649
0.001657
0.001666
0.001676
0.001683
0.001687
0.001686
0.001680
0.001669
0.001657
0.001648
0.001646
0.001650
0.001655
0.001656
0.001655
0.001655
0.001656
0.001653
0.001647
0.001638
0.001629
0.001625
0.001631
0.001651
0.001680
0.001706
0.001726
0.001739
0.001747
0.001747
0.001737
0.001718
0.001697
0.001679
0.001669
0.001668
0.001672
0.001672
0.001669
0.001666
0.001663
0.001655
0.001640
0.001622
0.001608
0.001601
0.001599
0.001604
0.001609
0.001613
0.001616
0.001621
0.001630
0.001636
0.001636
0.001634
0.001636
0.001644
0.001653
0.001658
0.001656
0.001645
0.001630
0.001620
0.001619
0.001624
0.001630
0.001636
0.001644
0.001649
0.001644
0.001632
0.001623
0.001621
0.001624
0.001625
0.001627
0.001630
0.001631
0.001623
0.001605
0.001585
0.001570
0.001563
0.001557
0.001549
0.001538
0.001531
0.001530
0.001536
0.001544
0.001553
0.001566
0.001588
0.001615
0.001637
0.001646
0.001643
0.001634
0.001628
0.001623
0.001619
0.001617
0.001621
0.001630
0.001636
0.001633
0.001625
0.001613
0.001601
0.001591
0.001584
0.001583
0.001584
0.001583
0.001583
0.001587
0.001593
0.001594
0.001589
0.001582
0.001577
0.001577
0.001580
0.001587
0.001597
0.001606
0.001610
0.001606
0.001595
0.001587
0.001593
0.001611
0.001627
0.001627
0.001612
0.001597
0.001593
0.001598
0.001605
0.001608
0.001607
0.001601
0.001594
0.001590
0.001590
0.001593
0.001596
0.001596
0.001594
0.001592
0.001595
0.001604
0.001611
0.001605
0.001590
0.001576
0.001571
0.001572
0.001572
0.001572
0.001575
0.001575
0.001566
0.001550
0.001538
0.001537
0.001541
0.001545
0.001551
0.001565
0.001586
0.001606
0.001620
0.001630
0.001634
0.001628
0.001612
0.001597
0.001591
0.001594
0.001597
0.001592
0.001581
0.001570
0.001570
0.001587
0.001620
0.001658
0.001685
0.001694
0.001689
0.001678
0.001666
0.001653
0.001640
0.001631
0.001627
0.001622
0.001616
0.001606
0.001591
0.001570
0.001549
0.001540
0.001543
0.001551
0.001554
0.001552
0.001545
0.001533
0.001518
0.001505
0.001500
0.001501
0.001500
0.001494
0.001486
0.001478
0.001473
0.001474
0.001485
0.001502
0.001517
0.001529
0.001543
0.001556
0.001560
0.001550
0.001534
0.001522
0.001519
0.001518
0.001514
0.001507
0.001505
0.001509
0.001514
0.001513
0.001508
0.001501
0.001493
0.001487
0.001491
0.001509
0.001536
0.001558
0.001566
0.001562
0.001552
0.001541
0.001531
0.001531
0.001542
0.001556
0.001564
0.001560
0.001551
0.001545
0.001543
0.001546
0.001548
0.001543
0.001530
0.001521
0.001528
0.001545
0.001553
0.001539
0.001511
0.001487
0.001472
0.001459
0.001447
0.001439
0.001440
0.001447
0.001452
0.001451
0.001444
0.001437
0.001434
0.001437
0.001436
0.001429
0.001419
0.001419
0.001431
0.001451
0.001472
0.001492
0.001515
0.001535
0.001548
0.001554
0.001559
0.001569
0.001581
0.001585
0.001576
0.001555
0.001529
0.001509
0.001500
0.001499
0.001498
0.001494
0.001487
0.001481
0.001482
0.001494
0.001515
0.001538
0.001555
0.001568
0.001578
0.001587
0.001589
0.001583
0.001568
0.001552
0.001542
0.001544
0.001558
0.001575
0.001584
0.001589
0.001599
0.001622
0.001647
0.001661
0.001662
0.001658
0.001657
0.001660
0.001664
0.001669
0.001671
0.001661
0.001636
0.001606
0.001583
0.001573
0.001575
0.001585
0.001596
0.001602
0.001600
0.001597
0.001601
0.001612
0.001620
0.001620
0.001615
0.001609
0.001602
0.001595
0.001588
0.001582
0.001577
0.001576
0.001584
0.001602
0.001626
0.001649
0.001672
0.001691
0.001698
0.001690
0.001675
0.001658
0.001646
0.001640
0.001645
0.001657
0.001665
0.001660
0.001651
0.001649
0.001658
0.001667
0.001671
0.001671
0.001670
0.001668
0.001662
0.001653
0.001641
0.001627
0.001618
0.001618
0.001625
0.001627
0.001617
0.001598
0.001579
0.001562
0.001550
0.001545
0.001552
0.001569
0.001587
0.001597
0.001597
0.001592
0.001588
0.001589
0.001592
0.001591
0.001583
0.001568
0.001547
0.001532
0.001530
0.001543
0.001560
0.001570
0.001573
0.001576
0.001587
0.001603
0.001619
0.001636
0.001654
0.001671
0.001682
0.001683
0.001676
0.001665
0.001654
0.001647
0.001641
0.001633
0.001626
0.001621
0.001616
0.001605
0.001590
0.001579
0.001573
0.001568
0.001562
0.001561
0.001566
0.001571
0.001566
0.001553
0.001540
0.001535
0.001536
0.001540
0.001540
0.001536
0.001532
0.001531
0.001531
0.001525
0.001516
0.001514
0.001525
0.001540
0.001547
0.001548
0.001554
0.001570
0.001590
0.001605
0.001618
0.001633
0.001654
0.001676
0.001691
0.001690
0.001671
0.001644
0.001624
0.001620
0.001626
0.001635
0.001643
0.001649
0.001653
0.001654
0.001653
0.001648
0.001637
0.001618
0.001599
0.001586
0.001579
0.001573
0.001565
0.001554
0.001543
0.001535
0.001530
0.001525
0.001518
0.001513
0.001514
0.001519
0.001520
0.001515
0.001510
0.001513
0.001523
0.001532
0.001534
0.001528
0.001518
0.001510
0.001508
0.001510
0.001509
0.001502
0.001492
0.001487
0.001487
0.001490
0.001488
0.001483
0.001475
0.001466
0.001456
0.001449
0.001447
0.001454
0.001463
0.001468
0.001466
0.001462
0.001462
0.001464
0.001465
0.001466
0.001470
0.001478
0.001482
0.001478
0.001467
0.001458
0.001456
0.001463
0.001476
0.001489
0.001495
0.001494
0.001494
0.001504
0.001524
0.001546
0.001565
0.001581
0.001590
0.001586
0.001573
0.001561
0.001556
0.001558
0.001565
0.001578
0.001594
0.001604
0.001598
0.001584
0.001577
0.001580
0.001584
0.001576
0.001561
0.001546
0.001535
0.001524
0.001509
0.001497
0.001493
0.001497
0.001502
0.001502
0.001499
0.001494
0.001491
0.001492
0.001498
0.001507
0.001515
0.001519
0.001522
0.001525
0.001526
0.001525
0.001527
0.001533
0.001539
0.001540
0.001533
0.001519
0.001504
0.001489
0.001479
0.001478
0.001485
0.001493
0.001501
0.001511
0.001525
0.001542
0.001556
0.001558
0.001546
0.001522
0.001498
0.001483
0.001478
0.001475
0.001476
0.001487
0.001507
0.001523
0.001524
0.001516
0.001510
0.001509
0.001506
0.001497
0.001486
0.001474
0.001460
0.001447
0.001440
0.001436
0.001428
0.001421
0.001426
0.001450
0.001482
0.001505
0.001513
0.001512
0.001509
0.001504
0.001500
0.001502
0.001513
0.001525
0.001532
0.001533
0.001533
0.001537
0.001541
0.001540
0.001535
0.001528
0.001526
0.001530
0.001537
0.001539
0.001532
0.001520
0.001513
0.001515
0.001524
0.001529
0.001526
0.001520
0.001513
0.001505
0.001499
0.001497
0.001506
0.001521
0.001533
0.001540
0.001545
0.001556
0.001566
0.001565
0.001552
0.001538
0.001534
0.001541
0.001547
0.001545
0.001533
0.001514
0.001491
0.001466
0.001446
0.001442
0.001458
0.001487
0.001518
0.001539
0.001546
0.001538
0.001518
0.001499
0.001488
0.001490
0.001497
0.001502
0.001505
0.001506
0.001510
0.001520
0.001535
0.001551
0.001556
0.001548
0.001533
0.001522
0.001515
0.001508
0.001499
0.001497
0.001507
0.001525
0.001541
0.001552
0.001558
0.001566
0.001579
0.001594
0.001607
0.001612
0.001608
0.001598
0.001590
0.001585
0.001579
0.001569
0.001552
0.001535
0.001523
0.001517
0.001514
0.001511
0.001509
0.001508
0.001504
0.001498
0.001492
0.001488
0.001485
0.001482
0.001480
0.001478
0.001472
0.001460
0.001443
0.001425
0.001408
0.001396
0.001393
0.001404
0.001430
0.001464
0.001501
0.001534
0.001558
0.001567
0.001564
0.001555
0.001550
0.001549
0.001552
0.001552
0.001548
0.001544
0.001545
0.001551
0.001556
0.001554
0.001543
0.001530
0.001517
0.001510
0.001511
0.001523
0.001539
0.001552
0.001557
0.001558
0.001557
0.001553
0.001542
0.001527
0.001511
0.001500
0.001501
0.001513
0.001531
0.001539
0.001533
0.001519
0.001511
0.001514
0.001524
0.001531
0.001528
0.001520
0.001514
0.001516
0.001524
0.001528
0.001526
0.001522
0.001524
0.001531
0.001537
0.001540
0.001545
0.001557
0.001580
0.001606
0.001623
0.001622
0.001604
0.001584
0.001577
0.001580
0.001580
0.001571
0.001561
0.001562
0.001577
0.001599
0.001619
0.001632
0.001638
0.001638
0.001631
0.001619
0.001605
0.001593
0.001589
0.001594
0.001605
0.001618
0.001626
0.001627
0.001623
0.001620
0.001622
0.001629
0.001640
0.001649
0.001646
0.001630
0.001608
0.001590
0.001584
0.001583
0.001581
0.001579
0.001580
0.001579
0.001569
0.001553
0.001541
0.001534
0.001523
0.001506
0.001492
0.001491
0.001503
0.001524
0.001546
0.001564
0.001572
0.001573
0.001574
0.001580
0.001585
0.001585
0.001584
0.001585
0.001585
0.001579
0.001571
0.001574
0.001588
0.001602
0.001607
0.001603
0.001596
0.001592
0.001589
0.001588
0.001589
0.001587
0.001579
0.001567
0.001554
0.001542
0.001529
0.001518
0.001512
0.001508
0.001506
0.001503
0.001499
0.001494
0.001490
0.001489
0.001494
0.001501
0.001507
0.001511
0.001514
0.001519
0.001523
0.001523
0.001518
0.001514
0.001515
0.001516
0.001508
0.001490
0.001472
0.001463
0.001464
0.001469
0.001478
0.001494
0.001517
0.001540
0.001557
0.001565
0.001563
0.001552
0.001534
0.001517
0.001504
0.001497
0.001497
0.001508
0.001527
0.001540
0.001539
0.001524
0.001506
0.001492
0.001485
0.001484
0.001488
0.001492
0.001493
0.001491
0.001489
0.001494
0.001507
0.001528
0.001548
0.001560
0.001561
0.001555
0.001546
0.001528
0.001501
0.001478
0.001471
0.001480
0.001496
0.001509
0.001518
0.001522
0.001520
0.001511
0.001498
0.001486
0.001475
0.001468
0.001468
0.001477
0.001490
0.001499
0.001502
0.001502
0.001497
0.001488
0.001478
0.001474
0.001474
0.001476
0.001473
0.001467
0.001461
0.001457
0.001453
0.001447
0.001441
0.001440
0.001442
0.001444
0.001445
0.001447
0.001452
0.001459
0.001464
0.001467
0.001470
0.001473
0.001470
0.001460
0.001451
0.001451
0.001463
0.001476
0.001480
0.001472
0.001457
0.001441
0.001426
0.001415
0.001409
0.001412
0.001427
0.001450
0.001469
0.001475
0.001469
0.001457
0.001441
0.001422
0.001402
0.001387
0.001377
0.001372
0.001373
0.001381
0.001395
0.001410
0.001427
0.001447
0.001469
0.001485
0.001489
0.001487
0.001488
0.001489
0.001483
0.001469
0.001456
0.001452
0.001457
0.001466
0.001472
0.001472
0.001469
0.001466
0.001464
0.001460
0.001453
0.001450
0.001459
0.001479
0.001499
0.001511
0.001516
0.001517
0.001518
0.001521
0.001526
0.001530
0.001526
0.001513
0.001496
0.001482
0.001472
0.001466
0.001462
0.001455
0.001444
0.001430
0.001421
0.001426
0.001441
0.001458
0.001471
0.001479
0.001481
0.001472
0.001455
0.001439
0.001437
0.001449
0.001471
0.001494
0.001513
0.001523
0.001520
0.001506
0.001486
0.001467
0.001457
0.001458
0.001465
0.001474
0.001484
0.001490
0.001490
0.001483
0.001474
0.001468
0.001465
0.001467
0.001474
0.001485
0.001497
0.001506
0.001512
0.001515
0.001516
0.001516
0.001520
0.001531
0.001545
0.001559
0.001570
0.001578
0.001582
0.001578
0.001565
0.001544
0.001521
0.001505
0.001500
0.001506
0.001521
0.001538
0.001554
0.001571
0.001588
0.001605
0.001619
0.001630
0.001637
0.001640
0.001637
0.001632
0.001629
0.001629
0.001634
0.001643
0.001652
0.001658
0.001662
0.001674
0.001695
0.001720
0.001742
0.001761
0.001784
0.001813
0.001843
0.001866
0.001879
0.001888
0.001900
0.001922
0.001954
0.001984
0.001998
0.001992
0.001971
0.001947
0.001922
0.001899
0.001877
0.001860
0.001853
0.001855
0.001861
0.001864
0.001860
0.001852
0.001846
0.001844
0.001841
0.001830
0.001813
0.001795
0.001783
0.001783
0.001795
0.001816
0.001838
0.001857
0.001872
0.001889
0.001915
0.001949
0.001991
0.002038
0.002090
0.002152
0.002226
0.002310
0.002394
0.002471
0.002534
0.002583
0.002617
0.002637
0.002645
0.002644
0.002633
0.002609
0.002569
0.002519
0.002466
0.002420
0.002382
0.002348
0.002308
0.002257
0.002198
0.002143
0.002101
0.002075
0.002059
0.002042
0.002020
0.001996
0.001975
0.001961
0.001954
0.001953
0.001954
0.001956
0.001962
0.001975
0.001999
0.002032
0.002076
0.002130
0.002188
0.002242
0.002286
0.002323
0.002354
0.002379
0.002396
0.002407
0.002418
0.002424
0.002420
0.002405
0.002380
0.002345
0.002296
0.002235
0.002171
0.002109
0.002048
0.001986
0.001924
0.001868
0.001822
0.001788
0.001765
0.001752
0.001747
0.001743
0.001736
0.001724
0.001706
0.001687
0.001670
0.001656
0.001640
0.001617
0.001590
0.001566
0.001549
0.001538
0.001533
0.001534
0.001540
0.001551
0.001562
0.001570
0.001571
0.001566
0.001555
0.001541
0.001531
0.001526
0.001528
0.001528
0.001525
0.001519
0.001513
0.001511
0.001508
0.001504
0.001500
0.001497
0.001493
0.001492
0.001499
0.001511
0.001520
0.001521
0.001516
0.001512
0.001507
0.001502
0.001500
0.001506
0.001522
0.001544
0.001572
0.001603
0.001632
0.001649
0.001654
0.001657
0.001670
0.001693
0.001714
0.001726
0.001728
0.001723
0.001717
0.001711
0.001708
0.001715
0.001730
0.001749
0.001766
0.001783
0.001804
0.001832
0.001859
0.001884
0.001912
0.001946
0.001983
0.002015
0.002040
0.002059
0.002065
0.002053
0.002027
0.001998
0.001974
0.001955
0.001934
0.001907
0.001873
0.001838
0.001810
0.001791
0.001777
0.001761
0.001745
0.001728
0.001709
0.001683
0.001654
0.001638
0.001646
0.001676
0.001715
0.001756
0.001799
0.001840
0.001874
0.001900
0.001917
0.001927
0.001937
0.001955
0.001984
0.002019
0.002050
0.002078
0.002104
0.002131
0.002157
0.002178
0.002190
0.002187
0.002168
0.002136
0.002096
0.002054
0.002015
0.001987
0.001976
0.001975
0.001971
0.001953
0.001923
0.001892
0.001873
0.001867
0.001868
0.001867
0.001861
0.001851
0.001841
0.001830
0.001816
0.001801
0.001788
0.001780
0.001775
0.001775
0.001777
0.001777
0.001772
0.001769
0.001774
0.001790
0.001810
0.001830
0.001853
0.001880
0.001909
0.001933
0.001950
0.001958
0.001956
0.001941
0.001922
0.001907
0.001900
0.001895
0.001891
0.001889
0.001890
0.001894
0.001899
0.001901
0.001899
0.001892
0.001887
0.001887
0.001889
0.001892
0.001898
0.001910
0.001928
0.001944
0.001954
0.001964
0.001976
0.001984
0.001981
0.001967
0.001953
0.001947
0.001942
0.001928
0.001905
0.001879
0.001859
0.001846
0.001840
0.001841
0.001847
0.001855
0.001861
0.001869
0.001880
0.001895
0.001911
0.001925
0.001938
0.001950
0.001959
0.001962
0.001959
0.001950
0.001942
0.001938
0.001942
0.001950
0.001962
0.001982
0.002015
0.002053
0.002087
0.002115
0.002146
0.002190
0.002244
0.002298
0.002350
0.002402
0.002463
0.002537
0.002624
0.002717
0.002807
0.002889
0.002965
0.003034
0.003094
0.003140
0.003170
0.003188
0.003196
0.003198
0.003198
0.003194
0.003179
0.003148
0.003108
0.003065
0.003022
0.002973
0.002916
0.002857
0.002798
0.002740
0.002683
0.002632
0.002595
0.002571
0.002550
0.002531
0.002516
0.002508
0.002506
0.002510
0.002523
0.002542
0.002560
0.002574
0.002585
0.002602
0.002630
0.002664
0.002699
0.002736
0.002782
0.002834
0.002886
0.002932
0.002975
0.003013
0.003039
0.003044
0.003031
0.003012
0.002989
0.002957
0.002911
0.002861
0.002815
0.002767
0.002702
0.002616
0.002520
0.002431
0.002355
0.002291
0.002236
0.002192
0.002157
0.002128
0.002101
0.002072
0.002043
0.002014
0.001985
0.001955
0.001925
0.001896
0.001871
0.001855
0.001846
0.001842
0.001842
0.001841
0.001838
0.001828
0.001810
0.001788
0.001768
0.001761
0.001766
0.001777
0.001787
0.001790
0.001790
0.001788
0.001784
0.001776
0.001766
0.001756
0.001749
0.001743
0.001740
0.001740
0.001739
0.001739
0.001741
0.001747
0.001755
0.001758
0.001755
0.001748
0.001744
0.001741
0.001739
0.001738
0.001743
0.001751
0.001758
0.001761
0.001759
0.001759
0.001760
0.001762
0.001761
0.001760
0.001759
0.001761
0.001766
0.001771
0.001774
0.001775
0.001776
0.001780
0.001791
0.001806
0.001823
0.001838
0.001851
0.001861
0.001866
0.001866
0.001863
0.001857
0.001843
0.001819
0.001791
0.001773
0.001767
0.001763
0.001753
0.001738
0.001727
0.001722
0.001715
0.001705
0.001691
0.001676
0.001663
0.001655
0.001657
0.001666
0.001677
0.001690
0.001707
0.001730
0.001752
0.001774
0.001802
0.001838
0.001874
0.001896
0.001899
0.001891
0.001884
0.001884
0.001891
0.001899
0.001900
0.001892
0.001878
0.001865
0.001855
0.001847
0.001840
0.001836
0.001840
0.001849
0.001855
0.001852
0.001841
0.001825
0.001809
0.001798
0.001790
0.001783
0.001776
0.001766
0.001756
0.001746
0.001743
0.001750
0.001761
0.001768
0.001767
0.001763
0.001765
0.001774
0.001788
0.001800
0.001807
0.001805
0.001795
0.001780
0.001766
0.001755
0.001748
0.001743
0.001743
0.001749
0.001763
0.001784
0.001810
0.001834
0.001851
0.001856
0.001851
0.001842
0.001834
0.001829
0.001824
0.001818
0.001811
0.001806
0.001805
0.001806
0.001802
0.001787
0.001762
0.001735
0.001717
0.001714
0.001724
0.001744
0.001769
0.001795
0.001817
0.001833
0.001844
0.001849
0.001845
0.001833
0.001823
0.001822
0.001829
0.001832
0.001829
0.001823
0.001821
0.001827
0.001840
0.001858
0.001875
0.001885
0.001886
0.001882
0.001873
0.001859
0.001842
0.001828
0.001828
0.001843
0.001865
0.001885
0.001894
0.001889
0.001878
0.001873
0.001881
0.001893
0.001898
0.001895
0.001892
0.001895
0.001903
0.001915
0.001928
0.001936
0.001937
0.001931
0.001926
0.001924
0.001923
0.001924
0.001927
0.001933
0.001937
0.001940
0.001944
0.001947
0.001947
0.001941
0.001934
0.001927
0.001920
0.001914
0.001914
0.001922
0.001934
0.001943
0.001948
0.001953
0.001957
0.001953
0.001944
0.001936
0.001937
0.001946
0.001956
0.001963
0.001969
0.001978
0.001989
0.002001
0.002012
0.002025
0.002033
0.002029
0.002010
0.001991
0.001985
0.001990
0.001996
0.001995
0.001992
0.001989
0.001982
0.001965
0.001940
0.001914
0.001888
0.001863
0.001848
0.001849
0.001861
0.001874
0.001883
0.001893
0.001907
0.001918
0.001920
0.001917
0.001913
0.001910
0.001905
0.001892
0.001873
0.001852
0.001832
0.001816
0.001810
0.001810
0.001812
0.001806
0.001793
0.001781
0.001775
0.001776
0.001777
0.001777
0.001778
0.001783
0.001792
0.001802
0.001812
0.001816
0.001812
0.001806
0.001802
0.001807
0.001814
0.001817
0.001811
0.001797
0.001783
0.001773
0.001773
0.001782
0.001797
0.001813
0.001826
0.001831
0.001824
0.001810
0.001797
0.001790
0.001784
0.001774
0.001764
0.001760
0.001762
0.001766
0.001774
0.001790
0.001809
0.001825
0.001836
0.001853
0.001886
0.001933
0.001987
0.002046
0.002109
0.002172
0.002229
0.002274
0.002310
0.002334
0.002340
0.002321
0.002283
0.002240
0.002200
0.002161
0.002120
0.002073
0.002019
0.001965
0.001917
0.001881
0.001859
0.001851
0.001855
0.001868
0.001885
0.001901
0.001914
0.001925
0.001934
0.001945
0.001963
0.001996
0.002045
0.002109
0.002183
0.002264
0.002351
0.002441
0.002531
0.002622
0.002716
0.002809
0.002891
0.002952
0.002991
0.003013
0.003021
0.003015
0.002988
0.002944
0.002889
0.002835
0.002782
0.002723
0.002652
0.002570
0.002489
0.002421
0.002368
0.002322
0.002277
0.002232
0.002197
0.002177
0.002173
0.002173
0.002170
0.002163
0.002156
0.002153
0.002152
0.002155
0.002165
0.002187
0.002221
0.002263
0.002311
0.002367
0.002426
0.002486
0.002548
0.002616
0.002689
0.002763
0.002831
0.002893
0.002949
0.003002
0.003053
0.003106
0.003155
0.003188
0.003199
0.003187
0.003154
0.003099
0.003015
0.002905
0.002778
0.002647
0.002523
0.002414
0.002324
0.002249
0.002184
0.002125
0.002072
0.002026
0.001988
0.001958
0.001932
0.001901
0.001863
0.001827
0.001803
0.001791
0.001778
0.001757
0.001730
0.001702
0.001673
0.001642
0.001617
0.001605
0.001607
0.001616
0.001621
0.001615
0.001595
0.001570
0.001551
0.001543
0.001544
0.001543
0.001538
0.001527
0.001513
0.001503
0.001499
0.001501
0.001507
0.001518
0.001534
0.001552
0.001564
0.001567
0.001569
0.001577
0.001586
0.001588
0.001581
0.001575
0.001577
0.001583
0.001587
0.001584
0.001572
0.001554
0.001537
0.001528
0.001529
0.001529
0.001521
0.001512
0.001510
0.001519
0.001532
0.001543
0.001547
0.001550
0.001556
0.001567
0.001579
0.001586
0.001582
0.001572
0.001564
0.001565
0.001575
0.001590
0.001602
0.001606
0.001604
0.001599
0.001595
0.001590
0.001585
0.001585
0.001590
0.001594
0.001594
0.001590
0.001585
0.001584
0.001587
0.001591
0.001593
0.001592
0.001595
0.001606
0.001621
0.001627
0.001619
0.001604
0.001595
0.001597
0.001598
0.001591
0.001577
0.001566
0.001561
0.001564
0.001573
0.001585
0.001598
0.001610
0.001621
0.001631
0.001637
0.001635
0.001626
0.001616
0.001614
0.001620
0.001629
0.001633
0.001632
0.001629
0.001626
0.001629
0.001638
0.001649
0.001654
0.001654
0.001656
0.001665
0.001678
0.001686
0.001687
0.001688
0.001693
0.001697
0.001695
0.001688
0.001681
0.001679
0.001684
0.001696
0.001711
0.001723
0.001728
0.001726
0.001714
0.001691
0.001659
0.001632
0.001618
0.001615
0.001611
0.001605
0.001605
0.001613
0.001619
0.001617
0.001611
0.001605
0.001600
0.001596
0.001596
0.001602
0.001609
0.001607
0.001597
0.001590
0.001587
0.001584
0.001577
0.001574
0.001582
0.001601
0.001625
0.001651
0.001678
0.001704
0.001728
0.001747
0.001762
0.001774
0.001777
0.001771
0.001759
0.001747
0.001737
0.001725
0.001711
0.001700
0.001694
0.001690
0.001681
0.001666
0.001651
0.001646
0.001653
0.001668
0.001679
0.001681
0.001675
0.001667
0.001663
0.001661
0.001655
0.001644
0.001632
0.001622
0.001618
0.001621
0.001630
0.001638
0.001641
0.001639
0.001636
0.001633
0.001626
0.001611
0.001593
0.001581
0.001580
0.001587
0.001599
0.001612
0.001626
0.001641
0.001658
0.001677
0.001694
0.001703
0.001702
0.001695
0.001684
0.001675
0.001675
0.001685
0.001702
0.001717
0.001724
0.001723
0.001716
0.001709
0.001704
0.001701
0.001703
0.001707
0.001711
0.001706
0.001691
0.001673
0.001661
0.001656
0.001650
0.001636
0.001619
0.001611
0.001619
0.001637
0.001655
0.001669
0.001676
0.001676
0.001670
0.001662
0.001657
0.001655
0.001654
0.001651
0.001645
0.001638
0.001635
0.001639
0.001642
0.001639
0.001633
0.001638
0.001657
0.001677
0.001683
0.001670
0.001646
0.001623
0.001607
0.001603
0.001610
0.001625
0.001638
0.001645
0.001646
0.001645
0.001651
0.001664
0.001676
0.001674
0.001656
0.001629
0.001600
0.001570
0.001536
0.001505
0.001485
0.001480
0.001486
0.001499
0.001518
0.001541
0.001565
0.001592
0.001621
0.001642
0.001649
0.001647
0.001653
0.001674
0.001700
0.001715
0.001716
0.001712
0.001710
0.001710
0.001714
0.001724
0.001743
0.001770
0.001805
0.001852
0.001912
0.001979
0.002049
0.002128
0.002226
0.002348
0.002485
0.002626
0.002765
0.002904
0.003038
0.003161
0.003266
0.003350
0.003412
0.003448
0.003457
0.003438
0.003395
0.003330
0.003247
0.003144
0.003022
0.002882
0.002734
0.002587
0.002454
0.002341
0.002248
0.002172
0.002107
0.002049
0.001998
0.001955
0.001918
0.001886
0.001857
0.001836
0.001820
0.001800
0.001769
0.001736
0.001715
0.001712
0.001721
0.001733
0.001739
0.001733
0.001713
0.001687
0.001663
0.001642
0.001619
0.001593
0.001574
0.001570
0.001579
0.001593
0.001611
0.001632
0.001655
0.001675
0.001690
0.001698
0.001700
0.001696
0.001686
0.001671
0.001653
0.001635
0.001620
0.001608
0.001596
0.001577
0.001554
0.001531
0.001517
0.001517
0.001532
0.001559
0.001590
0.001618
0.001644
0.001666
0.001681
0.001688
0.001691
0.001695
0.001702
0.001707
0.001711
0.001719
0.001733
0.001755
0.001781
0.001810
0.001839
0.001868
0.001897
0.001927
0.001953
0.001971
0.001982
0.001989
0.002001
0.002020
0.002043
0.002064
0.002075
0.002076
0.002072
0.002073
0.002080
0.002086
0.002085
0.002077
0.002061
0.002035
0.002007
0.001988
0.001985
0.001991
0.001995
0.001992
0.001984
0.001976
0.001969
0.001965
0.001968
0.001982
0.002005
0.002030
0.002050
0.002055
0.002042
0.002022
0.002008
0.002004
0.002000
0.001991
0.001984
0.001989
0.002004
0.002019
0.002027
0.002029
0.002031
0.002034
0.002037
0.002041
0.002043
0.002044
0.002045
0.002049
0.002054
0.002062
0.002070
0.002077
0.002083
0.002090
0.002101
0.002114
0.002120
0.002114
0.002097
0.002078
0.002061
0.002046
0.002030
0.002011
0.001993
0.001976
0.001964
0.001958
0.001957
0.001951
0.001937
0.001917
0.001898
0.001881
0.001862
0.001844
0.001833
0.001830
0.001829
0.001825
0.001823
0.001824
0.001826
0.001829
0.001838
0.001863
0.001894
0.001913
0.001908
0.001885
0.001862
0.001850
0.001849
0.001854
0.001862
0.001874
0.001886
0.001897
0.001906
0.001916
0.001934
0.001961
0.001990
0.002012
0.002025
0.002034
0.002044
0.002053
0.002061
0.002073
0.002092
0.002110
0.002114
0.002106
0.002097
0.002093
0.002089
0.002077
0.002056
0.002035
0.002019
0.002006
0.001993
0.001977
0.001959
0.001940
0.001922
0.001903
0.001886
0.001874
0.001874
0.001884
0.001891
0.001892
0.001888
0.001883
0.001874
0.001860
0.001847
0.001841
0.001841
0.001835
0.001819
0.001799
0.001785
0.001779
0.001780
0.001781
0.001777
0.001768
0.001753
0.001739
0.001729
0.001727
0.001731
0.001738
0.001741
0.001741
0.001740
0.001741
0.001743
0.001742
0.001738
0.001734
0.001733
0.001735
0.001743
0.001759
0.001776
0.001788
0.001791
0.001787
0.001783
0.001778
0.001771
0.001762
0.001754
0.001751
0.001752
0.001755
0.001756
0.001751
0.001740
0.001728
0.001719
0.001711
0.001700
0.001689
0.001683
0.001686
0.001692
0.001694
0.001687
0.001677
0.001672
0.001676
0.001691
0.001716
0.001746
0.001767
0.001770
0.001761
0.001754
0.001756
0.001758
0.001751
0.001733
0.001714
0.001701
0.001691
0.001683
0.001681
0.001690
0.001704
0.001714
0.001714
0.001707
0.001702
0.001706
0.001718
0.001733
0.001747
0.001754
0.001753
0.001745
0.001738
0.001739
0.001744
0.001744
0.001734
0.001722
0.001718
0.001718
0.001716
0.001714
0.001718
0.001727
0.001732
0.001725
0.001712
0.001698
0.001687
0.001679
0.001676
0.001678
0.001680
0.001675
0.001666
0.001662
0.001670
0.001686
0.001704
0.001717
0.001722
0.001719
0.001715
0.001717
0.001720
0.001718
0.001714
0.001718
0.001732
0.001747
0.001749
0.001735
0.001715
0.001702
0.001704
0.001717
0.001733
0.001747
0.001760
0.001775
0.001786
0.001789
0.001787
0.001789
0.001794
0.001794
0.001787
0.001783
0.001787
0.001791
0.001791
0.001793
0.001807
0.001828
0.001849
0.001866
0.001885
0.001903
0.001912
0.001911
0.001904
0.001897
0.001890
0.001876
0.001857
0.001837
0.001825
0.001826
0.001836
0.001847
0.001850
0.001848
0.001849
0.001858
0.001869
0.001877
0.001880
0.001879
0.001875
0.001866
0.001853
0.001844
0.001844
0.001852
0.001859
0.001855
0.001840
0.001822
0.001804
0.001786
0.001768
0.001756
0.001758
0.001768
0.001777
0.001785
0.001797
0.001813
0.001827
0.001833
0.001836
0.001840
0.001841
0.001839
0.001839
0.001846
0.001857
0.001867
0.001874
0.001876
0.001872
0.001863
0.001854
0.001847
0.001840
0.001831
0.001825
0.001828
0.001834
0.001832
0.001818
0.001800
0.001786
0.001778
0.001775
0.001778
0.001786
0.001794
0.001800
0.001804
0.001807
0.001808
0.001805
0.001799
0.001793
0.001787
0.001780
0.001769
0.001758
0.001751
0.001746
0.001740
0.001734
0.001730
0.001733
0.001738
0.001739
0.001732
0.001725
0.001723
0.001728
0.001736
0.001748
0.001762
0.001775
0.001783
0.001784
0.001785
0.001786
0.001786
0.001784
0.001781
0.001782
0.001787
0.001795
0.001799
0.001797
0.001789
0.001779
0.001775
0.001776
0.001778
0.001781
0.001786
0.001791
0.001794
0.001795
0.001799
0.001810
0.001825
0.001840
0.001852
0.001859
0.001862
0.001863
0.001863
0.001858
0.001841
0.001815
0.001792
0.001778
0.001773
0.001774
0.001778
0.001787
0.001799
0.001814
0.001829
0.001843
0.001855
0.001872
0.001900
0.001937
0.001972
0.001996
0.002010
0.002021
0.002029
0.002030
0.002028
0.002032
0.002050
0.002080
0.002113
0.002140
0.002154
0.002161
0.002174
0.002210
0.002271
0.002351
0.002442
0.002538
0.002638
0.002737
0.002834
0.002927
0.003020
0.003116
0.003209
0.003293
0.003355
0.003390
0.003398
0.003379
0.003333
0.003263
0.003178
0.003092
0.003013
0.002942
0.002875
0.002811
0.002751
0.002694
0.002641
0.002584
0.002521
0.002459
0.002408
0.002375
0.002352
0.002332
0.002313
0.002297
0.002286
0.002283
0.002293
0.002316
0.002346
0.002375
0.002406
0.002452
0.002514
0.002581
0.002644
0.002707
0.002775
0.002847
0.002919
0.002988
0.003059
0.003136
0.003219
0.003306
0.003388
0.003458
0.003507
0.003527
0.003505
0.003436
0.003331
0.003214
0.003099
0.002985
0.002866
0.002753
0.002658
0.002583
0.002520
0.002464
0.002415
0.002375
0.002337
0.002298
0.002257
0.002219
0.002186
0.002160
0.002139
0.002123
0.002111
0.002105
0.002103
0.002102
0.002096
0.002083
0.002069
0.002057
0.002050
0.002041
0.002026
0.002006
0.001987
0.001974
0.001964
0.001956
0.001953
0.001962
0.001983
0.002008
0.002027
0.002038
0.002044
0.002043
0.002035
0.002027
0.002025
0.002028
0.002034
0.002040
0.002048
0.002055
0.002053
0.002045
0.002043
0.002052
0.002058
0.002045
0.002016
0.001989
0.001978
0.001984
0.001995
0.002003
0.002003
0.001994
0.001978
0.001959
0.001944
0.001938
0.001942
0.001956
0.001977
0.001995
0.002002
0.001994
0.001977
0.001958
0.001946
0.001942
0.001947
0.001953
0.001951
0.001939
0.001918
0.001899
0.001884
0.001874
0.001866
0.001859
0.001855
0.001849
0.001841
0.001835
0.001837
0.001845
0.001850
0.001844
0.001833
0.001826
0.001827
0.001832
0.001836
0.001834
0.001829
0.001824
0.001821
0.001817
0.001809
0.001801
0.001794
0.001789
0.001785
0.001783
0.001783
0.001782
0.001775
0.001763
0.001752
0.001746
0.001747
0.001751
0.001755
0.001755
0.001752
0.001748
0.001745
0.001739
0.001726
0.001712
0.001705
0.001710
0.001720
0.001731
0.001744
0.001759
0.001776
0.001786
0.001788
0.001780
0.001764
0.001743
0.001725
0.001716
0.001714
0.001713
0.001708
0.001702
0.001700
0.001707
0.001717
0.001727
0.001737
0.001751
0.001771
0.001793
0.001804
0.001803
0.001795
0.001788
0.001781
0.001766
0.001743
0.001715
0.001691
0.001673
0.001663
0.001663
0.001675
0.001696
0.001716
0.001726
0.001725
0.001724
0.001733
0.001757
0.001784
0.001807
0.001824
0.001839
0.001849
0.001850
0.001846
0.001845
0.001850
0.001856
0.001859
0.001858
0.001856
0.001856
0.001857
0.001860
0.001867
0.001879
0.001893
0.001904
0.001907
0.001903
0.001895
0.001886
0.001876
0.001863
0.001849
0.001842
0.001843
0.001854
0.001874
0.001900
0.001921
0.001927
0.001920
0.001907
0.001895
0.001879
0.001857
0.001836
0.001825
0.001826
0.001834
0.001841
0.001845
0.001843
0.001835
0.001825
0.001813
0.001797
0.001776
0.001760
0.001760
0.001776
0.001797
0.001812
0.001820
0.001823
0.001825
0.001824
0.001824
0.001829
0.001844
0.001863
0.001878
0.001885
0.001887
0.001886
0.001881
0.001870
0.001851
0.001830
0.001815
0.001810
0.001810
0.001808
0.001801
0.001790
0.001781
0.001773
0.001764
0.001749
0.001727
0.001705
0.001688
0.001677
0.001673
0.001671
0.001667
0.001659
0.001654
0.001657
0.001666
0.001670
0.001660
0.001639
0.001617
0.001606
0.001607
0.001612
0.001612
0.001605
0.001600
0.001604
0.001617
0.001631
0.001643
0.001659
0.001680
0.001693
0.001682
0.001652
0.001624
0.001614
0.001615
0.001611
0.001597
0.001584
0.001577
0.001575
0.001570
0.001561
0.001556
0.001558
0.001561
0.001559
0.001554
0.001556
0.001569
0.001585
0.001596
0.001597
0.001589
0.001579
0.001572
0.001569
0.001568
0.001566
0.001564
0.001565
0.001573
0.001585
0.001597
0.001604
0.001603
0.001591
0.001572
0.001556
0.001552
0.001557
0.001565
0.001573
0.001579
0.001579
0.001572
0.001559
0.001545
0.001533
0.001527
0.001530
0.001543
0.001561
0.001577
0.001588
0.001595
0.001598
0.001593
0.001577
0.001553
0.001523
0.001496
0.001481
0.001492
0.001529
0.001577
0.001615
0.001634
0.001637
0.001633
0.001628
0.001628
0.001634
0.001643
0.001650
0.001651
0.001643
0.001629
0.001613
0.001598
0.001585
0.001571
0.001558
0.001553
0.001563
0.001582
0.001596
0.001604
0.001613
0.001625
0.001633
0.001625
0.001603
0.001582
0.001574
0.001581
0.001594
0.001599
0.001592
0.001577
0.001565
0.001563
0.001571
0.001584
0.001593
0.001597
0.001599
0.001600
0.001603
0.001610
0.001626
0.001649
0.001672
0.001682
0.001678
0.001666
0.001653
0.001640
0.001625
0.001614
0.001609
0.001609
0.001609
0.001611
0.001614
0.001615
0.001608
0.001598
0.001593
0.001597
0.001599
0.001593
0.001583
0.001575
0.001572
0.001572
0.001575
0.001582
0.001589
0.001590
0.001587
0.001583
0.001578
0.001568
0.001555
0.001542
0.001529
0.001512
0.001497
0.001492
0.001500
0.001511
0.001517
0.001517
0.001516
0.001514
0.001511
0.001511
0.001516
0.001522
0.001519
0.001506
0.001494
0.001493
0.001506
0.001527
0.001551
0.001573
0.001583
0.001576
0.001551
0.001524
0.001509
0.001510
0.001522
0.001535
0.001546
0.001555
0.001563
0.001566
0.001562
0.001552
0.001544
0.001545
0.001553
0.001561
0.001566
0.001572
0.001580
0.001583
0.001572
0.001549
0.001524
0.001508
0.001502
0.001506
0.001519
0.001535
0.001547
0.001558
0.001576
0.001601
0.001621
0.001625
0.001614
0.001600
0.001589
0.001577
0.001565
0.001556
0.001556
0.001560
0.001561
0.001560
0.001564
0.001572
0.001582
0.001587
0.001586
0.001576
0.001561
0.001548
0.001543
0.001549
0.001560
0.001573
0.001581
0.001580
0.001569
0.001555
0.001549
0.001553
0.001560
0.001563
0.001560
0.001556
0.001553
0.001555
0.001567
0.001591
0.001625
0.001654
0.001666
0.001662
0.001650
0.001640
0.001634
0.001626
0.001610
0.001587
0.001560
0.001535
0.001512
0.001491
0.001475
0.001472
0.001483
0.001503
0.001522
0.001534
0.001536
0.001534
0.001531
0.001530
0.001531
0.001531
0.001526
0.001521
0.001521
0.001535
0.001555
0.001572
0.001576
0.001566
0.001547
0.001524
0.001510
0.001518
0.001546
0.001578
0.001595
0.001594
0.001586
0.001584
0.001587
0.001589
0.001587
0.001582
0.001573
0.001564
0.001557
0.001556
0.001560
0.001564
0.001561
0.001551
0.001538
0.001528
0.001521
0.001518
0.001521
0.001529
0.001539
0.001544
0.001543
0.001541
0.001543
0.001543
0.001534
0.001518
0.001506
0.001507
0.001522
0.001542
0.001561
0.001574
0.001580
0.001582
0.001584
0.001585
0.001580
0.001568
0.001557
0.001553
0.001555
0.001559
0.001558
0.001554
0.001544
0.001530
0.001513
0.001501
0.001502
0.001516
0.001536
0.001555
0.001568
0.001578
0.001589
0.001603
0.001613
0.001613
0.001606
0.001596
0.001584
0.001567
0.001543
0.001519
0.001502
0.001497
0.001501
0.001507
0.001507
0.001506
0.001508
0.001515
0.001521
0.001518
0.001512
0.001515
0.001529
0.001544
0.001554
0.001562
0.001577
0.001596
0.001612
0.001624
0.001634
0.001642
0.001645
0.001645
0.001648
0.001658
0.001673
0.001681
0.001681
0.001673
0.001662
0.001648
0.001634
0.001622
0.001613
0.001608
0.001605
0.001603
0.001600
0.001595
0.001585
0.001569
0.001549
0.001529
0.001511
0.001497
0.001486
0.001482
0.001483
0.001487
0.001491
0.001494
0.001497
0.001500
0.001503
0.001507
0.001514
0.001522
0.001529
0.001532
0.001531
0.001531
0.001538
0.001551
0.001566
0.001576
0.001578
0.001578
0.001581
0.001585
0.001589
0.001589
0.001587
0.001580
0.001568
0.001552
0.001532
0.001510
0.001484
0.001461
0.001450
0.001458
0.001479
0.001503
0.001526
0.001546
0.001561
0.001565
0.001552
0.001528
0.001506
0.001496
0.001497
0.001497
0.001493
0.001484
0.001473
0.001462
0.001451
0.001444
0.001446
0.001457
0.001474
0.001489
0.001499
0.001506
0.001509
0.001509
0.001507
0.001507
0.001511
0.001522
0.001533
0.001536
0.001529
0.001518
0.001507
0.001493
0.001469
0.001439
0.001414
0.001405
0.001416
0.001444
0.001475
0.001496
0.001505
0.001509
0.001517
0.001529
0.001537
0.001536
0.001529
0.001519
0.001503
0.001485
0.001471
0.001466
0.001472
0.001485
0.001503
0.001522
0.001535
0.001536
0.001527
0.001516
0.001509
0.001505
0.001502
0.001498
0.001496
0.001497
0.001499
0.001496
0.001488
0.001479
0.001479
0.001488
0.001501
0.001512
0.001522
0.001533
0.001548
0.001565
0.001582
0.001592
0.001591
0.001575
0.001551
0.001528
0.001512
0.001508
0.001517
0.001537
0.001557
0.001566
0.001562
0.001551
0.001545
0.001545
0.001553
0.001564
0.001574
0.001573
0.001557
0.001532
0.001506
0.001486
0.001474
0.001473
0.001483
0.001498
0.001513
0.001524
0.001531
0.001537
0.001544
0.001547
0.001543
0.001530
0.001517
0.001508
0.001502
0.001495
0.001487
0.001484
0.001489
0.001498
0.001508
0.001520
0.001533
0.001539
0.001534
0.001519
0.001504
0.001496
0.001498
0.001510
0.001531
0.001555
0.001571
0.001577
0.001576
0.001569
0.001555
0.001534
0.001513
0.001502
0.001501
0.001503
0.001502
0.001503
0.001514
0.001534
0.001546
0.001541
0.001525
0.001515
0.001518
0.001526
0.001530
0.001537
0.001555
0.001580
0.001597
0.001600
0.001594
0.001592
0.001596
0.001601
0.001602
0.001597
0.001592
0.001591
0.001599
0.001610
0.001616
0.001608
0.001592
0.001581
0.001579
0.001582
0.001585
0.001589
0.001594
0.001599
0.001601
0.001602
0.001602
0.001602
0.001602
0.001601
0.001602
0.001601
0.001599
0.001595
0.001592
0.001588
0.001580
0.001567
0.001552
0.001540
0.001532
0.001530
0.001536
0.001551
0.001571
0.001588
0.001598
0.001601
0.001604
0.001610
0.001619
0.001626
0.001626
0.001620
0.001610
0.001593
0.001568
0.001542
0.001525
0.001519
0.001513
0.001503
0.001498
0.001512
0.001538
0.001557
0.001557
0.001549
0.001547
0.001553
0.001562
0.001567
0.001568
0.001566
0.001564
0.001563
0.001562
0.001562
0.001564
0.001572
0.001583
0.001591
0.001595
0.001593
0.001587
0.001576
0.001566
0.001561
0.001563
0.001567
0.001565
0.001553
0.001534
0.001515
0.001505
0.001510
0.001523
0.001532
0.001530
0.001519
0.001507
0.001502
0.001502
0.001507
0.001512
0.001512
0.001507
0.001502
0.001502
0.001500
0.001494
0.001495
0.001514
0.001547
0.001576
0.001589
0.001590
0.001588
0.001585
0.001578
0.001567
0.001555
0.001540
0.001522
0.001502
0.001486
0.001478
0.001479
0.001485
0.001491
0.001497
0.001505
0.001518
0.001532
0.001542
0.001546
0.001546
0.001543
0.001534
0.001521
0.001509
0.001505
0.001506
0.001508
0.001513
0.001523
0.001536
0.001545
0.001551
0.001559
0.001568
0.001569
0.001558
0.001540
0.001520
0.001502
0.001488
0.001481
0.001486
0.001499
0.001517
0.001533
0.001547
0.001558
0.001568
0.001578
0.001588
0.001593
0.001591
0.001587
0.001585
0.001582
0.001576
0.001571
0.001569
0.001568
0.001560
0.001545
0.001538
0.001548
0.001571
0.001591
0.001601
0.001603
0.001601
0.001595
0.001582
0.001568
0.001559
0.001555
0.001548
0.001536
0.001523
0.001508
0.001487
0.001465
0.001451
0.001456
0.001477
0.001501
0.001521
0.001533
0.001537
0.001531
0.001523
0.001522
0.001528
0.001538
0.001547
0.001559
0.001572
0.001580
0.001574
0.001559
0.001543
0.001532
0.001526
0.001522
0.001523
0.001531
0.001544
0.001556
0.001562
0.001558
0.001543
0.001524
0.001509
0.001504
0.001508
0.001518
0.001532
0.001545
0.001551
0.001543
0.001523
0.001497
0.001476
0.001463
0.001457
0.001457
0.001464
0.001477
0.001489
0.001498
0.001508
0.001520
0.001532
0.001538
0.001536
0.001529
0.001522
0.001516
0.001510
0.001506
0.001506
0.001511
0.001520
0.001530
0.001541
0.001549
0.001550
0.001543
0.001529
0.001519
0.001517
0.001522
0.001526
0.001527
0.001524
0.001520
0.001516
0.001513
0.001513
0.001511
0.001506
0.001500
0.001504
0.001519
0.001538
0.001548
0.001547
0.001543
0.001539
0.001532
0.001518
0.001499
0.001483
0.001478
0.001486
0.001502
0.001521
0.001537
0.001548
0.001551
0.001546
0.001532
0.001512
0.001494
0.001484
0.001484
0.001488
0.001492
0.001498
0.001509
0.001522
0.001528
0.001521
0.001505
0.001491
0.001485
0.001481
0.001476
0.001472
0.001478
0.001495
0.001514
0.001530
0.001539
0.001540
0.001534
0.001521
0.001511
0.001513
0.001530
0.001561
0.001598
0.001629
0.001644
0.001644
0.001639
0.001635
0.001630
0.001619
0.001606
0.001596
0.001590
0.001588
0.001590
0.001596
0.001597
0.001588
0.001574
0.001569
0.001579
0.001593
0.001597
0.001589
0.001575
0.001563
0.001553
0.001539
0.001517
0.001490
0.001468
0.001462
0.001471
0.001483
0.001490
0.001493
0.001496
0.001498
0.001491
0.001471
0.001446
0.001429
0.001424
0.001432
0.001447
0.001464
0.001478
0.001485
0.001481
0.001471
0.001466
0.001474
0.001491
0.001505
0.001508
0.001504
0.001505
0.001517
0.001541
0.001567
0.001589
0.001600
0.001601
0.001592
0.001580
0.001564
0.001548
0.001535
0.001531
0.001537
0.001548
0.001560
0.001565
0.001563
0.001557
0.001553
0.001553
0.001547
0.001530
0.001506
0.001489
0.001490
0.001504
0.001519
0.001528
0.001533
0.001539
0.001547
0.001552
0.001553
0.001548
0.001537
0.001518
0.001495
0.001474
0.001466
0.001473
0.001489
0.001509
0.001528
0.001543
0.001547
0.001540
0.001530
0.001532
0.001552
0.001578
0.001591
0.001585
0.001567
0.001545
0.001526
0.001517
0.001520
0.001533
0.001541
0.001537
0.001525
0.001515
0.001510
0.001508
0.001506
0.001504
0.001506
0.001513
0.001524
0.001541
0.001560
0.001574
0.001576
0.001565
0.001548
0.001528
0.001509
0.001494
0.001490
0.001499
0.001513
0.001522
0.001522
0.001513
0.001500
0.001491
0.001487
0.001489
0.001495
0.001501
0.001509
0.001522
0.001535
0.001543
0.001546
0.001548
0.001554
0.001564
0.001573
0.001577
0.001575
0.001569
0.001559
0.001547
0.001539
0.001537
0.001537
0.001533
0.001530
0.001531
0.001535
0.001536
0.001528
0.001515
0.001506
0.001506
0.001510
0.001515
0.001521
0.001531
0.001539
0.001537
0.001525
0.001506
0.001489
0.001479
0.001478
0.001482
0.001490
0.001498
0.001504
0.001510
0.001515
0.001515
0.001507
0.001490
0.001470
0.001456
0.001456
0.001468
0.001488
0.001507
0.001520
0.001529
0.001533
0.001530
0.001524
0.001518
0.001518
0.001522
0.001526
0.001531
0.001540
0.001556
0.001574
0.001587
0.001586
0.001570
0.001544
0.001521
0.001504
0.001488
0.001470
0.001456
0.001453
0.001463
0.001475
0.001486
0.001497
0.001511
0.001526
0.001539
0.001552
0.001569
0.001591
0.001615
0.001635
0.001647
0.001650
0.001645
0.001640
0.001636
0.001632
0.001628
0.001627
0.001632
0.001637
0.001635
0.001624
0.001614
0.001612
0.001615
0.001612
0.001599
0.001581
0.001568
0.001565
0.001568
0.001575
0.001581
0.001582
0.001580
0.001579
0.001584
0.001590
0.001588
0.001574
0.001555
0.001539
0.001531
0.001528
0.001529
0.001536
0.001544
0.001549
0.001548
0.001549
0.001553
0.001553
0.001544
0.001525
0.001503
0.001481
0.001466
0.001461
0.001469
0.001482
0.001489
0.001489
0.001484
0.001475
0.001461
0.001443
0.001429
0.001425
0.001433
0.001449
0.001466
0.001478
0.001487
0.001502
0.001530
0.001562
0.001583
0.001587
0.001586
0.001590
0.001601
0.001614
0.001633
0.001658
0.001684
0.001699
0.001697
0.001681
0.001656
0.001631
0.001611
0.001596
0.001583
0.001567
0.001553
0.001550
0.001565
0.001591
0.001615
0.001625
0.001621
0.001613
0.001610
0.001610
0.001607
0.001597
0.001586
0.001581
0.001582
0.001582
0.001576
0.001569
0.001569
0.001576
0.001585
0.001585
0.001574
0.001557
0.001547
0.001551
0.001570
0.001593
0.001609
0.001615
0.001611
0.001598
0.001583
0.001574
0.001575
0.001583
0.001593
0.001602
0.001613
0.001630
0.001647
0.001656
0.001651
0.001632
0.001604
0.001574
0.001546
0.001525
0.001516
0.001517
0.001522
0.001527
0.001532
0.001540
0.001553
0.001571
0.001592
0.001607
0.001607
0.001589
0.001561
0.001535
0.001519
0.001513
0.001514
0.001520
0.001532
0.001547
0.001561
0.001569
0.001565
0.001554
0.001544
0.001541
0.001546
0.001550
0.001549
0.001543
0.001534
0.001525
0.001523
0.001532
0.001545
0.001553
0.001557
0.001563
0.001568
0.001563
0.001543
0.001518
0.001500
0.001490
0.001483
0.001479
0.001485
0.001507
0.001540
0.001575
0.001602
0.001614
0.001612
0.001607
0.001606
0.001610
0.001612
0.001612
0.001611
0.001606
0.001593
0.001571
0.001545
0.001524
0.001513
0.001510
0.001508
0.001504
0.001499
0.001500
0.001515
0.001537
0.001554
0.001559
0.001553
0.001543
0.001538
0.001543
0.001556
0.001569
0.001573
0.001573
0.001575
0.001576
0.001571
0.001561
0.001556
0.001559
0.001561
0.001551
0.001530
0.001507
0.001490
0.001483
0.001492
0.001514
0.001539
0.001560
0.001579
0.001596
0.001605
0.001597
0.001574
0.001550
0.001536
0.001534
0.001542
0.001557
0.001571
0.001576
0.001571
0.001566
0.001567
0.001575
0.001583
0.001589
0.001591
0.001590
0.001588
0.001589
0.001595
0.001607
0.001619
0.001628
0.001632
0.001631
0.001624
0.001615
0.001605
0.001597
0.001594
0.001597
0.001604
0.001614
0.001623
0.001629
0.001631
0.001631
0.001630
0.001628
0.001619
0.001598
0.001572
0.001551
0.001540
0.001536
0.001534
0.001535
0.001541
0.001551
0.001562
0.001574
0.001582
0.001588
0.001595
0.001611
0.001634
0.001655
0.001660
0.001653
0.001645
0.001642
0.001644
0.001645
0.001642
0.001635
0.001626
0.001612
0.001597
0.001586
0.001585
0.001595
0.001611
0.001626
0.001638
0.001644
0.001647
0.001648
0.001649
0.001654
0.001661
0.001662
0.001655
0.001641
0.001627
0.001613
0.001596
0.001575
0.001553
0.001535
0.001528
0.001534
0.001548
0.001561
0.001569
0.001580
0.001598
0.001618
0.001628
0.001627
0.001630
0.001645
0.001662
0.001661
0.001639
0.001606
0.001579
0.001558
0.001538
0.001519
0.001506
0.001502
0.001503
0.001499
0.001486
0.001471
0.001468
0.001478
0.001495
0.001510
0.001524
0.001544
0.001567
0.001585
0.001597
0.001607
0.001620
0.001632
0.001640
0.001643
0.001649
0.001659
0.001672
0.001681
0.001680
0.001667
0.001645
0.001627
0.001618
0.001613
0.001608
0.001604
0.001606
0.001612
0.001613
0.001607
0.001601
0.001600
0.001600
0.001594
0.001578
0.001558
0.001544
0.001543
0.001553
0.001570
0.001583
0.001588
0.001587
0.001585
0.001588
0.001596
0.001603
0.001607
0.001609
0.001612
0.001611
0.001602
0.001586
0.001571
0.001563
0.001561
0.001561
0.001564
0.001580
0.001604
0.001626
0.001633
0.001630
0.001622
0.001617
0.001615
0.001618
0.001624
0.001626
0.001624
0.001619
0.001613
0.001603
0.001589
0.001578
0.001576
0.001579
0.001579
0.001579
0.001588
0.001606
0.001619
0.001621
0.001620
0.001626
0.001639
0.001647
0.001644
0.001633
0.001624
0.001621
0.001622
0.001620
0.001610
0.001598
0.001594
0.001600
0.001607
0.001606
0.001599
0.001590
0.001583
0.001580
0.001579
0.001580
0.001580
0.001580
0.001577
0.001574
0.001571
0.001567
0.001562
0.001557
0.001551
0.001546
0.001542
0.001538
0.001533
0.001529
0.001527
0.001523
0.001515
0.001509
0.001517
0.001541
0.001568
0.001583
0.001588
0.001592
0.001596
0.001595
0.001587
0.001581
0.001584
0.001593
0.001605
0.001617
0.001629
0.001641
0.001652
0.001661
0.001664
0.001657
0.001638
0.001615
0.001596
0.001587
0.001585
0.001589
0.001592
0.001585
0.001567
0.001549
0.001547
0.001564
0.001586
0.001599
0.001604
0.001609
0.001616
0.001620
0.001622
0.001623
0.001627
0.001635
0.001645
0.001655
0.001662
0.001662
0.001654
0.001644
0.001638
0.001639
0.001650
0.001669
0.001686
0.001690
0.001677
0.001655
0.001638
0.001633
0.001637
0.001644
0.001651
0.001655
0.001656
0.001656
0.001659
0.001666
0.001677
0.001688
0.001702
0.001719
0.001737
0.001754
0.001767
0.001777
0.001785
0.001792
0.001795
0.001788
0.001768
0.001740
0.001715
0.001698
0.001682
0.001663
0.001647
0.001640
0.001642
0.001642
0.001636
0.001630
0.001631
0.001640
0.001653
0.001667
0.001679
0.001691
0.001701
0.001711
0.001719
0.001725
0.001730
0.001738
0.001752
0.001769
0.001792
0.001825
0.001869
0.001918
0.001961
0.001994
0.002017
0.002025
0.002017
0.001996
0.001970
0.001948
0.001927
0.001904
0.001878
0.001850
0.001820
0.001789
0.001760
0.001739
0.001729
0.001726
0.001723
0.001717
0.001709
0.001706
0.001710
0.001721
0.001736
0.001749
0.001757
0.001759
0.001753
0.001743
0.001732
0.001722
0.001715
0.001714
0.001719
0.001728
0.001742
0.001761
0.001780
0.001794
0.001801
0.001803
0.001805
0.001807
0.001805
0.001799
0.001796
0.001797
0.001801
0.001803
0.001800
0.001797
0.001799
0.001814
0.001847
0.001897
0.001955
0.002011
0.002060
0.002105
0.002146
0.002180
0.002199
0.002204
0.002195
0.002175
0.002142
0.002097
0.002042
0.001980
0.001910
0.001837
0.001770
0.001717
0.001680
0.001658
0.001648
0.001647
0.001646
0.001637
0.001621
0.001605
0.001593
0.001584
0.001573
0.001565
0.001560
0.001554
0.001541
0.001526
0.001521
0.001528
0.001544
0.001564
0.001588
0.001613
0.001633
0.001643
0.001646
0.001647
0.001648
0.001647
0.001641
0.001633
0.001626
0.001620
0.001619
0.001621
0.001627
0.001635
0.001642
0.001652
0.001668
0.001692
0.001718
0.001739
0.001755
0.001766
0.001772
0.001772
0.001765
0.001753
0.001740
0.001722
0.001696
0.001665
0.001636
0.001619
0.001618
0.001632
0.001650
0.001660
0.001654
0.001643
0.001636
0.001636
0.001632
0.001621
0.001607
0.001597
0.001593
0.001591
0.001594
0.001601
0.001609
0.001609
0.001600
0.001588
0.001580
0.001579
0.001586
0.001599
0.001608
0.001605
0.001589
0.001571
0.001564
0.001570
0.001580
0.001588
0.001592
0.001592
0.001587
0.001581
0.001579
0.001580
0.001575
0.001558
0.001534
0.001518
0.001519
0.001532
0.001546
0.001556
0.001564
0.001570
0.001576
0.001587
0.001601
0.001609
0.001600
0.001575
0.001553
0.001549
0.001564
0.001584
0.001599
0.001601
0.001593
0.001580
0.001573
0.001573
0.001576
0.001576
0.001574
0.001570
0.001561
0.001545
0.001531
0.001531
0.001546
0.001564
0.001573
0.001573
0.001572
0.001573
0.001578
0.001586
0.001599
0.001619
0.001642
0.001663
0.001679
0.001691
0.001699
0.001701
0.001693
0.001676
0.001659
0.001650
0.001647
0.001644
0.001638
0.001633
0.001629
0.001627
0.001624
0.001617
0.001608
0.001595
0.001583
0.001579
0.001583
0.001590
0.001596
0.001602
0.001608
0.001609
0.001605
0.001600
0.001598
0.001599
0.001597
0.001598
0.001610
0.001634
0.001662
0.001683
0.001690
0.001688
0.001685
0.001687
0.001695
0.001704
0.001710
0.001710
0.001707
0.001702
0.001695
0.001684
0.001672
0.001666
0.001669
0.001681
0.001694
0.001705
0.001713
0.001716
0.001714
0.001707
0.001699
0.001693
0.001687
0.001682
0.001677
0.001670
0.001661
0.001653
0.001651
0.001656
0.001661
0.001654
0.001633
0.001610
0.001597
0.001598
0.001606
0.001614
0.001617
0.001616
0.001613
0.001609
0.001609
0.001612
0.001621
0.001634
0.001647
0.001654
0.001653
0.001653
0.001660
0.001671
0.001675
0.001664
0.001640
0.001607
0.001574
0.001547
0.001538
0.001550
0.001574
0.001594
0.001600
0.001601
0.001606
0.001614
0.001618
0.001613
0.001606
0.001606
0.001612
0.001619
0.001628
0.001640
0.001656
0.001669
0.001673
0.001671
0.001669
0.001671
0.001677
0.001683
0.001688
0.001688
0.001681
0.001666
0.001648
0.001632
0.001622
0.001616
0.001608
0.001595
0.001582
0.001574
0.001574
0.001576
0.001578
0.001578
0.001577
0.001574
0.001571
0.001573
0.001578
0.001585
0.001591
0.001596
0.001601
0.001604
0.001602
0.001599
0.001603
0.001616
0.001634
0.001649
0.001656
0.001655
0.001651
0.001652
0.001659
0.001666
0.001666
0.001659
0.001648
0.001634
0.001618
0.001607
0.001605
0.001611
0.001618
0.001620
0.001619
0.001618
0.001616
0.001612
0.001607
0.001606
0.001607
0.001610
0.001612
0.001615
0.001617
0.001614
0.001607
0.001598
0.001589
0.001577
0.001565
0.001559
0.001562
0.001570
0.001575
0.001573
0.001570
0.001571
0.001577
0.001583
0.001588
0.001591
0.001592
0.001591
0.001589
0.001592
0.001607
0.001631
0.001654
0.001671
0.001682
0.001690
0.001696
0.001695
0.001685
0.001668
0.001647
0.001627
0.001615
0.001615
0.001624
0.001639
0.001651
0.001658
0.001658
0.001649
0.001634
0.001618
0.001607
0.001603
0.001604
0.001603
0.001601
0.001603
0.001610
0.001620
0.001624
0.001619
0.001609
0.001602
0.001604
0.001611
0.001616
0.001615
0.001611
0.001609
0.001613
0.001622
0.001633
0.001642
0.001644
0.001637
0.001626
0.001621
0.001628
0.001640
0.001647
0.001646
0.001643
0.001643
0.001645
0.001648
0.001653
0.001660
0.001663
0.001658
0.001645
0.001628
0.001616
0.001615
0.001629
0.001652
0.001670
0.001676
0.001673
0.001672
0.001676
0.001677
0.001668
0.001648
0.001623
0.001603
0.001593
0.001597
0.001608
0.001620
0.001628
0.001632
0.001630
0.001626
0.001623
0.001625
0.001631
0.001638
0.001644
0.001650
0.001652
0.001648
0.001642
0.001647
0.001667
0.001694
0.001714
0.001722
0.001719
0.001710
0.001699
0.001690
0.001683
0.001674
0.001663
0.001651
0.001645
0.001641
0.001634
0.001625
0.001624
0.001634
0.001651
0.001667
0.001677
0.001680
0.001677
0.001668
0.001654
0.001638
0.001621
0.001605
0.001592
0.001587
0.001591
0.001596
0.001595
0.001587
0.001580
0.001586
0.001602
0.001618
0.001625
0.001624
0.001621
0.001625
0.001634
0.001647
0.001659
0.001666
0.001669
0.001669
0.001670
0.001671
0.001668
0.001663
0.001658
0.001655
0.001653
0.001652
0.001651
0.001647
0.001639
0.001631
0.001630
0.001639
0.001650
0.001652
0.001641
0.001621
0.001602
0.001589
0.001588
0.001599
0.001625
0.001657
0.001686
0.001705
0.001716
0.001725
0.001732
0.001732
0.001725
0.001710
0.001694
0.001683
0.001685
0.001701
0.001723
0.001738
0.001738
0.001728
0.001720
0.001718
0.001718
0.001714
0.001708
0.001705
0.001703
0.001702
0.001703
0.001710
0.001718
0.001722
0.001719
0.001711
0.001704
0.001701
0.001699
0.001694
0.001688
0.001683
0.001688
0.001704
0.001727
0.001744
0.001750
0.001745
0.001738
0.001732
0.001726
0.001719
0.001714
0.001715
0.001720
0.001727
0.001732
0.001733
0.001733
0.001736
0.001743
0.001750
0.001752
0.001745
0.001735
0.001732
0.001738
0.001749
0.001762
0.001772
0.001777
0.001774
0.001761
0.001740
0.001715
0.001690
0.001666
0.001642
0.001617
0.001596
0.001590
0.001602
0.001624
0.001645
0.001662
0.001684
0.001717
0.001754
0.001786
0.001804
0.001811
0.001814
0.001822
0.001838
0.001861
0.001885
0.001908
0.001930
0.001953
0.001974
0.001995
0.002014
0.002025
0.002017
0.001990
0.001954
0.001922
0.001893
0.001863
0.001832
0.001806
0.001786
0.001769
0.001754
0.001744
0.001737
0.001727
0.001707
0.001685
0.001667
0.001659
0.001662
0.001679
0.001703
0.001728
0.001746
0.001757
0.001763
0.001763
0.001758
0.001755
0.001763
0.001781
0.001799
0.001814
0.001834
0.001862
0.001890
0.001911
0.001923
0.001933
0.001943
0.001950
0.001951
0.001947
0.001944
0.001943
0.001939
0.001930
0.001917
0.001901
0.001886
0.001868
0.001849
0.001831
0.001821
0.001815
0.001809
0.001800
0.001798
0.001806
0.001818
0.001822
0.001814
0.001798
0.001782
0.001767
0.001752
0.001743
0.001744
0.001755
0.001762
0.001754
0.001733
0.001715
0.001711
0.001719
0.001724
0.001718
0.001709
0.001711
0.001725
0.001740
0.001745
0.001735
0.001719
0.001709
0.001714
0.001735
0.001761
0.001778
0.001779
0.001770
0.001759
0.001753
0.001749
0.001740
0.001727
0.001719
0.001723
0.001739
0.001754
0.001760
0.001757
0.001748
0.001738
0.001724
0.001708
0.001691
0.001672
0.001655
0.001648
0.001657
0.001679
0.001705
0.001728
0.001751
0.001777
0.001805
0.001824
0.001827
0.001814
0.001793
0.001774
0.001763
0.001760
0.001765
0.001775
0.001784
0.001788
0.001784
0.001772
0.001755
0.001738
0.001726
0.001720
0.001715
0.001708
0.001701
0.001701
0.001706
0.001712
0.001715
0.001720
0.001731
0.001742
0.001750
0.001756
0.001764
0.001767
0.001759
0.001745
0.001736
0.001737
0.001741
0.001740
0.001740
0.001742
0.001741
0.001736
0.001735
0.001749
0.001771
0.001784
0.001780
0.001765
0.001752
0.001748
0.001752
0.001758
0.001763
0.001767
0.001774
0.001784
0.001789
0.001784
0.001775
0.001772
0.001775
0.001778
0.001768
0.001746
0.001717
0.001687
0.001662
0.001648
0.001647
0.001659
0.001679
0.001699
0.001710
0.001706
0.001691
0.001677
0.001675
0.001686
0.001708
0.001730
0.001743
0.001740
0.001723
0.001706
0.001701
0.001710
0.001725
0.001739
0.001749
0.001754
0.001759
0.001765
0.001771
0.001771
0.001767
0.001763
0.001763
0.001767
0.001768
0.001765
0.001757
0.001742
0.001725
0.001714
0.001717
0.001733
0.001749
0.001756
0.001751
0.001745
0.001743
0.001748
0.001759
0.001770
0.001776
0.001776
0.001768
0.001758
0.001752
0.001754
0.001762
0.001773
0.001783
0.001792
0.001794
0.001787
0.001775
0.001764
0.001757
0.001748
0.001741
0.001745
0.001762
0.001779
0.001784
0.001775
0.001761
0.001752
0.001749
0.001754
0.001765
0.001774
0.001773
0.001768
0.001767
0.001773
0.001777
0.001770
0.001757
0.001746
0.001741
0.001737
0.001733
0.001728
0.001723
0.001722
0.001727
0.001738
0.001748
0.001752
0.001752
0.001755
0.001757
0.001752
0.001740
0.001729
0.001726
0.001736
0.001752
0.001766
0.001776
0.001780
0.001782
0.001783
0.001780
0.001772
0.001764
0.001762
0.001765
0.001765
0.001755
0.001737
0.001720
0.001711
0.001713
0.001718
0.001716
0.001706
0.001692
0.001682
0.001674
0.001663
0.001651
0.001644
0.001647
0.001658
0.001673
0.001690
0.001710
0.001731
0.001746
0.001749
0.001741
0.001729
0.001726
0.001737
0.001758
0.001780
0.001793
0.001797
0.001792
0.001780
0.001764
0.001746
0.001730
0.001717
0.001706
0.001698
0.001694
0.001695
0.001697
0.001701
0.001707
0.001721
0.001740
0.001760
0.001770
0.001763
0.001740
0.001710
0.001682
0.001660
0.001645
0.001634
0.001627
0.001624
0.001629
0.001644
0.001671
0.001706
0.001739
0.001763
0.001776
0.001780
0.001772
0.001753
0.001728
0.001705
0.001692
0.001689
0.001696
0.001706
0.001717
0.001727
0.001739
0.001754
0.001767
0.001771
0.001769
0.001767
0.001772
0.001778
0.001775
0.001764
0.001754
0.001751
0.001753
0.001756
0.001763
0.001773
0.001782
0.001778
0.001760
0.001735
0.001716
0.001711
0.001720
0.001734
0.001739
0.001733
0.001720
0.001712
0.001711
0.001719
0.001738
0.001766
0.001796
0.001820
0.001834
0.001840
0.001838
0.001826
0.001806
0.001787
0.001779
0.001777
0.001770
0.001756
0.001747
0.001751
0.001769
0.001790
0.001806
0.001814
0.001818
0.001815
0.001807
0.001797
0.001790
0.001786
0.001780
0.001768
0.001753
0.001744
0.001744
0.001749
0.001754
0.001758
0.001765
0.001776
0.001786
0.001793
0.001794
0.001792
0.001792
0.001796
0.001801
0.001807
0.001817
0.001832
0.001847
0.001853
0.001854
0.001859
0.001872
0.001886
0.001894
0.001894
0.001889
0.001882
0.001874
0.001865
0.001855
0.001842
0.001829
0.001822
0.001826
0.001835
0.001841
0.001841
0.001838
0.001834
0.001832
0.001833
0.001834
0.001831
0.001827
0.001829
0.001839
0.001852
0.001859
0.001859
0.001858
0.001856
0.001849
0.001839
0.001832
0.001830
0.001831
0.001833
0.001835
0.001841
0.001848
0.001854
0.001862
0.001872
0.001881
0.001883
0.001873
0.001850
0.001825
0.001813
0.001823
0.001849
0.001878
0.001900
0.001913
0.001917
0.001913
0.001908
0.001909
0.001920
0.001934
0.001947
0.001964
0.001990
0.002020
0.002040
0.002042
0.002031
0.002016
0.002002
0.001991
0.001985
0.001986
0.001993
0.002005
0.002013
0.002011
0.002002
0.001995
0.001995
0.001996
0.001992
0.001986
0.001985
0.001989
0.001994
0.002001
0.002012
0.002022
0.002023
0.002014
0.002002
0.001992
0.001984
0.001973
0.001961
0.001952
0.001944
0.001939
0.001935
0.001933
0.001928
0.001918
0.001909
0.001907
0.001909
0.001910
0.001907
0.001901
0.001899
0.001907
0.001932
0.001970
0.002004
0.002018
0.002015
0.002005
0.001996
0.001986
0.001969
0.001945
0.001919
0.001896
0.001884
0.001885
0.001896
0.001907
0.001912
0.001917
0.001931
0.001955
0.001983
0.002009
0.002030
0.002048
0.002061
0.002064
0.002054
0.002032
0.002013
0.002008
0.002018
0.002033
0.002046
0.002054
0.002058
0.002058
0.002055
0.002053
0.002054
0.002055
0.002056
0.002061
0.002077
0.002098
0.002114
0.002116
0.002105
0.002084
0.002056
0.002027
0.002005
0.001995
0.001994
0.001991
0.001985
0.001982
0.001987
0.001996
0.002000
0.001998
0.001998
0.002004
0.002016
0.002028
0.002033
0.002030
0.002024
0.002021
0.002029
0.002047
0.002067
0.002081
0.002089
0.002093
0.002097
0.002098
0.002097
0.002094
0.002093
0.002092
0.002088
0.002078
0.002067
0.002060
0.002059
0.002063
0.002069
0.002078
0.002089
0.002102
0.002116
0.002128
0.002140
0.002152
0.002163
0.002168
0.002166
0.002159
0.002151
0.002150
0.002154
0.002161
0.002169
0.002176
0.002182
0.002188
0.002196
0.002208
0.002223
0.002236
0.002241
0.002234
0.002216
0.002188
0.002161
0.002145
0.002143
0.002152
0.002164
0.002178
0.002191
0.002201
0.002204
0.002204
0.002210
0.002224
0.002240
0.002255
0.002267
0.002273
0.002268
0.002255
0.002244
0.002239
0.002232
0.002218
0.002201
0.002195
0.002204
0.002216
0.002223
0.002227
0.002233
0.002243
0.002255
0.002267
0.002281
0.002294
0.002304
0.002310
0.002315
0.002324
0.002339
0.002357
0.002375
0.002391
0.002408
0.002421
0.002425
0.002416
0.002403
0.002399
0.002410
0.002428
0.002439
0.002437
0.002425
0.002410
0.002397
0.002390
0.002390
0.002393
0.002397
0.002401
0.002408
0.002421
0.002437
0.002451
0.002461
0.002466
0.002470
0.002476
0.002485
0.002494
0.002501
0.002508
0.002517
0.002526
0.002533
0.002536
0.002537
0.002535
0.002531
0.002529
0.002536
0.002552
0.002564
0.002568
0.002567
0.002573
0.002585
0.002598
0.002603
0.002605
0.002612
0.002629
0.002657
0.002685
0.002706
0.002716
0.002719
0.002721
0.002724
0.002732
0.002744
0.002758
0.002769
0.002773
0.002773
0.002772
0.002773
0.002773
0.002773
0.002777
0.002789
0.002813
0.002844
0.002875
0.002900
0.002919
0.002937
0.002958
0.002985
0.003010
0.003026
0.003028
0.003024
0.003022
0.003026
0.003030
0.003034
0.003037
0.003038
0.003040
0.003046
0.003066
0.003095
0.003120
0.003131
0.003133
0.003146
0.003174
0.003204
0.003220
0.003227
0.003241
0.003266
0.003295
0.003320
0.003341
0.003361
0.003379
0.003392
0.003399
0.003404
0.003407
0.003410
0.003415
0.003427
0.003449
0.003476
0.003500
0.003515
0.003522
0.003529
0.003541
0.003560
0.003580
0.003598
0.003616
0.003639
0.003666
0.003689
0.003701
0.003704
0.003704
0.003705
0.003707
0.003711
0.003722
0.003742
0.003768
0.003791
0.003809
0.003827
0.003847
0.003871
0.003901
0.003939
0.003980
0.004013
0.004034
0.004047
0.004063
0.004086
0.004109
0.004127
0.004137
0.004138
0.004133
0.004125
0.004117
0.004116
0.004122
0.004134
0.004144
0.004144
0.004128
0.004099
0.004070
0.004050
0.004041
0.004037
0.004038
0.004044
0.004060
0.004087
0.004122
0.004155
0.004172
0.004169
0.004158
0.004149
0.004147
0.004145
0.004140
0.004132
0.004123
0.004111
0.004094
0.004073
0.004058
0.004055
0.004067
0.004086
0.004102
0.004109
0.004110
0.004111
0.004110
0.004108
0.004106
0.004099
0.004084
0.004059
0.004030
0.004006
0.003989
0.003978
0.003968
0.003959
0.003946
0.003927
0.003905
0.003887
0.003875
0.003867
0.003858
0.003846
0.003830
0.003809
0.003786
0.003764
0.003743
0.003721
0.003699
0.003683
0.003674
0.003666
0.003657
0.003647
0.003636
0.003623
0.003607
0.003593
0.003577
0.003554
0.003521
0.003490
0.003474
0.003476
0.003487
0.003496
0.003500
0.003497
0.003488
0.003472
0.003453
0.003433
0.003411
0.003388
0.003366
0.003347
0.003328
0.003308
0.003288
0.003273
0.003267
0.003270
0.003274
0.003267
0.003244
0.003214
0.003193
0.003187
0.003188
0.003186
0.003181
0.003176
0.003171
0.003162
0.003141
0.003108
0.003071
0.003040
0.003018
0.003003
0.002991
0.002979
0.002969
0.002957
0.002942
0.002928
0.002918
0.002911
0.002901
0.002887
0.002872
0.002864
0.002861
0.002859
0.002850
0.002835
0.002819
0.002804
0.002793
0.002784
0.002779
0.002779
0.002787
0.002800
0.002808
0.002809
0.002807
0.002806
0.002803
0.002796
0.002786
0.002779
0.002771
0.002754
0.002723
0.002689
0.002667
0.002661
0.002664
0.002670
0.002672
0.002670
0.002661
0.002644
0.002624
0.002605
0.002592
0.002584
0.002577
0.002565
0.002550
0.002535
0.002519
0.002501
0.002482
0.002474
0.002485
0.002508
0.002527
0.002529
0.002522
0.002518
0.002524
0.002536
0.002545
0.002547
0.002541
0.002529
0.002513
0.002495
0.002473
0.002448
0.002425
0.002409
0.002399
0.002395
0.002397
0.002402
0.002406
0.002400
0.002385
0.002369
0.002361
0.002360
0.002358
0.002349
0.002338
0.002329
0.002323
0.002313
0.002295
0.002275
0.002262
0.002261
0.002266
0.002269
0.002264
0.002254
0.002246
0.002243
0.002247
0.002256
0.002269
0.002282
0.002290
0.002296
0.002307
0.002327
0.002354
0.002378
0.002391
0.002391
0.002381
0.002362
0.002337
0.002308
0.002284
0.002272
0.002269
0.002269
0.002269
0.002272
0.002283
0.002295
0.002301
0.002295
0.002285
0.002279
0.002280
0.002285
0.002287
0.002283
0.002272
0.002261
0.002259
0.002269
0.002286
0.002300
0.002302
0.002297
0.002289
0.002283
0.002284
0.002289
0.002293
0.002285
0.002263
0.002235
0.002210
0.002190
0.002174
0.002161
0.002154
0.002151
0.002148
0.002141
0.002131
0.002126
0.002125
0.002125
0.002120
0.002112
0.002108
0.002115
0.002132
0.002151
0.002166
0.002169
0.002160
0.002145
0.002135
0.002135
0.002148
0.002165
0.002180
0.002189
0.002194
0.002198
0.002203
0.002205
0.002200
0.002185
0.002169
0.002157
0.002150
0.002142
0.002133
0.002128
0.002130
0.002136
0.002140
0.002141
0.002144
0.002152
0.002161
0.002166
0.002165
0.002161
0.002158
0.002157
0.002156
0.002156
0.002155
0.002152
0.002148
0.002141
0.002135
0.002127
0.002115
0.002102
0.002097
0.002103
0.002121
0.002150
0.002182
0.002206
0.002212
0.002194
0.002167
0.002146
0.002134
0.002123
0.002108
0.002089
0.002072
0.002058
0.002050
0.002050
0.002054
0.002054
0.002049
0.002050
0.002067
0.002095
0.002120
0.002133
0.002134
0.002130
0.002127
0.002130
0.002138
0.002150
0.002162
0.002172
0.002178
0.002177
0.002165
0.002144
0.002122
0.002107
0.002098
0.002094
0.002092
0.002091
0.002091
0.002087
0.002081
0.002077
0.002081
0.002091
0.002101
0.002108
0.002117
0.002131
0.002148
0.002159
0.002156
0.002146
0.002138
0.002134
0.002129
0.002120
0.002106
0.002092
0.002082
0.002076
0.002077
0.002083
0.002091
0.002096
0.002103
0.002113
0.002120
0.002116
0.002098
0.002082
0.002079
0.002089
0.002100
0.002107
0.002112
0.002115
0.002110
0.002098
0.002087
0.002084
0.002086
0.002089
0.002096
0.002113
0.002135
0.002146
0.002141
0.002128
0.002119
0.002116
0.002115
0.002110
0.002101
0.002089
0.002080
0.002076
0.002075
0.002070
0.002056
0.002040
0.002031
0.002033
0.002041
0.002046
0.002046
0.002041
0.002036
0.002031
0.002028
0.002027
0.002028
0.002033
0.002045
0.002059
0.002069
0.002071
0.002065
0.002052
0.002036
0.002022
0.002017
0.002024
0.002040
0.002059
0.002072
0.002072
0.002056
0.002028
0.002001
0.001982
0.001971
0.001960
0.001944
0.001927
0.001917
0.001916
0.001920
0.001926
0.001934
0.001943
0.001946
0.001937
0.001918
0.001901
0.001894
0.001895
0.001899
0.001908
0.001928
0.001958
0.001987
0.002007
0.002019
0.002029
0.002038
0.002041
0.002036
0.002022
0.002005
0.001992
0.001984
0.001980
0.001980
0.001988
0.002002
0.002015
0.002016
0.002003
0.001987
0.001981
0.001985
0.001988
0.001986
0.001982
0.001984
0.001996
0.002011
0.002024
0.002031
0.002030
0.002021
0.002011
0.002006
0.002006
0.002008
0.002010
0.002017
0.002029
0.002046
0.002061
0.002071
0.002076
0.002078
0.002078
0.002079
0.002083
0.002087
0.002086
0.002081
0.002077
0.002077
0.002073
0.002063
0.002051
0.002048
0.002054
0.002059
0.002054
0.002041
0.002025
0.002010
0.002000
0.001993
0.001991
0.001994
0.002004
0.002017
0.002029
0.002033
0.002031
0.002029
0.002028
0.002025
0.002014
0.001999
0.001989
0.001994
0.002013
0.002038
0.002055
0.002055
0.002041
0.002024
0.002013
0.002010
0.002011
0.002011
0.002010
0.002006
0.001999
0.001991
0.001987
0.001997
0.002023
0.002053
0.002076
0.002088
0.002097
0.002114
0.002137
0.002154
0.002157
0.002152
0.002145
0.002140
0.002135
0.002129
0.002125
0.002122
0.002117
0.002109
0.002100
0.002092
0.002082
0.002069
0.002056
0.002046
0.002046
0.002056
0.002071
0.002084
0.002096
0.002108
0.002121
0.002127
0.002123
0.002115
0.002111
0.002114
0.002121
0.002129
0.002137
0.002143
0.002142
0.002135
0.002130
0.002135
0.002151
0.002175
0.002200
0.002219
0.002225
0.002211
0.002184
0.002156
0.002137
0.002127
0.002121
0.002114
0.002113
0.002123
0.002139
0.002152
0.002154
0.002148
0.002137
0.002123
0.002104
0.002083
0.002068
0.002065
0.002070
0.002076
0.002077
0.002072
0.002062
0.002050
0.002041
0.002043
0.002059
0.002083
0.002104
0.002117
0.002124
0.002131
0.002139
0.002145
0.002146
0.002144
0.002142
0.002137
0.002125
0.002110
0.002098
0.002092
0.002093
0.002099
0.002107
0.002110
0.002102
0.002093
0.002094
0.002108
0.002124
0.002132
0.002132
0.002130
0.002128
0.002123
0.002117
0.002116
0.002119
0.002120
0.002111
0.002092
0.002073
0.002060
0.002061
0.002071
0.002079
0.002077
0.002068
0.002063
0.002074
0.002097
0.002122
0.002141
0.002150
0.002149
0.002140
0.002125
0.002113
0.002110
0.002118
0.002128
0.002130
0.002119
0.002100
0.002083
0.002074
0.002071
0.002066
0.002059
0.002053
0.002052
0.002052
0.002050
0.002041
0.002028
0.002014
0.002003
0.001999
0.002001
0.002011
0.002027
0.002048
0.002066
0.002075
0.002075
0.002069
0.002065
0.002068
0.002076
0.002084
0.002092
0.002096
0.002096
0.002092
0.002087
0.002087
0.002095
0.002102
0.002103
0.002099
0.002099
0.002110
0.002130
0.002147
0.002153
0.002146
0.002132
0.002117
0.002105
0.002097
0.002091
0.002085
0.002081
0.002077
0.002075
0.002077
0.002081
0.002084
0.002079
0.002067
0.002051
0.002040
0.002036
0.002043
0.002059
0.002075
0.002081
0.002072
0.002058
0.002053
0.002058
0.002068
0.002076
0.002083
0.002095
0.002111
0.002127
0.002140
0.002150
0.002155
0.002152
0.002140
0.002126
0.002118
0.002120
0.002126
0.002131
0.002134
0.002138
0.002139
0.002136
0.002129
0.002123
0.002119
0.002110
0.002093
0.002073
0.002060
0.002057
0.002056
0.002049
0.002041
0.002044
0.002061
0.002079
0.002088
0.002088
0.002084
0.002081
0.002079
0.002081
0.002090
0.002105
0.002114
0.002104
0.002080
0.002055
0.002042
0.002041
0.002047
0.002050
0.002045
0.002033
0.002020
0.002012
0.002012
0.002021
0.002033
0.002047
0.002059
0.002066
0.002066
0.002057
0.002043
0.002027
0.002014
0.002009
0.002012
0.002020
0.002026
0.002029
0.002030
0.002031
0.002034
0.002036
0.002038
0.002040
0.002039
0.002033
0.002023
0.002017
0.002021
0.002035
0.002050
0.002060
0.002064
0.002064
0.002066
0.002069
0.002075
0.002081
0.002085
0.002087
0.002092
0.002107
0.002128
0.002145
0.002155
0.002167
0.002190
0.002214
0.002220
0.002200
0.002163
0.002128
0.002105
0.002093
0.002085
0.002076
0.002064
0.002048
0.002037
0.002034
0.002036
0.002034
0.002027
0.002018
0.002016
0.002022
0.002033
0.002040
0.002043
0.002044
0.002047
0.002052
0.002058
0.002061
0.002059
0.002053
0.002048
0.002049
0.002055
0.002062
0.002068
0.002072
0.002078
0.002087
0.002093
0.002094
0.002089
0.002080
0.002072
0.002065
0.002059
0.002054
0.002054
0.002057
0.002062
0.002065
0.002067
0.002074
0.002089
0.002109
0.002130
0.002149
0.002160
0.002161
0.002156
0.002153
0.002155
0.002159
0.002163
0.002166
0.002172
0.002176
0.002174
0.002162
0.002145
0.002133
0.002128
0.002129
0.002130
0.002130
0.002132
0.002138
0.002150
0.002164
0.002174
0.002180
0.002181
0.002179
0.002178
0.002184
0.002194
0.002200
0.002196
0.002188
0.002181
0.002176
0.002171
0.002169
0.002174
0.002185
0.002195
0.002202
0.002211
0.002219
0.002215
0.002197
0.002171
0.002150
0.002139
0.002137
0.002139
0.002142
0.002141
0.002137
0.002140
0.002150
0.002160
0.002160
0.002158
0.002166
0.002186
0.002199
0.002191
0.002166
0.002141
0.002126
0.002121
0.002121
0.002122
0.002122
0.002120
0.002117
0.002115
0.002120
0.002132
0.002148
0.002163
0.002176
0.002189
0.002205
0.002220
0.002231
0.002238
0.002247
0.002260
0.002269
0.002265
0.002250
0.002238
0.002238
0.002247
0.002256
0.002257
0.002252
0.002245
0.002240
0.002235
0.002232
0.002227
0.002221
0.002211
0.002200
0.002186
0.002166
0.002142
0.002126
0.002128
0.002141
0.002155
0.002162
0.002165
0.002168
0.002172
0.002180
0.002194
0.002210
0.002220
0.002219
0.002212
0.002210
0.002215
0.002219
0.002216
0.002204
0.002190
0.002183
0.002189
0.002201
0.002207
0.002204
0.002202
0.002211
0.002227
0.002243
0.002258
0.002273
0.002285
0.002286
0.002280
0.002278
0.002282
0.002276
0.002252
0.002222
0.002202
0.002197
0.002198
0.002197
0.002195
0.002197
0.002201
0.002207
0.002212
0.002214
0.002209
0.002203
0.002201
0.002204
0.002207
0.002204
0.002195
0.002184
0.002173
0.002164
0.002164
0.002171
0.002181
0.002185
0.002183
0.002178
0.002172
0.002166
0.002163
0.002167
0.002176
0.002184
0.002183
0.002178
0.002176
0.002177
0.002177
0.002171
0.002161
0.002150
0.002144
0.002147
0.002156
0.002168
0.002179
0.002188
0.002198
0.002211
0.002225
0.002239
0.002253
0.002268
0.002282
0.002290
0.002290
0.002285
0.002277
0.002263
0.002241
0.002217
0.002198
0.002186
0.002177
0.002170
0.002166
0.002167
0.002170
0.002170
0.002165
0.002156
0.002146
0.002137
0.002135
0.002143
0.002158
0.002175
0.002190
0.002206
0.002228
0.002259
0.002293
0.002321
0.002339
0.002340
0.002322
0.002287
0.002250
0.002225
0.002219
0.002224
0.002233
0.002244
0.002262
0.002285
0.002308
0.002322
0.002320
0.002307
0.002292
0.002283
0.002281
0.002285
0.002293
0.002308
0.002329
0.002350
0.002366
0.002372
0.002374
0.002377
0.002384
0.002390
0.002390
0.002386
0.002378
0.002366
0.002345
0.002312
0.002277
0.002252
0.002248
0.002258
0.002275
0.002290
0.002301
0.002304
0.002299
0.002289
0.002280
0.002277
0.002280
0.002284
0.002283
0.002270
0.002250
0.002233
0.002228
0.002236
0.002251
0.002269
0.002289
0.002312
0.002336
0.002354
0.002364
0.002363
0.002357
0.002354
0.002359
0.002370
0.002376
0.002373
0.002363
0.002353
0.002346
0.002342
0.002343
0.002348
0.002356
0.002368
0.002385
0.002404
0.002416
0.002416
0.002410
0.002406
0.002405
0.002403
0.002399
0.002394
0.002388
0.002381
0.002374
0.002370
0.002372
0.002376
0.002381
0.002388
0.002398
0.002407
0.002410
0.002409
0.002407
0.002406
0.002404
0.002402
0.002407
0.002425
0.002451
0.002476
0.002487
0.002481
0.002467
0.002449
0.002432
0.002418
0.002412
0.002421
0.002445
0.002471
0.002488
0.002494
0.002493
0.002494
0.002500
0.002513
0.002536
0.002560
0.002575
0.002571
0.002546
0.002510
0.002481
0.002469
0.002473
0.002485
0.002493
0.002499
0.002506
0.002520
0.002538
0.002553
0.002564
0.002571
0.002576
0.002581
0.002589
0.002598
0.002602
0.002597
0.002592
0.002593
0.002599
0.002602
0.002600
0.002596
0.002593
0.002590
0.002587
0.002587
0.002595
0.002606
0.002613
0.002612
0.002601
0.002584
0.002570
0.002566
0.002574
0.002586
0.002597
0.002610
0.002633
0.002662
0.002687
0.002702
0.002715
0.002734
0.002759
0.002786
0.002811
0.002836
0.002858
0.002876
0.002892
0.002917
0.002957
0.003014
0.003087
0.003177
0.003281
0.003394
0.003506
0.003614
0.003716
0.003817
0.003917
0.004014
0.004102
0.004179
0.004240
0.004281
0.004295
0.004279
0.004235
0.004169
0.004090
0.004003
0.003910
0.003812
0.003707
0.003600
0.003496
0.003403
0.003321
0.003249
0.003185
0.003128
0.003086
0.003061
0.003055
0.003065
0.003085
0.003105
0.003113
0.003106
0.003090
0.003075
0.003062
0.003047
0.003028
0.003009
0.002992
0.002976
0.002958
0.002937
0.002915
0.002894
0.002874
0.002857
0.002850
0.002854
0.002870
0.002896
0.002933
0.002974
0.003012
0.003039
0.003055
0.003065
0.003075
0.003082
0.003081
0.003071
0.003053
0.003029
0.002996
0.002953
0.002909
0.002873
0.002852
0.002845
0.002846
0.002852
0.002858
0.002866
0.002873
0.002878
0.002880
0.002878
0.002874
0.002872
0.002873
0.002875
0.002874
0.002874
0.002881
0.002897
0.002918
0.002935
0.002947
0.002960
0.002978
0.003000
0.003024
0.003048
0.003071
0.003089
0.003102
0.003112
0.003121
0.003128
0.003131
0.003130
0.003129
0.003130
0.003131
0.003127
0.003120
0.003115
0.003117
0.003126
0.003135
0.003140
0.003145
0.003156
0.003176
0.003201
0.003226
0.003249
0.003267
0.003280
0.003289
0.003296
0.003309
0.003328
0.003354
0.003385
0.003424
0.003467
0.003503
0.003526
0.003538
0.003546
0.003558
0.003574
0.003598
0.003631
0.003671
0.003708
0.003734
0.003753
0.003771
0.003796
0.003825
0.003858
0.003898
0.003939
0.003975
0.004001
0.004023
0.004046
0.004075
0.004105
0.004133
0.004157
0.004185
0.004220
0.004264
0.004315
0.004368
0.004426
0.004488
0.004550
0.004606
0.004656
0.004706
0.004757
0.004806
0.004851
0.004899
0.004958
0.005032
0.005115
0.005205
0.005300
0.005397
0.005492
0.005583
0.005673
0.005761
0.005844
0.005922
0.005996
0.006068
0.006141
0.006215
0.006294
0.006372
0.006443
0.006497
0.006539
0.006577
0.006620
0.006664
0.006706
0.006742
0.006776
0.006814
0.006859
0.006910
0.006961
0.007012
0.007063
0.007118
0.007175
0.007229
0.007282
0.007339
0.007403
0.007469
0.007533
0.007598
0.007667
0.007740
0.007813
0.007885
0.007959
0.008041
0.008133
0.008228
0.008324
0.008420
0.008521
0.008630
0.008750
0.008883
0.009026
0.009174
0.009319
0.009457
0.009588
0.009714
0.009834
0.009943
0.010039
0.010122
0.010196
0.010265
0.010330
0.010391
0.010445
0.010493
0.010533
0.010562
0.010583
0.010601
0.010624
0.010655
0.010690
0.010725
0.010755
0.010780
0.010802
0.010824
0.010850
0.010882
0.010923
0.010970
0.011021
0.011075
0.011133
0.011201
0.011276
0.011352
0.011424
0.011495
0.011573
0.011658
0.011743
0.011821
0.011894
0.011961
0.012021
0.012066
0.012098
0.012120
0.012134
0.012140
0.012135
0.012125
0.012116
0.012110
0.012102
0.012088
0.012067
0.012044
0.012021
0.012000
0.011977
0.011951
0.011922
0.011896
0.011879
0.011875
0.011880
0.011883
0.011884
0.011892
0.011915
0.011953
0.011991
0.012025
0.012059
0.012105
0.012162
0.012224
0.012277
0.012317
0.012346
0.012375
0.012412
0.012456
0.012497
0.012530
0.012555
0.012577
0.012594
0.012602
0.012604
0.012609
0.012621
0.012634
0.012637
0.012625
0.012604
0.012584
0.012567
0.012546
0.012516
0.012484
0.012457
0.012436
0.012411
0.012383
0.012357
0.012340
0.012320
0.012291
0.012256
0.012227
0.012205
0.012180
0.012143
0.012101
0.012062
0.012030
0.011997
0.011962
0.011920
0.011872
0.011816
0.011756
0.011699
0.011643
0.011582
0.011511
0.011432
0.011350
0.011263
0.011172
0.011083
0.011004
0.010934
0.010861
0.010777
0.010678
0.010570
0.010455
0.010332
0.010206
0.010080
0.009962
0.009847
0.009733
0.009618
0.009507
0.009397
0.009288
0.009182
0.009079
0.008978
0.008871
0.008757
0.008642
0.008529
0.008415
0.008299
0.008180
0.008063
0.007945
0.007825
0.007704
0.007587
0.007478
0.007379
0.007295
0.007221
0.007147
0.007063
0.006974
0.006894
0.006831
0.006778
0.006723
0.006664
0.006609
0.006565
0.006533
0.006507
0.006478
0.006440
0.006401
0.006367
0.006336
0.006303
0.006265
0.006226
0.006190
0.006152
0.006108
0.006063
0.006024
0.005990
0.005957
0.005923
0.005892
0.005863
0.005838
0.005824
0.005822
0.005827
0.005827
0.005813
0.005786
0.005761
0.005747
0.005745
0.005749
0.005744
0.005727
0.005702
0.005682
0.005676
0.005683
0.005699
0.005717
0.005733
0.005748
0.005765
0.005788
0.005814
0.005844
0.005884
0.005935
0.005993
0.006050
0.006107
0.006169
0.006242
0.006325
0.006416
0.006515
0.006626
0.006750
0.006895
0.007065
0.007254
0.007457
0.007679
0.007940
0.008257
0.008637
0.009079
0.009595
0.010201
0.010921
0.011775
0.012791
0.014003
0.015453
0.017197
0.019297
0.021820
0.024821
0.028340
0.032399
0.036986
0.042041
0.047427
0.052917
0.058183
0.062817
0.066398
0.068565
0.069102
0.067988
0.065421
0.061778
0.057539
0.053200
0.049201
0.045891
0.043509
0.042185
0.041952
0.042787
0.044627
0.047363
0.050824
0.054765
0.058860
0.062700
0.065826
0.067792
0.068260
0.067073
0.064278
0.060114
0.054963
0.049278
0.043498
0.037975
0.032942
0.028520
0.024739
0.021572
0.018952
0.016800
0.015038
0.013596
0.012411
0.011424
0.010589
0.009879
0.009278
0.008763
0.008308
0.007892
0.007509
0.007164
0.006859
0.006590
0.006356
0.006151
0.005974
0.005819
0.005685
0.005567
0.005459
0.005358
0.005271
0.005204
0.005150
0.005097
0.005043
0.004999
0.004975
0.004968
0.004965
0.004961
0.004956
0.004947
0.004934
0.004919
0.004906
0.004896
0.004888
0.004882
0.004882
0.004888
0.004893
0.004891
0.004878
0.004860
0.004843
0.004830
0.004818
0.004805
0.004790
0.004780
0.004776
0.004777
0.004781
0.004790
0.004809
0.004836
0.004858
0.004868
0.004869
0.004871
0.004880
0.004896
0.004912
0.004926
0.004937
0.004946
0.004951
0.004949
0.004939
0.004925
0.004911
0.004900
0.004890
0.004883
0.004883
0.004890
0.004902
0.004916
0.004933
0.004949
0.004958
0.004952
0.004935
0.004916
0.004899
0.004885
0.004873
0.004869
0.004870
0.004871
0.004860
0.004832
0.004786
0.004729
0.004677
0.004640
0.004621
0.004612
0.004602
0.004591
0.004582
0.004572
0.004550
0.004512
0.004467
0.004428
0.004403
0.004388
0.004374
0.004353
0.004321
0.004281
0.004239
0.004201
0.004172
0.004155
0.004143
0.004125
0.004095
0.004062
0.004042
0.004040
0.004050
0.004065
0.004084
0.004112
0.004149
0.004189
0.004234
0.004292
0.004375
0.004486
0.004617
0.004755
0.004888
0.005018
0.005150
0.005278
0.005386
0.005458
0.005492
0.005499
0.005488
0.005458
0.005410
0.005355
0.005301
0.005243
0.005175
0.005091
0.004991
0.004871
0.004734
0.004588
0.004443
0.004309
0.004186
0.004077
0.003984
0.003905
0.003839
0.003789
0.003756
0.003734
0.003713
0.003685
0.003654
0.003627
0.003608
0.003598
0.003591
0.003579
0.003558
0.003534
0.003514
0.003499
0.003485
0.003468
0.003451
0.003436
0.003427
0.003428
0.003440
0.003460
0.003479
0.003486
0.003479
0.003463
0.003446
0.003438
0.003444
0.003457
0.003469
0.003476
0.003477
0.003473
0.003460
0.003444
0.003434
0.003430
0.003426
0.003416
0.003402
0.003394
0.003392
0.003394
0.003400
0.003410
0.003421
0.003428
0.003433
0.003440
0.003452
0.003460
0.003459
0.003446
0.003429
0.003414
0.003407
0.003411
0.003421
0.003430
0.003436
0.003444
0.003450
0.003449
0.003432
0.003398
0.003352
0.003305
0.003271
0.003258
0.003263
0.003276
0.003293
0.003309
0.003325
0.003333
0.003331
0.003322
0.003312
0.003308
0.003312
0.003322
0.003333
0.003338
0.003336
0.003330
0.003324
0.003315
0.003309
0.003314
0.003334
0.003355
0.003356
0.003332
0.003296
0.003265
0.003244
0.003231
0.003225
0.003226
0.003234
0.003243
0.003251
0.003263
0.003282
0.003304
0.003320
0.003326
0.003326
0.003327
0.003332
0.003335
0.003336
0.003336
0.003334
0.003330
0.003323
0.003314
0.003304
0.003294
0.003282
0.003268
0.003251
0.003234
0.003225
0.003229
0.003247
0.003275
0.003303
0.003326
0.003338
0.003339
0.003339
0.003345
0.003355
0.003363
0.003366
0.003365
0.003364
0.003360
0.003355
0.003354
0.003363
0.003375
0.003384
0.003386
0.003379
0.003363
0.003340
0.003323
0.003321
0.003333
0.003348
0.003358
0.003367
0.003376
0.003382
0.003385
0.003389
0.003399
0.003411
0.003418
0.003418
0.003413
0.003401
0.003384
0.003370
0.003366
0.003374
0.003388
0.003405
0.003422
0.003441
0.003464
0.003488
0.003507
0.003519
0.003526
0.003532
0.003534
0.003528
0.003515
0.003503
0.003501
0.003509
0.003524
0.003544
0.003567
0.003584
0.003582
0.003561
0.003538
0.003529
0.003537
0.003550
0.003558
0.003558
0.003554
0.003551
0.003553
0.003562
0.003578
0.003596
0.003608
0.003611
0.003608
0.003601
0.003590
0.003580
0.003576
0.003576
0.003574
0.003566
0.003556
0.003553
0.003554
0.003550
0.003538
0.003523
0.003512
0.003503
0.003494
0.003488
0.003490
0.003498
0.003506
0.003507
0.003501
0.003491
0.003486
0.003492
0.003503
0.003508
0.003507
0.003505
0.003508
0.003510
0.003509
0.003513
0.003531
0.003560
0.003588
0.003606
0.003613
0.003616
0.003619
0.003628
0.003643
0.003664
0.003695
0.003736
0.003778
0.003806
0.003819
0.003829
0.003849
0.003875
0.003890
0.003893
0.003900
0.003918
0.003939
0.003952
0.003961
0.003975
0.003998
0.004030
0.004068
0.004109
0.004144
0.004170
0.004185
0.004192
0.004194
0.004194
0.004192
0.004190
0.004188
0.004187
0.004191
0.004201
0.004216
0.004235
0.004257
0.004279
0.004299
0.004314
0.004331
0.004356
0.004388
0.004422
0.004453
0.004479
0.004497
0.004509
0.004519
0.004532
0.004543
0.004547
0.004542
0.004530
0.004517
0.004507
0.004505
0.004511
0.004523
0.004536
0.004552
0.004576
0.004606
0.004639
0.004671
0.004701
0.004726
0.004743
0.004753
0.004757
0.004759
0.004756
0.004753
0.004759
0.004781
0.004813
0.004844
0.004870
0.004896
0.004922
0.004945
0.004960
0.004973
0.004988
0.005004
0.005014
0.005016
0.005020
0.005032
0.005047
0.005056
0.005059
0.005064
0.005078
0.005096
0.005109
0.005124
0.005153
0.005197
0.005241
0.005266
0.005269
0.005261
0.005253
0.005252
0.005259
0.005269
0.005276
0.005276
0.005274
0.005279
0.005294
0.005312
0.005325
0.005328
0.005323
0.005315
0.005308
0.005304
0.005304
0.005305
0.005303
0.005295
0.005282
0.005265
0.005247
0.005232
0.005222
0.005215
0.005210
0.005202
0.005191
0.005181
0.005180
0.005184
0.005185
0.005172
0.005144
0.005110
0.005076
0.005048
0.005024
0.005002
0.004980
0.004959
0.004944
0.004940
0.004944
0.004949
0.004952
0.004956
0.004963
0.004970
0.004978
0.004986
0.004994
0.004997
0.004991
0.004984
0.004982
0.004986
0.004989
0.004981
0.004964
0.004937
0.004903
0.004871
0.004853
0.004856
0.004873
0.004890
0.004894
0.004888
0.004883
0.004888
0.004905
0.004927
0.004947
0.004963
0.004974
0.004976
0.004964
0.004933
0.004891
0.004850
0.004823
0.004813
0.004814
0.004818
0.004818
0.004812
0.004804
0.004798
0.004796
0.004801
0.004814
0.004828
0.004836
0.004836
0.004831
0.004834
0.004846
0.004860
0.004866
0.004863
0.004857
0.004852
0.004848
0.004843
0.004842
0.004850
0.004865
0.004878
0.004883
0.004880
0.004876
0.004875
0.004878
0.004885
0.004896
0.004908
0.004917
0.004924
0.004929
0.004934
0.004941
0.004952
0.004967
0.004983
0.004998
0.005012
0.005027
0.005043
0.005053
0.005049
0.005035
0.005020
0.005014
0.005023
0.005045
0.005073
0.005101
0.005128
0.005155
0.005184
0.005210
0.005229
0.005244
0.005258
0.005271
0.005278
0.005276
0.005274
0.005283
0.005302
0.005325
0.005345
0.005360
0.005368
0.005365
0.005351
0.005336
0.005327
0.005323
0.005314
0.005298
0.005284
0.005282
0.005291
0.005307
0.005323
0.005338
0.005349
0.005353
0.005352
0.005352
0.005356
0.005361
0.005364
0.005363
0.005357
0.005346
0.005327
0.005305
0.005285
0.005274
0.005277
0.005289
0.005305
0.005319
0.005336
0.005357
0.005381
0.005401
0.005418
0.005438
0.005462
0.005485
0.005497
0.005504
0.005515
0.005537
0.005567
0.005602
0.005645
0.005701
0.005762
0.005812
0.005847
0.005876
0.005909
0.005945
0.005977
0.006008
0.006045
0.006088
0.006128
0.006161
0.006193
0.006232
0.006275
0.006312
0.006334
0.006343
0.006345
0.006352
0.006373
0.006409
0.006452
0.006487
0.006510
0.006526
0.006541
0.006557
0.006571
0.006586
0.006605
0.006622
0.006633
0.006637
0.006637
0.006636
0.006636
0.006641
0.006652
0.006659
0.006652
0.006632
0.006611
0.006600
0.006596
0.006594
0.006593
0.006595
0.006602
0.006608
0.006609
0.006603
0.006597
0.006596
0.006600
0.006603
0.006598
0.006588
0.006580
0.006580
0.006588
0.006604
0.006623
0.006642
0.006659
0.006677
0.006704
0.006736
0.006764
0.006787
0.006813
0.006851
0.006900
0.006952
0.007006
0.007063
0.007127
0.007192
0.007257
0.007323
0.007392
0.007461
0.007529
0.007597
0.007669
0.007746
0.007824
0.007899
0.007971
0.008039
0.008104
0.008168
0.008233
0.008305
0.008387
0.008472
0.008549
0.008615
0.008680
0.008750
0.008817
0.008865
0.008892
0.008909
0.008925
0.008941
0.008957
0.008980
0.009014
0.009052
0.009085
0.009108
0.009123
0.009133
0.009141
0.009146
0.009148
0.009144
0.009131
0.009116
0.009104
0.009096
0.009088
0.009075
0.009056
0.009031
0.009000
0.008959
0.008911
0.008861
0.008818
0.008786
0.008767
0.008755
0.008748
0.008743
0.008743
0.008748
0.008754
0.008759
0.008765
0.008773
0.008780
0.008786
0.008794
0.008807
0.008831
0.008869
0.008923
0.008989
0.009061
0.009139
0.009223
0.009311
0.009400
0.009488
0.009582
0.009686
0.009803
0.009927
0.010051
0.010177
0.010306
0.010440
0.010579
0.010716
0.010854
0.010995
0.011146
0.011310
0.011483
0.011662
0.011848
0.012035
0.012218
0.012393
0.012562
0.012725
0.012878
0.013015
0.013138
0.013254
0.013372
0.013487
0.013596
0.013698
0.013798
0.013896
0.013986
0.014066
0.014141
0.014215
0.014292
0.014366
0.014432
0.014480
0.014509
0.014522
0.014528
0.014534
0.014542
0.014553
0.014566
0.014578
0.014583
0.014580
0.014565
0.014541
0.014509
0.014479
0.014457
0.014443
0.014433
0.014423
0.014415
0.014412
0.014409
0.014401
0.014392
0.014393
0.014406
0.014428
0.014461
0.014506
0.014565
0.014632
0.014701
0.014775
0.014860
0.014954
0.015045
0.015124
0.015196
0.015277
0.015378
0.015498
0.015631
0.015776
0.015940
0.016129
0.016338
0.016557
0.016785
0.017025
0.017279
0.017540
0.017802
0.018066
0.018342
0.018638
0.018950
0.019269
0.019592
0.019923
0.020267
0.020623
0.020988
0.021357
0.021725
0.022087
0.022435
0.022771
0.023104
0.023443
0.023791
0.024143
0.024498
0.024855
0.025213
0.025568
0.025920
0.026272
0.026624
0.026975
0.027322
0.027664
0.027997
0.028316
0.028624
0.028928
0.029229
0.029519
0.029796
0.030066
0.030336
0.030602
0.030858
0.031108
0.031354
0.031593
0.031816
0.032028
0.032241
0.032466
0.032701
0.032941
0.033181
0.033418
0.033645
0.033866
0.034089
0.034322
0.034563
0.034807
0.035055
0.035313
0.035582
0.035860
0.036149
0.036452
0.036776
0.037122
0.037489
0.037873
0.038265
0.038660
0.039056
0.039459
0.039875
0.040309
0.040762
0.041238
0.041737
0.042267
0.042830
0.043420
0.044025
0.044636
0.045256
0.045901
0.046581
0.047298
0.048046
0.048816
0.049603
0.050405
0.051222
0.052052
0.052888
0.053725
0.054566
0.055418
0.056283
0.057158
0.058038
0.058924
0.059825
0.060752
0.061709
0.062691
0.063694
0.064720
0.065774
0.066866
0.067994
0.069154
0.070342
0.071555
0.072789
0.074044
0.075319
0.076617
0.077940
0.079288
0.080665
0.082071
0.083506
0.084968
0.086457
0.087972
0.089512
0.091079
0.092678
0.094310
0.095970
0.097656
0.099371
0.101122
0.102911
0.104741
0.106612
0.108521
0.110463
0.112428
0.114419
0.116444
0.118510
0.120617
0.122762
0.124941
0.127149
0.129377
0.131629
0.133916
0.136247
0.138622
0.141033
0.143475
0.145942
0.148431
0.150944
0.153491
0.156080
0.158707
0.161360
0.164037
0.166748
0.169497
0.172278
0.175083
0.177916
0.180779
0.183663
0.186549
0.189428
0.192298
0.195163
0.198018
0.200850
0.203650
0.206414
0.209138
0.211820
0.214456
0.217038
0.219555
0.221993
0.224341
0.226596
0.228760
0.230839
0.232832
0.234735
0.236544
0.238251
0.239858
0.241373
0.242809
0.244179
0.245494
0.246770
0.248027
0.249288
0.250579
0.251921
0.253335
0.254838
0.256442
0.258158
0.260008
0.262020
0.264224
0.266637
0.269269
0.272130
0.275226
0.278570
0.282169
0.286030
0.290154
0.294546
0.299204
0.304123
0.309294
0.314707
0.320363
0.326269
0.332438
0.338879
0.345599
0.352608
0.359923
0.367556
0.375514
0.383802
0.392424
0.401385
0.410683
0.420289
0.430142
0.440141
0.450157
0.460038
0.469628
0.478778
0.487367
0.495313
0.502589
0.509228
0.515325
0.521015
0.526447
0.531754
0.537052
0.542438
0.547997
0.553796
0.559890
0.566329
0.573157
0.580427
0.588197
0.596535
0.605499
0.615133
0.625447
0.636419
0.647980
0.659996
0.672256
0.684494
0.696429
0.707816
0.718487
0.728362
0.737456
0.745861
0.753722
0.761220
0.768544
0.775879
0.783386
0.791203
0.799440
0.808182
0.817472
0.827282
0.837500
0.847931
0.858332
0.868448
0.878061
0.887029
0.895306
0.902942
0.910054
0.916806
0.923377
0.929944
0.936648
0.943562
0.950682
0.957929
0.965167
0.972227
0.978935
0.985157
0.990832
0.995976
1.000660
1.004988
1.009064
1.012968
1.016728
1.020309
1.023636
1.026617
1.029165
1.031206
1.032695
1.033634
1.034066
1.034041
1.033588
1.032716
1.031415
1.029665
1.027441
1.024720
1.021489
1.017758
1.013549
1.008888
1.003790
0.998254
0.992267
0.985815
0.978890
0.971493
0.963629
0.955304
0.946531
0.937324
0.927702
0.917676
0.907261
0.896481
0.885367
0.873947
0.862242
0.850269
0.838042
0.825578
0.812891
0.799997
0.786911
0.773654
0.760243
0.746697
0.733034
0.719266
0.705403
0.691465
0.677487
0.663514
0.649590
0.635756
0.622055
0.608538
0.595259
0.582272
0.569619
0.557327
0.545403
0.533851
0.522691
0.511980
0.501790
0.492191
0.483230
0.474932
0.467300
0.460303
0.453875
0.447925
0.442352
0.437053
0.431918
0.426830
0.421668
0.416312
0.410653
0.404591
0.398028
0.390850
0.382935
0.374170
0.364491
0.353934
0.342693
0.331153
0.319822
0.309174
0.299467
0.290676
0.282572
0.274868
0.267347
0.259898
0.252521
0.245329
0.238552
0.232499
0.227473
0.223663
0.221101
0.219701
0.219317
0.219802
0.221024
0.222876
0.225287
0.228218
0.231653
0.235585
0.240017
0.244952
0.250380
0.256287
0.262656
0.269466
0.276681
0.284250
0.292132
0.300295
0.308708
0.317330
0.326127
0.335083
0.344201
0.353477
0.362897
0.372445
0.382106
0.391866
0.401711
0.411633
0.421627
0.431679
0.441767
0.451878
0.462010
0.472163
0.482332
0.492504
0.502667
0.512810
0.522926
0.533010
0.543062
0.553083
0.563072
0.573025
0.582930
0.592772
0.602539
0.612218
0.621802
0.631285
0.640661
0.649929
0.659085
0.668121
0.677028
0.685792
0.694400
0.702849
0.711140
0.719285
0.727284
0.735127
0.742801
0.750298
0.757615
0.764741
0.771662
0.778370
0.784866
0.791154
0.797233
0.803111
0.808802
0.814325
0.819687
0.824887
0.829910
0.834725
0.839289
0.843553
0.847484
0.851065
0.854303
0.857228
0.859881
0.862310
0.864551
0.866631
0.868575
0.870393
0.872087
0.873651
0.875075
0.876331
0.877368
0.878126
0.878555
0.878626
0.878323
0.877647
0.876616
0.875269
0.873655
0.871835
0.869886
0.867888
0.865900
0.863949
0.862048
0.860203
0.858410
0.856642
0.854857
0.853005
0.851038
0.848903
0.846547
0.843925
0.840997
0.837731
0.834099
0.830088
0.825710
0.820994
0.815992
0.810776
0.805440
0.800081
0.794783
0.789614
0.784621
0.779838
0.775277
0.770933
0.766788
0.762809
0.758960
0.755206
0.751512
0.747843
0.744154
0.740409
0.736585
0.732664
0.728628
0.724444
0.720076
0.715497
0.710688
0.705634
0.700320
0.694742
0.688909
0.682848
0.676599
0.670220
0.663780
0.657357
0.651026
0.644853
0.638890
0.633179
0.627743
0.622583
0.617685
0.613028
0.608584
0.604317
0.600189
0.596169
0.592236
0.588376
0.584570
0.580793
0.577026
0.573255
0.569469
0.565655
0.561805
0.557921
0.554006
0.550051
0.546036
0.541939
0.537750
0.533473
0.529115
0.524676
0.520146
0.515511
0.510759
0.505882
0.500872
0.495724
0.490439
0.485029
0.479510
0.473899
0.468211
0.462471
0.456710
0.450960
0.445250
0.439620
0.434119
0.428789
0.423658
0.418746
0.414077
0.409677
0.405555
0.401700
0.398096
0.394727
0.391577
0.388622
0.385840
0.383215
0.380735
0.378385
0.376144
0.373989
0.371898
0.369854
0.367847
0.365872
0.363926
0.361999
0.360085
0.358181
0.356283
0.354388
0.352494
0.350602
0.348707
0.346801
0.344880
0.342950
0.341015
0.339073
0.337117
0.335136
0.333123
0.331075
0.328996
0.326890
0.324753
0.322575
0.320361
0.318133
0.315912
0.313697
0.311468
0.309213
0.306936
0.304643
0.302333
0.300004
0.297658
0.295295
0.292915
0.290518
0.288107
0.285683
0.283247
0.280806
0.278368
0.275928
0.273471
0.270989
0.268486
0.265975
0.263459
0.260941
0.258421
0.255897
0.253363
0.250814
0.248259
0.245704
0.243149
0.240588
0.238019
0.235444
0.232862
0.230277
0.227704
0.225161
0.222649
0.220152
0.217653
0.215149
0.212644
0.210147
0.207666
0.205207
0.202771
0.200358
0.197969
0.195604
0.193256
0.190924
0.188614
0.186335
0.184091
0.181875
0.179682
0.177509
0.175354
0.173220
0.171115
0.169048
0.167014
0.164999
0.163003
0.161032
0.159092
0.157173
0.155271
0.153392
0.151549
0.149738
0.147946
0.146172
0.144417
0.142685
0.140974
0.139290
0.137641
0.136027
0.134438
0.132866
0.131309
0.129769
0.128247
0.126742
0.125258
0.123797
0.122353
0.120924
0.119510
0.118114
0.116736
0.115377
0.114041
0.112725
0.111423
0.110132
0.108851
0.107580
0.106313
0.105047
0.103793
0.102568
0.101376
0.100212
0.099069
0.097938
0.096812
0.095685
0.094562
0.093452
0.092365
0.091299
0.090244
0.089194
0.088146
0.087102
0.086067
0.085050
0.084053
0.083076
0.082114
0.081157
0.080202
0.079250
0.078309
0.077383
0.076478
0.075596
0.074734
0.073887
0.073043
0.072197
0.071353
0.070519
0.069697
0.068888
0.068093
0.067316
0.066554
0.065794
0.065033
0.064277
0.063534
0.062801
0.062066
0.061323
0.060580
0.059848
0.059137
0.058451
0.057788
0.057143
0.056508
0.055879
0.055256
0.054638
0.054028
0.053431
0.052850
0.052280
0.051713
0.051142
0.050572
0.050006
0.049449
0.048905
0.048378
0.047868
0.047364
0.046856
0.046344
0.045833
0.045331
0.044838
0.044360
0.043898
0.043451
0.043009
0.042569
0.042132
0.041698
0.041272
0.040861
0.040477
0.040123
0.039791
0.039471
0.039159
0.038852
0.038548
0.038247
0.037953
0.037678
0.037423
0.037182
0.036946
0.036714
0.036488
0.036275
0.036078
0.035897
0.035726
0.035564
0.035417
0.035289
0.035184
0.035097
0.035023
0.034959
0.034908
0.034872
0.034851
0.034842
0.034842
0.034855
0.034889
0.034950
0.035035
0.035142
0.035274
0.035441
0.035644
0.035880
0.036157
0.036498
0.036928
0.037461
0.038108
0.038887
0.039833
0.040993
0.042419
0.044179
0.046350
0.049014
0.052254
0.056156
0.060806
0.066270
0.072570
0.079667
0.087465
0.095776
0.104221
0.112112
0.118460
0.122200
0.122562
0.119365
0.113072
0.104597
0.095011
0.085290
0.076151
0.068002
0.060979
0.055045
0.050097
0.046014
0.042671
0.039940
0.037706
0.035871
0.034361
0.033116
0.032090
0.031248
0.030577
0.030078
0.029758
0.029616
0.029655
0.029886
0.030345
0.031078
0.032141
0.033606
0.035565
0.038118
0.041357
0.045366
0.050220
0.055958
0.062552
0.069906
0.077855
0.086114
0.094152
0.101130
0.106018
0.107906
0.106329
0.101429
0.093891
0.084727
0.074993
0.065555
0.056961
0.049451
0.043061
0.037725
0.033334
0.029755
0.026845
0.024474
0.022541
0.020969
0.019695
0.018658
0.017807
0.017105
0.016527
0.016053
0.015657
0.015320
0.015032
0.014794
0.014603
0.014452
0.014331
0.014234
0.014160
0.014102
0.014052
0.014008
0.013974
0.013948
0.013928
0.013907
0.013886
0.013862
0.013836
0.013805
0.013767
0.013720
0.013662
0.013593
0.013518
0.013440
0.013360
0.013280
0.013198
0.013113
0.013019
0.012908
0.012779
0.012633
0.012476
0.012317
0.012160
0.012006
0.011848
0.011676
0.011486
0.011282
0.011074
0.010869
0.010664
0.010451
0.010225
0.009994
0.009768
0.009547
0.009319
0.009073
0.008812
0.008548
0.008290
0.008038
0.007790
0.007546
0.007306
0.007072
0.006841
0.006612
0.006383
0.006152
0.005923
0.005703
0.005504
0.005331
0.005181
0.005042
0.004902
0.004759
0.004620
0.004500
0.004407
0.004343
0.004296
0.004258
0.004226
0.004201
0.004187
0.004184
0.004190
0.004202
0.004223
0.004256
0.004298
0.004347
0.004398
0.004456
0.004527
0.004612
0.004705
0.004796
0.004884
0.004974
0.005072
0.005173
0.005271
0.005363
0.005452
0.005540
0.005624
0.005703
0.005776
0.005847
0.005917
0.005986
0.006048
0.006098
0.006128
0.006138
0.006132
0.006117
0.006098
0.006078
0.006056
0.006035
0.006011
0.005982
0.005939
0.005878
0.005804
0.005726
0.005651
0.005582
0.005514
0.005439
0.005354
0.005260
0.005160
0.005060
0.004964
0.004870
0.004771
0.004660
0.004536
0.004402
0.004262
0.004114
0.003960
0.003804
0.003655
0.003518
0.003396
0.003285
0.003181
0.003082
0.002986
0.002891
0.002801
0.002724
0.002665
0.002617
0.002571
0.002523
0.002479
0.002447
0.002421
0.002391
0.002353
0.002308
0.002255
0.002196
0.002140
0.002094
0.002060
0.002028
0.001997
0.001981
0.001990
0.002020
0.002052
0.002082
0.002114
0.002158
0.002214
0.002276
0.002337
0.002398
0.002459
0.002519
0.002580
0.002640
0.002699
0.002757
0.002811
0.002859
0.002902
0.002943
0.002987
0.003028
0.003065
0.003102
0.003150
0.003209
0.003267
0.003311
0.003341
0.003368
0.003401
0.003435
0.003459
0.003463
0.003445
0.003404
0.003341
0.003255
0.003150
0.003033
0.002913
0.002801
0.002709
0.002639
0.002584
0.002526
0.002457
0.002378
0.002297
0.002215
0.002128
0.002038
0.001949
0.001864
0.001784
0.001706
0.001634
0.001564
0.001492
0.001415
0.001336
0.001257
0.001182
0.001117
0.001067
0.001039
0.001027
0.001020
0.001009
0.000994
0.000982
0.000980
0.000991
0.001014
0.001041
0.001064
0.001073
0.001069
0.001060
0.001056
0.001061
0.001069
0.001073
0.001078
0.001095
0.001129
0.001174
0.001220
0.001268
0.001322
0.001382
0.001435
0.001474
0.001503
0.001530
0.001557
0.001577
0.001588
0.001598
0.001613
0.001630
0.001644
0.001654
0.001666
0.001681
0.001694
0.001705
0.001716
0.001726
0.001730
0.001725
0.001714
0.001707
0.001706
0.001708
0.001708
0.001700
0.001684
0.001656
0.001620
0.001585
0.001554
0.001523
0.001484
0.001438
0.001394
0.001360
0.001334
0.001306
0.001272
0.001231
0.001190
0.001150
0.001109
0.001064
0.001014
0.000961
0.000908
0.000859
0.000821
0.000795
0.000777
0.000758
0.000732
0.000705
0.000678
0.000652
0.000624
0.000601
0.000590
0.000589
0.000588
0.000583
0.000578
0.000577
0.000580
0.000580
0.000576
0.000573
0.000579
0.000596
0.000625
0.000660
0.000695
0.000726
0.000753
0.000782
0.000812
0.000845
0.000882
0.000919
0.000949
0.000964
0.000967
0.000974
0.000996
0.001029
0.001062
0.001088
0.001115
0.001144
0.001168
0.001179
0.001182
0.001190
0.001211
0.001242
0.001269
0.001291
0.001311
0.001330
0.001342
0.001342
0.001334
0.001322
0.001307
0.001287
0.001266
0.001255
0.001259
0.001272
0.001289
0.001306
0.001323
0.001333
0.001334
0.001334
0.001348
0.001380
0.001424
0.001467
0.001500
0.001513
0.001500
0.001468
0.001431
0.001399
0.001368
0.001328
0.001277
0.001222
0.001174
0.001141
0.001122
0.001111
0.001099
0.001081
0.001059
0.001036
0.001012
0.000983
0.000946
0.000904
0.000858
0.000814
0.000775
0.000745
0.000724
0.000711
0.000707
0.000710
0.000717
0.000731
0.000756
0.000793
0.000837
0.000877
0.000910
0.000939
0.000969
0.001003
0.001046
0.001096
0.001148
0.001191
0.001219
0.001232
0.001229
0.001210
0.001177
0.001140
0.001108
0.001083
0.001062
0.001041
0.001017
0.000991
0.000965
0.000937
0.000907
0.000875
0.000850
0.000838
0.000839
0.000843
0.000842
0.000837
0.000829
0.000818
0.000807
0.000797
0.000787
0.000769
0.000741
0.000712
0.000696
0.000693
0.000692
0.000683
0.000667
0.000648
0.000629
0.000613
0.000601
0.000591
0.000580
0.000573
0.000575
0.000584
0.000591
0.000591
0.000589
0.000592
0.000597
0.000598
0.000593
0.000585
0.000577
0.000566
0.000548
0.000528
0.000514
0.000512
0.000518
0.000529
0.000539
0.000545
0.000549
0.000553
0.000561
0.000575
0.000593
0.000612
0.000629
0.000639
0.000647
0.000659
0.000680
0.000711
0.000743
0.000771
0.000798
0.000828
0.000856
0.000876
0.000885
0.000885
0.000886
0.000892
0.000903
0.000918
0.000932
0.000938
0.000937
0.000936
0.000939
0.000946
0.000950
0.000949
0.000945
0.000938
0.000928
0.000920
0.000917
0.000917
0.000915
0.000907
0.000900
0.000901
0.000910
0.000927
0.000951
0.000979
0.001004
0.001017
0.001020
0.001020
0.001019
0.001016
0.001011
0.001012
0.001025
0.001047
0.001074
0.001099
0.001119
0.001133
0.001139
0.001140
0.001140
0.001138
0.001133
0.001129
0.001129
0.001136
0.001147
0.001158
0.001165
0.001168
0.001170
0.001176
0.001184
0.001192
0.001200
0.001214
0.001235
0.001259
0.001282
0.001300
0.001312
0.001320
0.001324
0.001328
0.001333
0.001340
0.001350
0.001362
0.001377
0.001392
0.001406
0.001419
0.001433
0.001444
0.001450
0.001454
0.001457
0.001456
0.001450
0.001445
0.001445
0.001451
0.001456
0.001459
0.001462
0.001466
0.001468
0.001462
0.001454
0.001448
0.001448
0.001449
0.001448
0.001448
0.001452
0.001463
0.001475
0.001483
0.001485
0.001485
0.001491
0.001503
0.001520
0.001534
0.001544
0.001548
0.001550
0.001555
0.001569
0.001591
0.001613
0.001626
0.001628
0.001625
0.001624
0.001623
0.001626
0.001636
0.001653
0.001672
0.001687
0.001699
0.001715
0.001739
0.001764
0.001787
0.001807
0.001827
0.001846
0.001861
0.001874
0.001887
0.001905
0.001926
0.001951
0.001978
0.002004
0.002031
0.002060
0.002090
0.002117
0.002137
0.002151
0.002167
0.002184
0.002194
0.002193
0.002185
0.002180
0.002177
0.002174
0.002169
0.002166
0.002169
0.002174
0.002178
0.002186
0.002202
0.002227
0.002258
0.002288
0.002317
0.002346
0.002379
0.002417
0.002455
0.002487
0.002509
0.002523
0.002533
0.002549
0.002576
0.002615
0.002663
0.002712
0.002761
0.002805
0.002839
0.002861
0.002872
0.002879
0.002886
0.002893
0.002900
0.002908
0.002919
0.002931
0.002944
0.002960
0.002983
0.003009
0.003033
0.003050
0.003054
0.003044
0.003023
0.003001
0.002988
0.002986
0.002988
0.002991
0.002996
0.003004
0.003012
0.003016
0.003016
0.003018
0.003025
0.003036
0.003043
0.003042
0.003038
0.003040
0.003056
0.003082
0.003104
0.003111
0.003107
0.003107
0.003118
0.003133
0.003143
0.003145
0.003147
0.003158
0.003179
0.003203
0.003224
0.003243
0.003258
0.003270
0.003278
0.003288
0.003309
0.003344
0.003390
0.003437
0.003477
0.003507
0.003531
0.003548
0.003558
0.003565
0.003578
0.003604
0.003640
0.003671
0.003689
0.003695
0.003695
0.003689
0.003675
0.003660
0.003655
0.003662
0.003673
0.003676
0.003667
0.003650
0.003629
0.003606
0.003580
0.003549
0.003510
0.003464
0.003414
0.003364
0.003317
0.003278
0.003247
0.003217
0.003185
0.003153
0.003128
0.003110
0.003094
0.003076
0.003051
0.003017
0.002975
0.002932
0.002898
0.002872
0.002845
0.002813
0.002782
0.002766
0.002765
0.002767
0.002761
0.002740
0.002708
0.002668
0.002626
0.002582
0.002540
0.002503
0.002472
0.002444
0.002414
0.002383
0.002362
0.002361
0.002373
0.002382
0.002379
0.002366
0.002351
0.002334
0.002320
0.002315
0.002318
0.002326
0.002332
0.002335
0.002335
0.002331
0.002326
0.002320
0.002313
0.002301
0.002284
0.002267
0.002253
0.002241
0.002234
0.002235
0.002246
0.002261
0.002275
0.002287
0.002296
0.002301
0.002299
0.002300
0.002312
0.002331
0.002350
0.002361
0.002366
0.002369
0.002371
0.002376
0.002387
0.002408
0.002430
0.002449
0.002459
0.002463
0.002463
0.002459
0.002450
0.002436
0.002422
0.002412
0.002409
0.002412
0.002420
0.002432
0.002446
0.002460
0.002469
0.002474
0.002475
0.002471
0.002462
0.002452
0.002444
0.002434
0.002424
0.002423
0.002436
0.002455
0.002462
0.002450
0.002434
0.002430
0.002441
0.002460
0.002483
0.002505
0.002525
0.002539
0.002548
0.002557
0.002564
0.002564
0.002557
0.002548
0.002540
0.002529
0.002511
0.002493
0.002485
0.002493
0.002514
0.002535
0.002550
0.002560
0.002571
0.002588
0.002604
0.002613
0.002613
0.002611
0.002611
0.002616
0.002624
0.002630
0.002632
0.002630
0.002634
0.002652
0.002687
0.002726
0.002759
0.002785
0.002812
0.002846
0.002881
0.002915
0.002949
0.002991
0.003043
0.003099
0.003156
0.003215
0.003280
0.003353
0.003431
0.003515
0.003596
0.003665
0.003713
0.003742
0.003761
0.003776
0.003793
0.003814
0.003841
0.003870
0.003898
0.003928
0.003963
0.004005
0.004048
0.004088
0.004128
0.004168
0.004213
0.004260
0.004311
0.004358
0.004393
0.004416
0.004431
0.004447
0.004463
0.004476
0.004490
0.004510
0.004540
0.004574
0.004610
0.004644
0.004677
0.004716
0.004769
0.004833
0.004891
0.004926
0.004942
0.004953
0.004974
0.005001
0.005028
0.005051
0.005075
0.005101
0.005127
0.005148
0.005168
0.005191
0.005223
0.005263
0.005301
0.005330
0.005352
0.005374
0.005400
0.005425
0.005439
0.005437
0.005421
0.005399
0.005377
0.005357
0.005337
0.005314
0.005294
0.005277
0.005259
0.005235
0.005207
0.005183
0.005164
0.005142
0.005114
0.005085
0.005060
0.005038
0.005015
0.004993
0.004974
0.004956
0.004937
0.004911
0.004879
0.004843
0.004806
0.004771
0.004742
0.004715
0.004687
0.004657
0.004627
0.004601
0.004578
0.004555
0.004532
0.004509
0.004488
0.004468
0.004447
0.004424
0.004403
0.004387
0.004377
0.004366
0.004353
0.004333
0.004306
0.004270
0.004231
0.004198
0.004175
0.004157
0.004136
0.004114
0.004095
0.004085
0.004079
0.004069
0.004050
0.004025
0.004002
0.003992
0.003995
0.004004
0.004011
0.004015
0.004019
0.004024
0.004024
0.004016
0.004002
0.003983
0.003962
0.003946
0.003941
0.003945
0.003957
0.003971
0.003985
0.003995
0.004002
0.004010
0.004019
0.004023
0.004022
0.004022
0.004033
0.004050
0.004064
0.004073
0.004083
0.004096
0.004108
0.004111
0.004110
0.004113
0.004124
0.004145
0.004173
0.004203
0.004226
0.004236
0.004235
0.004230
0.004229
0.004237
0.004255
0.004275
0.004287
0.004290
0.004291
0.004298
0.004313
0.004334
0.004363
0.004401
0.004436
0.004454
0.004453
0.004442
0.004433
0.004432
0.004438
0.004448
0.004461
0.004471
0.004475
0.004471
0.004460
0.004446
0.004438
0.004448
0.004472
0.004496
0.004507
0.004506
0.004504
0.004507
0.004510
0.004506
0.004498
0.004493
0.004497
0.004509
0.004522
0.004525
0.004509
0.004477
0.004438
0.004400
0.004366
0.004334
0.004304
0.004278
0.004256
0.004232
0.004201
0.004156
0.004101
0.004043
0.003991
0.003949
0.003915
0.003883
0.003847
0.003808
0.003764
0.003717
0.003668
0.003617
0.003569
0.003530
0.003503
0.003490
0.003486
0.003488
0.003498
0.003511
0.003523
0.003529
0.003532
0.003539
0.003553
0.003569
0.003581
0.003584
0.003582
0.003582
0.003585
0.003591
0.003598
0.003608
0.003625
0.003651
0.003685
0.003725
0.003775
0.003836
0.003907
0.003988
0.004078
0.004183
0.004299
0.004422
0.004543
0.004653
0.004741
0.004800
0.004828
0.004825
0.004792
0.004728
0.004638
0.004535
0.004431
0.004331
0.004236
0.004149
0.004080
0.004032
0.003999
0.003978
0.003965
0.003962
0.003969
0.003986
0.004016
0.004062
0.004128
0.004208
0.004290
0.004363
0.004416
0.004442
0.004438
0.004408
0.004364
0.004315
0.004264
0.004205
0.004135
0.004058
0.003980
0.003908
0.003848
0.003805
0.003776
0.003755
0.003730
0.003688
0.003626
0.003549
0.003468
0.003392
0.003324
0.003263
0.003206
0.003157
0.003115
0.003081
0.003058
0.003049
0.003050
0.003056
0.003060
0.003063
0.003065
0.003065
0.003063
0.003067
0.003081
0.003103
0.003123
0.003130
0.003116
0.003077
0.003013
0.002931
0.002837
0.002734
0.002628
0.002531
0.002454
0.002400
0.002362
0.002332
0.002310
0.002300
0.002302
0.002311
0.002323
0.002331
0.002331
0.002327
0.002325
0.002327
0.002329
0.002322
0.002309
0.002294
0.002280
0.002265
0.002247
0.002223
0.002192
0.002154
0.002109
0.002064
0.002024
0.001992
0.001971
0.001966
0.001984
0.002024
0.002076
0.002123
0.002160
0.002188
0.002216
0.002246
0.002276
0.002301
0.002321
0.002339
0.002355
0.002372
0.002392
0.002414
0.002433
0.002446
0.002459
0.002477
0.002502
0.002531
0.002561
0.002592
0.002622
0.002649
0.002671
0.002692
0.002713
0.002740
0.002773
0.002811
0.002849
0.002882
0.002908
0.002933
0.002960
0.002991
0.003021
0.003046
0.003067
0.003087
0.003109
0.003133
0.003155
0.003177
0.003201
0.003228
0.003256
0.003283
0.003311
0.003340
0.003371
0.003402
0.003437
0.003473
0.003503
0.003520
0.003526
0.003533
0.003551
0.003574
0.003597
0.003615
0.003629
0.003640
0.003651
0.003666
0.003691
0.003726
0.003765
0.003802
0.003832
0.003852
0.003864
0.003876
0.003893
0.003916
0.003936
0.003945
0.003943
0.003939
0.003943
0.003961
0.003988
0.004013
0.004024
0.004021
0.004013
0.004007
0.004001
0.003994
0.003986
0.003982
0.003979
0.003970
0.003955
0.003941
0.003935
0.003937
0.003947
0.003964
0.003984
0.004002
0.004009
0.004010
0.004008
0.004004
0.003995
0.003980
0.003965
0.003955
0.003949
0.003943
0.003937
0.003935
0.003938
0.003943
0.003944
0.003934
0.003912
0.003891
0.003884
0.003891
0.003895
0.003888
0.003872
0.003854
0.003828
0.003791
0.003748
0.003714
0.003693
0.003675
0.003654
0.003633
0.003617
0.003606
0.003598
0.003590
0.003580
0.003563
0.003538
0.003513
0.003490
0.003466
0.003437
0.003401
0.003359
0.003309
0.003256
0.003209
0.003172
0.003136
0.003090
0.003037
0.002991
0.002955
0.002926
0.002898
0.002868
0.002834
0.002790
0.002736
0.002683
0.002643
0.002620
0.002606
0.002593
0.002579
0.002566
0.002555
0.002545
0.002532
0.002514
0.002492
0.002467
0.002442
0.002419
0.002401
0.002382
0.002361
0.002340
0.002331
0.002341
0.002362
0.002382
0.002394
0.002395
0.002387
0.002375
0.002368
0.002370
0.002376
0.002375
0.002368
0.002364
0.002365
0.002362
0.002345
0.002317
0.002290
0.002274
0.002268
0.002263
0.002251
0.002226
0.002194
0.002164
0.002142
0.002125
0.002108
0.002090
0.002074
0.002061
0.002055
0.002057
0.002063
0.002074
0.002093
0.002122
0.002153
0.002177
0.002190
0.002198
0.002206
0.002216
0.002231
0.002254
0.002283
0.002307
0.002322
0.002328
0.002334
0.002343
0.002354
0.002365
0.002376
0.002390
0.002409
0.002432
0.002454
0.002470
0.002481
0.002497
0.002527
0.002562
0.002589
0.002603
0.002603
0.002594
0.002578
0.002564
0.002561
0.002568
0.002576
0.002575
0.002562
0.002538
0.002506
0.002464
0.002418
0.002379
0.002355
0.002351
0.002361
0.002372
0.002375
0.002373
0.002371
0.002374
0.002383
0.002399
0.002422
0.002446
0.002468
0.002489
0.002520
0.002572
0.002650
0.002750
0.002866
0.002990
0.003122
0.003264
0.003416
0.003567
0.003699
0.003792
0.003837
0.003833
0.003785
0.003702
0.003595
0.003473
0.003347
0.003226
0.003118
0.003023
0.002940
0.002868
0.002805
0.002752
0.002709
0.002679
0.002657
0.002641
0.002633
0.002642
0.002670
0.002708
0.002747
0.002794
0.002871
0.002989
0.003150
0.003351
0.003596
0.003888
0.004226
0.004606
0.005014
0.005425
0.005797
0.006093
0.006299
0.006418
0.006471
0.006495
0.006538
0.006649
0.006858
0.007156
0.007509
0.007860
0.008156
0.008361
0.008468
0.008493
0.008451
0.008363
0.008249
0.008131
0.008029
0.007960
0.007936
0.007963
0.008042
0.008172
0.008362
0.008627
0.008986
0.009460
0.010075
0.010857
0.011827
0.012998
0.014386
0.016008
0.017869
0.019948
0.022200
0.024563
0.026933
0.029121
0.030847
0.031799
0.031761
0.030715
0.028856
0.026502
0.023975
0.021527
0.019310
0.017388
0.015765
0.014409
0.013287
0.012374
0.011648
0.011084
0.010653
0.010336
0.010120
0.010001
0.009974
0.010033
0.010184
0.010441
0.010817
0.011324
0.011970
0.012771
0.013744
0.014907
0.016265
0.017807
0.019491
0.021232
0.022913
0.024389
0.025472
0.025946
0.025654
0.024598
0.022973
0.021074
0.019167
0.017419
0.015908
0.014645
0.013597
0.012708
0.011938
0.011271
0.010702
0.010220
0.009818
0.009493
0.009237
0.009034
0.008876
0.008768
0.008713
0.008703
0.008724
0.008775
0.008860
0.008981
0.009143
0.009353
0.009623
0.009954
0.010337
0.010749
0.011155
0.011498
0.011717
0.011738
0.011461
0.010768
0.009590
0.007988
0.006164
0.004386
0.002888
0.001805
0.001170
0.000930
0.000974
0.001182
0.001460
0.001758
0.002049
0.002322
0.002568
0.002785
0.002973
0.003130
0.003260
0.003367
0.003459
0.003540
0.003609
0.003668
0.003717
0.003756
0.003787
0.003809
0.003822
0.003828
0.003829
0.003828
0.003829
0.003835
0.003853
0.003886
0.003934
0.003985
0.004025
0.004050
0.004068
0.004089
0.004113
0.004130
0.004133
0.004125
0.004115
0.004106
0.004100
0.004101
0.004113
0.004131
0.004148
0.004162
0.004179
0.004206
0.004244
0.004288
0.004334
0.004376
0.004406
0.004417
0.004409
0.004395
0.004383
0.004372
0.004361
0.004353
0.004355
0.004373
0.004404
0.004436
0.004464
0.004488
0.004507
0.004526
0.004548
0.004577
0.004613
0.004651
0.004687
0.004724
0.004768
0.004821
0.004885
0.004962
0.005052
0.005153
0.005260
0.005369
0.005476
0.005579
0.005674
0.005760
0.005835
0.005897
0.005949
0.005992
0.006020
0.006030
0.006025
0.006023
0.006044
0.006091
0.006157
0.006231
0.006317
0.006422
0.006543
0.006666
0.006772
0.006845
0.006878
0.006871
0.006825
0.006743
0.006629
0.006489
0.006330
0.006161
0.005997
0.005852
0.005739
0.005659
0.005604
0.005569
0.005551
0.005545
0.005532
0.005496
0.005430
0.005344
0.005255
0.005168
0.005080
0.004992
0.004914
0.004858
0.004826
0.004807
0.004792
0.004784
0.004790
0.004805
0.004813
0.004797
0.004749
0.004673
0.004577
0.004472
0.004366
0.004266
0.004173
0.004085
0.004004
0.003932
0.003867
0.003807
0.003755
0.003707
0.003659
0.003608
0.003555
0.003500
0.003440
0.003378
0.003320
0.003276
0.003243
0.003209
0.003168
0.003122
0.003078
0.003040
0.003005
0.002972
0.002940
0.002913
0.002894
0.002885
0.002879
0.002871
0.002865
0.002864
0.002869
0.002874
0.002874
0.002872
0.002872
0.002873
0.002872
0.002871
0.002869
0.002869
0.002865
0.002858
0.002854
0.002863
0.002891
0.002933
0.002972
0.002996
0.003006
0.003011
0.003022
0.003044
0.003071
0.003101
0.003136
0.003178
0.003227
0.003276
0.003321
0.003362
0.003405
0.003454
0.003510
0.003570
0.003633
0.003700
0.003765
0.003816
0.003847
0.003863
0.003876
0.003887
0.003893
0.003896
0.003905
0.003929
0.003965
0.004009
0.004057
0.004109
0.004157
0.004189
0.004196
0.004174
0.004129
0.004067
0.004000
0.003938
0.003883
0.003834
0.003787
0.003746
0.003716
0.003699
0.003691
0.003685
0.003677
0.003669
0.003665
0.003661
0.003655
0.003645
0.003638
0.003636
0.003635
0.003629
0.003618
0.003608
0.003607
0.003612
0.003620
0.003627
0.003632
0.003637
0.003641
0.003648
0.003662
0.003687
0.003720
0.003761
0.003808
0.003857
0.003904
0.003946
0.003985
0.004020
0.004050
0.004071
0.004090
0.004114
0.004146
0.004185
0.004232
0.004284
0.004339
0.004396
0.004452
0.004503
0.004539
0.004554
0.004549
0.004531
0.004504
0.004468
0.004429
0.004397
0.004382
0.004384
0.004400
0.004434
0.004489
0.004568
0.004664
0.004772
0.004891
0.005025
0.005175
0.005341
0.005519
0.005697
0.005854
0.005966
0.006017
0.006005
0.005939
0.005834
0.005706
0.005573
0.005453
0.005370
0.005338
0.005361
0.005433
0.005547
0.005701
0.005896
0.006133
0.006407
0.006711
0.007032
0.007349
0.007634
0.007852
0.007975
0.007986
0.007887
0.007694
0.007429
0.007114
0.006774
0.006431
0.006106
0.005814
0.005565
0.005364
0.005208
0.005096
0.005024
0.004993
0.004999
0.005037
0.005099
0.005181
0.005282
0.005401
0.005536
0.005683
0.005833
0.005980
0.006122
0.006260
0.006397
0.006526
0.006637
0.006717
0.006759
0.006765
0.006746
0.006728
0.006742
0.006817
0.006966
0.007188
0.007481
0.007841
0.008255
0.008693
0.009104
0.009429
0.009618
0.009645
0.009509
0.009235
0.008872
0.008479
0.008112
0.007817
0.007620
0.007531
0.007547
0.007658
0.007853
0.008126
0.008463
0.008840
0.009227
0.009591
0.009897
0.010099
0.010149
0.010026
0.009740
0.009334
0.008860
0.008360
0.007869
0.007407
0.006984
0.006601
0.006261
0.005966
0.005716
0.005508
0.005345
0.005228
0.005157
0.005125
0.005127
0.005164
0.005230
0.005316
0.005408
0.005500
0.005587
0.005667
0.005734
0.005786
0.005819
0.005827
0.005812
0.005789
0.005783
0.005813
0.005888
0.006010
0.006183
0.006411
0.006692
0.007020
0.007379
0.007750
0.008097
0.008373
0.008536
0.008557
0.008437
0.008198
0.007881
0.007529
0.007174
0.006843
0.006547
0.006289
0.006069
0.005888
0.005750
0.005659
0.005614
0.005608
0.005635
0.005697
0.005798
0.005940
0.006128
0.006366
0.006664
0.007025
0.007441
0.007900
0.008394
0.008911
0.009427
0.009901
0.010283
0.010537
0.010637
0.010579
0.010373
0.010057
0.009683
0.009299
0.008931
0.008589
0.008275
0.007996
0.007760
0.007571
0.007423
0.007309
0.007219
0.007156
0.007128
0.007144
0.007199
0.007280
0.007374
0.007467
0.007549
0.007618
0.007679
0.007740
0.007809
0.007887
0.007977
0.008078
0.008193
0.008335
0.008519
0.008744
0.008980
0.009182
0.009323
0.009403
0.009433
0.009422
0.009373
0.009298
0.009220
0.009159
0.009129
0.009135
0.009179
0.009261
0.009378
0.009530
0.009717
0.009941
0.010206
0.010520
0.010887
0.011308
0.011782
0.012320
0.012938
0.013656
0.014483
0.015423
0.016473
0.017618
0.018819
0.020001
0.021050
0.021831
0.022223
0.022148
0.021596
0.020629
0.019361
0.017936
0.016492
0.015133
0.013915
0.012859
0.011963
0.011218
0.010604
0.010099
0.009685
0.009345
0.009067
0.008838
0.008647
0.008489
0.008362
0.008263
0.008187
0.008136
0.008114
0.008119
0.008146
0.008183
0.008226
0.008280
0.008349
0.008435
0.008534
0.008646
0.008776
0.008924
0.009087
0.009263
0.009454
0.009669
0.009916
0.010201
0.010534
0.010928
0.011398
0.011948
0.012580
0.013304
0.014147
0.015145
0.016332
0.017743
0.019428
0.021445
0.023845
0.026655
0.029887
0.033547
0.037619
0.042042
0.046696
0.051381
0.055827
0.059712
0.062736
0.064718
0.065675
0.065825
0.065525
0.065159
0.065055
0.065427
0.066343
0.067704
0.069239
0.070548
0.071206
0.070895
0.069507
0.067163
0.064154
0.060837
0.057525
0.054420
0.051585
0.048971
0.046466
0.043958
0.041374
0.038695
0.035952
0.033205
0.030534
0.028025
0.025751
0.023758
0.022059
0.020642
0.019483
0.018551
0.017818
0.017254
0.016834
0.016529
0.016321
0.016204
0.016185
0.016268
0.016452
0.016737
0.017126
0.017629
0.018252
0.019010
0.019926
0.021025
0.022329
0.023869
0.025696
0.027872
0.030458
0.033506
0.037058
0.041144
0.045771
0.050910
0.056487
0.062361
0.068292
0.073914
0.078779
0.082457
0.084678
0.085443
0.085033
0.083922
0.082625
0.081568
0.081020
0.081058
0.081540
0.082113
0.082274
0.081499
0.079394
0.075812
0.070894
0.065017
0.058669
0.052321
0.046332
0.040926
0.036203
0.032169
0.028770
0.025923
0.023543
0.021553
0.019881
0.018470
0.017278
0.016269
0.015414
0.014686
0.014064
0.013539
0.013106
0.012755
0.012472
0.012240
0.012042
0.011873
0.011736
0.011640
0.011587
0.011570
0.011584
0.011621
0.011671
0.011724
0.011778
0.011845
0.011936
0.012044
0.012144
0.012215
0.012250
0.012256
0.012242
0.012217
0.012186
0.012150
0.012104
0.012039
0.011955
0.011854
0.011738
0.011615
0.011491
0.011368
0.011248
0.011131
0.011027
0.010944
0.010886
0.010855
0.010850
0.010869
0.010900
0.010930
0.010951
0.010962
0.010968
0.010970
0.010969
0.010972
0.010985
0.011014
0.011062
0.011124
0.011193
0.011266
0.011346
0.011435
0.011537
0.011651
0.011777
0.011924
0.012099
0.012305
0.012540
0.012804
0.013095
0.013419
0.013789
0.014225
0.014753
0.015391
0.016160
0.017074
0.018150
0.019403
0.020837
0.022448
0.024220
0.026126
0.028121
0.030125
0.032021
0.033673
0.034969
0.035865
0.036406
0.036713
0.036951
0.037284
0.037838
0.038675
0.039775
0.041034
0.042266
0.043226
0.043665
0.043403
0.042383
0.040676
0.038452
0.035944
0.033393
0.031006
0.028925
0.027225
0.025937
0.025058
0.024569
0.024436
0.024610
0.025035
0.025647
0.026385
0.027200
0.028059
0.028938
0.029828
0.030727
0.031645
0.032598
0.033602
0.034666
0.035777
0.036889
0.037917
0.038749
0.039279
0.039434
0.039195
0.038609
0.037790
0.036899
0.036119
0.035615
0.035517
0.035916
0.036868
0.038401
0.040517
0.043186
0.046349
0.049914
0.053759
0.057737
0.061686
0.065452
0.068930
0.072094
0.074984
0.077656
0.080126
0.082347
0.084218
0.085621
0.086448
0.086618
0.086075
0.084780
0.082722
0.079959
0.076637
0.072982
0.069251
0.065661
0.062360
0.059421
0.056865
0.054690
0.052888
0.051426
0.050226
0.049150
0.048031
0.046711
0.045083
0.043108
0.040823
0.038335
0.035795
0.033362
0.031167
0.029291
0.027762
0.026567
0.025663
0.025005
0.024552
0.024278
0.024171
0.024240
0.024507
0.024999
0.025737
0.026716
0.027895
0.029198
0.030521
0.031749
0.032770
0.033489
0.033847
0.033842
0.033535
0.033029
0.032447
0.031903
0.031476
0.031193
0.031017
0.030857
0.030598
0.030129
0.029370
0.028284
0.026878
0.025216
0.023394
0.021520
0.019689
0.017978
0.016441
0.015104
0.013962
0.012993
0.012170
0.011474
0.010887
0.010390
0.009969
0.009616
0.009331
0.009102
0.008917
0.008763
0.008634
0.008528
0.008442
0.008377
0.008342
0.008341
0.008373
0.008430
0.008508
0.008614
0.008751
0.008914
0.009094
0.009278
0.009456
0.009615
0.009741
0.009823
0.009855
0.009837
0.009763
0.009629
0.009438
0.009209
0.008970
0.008746
0.008553
0.008401
0.008294
0.008229
0.008198
0.008203
0.008248
0.008336
0.008462
0.008614
0.008781
0.008955
0.009126
0.009289
0.009444
0.009599
0.009760
0.009936
0.010139
0.010385
0.010686
0.011048
0.011471
0.011952
0.012486
0.013064
0.013675
0.014321
0.015010
0.015745
0.016507
0.017251
0.017910
0.018411
0.018695
0.018747
0.018599
0.018323
0.017997
0.017695
0.017482
0.017410
0.017518
0.017829
0.018360
0.019119
0.020106
0.021308
0.022723
0.024367
0.026281
0.028510
0.031083
0.034004
0.037237
0.040701
0.044259
0.047710
0.050811
0.053316
0.055025
0.055813
0.055641
0.054556
0.052687
0.050229
0.047413
0.044478
0.041640
0.039069
0.036861
0.035030
0.033527
0.032286
0.031260
0.030443
0.029867
0.029604
0.029748
0.030387
0.031580
0.033334
0.035609
0.038331
0.041409
0.044730
0.048138
0.051404
0.054229
0.056289
0.057312
0.057146
0.055797
0.053426
0.050310
0.046768
0.043097
0.039533
0.036239
0.033309
0.030780
0.028648
0.026887
0.025459
0.024320
0.023422
0.022715
0.022166
0.021760
0.021499
0.021390
0.021433
0.021617
0.021934
0.022398
0.023040
0.023904
0.025037
0.026476
0.028241
0.030323
0.032676
0.035220
0.037836
0.040357
0.042570
0.044233
0.045123
0.045104
0.044173
0.042464
0.040208
0.037673
0.035108
0.032710
0.030601
0.028832
0.027399
0.026272
0.025407
0.024755
0.024270
0.023917
0.023684
0.023579
0.023620
0.023823
0.024190
0.024710
0.025353
0.026066
0.026779
0.027412
0.027901
0.028212
0.028339
0.028284
0.028042
0.027604
0.026971
0.026160
0.025206
0.024164
0.023107
0.022109
0.021231
0.020511
0.019964
0.019586
0.019355
0.019243
0.019225
0.019282
0.019400
0.019571
0.019800
0.020099
0.020488
0.020994
0.021652
0.022509
0.023613
0.025006
0.026734
0.028851
0.031407
0.034433
0.037923
0.041829
0.046068
0.050515
0.054976
0.059149
0.062624
0.064941
0.065723
0.064803
0.062281
0.058489
0.053891
0.048974
0.044158
0.039741
0.035885
0.032647
0.030020
0.027974
0.026471
0.025466
0.024920
0.024811
0.025138
0.025914
0.027160
0.028904
0.031181
0.034033
0.037498
0.041592
0.046292
0.051534
0.057218
0.063196
0.069232
0.074954
0.079869
0.083469
0.085391
0.085541
0.084103
0.081441
0.077956
0.073957
0.069607
0.064954
0.060026
0.054908
0.049768
0.044813
0.040237
0.036184
0.032740
0.029930
0.027734
0.026104
0.024998
0.024374
0.024189
0.024403
0.024988
0.025942
0.027280
0.029025
0.031196
0.033796
0.036799
0.040146
0.043733
0.047389
0.050858
0.053784
0.055775
0.056507
0.055844
0.053897
0.050992
0.047570
0.044077
0.040885
0.038253
0.036333
0.035200
0.034880
0.035382
0.036710
0.038867
0.041856
0.045674
0.050299
0.055672
0.061666
0.068060
0.074542
0.080748
0.086322
0.090969
0.094484
0.096778
0.097876
0.097900
0.097007
0.095293
0.092733
0.089204
0.084600
0.078954
0.072499
0.065619
0.058742
0.052241
0.046364
0.041218
0.036786
0.032981
0.029702
0.026875
0.024445
0.022371
0.020612
0.019131
0.017892
0.016864
0.016027
0.015367
0.014866
0.014506
0.014273
0.014158
0.014159
0.014267
0.014485
0.014828
0.015327
0.016003
0.016870
0.017946
0.019266
0.020865
0.022770
0.024986
0.027515
0.030338
0.033394
0.036560
0.039639
0.042361
0.044409
0.045482
0.045382
0.044090
0.041776
0.038744
0.035346
0.031903
0.028658
0.025757
0.023257
0.021154
0.019410
0.017975
0.016798
0.015831
0.015031
0.014352
0.013765
0.013257
0.012830
0.012484
0.012206
0.011982
0.011804
0.011673
0.011581
0.011515
0.011469
0.011447
0.011449
0.011463
0.011477
0.011493
0.011525
0.011577
0.011645
0.011717
0.011787
0.011848
0.011894
0.011923
0.011946
0.011971
0.012000
0.012034
0.012080
0.012151
0.012255
0.012387
0.012529
0.012667
0.012791
0.012899
0.012997
0.013087
0.013171
0.013248
0.013324
0.013407
0.013509
0.013634
0.013778
0.013934
0.014101
0.014283
0.014487
0.014703
0.014916
0.015113
0.015291
0.015446
0.015565
0.015632
0.015641
0.015601
0.015525
0.015428
0.015327
0.015236
0.015162
0.015113
0.015098
0.015121
0.015178
0.015265
0.015386
0.015554
0.015775
0.016046
0.016364
0.016737
0.017172
0.017662
0.018183
0.018710
0.019224
0.019707
0.020133
0.020464
0.020647
0.020635
0.020404
0.019966
0.019376
0.018709
0.018043
0.017435
0.016917
0.016505
0.016202
0.016004
0.015903
0.015896
0.015981
0.016159
0.016421
0.016755
0.017155
0.017614
0.018117
0.018625
0.019087
0.019444
0.019640
0.019628
0.019387
0.018938
0.018341
0.017676
0.017009
0.016383
0.015816
0.015318
0.014885
0.014510
0.014183
0.013897
0.013650
0.013441
0.013267
0.013124
0.013009
0.012924
0.012865
0.012824
0.012796
0.012783
0.012794
0.012836
0.012912
0.013022
0.013160
0.013328
0.013538
0.013807
0.014150
0.014573
0.015077
0.015653
0.016292
0.016975
0.017664
0.018290
0.018748
0.018935
0.018793
0.018338
0.017645
0.016817
0.015955
0.015143
0.014432
0.013841
0.013372
0.013025
0.012803
0.012696
0.012688
0.012769
0.012944
0.013219
0.013593
0.014061
0.014611
0.015216
0.015814
0.016319
0.016643
0.016721
0.016534
0.016106
0.015501
0.014790
0.014038
0.013289
0.012569
0.011889
0.011255
0.010676
0.010156
0.009699
0.009300
0.008955
0.008658
0.008403
0.008185
0.008003
0.007864
0.007764
0.007691
0.007634
0.007588
0.007553
0.007525
0.007498
0.007477
0.007463
0.007450
0.007429
0.007400
0.007370
0.007341
0.007306
0.007264
0.007219
0.007183
0.007156
0.007137
0.007123
0.007122
0.007142
0.007187
0.007253
0.007337
0.007439
0.007569
0.007740
0.007952
0.008199
0.008477
0.008789
0.009134
0.009498
0.009861
0.010207
0.010522
0.010787
0.010982
0.011090
0.011102
0.011020
0.010856
0.010634
0.010382
0.010120
0.009866
0.009638
0.009462
0.009356
0.009323
0.009357
0.009451
0.009601
0.009808
0.010072
0.010381
0.010707
0.011006
0.011226
0.011329
0.011303
0.011161
0.010935
0.010666
0.010384
0.010113
0.009863
0.009641
0.009453
0.009302
0.009191
0.009126
0.009114
0.009157
0.009257
0.009419
0.009652
0.009960
0.010328
0.010731
0.011141
0.011521
0.011830
0.012028
0.012098
0.012053
0.011922
0.011733
0.011511
0.011273
0.011021
0.010742
0.010419
0.010054
0.009664
0.009268
0.008881
0.008517
0.008196
0.007930
0.007716
0.007544
0.007409
0.007305
0.007223
0.007150
0.007080
0.007016
0.006966
0.006935
0.006922
0.006921
0.006923
0.006920
0.006911
0.006898
0.006879
0.006855
0.006826
0.006798
0.006775
0.006759
0.006749
0.006744
0.006743
0.006756
0.006796
0.006879
0.007009
0.007194
0.007443
0.007764
0.008157
0.008614
0.009134
0.009715
0.010347
0.011005
0.011659
0.012265
0.012763
0.013076
0.013137
0.012924
0.012470
0.011850
0.011150
0.010445
0.009793
0.009231
0.008776
0.008426
0.008160
0.007953
0.007792
0.007675
0.007610
0.007610
0.007691
0.007866
0.008142
0.008518
0.008982
0.009519
0.010106
0.010701
0.011244
0.011665
0.011896
0.011902
0.011688
0.011305
0.010826
0.010316
0.009830
0.009407
0.009079
0.008869
0.008789
0.008836
0.009003
0.009281
0.009674
0.010186
0.010814
0.011540
0.012335
0.013163
0.013951
0.014591
0.014967
0.015003
0.014698
0.014108
0.013331
0.012475
0.011636
0.010874
0.010216
0.009664
0.009212
0.008846
0.008547
0.008297
0.008084
0.007903
0.007747
0.007618
0.007529
0.007495
0.007519
0.007597
0.007724
0.007906
0.008149
0.008460
0.008847
0.009322
0.009899
0.010579
0.011358
0.012231
0.013183
0.014182
0.015170
0.016080
0.016858
0.017493
0.018022
0.018531
0.019126
0.019901
0.020913
0.022177
0.023671
0.025326
0.027001
0.028459
0.029404
0.029578
0.028877
0.027388
0.025354
0.023083
0.020855
0.018874
0.017249
0.016007
0.015123
0.014554
0.014254
0.014165
0.014205
0.014278
0.014293
0.014189
0.013950
0.013602
0.013203
0.012831
0.012565
0.012462
0.012556
0.012862
0.013399
0.014192
0.015270
0.016660
0.018394
0.020498
0.022987
0.025851
0.029059
0.032553
0.036232
0.039897
0.043229
0.045814
0.047266
0.047368
0.046159
0.043927
0.041109
0.038169
0.035500
0.033367
0.031901
0.031123
0.030989
0.031420
0.032329
0.033623
0.035222
0.037071
0.039126
0.041305
0.043425
0.045171
0.046158
0.046054
0.044715
0.042240
0.038920
0.035137
0.031258
0.027576
0.024273
0.021430
0.019052
0.017107
0.015552
0.014344
0.013433
0.012775
0.012340
0.012113
0.012089
0.012268
0.012646
0.013233
0.014058
0.015159
0.016563
0.018282
0.020309
0.022636
0.025237
0.028059
0.030993
0.033847
0.036328
0.038080
0.038799
0.038356
0.036860
0.034606
0.031970
0.029310
0.026917
0.024982
0.023605
0.022812
0.022599
0.022945
0.023814
0.025147
0.026865
0.028879
0.031083
0.033330
0.035390
0.036955
0.037699
0.037393
0.035991
0.033651
0.030677
0.027420
0.024188
0.021197
0.018559
0.016311
0.014442
0.012913
0.011675
0.010679
0.009878
0.009228
0.008685
0.008222
0.007829
0.007499
0.007215
0.006962
0.006732
0.006528
0.006353
0.006204
0.006085
0.005998
0.005942
0.005908
0.005888
0.005878
0.005880
0.005898
0.005938
0.006010
0.006116
0.006254
0.006426
0.006641
0.006911
0.007240
0.007631
0.008096
0.008654
0.009326
0.010134
0.011102
0.012269
0.013674
0.015348
0.017318
0.019615
0.022267
0.025287
0.028648
0.032288
0.036095
0.039875
0.043312
0.045977
0.047436
0.047396
0.045823
0.042942
0.039161
0.034946
0.030719
0.026783
0.023311
0.020361
0.017915
0.015920
0.014305
0.013008
0.011978
0.011174
0.010558
0.010093
0.009753
0.009518
0.009374
0.009312
0.009324
0.009402
0.009540
0.009731
0.009984
0.010316
0.010748
0.011305
0.012012
0.012899
0.014002
0.015360
0.017020
0.019045
0.021506
0.024487
0.028075
0.032361
0.037439
0.043388
0.050255
0.058031
0.066635
0.075885
0.085445
0.094741
0.102945
0.109077
0.112232
0.111851
0.107901
0.100900
0.091765
0.081563
0.071264
0.061582
0.052932
0.045480
0.039225
0.034080
0.029918
0.026600
0.023985
0.021949
0.020393
0.019249
0.018467
0.018010
0.017854
0.017986
0.018401
0.019099
0.020079
0.021342
0.022884
0.024697
0.026769
0.029070
0.031534
0.034051
0.036483
0.038688
0.040576
0.042144
0.043511
0.044893
0.046543
0.048695
0.051529
0.055155
0.059593
0.064749
0.070417
0.076320
0.082161
0.087616
0.092278
0.095621
0.097072
0.096201
0.092932
0.087616
0.080932
0.073688
0.066624
0.060290
0.054995
0.050837
0.047766
0.045652
0.044313
0.043513
0.042972
0.042434
0.041727
0.040813
0.039771
0.038756
0.037933
0.037429
0.037315
0.037612
0.038291
0.039269
0.040422
0.041621
0.042779
0.043878
0.044960
0.046111
0.047413
0.048900
0.050513
0.052086
0.053389
0.054203
0.054407
0.054029
0.053240
0.052295
0.051449
0.050901
0.050762
0.051037
0.051606
0.052222
0.052555
0.052284
0.051192
0.049246
0.046596
0.043531
0.040389
0.037479
0.035033
0.033194
0.032027
0.031550
0.031756
0.032620
0.034085
0.036063
0.038438
0.041064
0.043738
0.046189
0.048117
0.049284
0.049612
0.049198
0.048283
0.047161
0.046108
0.045317
0.044865
0.044712
0.044709
0.044630
0.044203
0.043185
0.041440
0.038984
0.035980
0.032668
0.029297
0.026070
0.023119
0.020518
0.018290
0.016423
0.014879
0.013612
0.012584
0.011769
0.011148
0.010694
0.010381
0.010184
0.010076
0.010027
0.010004
0.009984
0.009949
0.009881
0.009760
0.009573
0.009326
0.009036
0.008730
0.008428
0.008145
0.007890
0.007667
0.007479
0.007330
0.007219
0.007147
0.007107
0.007090
0.007081
0.007071
0.007058
0.007045
0.007037
0.007034
0.007035
0.007047
0.007083
0.007164
0.007304
0.007512
0.007800
0.008181
0.008679
0.009314
0.010099
0.011049
0.012181
0.013522
0.015089
0.016887
0.018914
0.021161
0.023604
0.026182
0.028795
0.031323
0.033643
0.035629
0.037139
0.038020
0.038143
0.037447
0.035982
0.033903
0.031436
0.028821
0.026268
0.023932
0.021900
0.020206
0.018857
0.017844
0.017156
0.016774
0.016675
0.016838
0.017255
0.017923
0.018846
0.020035
0.021513
0.023311
0.025466
0.028020
0.031035
0.034588
0.038760
0.043623
0.049216
0.055527
0.062483
0.069944
0.077695
0.085397
0.092529
0.098400
0.102291
0.103679
0.102449
0.098953
0.093905
0.088175
0.082566
0.077659
0.073763
0.070955
0.069148
0.068158
0.067732
0.067579
0.067412
0.066989
0.066133
0.064737
0.062760
0.060222
0.057212
0.053878
0.050410
0.046996
0.043792
0.040900
0.038375
0.036231
0.034462
0.033043
0.031940
0.031113
0.030523
0.030150
0.030011
0.030161
0.030685
0.031681
0.033244
0.035463
0.038416
0.042169
0.046772
0.052239
0.058543
0.065584
0.073156
0.080890
0.088254
0.094624
0.099428
0.102258
0.102909
0.101361
0.097769
0.092455
0.085900
0.078684
0.071400
0.064572
0.058583
0.053646
0.049818
0.047032
0.045140
0.043942
0.043193
0.042618
0.041943
0.040939
0.039476
0.037548
0.035248
0.032726
0.030129
0.027573
0.025133
0.022852
0.020761
0.018891
0.017258
0.015864
0.014698
0.013755
0.013032
0.012519
0.012198
0.012065
0.012125
0.012389
0.012865
0.013573
0.014550
0.015830
0.017430
0.019349
0.021574
0.024076
0.026794
0.029630
0.032427
0.034946
0.036867
0.037868
0.037734
0.036445
0.034175
0.031230
0.027961
0.024680
0.021608
0.018871
0.016515
0.014538
0.012903
0.011557
0.010441
0.009505
0.008709
0.008030
0.007453
0.006963
0.006543
0.006173
0.005847
0.005564
0.005316
0.005091
0.004881
0.004688
0.004514
0.004355
0.004203
0.004059
0.003926
0.003808
0.003700
0.003599
0.003504
0.003419
0.003346
0.003281
0.003216
0.003147
0.003079
0.003021
0.002979
0.002954
0.002945
0.002949
0.002962
0.002974
0.002978
0.002977
0.002983
0.003005
0.003043
0.003091
0.003142
0.003187
0.003222
0.003246
0.003258
0.003259
0.003247
0.003215
0.003162
0.003094
0.003025
0.002967
0.002929
0.002911
0.002912
0.002925
0.002942
0.002961
0.002988
0.003035
0.003108
0.003199
0.003294
0.003378
0.003457
0.003548
0.003668
0.003825
0.004011
0.004225
0.004479
0.004789
0.005159
0.005589
0.006085
0.006664
0.007334
0.008075
0.008848
0.009617
0.010363
0.011067
0.011693
0.012176
0.012436
0.012414
0.012097
0.011535
0.010812
0.010011
0.009206
0.008450
0.007779
0.007211
0.006746
0.006379
0.006104
0.005914
0.005805
0.005769
0.005801
0.005889
0.006022
0.006192
0.006392
0.006611
0.006835
0.007047
0.007239
0.007405
0.007548
0.007673
0.007787
0.007889
0.007975
0.008045
0.008094
0.008109
0.008074
0.007969
0.007786
0.007525
0.007196
0.006820
0.006420
0.006013
0.005607
0.005213
0.004843
0.004511
0.004218
0.003964
0.003753
0.003590
0.003475
0.003398
0.003351
0.003328
0.003326
0.003341
0.003372
0.003411
0.003447
0.003465
0.003455
0.003413
0.003350
0.003288
0.003247
0.003234
0.003242
0.003264
0.003302
0.003358
0.003415
0.003451
0.003458
0.003440
0.003405
0.003351
0.003276
0.003187
0.003095
0.003010
0.002934
0.002867
0.002807
0.002755
0.002717
0.002705
0.002720
0.002755
0.002804
0.002862
0.002932
0.003012
0.003102
0.003202
0.003307
0.003402
0.003469
0.003497
0.003487
0.003437
0.003348
0.003229
0.003099
0.002975
0.002860
0.002753
0.002653
0.002564
0.002493
0.002439
0.002398
0.002365
0.002340
0.002326
0.002327
0.002343
0.002366
0.002387
0.002407
0.002424
0.002436
0.002444
0.002451
0.002461
0.002467
0.002463
0.002452
0.002447
0.002454
0.002468
0.002487
0.002512
0.002543
0.002574
0.002595
0.002602
0.002597
0.002576
0.002540
0.002497
0.002457
0.002424
0.002392
0.002357
0.002328
0.002315
0.002320
0.002331
0.002338
0.002345
0.002362
0.002395
0.002437
0.002481
0.002522
0.002558
0.002588
0.002610
0.002630
0.002651
0.002671
0.002687
0.002699
0.002716
0.002738
0.002758
0.002769
0.002775
0.002784
0.002799
0.002819
0.002845
0.002879
0.002921
0.002966
0.003016
0.003076
0.003149
0.003232
0.003322
0.003422
0.003533
0.003650
0.003762
0.003863
0.003955
0.004039
0.004116
0.004188
0.004268
0.004366
0.004483
0.004614
0.004749
0.004883
0.005008
0.005117
0.005201
0.005254
0.005274
0.005268
0.005246
0.005218
0.005190
0.005152
0.005093
0.004997
0.004867
0.004716
0.004563
0.004418
0.004280
0.004150
0.004035
0.003942
0.003870
0.003809
0.003756
0.003711
0.003677
0.003648
0.003624
0.003607
0.003602
0.003613
0.003638
0.003673
0.003714
0.003753
0.003790
0.003831
0.003881
0.003945
0.004021
0.004105
0.004199
0.004306
0.004428
0.004565
0.004720
0.004897
0.005101
0.005334
0.005591
0.005861
0.006126
0.006371
0.006583
0.006756
0.006880
0.006948
0.006960
0.006926
0.006867
0.006808
0.006774
0.006784
0.006845
0.006959
0.007130
0.007358
0.007636
0.007948
0.008276
0.008600
0.008906
0.009179
0.009419
0.009631
0.009832
0.010045
0.010298
0.010616
0.011009
0.011472
0.011997
0.012576
0.013190
0.013804
0.014386
0.014927
0.015441
0.015962
0.016535
0.017223
0.018098
0.019233
0.020695
0.022555
0.024886
0.027761
0.031258
0.035462
0.040457
0.046306
0.053030
0.060608
0.068955
0.077890
0.087109
0.096180
0.104560
0.111635
0.116788
0.119536
0.119659
0.117295
0.112914
0.107223
0.101022
0.095069
0.089965
0.086096
0.083631
0.082557
0.082724
0.083845
0.085465
0.086950
0.087568
0.086677
0.083932
0.079386
0.073441
0.066692
0.059757
0.053146
0.047187
0.042023
0.037662
0.034040
0.031071
0.028658
0.026704
0.025125
0.023857
0.022856
0.022092
0.021548
0.021214
0.021079
0.021138
0.021381
0.021808
0.022418
0.023223
0.024244
0.025510
0.027045
0.028876
0.031033
0.033566
0.036533
0.039999
0.044040
0.048735
0.054141
0.060276
0.067118
0.074591
0.082512
0.090502
0.097989
0.104328
0.109020
0.111890
0.113131
0.113177
0.112465
0.111204
0.109278
0.106363
0.102179
0.096704
0.090229
0.083257
0.076328
0.069887
0.064210
0.059404
0.055451
0.052264
0.049734
0.047747
0.046196
0.044988
0.044045
0.043313
0.042754
0.042343
0.042065
0.041909
0.041874
0.041976
0.042233
0.042655
0.043248
0.044025
0.045014
0.046245
0.047746
0.049536
0.051638
0.054084
0.056916
0.060187
0.063942
0.068191
0.072912
0.078059
0.083557
0.089252
0.094830
0.099805
0.103601
0.105735
0.105992
0.104503
0.101693
0.098128
0.094352
0.090764
0.087585
0.084875
0.082600
0.080691
0.079077
0.077698
0.076502
0.075442
0.074480
0.073588
0.072745
0.071948
0.071202
0.070511
0.069870
0.069275
0.068726
0.068226
0.067760
0.067295
0.066798
0.066250
0.065646
0.064983
0.064258
0.063468
0.062617
0.061709
0.060755
0.059773
0.058786
0.057808
0.056848
0.055916
0.055032
0.054207
0.053447
0.052752
0.052133
0.051602
0.051166
0.050822
0.050569
0.050415
0.050374
0.050450
0.050635
0.050915
0.051285
0.051743
0.052277
0.052855
0.053434
0.053978
0.054460
0.054855
0.055128
0.055232
0.055125
0.054775
0.054160
0.053277
0.052142
0.050793
0.049282
0.047662
0.045984
0.044295
0.042636
0.041038
0.039520
0.038096
0.036785
0.035604
0.034567
0.033681
0.032958
0.032404
0.032017
0.031779
0.031664
0.031640
0.031667
0.031685
0.031627
0.031423
0.031016
0.030369
0.029467
0.028327
0.026991
0.025517
0.023975
0.022434
0.020951
0.019571
0.018317
0.017207
0.016244
0.015419
0.014714
0.014116
0.013623
0.013233
0.012935
0.012714
0.012558
0.012459
0.012405
0.012379
0.012368
0.012359
0.012332
0.012262
0.012129
0.011926
0.011653
0.011316
0.010924
0.010496
0.010052
0.009614
0.009203
0.008830
0.008498
0.008196
0.007918
0.007664
0.007432
0.007216
0.007009
0.006814
0.006640
0.006486
0.006345
0.006211
0.006088
0.005977
0.005875
0.005772
0.005669
0.005571
0.005481
0.005395
0.005307
0.005217
0.005128
0.005041
0.004954
0.004864
0.004777
0.004695
0.004620
0.004552
0.004496
0.004451
0.004415
0.004382
0.004349
0.004315
0.004280
0.004245
0.004215
0.004190
0.004162
0.004125
0.004085
0.004059
0.004055
0.004061
0.004057
0.004039
0.004016
0.003994
0.003970
0.003941
0.003911
0.003884
0.003854
0.003813
0.003759
0.003696
0.003628
0.003558
0.003493
0.003436
0.003384
0.003333
0.003287
0.003250
0.003222
0.003194
0.003162
0.003133
0.003115
0.003105
0.003098
0.003096
0.003105
0.003124
0.003139
0.003138
0.003120
0.003102
0.003100
0.003115
0.003135
0.003145
0.003147
0.003150
0.003159
0.003176
0.003201
0.003227
0.003243
0.003241
0.003222
0.003201
0.003189
0.003184
0.003178
0.003173
0.003175
0.003187
0.003204
0.003217
0.003225
0.003229
0.003237
0.003251
0.003272
0.003295
0.003322
0.003359
0.003414
0.003485
0.003565
0.003650
0.003743
0.003847
0.003959
0.004080
0.004225
0.004404
0.004613
0.004838
0.005074
0.005329
0.005603
0.005888
0.006173
0.006458
0.006746
0.007018
0.007239
0.007374
0.007406
0.007336
0.007176
0.006950
0.006686
0.006414
0.006146
0.005883
0.005626
0.005384
0.005167
0.004978
0.004816
0.004682
0.004579
0.004515
0.004491
0.004506
0.004558
0.004640
0.004742
0.004856
0.004976
0.005097
0.005214
0.005322
0.005415
0.005492
0.005550
0.005592
0.005616
0.005624
0.005611
0.005581
0.005538
0.005484
0.005420
0.005348
0.005271
0.005185
0.005087
0.004974
0.004857
0.004751
0.004662
0.004584
0.004507
0.004429
0.004358
0.004300
0.004255
0.004214
0.004170
0.004122
0.004067
0.004008
0.003949
0.003893
0.003842
0.003794
0.003752
0.003721
0.003704
0.003699
0.003697
0.003697
0.003700
0.003708
0.003716
0.003722
0.003730
0.003747
0.003769
0.003784
0.003787
0.003778
0.003762
0.003737
0.003705
0.003669
0.003630
0.003590
0.003552
0.003527
0.003524
0.003540
0.003566
0.003597
0.003631
0.003662
0.003683
0.003691
0.003692
0.003691
0.003690
0.003685
0.003674
0.003658
0.003641
0.003632
0.003639
0.003664
0.003701
0.003745
0.003797
0.003858
0.003921
0.003973
0.004009
0.004029
0.004038
0.004033
0.004010
0.003969
0.003914
0.003847
0.003768
0.003677
0.003583
0.003493
0.003411
0.003339
0.003284
0.003252
0.003246
0.003261
0.003292
0.003342
0.003417
0.003518
0.003637
0.003766
0.003904
0.004047
0.004190
0.004331
0.004469
0.004603
0.004731
0.004851
0.004957
0.005043
0.005103
0.005134
0.005135
0.005105
0.005041
0.004947
0.004828
0.004692
0.004541
0.004382
0.004224
0.004071
0.003920
0.003769
0.003625
0.003494
0.003379
0.003275
0.003184
0.003108
0.003050
0.003006
0.002971
0.002945
0.002924
0.002905
0.002886
0.002868
0.002860
0.002866
0.002885
0.002908
0.002922
0.002924
0.002922
0.002927
0.002942
0.002960
0.002974
0.002980
0.002975
0.002958
0.002935
0.002912
0.002888
0.002858
0.002815
0.002768
0.002726
0.002687
0.002647
0.002601
0.002553
0.002508
0.002473
0.002450
0.002437
0.002427
0.002416
0.002407
0.002409
0.002423
0.002442
0.002458
0.002469
0.002473
0.002471
0.002464
0.002452
0.002434
0.002414
0.002403
0.002410
0.002427
0.002439
0.002441
0.002435
0.002426
0.002418
0.002415
0.002426
0.002452
0.002479
0.002489
0.002482
0.002469
0.002462
0.002463
0.002468
0.002474
0.002479
0.002481
0.002480
0.002476
0.002473
0.002472
0.002480
0.002495
0.002505
0.002498
0.002473
0.002446
0.002436
0.002451
0.002477
0.002500
0.002509
0.002506
0.002499
0.002496
0.002503
0.002518
0.002534
0.002545
0.002551
0.002558
0.002572
0.002593
0.002618
0.002642
0.002667
0.002695
0.002725
0.002754
0.002783
0.002813
0.002848
0.002883
0.002916
0.002945
0.002972
0.003000
0.003029
0.003058
0.003087
0.003113
0.003138
0.003162
0.003183
0.003199
0.003203
0.003190
0.003158
0.003117
0.003078
0.003046
0.003016
0.002983
0.002946
0.002910
0.002880
0.002855
0.002833
0.002815
0.002803
0.002801
0.002810
0.002828
0.002854
0.002888
0.002929
0.002976
0.003025
0.003075
0.003123
0.003170
0.003217
0.003267
0.003324
0.003389
0.003462
0.003535
0.003606
0.003676
0.003754
0.003841
0.003929
0.004003
0.004055
0.004087
0.004101
0.004097
0.004079
0.004051
0.004020
0.003981
0.003933
0.003880
0.003830
0.003787
0.003749
0.003714
0.003682
0.003656
0.003633
0.003613
0.003602
0.003609
0.003637
0.003686
0.003754
0.003840
0.003942
0.004060
0.004189
0.004328
0.004474
0.004633
0.004809
0.005006
0.005221
0.005448
0.005680
0.005906
0.006110
0.006285
0.006430
0.006550
0.006651
0.006740
0.006832
0.006953
0.007125
0.007364
0.007681
0.008096
0.008627
0.009293
0.010105
0.011076
0.012220
0.013541
0.015026
0.016645
0.018348
0.020060
0.021659
0.022967
0.023783
0.023949
0.023409
0.022233
0.020591
0.018698
0.016756
0.014921
0.013281
0.011871
0.010690
0.009719
0.008926
0.008280
0.007753
0.007326
0.006985
0.006721
0.006526
0.006392
0.006308
0.006260
0.006243
0.006260
0.006309
0.006378
0.006454
0.006535
0.006634
0.006761
0.006911
0.007070
0.007231
0.007394
0.007559
0.007716
0.007855
0.007968
0.008058
0.008125
0.008170
0.008193
0.008189
0.008157
0.008098
0.008022
0.007936
0.007839
0.007726
0.007596
0.007461
0.007333
0.007218
0.007119
0.007031
0.006951
0.006873
0.006795
0.006721
0.006659
0.006616
0.006594
0.006589
0.006594
0.006602
0.006612
0.006631
0.006663
0.006711
0.006775
0.006857
0.006957
0.007072
0.007197
0.007332
0.007473
0.007610
0.007732
0.007840
0.007949
0.008063
0.008172
0.008258
0.008314
0.008341
0.008344
0.008331
0.008301
0.008252
0.008177
0.008078
0.007960
0.007831
0.007691
0.007541
0.007392
0.007251
0.007116
0.006981
0.006850
0.006734
0.006633
0.006544
0.006466
0.006404
0.006363
0.006338
0.006323
0.006311
0.006297
0.006279
0.006263
0.006254
0.006255
0.006262
0.006278
0.006312
0.006363
0.006422
0.006478
0.006531
0.006586
0.006640
0.006688
0.006730
0.006775
0.006824
0.006868
0.006895
0.006897
0.006881
0.006855
0.006825
0.006789
0.006744
0.006692
0.006640
0.006592
0.006546
0.006490
0.006414
0.006325
0.006239
0.006168
0.006114
0.006070
0.006032
0.005996
0.005963
0.005928
0.005886
0.005845
0.005818
0.005807
0.005801
0.005789
0.005769
0.005752
0.005740
0.005728
0.005708
0.005681
0.005655
0.005635
0.005624
0.005624
0.005633
0.005648
0.005665
0.005682
0.005693
0.005694
0.005683
0.005662
0.005635
0.005605
0.005576
0.005550
0.005528
0.005511
0.005499
0.005488
0.005473
0.005452
0.005428
0.005404
0.005383
0.005361
0.005339
0.005320
0.005308
0.005303
0.005301
0.005297
0.005284
0.005258
0.005224
0.005189
0.005157
0.005125
0.005091
0.005056
0.005024
0.004997
0.004973
0.004949
0.004926
0.004903
0.004883
0.004866
0.004854
0.004842
0.004832
0.004824
0.004821
0.004822
0.004825
0.004830
0.004838
0.004851
0.004867
0.004884
0.004896
0.004897
0.004890
0.004880
0.004872
0.004862
0.004846
0.004822
0.004798
0.004777
0.004759
0.004739
0.004716
0.004686
0.004649
0.004606
0.004568
0.004543
0.004532
0.004528
0.004528
0.004533
0.004544
0.004558
0.004565
0.004564
0.004557
0.004546
0.004526
0.004492
0.004441
0.004376
0.004307
0.004246
0.004199
0.004162
0.004121
0.004070
0.004016
0.003969
0.003934
0.003903
0.003875
0.003851
0.003835
0.003826
0.003820
0.003814
0.003809
0.003802
0.003790
0.003772
0.003742
0.003698
0.003649
0.003606
0.003577
0.003560
0.003550
0.003546
0.003548
0.003551
0.003549
0.003544
0.003541
0.003541
0.003541
0.003540
0.003540
0.003536
0.003522
0.003497
0.003470
0.003450
0.003435
0.003427
0.003432
0.003452
0.003475
0.003489
0.003491
0.003493
0.003501
0.003512
0.003527
0.003548
0.003578
0.003617
0.003664
0.003718
0.003775
0.003830
0.003878
0.003918
0.003949
0.003969
0.003975
0.003966
0.003947
0.003921
0.003889
0.003851
0.003806
0.003756
0.003702
0.003650
0.003606
0.003576
0.003562
0.003564
0.003575
0.003592
0.003618
0.003662
0.003721
0.003788
0.003853
0.003911
0.003954
0.003979
0.003990
0.003999
0.004017
0.004047
0.004087
0.004141
0.004217
0.004322
0.004453
0.004607
0.004782
0.004986
0.005226
0.005495
0.005776
0.006034
0.006225
0.006308
0.006263
0.006093
0.005824
0.005491
0.005132
0.004780
0.004464
0.004196
0.003973
0.003784
0.003626
0.003497
0.003396
0.003316
0.003253
0.003203
0.003162
0.003126
0.003095
0.003072
0.003059
0.003049
0.003038
0.003025
0.003009
0.002991
0.002973
0.002962
0.002962
0.002962
0.002953
0.002935
0.002916
0.002898
0.002878
0.002857
0.002844
0.002838
0.002828
0.002807
0.002780
0.002754
0.002731
0.002711
0.002699
0.002697
0.002701
0.002698
0.002685
0.002666
0.002649
0.002634
0.002621
0.002607
0.002592
0.002574
0.002557
0.002549
0.002551
0.002554
0.002546
0.002527
0.002503
0.002484
0.002469
0.002456
0.002444
0.002434
0.002427
0.002424
0.002425
0.002430
0.002437
0.002443
0.002443
0.002432
0.002412
0.002385
0.002360
0.002341
0.002333
0.002337
0.002346
0.002353
0.002351
0.002341
0.002323
0.002296
0.002258
0.002213
0.002171
0.002141
0.002121
0.002100
0.002070
0.002038
0.002014
0.001998
0.001977
0.001943
0.001902
0.001872
0.001858
0.001852
0.001844
0.001836
0.001834
0.001836
0.001836
0.001832
0.001826
0.001825
0.001826
0.001824
0.001816
0.001805
0.001796
0.001794
0.001796
0.001798
0.001797
0.001797
0.001802
0.001815
0.001832
0.001844
0.001843
0.001829
0.001810
0.001797
0.001797
0.001810
0.001826
0.001839
0.001849
0.001858
0.001864
0.001867
0.001867
0.001866
0.001866
0.001871
0.001882
0.001898
0.001918
0.001940
0.001964
0.001990
0.002016
0.002041
0.002065
0.002093
0.002125
0.002155
0.002170
0.002165
0.002138
0.002092
0.002031
0.001959
0.001887
0.001825
0.001779
0.001745
0.001716
0.001686
0.001657
0.001631
0.001608
0.001591
0.001581
0.001576
0.001577
0.001586
0.001607
0.001638
0.001675
0.001711
0.001746
0.001775
0.001790
0.001787
0.001775
0.001771
0.001786
0.001817
0.001857
0.001904
0.001958
0.002017
0.002076
0.002129
0.002175
0.002210
0.002229
0.002230
0.002212
0.002178
0.002131
0.002080
0.002033
0.001989
0.001940
0.001884
0.001832
0.001793
0.001764
0.001736
0.001712
0.001699
0.001696
0.001686
0.001662
0.001634
0.001618
0.001616
0.001616
0.001609
0.001597
0.001586
0.001576
0.001567
0.001559
0.001552
0.001548
0.001544
0.001538
0.001532
0.001526
0.001520
0.001512
0.001507
0.001511
0.001528
0.001556
0.001590
0.001632
0.001687
0.001756
0.001824
0.001879
0.001916
0.001939
0.001950
0.001950
0.001938
0.001918
0.001894
0.001868
0.001847
0.001834
0.001830
0.001825
0.001813
0.001791
0.001766
0.001751
0.001752
0.001768
0.001793
0.001816
0.001829
0.001835
0.001839
0.001848
0.001864
0.001889
0.001921
0.001963
0.002009
0.002050
0.002080
0.002099
0.002120
0.002148
0.002183
0.002222
0.002271
0.002338
0.002420
0.002504
0.002584
0.002663
0.002744
0.002821
0.002884
0.002929
0.002960
0.002975
0.002974
0.002958
0.002939
0.002929
0.002934
0.002955
0.002985
0.003016
0.003043
0.003067
0.003094
0.003130
0.003174
0.003221
0.003268
0.003312
0.003350
0.003380
0.003408
0.003438
0.003475
0.003515
0.003554
0.003588
0.003622
0.003659
0.003703
0.003750
0.003799
0.003847
0.003890
0.003924
0.003949
0.003968
0.003989
0.004013
0.004034
0.004050
0.004062
0.004075
0.004091
0.004109
0.004131
0.004156
0.004184
0.004211
0.004236
0.004258
0.004277
0.004291
0.004302
0.004307
0.004300
0.004276
0.004241
0.004204
0.004173
0.004148
0.004129
0.004111
0.004095
0.004080
0.004062
0.004041
0.004014
0.003988
0.003964
0.003946
0.003931
0.003923
0.003922
0.003928
0.003936
0.003943
0.003946
0.003946
0.003939
0.003922
0.003901
0.003883
0.003870
0.003861
0.003849
0.003827
0.003795
0.003761
0.003737
0.003730
0.003735
0.003740
0.003738
0.003732
0.003725
0.003720
0.003720
0.003729
0.003745
0.003761
0.003774
0.003783
0.003793
0.003809
0.003835
0.003863
0.003885
0.003899
0.003915
0.003943
0.003986
0.004037
0.004092
0.004149
0.004202
0.004244
0.004278
0.004321
0.004388
0.004475
0.004564
0.004645
0.004716
0.004779
0.004836
0.004891
0.004952
0.005019
0.005087
0.005151
0.005212
0.005269
0.005315
0.005350
0.005382
0.005426
0.005486
0.005558
0.005634
0.005715
0.005803
0.005896
0.005988
0.006073
0.006156
0.006246
0.006345
0.006448
0.006541
0.006621
0.006690
0.006758
0.006829
0.006903
0.006976
0.007039
0.007088
0.007124
0.007151
0.007168
0.007174
0.007172
0.007174
0.007183
0.007194
0.007198
0.007196
0.007197
0.007205
0.007218
0.007229
0.007241
0.007260
0.007284
0.007307
0.007320
0.007323
0.007325
0.007333
0.007347
0.007360
0.007365
0.007366
0.007367
0.007373
0.007385
0.007402
0.007420
0.007430
0.007425
0.007404
0.007379
0.007357
0.007338
0.007318
0.007294
0.007267
0.007239
0.007215
0.007196
0.007178
0.007157
0.007136
0.007122
0.007117
0.007115
0.007110
0.007103
0.007100
0.007095
0.007083
0.007060
0.007032
0.007003
0.006971
0.006937
0.006907
0.006892
0.006897
0.006914
0.006930
0.006933
0.006919
0.006893
0.006864
0.006842
0.006831
0.006826
0.006816
0.006795
0.006765
0.006735
0.006712
0.006697
0.006692
0.006698
0.006708
0.006713
0.006709
0.006705
0.006712
0.006732
0.006762
0.006798
0.006833
0.006863
0.006890
0.006921
0.006965
0.007016
0.007064
0.007103
0.007139
0.007175
0.007211
0.007247
0.007290
0.007342
0.007401
0.007462
0.007518
0.007566
0.007605
0.007641
0.007682
0.007733
0.007786
0.007840
0.007899
0.007966
0.008037
0.008104
0.008162
0.008201
0.008208
0.008181
0.008130
0.008078
0.008033
0.007997
0.007969
0.007952
0.007945
0.007943
0.007941
0.007938
0.007930
0.007912
0.007886
0.007860
0.007840
0.007822
0.007799
0.007773
0.007747
0.007719
0.007689
0.007659
0.007636
0.007620
0.007605
0.007585
0.007550
0.007498
0.007435
0.007372
0.007316
0.007259
0.007188
0.007100
0.007003
0.006903
0.006803
0.006707
0.006625
0.006568
0.006536
0.006522
0.006520
0.006529
0.006551
0.006585
0.006627
0.006668
0.006694
0.006694
0.006655
0.006575
0.006465
0.006343
0.006220
0.006098
0.005972
0.005839
0.005701
0.005563
0.005431
0.005312
0.005211
0.005129
0.005064
0.005014
0.004973
0.004926
0.004862
0.004779
0.004688
0.004600
0.004520
0.004447
0.004380
0.004316
0.004252
0.004183
0.004110
0.004036
0.003963
0.003893
0.003833
0.003787
0.003753
0.003723
0.003690
0.003651
0.003607
0.003558
0.003504
0.003443
0.003382
0.003331
0.003297
0.003281
0.003275
0.003277
0.003284
0.003292
0.003295
0.003292
0.003291
0.003296
0.003301
0.003292
0.003260
0.003209
0.003146
0.003083
0.003024
0.002970
0.002921
0.002876
0.002837
0.002804
0.002774
0.002748
0.002729
0.002720
0.002722
0.002728
0.002737
0.002746
0.002754
0.002763
0.002779
0.002806
0.002842
0.002877
0.002907
0.002934
0.002960
0.002988
0.003017
0.003040
0.003047
0.003032
0.003000
0.002964
0.002930
0.002891
0.002840
0.002781
0.002721
0.002670
0.002637
0.002625
0.002634
0.002658
0.002689
0.002721
0.002746
0.002761
0.002768
0.002778
0.002797
0.002819
0.002830
0.002826
0.002806
0.002771
0.002723
0.002668
0.002620
0.002589
0.002582
0.002594
0.002614
0.002628
0.002628
0.002616
0.002598
0.002579
0.002562
0.002548
0.002540
0.002543
0.002560
0.002593
0.002635
0.002673
0.002702
0.002722
0.002744
0.002771
0.002800
0.002830
0.002861
0.002899
0.002948
0.003014
0.003098
0.003194
0.003294
0.003395
0.003497
0.003603
0.003721
0.003858
0.004023
0.004214
0.004428
0.004667
0.004938
0.005248
0.005603
0.006003
0.006452
0.006950
0.007492
0.008067
0.008656
0.009234
0.009765
0.010206
0.010508
0.010633
0.010555
0.010278
0.009833
0.009268
0.008641
0.008007
0.007406
0.006856
0.006363
0.005927
0.005551
0.005232
0.004964
0.004733
0.004533
0.004359
0.004212
0.004091
0.003995
0.003913
0.003837
0.003760
0.003687
0.003618
0.003549
0.003480
0.003414
0.003362
0.003325
0.003298
0.003274
0.003251
0.003226
0.003203
0.003187
0.003181
0.003177
0.003170
0.003156
0.003139
0.003118
0.003091
0.003062
0.003038
0.003025
0.003024
0.003035
0.003056
0.003077
0.003092
0.003104
0.003126
0.003163
0.003205
0.003241
0.003276
0.003318
0.003371
0.003436
0.003514
0.003605
0.003704
0.003807
0.003919
0.004053
0.004221
0.004422
0.004655
0.004923
0.005229
0.005572
0.005950
0.006365
0.006833
0.007374
0.008000
0.008710
0.009482
0.010293
0.011114
0.011914
0.012644
0.013241
0.013637
0.013776
0.013632
0.013216
0.012574
0.011771
0.010878
0.009962
0.009085
0.008288
0.007585
0.006972
0.006443
0.005999
0.005643
0.005362
0.005142
0.004967
0.004827
0.004710
0.004602
0.004491
0.004376
0.004262
0.004146
0.004023
0.003886
0.003740
0.003598
0.003471
0.003360
0.003258
0.003164
0.003083
0.003016
0.002959
0.002902
0.002842
0.002780
0.002719
0.002658
0.002595
0.002533
0.002476
0.002434
0.002409
0.002392
0.002378
0.002366
0.002366
0.002384
0.002418
0.002464
0.002519
0.002585
0.002667
0.002775
0.002909
0.003062
0.003218
0.003369
0.003511
0.003640
0.003743
0.003799
0.003798
0.003740
0.003634
0.003494
0.003331
0.003161
0.002997
0.002847
0.002710
0.002581
0.002461
0.002358
0.002273
0.002199
0.002129
0.002066
0.002017
0.001980
0.001949
0.001922
0.001906
0.001900
0.001894
0.001883
0.001875
0.001883
0.001906
0.001938
0.001972
0.002008
0.002045
0.002080
0.002117
0.002165
0.002227
0.002299
0.002374
0.002447
0.002510
0.002559
0.002592
0.002604
0.002584
0.002522
0.002423
0.002313
0.002211
0.002121
0.002038
0.001963
0.001902
0.001857
0.001823
0.001790
0.001755
0.001714
0.001676
0.001649
0.001637
0.001632
0.001620
0.001597
0.001567
0.001534
0.001497
0.001460
0.001429
0.001411
0.001406
0.001409
0.001417
0.001424
0.001422
0.001407
0.001387
0.001373
0.001372
0.001384
0.001407
0.001437
0.001471
0.001499
0.001516
0.001519
0.001512
0.001497
0.001478
0.001453
0.001427
0.001401
0.001379
0.001362
0.001352
0.001346
0.001344
0.001340
0.001336
0.001335
0.001342
0.001356
0.001370
0.001379
0.001385
0.001393
0.001401
0.001400
0.001385
0.001364
0.001349
0.001347
0.001355
0.001362
0.001365
0.001365
0.001369
0.001381
0.001399
0.001419
0.001436
0.001453
0.001471
0.001492
0.001510
0.001524
0.001536
0.001547
0.001553
0.001546
0.001526
0.001500
0.001476
0.001455
0.001431
0.001401
0.001367
0.001340
0.001327
0.001325
0.001327
0.001331
0.001339
0.001349
0.001359
0.001363
0.001363
0.001362
0.001362
0.001364
0.001366
0.001368
0.001370
0.001372
0.001376
0.001382
0.001386
0.001385
0.001379
0.001371
0.001363
0.001355
0.001346
0.001338
0.001330
0.001320
0.001307
0.001294
0.001283
0.001283
0.001298
0.001327
0.001357
0.001375
0.001377
0.001376
0.001385
0.001403
0.001421
0.001435
0.001446
0.001458
0.001473
0.001489
0.001502
0.001511
0.001517
0.001525
0.001533
0.001534
0.001521
0.001496
0.001472
0.001456
0.001447
0.001442
0.001439
0.001439
0.001440
0.001441
0.001439
0.001434
0.001430
0.001433
0.001445
0.001463
0.001480
0.001494
0.001508
0.001524
0.001539
0.001548
0.001547
0.001538
0.001527
0.001518
0.001509
0.001498
0.001484
0.001472
0.001466
0.001459
0.001444
0.001424
0.001414
0.001417
0.001424
0.001426
0.001424
0.001424
0.001429
0.001435
0.001440
0.001446
0.001450
0.001453
0.001457
0.001466
0.001480
0.001495
0.001510
0.001530
0.001551
0.001568
0.001575
0.001573
0.001567
0.001562
0.001563
0.001570
0.001578
0.001584
0.001589
0.001599
0.001613
0.001625
0.001633
0.001639
0.001644
0.001641
0.001628
0.001611
0.001602
0.001607
0.001617
0.001625
0.001630
0.001638
0.001652
0.001666
0.001679
0.001690
0.001703
0.001718
0.001734
0.001753
0.001780
0.001814
0.001846
0.001869
0.001880
0.001888
0.001898
0.001905
0.001906
0.001903
0.001901
0.001902
0.001904
0.001904
0.001907
0.001916
0.001930
0.001945
0.001956
0.001963
0.001968
0.001974
0.001985
0.001998
0.002011
0.002025
0.002042
0.002063
0.002086
0.002110
0.002137
0.002164
0.002189
0.002212
0.002243
0.002295
0.002370
0.002461
0.002562
0.002673
0.002794
0.002929
0.003080
0.003257
0.003466
0.003714
0.004004
0.004345
0.004747
0.005218
0.005758
0.006370
0.007054
0.007804
0.008606
0.009441
0.010283
0.011089
0.011798
0.012333
0.012622
0.012618
0.012315
0.011752
0.010999
0.010137
0.009235
0.008352
0.007524
0.006769
0.006091
0.005493
0.004977
0.004544
0.004184
0.003882
0.003627
0.003410
0.003215
0.003036
0.002876
0.002744
0.002641
0.002555
0.002479
0.002411
0.002351
0.002295
0.002240
0.002189
0.002146
0.002114
0.002091
0.002071
0.002050
0.002027
0.002010
0.002003
0.002006
0.002010
0.002010
0.002010
0.002012
0.002013
0.002011
0.002004
0.001997
0.001991
0.001991
0.002000
0.002021
0.002047
0.002072
0.002088
0.002097
0.002098
0.002093
0.002088
0.002089
0.002100
0.002123
0.002155
0.002200
0.002258
0.002331
0.002424
0.002542
0.002686
0.002849
0.003024
0.003214
0.003430
0.003683
0.003975
0.004308
0.004687
0.005118
0.005604
0.006142
0.006726
0.007341
0.007964
0.008563
0.009095
0.009504
0.009740
0.009769
0.009584
0.009203
0.008664
0.008020
0.007333
0.006655
0.006023
0.005457
0.004963
0.004536
0.004163
0.003837
0.003558
0.003331
0.003149
0.002998
0.002868
0.002753
0.002653
0.002561
0.002474
0.002398
0.002343
0.002317
0.002312
0.002318
0.002327
0.002335
0.002341
0.002346
0.002350
0.002351
0.002343
0.002322
0.002293
0.002270
0.002264
0.002277
0.002303
0.002343
0.002397
0.002469
0.002552
0.002638
0.002717
0.002786
0.002846
0.002896
0.002930
0.002935
0.002904
0.002842
0.002768
0.002701
0.002645
0.002593
0.002538
0.002478
0.002423
0.002379
0.002353
0.002347
0.002359
0.002380
0.002402
0.002422
0.002445
0.002476
0.002513
0.002550
0.002582
0.002608
0.002631
0.002658
0.002688
0.002718
0.002744
0.002773
0.002817
0.002879
0.002950
0.003025
0.003110
0.003211
0.003322
0.003424
0.003503
0.003558
0.003596
0.003619
0.003628
0.003625
0.003616
0.003602
0.003582
0.003552
0.003512
0.003467
0.003419
0.003366
0.003309
0.003250
0.003196
0.003147
0.003102
0.003059
0.003017
0.002983
0.002961
0.002955
0.002961
0.002972
0.002988
0.003016
0.003060
0.003120
0.003192
0.003280
0.003392
0.003537
0.003714
0.003922
0.004162
0.004437
0.004751
0.005109
0.005512
0.005952
0.006409
0.006852
0.007256
0.007598
0.007855
0.008008
0.008049
0.007974
0.007787
0.007503
0.007152
0.006766
0.006368
0.005968
0.005578
0.005221
0.004914
0.004659
0.004446
0.004269
0.004127
0.004019
0.003944
0.003904
0.003902
0.003939
0.004013
0.004122
0.004269
0.004462
0.004708
0.005015
0.005383
0.005810
0.006296
0.006850
0.007481
0.008191
0.008971
0.009806
0.010675
0.011554
0.012407
0.013201
0.013907
0.014505
0.014980
0.015319
0.015511
0.015546
0.015416
0.015114
0.014641
0.014011
0.013253
0.012415
0.011549
0.010695
0.009878
0.009114
0.008418
0.007804
0.007272
0.006817
0.006433
0.006115
0.005864
0.005679
0.005562
0.005514
0.005531
0.005604
0.005728
0.005909
0.006155
0.006470
0.006854
0.007307
0.007837
0.008449
0.009149
0.009940
0.010814
0.011756
0.012736
0.013718
0.014660
0.015521
0.016259
0.016837
0.017228
0.017407
0.017353
0.017059
0.016537
0.015814
0.014930
0.013932
0.012876
0.011821
0.010806
0.009853
0.008973
0.008184
0.007503
0.006929
0.006451
0.006063
0.005759
0.005531
0.005360
0.005233
0.005148
0.005112
0.005120
0.005160
0.005218
0.005292
0.005383
0.005491
0.005623
0.005789
0.006003
0.006273
0.006600
0.006977
0.007395
0.007837
0.008280
0.008689
0.009024
0.009241
0.009308
0.009216
0.008981
0.008639
0.008221
0.007752
0.007254
0.006759
0.006300
0.005891
0.005529
0.005209
0.004931
0.004700
0.004512
0.004367
0.004265
0.004205
0.004175
0.004160
0.004158
0.004176
0.004223
0.004292
0.004374
0.004461
0.004550
0.004640
0.004730
0.004818
0.004899
0.004963
0.005001
0.005004
0.004976
0.004928
0.004873
0.004821
0.004773
0.004723
0.004670
0.004616
0.004566
0.004522
0.004482
0.004445
0.004403
0.004350
0.004275
0.004178
0.004065
0.003948
0.003837
0.003736
0.003651
0.003589
0.003555
0.003547
0.003556
0.003575
0.003603
0.003649
0.003726
0.003838
0.003976
0.004126
0.004275
0.004416
0.004542
0.004646
0.004721
0.004765
0.004774
0.004751
0.004697
0.004622
0.004536
0.004453
0.004386
0.004343
0.004329
0.004338
0.004357
0.004376
0.004391
0.004399
0.004391
0.004359
0.004306
0.004249
0.004214
0.004220
0.004271
0.004365
0.004488
0.004624
0.004763
0.004906
0.005050
0.005189
0.005312
0.005418
0.005514
0.005609
0.005703
0.005796
0.005886
0.005961
0.005997
0.005974
0.005881
0.005726
0.005524
0.005287
0.005033
0.004786
0.004564
0.004374
0.004207
0.004056
0.003918
0.003798
0.003700
0.003626
0.003573
0.003536
0.003514
0.003507
0.003515
0.003534
0.003564
0.003605
0.003657
0.003712
0.003766
0.003823
0.003892
0.003972
0.004057
0.004150
0.004268
0.004426
0.004621
0.004841
0.005073
0.005311
0.005542
0.005742
0.005887
0.005963
0.005969
0.005914
0.005806
0.005651
0.005456
0.005236
0.005013
0.004809
0.004635
0.004495
0.004387
0.004307
0.004251
0.004214
0.004194
0.004190
0.004197
0.004204
0.004205
0.004204
0.004207
0.004218
0.004235
0.004253
0.004267
0.004274
0.004274
0.004271
0.004266
0.004256
0.004242
0.004231
0.004239
0.004275
0.004338
0.004421
0.004523
0.004650
0.004812
0.005012
0.005248
0.005517
0.005828
0.006196
0.006637
0.007157
0.007755
0.008433
0.009191
0.010012
0.010854
0.011649
0.012307
0.012731
0.012836
0.012597
0.012061
0.011331
0.010519
0.009715
0.008976
0.008331
0.007785
0.007331
0.006961
0.006672
0.006451
0.006281
0.006143
0.006027
0.005924
0.005821
0.005707
0.005585
0.005459
0.005327
0.005184
0.005038
0.004906
0.004801
0.004723
0.004667
0.004633
0.004623
0.004637
0.004674
0.004737
0.004828
0.004946
0.005085
0.005237
0.005394
0.005541
0.005666
0.005759
0.005816
0.005833
0.005816
0.005779
0.005737
0.005698
0.005668
0.005654
0.005668
0.005711
0.005776
0.005850
0.005930
0.006016
0.006104
0.006187
0.006257
0.006311
0.006345
0.006358
0.006348
0.006320
0.006276
0.006218
0.006150
0.006075
0.006002
0.005938
0.005896
0.005882
0.005901
0.005950
0.006023
0.006112
0.006207
0.006300
0.006382
0.006440
0.006466
0.006461
0.006430
0.006376
0.006299
0.006202
0.006091
0.005971
0.005843
0.005707
0.005572
0.005450
0.005345
0.005250
0.005161
0.005078
0.005009
0.004957
0.004925
0.004912
0.004918
0.004942
0.004976
0.005008
0.005033
0.005048
0.005058
0.005066
0.005075
0.005089
0.005111
0.005144
0.005190
0.005250
0.005322
0.005398
0.005471
0.005540
0.005606
0.005668
0.005720
0.005757
0.005780
0.005796
0.005799
0.005780
0.005731
0.005648
0.005530
0.005374
0.005189
0.004988
0.004791
0.004609
0.004448
0.004306
0.004179
0.004062
0.003963
0.003889
0.003839
0.003807
0.003785
0.003777
0.003789
0.003822
0.003868
0.003923
0.003987
0.004062
0.004149
0.004251
0.004370
0.004505
0.004654
0.004818
0.005000
0.005199
0.005411
0.005633
0.005864
0.006097
0.006308
0.006474
0.006574
0.006596
0.006536
0.006394
0.006183
0.005929
0.005661
0.005402
0.005164
0.004952
0.004769
0.004613
0.004480
0.004371
0.004285
0.004224
0.004192
0.004185
0.004194
0.004209
0.004229
0.004265
0.004328
0.004419
0.004534
0.004672
0.004835
0.005026
0.005246
0.005489
0.005746
0.006001
0.006239
0.006442
0.006585
0.006647
0.006616
0.006503
0.006333
0.006132
0.005918
0.005703
0.005500
0.005319
0.005163
0.005033
0.004926
0.004841
0.004773
0.004719
0.004678
0.004645
0.004609
0.004568
0.004532
0.004512
0.004509
0.004516
0.004526
0.004545
0.004574
0.004611
0.004653
0.004709
0.004784
0.004876
0.004979
0.005086
0.005197
0.005309
0.005426
0.005551
0.005681
0.005807
0.005924
0.006035
0.006141
0.006230
0.006279
0.006280
0.006235
0.006154
0.006044
0.005911
0.005766
0.005624
0.005499
0.005400
0.005329
0.005284
0.005255
0.005237
0.005229
0.005232
0.005241
0.005250
0.005261
0.005285
0.005330
0.005396
0.005481
0.005584
0.005706
0.005841
0.005984
0.006136
0.006296
0.006461
0.006614
0.006740
0.006830
0.006881
0.006896
0.006869
0.006796
0.006679
0.006529
0.006366
0.006213
0.006088
0.005998
0.005941
0.005911
0.005908
0.005932
0.005981
0.006056
0.006156
0.006286
0.006445
0.006629
0.006834
0.007063
0.007320
0.007613
0.007955
0.008359
0.008843
0.009421
0.010103
0.010883
0.011737
0.012622
0.013483
0.014262
0.014894
0.015311
0.015457
0.015299
0.014845
0.014144
0.013273
0.012318
0.011351
0.010427
0.009585
0.008853
0.008238
0.007729
0.007314
0.006991
0.006758
0.006600
0.006496
0.006430
0.006392
0.006371
0.006356
0.006341
0.006326
0.006306
0.006273
0.006223
0.006158
0.006088
0.006024
0.005979
0.005954
0.005943
0.005936
0.005930
0.005928
0.005928
0.005926
0.005916
0.005898
0.005873
0.005836
0.005785
0.005727
0.005665
0.005601
0.005537
0.005486
0.005457
0.005452
0.005466
0.005495
0.005537
0.005595
0.005670
0.005761
0.005860
0.005962
0.006063
0.006169
0.006279
0.006379
0.006452
0.006492
0.006509
0.006517
0.006523
0.006527
0.006534
0.006554
0.006594
0.006656
0.006732
0.006813
0.006896
0.006977
0.007055
0.007126
0.007194
0.007266
0.007346
0.007429
0.007507
0.007581
0.007659
0.007748
0.007845
0.007946
0.008053
0.008163
0.008275
0.008383
0.008486
0.008586
0.008687
0.008793
0.008903
0.009013
0.009113
0.009202
0.009276
0.009333
0.009376
0.009418
0.009472
0.009536
0.009597
0.009647
0.009693
0.009746
0.009806
0.009867
0.009925
0.009988
0.010065
0.010159
0.010266
0.010379
0.010496
0.010620
0.010755
0.010894
0.011024
0.011136
0.011234
0.011329
0.011421
0.011509
0.011597
0.011692
0.011796
0.011899
0.011990
0.012066
0.012123
0.012165
0.012196
0.012223
0.012250
0.012279
0.012311
0.012348
0.012389
0.012440
0.012511
0.012610
0.012732
0.012869
0.013014
0.013175
0.013363
0.013576
0.013794
0.013975
0.014073
0.014049
0.013892
0.013621
0.013266
0.012860
0.012430
0.012004
0.011604
0.011245
0.010932
0.010667
0.010446
0.010261
0.010101
0.009963
0.009842
0.009734
0.009633
0.009541
0.009459
0.009391
0.009332
0.009277
0.009216
0.009145
0.009066
0.008986
0.008909
0.008831
0.008744
0.008640
0.008519
0.008385
0.008244
0.008103
0.007968
0.007843
0.007726
0.007610
0.007491
0.007362
0.007221
0.007075
0.006933
0.006800
0.006673
0.006540
0.006396
0.006241
0.006085
0.005938
0.005803
0.005680
0.005562
0.005448
0.005336
0.005229
0.005128
0.005038
0.004965
0.004908
0.004865
0.004832
0.004809
0.004790
0.004771
0.004749
0.004725
0.004705
0.004691
0.004677
0.004659
0.004638
0.004621
0.004609
0.004599
0.004584
0.004562
0.004535
0.004499
0.004454
0.004404
0.004358
0.004320
0.004288
0.004250
0.004201
0.004139
0.004068
0.003995
0.003928
0.003870
0.003817
0.003766
0.003715
0.003672
0.003639
0.003613
0.003596
0.003592
0.003602
0.003618
0.003632
0.003640
0.003646
0.003658
0.003676
0.003698
0.003725
0.003753
0.003780
0.003805
0.003827
0.003849
0.003877
0.003911
0.003948
0.003982
0.004016
0.004048
0.004077
0.004093
0.004097
0.004096
0.004100
0.004108
0.004109
0.004103
0.004092
0.004079
0.004057
0.004022
0.003976
0.003932
0.003903
0.003887
0.003877
0.003869
0.003863
0.003867
0.003884
0.003909
0.003935
0.003962
0.003993
0.004033
0.004079
0.004129
0.004180
0.004229
0.004279
0.004341
0.004423
0.004523
0.004625
0.004715
0.004788
0.004846
0.004892
0.004922
0.004938
0.004945
0.004948
0.004953
0.004964
0.004980
0.004997
0.005004
0.004998
0.004990
0.004996
0.005024
0.005072
0.005131
0.005196
0.005268
0.005354
0.005454
0.005565
0.005685
0.005811
0.005942
0.006077
0.006219
0.006372
0.006546
0.006741
0.006947
0.007148
0.007336
0.007512
0.007682
0.007853
0.008027
0.008201
0.008372
0.008536
0.008691
0.008841
0.008992
0.009147
0.009297
0.009433
0.009552
0.009665
0.009786
0.009919
0.010065
0.010223
0.010399
0.010598
0.010824
0.011072
0.011334
0.011609
0.011904
0.012233
0.012599
0.012991
0.013391
0.013790
0.014195
0.014615
0.015055
0.015511
0.015975
0.016442
0.016916
0.017404
0.017915
0.018446
0.018990
0.019536
0.020070
0.020572
0.021018
0.021390
0.021678
0.021880
0.021999
0.022047
0.022050
0.022040
0.022047
0.022084
0.022159
0.022277
0.022451
0.022692
0.023004
0.023387
0.023842
0.024367
0.024962
0.025621
0.026333
0.027077
0.027822
0.028529
0.029170
0.029735
0.030236
0.030694
0.031129
0.031565
0.032026
0.032536
0.033112
0.033759
0.034465
0.035215
0.035995
0.036798
0.037623
0.038470
0.039333
0.040209
0.041092
0.041978
0.042865
0.043747
0.044613
0.045438
0.046197
0.046881
0.047500
0.048078
0.048652
0.049267
0.049969
0.050785
0.051710
0.052713
0.053745
0.054745
0.055648
0.056393
0.056953
0.057335
0.057580
0.057740
0.057869
0.058010
0.058187
0.058393
0.058581
0.058669
0.058548
0.058111
0.057282
0.056046
0.054463
0.052648
0.050730
0.048810
0.046942
0.045147
0.043421
0.041754
0.040137
0.038567
0.037043
0.035564
0.034132
0.032757
0.031460
0.030263
0.029182
0.028223
0.027376
0.026619
0.025923
0.025263
0.024624
0.024005
0.023420
0.022889
0.022430
0.022050
0.021743
0.021493
0.021274
0.021049
0.020778
0.020436
0.020019
0.019532
0.018988
0.018407
0.017823
0.017271
0.016763
0.016287
0.015819
0.015334
0.014816
0.014259
0.013677
0.013092
0.012529
0.012005
0.011540
0.011147
0.010829
0.010580
0.010391
0.010266
0.010204
0.010199
0.010245
0.010336
0.010467
0.010623
0.010789
0.010957
0.011128
0.011297
0.011448
0.011557
0.011601
0.011564
0.011438
0.011231
0.010963
0.010651
0.010310
0.009952
0.009594
0.009247
0.008918
0.008614
0.008343
0.008115
0.007932
0.007786
0.007670
0.007579
0.007504
0.007431
0.007347
0.007258
0.007177
0.007109
0.007050
0.006994
0.006941
0.006897
0.006868
0.006858
0.006873
0.006913
0.006970
0.007028
0.007079
0.007127
0.007177
0.007232
0.007288
0.007344
0.007402
0.007463
0.007517
0.007555
0.007571
0.007568
0.007549
0.007518
0.007479
0.007434
0.007391
0.007361
0.007347
0.007342
0.007342
0.007346
0.007358
0.007377
0.007394
0.007408
0.007421
0.007436
0.007455
0.007479
0.007508
0.007541
0.007579
0.007627
0.007691
0.007768
0.007844
0.007910
0.007971
0.008035
0.008107
0.008179
0.008242
0.008293
0.008338
0.008387
0.008446
0.008517
0.008594
0.008674
0.008763
0.008868
0.008995
0.009141
0.009301
0.009473
0.009649
0.009822
0.009983
0.010130
0.010259
0.010367
0.010456
0.010531
0.010595
0.010649
0.010694
0.010737
0.010787
0.010849
0.010921
0.011010
0.011120
0.011252
0.011402
0.011563
0.011734
0.011909
0.012081
0.012244
0.012396
0.012537
0.012665
0.012783
0.012896
0.013011
0.013131
0.013259
0.013397
0.013550
0.013723
0.013913
0.014120
0.014336
0.014550
0.014750
0.014927
0.015080
0.015204
0.015292
0.015337
0.015339
0.015302
0.015233
0.015133
0.014999
0.014830
0.014625
0.014390
0.014143
0.013905
0.013691
0.013501
0.013330
0.013181
0.013062
0.012983
0.012940
0.012924
0.012924
0.012937
0.012962
0.012999
0.013051
0.013126
0.013231
0.013359
0.013501
0.013650
0.013804
0.013964
0.014127
0.014296
0.014468
0.014636
0.014788
0.014914
0.015019
0.015113
0.015205
0.015296
0.015388
0.015486
0.015602
0.015740
0.015899
0.016071
0.016251
0.016446
0.016666
0.016917
0.017200
0.017515
0.017867
0.018253
0.018668
0.019106
0.019564
0.020045
0.020553
0.021091
0.021655
0.022240
0.022844
0.023471
0.024131
0.024827
0.025556
0.026315
0.027113
0.027957
0.028849
0.029789
0.030777
0.031815
0.032900
0.034020
0.035174
0.036361
0.037576
0.038801
0.040007
0.041174
0.042287
0.043340
0.044324
0.045240
0.046090
0.046885
0.047636
0.048351
0.049030
0.049674
0.050287
0.050872
0.051417
0.051902
0.052308
0.052621
0.052830
0.052919
0.052880
0.052720
0.052464
0.052132
0.051733
0.051270
0.050747
0.050171
0.049547
0.048886
0.048199
0.047493
0.046764
0.045998
0.045184
0.044324
0.043421
0.042477
0.041489
0.040458
0.039391
0.038301
0.037202
0.036104
0.035018
0.033959
0.032939
0.031958
0.031020
0.030129
0.029289
0.028503
0.027771
0.027098
0.026491
0.025941
0.025434
0.024957
0.024509
0.024095
0.023714
0.023363
0.023044
0.022760
0.022514
0.022303
0.022123
0.021969
0.021838
0.021727
0.021637
0.021566
0.021508
0.021455
0.021399
0.021333
0.021248
0.021141
0.021012
0.020863
0.020692
0.020495
0.020278
0.020056
0.019846
0.019658
0.019494
0.019353
0.019233
0.019132
0.019050
0.018989
0.018947
0.018922
0.018908
0.018904
0.018914
0.018939
0.018977
0.019025
0.019084
0.019152
0.019228
0.019311
0.019404
0.019518
0.019652
0.019803
0.019960
0.020111
0.020239
0.020332
0.020383
0.020394
0.020369
0.020313
0.020231
0.020133
0.020024
0.019905
0.019780
0.019661
0.019560
0.019479
0.019414
0.019360
0.019310
0.019251
0.019170
0.019070
0.018963
0.018858
0.018752
0.018648
0.018550
0.018458
0.018360
0.018251
0.018139
0.018036
0.017950
0.017877
0.017815
0.017767
0.017732
0.017708
0.017691
0.017675
0.017650
0.017606
0.017539
0.017455
0.017358
0.017248
0.017124
0.016989
0.016851
0.016712
0.016573
0.016437
0.016309
0.016191
0.016079
0.015964
0.015835
0.015683
0.015497
0.015269
0.015003
0.014716
0.014432
0.014159
0.013896
0.013638
0.013391
0.013159
0.012945
0.012748
0.012572
0.012421
0.012294
0.012183
0.012083
0.011992
0.011904
0.011810
0.011704
0.011590
0.011468
0.011337
0.011196
0.011051
0.010912
0.010783
0.010663
0.010553
0.010454
0.010362
0.010276
0.010194
0.010122
0.010058
0.009999
0.009930
0.009840
0.009719
0.009565
0.009383
0.009182
0.008970
0.008760
0.008567
0.008401
0.008263
0.008141
0.008024
0.007909
0.007801
0.007708
0.007628
0.007554
0.007477
0.007399
0.007334
0.007292
0.007270
0.007258
0.007244
0.007224
0.007204
0.007193
0.007194
0.007209
0.007233
0.007265
0.007298
0.007327
0.007344
0.007349
0.007345
0.007336
0.007325
0.007307
0.007281
0.007245
0.007200
0.007150
0.007100
0.007060
0.007035
0.007026
0.007031
0.007044
0.007060
0.007078
0.007101
0.007133
0.007175
0.007228
0.007291
0.007362
0.007438
0.007517
0.007596
0.007673
0.007740
0.007798
0.007854
0.007919
0.007997
0.008085
0.008180
0.008285
0.008394
0.008502
0.008604
0.008703
0.008794
0.008872
0.008935
0.008989
0.009043
0.009101
0.009167
0.009246
0.009342
0.009454
0.009581
0.009723
0.009883
0.010054
0.010230
0.010408
0.010586
0.010757
0.010913
0.011049
0.011165
0.011259
0.011335
0.011400
0.011459
0.011510
0.011542
0.011543
0.011508
0.011442
0.011352
0.011246
0.011126
0.010987
0.010824
0.010638
0.010437
0.010225
0.010000
0.009762
0.009517
0.009273
0.009036
0.008808
0.008590
0.008385
0.008195
0.008023
0.007876
0.007750
0.007636
0.007528
0.007430
0.007344
0.007265
0.007181
0.007087
0.006991
0.006901
0.006821
0.006751
0.006691
0.006638
0.006587
0.006531
0.006476
0.006426
0.006386
0.006353
0.006326
0.006306
0.006290
0.006276
0.006268
0.006272
0.006290
0.006311
0.006321
0.006322
0.006321
0.006321
0.006314
0.006293
0.006257
0.006211
0.006163
0.006121
0.006094
0.006083
0.006076
0.006067
0.006059
0.006059
0.006068
0.006079
0.006091
0.006114
0.006156
0.006215
0.006284
0.006360
0.006445
0.006538
0.006642
0.006757
0.006882
0.007009
0.007126
0.007229
0.007326
0.007421
0.007510
0.007587
0.007641
0.007665
0.007653
0.007612
0.007557
0.007500
0.007445
0.007388
0.007330
0.007285
0.007265
0.007277
0.007323
0.007409
0.007546
0.007743
0.007997
0.008302
0.008658
0.009078
0.009585
0.010203
0.010947
0.011823
0.012834
0.013986
0.015285
0.016730
0.018304
0.019980
0.021723
0.023453
0.025005
0.026133
0.026595
0.026263
0.025172
0.023497
0.021485
0.019382
0.017387
0.015617
0.014110
0.012858
0.011842
0.011039
0.010416
0.009935
0.009567
0.009293
0.009092
0.008947
0.008845
0.008785
0.008758
0.008753
0.008761
0.008778
0.008794
0.008795
0.008767
0.008704
0.008607
0.008482
0.008346
0.008219
0.008112
0.008024
0.007949
0.007894
0.007869
0.007879
0.007917
0.007970
0.008027
0.008081
0.008132
0.008181
0.008226
0.008261
0.008276
0.008270
0.008251
0.008223
0.008192
0.008162
0.008139
0.008119
0.008095
0.008057
0.008002
0.007933
0.007851
0.007755
0.007647
0.007528
0.007398
0.007268
0.007149
0.007052
0.006979
0.006925
0.006882
0.006847
0.006823
0.006809
0.006806
0.006813
0.006825
0.006841
0.006854
0.006863
0.006863
0.006852
0.006824
0.006774
0.006702
0.006624
0.006555
0.006503
0.006464
0.006430
0.006393
0.006352
0.006309
0.006274
0.006259
0.006261
0.006267
0.006263
0.006247
0.006224
0.006196
0.006159
0.006113
0.006063
0.006008
0.005942
0.005857
0.005755
0.005644
0.005533
0.005423
0.005312
0.005202
0.005098
0.005007
0.004923
0.004840
0.004755
0.004677
0.004614
0.004570
0.004543
0.004537
0.004559
0.004608
0.004677
0.004754
0.004832
0.004910
0.004987
0.005061
0.005135
0.005209
0.005284
0.005357
0.005421
0.005468
0.005491
0.005486
0.005451
0.005388
0.005303
0.005205
0.005100
0.004986
0.004860
0.004729
0.004600
0.004482
0.004371
0.004264
0.004161
0.004071
0.004003
0.003957
0.003926
0.003902
0.003882
0.003874
0.003888
0.003928
0.003985
0.004044
0.004094
0.004133
0.004162
0.004184
0.004205
0.004223
0.004238
0.004249
0.004255
0.004253
0.004240
0.004207
0.004154
0.004086
0.004007
0.003923
0.003842
0.003771
0.003712
0.003659
0.003605
0.003546
0.003486
0.003431
0.003387
0.003359
0.003349
0.003356
0.003375
0.003397
0.003413
0.003422
0.003424
0.003422
0.003415
0.003404
0.003391
0.003377
0.003361
0.003347
0.003341
0.003346
0.003356
0.003364
0.003367
0.003366
0.003361
0.003346
0.003319
0.003282
0.003242
0.003204
0.003169
0.003139
0.003109
0.003078
0.003047
0.003024
0.003008
0.002990
0.002961
0.002923
0.002891
0.002876
0.002874
0.002873
0.002870
0.002873
0.002886
0.002910
0.002936
0.002951
0.002951
0.002935
0.002910
0.002883
0.002857
0.002832
0.002809
0.002789
0.002775
0.002768
0.002767
0.002771
0.002778
0.002788
0.002795
0.002792
0.002773
0.002739
0.002695
0.002645
0.002592
0.002543
0.002508
0.002486
0.002473
0.002458
0.002441
0.002427
0.002418
0.002415
0.002417
0.002427
0.002440
0.002447
0.002444
0.002437
0.002431
0.002428
0.002429
0.002438
0.002460
0.002490
0.002512
0.002519
0.002517
0.002516
0.002518
0.002514
0.002502
0.002489
0.002480
0.002471
0.002455
0.002433
0.002410
0.002388
0.002363
0.002336
0.002313
0.002301
0.002297
0.002301
0.002311
0.002329
0.002347
0.002357
0.002359
0.002362
0.002365
0.002360
0.002345
0.002327
0.002318
0.002322
0.002328
0.002332
0.002334
0.002338
0.002347
0.002359
0.002375
0.002393
0.002406
0.002401
0.002375
0.002331
0.002286
0.002257
0.002256
0.002281
0.002312
0.002333
0.002340
0.002340
0.002335
0.002321
0.002297
0.002274
0.002262
0.002263
0.002271
0.002282
0.002298
0.002319
0.002336
0.002343
0.002339
0.002329
0.002318
0.002307
0.002300
0.002298
0.002299
0.002304
0.002314
0.002333
0.002360
0.002391
0.002419
0.002436
0.002430
0.002400
0.002356
0.002316
0.002289
0.002276
0.002275
0.002285
0.002298
0.002308
0.002310
0.002309
0.002308
0.002305
0.002296
0.002279
0.002259
0.002237
0.002219
0.002212
0.002220
0.002239
0.002258
0.002271
0.002279
0.002281
0.002277
0.002267
0.002256
0.002243
0.002227
0.002211
0.002199
0.002187
0.002172
0.002160
0.002162
0.002183
0.002209
0.002226
0.002232
0.002236
0.002241
0.002245
0.002249
0.002259
0.002281
0.002314
0.002352
0.002385
0.002409
0.002424
0.002435
0.002450
0.002468
0.002484
0.002493
0.002496
0.002497
0.002498
0.002502
0.002504
0.002498
0.002478
0.002445
0.002408
0.002376
0.002348
0.002321
0.002297
0.002280
0.002272
0.002271
0.002276
0.002283
0.002289
0.002287
0.002277
0.002262
0.002249
0.002243
0.002242
0.002246
0.002253
0.002264
0.002277
0.002288
0.002290
0.002286
0.002279
0.002277
0.002287
0.002308
0.002334
0.002354
0.002360
0.002352
0.002336
0.002320
0.002304
0.002290
0.002276
0.002260
0.002243
0.002229
0.002226
0.002236
0.002253
0.002268
0.002281
0.002291
0.002297
0.002293
0.002282
0.002272
0.002272
0.002283
0.002301
0.002319
0.002336
0.002351
0.002367
0.002382
0.002399
0.002417
0.002438
0.002461
0.002482
0.002496
0.002506
0.002515
0.002530
0.002548
0.002569
0.002590
0.002610
0.002626
0.002633
0.002628
0.002613
0.002595
0.002582
0.002579
0.002584
0.002588
0.002591
0.002597
0.002609
0.002623
0.002635
0.002651
0.002674
0.002704
0.002731
0.002749
0.002760
0.002763
0.002755
0.002741
0.002734
0.002741
0.002756
0.002768
0.002774
0.002777
0.002783
0.002791
0.002805
0.002826
0.002851
0.002874
0.002893
0.002915
0.002947
0.002989
0.003038
0.003091
0.003153
0.003221
0.003288
0.003348
0.003406
0.003473
0.003552
0.003637
0.003717
0.003788
0.003854
0.003920
0.003985
0.004038
0.004072
0.004083
0.004076
0.004055
0.004023
0.003985
0.003950
0.003926
0.003914
0.003909
0.003908
0.003916
0.003937
0.003967
0.003999
0.004036
0.004084
0.004147
0.004220
0.004301
0.004393
0.004499
0.004612
0.004725
0.004838
0.004956
0.005075
0.005185
0.005281
0.005364
0.005434
0.005484
0.005501
0.005480
0.005430
0.005366
0.005300
0.005238
0.005179
0.005125
0.005080
0.005054
0.005049
0.005065
0.005098
0.005148
0.005210
0.005278
0.005344
0.005412
0.005488
0.005573
0.005653
0.005718
0.005769
0.005819
0.005874
0.005929
0.005972
0.006000
0.006021
0.006048
0.006089
0.006145
0.006211
0.006282
0.006358
0.006442
0.006535
0.006630
0.006721
0.006803
0.006877
0.006938
0.006986
0.007023
0.007062
0.007107
0.007158
0.007213
0.007280
0.007369
0.007483
0.007614
0.007756
0.007900
0.008033
0.008138
0.008206
0.008245
0.008263
0.008259
0.008234
0.008194
0.008153
0.008116
0.008080
0.008046
0.008013
0.007986
0.007964
0.007950
0.007943
0.007934
0.007909
0.007864
0.007807
0.007742
0.007669
0.007583
0.007487
0.007394
0.007314
0.007249
0.007198
0.007159
0.007135
0.007125
0.007132
0.007160
0.007208
0.007272
0.007343
0.007413
0.007479
0.007536
0.007584
0.007619
0.007639
0.007644
0.007637
0.007619
0.007590
0.007546
0.007488
0.007418
0.007337
0.007247
0.007153
0.007064
0.006981
0.006900
0.006814
0.006728
0.006648
0.006582
0.006532
0.006501
0.006490
0.006498
0.006528
0.006581
0.006656
0.006747
0.006843
0.006939
0.007029
0.007109
0.007176
0.007229
0.007269
0.007297
0.007308
0.007298
0.007271
0.007237
0.007202
0.007170
0.007136
0.007092
0.007032
0.006957
0.006872
0.006780
0.006674
0.006548
0.006401
0.006247
0.006099
0.005963
0.005844
0.005740
0.005652
0.005580
0.005519
0.005468
0.005427
0.005395
0.005373
0.005361
0.005360
0.005372
0.005392
0.005412
0.005423
0.005426
0.005423
0.005417
0.005404
0.005378
0.005337
0.005283
0.005224
0.005160
0.005092
0.005025
0.004967
0.004933
0.004925
0.004935
0.004958
0.004994
0.005046
0.005106
0.005164
0.005209
0.005242
0.005265
0.005281
0.005288
0.005290
0.005290
0.005288
0.005288
0.005294
0.005305
0.005314
0.005310
0.005287
0.005242
0.005175
0.005093
0.005007
0.004930
0.004857
0.004777
0.004687
0.004601
0.004530
0.004475
0.004433
0.004403
0.004392
0.004404
0.004434
0.004475
0.004520
0.004566
0.004611
0.004657
0.004709
0.004764
0.004817
0.004859
0.004881
0.004875
0.004838
0.004781
0.004718
0.004660
0.004612
0.004572
0.004535
0.004502
0.004474
0.004450
0.004431
0.004417
0.004413
0.004429
0.004464
0.004509
0.004552
0.004594
0.004644
0.004698
0.004743
0.004765
0.004767
0.004757
0.004745
0.004734
0.004731
0.004741
0.004765
0.004796
0.004828
0.004855
0.004873
0.004876
0.004864
0.004841
0.004811
0.004769
0.004705
0.004622
0.004535
0.004468
0.004426
0.004399
0.004371
0.004342
0.004319
0.004307
0.004304
0.004312
0.004333
0.004365
0.004401
0.004433
0.004467
0.004508
0.004551
0.004584
0.004605
0.004619
0.004625
0.004622
0.004609
0.004594
0.004585
0.004583
0.004587
0.004593
0.004600
0.004610
0.004621
0.004633
0.004639
0.004632
0.004610
0.004577
0.004536
0.004493
0.004448
0.004402
0.004358
0.004321
0.004303
0.004306
0.004326
0.004354
0.004389
0.004431
0.004470
0.004497
0.004512
0.004525
0.004541
0.004551
0.004543
0.004521
0.004495
0.004471
0.004441
0.004405
0.004370
0.004346
0.004336
0.004334
0.004336
0.004340
0.004344
0.004340
0.004320
0.004283
0.004239
0.004198
0.004166
0.004139
0.004110
0.004075
0.004036
0.003996
0.003964
0.003952
0.003967
0.004003
0.004044
0.004079
0.004103
0.004119
0.004130
0.004137
0.004137
0.004125
0.004103
0.004075
0.004050
0.004027
0.004003
0.003977
0.003950
0.003924
0.003892
0.003852
0.003810
0.003776
0.003752
0.003739
0.003735
0.003734
0.003728
0.003708
0.003678
0.003649
0.003625
0.003602
0.003577
0.003557
0.003548
0.003554
0.003571
0.003598
0.003630
0.003662
0.003683
0.003691
0.003696
0.003705
0.003716
0.003720
0.003715
0.003705
0.003691
0.003671
0.003644
0.003615
0.003593
0.003578
0.003567
0.003555
0.003544
0.003531
0.003514
0.003491
0.003467
0.003444
0.003421
0.003397
0.003372
0.003351
0.003334
0.003321
0.003313
0.003314
0.003321
0.003332
0.003341
0.003347
0.003350
0.003353
0.003358
0.003368
0.003376
0.003377
0.003370
0.003365
0.003369
0.003382
0.003400
0.003424
0.003457
0.003494
0.003530
0.003561
0.003588
0.003609
0.003618
0.003613
0.003601
0.003590
0.003580
0.003566
0.003549
0.003536
0.003529
0.003522
0.003507
0.003490
0.003481
0.003487
0.003507
0.003534
0.003566
0.003602
0.003639
0.003672
0.003698
0.003720
0.003750
0.003791
0.003840
0.003886
0.003926
0.003963
0.004004
0.004048
0.004095
0.004142
0.004188
0.004230
0.004264
0.004292
0.004321
0.004352
0.004383
0.004408
0.004425
0.004442
0.004464
0.004494
0.004530
0.004568
0.004611
0.004661
0.004719
0.004782
0.004848
0.004913
0.004978
0.005042
0.005108
0.005178
0.005259
0.005350
0.005446
0.005535
0.005611
0.005674
0.005729
0.005779
0.005828
0.005875
0.005916
0.005946
0.005962
0.005963
0.005960
0.005964
0.005981
0.006006
0.006036
0.006067
0.006102
0.006144
0.006192
0.006247
0.006308
0.006373
0.006436
0.006494
0.006549
0.006604
0.006660
0.006719
0.006778
0.006837
0.006898
0.006960
0.007025
0.007093
0.007162
0.007231
0.007297
0.007355
0.007402
0.007440
0.007468
0.007481
0.007478
0.007469
0.007462
0.007456
0.007445
0.007431
0.007420
0.007416
0.007419
0.007425
0.007441
0.007465
0.007489
0.007507
0.007527
0.007556
0.007586
0.007605
0.007610
0.007607
0.007606
0.007607
0.007609
0.007611
0.007611
0.007602
0.007579
0.007547
0.007512
0.007478
0.007449
0.007425
0.007403
0.007376
0.007345
0.007315
0.007292
0.007277
0.007260
0.007239
0.007215
0.007190
0.007164
0.007137
0.007107
0.007078
0.007052
0.007030
0.007012
0.006996
0.006976
0.006951
0.006920
0.006887
0.006851
0.006803
0.006741
0.006669
0.006601
0.006545
0.006498
0.006451
0.006398
0.006338
0.006271
0.006199
0.006124
0.006053
0.005985
0.005920
0.005856
0.005798
0.005749
0.005711
0.005679
0.005648
0.005620
0.005598
0.005586
0.005580
0.005575
0.005570
0.005568
0.005570
0.005572
0.005566
0.005553
0.005538
0.005523
0.005497
0.005456
0.005406
0.005347
0.005276
0.005192
0.005108
0.005038
0.004983
0.004929
0.004871
0.004820
0.004781
0.004751
0.004719
0.004685
0.004655
0.004632
0.004614
0.004601
0.004598
0.004604
0.004617
0.004631
0.004640
0.004645
0.004649
0.004658
0.004671
0.004684
0.004694
0.004703
0.004712
0.004716
0.004714
0.004711
0.004712
0.004711
0.004696
0.004659
0.004610
0.004558
0.004508
0.004461
0.004419
0.004383
0.004349
0.004313
0.004270
0.004224
0.004180
0.004144
0.004119
0.004103
0.004096
0.004094
0.004093
0.004090
0.004083
0.004076
0.004071
0.004075
0.004091
0.004116
0.004144
0.004168
0.004183
0.004190
0.004190
0.004185
0.004179
0.004178
0.004185
0.004198
0.004210
0.004214
0.004207
0.004183
0.004141
0.004090
0.004044
0.004010
0.003980
0.003943
0.003902
0.003866
0.003844
0.003836
0.003835
0.003839
0.003845
0.003850
0.003853
0.003854
0.003855
0.003855
0.003853
0.003849
0.003846
0.003842
0.003834
0.003822
0.003811
0.003805
0.003806
0.003807
0.003802
0.003793
0.003788
0.003789
0.003793
0.003791
0.003780
0.003768
0.003765
0.003776
0.003794
0.003812
0.003828
0.003838
0.003847
0.003859
0.003884
0.003921
0.003959
0.003987
0.004003
0.004012
0.004024
0.004045
0.004076
0.004113
0.004148
0.004179
0.004208
0.004236
0.004261
0.004282
0.004299
0.004310
0.004309
0.004293
0.004267
0.004242
0.004228
0.004228
0.004238
0.004255
0.004272
0.004288
0.004303
0.004320
0.004336
0.004347
0.004353
0.004363
0.004379
0.004395
0.004400
0.004394
0.004387
0.004391
0.004411
0.004441
0.004474
0.004508
0.004539
0.004569
0.004606
0.004653
0.004707
0.004756
0.004787
0.004805
0.004825
0.004860
0.004914
0.004980
0.005048
0.005116
0.005185
0.005257
0.005333
0.005415
0.005504
0.005598
0.005694
0.005784
0.005868
0.005951
0.006044
0.006156
0.006293
0.006464
0.006679
0.006946
0.007265
0.007640
0.008084
0.008617
0.009259
0.010026
0.010933
0.012002
0.013261
0.014739
0.016458
0.018424
0.020619
0.023001
0.025511
0.028059
0.030499
0.032605
0.034091
0.034691
0.034245
0.032763
0.030431
0.027554
0.024469
0.021466
0.018733
0.016357
0.014353
0.012698
0.011358
0.010290
0.009448
0.008788
0.008275
0.007880
0.007582
0.007370
0.007254
0.007243
0.007338
0.007528
0.007802
0.008171
0.008660
0.009294
0.010097
0.011090
0.012297
0.013741
0.015438
0.017397
0.019601
0.022014
0.024580
0.027213
0.029757
0.031953
0.033476
0.034050
0.033554
0.032064
0.029810
0.027095
0.024222
0.021435
0.018889
0.016656
0.014749
0.013151
0.011831
0.010744
0.009841
0.009083
0.008442
0.007893
0.007417
0.007000
0.006636
0.006324
0.006064
0.005848
0.005657
0.005471
0.005286
0.005109
0.004951
0.004815
0.004698
0.004598
0.004513
0.004440
0.004376
0.004320
0.004277
0.004248
0.004230
0.004221
0.004225
0.004243
0.004267
0.004289
0.004311
0.004336
0.004368
0.004403
0.004433
0.004454
0.004465
0.004469
0.004473
0.004480
0.004490
0.004497
0.004500
0.004507
0.004521
0.004537
0.004548
0.004546
0.004531
0.004504
0.004466
0.004421
0.004372
0.004321
0.004270
0.004218
0.004165
0.004114
0.004070
0.004041
0.004026
0.004017
0.004011
0.004012
0.004020
0.004031
0.004038
0.004044
0.004055
0.004070
0.004082
0.004088
0.004092
0.004100
0.004115
0.004131
0.004141
0.004140
0.004129
0.004109
0.004088
0.004073
0.004073
0.004097
0.004144
0.004201
0.004255
0.004308
0.004371
0.004446
0.004526
0.004607
0.004694
0.004791
0.004891
0.004987
0.005073
0.005139
0.005172
0.005162
0.005114
0.005042
0.004960
0.004873
0.004781
0.004687
0.004601
0.004533
0.004491
0.004466
0.004440
0.004409
0.004387
0.004385
0.004401
0.004417
0.004426
0.004436
0.004454
0.004481
0.004518
0.004563
0.004615
0.004668
0.004723
0.004782
0.004851
0.004930
0.005019
0.005124
0.005244
0.005369
0.005486
0.005582
0.005652
0.005691
0.005697
0.005668
0.005608
0.005520
0.005414
0.005299
0.005190
0.005094
0.005010
0.004931
0.004854
0.004785
0.004736
0.004713
0.004706
0.004702
0.004692
0.004679
0.004668
0.004665
0.004673
0.004691
0.004709
0.004721
0.004731
0.004742
0.004748
0.004740
0.004722
0.004705
0.004696
0.004696
0.004700
0.004710
0.004725
0.004734
0.004731
0.004722
0.004719
0.004729
0.004750
0.004775
0.004796
0.004807
0.004811
0.004817
0.004834
0.004857
0.004878
0.004898
0.004918
0.004937
0.004952
0.004967
0.004987
0.005013
0.005038
0.005062
0.005085
0.005100
0.005100
0.005082
0.005049
0.005007
0.004953
0.004888
0.004814
0.004743
0.004679
0.004622
0.004565
0.004506
0.004447
0.004397
0.004353
0.004310
0.004265
0.004225
0.004200
0.004190
0.004188
0.004192
0.004206
0.004228
0.004246
0.004251
0.004244
0.004235
0.004230
0.004233
0.004242
0.004257
0.004277
0.004298
0.004319
0.004338
0.004350
0.004356
0.004359
0.004360
0.004354
0.004337
0.004314
0.004289
0.004262
0.004230
0.004193
0.004156
0.004119
0.004082
0.004051
0.004027
0.004010
0.003993
0.003974
0.003959
0.003953
0.003950
0.003945
0.003935
0.003921
0.003900
0.003871
0.003839
0.003815
0.003801
0.003796
0.003794
0.003794
0.003794
0.003797
0.003803
0.003811
0.003818
0.003824
0.003829
0.003834
0.003839
0.003843
0.003847
0.003854
0.003868
0.003887
0.003912
0.003942
0.003975
0.004003
0.004020
0.004027
0.004032
0.004041
0.004063
0.004102
0.004155
0.004209
0.004249
0.004273
0.004293
0.004323
0.004364
0.004414
0.004470
0.004532
0.004596
0.004656
0.004710
0.004760
0.004807
0.004848
0.004882
0.004908
0.004922
0.004926
0.004930
0.004940
0.004958
0.004974
0.004983
0.004987
0.004990
0.005003
0.005029
0.005062
0.005087
0.005095
0.005098
0.005115
0.005157
0.005214
0.005275
0.005329
0.005372
0.005408
0.005446
0.005498
0.005567
0.005646
0.005732
0.005826
0.005935
0.006057
0.006185
0.006308
0.006419
0.006510
0.006586
0.006658
0.006743
0.006846
0.006960
0.007073
0.007174
0.007258
0.007330
0.007397
0.007464
0.007534
0.007611
0.007700
0.007800
0.007899
0.007991
0.008082
0.008182
0.008292
0.008408
0.008528
0.008651
0.008777
0.008903
0.009031
0.009162
0.009300
0.009445
0.009594
0.009745
0.009892
0.010032
0.010161
0.010277
0.010381
0.010479
0.010583
0.010696
0.010811
0.010920
0.011025
0.011128
0.011234
0.011346
0.011473
0.011616
0.011769
0.011925
0.012087
0.012266
0.012457
0.012646
0.012820
0.012986
0.013152
0.013324
0.013503
0.013688
0.013872
0.014045
0.014207
0.014368
0.014541
0.014730
0.014932
0.015145
0.015376
0.015630
0.015916
0.016241
0.016611
0.017028
0.017496
0.018028
0.018634
0.019327
0.020127
0.021070
0.022194
0.023536
0.025143
0.027087
0.029462
0.032371
0.035939
0.040324
0.045715
0.052297
0.060248
0.069751
0.080994
0.094115
0.109150
0.126038
0.144618
0.164503
0.184772
0.203753
0.219173
0.228794
0.231196
0.226264
0.215133
0.199707
0.182076
0.164063
0.146981
0.131592
0.118207
0.106850
0.097394
0.089647
0.083377
0.078352
0.074370
0.071290
0.069027
0.067532
0.066788
0.066813
0.067650
0.069369
0.072066
0.075883
0.080999
0.087598
0.095870
0.106004
0.118152
0.132332
0.148363
0.165877
0.184288
0.202603
0.219196
0.231884
0.238511
0.237748
0.229604
0.215366
0.197102
0.177053
0.157134
0.138662
0.122312
0.108273
0.096455
0.086648
0.078593
0.072010
0.066629
0.062207
0.058543
0.055480
0.052902
0.050721
0.048874
0.047307
0.045984
0.044873
0.043936
0.043137
0.042448
0.041859
0.041365
0.040960
0.040630
0.040361
0.040148
0.039995
0.039903
0.039862
0.039857
0.039882
0.039938
0.040030
0.040156
0.040312
0.040498
0.040712
0.040950
0.041205
0.041476
0.041769
0.042088
0.042429
0.042789
0.043161
0.043542
0.043929
0.044324
0.044728
0.045144
0.045574
0.046014
0.046459
0.046903
0.047349
0.047796
0.048236
0.048657
0.049057
0.049444
0.049827
0.050206
0.050573
0.050921
0.051247
0.051549
0.051823
0.052068
0.052290
0.052500
0.052706
0.052906
0.053088
0.053246
0.053385
0.053516
0.053646
0.053774
0.053898
0.054010
0.054101
0.054174
0.054238
0.054305
0.054375
0.054438
0.054492
0.054541
0.054589
0.054638
0.054689
0.054748
0.054816
0.054891
0.054976
0.055080
0.055202
0.055329
0.055448
0.055566
0.055699
0.055853
0.056022
0.056197
0.056379
0.056572
0.056776
0.056992
0.057220
0.057460
0.057715
0.057991
0.058290
0.058607
0.058927
0.059245
0.059562
0.059890
0.060238
0.060613
0.061012
0.061428
0.061859
0.062309
0.062785
0.063291
0.063823
0.064379
0.064961
0.065575
0.066223
0.066910
0.067631
0.068374
0.069129
0.069895
0.070682
0.071492
0.072316
0.073147
0.073987
0.074846
0.075730
0.076628
0.077522
0.078396
0.079250
0.080085
0.080899
0.081681
0.082414
0.083090
0.083705
0.084257
0.084733
0.085124
0.085423
0.085623
0.085714
0.085689
0.085550
0.085302
0.084945
0.084473
0.083889
0.083199
0.082408
0.081516
0.080527
0.079459
0.078332
0.077155
0.075931
0.074662
0.073360
0.072043
0.070724
0.069408
0.068101
0.066811
0.065543
0.064297
0.063071
0.061874
0.060717
0.059604
0.058534
0.057507
0.056525
0.055584
0.054674
0.053783
0.052908
0.052053
0.051224
0.050432
0.049677
0.048949
0.048236
0.047539
0.046866
0.046220
0.045596
0.044987
0.044397
0.043830
0.043282
0.042742
0.042204
0.041669
0.041146
0.040637
0.040144
0.039671
0.039215
0.038773
0.038339
0.037913
0.037502
0.037109
0.036730
0.036357
0.035988
0.035629
0.035285
0.034952
0.034618
0.034276
0.033927
0.033572
0.033212
0.032851
0.032495
0.032150
0.031812
0.031477
0.031141
0.030805
0.030472
0.030146
0.029832
0.029526
0.029220
0.028906
0.028585
0.028265
0.027952
0.027651
0.027363
0.027083
0.026803
0.026519
0.026235
0.025954
0.025676
0.025402
0.025136
0.024884
0.024642
0.024400
0.024153
0.023909
0.023673
0.023445
0.023219
0.022995
0.022777
0.022570
0.022368
0.022162
0.021948
0.021734
0.021533
0.021352
0.021183
0.021015
0.020851
0.020695
0.020549
0.020402
0.020248
0.020088
0.019925
0.019758
0.019583
0.019401
0.019217
0.019037
0.018860
0.018678
0.018490
0.018302
0.018122
0.017947
0.017770
0.017588
0.017414
0.017253
0.017104
0.016963
0.016833
0.016720
0.016617
0.016514
0.016414
0.016329
0.016263
0.016206
0.016146
0.016075
0.015982
0.015857
0.015698
0.015518
0.015333
0.015150
0.014970
0.014792
0.014620
0.014455
0.014298
0.014150
0.014014
0.013889
0.013770
0.013656
0.013548
0.013447
0.013359
0.013284
0.013219
0.013153
0.013085
0.013023
0.012976
0.012942
0.012911
0.012878
0.012850
0.012833
0.012824
0.012815
0.012807
0.012810
0.012824
0.012835
0.012819
0.012758
0.012656
0.012523
0.012366
0.012188
0.011998
0.011818
0.011664
0.011536
0.011425
0.011329
0.011254
0.011205
0.011181
0.011178
0.011191
0.011221
0.011271
0.011348
0.011455
0.011591
0.011759
0.011965
0.012219
0.012526
0.012891
0.013322
0.013828
0.014411
0.015063
0.015768
0.016513
0.017279
0.018037
0.018749
0.019359
0.019795
0.019987
0.019891
0.019507
0.018874
0.018055
0.017121
0.016152
0.015220
0.014376
0.013637
0.013000
0.012455
0.012001
0.011643
0.011378
0.011193
0.011075
0.011021
0.011033
0.011114
0.011257
0.011467
0.011753
0.012125
0.012579
0.013106
0.013698
0.014350
0.015049
0.015771
0.016477
0.017121
0.017645
0.017981
0.018066
0.017857
0.017346
0.016565
0.015580
0.014474
0.013338
0.012245
0.011243
0.010353
0.009580
0.008922
0.008374
0.007918
0.007535
0.007209
0.006932
0.006697
0.006494
0.006314
0.006155
0.006014
0.005885
0.005763
0.005649
0.005545
0.005453
0.005371
0.005298
0.005232
0.005169
0.005103
0.005031
0.004957
0.004886
0.004818
0.004755
0.004697
0.004640
0.004579
0.004509
0.004431
0.004354
0.004286
0.004228
0.004177
0.004124
0.004070
0.004024
0.003994
0.003977
0.003961
0.003938
0.003908
0.003879
0.003857
0.003843
0.003835
0.003836
0.003841
0.003845
0.003846
0.003849
0.003856
0.003865
0.003870
0.003873
0.003880
0.003888
0.003889
0.003880
0.003865
0.003851
0.003842
0.003837
0.003831
0.003818
0.003798
0.003771
0.003739
0.003703
0.003666
0.003634
0.003611
0.003593
0.003569
0.003536
0.003502
0.003480
0.003472
0.003473
0.003478
0.003486
0.003494
0.003498
0.003495
0.003490
0.003489
0.003495
0.003507
0.003515
0.003511
0.003488
0.003450
0.003408
0.003374
0.003354
0.003346
0.003347
0.003349
0.003343
0.003325
0.003295
0.003261
0.003228
0.003196
0.003169
0.003151
0.003146
0.003153
0.003164
0.003169
0.003168
0.003166
0.003169
0.003171
0.003166
0.003154
0.003139
0.003128
0.003121
0.003121
0.003129
0.003140
0.003149
0.003154
0.003159
0.003164
0.003162
0.003149
0.003128
0.003106
0.003084
0.003060
0.003039
0.003026
0.003020
0.003013
0.003004
0.002999
0.002996
0.002986
0.002962
0.002930
0.002904
0.002892
0.002892
0.002895
0.002892
0.002882
0.002866
0.002847
0.002831
0.002820
0.002813
0.002809
0.002806
0.002799
0.002789
0.002780
0.002776
0.002775
0.002774
0.002774
0.002773
0.002772
0.002770
0.002770
0.002776
0.002786
0.002796
0.002801
0.002806
0.002811
0.002817
0.002817
0.002810
0.002796
0.002775
0.002753
0.002734
0.002725
0.002725
0.002726
0.002720
0.002705
0.002687
0.002672
0.002657
0.002640
0.002626
0.002621
0.002626
0.002631
0.002625
0.002606
0.002578
0.002550
0.002526
0.002511
0.002506
0.002508
0.002510
0.002508
0.002499
0.002485
0.002474
0.002470
0.002471
0.002474
0.002481
0.002492
0.002505
0.002512
0.002514
0.002520
0.002537
0.002558
0.002574
0.002581
0.002585
0.002587
0.002587
0.002583
0.002581
0.002587
0.002604
0.002626
0.002647
0.002667
0.002687
0.002711
0.002737
0.002768
0.002804
0.002839
0.002865
0.002879
0.002883
0.002881
0.002876
0.002865
0.002846
0.002826
0.002810
0.002792
0.002766
0.002732
0.002695
0.002658
0.002622
0.002586
0.002553
0.002527
0.002509
0.002502
0.002509
0.002523
0.002540
0.002556
0.002568
0.002573
0.002569
0.002560
0.002557
0.002569
0.002597
0.002633
0.002671
0.002703
0.002726
0.002743
0.002765
0.002794
0.002822
0.002840
0.002845
0.002847
0.002850
0.002850
0.002840
0.002822
0.002801
0.002779
0.002753
0.002722
0.002687
0.002652
0.002615
0.002574
0.002529
0.002488
0.002457
0.002436
0.002419
0.002407
0.002401
0.002404
0.002416
0.002437
0.002471
0.002514
0.002553
0.002573
0.002573
0.002561
0.002546
0.002532
0.002519
0.002515
0.002519
0.002528
0.002538
0.002548
0.002559
0.002567
0.002568
0.002562
0.002553
0.002547
0.002546
0.002544
0.002537
0.002521
0.002499
0.002481
0.002473
0.002478
0.002500
0.002534
0.002569
0.002589
0.002590
0.002581
0.002575
0.002575
0.002573
0.002565
0.002557
0.002553
0.002558
0.002570
0.002585
0.002595
0.002596
0.002589
0.002580
0.002571
0.002563
0.002555
0.002549
0.002549
0.002552
0.002554
0.002555
0.002560
0.002565
0.002564
0.002561
0.002567
0.002589
0.002620
0.002651
0.002682
0.002720
0.002768
0.002819
0.002871
0.002933
0.003013
0.003111
0.003221
0.003345
0.003489
0.003658
0.003847
0.004042
0.004225
0.004375
0.004475
0.004514
0.004484
0.004383
0.004223
0.004032
0.003839
0.003660
0.003498
0.003348
0.003213
0.003095
0.002998
0.002920
0.002861
0.002818
0.002791
0.002778
0.002776
0.002783
0.002792
0.002801
0.002814
0.002837
0.002878
0.002940
0.003016
0.003092
0.003159
0.003229
0.003320
0.003443
0.003592
0.003759
0.003938
0.004122
0.004298
0.004448
0.004561
0.004621
0.004615
0.004534
0.004387
0.004201
0.004002
0.003810
0.003634
0.003478
0.003344
0.003235
0.003156
0.003103
0.003064
0.003029
0.003000
0.002989
0.002994
0.003002
0.003003
0.003004
0.003021
0.003059
0.003113
0.003179
0.003253
0.003333
0.003414
0.003494
0.003576
0.003665
0.003764
0.003882
0.004031
0.004218
0.004444
0.004710
0.005027
0.005410
0.005874
0.006435
0.007109
0.007905
0.008816
0.009823
0.010896
0.011996
0.013053
0.013958
0.014581
0.014821
0.014635
0.014047
0.013134
0.012010
0.010807
0.009641
0.008592
0.007688
0.006930
0.006310
0.005817
0.005438
0.005149
0.004926
0.004746
0.004599
0.004487
0.004419
0.004396
0.004415
0.004468
0.004559
0.004702
0.004913
0.005191
0.005532
0.005944
0.006449
0.007069
0.007803
0.008638
0.009558
0.010553
0.011598
0.012628
0.013543
0.014226
0.014573
0.014517
0.014052
0.013235
0.012175
0.011000
0.009823
0.008723
0.007744
0.006907
0.006211
0.005643
0.005176
0.004784
0.004452
0.004175
0.003949
0.003761
0.003594
0.003440
0.003299
0.003182
0.003096
0.003046
0.003023
0.003012
0.003000
0.002987
0.002975
0.002967
0.002960
0.002954
0.002950
0.002944
0.002932
0.002911
0.002887
0.002869
0.002865
0.002875
0.002894
0.002917
0.002939
0.002961
0.002988
0.003023
0.003064
0.003108
0.003158
0.003221
0.003302
0.003405
0.003533
0.003685
0.003856
0.004044
0.004258
0.004511
0.004811
0.005156
0.005543
0.005971
0.006435
0.006920
0.007397
0.007837
0.008199
0.008436
0.008499
0.008369
0.008064
0.007639
0.007151
0.006650
0.006163
0.005709
0.005301
0.004949
0.004659
0.004431
0.004253
0.004113
0.004001
0.003924
0.003888
0.003887
0.003904
0.003926
0.003955
0.004003
0.004080
0.004193
0.004339
0.004514
0.004712
0.004938
0.005204
0.005522
0.005897
0.006328
0.006810
0.007326
0.007846
0.008329
0.008735
0.009025
0.009163
0.009127
0.008924
0.008595
0.008187
0.007746
0.007310
0.006922
0.006607
0.006368
0.006189
0.006062
0.005993
0.005993
0.006064
0.006202
0.006405
0.006679
0.007035
0.007488
0.008052
0.008735
0.009541
0.010459
0.011468
0.012529
0.013585
0.014560
0.015358
0.015869
0.016003
0.015728
0.015087
0.014178
0.013118
0.012015
0.010957
0.010008
0.009208
0.008560
0.008048
0.007648
0.007341
0.007113
0.006945
0.006814
0.006708
0.006625
0.006579
0.006575
0.006611
0.006685
0.006801
0.006963
0.007179
0.007458
0.007814
0.008267
0.008831
0.009508
0.010291
0.011170
0.012132
0.013157
0.014204
0.015205
0.016053
0.016630
0.016842
0.016652
0.016083
0.015215
0.014159
0.013037
0.011951
0.010966
0.010110
0.009389
0.008800
0.008332
0.007969
0.007690
0.007469
0.007287
0.007132
0.007006
0.006912
0.006850
0.006816
0.006808
0.006831
0.006893
0.006998
0.007149
0.007349
0.007602
0.007913
0.008283
0.008712
0.009195
0.009726
0.010300
0.010907
0.011526
0.012117
0.012641
0.013066
0.013373
0.013552
0.013603
0.013549
0.013422
0.013254
0.013067
0.012880
0.012710
0.012574
0.012482
0.012441
0.012453
0.012515
0.012617
0.012752
0.012920
0.013127
0.013375
0.013666
0.014006
0.014402
0.014857
0.015375
0.015962
0.016621
0.017342
0.018109
0.018911
0.019742
0.020581
0.021386
0.022100
0.022662
0.023021
0.023139
0.023002
0.022630
0.022072
0.021394
0.020662
0.019931
0.019239
0.018612
0.018075
0.017643
0.017318
0.017089
0.016937
0.016851
0.016829
0.016866
0.016961
0.017119
0.017340
0.017621
0.017954
0.018332
0.018749
0.019200
0.019684
0.020197
0.020733
0.021278
0.021809
0.022294
0.022695
0.022968
0.023074
0.022989
0.022709
0.022246
0.021628
0.020898
0.020108
0.019306
0.018537
0.017833
0.017209
0.016665
0.016197
0.015810
0.015504
0.015270
0.015092
0.014962
0.014878
0.014841
0.014839
0.014862
0.014904
0.014966
0.015053
0.015169
0.015320
0.015502
0.015714
0.015957
0.016243
0.016575
0.016942
0.017332
0.017736
0.018153
0.018574
0.018976
0.019313
0.019535
0.019599
0.019490
0.019221
0.018828
0.018352
0.017832
0.017303
0.016796
0.016335
0.015937
0.015607
0.015339
0.015120
0.014939
0.014792
0.014674
0.014579
0.014502
0.014443
0.014402
0.014375
0.014358
0.014353
0.014366
0.014394
0.014423
0.014444
0.014458
0.014471
0.014494
0.014533
0.014594
0.014676
0.014775
0.014878
0.014978
0.015074
0.015171
0.015265
0.015341
0.015371
0.015337
0.015235
0.015071
0.014857
0.014606
0.014335
0.014064
0.013814
0.013596
0.013418
0.013275
0.013163
0.013076
0.013004
0.012933
0.012853
0.012766
0.012687
0.012624
0.012572
0.012524
0.012477
0.012430
0.012374
0.012307
0.012232
0.012161
0.012094
0.012029
0.011966
0.011909
0.011857
0.011804
0.011753
0.011714
0.011690
0.011673
0.011649
0.011619
0.011589
0.011567
0.011555
0.011552
0.011554
0.011564
0.011584
0.011618
0.011661
0.011704
0.011741
0.011778
0.011820
0.011867
0.011916
0.011965
0.012011
0.012054
0.012101
0.012159
0.012228
0.012301
0.012379
0.012472
0.012593
0.012739
0.012900
0.013075
0.013270
0.013483
0.013701
0.013920
0.014143
0.014372
0.014606
0.014845
0.015100
0.015377
0.015674
0.015984
0.016309
0.016655
0.017019
0.017386
0.017749
0.018105
0.018461
0.018823
0.019199
0.019592
0.019998
0.020405
0.020804
0.021195
0.021584
0.021975
0.022370
0.022775
0.023198
0.023651
0.024144
0.024678
0.025242
0.025820
0.026399
0.026977
0.027552
0.028122
0.028680
0.029226
0.029762
0.030289
0.030808
0.031318
0.031822
0.032326
0.032829
0.033331
0.033831
0.034325
0.034810
0.035278
0.035725
0.036147
0.036544
0.036918
0.037272
0.037608
0.037931
0.038242
0.038543
0.038841
0.039141
0.039446
0.039751
0.040054
0.040362
0.040687
0.041033
0.041392
0.041757
0.042122
0.042484
0.042838
0.043177
0.043489
0.043765
0.044003
0.044212
0.044404
0.044582
0.044738
0.044868
0.044974
0.045062
0.045130
0.045175
0.045205
0.045235
0.045279
0.045337
0.045407
0.045482
0.045560
0.045641
0.045733
0.045844
0.045972
0.046114
0.046270
0.046443
0.046634
0.046833
0.047036
0.047250
0.047478
0.047715
0.047953
0.048196
0.048455
0.048731
0.049015
0.049298
0.049578
0.049850
0.050105
0.050341
0.050565
0.050781
0.050978
0.051150
0.051300
0.051440
0.051570
0.051688
0.051793
0.051892
0.051988
0.052079
0.052162
0.052240
0.052314
0.052384
0.052450
0.052513
0.052571
0.052623
0.052668
0.052709
0.052745
0.052767
0.052764
0.052735
0.052687
0.052628
0.052561
0.052484
0.052392
0.052287
0.052171
0.052043
0.051902
0.051751
0.051595
0.051437
0.051274
0.051099
0.050910
0.050709
0.050496
0.050273
0.050044
0.049813
0.049582
0.049350
0.049114
0.048867
0.048603
0.048324
0.048041
0.047763
0.047486
0.047199
0.046893
0.046568
0.046224
0.045861
0.045483
0.045099
0.044713
0.044319
0.043912
0.043492
0.043064
0.042624
0.042165
0.041687
0.041200
0.040710
0.040215
0.039710
0.039196
0.038675
0.038147
0.037608
0.037047
0.036464
0.035864
0.035264
0.034678
0.034110
0.033552
0.032996
0.032441
0.031889
0.031339
0.030790
0.030240
0.029692
0.029145
0.028593
0.028029
0.027456
0.026885
0.026322
0.025766
0.025216
0.024677
0.024152
0.023638
0.023124
0.022606
0.022086
0.021569
0.021054
0.020538
0.020024
0.019516
0.019017
0.018526
0.018044
0.017575
0.017117
0.016662
0.016211
0.015771
0.015351
0.014947
0.014554
0.014164
0.013777
0.013391
0.013006
0.012626
0.012261
0.011916
0.011589
0.011277
0.010976
0.010692
0.010423
0.010165
0.009910
0.009651
0.009387
0.009120
0.008857
0.008606
0.008377
0.008174
0.007991
0.007809
0.007616
0.007413
0.007216
0.007032
0.006862
0.006696
0.006538
0.006391
0.006257
0.006129
0.006001
0.005873
0.005751
0.005632
0.005511
0.005389
0.005274
0.005173
0.005083
0.004992
0.004898
0.004803
0.004713
0.004630
0.004553
0.004481
0.004413
0.004345
0.004273
0.004195
0.004111
0.004026
0.003946
0.003879
0.003825
0.003776
0.003729
0.003690
0.003664
0.003645
0.003620
0.003577
0.003520
0.003456
0.003391
0.003329
0.003271
0.003222
0.003183
0.003151
0.003121
0.003091
0.003058
0.003020
0.002980
0.002942
0.002911
0.002890
0.002874
0.002855
0.002829
0.002796
0.002763
0.002733
0.002704
0.002675
0.002640
0.002599
0.002555
0.002514
0.002486
0.002471
0.002465
0.002458
0.002448
0.002433
0.002417
0.002403
0.002396
0.002395
0.002397
0.002395
0.002388
0.002376
0.002359
0.002339
0.002316
0.002296
0.002283
0.002277
0.002274
0.002267
0.002253
0.002231
0.002203
0.002170
0.002137
0.002109
0.002091
0.002084
0.002084
0.002083
0.002081
0.002081
0.002086
0.002093
0.002098
0.002096
0.002088
0.002072
0.002053
0.002033
0.002020
0.002018
0.002029
0.002047
0.002063
0.002067
0.002055
0.002033
0.002010
0.001991
0.001976
0.001965
0.001959
0.001954
0.001944
0.001926
0.001911
0.001905
0.001905
0.001898
0.001882
0.001863
0.001851
0.001847
0.001848
0.001852
0.001854
0.001850
0.001838
0.001821
0.001809
0.001807
0.001813
0.001822
0.001832
0.001840
0.001847
0.001852
0.001857
0.001860
0.001861
0.001862
0.001870
0.001885
0.001901
0.001906
0.001900
0.001891
0.001884
0.001882
0.001882
0.001883
0.001884
0.001882
0.001876
0.001870
0.001866
0.001863
0.001861
0.001862
0.001866
0.001869
0.001864
0.001853
0.001845
0.001846
0.001855
0.001865
0.001870
0.001868
0.001858
0.001839
0.001814
0.001788
0.001770
0.001765
0.001773
0.001793
0.001821
0.001851
0.001873
0.001878
0.001867
0.001846
0.001822
0.001797
0.001777
0.001765
0.001761
0.001755
0.001744
0.001736
0.001741
0.001756
0.001768
0.001768
0.001763
0.001759
0.001757
0.001753
0.001747
0.001744
0.001744
0.001742
0.001738
0.001729
0.001716
0.001702
0.001694
0.001695
0.001699
0.001696
0.001684
0.001673
0.001676
0.001693
0.001715
0.001728
0.001725
0.001712
0.001699
0.001688
0.001673
0.001650
0.001630
0.001621
0.001621
0.001619
0.001608
0.001594
0.001581
0.001571
0.001562
0.001556
0.001552
0.001545
0.001537
0.001534
0.001538
0.001543
0.001547
0.001554
0.001567
0.001579
0.001581
0.001575
0.001568
0.001562
0.001555
0.001544
0.001534
0.001532
0.001542
0.001559
0.001571
0.001572
0.001564
0.001557
0.001553
0.001550
0.001539
0.001522
0.001503
0.001488
0.001479
0.001472
0.001465
0.001453
0.001437
0.001426
0.001425
0.001432
0.001435
0.001432
0.001422
0.001404
0.001382
0.001359
0.001342
0.001330
0.001322
0.001321
0.001333
0.001361
0.001394
0.001419
0.001431
0.001432
0.001426
0.001418
0.001411
0.001408
0.001404
0.001397
0.001388
0.001376
0.001361
0.001344
0.001329
0.001318
0.001306
0.001289
0.001273
0.001265
0.001267
0.001272
0.001274
0.001274
0.001276
0.001282
0.001290
0.001297
0.001300
0.001302
0.001306
0.001309
0.001305
0.001285
0.001254
0.001226
0.001214
0.001220
0.001231
0.001238
0.001235
0.001228
0.001223
0.001221
0.001223
0.001228
0.001232
0.001231
0.001223
0.001216
0.001211
0.001208
0.001202
0.001193
0.001189
0.001196
0.001212
0.001230
0.001242
0.001242
0.001235
0.001228
0.001224
0.001223
0.001224
0.001230
0.001244
0.001258
0.001261
0.001250
0.001232
0.001218
0.001209
0.001201
0.001192
0.001181
0.001172
0.001164
0.001158
0.001155
0.001156
0.001158
0.001161
0.001168
0.001180
0.001199
0.001223
0.001248
0.001267
0.001275
0.001271
0.001260
0.001249
0.001247
0.001253
0.001261
0.001267
0.001269
0.001275
0.001289
0.001307
0.001324
0.001336
0.001343
0.001345
0.001342
0.001332
0.001317
0.001300
0.001284
0.001273
0.001268
0.001265
0.001258
0.001245
0.001230
0.001220
0.001219
0.001223
0.001222
0.001210
0.001193
0.001184
0.001192
0.001212
0.001231
0.001246
0.001260
0.001272
0.001276
0.001267
0.001249
0.001228
0.001209
0.001193
0.001183
0.001180
0.001184
0.001192
0.001196
0.001194
0.001190
0.001189
0.001196
0.001205
0.001209
0.001203
0.001189
0.001169
0.001147
0.001127
0.001113
0.001107
0.001108
0.001113
0.001118
0.001122
0.001122
0.001117
0.001110
0.001107
0.001113
0.001127
0.001147
0.001168
0.001186
0.001200
0.001211
0.001220
0.001229
0.001237
0.001242
0.001244
0.001243
0.001237
0.001224
0.001203
0.001179
0.001155
0.001133
0.001113
0.001096
0.001080
0.001069
0.001065
0.001069
0.001079
0.001087
0.001091
0.001094
0.001103
0.001117
0.001128
0.001127
0.001113
0.001092
0.001073
0.001065
0.001073
0.001092
0.001112
0.001125
0.001131
0.001136
0.001142
0.001151
0.001160
0.001165
0.001160
0.001142
0.001117
0.001100
0.001104
0.001123
0.001146
0.001160
0.001163
0.001160
0.001155
0.001147
0.001137
0.001126
0.001118
0.001115
0.001112
0.001110
0.001108
0.001108
0.001106
0.001101
0.001100
0.001106
0.001113
0.001113
0.001106
0.001098
0.001091
0.001079
0.001062
0.001047
0.001041
0.001040
0.001043
0.001054
0.001079
0.001113
0.001146
0.001164
0.001168
0.001162
0.001157
0.001157
0.001160
0.001158
0.001150
0.001141
0.001137
0.001139
0.001141
0.001142
0.001138
0.001130
0.001120
0.001111
0.001105
0.001100
0.001091
0.001080
0.001072
0.001070
0.001072
0.001077
0.001086
0.001093
0.001093
0.001087
0.001081
0.001082
0.001089
0.001099
0.001110
0.001116
0.001112
0.001100
0.001089
0.001083
0.001082
0.001081
0.001083
0.001094
0.001114
0.001133
0.001142
0.001141
0.001133
0.001123
0.001118
0.001120
0.001127
0.001129
0.001119
0.001097
0.001074
0.001060
0.001059
0.001061
0.001063
0.001066
0.001070
0.001072
0.001065
0.001053
0.001043
0.001037
0.001030
0.001016
0.001001
0.000994
0.000994
0.000994
0.000988
0.000983
0.000985
0.000994
0.001001
0.001008
0.001016
0.001026
0.001032
0.001033
0.001035
0.001043
0.001053
0.001058
0.001056
0.001052
0.001054
0.001062
0.001073
0.001084
0.001093
0.001099
0.001102
0.001104
0.001104
0.001102
0.001103
0.001110
0.001118
0.001122
0.001121
0.001121
0.001126
0.001134
0.001140
0.001145
0.001150
0.001152
0.001145
0.001129
0.001107
0.001078
0.001042
0.001002
0.000969
0.000951
0.000949
0.000956
0.000967
0.000976
0.000981
0.000984
0.000983
0.000979
0.000974
0.000974
0.000984
0.001001
0.001020
0.001038
0.001050
0.001054
0.001047
0.001036
0.001027
0.001023
0.001014
0.000997
0.000981
0.000973
0.000971
0.000967
0.000960
0.000953
0.000954
0.000964
0.000984
0.001009
0.001036
0.001055
0.001064
0.001068
0.001074
0.001085
0.001095
0.001095
0.001080
0.001060
0.001051
0.001060
0.001078
0.001096
0.001110
0.001122
0.001132
0.001134
0.001124
0.001102
0.001074
0.001047
0.001029
0.001025
0.001031
0.001040
0.001048
0.001057
0.001067
0.001075
0.001074
0.001065
0.001054
0.001047
0.001047
0.001052
0.001059
0.001069
0.001081
0.001091
0.001095
0.001091
0.001085
0.001076
0.001065
0.001053
0.001049
0.001054
0.001064
0.001070
0.001076
0.001085
0.001097
0.001098
0.001088
0.001075
0.001069
0.001070
0.001070
0.001070
0.001077
0.001090
0.001099
0.001094
0.001071
0.001043
0.001027
0.001033
0.001057
0.001086
0.001108
0.001121
0.001122
0.001115
0.001102
0.001087
0.001070
0.001051
0.001032
0.001018
0.001014
0.001016
0.001020
0.001020
0.001019
0.001021
0.001026
0.001031
0.001035
0.001037
0.001040
0.001044
0.001042
0.001030
0.001016
0.001008
0.001013
0.001026
0.001040
0.001050
0.001055
0.001057
0.001063
0.001072
0.001081
0.001085
0.001082
0.001075
0.001063
0.001050
0.001039
0.001040
0.001055
0.001078
0.001097
0.001104
0.001102
0.001093
0.001080
0.001066
0.001051
0.001036
0.001024
0.001019
0.001023
0.001031
0.001036
0.001039
0.001040
0.001042
0.001042
0.001038
0.001032
0.001025
0.001020
0.001022
0.001033
0.001047
0.001060
0.001071
0.001085
0.001098
0.001102
0.001093
0.001079
0.001072
0.001075
0.001081
0.001081
0.001074
0.001067
0.001067
0.001072
0.001077
0.001080
0.001077
0.001068
0.001053
0.001041
0.001039
0.001049
0.001060
0.001066
0.001067
0.001069
0.001073
0.001076
0.001078
0.001076
0.001068
0.001051
0.001030
0.001009
0.000988
0.000966
0.000947
0.000943
0.000955
0.000974
0.000992
0.001006
0.001020
0.001034
0.001045
0.001052
0.001058
0.001062
0.001065
0.001065
0.001059
0.001044
0.001026
0.001018
0.001026
0.001043
0.001055
0.001057
0.001054
0.001053
0.001053
0.001051
0.001046
0.001042
0.001044
0.001049
0.001052
0.001047
0.001034
0.001020
0.001014
0.001021
0.001038
0.001062
0.001087
0.001107
0.001113
0.001102
0.001078
0.001052
0.001034
0.001028
0.001033
0.001044
0.001057
0.001068
0.001075
0.001077
0.001075
0.001070
0.001062
0.001056
0.001055
0.001060
0.001066
0.001071
0.001076
0.001082
0.001086
0.001083
0.001073
0.001063
0.001058
0.001053
0.001040
0.001022
0.001008
0.001004
0.001010
0.001023
0.001037
0.001045
0.001044
0.001038
0.001032
0.001027
0.001024
0.001022
0.001024
0.001030
0.001039
0.001052
0.001064
0.001074
0.001077
0.001075
0.001070
0.001060
0.001049
0.001047
0.001055
0.001067
0.001073
0.001069
0.001061
0.001050
0.001039
0.001029
0.001030
0.001041
0.001054
0.001059
0.001055
0.001046
0.001039
0.001035
0.001035
0.001032
0.001021
0.001003
0.000992
0.000995
0.001010
0.001023
0.001024
0.001012
0.000998
0.000993
0.001002
0.001013
0.001019
0.001018
0.001019
0.001028
0.001036
0.001034
0.001024
0.001014
0.001006
0.000999
0.000995
0.000996
0.001003
0.001011
0.001014
0.001015
0.001017
0.001023
0.001030
0.001032
0.001027
0.001013
0.000992
0.000965
0.000940
0.000927
0.000927
0.000932
0.000934
0.000937
0.000950
0.000973
0.000995
0.001008
0.001012
0.001012
0.001008
0.001000
0.000991
0.000986
0.000987
0.000991
0.000999
0.001010
0.001020
0.001021
0.001015
0.001010
0.001017
0.001032
0.001049
0.001060
0.001061
0.001052
0.001042
0.001035
0.001034
0.001034
0.001030
0.001023
0.001014
0.001004
0.000995
0.000992
0.000993
0.000996
0.000999
0.001005
0.001018
0.001033
0.001040
0.001036
0.001026
0.001020
0.001023
0.001033
0.001044
0.001054
0.001062
0.001071
0.001081
0.001087
0.001087
0.001083
0.001073
0.001058
0.001036
0.001014
0.001000
0.000999
0.001010
0.001026
0.001034
0.001028
0.001012
0.000999
0.000996
0.001001
0.001003
0.001001
0.001006
0.001025
0.001049
0.001062
0.001060
0.001049
0.001041
0.001040
0.001041
0.001041
0.001038
0.001031
0.001021
0.001009
0.001000
0.000992
0.000982
0.000969
0.000955
0.000947
0.000949
0.000958
0.000971
0.000983
0.000995
0.001012
0.001034
0.001053
0.001064
0.001065
0.001062
0.001061
0.001057
0.001047
0.001033
0.001025
0.001023
0.001025
0.001026
0.001027
0.001028
0.001023
0.001011
0.000997
0.000992
0.000999
0.001013
0.001022
0.001022
0.001012
0.000994
0.000972
0.000954
0.000945
0.000948
0.000959
0.000972
0.000982
0.000987
0.000987
0.000983
0.000974
0.000963
0.000958
0.000964
0.000979
0.000998
0.001014
0.001027
0.001034
0.001037
0.001036
0.001031
0.001021
0.001006
0.000992
0.000980
0.000974
0.000973
0.000978
0.000989
0.000999
0.001003
0.001001
0.000999
0.000995
0.000985
0.000967
0.000955
0.000958
0.000974
0.000988
0.000994
0.000994
0.000996
0.000997
0.000992
0.000979
0.000969
0.000969
0.000978
0.000988
0.000989
0.000981
0.000970
0.000962
0.000958
0.000958
0.000963
0.000975
0.000994
0.001012
0.001023
0.001022
0.001013
0.001003
0.000992
0.000980
0.000967
0.000959
0.000960
0.000969
0.000979
0.000986
0.000988
0.000988
0.000991
0.000997
0.001006
0.001015
0.001022
0.001028
0.001034
0.001035
0.001030
0.001025
0.001027
0.001038
0.001049
0.001057
0.001060
0.001058
0.001050
0.001036
0.001020
0.001007
0.000997
0.000992
0.000994
0.001003
0.001012
0.001014
0.001008
0.000998
0.000987
0.000978
0.000974
0.000979
0.000990
0.000994
0.000985
0.000966
0.000946
0.000931
0.000919
0.000911
0.000906
0.000907
0.000912
0.000917
0.000919
0.000919
0.000921
0.000928
0.000941
0.000956
0.000970
0.000981
0.000988
0.000995
0.001003
0.001010
0.001006
0.000990
0.000970
0.000961
0.000971
0.000994
0.001020
0.001043
0.001058
0.001063
0.001061
0.001060
0.001065
0.001075
0.001085
0.001090
0.001092
0.001091
0.001085
0.001072
0.001059
0.001049
0.001043
0.001037
0.001028
0.001019
0.001012
0.001011
0.001013
0.001013
0.001008
0.001002
0.000997
0.000996
0.000994
0.000991
0.000987
0.000988
0.000997
0.001011
0.001023
0.001026
0.001017
0.001002
0.000988
0.000976
0.000962
0.000943
0.000924
0.000914
0.000916
0.000928
0.000946
0.000965
0.000982
0.000991
0.000991
0.000986
0.000986
0.000998
0.001018
0.001033
0.001031
0.001010
0.000984
0.000968
0.000971
0.000990
0.001014
0.001031
0.001036
0.001033
0.001030
0.001031
0.001031
0.001024
0.001012
0.001003
0.001002
0.001005
0.001005
0.001002
0.000999
0.000997
0.000991
0.000983
0.000974
0.000969
0.000970
0.000975
0.000983
0.000991
0.000997
0.001003
0.001009
0.001015
0.001018
0.001020
0.001021
0.001020
0.001016
0.001014
0.001020
0.001038
0.001062
0.001081
0.001088
0.001088
0.001089
0.001096
0.001105
0.001106
0.001098
0.001091
0.001087
0.001083
0.001075
0.001064
0.001056
0.001050
0.001039
0.001022
0.001005
0.000992
0.000979
0.000963
0.000948
0.000941
0.000944
0.000954
0.000963
0.000969
0.000972
0.000972
0.000969
0.000967
0.000965
0.000966
0.000968
0.000968
0.000961
0.000948
0.000942
0.000949
0.000967
0.000983
0.000993
0.001001
0.001014
0.001029
0.001044
0.001053
0.001056
0.001056
0.001059
0.001063
0.001061
0.001053
0.001043
0.001039
0.001042
0.001049
0.001057
0.001065
0.001068
0.001058
0.001039
0.001024
0.001019
0.001020
0.001018
0.001009
0.000994
0.000976
0.000960
0.000953
0.000955
0.000961
0.000967
0.000975
0.000990
0.001007
0.001020
0.001031
0.001042
0.001044
0.001027
0.000995
0.000967
0.000954
0.000949
0.000942
0.000933
0.000929
0.000935
0.000949
0.000970
0.000991
0.001005
0.001009
0.001013
0.001021
0.001029
0.001029
0.001019
0.001004
0.000987
0.000971
0.000958
0.000954
0.000955
0.000955
0.000952
0.000952
0.000956
0.000956
0.000944
0.000927
0.000919
0.000925
0.000942
0.000964
0.000990
0.001013
0.001022
0.001014
0.001000
0.000994
0.000999
0.001003
0.000998
0.000992
0.000996
0.001007
0.001010
0.000998
0.000981
0.000972
0.000975
0.000981
0.000982
0.000980
0.000982
0.000988
0.000992
0.000991
0.000988
0.000990
0.000995
0.000996
0.000989
0.000972
0.000953
0.000938
0.000934
0.000940
0.000951
0.000961
0.000962
0.000958
0.000953
0.000956
0.000969
0.000985
0.000991
0.000982
0.000964
0.000947
0.000936
0.000927
0.000918
0.000913
0.000918
0.000928
0.000936
0.000938
0.000937
0.000936
0.000935
0.000938
0.000947
0.000963
0.000979
0.000991
0.001000
0.001007
0.001013
0.001017
0.001023
0.001030
0.001033
0.001033
0.001038
0.001049
0.001062
0.001068
0.001070
0.001073
0.001079
0.001082
0.001076
0.001058
0.001033
0.001002
0.000971
0.000945
0.000928
0.000926
0.000933
0.000939
0.000934
0.000926
0.000930
0.000951
0.000980
0.001001
0.001011
0.001012
0.001010
0.001008
0.001013
0.001028
0.001044
0.001049
0.001038
0.001020
0.001005
0.000998
0.001000
0.001008
0.001017
0.001016
0.001001
0.000981
0.000966
0.000959
0.000957
0.000959
0.000963
0.000967
0.000966
0.000961
0.000958
0.000963
0.000976
0.000997
0.001026
0.001057
0.001080
0.001086
0.001078
0.001067
0.001060
0.001058
0.001054
0.001044
0.001034
0.001026
0.001020
0.001011
0.000999
0.000989
0.000987
0.000990
0.000988
0.000975
0.000954
0.000934
0.000929
0.000941
0.000964
0.000984
0.000996
0.000999
0.001002
0.001008
0.001022
0.001045
0.001072
0.001090
0.001092
0.001080
0.001067
0.001057
0.001053
0.001051
0.001054
0.001065
0.001078
0.001085
0.001082
0.001069
0.001053
0.001045
0.001048
0.001061
0.001081
0.001101
0.001117
0.001127
0.001128
0.001122
0.001107
0.001082
0.001050
0.001022
0.001008
0.001009
0.001016
0.001025
0.001032
0.001038
0.001038
0.001033
0.001029
0.001035
0.001048
0.001058
0.001058
0.001050
0.001045
0.001044
0.001038
0.001025
0.001014
0.001013
0.001023
0.001032
0.001029
0.001017
0.001002
0.000987
0.000978
0.000978
0.000986
0.000995
0.001000
0.001004
0.001010
0.001015
0.001016
0.001013
0.001010
0.001007
0.001001
0.000994
0.000990
0.000992
0.000992
0.000986
0.000972
0.000960
0.000955
0.000957
0.000962
0.000966
0.000970
0.000973
0.000976
0.000979
0.000985
0.000993
0.000999
0.000994
0.000978
0.000958
0.000944
0.000938
0.000938
0.000946
0.000965
0.000994
0.001026
0.001049
0.001053
0.001041
0.001018
0.000994
0.000970
0.000953
0.000946
0.000955
0.000976
0.000996
0.001005
0.001007
0.001011
0.001019
0.001026
0.001031
0.001036
0.001042
0.001050
0.001057
0.001065
0.001072
0.001070
0.001053
0.001030
0.001011
0.001002
0.000999
0.001000
0.001003
0.001009
0.001013
0.001010
0.001001
0.000991
0.000989
0.000997
0.001009
0.001020
0.001029
0.001037
0.001046
0.001052
0.001055
0.001059
0.001070
0.001081
0.001088
0.001087
0.001084
0.001086
0.001092
0.001101
0.001109
0.001113
0.001113
0.001111
0.001109
0.001102
0.001086
0.001064
0.001042
0.001027
0.001021
0.001022
0.001027
0.001026
0.001016
0.001000
0.000993
0.001006
0.001034
0.001063
0.001087
0.001100
0.001104
0.001099
0.001089
0.001080
0.001073
0.001066
0.001061
0.001061
0.001063
0.001062
0.001051
0.001034
0.001018
0.001006
0.000996
0.000990
0.000989
0.000995
0.001006
0.001017
0.001026
0.001028
0.001023
0.001011
0.000999
0.000995
0.000999
0.001004
0.001000
0.000986
0.000965
0.000949
0.000946
0.000951
0.000958
0.000963
0.000966
0.000973
0.000983
0.000993
0.001001
0.001012
0.001026
0.001039
0.001046
0.001047
0.001044
0.001035
0.001020
0.001003
0.000996
0.001001
0.001015
0.001030
0.001039
0.001043
0.001043
0.001042
0.001040
0.001038
0.001035
0.001030
0.001026
0.001029
0.001037
0.001042
0.001039
0.001031
0.001027
0.001030
0.001034
0.001036
0.001037
0.001038
0.001035
0.001027
0.001016
0.001010
0.001013
0.001021
0.001026
0.001021
0.001010
0.001000
0.000996
0.000996
0.000997
0.000999
0.001010
0.001032
0.001060
0.001082
0.001089
0.001085
0.001076
0.001069
0.001066
0.001067
0.001069
0.001066
0.001050
0.001019
0.000986
0.000971
0.000980
0.001004
0.001023
0.001029
0.001025
0.001024
0.001029
0.001035
0.001036
0.001032
0.001030
0.001037
0.001051
0.001066
0.001075
0.001077
0.001075
0.001073
0.001073
0.001071
0.001061
0.001043
0.001021
0.001003
0.000996
0.000996
0.000998
0.000998
0.000996
0.000995
0.000996
0.000997
0.001004
0.001022
0.001048
0.001072
0.001088
0.001093
0.001087
0.001070
0.001044
0.001017
0.001002
0.001008
0.001032
0.001065
0.001091
0.001105
0.001106
0.001101
0.001101
0.001107
0.001116
0.001118
0.001109
0.001090
0.001072
0.001060
0.001052
0.001039
0.001015
0.000987
0.000964
0.000955
0.000957
0.000967
0.000979
0.000985
0.000984
0.000979
0.000975
0.000971
0.000967
0.000963
0.000964
0.000969
0.000974
0.000978
0.000983
0.000992
0.001001
0.001006
0.001008
0.001009
0.001010
0.001009
0.001007
0.001006
0.001004
0.001001
0.001001
0.001011
0.001030
0.001046
0.001050
0.001041
0.001026
0.001013
0.001004
0.000998
0.000995
0.000998
0.001007
0.001016
0.001019
0.001019
0.001021
0.001024
0.001019
0.001003
0.000988
0.000989
0.001013
0.001048
0.001077
0.001091
0.001095
0.001100
0.001111
0.001124
0.001130
0.001126
0.001115
0.001102
0.001093
0.001093
0.001103
0.001120
0.001129
0.001123
0.001105
0.001086
0.001074
0.001069
0.001067
0.001064
0.001058
0.001047
0.001033
0.001023
0.001021
0.001024
0.001026
0.001024
0.001020
0.001018
0.001017
0.001015
0.001008
0.000997
0.000987
0.000983
0.000984
0.000987
0.000990
0.000993
0.001000
0.001008
0.001013
0.001016
0.001019
0.001024
0.001026
0.001021
0.001011
0.001002
0.000999
0.001003
0.001011
0.001025
0.001040
0.001049
0.001050
0.001049
0.001051
0.001057
0.001061
0.001059
0.001049
0.001037
0.001027
0.001020
0.001020
0.001024
0.001024
0.001018
0.001008
0.001003
0.001005
0.001011
0.001016
0.001018
0.001020
0.001026
0.001033
0.001031
0.001016
0.000996
0.000983
0.000983
0.000992
0.001003
0.001015
0.001032
0.001056
0.001081
0.001098
0.001100
0.001086
0.001066
0.001053
0.001055
0.001068
0.001081
0.001086
0.001080
0.001070
0.001063
0.001062
0.001064
0.001061
0.001054
0.001048
0.001044
0.001040
0.001035
0.001034
0.001039
0.001045
0.001043
0.001035
0.001031
0.001038
0.001052
0.001060
0.001062
0.001063
0.001064
0.001061
0.001053
0.001039
0.001027
0.001017
0.001009
0.001003
0.001000
0.000998
0.000992
0.000978
0.000961
0.000951
0.000952
0.000962
0.000975
0.000986
0.000998
0.001008
0.001011
0.001005
0.000992
0.000981
0.000978
0.000983
0.000995
0.001012
0.001031
0.001047
0.001058
0.001063
0.001069
0.001076
0.001083
0.001083
0.001071
0.001051
0.001032
0.001023
0.001031
0.001051
0.001074
0.001089
0.001091
0.001084
0.001074
0.001063
0.001052
0.001045
0.001043
0.001046
0.001050
0.001050
0.001047
0.001042
0.001041
0.001043
0.001043
0.001030
0.001003
0.000972
0.000951
0.000944
0.000950
0.000963
0.000976
0.000980
0.000976
0.000969
0.000970
0.000975
0.000975
0.000969
0.000966
0.000972
0.000978
0.000972
0.000959
0.000950
0.000954
0.000963
0.000967
0.000964
0.000955
0.000947
0.000947
0.000954
0.000958
0.000953
0.000940
0.000924
0.000909
0.000894
0.000880
0.000876
0.000886
0.000907
0.000931
0.000950
0.000961
0.000961
0.000956
0.000952
0.000950
0.000948
0.000946
0.000949
0.000959
0.000968
0.000978
0.000994
0.001021
0.001048
0.001061
0.001055
0.001039
0.001024
0.001009
0.000991
0.000971
0.000956
0.000951
0.000957
0.000967
0.000976
0.000984
0.000993
0.001005
0.001017
0.001026
0.001031
0.001032
0.001032
0.001030
0.001030
0.001033
0.001038
0.001041
0.001036
0.001021
0.000998
0.000982
0.000979
0.000983
0.000979
0.000956
0.000924
0.000900
0.000893
0.000904
0.000927
0.000957
0.000984
0.001004
0.001017
0.001027
0.001033
0.001031
0.001025
0.001022
0.001028
0.001037
0.001038
0.001033
0.001028
0.001025
0.001020
0.001015
0.001013
0.001021
0.001035
0.001048
0.001056
0.001063
0.001074
0.001085
0.001090
0.001081
0.001062
0.001042
0.001028
0.001018
0.001011
0.001008
0.001013
0.001023
0.001034
0.001045
0.001056
0.001070
0.001084
0.001094
0.001100
0.001103
0.001105
0.001105
0.001099
0.001093
0.001090
0.001093
0.001094
0.001084
0.001063
0.001039
0.001021
0.001010
0.001005
0.001008
0.001018
0.001027
0.001032
0.001035
0.001041
0.001047
0.001047
0.001038
0.001027
0.001018
0.001011
0.001002
0.000994
0.000991
0.000995
0.001003
0.001013
0.001027
0.001042
0.001054
0.001057
0.001053
0.001044
0.001031
0.001017
0.001005
0.000999
0.000996
0.000995
0.000996
0.000998
0.000994
0.000982
0.000965
0.000955
0.000956
0.000963
0.000969
0.000971
0.000971
0.000973
0.000978
0.000987
0.000997
0.001007
0.001015
0.001021
0.001022
0.001016
0.001005
0.000996
0.000990
0.000988
0.000988
0.000992
0.001003
0.001018
0.001034
0.001048
0.001060
0.001069
0.001072
0.001069
0.001064
0.001061
0.001060
0.001061
0.001061
0.001057
0.001048
0.001038
0.001031
0.001029
0.001028
0.001024
0.001016
0.001004
0.000991
0.000979
0.000974
0.000974
0.000974
0.000968
0.000956
0.000947
0.000946
0.000951
0.000955
0.000955
0.000951
0.000947
0.000944
0.000941
0.000939
0.000939
0.000943
0.000951
0.000963
0.000976
0.000989
0.000999
0.001006
0.001005
0.000998
0.000987
0.000974
0.000963
0.000954
0.000952
0.000958
0.000970
0.000980
0.000983
0.000973
0.000953
0.000925
0.000897
0.000875
0.000863
0.000860
0.000867
0.000881
0.000901
0.000923
0.000945
0.000964
0.000979
0.000986
0.000985
0.000981
0.000982
0.000993
0.001013
0.001033
0.001048
0.001053
0.001049
0.001041
0.001034
0.001034
0.001039
0.001044
0.001050
0.001060
0.001077
0.001093
0.001096
0.001080
0.001058
0.001046
0.001051
0.001067
0.001079
0.001081
0.001074
0.001060
0.001041
0.001026
0.001020
0.001023
0.001029
0.001036
0.001041
0.001043
0.001040
0.001037
0.001044
0.001062
0.001079
0.001081
0.001069
0.001056
0.001050
0.001047
0.001042
0.001040
0.001045
0.001054
0.001057
0.001049
0.001034
0.001016
0.000998
0.000985
0.000979
0.000981
0.000983
0.000980
0.000969
0.000958
0.000951
0.000950
0.000951
0.000953
0.000955
0.000958
0.000960
0.000962
0.000964
0.000967
0.000970
0.000971
0.000973
0.000972
0.000967
0.000953
0.000938
0.000929
0.000932
0.000943
0.000958
0.000975
0.000994
0.001012
0.001024
0.001029
0.001028
0.001022
0.001015
0.001008
0.001001
0.000993
0.000984
0.000971
0.000950
0.000925
0.000902
0.000892
0.000894
0.000902
0.000909
0.000915
0.000925
0.000934
0.000940
0.000939
0.000935
0.000934
0.000937
0.000942
0.000949
0.000954
0.000958
0.000962
0.000972
0.000988
0.001006
0.001019
0.001025
0.001024
0.001022
0.001026
0.001040
0.001056
0.001060
0.001050
0.001033
0.001022
0.001021
0.001027
0.001035
0.001046
0.001060
0.001071
0.001072
0.001060
0.001040
0.001019
0.001004
0.000993
0.000979
0.000958
0.000934
0.000920
0.000924
0.000940
0.000958
0.000971
0.000980
0.000989
0.000996
0.000996
0.000989
0.000979
0.000966
0.000952
0.000939
0.000931
0.000932
0.000938
0.000945
0.000949
0.000944
0.000928
0.000905
0.000888
0.000892
0.000916
0.000947
0.000968
0.000976
0.000973
0.000967
0.000963
0.000966
0.000974
0.000984
0.000992
0.001003
0.001020
0.001040
0.001054
0.001058
0.001057
0.001055
0.001050
0.001038
0.001021
0.001003
0.000992
0.000990
0.000993
0.000996
0.000994
0.000985
0.000969
0.000950
0.000934
0.000932
0.000949
0.000985
0.001030
0.001073
0.001106
0.001122
0.001123
0.001112
0.001094
0.001071
0.001047
0.001031
0.001027
0.001031
0.001034
0.001034
0.001033
0.001039
0.001049
0.001057
0.001058
0.001051
0.001035
0.001014
0.000994
0.000986
0.000990
0.001000
0.001013
0.001025
0.001032
0.001030
0.001018
0.001005
0.000999
0.000994
0.000985
0.000970
0.000959
0.000956
0.000959
0.000959
0.000962
0.000972
0.000985
0.000990
0.000982
0.000970
0.000963
0.000964
0.000971
0.000979
0.000985
0.000983
0.000972
0.000959
0.000954
0.000962
0.000975
0.000987
0.000993
0.000996
0.000998
0.000999
0.001000
0.001005
0.001012
0.001022
0.001031
0.001038
0.001038
0.001032
0.001024
0.001020
0.001016
0.001009
0.001002
0.001005
0.001022
0.001044
0.001061
0.001070
0.001073
0.001073
0.001070
0.001067
0.001067
0.001068
0.001062
0.001049
0.001034
0.001022
0.001014
0.001010
0.001008
0.001009
0.001012
0.001016
0.001021
0.001025
0.001026
0.001027
0.001033
0.001048
0.001070
0.001088
0.001093
0.001078
0.001047
0.001013
0.000990
0.000982
0.000985
0.000996
0.001012
0.001023
0.001019
0.000997
0.000973
0.000964
0.000974
0.000999
0.001034
0.001072
0.001104
0.001116
0.001112
0.001107
0.001111
0.001118
0.001118
0.001109
0.001097
0.001080
0.001060
0.001037
0.001022
0.001020
0.001029
0.001039
0.001041
0.001039
0.001037
0.001041
0.001047
0.001049
0.001047
0.001044
0.001046
0.001053
0.001064
0.001078
0.001092
0.001099
0.001096
0.001094
0.001099
0.001109
0.001118
0.001121
0.001122
0.001126
0.001129
0.001129
0.001125
0.001115
0.001104
0.001096
0.001091
0.001085
0.001074
0.001063
0.001062
0.001066
0.001066
0.001054
0.001035
0.001016
0.001002
0.000989
0.000980
0.000973
0.000964
0.000953
0.000942
0.000941
0.000949
0.000962
0.000980
0.001003
0.001025
0.001040
0.001042
0.001038
0.001037
0.001041
0.001050
0.001060
0.001068
0.001074
0.001079
0.001089
0.001103
0.001114
0.001113
0.001103
0.001091
0.001080
0.001067
0.001051
0.001035
0.001025
0.001020
0.001018
0.001018
0.001018
0.001014
0.001002
0.000985
0.000971
0.000961
0.000955
0.000953
0.000952
0.000952
0.000950
0.000948
0.000951
0.000959
0.000971
0.000986
0.001006
0.001030
0.001054
0.001074
0.001094
0.001113
0.001128
0.001134
0.001131
0.001119
0.001097
0.001070
0.001051
0.001047
0.001054
0.001062
0.001067
0.001070
0.001071
0.001073
0.001078
0.001087
0.001095
0.001088
0.001060
0.001025
0.000998
0.000985
0.000980
0.000976
0.000973
0.000975
0.000985
0.001000
0.001021
0.001043
0.001064
0.001080
0.001088
0.001087
0.001081
0.001073
0.001066
0.001061
0.001061
0.001067
0.001078
0.001087
0.001087
0.001080
0.001069
0.001060
0.001055
0.001057
0.001069
0.001092
0.001115
0.001126
0.001119
0.001098
0.001077
0.001066
0.001068
0.001076
0.001081
0.001077
0.001064
0.001049
0.001041
0.001043
0.001047
0.001045
0.001036
0.001025
0.001017
0.001012
0.001015
0.001025
0.001042
0.001060
0.001076
0.001089
0.001098
0.001095
0.001083
0.001070
0.001064
0.001062
0.001055
0.001042
0.001028
0.001018
0.001007
0.000993
0.000978
0.000967
0.000956
0.000944
0.000934
0.000932
0.000940
0.000956
0.000977
0.000998
0.001009
0.001005
0.000990
0.000981
0.000986
0.000998
0.001001
0.000991
0.000976
0.000972
0.000982
0.001000
0.001015
0.001017
0.001011
0.001005
0.001007
0.001017
0.001024
0.001021
0.001011
0.001000
0.000991
0.000984
0.000979
0.000982
0.000999
0.001026
0.001056
0.001080
0.001092
0.001094
0.001090
0.001088
0.001093
0.001103
0.001111
0.001115
0.001116
0.001120
0.001123
0.001123
0.001114
0.001098
0.001077
0.001051
0.001024
0.001000
0.000986
0.000988
0.001003
0.001020
0.001030
0.001027
0.001020
0.001019
0.001032
0.001056
0.001079
0.001090
0.001087
0.001079
0.001072
0.001071
0.001075
0.001080
0.001084
0.001085
0.001081
0.001074
0.001067
0.001057
0.001046
0.001040
0.001043
0.001055
0.001066
0.001069
0.001065
0.001063
0.001072
0.001092
0.001112
0.001122
0.001120
0.001114
0.001109
0.001103
0.001091
0.001074
0.001061
0.001054
0.001053
0.001056
0.001063
0.001074
0.001081
0.001080
0.001075
0.001076
0.001083
0.001089
0.001087
0.001081
0.001077
0.001070
0.001053
0.001025
0.000997
0.000983
0.000985
0.000995
0.001006
0.001017
0.001031
0.001044
0.001055
0.001060
0.001059
0.001051
0.001035
0.001015
0.000995
0.000982
0.000977
0.000981
0.000989
0.000999
0.001012
0.001025
0.001036
0.001039
0.001034
0.001029
0.001028
0.001030
0.001034
0.001039
0.001046
0.001043
0.001020
0.000983
0.000951
0.000945
0.000964
0.000992
0.001018
0.001038
0.001053
0.001060
0.001057
0.001049
0.001039
0.001032
0.001029
0.001029
0.001032
0.001037
0.001039
0.001034
0.001024
0.001013
0.001009
0.001012
0.001013
0.001010
0.001007
0.001014
0.001030
0.001043
0.001046
0.001038
0.001028
0.001027
0.001036
0.001051
0.001064
0.001066
0.001059
0.001047
0.001038
0.001036
0.001044
0.001061
0.001082
0.001099
0.001105
0.001100
0.001090
0.001082
0.001082
0.001088
0.001095
0.001095
0.001091
0.001086
0.001085
0.001083
0.001078
0.001073
0.001069
0.001064
0.001055
0.001043
0.001034
0.001028
0.001025
0.001026
0.001032
0.001043
0.001055
0.001068
0.001082
0.001094
0.001102
0.001108
0.001117
0.001128
0.001135
0.001138
0.001141
0.001150
0.001161
0.001165
0.001155
0.001132
0.001103
0.001075
0.001056
0.001048
0.001047
0.001044
0.001038
0.001034
0.001037
0.001044
0.001052
0.001063
0.001078
0.001095
0.001105
0.001104
0.001092
0.001073
0.001052
0.001034
0.001023
0.001015
0.001007
0.000999
0.000996
0.001004
0.001021
0.001041
0.001057
0.001063
0.001059
0.001048
0.001039
0.001037
0.001040
0.001042
0.001043
0.001047
0.001052
0.001054
0.001054
0.001055
0.001057
0.001062
0.001067
0.001073
0.001077
0.001076
0.001069
0.001058
0.001048
0.001042
0.001039
0.001037
0.001031
0.001025
0.001025
0.001032
0.001040
0.001042
0.001042
0.001046
0.001053
0.001058
0.001058
0.001055
0.001052
0.001044
0.001032
0.001021
0.001014
0.001008
0.001001
0.000996
0.000999
0.001011
0.001026
0.001036
0.001033
0.001019
0.001001
0.000990
0.000989
0.000994
0.000998
0.001002
0.001012
0.001029
0.001052
0.001078
0.001105
0.001130
0.001148
0.001152
0.001141
0.001123
0.001112
0.001110
0.001115
0.001120
0.001125
0.001131
0.001135
0.001128
0.001106
0.001080
0.001064
0.001061
0.001069
0.001082
0.001101
0.001124
0.001147
0.001160
0.001162
0.001155
0.001144
0.001132
0.001117
0.001101
0.001087
0.001078
0.001070
0.001060
0.001049
0.001042
0.001041
0.001039
0.001034
0.001029
0.001029
0.001032
0.001031
0.001026
0.001025
0.001029
0.001033
0.001035
0.001038
0.001043
0.001050
0.001054
0.001057
0.001061
0.001066
0.001069
0.001069
0.001065
0.001059
0.001052
0.001044
0.001037
0.001035
0.001040
0.001054
0.001068
0.001072
0.001062
0.001045
0.001035
0.001035
0.001038
0.001033
0.001021
0.001009
0.001002
0.000998
0.000988
0.000975
0.000970
0.000978
0.000994
0.001007
0.001007
0.000997
0.000987
0.000986
0.000998
0.001020
0.001039
0.001047
0.001049
0.001052
0.001055
0.001047
0.001028
0.001006
0.000993
0.000993
0.001001
0.001012
0.001021
0.001027
0.001031
0.001035
0.001036
0.001030
0.001020
0.001013
0.001017
0.001028
0.001039
0.001046
0.001050
0.001055
0.001059
0.001064
0.001064
0.001058
0.001044
0.001032
0.001026
0.001029
0.001040
0.001058
0.001079
0.001093
0.001097
0.001097
0.001094
0.001084
0.001064
0.001042
0.001032
0.001033
0.001038
0.001038
0.001039
0.001043
0.001049
0.001054
0.001057
0.001056
0.001052
0.001043
0.001038
0.001043
0.001058
0.001074
0.001084
0.001084
0.001077
0.001070
0.001070
0.001078
0.001088
0.001091
0.001087
0.001082
0.001083
0.001091
0.001099
0.001101
0.001097
0.001092
0.001092
0.001094
0.001091
0.001079
0.001064
0.001052
0.001045
0.001036
0.001022
0.001005
0.000991
0.000983
0.000982
0.000987
0.001001
0.001022
0.001042
0.001056
0.001063
0.001066
0.001067
0.001067
0.001069
0.001070
0.001065
0.001053
0.001044
0.001046
0.001056
0.001061
0.001060
0.001061
0.001071
0.001087
0.001103
0.001117
0.001130
0.001139
0.001143
0.001147
0.001154
0.001160
0.001158
0.001153
0.001150
0.001144
0.001125
0.001096
0.001076
0.001073
0.001079
0.001082
0.001081
0.001086
0.001103
0.001124
0.001137
0.001134
0.001121
0.001106
0.001096
0.001090
0.001083
0.001077
0.001082
0.001096
0.001112
0.001119
0.001117
0.001112
0.001102
0.001085
0.001063
0.001042
0.001026
0.001015
0.001009
0.001013
0.001025
0.001039
0.001046
0.001043
0.001035
0.001029
0.001028
0.001027
0.001021
0.001015
0.001012
0.001011
0.001005
0.000993
0.000982
0.000977
0.000975
0.000975
0.000975
0.000974
0.000969
0.000962
0.000960
0.000968
0.000981
0.000996
0.001011
0.001026
0.001037
0.001043
0.001049
0.001057
0.001063
0.001061
0.001056
0.001054
0.001060
0.001070
0.001078
0.001081
0.001075
0.001058
0.001035
0.001017
0.001009
0.001006
0.001005
0.001012
0.001034
0.001066
0.001099
0.001125
0.001142
0.001145
0.001134
0.001116
0.001102
0.001100
0.001109
0.001121
0.001129
0.001129
0.001118
0.001100
0.001082
0.001071
0.001065
0.001055
0.001040
0.001023
0.001013
0.001012
0.001014
0.001019
0.001030
0.001051
0.001080
0.001104
0.001115
0.001114
0.001109
0.001103
0.001091
0.001075
0.001058
0.001044
0.001033
0.001022
0.001013
0.001012
0.001019
0.001028
0.001037
0.001045
0.001052
0.001052
0.001042
0.001028
0.001023
0.001026
0.001029
0.001028
0.001029
0.001035
0.001039
0.001036
0.001037
0.001053
0.001079
0.001101
0.001112
0.001119
0.001127
0.001132
0.001128
0.001117
0.001104
0.001091
0.001078
0.001063
0.001051
0.001040
0.001031
0.001023
0.001020
0.001025
0.001032
0.001039
0.001044
0.001048
0.001057
0.001068
0.001074
0.001073
0.001066
0.001060
0.001059
0.001065
0.001074
0.001086
0.001095
0.001093
0.001084
0.001077
0.001084
0.001106
0.001133
0.001152
0.001157
0.001154
0.001152
0.001156
0.001163
0.001169
0.001171
0.001168
0.001159
0.001142
0.001124
0.001108
0.001094
0.001078
0.001060
0.001048
0.001046
0.001053
0.001060
0.001066
0.001071
0.001079
0.001091
0.001102
0.001107
0.001107
0.001109
0.001116
0.001121
0.001113
0.001094
0.001076
0.001068
0.001069
0.001075
0.001082
0.001086
0.001085
0.001080
0.001079
0.001082
0.001081
0.001073
0.001062
0.001056
0.001055
0.001051
0.001045
0.001043
0.001044
0.001044
0.001036
0.001025
0.001011
0.000994
0.000977
0.000970
0.000981
0.001009
0.001046
0.001086
0.001120
0.001143
0.001156
0.001163
0.001168
0.001170
0.001166
0.001156
0.001138
0.001114
0.001086
0.001064
0.001057
0.001060
0.001064
0.001063
0.001059
0.001057
0.001055
0.001051
0.001048
0.001052
0.001061
0.001064
0.001058
0.001046
0.001037
0.001038
0.001046
0.001058
0.001071
0.001079
0.001082
0.001083
0.001084
0.001086
0.001082
0.001070
0.001056
0.001044
0.001036
0.001030
0.001027
0.001028
0.001029
0.001032
0.001039
0.001048
0.001055
0.001056
0.001057
0.001061
0.001065
0.001060
0.001044
0.001028
0.001022
0.001024
0.001027
0.001030
0.001035
0.001044
0.001050
0.001047
0.001034
0.001018
0.001004
0.000996
0.000995
0.001003
0.001019
0.001039
0.001054
0.001060
0.001058
0.001048
0.001032
0.001014
0.000998
0.000987
0.000978
0.000973
0.000976
0.000988
0.001003
0.001017
0.001030
0.001043
0.001047
0.001038
0.001024
0.001018
0.001023
0.001032
0.001038
0.001043
0.001046
0.001042
0.001035
0.001036
0.001048
0.001059
0.001057
0.001045
0.001032
0.001020
0.001005
0.000992
0.000987
0.000987
0.000984
0.000977
0.000971
0.000972
0.000976
0.000979
0.000983
0.000993
0.001009
0.001027
0.001040
0.001045
0.001041
0.001036
0.001032
0.001032
0.001033
0.001034
0.001037
0.001041
0.001044
0.001044
0.001041
0.001039
0.001042
0.001055
0.001071
0.001075
0.001062
0.001042
0.001030
0.001030
0.001037
0.001049
0.001064
0.001077
0.001081
0.001074
0.001066
0.001064
0.001065
0.001060
0.001049
0.001036
0.001028
0.001026
0.001032
0.001043
0.001055
0.001066
0.001076
0.001083
0.001086
0.001085
0.001085
0.001089
0.001094
0.001097
0.001098
0.001101
0.001110
0.001123
0.001134
0.001140
0.001140
0.001135
0.001132
0.001132
0.001132
0.001127
0.001112
0.001090
0.001068
0.001056
0.001056
0.001062
0.001067
0.001069
0.001071
0.001076
0.001084
0.001090
0.001090
0.001081
0.001066
0.001051
0.001041
0.001037
0.001034
0.001028
0.001021
0.001020
0.001028
0.001045
0.001067
0.001087
0.001099
0.001103
0.001103
0.001107
0.001116
0.001124
0.001118
0.001095
0.001063
0.001038
0.001028
0.001030
0.001033
0.001034
0.001041
0.001057
0.001077
0.001092
0.001098
0.001102
0.001109
0.001117
0.001119
0.001115
0.001106
0.001101
0.001098
0.001091
0.001079
0.001065
0.001057
0.001056
0.001052
0.001041
0.001029
0.001024
0.001025
0.001027
0.001030
0.001036
0.001046
0.001054
0.001054
0.001048
0.001039
0.001028
0.001020
0.001016
0.001018
0.001023
0.001028
0.001037
0.001049
0.001065
0.001079
0.001087
0.001088
0.001087
0.001088
0.001091
0.001091
0.001085
0.001078
0.001075
0.001076
0.001076
0.001073
0.001069
0.001070
0.001075
0.001082
0.001086
0.001084
0.001073
0.001053
0.001032
0.001016
0.001011
0.001016
0.001028
0.001040
0.001047
0.001049
0.001047
0.001043
0.001038
0.001035
0.001037
0.001041
0.001045
0.001045
0.001038
0.001026
0.001012
0.001003
0.001000
0.000998
0.000993
0.000988
0.000990
0.001003
0.001018
0.001029
0.001035
0.001040
0.001045
0.001045
0.001041
0.001034
0.001030
0.001029
0.001028
0.001025
0.001019
0.001012
0.001011
0.001019
0.001031
0.001038
0.001034
0.001021
0.001008
0.001005
0.001013
0.001023
0.001025
0.001019
0.001014
0.001016
0.001026
0.001037
0.001043
0.001040
0.001031
0.001024
0.001029
0.001048
0.001069
0.001083
0.001086
0.001082
0.001070
0.001050
0.001025
0.001004
0.000992
0.000988
0.000988
0.000987
0.000987
0.000990
0.001003
0.001020
0.001034
0.001039
0.001042
0.001048
0.001057
0.001061
0.001056
0.001041
0.001019
0.000992
0.000970
0.000964
0.000975
0.000991
0.001002
0.001006
0.001007
0.001009
0.001010
0.001011
0.001011
0.001011
0.001013
0.001019
0.001032
0.001049
0.001066
0.001079
0.001083
0.001078
0.001068
0.001060
0.001061
0.001067
0.001072
0.001068
0.001054
0.001036
0.001024
0.001021
0.001028
0.001043
0.001061
0.001079
0.001092
0.001099
0.001104
0.001112
0.001122
0.001131
0.001131
0.001119
0.001097
0.001068
0.001040
0.001021
0.001011
0.001004
0.000996
0.000985
0.000972
0.000960
0.000953
0.000952
0.000954
0.000961
0.000974
0.000991
0.001009
0.001020
0.001022
0.001020
0.001018
0.001015
0.001016
0.001023
0.001037
0.001052
0.001063
0.001071
0.001079
0.001083
0.001076
0.001060
0.001041
0.001027
0.001018
0.001013
0.001013
0.001017
0.001022
0.001024
0.001023
0.001020
0.001011
0.000998
0.000983
0.000969
0.000958
0.000953
0.000956
0.000963
0.000971
0.000979
0.000985
0.000989
0.000992
0.000991
0.000985
0.000975
0.000963
0.000955
0.000954
0.000960
0.000965
0.000969
0.000973
0.000982
0.000995
0.001005
0.001007
0.001003
0.000998
0.000996
0.000997
0.000998
0.001002
0.001012
0.001027
0.001043
0.001051
0.001051
0.001049
0.001050
0.001054
0.001058
0.001062
0.001067
0.001074
0.001078
0.001073
0.001059
0.001042
0.001031
0.001029
0.001034
0.001041
0.001042
0.001038
0.001037
0.001045
0.001055
0.001058
0.001053
0.001050
0.001056
0.001068
0.001078
0.001081
0.001077
0.001072
0.001065
0.001064
0.001076
0.001101
0.001123
0.001126
0.001110
0.001088
0.001072
0.001062
0.001053
0.001044
0.001039
0.001037
0.001036
0.001036
0.001041
0.001053
0.001069
0.001080
0.001083
0.001077
0.001065
0.001051
0.001035
0.001018
0.001002
0.000991
0.000985
0.000979
0.000969
0.000957
0.000950
0.000951
0.000957
0.000961
0.000967
0.000982
0.001003
0.001019
0.001026
0.001027
0.001032
0.001038
0.001040
0.001039
0.001038
0.001042
0.001049
0.001059
0.001069
0.001075
0.001071
0.001058
0.001044
0.001032
0.001024
0.001019
0.001019
0.001028
0.001040
0.001048
0.001048
0.001042
0.001032
0.001020
0.001014
0.001014
0.001018
0.001020
0.001021
0.001024
0.001031
0.001039
0.001045
0.001045
0.001039
0.001030
0.001027
0.001038
0.001055
0.001067
0.001066
0.001058
0.001048
0.001037
0.001028
0.001027
0.001035
0.001047
0.001055
0.001057
0.001055
0.001049
0.001040
0.001031
0.001029
0.001033
0.001039
0.001043
0.001047
0.001053
0.001056
0.001049
0.001032
0.001012
0.000997
0.000990
0.000988
0.000990
0.000995
0.001000
0.000999
0.000995
0.000994
0.001003
0.001018
0.001030
0.001033
0.001030
0.001032
0.001044
0.001061
0.001078
0.001089
0.001094
0.001093
0.001087
0.001078
0.001068
0.001061
0.001056
0.001053
0.001055
0.001060
0.001066
0.001067
0.001064
0.001059
0.001057
0.001058
0.001061
0.001066
0.001070
0.001069
0.001057
0.001038
0.001020
0.001009
0.001008
0.001012
0.001019
0.001024
0.001025
0.001025
0.001027
0.001032
0.001035
0.001036
0.001039
0.001044
0.001048
0.001048
0.001053
0.001073
0.001104
0.001132
0.001144
0.001141
0.001134
0.001130
0.001128
0.001119
0.001096
0.001066
0.001041
0.001035
0.001046
0.001061
0.001065
0.001058
0.001049
0.001043
0.001039
0.001037
0.001034
0.001033
0.001034
0.001034
0.001033
0.001031
0.001028
0.001024
0.001014
0.000998
0.000987
0.000993
0.001014
0.001038
0.001050
0.001051
0.001048
0.001047
0.001047
0.001047
0.001047
0.001050
0.001055
0.001059
0.001062
0.001061
0.001059
0.001059
0.001063
0.001073
0.001086
0.001099
0.001109
0.001117
0.001120
0.001115
0.001106
0.001097
0.001091
0.001083
0.001069
0.001051
0.001042
0.001053
0.001079
0.001105
0.001126
0.001141
0.001150
0.001146
0.001131
0.001113
0.001098
0.001085
0.001074
0.001071
0.001077
0.001082
0.001072
0.001052
0.001037
0.001035
0.001040
0.001044
0.001047
0.001053
0.001061
0.001072
0.001086
0.001101
0.001107
0.001098
0.001077
0.001053
0.001029
0.001014
0.001013
0.001029
0.001052
0.001074
0.001090
0.001096
0.001091
0.001076
0.001062
0.001059
0.001063
0.001061
0.001047
0.001029
0.001019
0.001020
0.001029
0.001039
0.001047
0.001054
0.001060
0.001059
0.001048
0.001031
0.001018
0.001016
0.001022
0.001028
0.001035
0.001045
0.001057
0.001067
0.001070
0.001060
0.001035
0.000998
0.000966
0.000956
0.000969
0.000997
0.001027
0.001055
0.001081
0.001102
0.001115
0.001123
0.001126
0.001122
0.001112
0.001101
0.001096
0.001099
0.001103
0.001104
0.001101
0.001099
0.001099
0.001106
0.001118
0.001129
0.001128
0.001115
0.001100
0.001092
0.001092
0.001095
0.001098
0.001102
0.001107
0.001109
0.001102
0.001087
0.001072
0.001067
0.001079
0.001102
0.001124
0.001137
0.001140
0.001132
0.001117
0.001100
0.001093
0.001099
0.001107
0.001106
0.001097
0.001093
0.001098
0.001108
0.001109
0.001098
0.001080
0.001064
0.001055
0.001049
0.001038
0.001018
0.000995
0.000981
0.000980
0.000988
0.000997
0.001002
0.001006
0.001005
0.000997
0.000982
0.000966
0.000953
0.000942
0.000930
0.000921
0.000923
0.000937
0.000957
0.000975
0.000984
0.000987
0.000988
0.000991
0.000994
0.000996
0.001000
0.001009
0.001022
0.001033
0.001036
0.001030
0.001023
0.001021
0.001025
0.001031
0.001033
0.001030
0.001027
0.001032
0.001046
0.001063
0.001075
0.001078
0.001069
0.001051
0.001026
0.001001
0.000984
0.000975
0.000977
0.000987
0.001002
0.001015
0.001026
0.001042
0.001066
0.001093
0.001111
0.001113
0.001104
0.001095
0.001088
0.001080
0.001069
0.001057
0.001050
0.001050
0.001054
0.001061
0.001069
0.001079
0.001088
0.001093
0.001091
0.001082
0.001067
0.001051
0.001037
0.001031
0.001034
0.001042
0.001051
0.001063
0.001075
0.001083
0.001085
0.001089
0.001097
0.001107
0.001109
0.001099
0.001087
0.001077
0.001069
0.001060
0.001051
0.001044
0.001043
0.001047
0.001058
0.001074
0.001086
0.001089
0.001080
0.001061
0.001036
0.001010
0.000992
0.000987
0.000995
0.001009
0.001026
0.001044
0.001063
0.001077
0.001080
0.001068
0.001048
0.001033
0.001032
0.001043
0.001048
0.001040
0.001023
0.001009
0.001001
0.000993
0.000983
0.000974
0.000973
0.000985
0.001010
0.001041
0.001067
0.001074
0.001065
0.001048
0.001038
0.001036
0.001043
0.001056
0.001071
0.001084
0.001091
0.001096
0.001100
0.001102
0.001097
0.001091
0.001091
0.001098
0.001106
0.001105
0.001093
0.001074
0.001054
0.001038
0.001027
0.001021
0.001022
0.001032
0.001047
0.001059
0.001062
0.001062
0.001060
0.001060
0.001059
0.001065
0.001081
0.001106
0.001126
0.001134
0.001128
0.001115
0.001099
0.001083
0.001074
0.001075
0.001084
0.001095
0.001099
0.001096
0.001091
0.001088
0.001085
0.001078
0.001068
0.001064
0.001073
0.001090
0.001106
0.001113
0.001111
0.001095
0.001068
0.001041
0.001026
0.001020
0.001012
0.000998
0.000989
0.000991
0.000997
0.001000
0.001005
0.001021
0.001047
0.001069
0.001078
0.001077
0.001068
0.001052
0.001028
0.001005
0.000991
0.000993
0.001004
0.001019
0.001030
0.001034
0.001035
0.001037
0.001042
0.001044
0.001036
0.001021
0.001010
0.001015
0.001036
0.001064
0.001081
0.001083
0.001077
0.001073
0.001072
0.001071
0.001067
0.001065
0.001067
0.001070
0.001068
0.001062
0.001053
0.001045
0.001041
0.001045
0.001056
0.001064
0.001063
0.001055
0.001049
0.001049
0.001053
0.001053
0.001048
0.001039
0.001029
0.001020
0.001016
0.001014
0.001011
0.001007
0.001004
0.001005
0.001009
0.001018
0.001033
0.001050
0.001061
0.001063
0.001057
0.001047
0.001031
0.001006
0.000977
0.000956
0.000948
0.000955
0.000970
0.000989
0.001011
0.001037
0.001064
0.001082
0.001085
0.001078
0.001071
0.001071
0.001071
0.001066
0.001056
0.001048
0.001047
0.001052
0.001062
0.001074
0.001084
0.001090
0.001094
0.001099
0.001108
0.001121
0.001136
0.001152
0.001165
0.001173
0.001176
0.001174
0.001167
0.001151
0.001123
0.001089
0.001059
0.001037
0.001027
0.001026
0.001029
0.001029
0.001025
0.001024
0.001031
0.001041
0.001048
0.001050
0.001050
0.001051
0.001052
0.001051
0.001047
0.001043
0.001040
0.001040
0.001040
0.001033
0.001019
0.001003
0.000996
0.001003
0.001018
0.001032
0.001043
0.001050
0.001058
0.001069
0.001083
0.001101
0.001121
0.001136
0.001141
0.001133
0.001120
0.001110
0.001106
0.001104
0.001102
0.001099
0.001100
0.001106
0.001115
0.001125
0.001133
0.001135
0.001130
0.001124
0.001123
0.001125
0.001125
0.001126
0.001132
0.001139
0.001139
0.001128
0.001114
0.001102
0.001095
0.001091
0.001091
0.001094
0.001092
0.001080
0.001064
0.001052
0.001046
0.001046
0.001048
0.001051
0.001054
0.001059
0.001062
0.001061
0.001053
0.001044
0.001043
0.001054
0.001066
0.001071
0.001070
0.001068
0.001063
0.001055
0.001048
0.001046
0.001048
0.001046
0.001039
0.001033
0.001034
0.001041
0.001052
0.001065
0.001078
0.001088
0.001089
0.001082
0.001074
0.001071
0.001077
0.001090
0.001100
0.001100
0.001090
0.001079
0.001069
0.001057
0.001043
0.001031
0.001027
0.001028
0.001029
0.001026
0.001017
0.001004
0.000990
0.000982
0.000988
0.001008
0.001035
0.001060
0.001076
0.001083
0.001078
0.001063
0.001047
0.001036
0.001034
0.001038
0.001046
0.001058
0.001069
0.001072
0.001060
0.001038
0.001018
0.001007
0.001003
0.001001
0.001006
0.001023
0.001048
0.001074
0.001094
0.001109
0.001119
0.001121
0.001114
0.001101
0.001086
0.001072
0.001059
0.001052
0.001058
0.001079
0.001108
0.001135
0.001149
0.001146
0.001135
0.001123
0.001111
0.001093
0.001066
0.001037
0.001018
0.001012
0.001013
0.001016
0.001017
0.001021
0.001024
0.001024
0.001019
0.001016
0.001021
0.001032
0.001040
0.001039
0.001035
0.001035
0.001038
0.001036
0.001029
0.001023
0.001021
0.001019
0.001015
0.001013
0.001015
0.001017
0.001015
0.001010
0.001011
0.001017
0.001020
0.001012
0.000999
0.000987
0.000983
0.000986
0.000993
0.001005
0.001024
0.001047
0.001066
0.001073
0.001068
0.001060
0.001057
0.001063
0.001077
0.001096
0.001113
0.001120
0.001118
0.001113
0.001110
0.001105
0.001096
0.001088
0.001090
0.001099
0.001107
0.001108
0.001104
0.001098
0.001086
0.001069
0.001056
0.001054
0.001062
0.001074
0.001085
0.001093
0.001096
0.001094
0.001087
0.001080
0.001077
0.001080
0.001083
0.001080
0.001071
0.001062
0.001064
0.001079
0.001100
0.001120
0.001134
0.001142
0.001146
0.001153
0.001166
0.001184
0.001200
0.001204
0.001192
0.001169
0.001142
0.001118
0.001103
0.001094
0.001089
0.001086
0.001085
0.001086
0.001084
0.001075
0.001064
0.001057
0.001060
0.001069
0.001075
0.001074
0.001070
0.001070
0.001078
0.001088
0.001091
0.001081
0.001064
0.001046
0.001030
0.001017
0.001009
0.001006
0.001003
0.000997
0.000991
0.000990
0.000996
0.001006
0.001017
0.001027
0.001037
0.001045
0.001051
0.001055
0.001053
0.001044
0.001032
0.001025
0.001028
0.001037
0.001048
0.001057
0.001065
0.001070
0.001070
0.001061
0.001047
0.001039
0.001041
0.001052
0.001070
0.001091
0.001113
0.001130
0.001136
0.001135
0.001132
0.001127
0.001120
0.001113
0.001115
0.001129
0.001146
0.001157
0.001156
0.001147
0.001134
0.001121
0.001112
0.001111
0.001118
0.001130
0.001142
0.001150
0.001155
0.001158
0.001160
0.001158
0.001149
0.001132
0.001111
0.001091
0.001076
0.001065
0.001059
0.001057
0.001058
0.001059
0.001064
0.001078
0.001101
0.001124
0.001138
0.001144
0.001146
0.001148
0.001144
0.001128
0.001106
0.001092
0.001091
0.001100
0.001107
0.001104
0.001095
0.001087
0.001082
0.001074
0.001062
0.001052
0.001052
0.001062
0.001076
0.001088
0.001096
0.001102
0.001107
0.001111
0.001108
0.001099
0.001083
0.001066
0.001056
0.001056
0.001061
0.001066
0.001063
0.001049
0.001029
0.001012
0.001005
0.001006
0.001010
0.001010
0.001006
0.001002
0.001003
0.001012
0.001028
0.001044
0.001054
0.001054
0.001045
0.001035
0.001032
0.001041
0.001059
0.001076
0.001083
0.001076
0.001057
0.001032
0.001007
0.000987
0.000975
0.000976
0.000988
0.001003
0.001015
0.001023
0.001031
0.001038
0.001036
0.001025
0.001012
0.001007
0.001011
0.001016
0.001015
0.001005
0.000994
0.000991
0.001000
0.001017
0.001036
0.001055
0.001076
0.001096
0.001109
0.001110
0.001103
0.001093
0.001083
0.001075
0.001074
0.001083
0.001095
0.001100
0.001096
0.001085
0.001067
0.001041
0.001016
0.001002
0.001005
0.001021
0.001037
0.001043
0.001037
0.001026
0.001020
0.001018
0.001013
0.000998
0.000976
0.000958
0.000950
0.000949
0.000950
0.000958
0.000972
0.000988
0.001000
0.001013
0.001029
0.001045
0.001057
0.001065
0.001071
0.001077
0.001078
0.001073
0.001067
0.001066
0.001071
0.001078
0.001080
0.001073
0.001060
0.001046
0.001033
0.001018
0.001000
0.000987
0.000987
0.001001
0.001017
0.001027
0.001034
0.001044
0.001059
0.001071
0.001076
0.001072
0.001064
0.001055
0.001048
0.001043
0.001043
0.001043
0.001035
0.001012
0.000981
0.000956
0.000945
0.000946
0.000950
0.000957
0.000967
0.000977
0.000985
0.000992
0.000999
0.001005
0.001006
0.001005
0.001008
0.001015
0.001017
0.001011
0.001004
0.001007
0.001023
0.001038
0.001042
0.001032
0.001018
0.001014
0.001022
0.001034
0.001042
0.001046
0.001050
0.001052
0.001050
0.001043
0.001040
0.001048
0.001065
0.001082
0.001091
0.001090
0.001082
0.001072
0.001063
0.001056
0.001055
0.001060
0.001070
0.001081
0.001087
0.001091
0.001099
0.001108
0.001109
0.001097
0.001074
0.001047
0.001021
0.001000
0.000987
0.000985
0.000990
0.000998
0.001007
0.001015
0.001021
0.001026
0.001030
0.001035
0.001041
0.001045
0.001048
0.001046
0.001039
0.001032
0.001028
0.001029
0.001027
0.001019
0.001006
0.000994
0.000985
0.000982
0.000986
0.000997
0.001013
0.001030
0.001044
0.001050
0.001045
0.001031
0.001018
0.001013
0.001016
0.001017
0.001010
0.000999
0.000993
0.000993
0.000996
0.000996
0.000997
0.001003
0.001013
0.001020
0.001018
0.001008
0.000998
0.000990
0.000982
0.000973
0.000969
0.000974
0.000987
0.001000
0.001007
0.001012
0.001018
0.001025
0.001029
0.001026
0.001020
0.001018
0.001020
0.001019
0.001011
0.001001
0.000997
0.001005
0.001017
0.001026
0.001032
0.001041
0.001056
0.001069
0.001074
0.001070
0.001064
0.001061
0.001062
0.001065
0.001068
0.001068
0.001061
0.001044
0.001018
0.000989
0.000961
0.000936
0.000922
0.000926
0.000946
0.000970
0.000983
0.000988
0.000993
0.001003
0.001009
0.001007
0.001003
0.001007
0.001022
0.001040
0.001056
0.001065
0.001066
0.001061
0.001052
0.001040
0.001024
0.001006
0.000999
0.001011
0.001036
0.001060
0.001076
0.001085
0.001086
0.001079
0.001065
0.001054
0.001048
0.001045
0.001039
0.001030
0.001022
0.001016
0.001015
0.001019
0.001026
0.001032
0.001042
0.001059
0.001076
0.001086
0.001088
0.001093
0.001105
0.001118
0.001130
0.001144
0.001161
0.001174
0.001174
0.001164
0.001153
0.001149
0.001147
0.001146
0.001140
0.001121
0.001091
0.001058
0.001036
0.001026
0.001019
0.001016
0.001017
0.001022
0.001023
0.001015
0.001006
0.001006
0.001018
0.001040
0.001066
0.001083
0.001085
0.001080
0.001079
0.001085
0.001089
0.001082
0.001072
0.001069
0.001070
0.001068
0.001061
0.001057
0.001057
0.001052
0.001035
0.001016
0.001004
0.001002
0.000998
0.000983
0.000962
0.000949
0.000958
0.000982
0.001006
0.001021
0.001027
0.001028
0.001026
0.001023
0.001022
0.001026
0.001035
0.001046
0.001056
0.001063
0.001064
0.001061
0.001060
0.001062
0.001061
0.001051
0.001036
0.001031
0.001044
0.001067
0.001084
0.001090
0.001090
0.001089
0.001091
0.001093
0.001096
0.001098
0.001097
0.001093
0.001088
0.001084
0.001082
0.001076
0.001063
0.001045
0.001029
0.001014
0.001002
0.000993
0.000990
0.000996
0.001009
0.001025
0.001039
0.001048
0.001049
0.001042
0.001029
0.001015
0.001008
0.001008
0.001015
0.001024
0.001029
0.001028
0.001025
0.001022
0.001023
0.001029
0.001040
0.001056
0.001078
0.001102
0.001122
0.001131
0.001126
0.001112
0.001101
0.001097
0.001098
0.001098
0.001095
0.001095
0.001102
0.001110
0.001112
0.001102
0.001084
0.001066
0.001055
0.001052
0.001050
0.001046
0.001040
0.001038
0.001042
0.001052
0.001064
0.001075
0.001081
0.001080
0.001076
0.001078
0.001088
0.001098
0.001101
0.001099
0.001100
0.001110
0.001123
0.001129
0.001120
0.001096
0.001059
0.001019
0.000984
0.000962
0.000954
0.000953
0.000953
0.000952
0.000955
0.000968
0.000988
0.001005
0.001014
0.001022
0.001039
0.001064
0.001084
0.001092
0.001090
0.001089
0.001092
0.001090
0.001072
0.001040
0.001005
0.000984
0.000987
0.001008
0.001034
0.001053
0.001061
0.001066
0.001073
0.001085
0.001093
0.001092
0.001082
0.001071
0.001065
0.001064
0.001065
0.001071
0.001086
0.001105
0.001119
0.001120
0.001111
0.001098
0.001082
0.001063
0.001046
0.001035
0.001033
0.001035
0.001040
0.001048
0.001060
0.001068
0.001064
0.001046
0.001024
0.001010
0.001008
0.001011
0.001011
0.001006
0.001001
0.001000
0.001002
0.001007
0.001017
0.001029
0.001037
0.001033
0.001021
0.001015
0.001022
0.001039
0.001053
0.001056
0.001047
0.001034
0.001024
0.001020
0.001017
0.001013
0.001008
0.001006
0.001008
0.001011
0.001014
0.001017
0.001019
0.001022
0.001024
0.001028
0.001033
0.001031
0.001019
0.001003
0.000995
0.001003
0.001022
0.001044
0.001058
0.001065
0.001064
0.001059
0.001047
0.001030
0.001015
0.001004
0.001001
0.001008
0.001025
0.001051
0.001076
0.001089
0.001082
0.001061
0.001036
0.001014
0.001000
0.000998
0.001006
0.001017
0.001023
0.001023
0.001019
0.001014
0.001013
0.001014
0.001018
0.001023
0.001032
0.001046
0.001066
0.001087
0.001104
0.001111
0.001109
0.001101
0.001092
0.001087
0.001090
0.001094
0.001093
0.001084
0.001075
0.001069
0.001062
0.001048
0.001030
0.001015
0.001008
0.001006
0.001007
0.001008
0.001012
0.001018
0.001024
0.001021
0.001006
0.000989
0.000980
0.000985
0.000996
0.001005
0.001011
0.001017
0.001019
0.001012
0.000997
0.000986
0.000993
0.001015
0.001038
0.001051
0.001053
0.001052
0.001052
0.001053
0.001048
0.001035
0.001022
0.001016
0.001014
0.001012
0.001006
0.000999
0.000995
0.000994
0.000994
0.000996
0.001002
0.001011
0.001015
0.001013
0.001008
0.001003
0.000997
0.000989
0.000981
0.000981
0.000992
0.001012
0.001029
0.001039
0.001043
0.001043
0.001039
0.001033
0.001029
0.001036
0.001052
0.001067
0.001068
0.001054
0.001039
0.001033
0.001035
0.001035
0.001028
0.001018
0.001014
0.001018
0.001027
0.001039
0.001052
0.001062
0.001064
0.001058
0.001048
0.001035
0.001022
0.001006
0.000994
0.000990
0.000997
0.001007
0.001016
0.001023
0.001030
0.001041
0.001055
0.001071
0.001080
0.001077
0.001062
0.001044
0.001028
0.001020
0.001018
0.001024
0.001035
0.001046
0.001054
0.001058
0.001063
0.001067
0.001070
0.001073
0.001078
0.001082
0.001079
0.001070
0.001064
0.001069
0.001080
0.001085
0.001078
0.001067
0.001061
0.001060
0.001061
0.001065
0.001071
0.001078
0.001081
0.001079
0.001076
0.001074
0.001073
0.001072
0.001072
0.001070
0.001062
0.001046
0.001027
0.001014
0.001010
0.001009
0.001008
0.001007
0.001005
0.001000
0.000992
0.000986
0.000989
0.000998
0.001007
0.001013
0.001017
0.001023
0.001030
0.001036
0.001040
0.001039
0.001031
0.001014
0.000994
0.000978
0.000973
0.000983
0.001005
0.001034
0.001058
0.001067
0.001063
0.001060
0.001064
0.001070
0.001064
0.001047
0.001030
0.001023
0.001025
0.001029
0.001031
0.001034
0.001036
0.001037
0.001038
0.001043
0.001051
0.001052
0.001041
0.001024
0.001014
0.001019
0.001033
0.001049
0.001062
0.001070
0.001069
0.001058
0.001047
0.001047
0.001058
0.001070
0.001075
0.001074
0.001063
0.001039
0.001005
0.000971
0.000952
0.000952
0.000964
0.000980
0.000996
0.001005
0.001005
0.001002
0.001003
0.001013
0.001030
0.001046
0.001055
0.001055
0.001048
0.001041
0.001040
0.001046
0.001049
0.001043
0.001029
0.001015
0.001006
0.001005
0.001009
0.001017
0.001028
0.001039
0.001048
0.001053
0.001051
0.001043
0.001030
0.001017
0.001006
0.000995
0.000980
0.000963
0.000946
0.000936
0.000935
0.000944
0.000960
0.000981
0.001000
0.001006
0.000992
0.000964
0.000935
0.000917
0.000916
0.000929
0.000951
0.000975
0.000994
0.001005
0.001009
0.001011
0.001014
0.001021
0.001033
0.001049
0.001063
0.001068
0.001062
0.001048
0.001031
0.001015
0.001007
0.001013
0.001028
0.001044
0.001051
0.001050
0.001047
0.001043
0.001038
0.001034
0.001032
0.001031
0.001024
0.001012
0.001004
0.001008
0.001026
0.001048
0.001066
0.001079
0.001089
0.001097
0.001102
0.001099
0.001086
0.001066
0.001047
0.001040
0.001046
0.001058
0.001067
0.001069
0.001068
0.001064
0.001059
0.001054
0.001053
0.001055
0.001055
0.001049
0.001038
0.001031
0.001036
0.001053
0.001076
0.001094
0.001101
0.001096
0.001083
0.001070
0.001061
0.001054
0.001047
0.001041
0.001034
0.001025
0.001010
0.000995
0.000986
0.000988
0.000997
0.001007
0.001013
0.001016
0.001024
0.001036
0.001046
0.001047
0.001036
0.001016
0.000997
0.000987
0.000988
0.000999
0.001011
0.001023
0.001034
0.001045
0.001054
0.001059
0.001061
0.001061
0.001055
0.001041
0.001022
0.001004
0.000991
0.000984
0.000985
0.001001
0.001029
0.001057
0.001073
0.001080
0.001084
0.001088
0.001092
0.001099
0.001108
0.001112
0.001106
0.001091
0.001080
0.001077
0.001076
0.001067
0.001054
0.001043
0.001034
0.001023
0.001010
0.001003
0.001004
0.001009
0.001019
0.001033
0.001048
0.001057
0.001059
0.001057
0.001053
0.001045
0.001030
0.001015
0.001013
0.001023
0.001033
0.001034
0.001026
0.001017
0.001007
0.000995
0.000984
0.000983
0.000993
0.001007
0.001019
0.001027
0.001031
0.001035
0.001044
0.001061
0.001081
0.001093
0.001092
0.001084
0.001077
0.001071
0.001060
0.001043
0.001027
0.001017
0.001016
0.001024
0.001038
0.001054
0.001066
0.001073
0.001077
0.001081
0.001085
0.001083
0.001076
0.001067
0.001060
0.001054
0.001050
0.001049
0.001053
0.001060
0.001063
0.001057
0.001045
0.001039
0.001045
0.001058
0.001067
0.001070
0.001076
0.001088
0.001100
0.001104
0.001104
0.001104
0.001103
0.001099
0.001092
0.001089
0.001089
0.001084
0.001073
0.001060
0.001051
0.001047
0.001046
0.001049
0.001056
0.001064
0.001073
0.001080
0.001088
0.001094
0.001099
0.001101
0.001106
0.001114
0.001124
0.001134
0.001140
0.001143
0.001144
0.001141
0.001133
0.001128
0.001130
0.001139
0.001144
0.001137
0.001119
0.001100
0.001086
0.001077
0.001076
0.001082
0.001090
0.001091
0.001082
0.001072
0.001064
0.001050
0.001027
0.001002
0.000988
0.000989
0.001001
0.001017
0.001030
0.001039
0.001044
0.001048
0.001057
0.001069
0.001080
0.001089
0.001095
0.001094
0.001086
0.001071
0.001057
0.001044
0.001032
0.001022
0.001014
0.001008
0.001000
0.000992
0.000990
0.000993
0.000993
0.000982
0.000967
0.000962
0.000972
0.000986
0.000996
0.000997
0.000995
0.000991
0.000991
0.000999
0.001012
0.001021
0.001024
0.001025
0.001031
0.001042
0.001052
0.001056
0.001051
0.001036
0.001012
0.000990
0.000987
0.001007
0.001037
0.001058
0.001063
0.001059
0.001053
0.001042
0.001024
0.001006
0.001000
0.001010
0.001028
0.001046
0.001064
0.001083
0.001100
0.001109
0.001107
0.001104
0.001103
0.001105
0.001109
0.001117
0.001133
0.001150
0.001155
0.001143
0.001120
0.001101
0.001093
0.001098
0.001115
0.001131
0.001134
0.001118
0.001093
0.001073
0.001064
0.001061
0.001063
0.001071
0.001083
0.001089
0.001081
0.001064
0.001050
0.001047
0.001048
0.001048
0.001044
0.001043
0.001046
0.001051
0.001055
0.001057
0.001059
0.001063
0.001069
0.001074
0.001074
0.001069
0.001067
0.001076
0.001094
0.001109
0.001110
0.001102
0.001093
0.001090
0.001091
0.001096
0.001104
0.001109
0.001103
0.001082
0.001055
0.001031
0.001017
0.001011
0.001012
0.001017
0.001020
0.001012
0.000996
0.000982
0.000979
0.000987
0.001003
0.001027
0.001054
0.001075
0.001084
0.001081
0.001071
0.001058
0.001044
0.001036
0.001039
0.001053
0.001069
0.001077
0.001077
0.001070
0.001062
0.001056
0.001053
0.001047
0.001037
0.001025
0.001011
0.000997
0.000983
0.000977
0.000983
0.000998
0.001009
0.001013
0.001015
0.001022
0.001034
0.001046
0.001059
0.001074
0.001092
0.001108
0.001124
0.001138
0.001147
0.001150
0.001149
0.001147
0.001140
0.001123
0.001100
0.001083
0.001081
0.001091
0.001103
0.001111
0.001112
0.001103
0.001088
0.001071
0.001060
0.001056
0.001054
0.001052
0.001051
0.001050
0.001046
0.001040
0.001037
0.001042
0.001054
0.001069
0.001084
0.001101
0.001119
0.001133
0.001132
0.001115
0.001089
0.001068
0.001060
0.001062
0.001065
0.001062
0.001050
0.001034
0.001018
0.001005
0.000995
0.000992
0.000998
0.001008
0.001020
0.001030
0.001037
0.001046
0.001058
0.001071
0.001076
0.001067
0.001051
0.001039
0.001038
0.001046
0.001058
0.001074
0.001096
0.001117
0.001128
0.001127
0.001123
0.001121
0.001125
0.001130
0.001135
0.001134
0.001125
0.001107
0.001086
0.001067
0.001053
0.001045
0.001050
0.001068
0.001093
0.001111
0.001117
0.001116
0.001120
0.001130
0.001143
0.001153
0.001154
0.001144
0.001125
0.001104
0.001088
0.001076
0.001067
0.001057
0.001048
0.001043
0.001043
0.001048
0.001051
0.001050
0.001046
0.001046
0.001059
0.001080
0.001100
0.001112
0.001118
0.001124
0.001130
0.001136
0.001140
0.001142
0.001138
0.001124
0.001100
0.001076
0.001055
0.001042
0.001037
0.001038
0.001043
0.001048
0.001053
0.001062
0.001074
0.001081
0.001079
0.001077
0.001083
0.001099
0.001117
0.001131
0.001141
0.001146
0.001144
0.001131
0.001113
0.001098
0.001097
0.001111
0.001136
0.001159
0.001172
0.001169
0.001152
0.001127
0.001101
0.001080
0.001067
0.001057
0.001046
0.001032
0.001016
0.001003
0.000994
0.000992
0.000998
0.001009
0.001025
0.001046
0.001067
0.001083
0.001091
0.001093
0.001099
0.001110
0.001121
0.001123
0.001119
0.001113
0.001104
0.001091
0.001079
0.001072
0.001066
0.001051
0.001025
0.001002
0.000991
0.000990
0.000992
0.000995
0.001002
0.001014
0.001028
0.001044
0.001060
0.001070
0.001064
0.001042
0.001018
0.001005
0.001007
0.001019
0.001034
0.001049
0.001059
0.001062
0.001061
0.001060
0.001060
0.001059
0.001055
0.001051
0.001051
0.001057
0.001066
0.001074
0.001076
0.001070
0.001058
0.001046
0.001037
0.001036
0.001041
0.001050
0.001055
0.001052
0.001047
0.001049
0.001059
0.001071
0.001074
0.001067
0.001052
0.001038
0.001032
0.001040
0.001059
0.001075
0.001079
0.001072
0.001061
0.001051
0.001043
0.001040
0.001043
0.001046
0.001036
0.001016
0.000997
0.000993
0.000999
0.001004
0.001002
0.000997
0.000994
0.000996
0.001005
0.001023
0.001041
0.001052
0.001049
0.001040
0.001030
0.001024
0.001027
0.001040
0.001060
0.001077
0.001084
0.001078
0.001069
0.001064
0.001067
0.001079
0.001095
0.001109
0.001117
0.001115
0.001108
0.001100
0.001095
0.001091
0.001085
0.001078
0.001074
0.001072
0.001069
0.001070
0.001080
0.001102
0.001126
0.001138
0.001135
0.001121
0.001104
0.001086
0.001070
0.001057
0.001046
0.001031
0.001015
0.001006
0.001008
0.001016
0.001020
0.001018
0.001013
0.001010
0.001011
0.001014
0.001022
0.001035
0.001047
0.001049
0.001038
0.001021
0.001011
0.001013
0.001021
0.001025
0.001021
0.001014
0.001006
0.000996
0.000986
0.000984
0.000994
0.001015
0.001037
0.001053
0.001067
0.001081
0.001095
0.001102
0.001097
0.001083
0.001068
0.001058
0.001054
0.001054
0.001059
0.001070
0.001084
0.001095
0.001101
0.001104
0.001104
0.001096
0.001080
0.001064
0.001058
0.001063
0.001073
0.001083
0.001089
0.001088
0.001076
0.001060
0.001051
0.001053
0.001060
0.001061
0.001056
0.001050
0.001047
0.001045
0.001047
0.001054
0.001064
0.001070
0.001071
0.001071
0.001073
0.001074
0.001070
0.001065
0.001066
0.001074
0.001080
0.001081
0.001086
0.001103
0.001122
0.001126
0.001102
0.001062
0.001028
0.001015
0.001020
0.001031
0.001038
0.001032
0.001015
0.001001
0.001002
0.001023
0.001055
0.001088
0.001115
0.001133
0.001140
0.001139
0.001134
0.001131
0.001132
0.001135
0.001135
0.001128
0.001115
0.001098
0.001081
0.001066
0.001054
0.001044
0.001035
0.001031
0.001030
0.001033
0.001039
0.001046
0.001050
0.001049
0.001046
0.001052
0.001071
0.001099
0.001121
0.001128
0.001122
0.001116
0.001115
0.001116
0.001111
0.001100
0.001092
0.001090
0.001091
0.001088
0.001080
0.001072
0.001069
0.001069
0.001066
0.001053
0.001030
0.001009
0.001001
0.001012
0.001031
0.001049
0.001058
0.001061
0.001059
0.001053
0.001049
0.001048
0.001050
0.001051
0.001048
0.001044
0.001042
0.001043
0.001047
0.001054
0.001063
0.001065
0.001057
0.001041
0.001028
0.001025
0.001027
0.001026
0.001020
0.001013
0.001012
0.001020
0.001037
0.001061
0.001085
0.001099
0.001102
0.001098
0.001096
0.001099
0.001101
0.001097
0.001095
0.001102
0.001114
0.001124
0.001127
0.001127
0.001126
0.001118
0.001103
0.001088
0.001085
0.001091
0.001100
0.001106
0.001116
0.001134
0.001161
0.001183
0.001189
0.001174
0.001148
0.001124
0.001110
0.001098
0.001083
0.001069
0.001061
0.001061
0.001063
0.001062
0.001062
0.001064
0.001063
0.001059
0.001053
0.001050
0.001050
0.001049
0.001047
0.001045
0.001041
0.001035
0.001028
0.001024
0.001024
0.001030
0.001039
0.001048
0.001053
0.001050
0.001040
0.001031
0.001026
0.001022
0.001018
0.001016
0.001018
0.001024
0.001032
0.001040
0.001051
0.001064
0.001075
0.001079
0.001075
0.001069
0.001064
0.001064
0.001061
0.001049
0.001029
0.001010
0.001003
0.001005
0.001008
0.001002
0.000989
0.000980
0.000980
0.000988
0.000995
0.000995
0.000992
0.000995
0.001013
0.001039
0.001063
0.001080
0.001089
0.001089
0.001076
0.001052
0.001030
0.001023
0.001030
0.001040
0.001044
0.001044
0.001047
0.001051
0.001052
0.001049
0.001044
0.001041
0.001038
0.001031
0.001024
0.001020
0.001023
0.001031
0.001044
0.001064
0.001085
0.001099
0.001099
0.001090
0.001081
0.001074
0.001063
0.001044
0.001023
0.001013
0.001019
0.001038
0.001055
0.001063
0.001060
0.001053
0.001046
0.001045
0.001051
0.001059
0.001064
0.001064
0.001060
0.001057
0.001054
0.001047
0.001038
0.001027
0.001013
0.000994
0.000975
0.000963
0.000961
0.000966
0.000971
0.000976
0.000984
0.000994
0.001005
0.001016
0.001027
0.001042
0.001060
0.001082
0.001105
0.001125
0.001135
0.001135
0.001128
0.001117
0.001104
0.001086
0.001065
0.001048
0.001046
0.001060
0.001080
0.001091
0.001090
0.001085
0.001082
0.001081
0.001077
0.001069
0.001063
0.001058
0.001052
0.001046
0.001047
0.001057
0.001072
0.001089
0.001110
0.001134
0.001156
0.001170
0.001173
0.001170
0.001165
0.001161
0.001157
0.001147
0.001129
0.001109
0.001096
0.001095
0.001096
0.001091
0.001081
0.001072
0.001067
0.001059
0.001043
0.001019
0.000996
0.000982
0.000980
0.000989
0.001004
0.001022
0.001041
0.001056
0.001060
0.001053
0.001036
0.001018
0.001001
0.000985
0.000969
0.000960
0.000960
0.000966
0.000972
0.000974
0.000978
0.000987
0.001005
0.001031
0.001055
0.001074
0.001084
0.001086
0.001079
0.001063
0.001047
0.001038
0.001040
0.001053
0.001074
0.001100
0.001125
0.001139
0.001139
0.001127
0.001114
0.001106
0.001107
0.001112
0.001110
0.001100
0.001086
0.001080
0.001081
0.001078
0.001063
0.001042
0.001025
0.001014
0.001006
0.000996
0.000990
0.000991
0.001002
0.001018
0.001035
0.001051
0.001068
0.001089
0.001108
0.001119
0.001119
0.001111
0.001099
0.001079
0.001052
0.001031
0.001030
0.001046
0.001066
0.001079
0.001086
0.001092
0.001093
0.001087
0.001074
0.001063
0.001061
0.001069
0.001085
0.001099
0.001107
0.001109
0.001109
0.001110
0.001103
0.001086
0.001065
0.001051
0.001050
0.001054
0.001059
0.001064
0.001072
0.001086
0.001104
0.001121
0.001131
0.001136
0.001141
0.001148
0.001151
0.001146
0.001132
0.001113
0.001089
0.001064
0.001044
0.001032
0.001028
0.001026
0.001025
0.001028
0.001039
0.001056
0.001074
0.001088
0.001097
0.001095
0.001087
0.001086
0.001096
0.001109
0.001115
0.001112
0.001111
0.001116
0.001122
0.001122
0.001118
0.001114
0.001110
0.001105
0.001100
0.001099
0.001101
0.001103
0.001101
0.001097
0.001095
0.001094
0.001099
0.001108
0.001118
0.001126
0.001130
0.001135
0.001144
0.001155
0.001165
0.001171
0.001173
0.001166
0.001148
0.001119
0.001087
0.001065
0.001061
0.001066
0.001065
0.001053
0.001037
0.001028
0.001028
0.001032
0.001034
0.001034
0.001031
0.001025
0.001025
0.001037
0.001060
0.001082
0.001096
0.001104
0.001115
0.001129
0.001137
0.001132
0.001113
0.001087
0.001069
0.001069
0.001087
0.001110
0.001121
0.001115
0.001105
0.001106
0.001120
0.001142
0.001161
0.001171
0.001170
0.001155
0.001131
0.001104
0.001083
0.001071
0.001068
0.001072
0.001075
0.001071
0.001061
0.001046
0.001031
0.001017
0.001005
0.000995
0.000989
0.000987
0.000985
0.000983
0.000984
0.000991
0.001001
0.001010
0.001017
0.001031
0.001055
0.001083
0.001103
0.001110
0.001112
0.001114
0.001114
0.001108
0.001098
0.001093
0.001094
0.001099
0.001102
0.001101
0.001097
0.001092
0.001084
0.001073
0.001059
0.001046
0.001037
0.001033
0.001032
0.001030
0.001028
0.001031
0.001047
0.001073
0.001102
0.001123
0.001131
0.001128
0.001118
0.001107
0.001099
0.001098
0.001102
0.001103
0.001094
0.001074
0.001050
0.001032
0.001020
0.001016
0.001020
0.001035
0.001060
0.001085
0.001097
0.001092
0.001078
0.001063
0.001053
0.001049
0.001048
0.001049
0.001049
0.001045
0.001041
0.001042
0.001049
0.001059
0.001068
0.001078
0.001090
0.001102
0.001108
0.001106
0.001095
0.001083
0.001075
0.001074
0.001076
0.001076
0.001073
0.001071
0.001074
0.001076
0.001072
0.001060
0.001049
0.001045
0.001047
0.001050
0.001050
0.001048
0.001042
0.001031
0.001021
0.001017
0.001026
0.001043
0.001063
0.001079
0.001088
0.001091
0.001089
0.001083
0.001071
0.001057
0.001049
0.001048
0.001051
0.001051
0.001051
0.001057
0.001068
0.001076
0.001071
0.001059
0.001052
0.001055
0.001058
0.001054
0.001044
0.001036
0.001028
0.001018
0.001009
0.001008
0.001016
0.001029
0.001041
0.001053
0.001067
0.001076
0.001073
0.001063
0.001059
0.001068
0.001083
0.001099
0.001112
0.001117
0.001112
0.001100
0.001088
0.001079
0.001070
0.001060
0.001052
0.001047
0.001046
0.001052
0.001071
0.001101
0.001130
0.001147
0.001151
0.001151
0.001153
0.001158
0.001163
0.001166
0.001166
0.001161
0.001154
0.001149
0.001148
0.001146
0.001140
0.001131
0.001120
0.001111
0.001103
0.001095
0.001085
0.001078
0.001081
0.001095
0.001112
0.001125
0.001131
0.001137
0.001144
0.001146
0.001139
0.001123
0.001103
0.001082
0.001068
0.001062
0.001065
0.001069
0.001075
0.001083
0.001094
0.001100
0.001096
0.001086
0.001077
0.001075
0.001074
0.001072
0.001068
0.001067
0.001071
0.001078
0.001086
0.001093
0.001097
0.001099
0.001097
0.001091
0.001082
0.001072
0.001060
0.001050
0.001039
0.001025
0.001009
0.000995
0.000990
0.000997
0.001013
0.001032
0.001051
0.001064
0.001066
0.001056
0.001046
0.001044
0.001051
0.001058
0.001063
0.001070
0.001081
0.001090
0.001089
0.001076
0.001060
0.001052
0.001058
0.001077
0.001102
0.001125
0.001139
0.001145
0.001142
0.001130
0.001110
0.001090
0.001081
0.001086
0.001093
0.001093
0.001083
0.001069
0.001061
0.001064
0.001082
0.001109
0.001132
0.001144
0.001144
0.001136
0.001124
0.001112
0.001105
0.001106
0.001116
0.001126
0.001128
0.001120
0.001110
0.001102
0.001097
0.001092
0.001090
0.001092
0.001097
0.001100
0.001096
0.001083
0.001064
0.001044
0.001032
0.001030
0.001040
0.001056
0.001072
0.001087
0.001102
0.001122
0.001144
0.001163
0.001172
0.001167
0.001151
0.001133
0.001122
0.001115
0.001109
0.001102
0.001097
0.001098
0.001105
0.001110
0.001109
0.001106
0.001108
0.001116
0.001119
0.001108
0.001085
0.001060
0.001042
0.001033
0.001030
0.001033
0.001038
0.001036
0.001021
0.001001
0.000986
0.000984
0.000992
0.001006
0.001020
0.001031
0.001037
0.001039
0.001039
0.001043
0.001053
0.001070
0.001087
0.001097
0.001098
0.001098
0.001108
0.001124
0.001138
0.001144
0.001145
0.001145
0.001146
0.001148
0.001156
0.001166
0.001171
0.001165
0.001150
0.001133
0.001113
0.001091
0.001069
0.001050
0.001036
0.001028
0.001026
0.001030
0.001037
0.001045
0.001060
0.001090
0.001130
0.001165
0.001179
0.001176
0.001169
0.001169
0.001173
0.001170
0.001155
0.001128
0.001098
0.001071
0.001053
0.001046
0.001044
0.001042
0.001039
0.001039
0.001040
0.001039
0.001029
0.001016
0.001008
0.001008
0.001013
0.001021
0.001036
0.001054
0.001064
0.001058
0.001046
0.001041
0.001045
0.001050
0.001050
0.001049
0.001056
0.001070
0.001088
0.001105
0.001118
0.001121
0.001112
0.001090
0.001058
0.001025
0.001001
0.000994
0.001001
0.001019
0.001041
0.001061
0.001076
0.001085
0.001088
0.001088
0.001084
0.001076
0.001072
0.001078
0.001091
0.001105
0.001114
0.001118
0.001118
0.001117
0.001117
0.001125
0.001140
0.001155
0.001159
0.001153
0.001144
0.001137
0.001126
0.001107
0.001080
0.001051
0.001025
0.001003
0.000990
0.000991
0.001003
0.001022
0.001035
0.001040
0.001040
0.001038
0.001034
0.001031
0.001030
0.001032
0.001033
0.001033
0.001032
0.001031
0.001033
0.001038
0.001047
0.001058
0.001062
0.001057
0.001048
0.001043
0.001044
0.001041
0.001031
0.001025
0.001030
0.001045
0.001060
0.001069
0.001073
0.001073
0.001067
0.001057
0.001049
0.001050
0.001061
0.001076
0.001088
0.001096
0.001103
0.001112
0.001122
0.001127
0.001124
0.001114
0.001108
0.001108
0.001113
0.001117
0.001119
0.001121
0.001121
0.001113
0.001099
0.001085
0.001078
0.001082
0.001091
0.001102
0.001112
0.001123
0.001135
0.001140
0.001130
0.001106
0.001080
0.001065
0.001063
0.001063
0.001060
0.001057
0.001057
0.001058
0.001060
0.001067
0.001079
0.001092
0.001098
0.001100
0.001102
0.001106
0.001104
0.001094
0.001075
0.001050
0.001024
0.001003
0.000994
0.000999
0.001010
0.001022
0.001036
0.001054
0.001067
0.001070
0.001064
0.001057
0.001049
0.001035
0.001017
0.001008
0.001016
0.001035
0.001052
0.001062
0.001069
0.001076
0.001082
0.001083
0.001081
0.001081
0.001086
0.001095
0.001104
0.001106
0.001102
0.001092
0.001081
0.001075
0.001078
0.001085
0.001086
0.001078
0.001066
0.001061
0.001068
0.001077
0.001079
0.001072
0.001058
0.001040
0.001020
0.001003
0.000992
0.000987
0.000986
0.000987
0.000989
0.000989
0.000985
0.000981
0.000979
0.000980
0.000977
0.000972
0.000973
0.000986
0.001009
0.001030
0.001044
0.001045
0.001031
0.001007
0.000986
0.000981
0.000990
0.000999
0.000996
0.000986
0.000979
0.000977
0.000980
0.000980
0.000979
0.000979
0.000979
0.000979
0.000979
0.000983
0.000990
0.000993
0.000985
0.000968
0.000952
0.000947
0.000953
0.000965
0.000981
0.001008
0.001042
0.001071
0.001084
0.001085
0.001086
0.001093
0.001101
0.001105
0.001107
0.001115
0.001127
0.001137
0.001143
0.001142
0.001136
0.001128
0.001122
0.001114
0.001101
0.001084
0.001080
0.001095
0.001122
0.001140
0.001144
0.001144
0.001142
0.001132
0.001110
0.001088
0.001073
0.001063
0.001052
0.001043
0.001036
0.001028
0.001012
0.000992
0.000978
0.000972
0.000972
0.000980
0.000996
0.001017
0.001035
0.001048
0.001058
0.001065
0.001067
0.001063
0.001057
0.001050
0.001039
0.001029
0.001024
0.001024
0.001019
0.001006
0.000990
0.000979
0.000974
0.000978
0.000992
0.001016
0.001040
0.001062
0.001079
0.001091
0.001090
0.001076
0.001055
0.001039
0.001033
0.001035
0.001039
0.001044
0.001048
0.001050
0.001050
0.001047
0.001043
0.001046
0.001062
0.001086
0.001102
0.001103
0.001095
0.001089
0.001086
0.001085
0.001087
0.001095
0.001108
0.001118
0.001123
0.001123
0.001116
0.001103
0.001094
0.001093
0.001094
0.001084
0.001063
0.001045
0.001037
0.001035
0.001029
0.001020
0.001018
0.001029
0.001049
0.001071
0.001087
0.001095
0.001093
0.001085
0.001075
0.001065
0.001060
0.001062
0.001069
0.001073
0.001074
0.001073
0.001075
0.001076
0.001075
0.001072
0.001070
0.001072
0.001076
0.001080
0.001077
0.001066
0.001054
0.001051
0.001057
0.001062
0.001057
0.001045
0.001036
0.001032
0.001031
0.001032
0.001036
0.001044
0.001053
0.001062
0.001074
0.001087
0.001098
0.001102
0.001096
0.001083
0.001070
0.001064
0.001067
0.001073
0.001076
0.001077
0.001078
0.001074
0.001061
0.001040
0.001022
0.001014
0.001016
0.001026
0.001042
0.001055
0.001055
0.001044
0.001027
0.001009
0.000995
0.000990
0.001000
0.001020
0.001036
0.001045
0.001054
0.001071
0.001089
0.001099
0.001093
0.001073
0.001042
0.001011
0.000992
0.000993
0.001008
0.001025
0.001037
0.001042
0.001041
0.001038
0.001043
0.001058
0.001078
0.001094
0.001100
0.001101
0.001097
0.001088
0.001078
0.001071
0.001071
0.001072
0.001071
0.001071
0.001078
0.001090
0.001098
0.001095
0.001081
0.001059
0.001039
0.001027
0.001025
0.001029
0.001036
0.001037
0.001028
0.001009
0.000990
0.000985
0.000995
0.001009
0.001020
0.001028
0.001038
0.001048
0.001055
0.001057
0.001058
0.001057
0.001053
0.001047
0.001043
0.001041
0.001039
0.001037
0.001034
0.001033
0.001032
0.001028
0.001023
0.001017
0.001015
0.001020
0.001038
0.001066
0.001091
0.001107
0.001110
0.001103
0.001087
0.001066
0.001047
0.001039
0.001039
0.001038
0.001035
0.001035
0.001045
0.001061
0.001076
0.001086
0.001090
0.001088
0.001078
0.001064
0.001050
0.001039
0.001033
0.001032
0.001039
0.001050
0.001056
0.001056
0.001060
0.001075
0.001095
0.001107
0.001107
0.001100
0.001089
0.001073
0.001056
0.001048
0.001053
0.001066
0.001080
0.001092
0.001103
0.001109
0.001108
0.001102
0.001093
0.001084
0.001072
0.001060
0.001053
0.001055
0.001061
0.001066
0.001068
0.001068
0.001066
0.001058
0.001040
0.001017
0.000995
0.000977
0.000968
0.000968
0.000980
0.001002
0.001028
0.001047
0.001051
0.001043
0.001034
0.001029
0.001027
0.001022
0.001019
0.001025
0.001040
0.001061
0.001081
0.001095
0.001104
0.001108
0.001113
0.001119
0.001124
0.001124
0.001119
0.001110
0.001099
0.001087
0.001078
0.001078
0.001088
0.001106
0.001127
0.001144
0.001154
0.001156
0.001151
0.001143
0.001130
0.001116
0.001106
0.001108
0.001120
0.001133
0.001139
0.001141
0.001143
0.001144
0.001143
0.001139
0.001136
0.001134
0.001129
0.001118
0.001105
0.001093
0.001086
0.001083
0.001084
0.001089
0.001099
0.001113
0.001128
0.001139
0.001141
0.001137
0.001130
0.001119
0.001100
0.001076
0.001061
0.001063
0.001078
0.001091
0.001092
0.001085
0.001075
0.001068
0.001065
0.001066
0.001068
0.001068
0.001065
0.001063
0.001065
0.001067
0.001064
0.001058
0.001054
0.001051
0.001050
0.001054
0.001067
0.001087
0.001105
0.001116
0.001123
0.001127
0.001124
0.001111
0.001092
0.001078
0.001071
0.001068
0.001067
0.001067
0.001070
0.001072
0.001072
0.001075
0.001083
0.001091
0.001093
0.001089
0.001085
0.001086
0.001091
0.001099
0.001110
0.001127
0.001145
0.001158
0.001158
0.001149
0.001133
0.001112
0.001089
0.001067
0.001047
0.001031
0.001025
0.001036
0.001061
0.001087
0.001101
0.001103
0.001101
0.001103
0.001100
0.001087
0.001070
0.001058
0.001055
0.001060
0.001073
0.001089
0.001102
0.001104
0.001092
0.001073
0.001053
0.001038
0.001034
0.001046
0.001070
0.001098
0.001121
0.001136
0.001136
0.001120
0.001095
0.001079
0.001081
0.001094
0.001104
0.001106
0.001105
0.001108
0.001113
0.001118
0.001120
0.001113
0.001099
0.001082
0.001070
0.001068
0.001073
0.001078
0.001078
0.001075
0.001072
0.001071
0.001070
0.001064
0.001060
0.001064
0.001079
0.001096
0.001101
0.001092
0.001074
0.001054
0.001036
0.001024
0.001022
0.001028
0.001036
0.001040
0.001036
0.001026
0.001018
0.001018
0.001030
0.001047
0.001061
0.001068
0.001069
0.001070
0.001075
0.001082
0.001088
0.001092
0.001092
0.001088
0.001077
0.001060
0.001042
0.001027
0.001021
0.001022
0.001026
0.001030
0.001035
0.001042
0.001050
0.001053
0.001047
0.001034
0.001022
0.001022
0.001030
0.001037
0.001038
0.001040
0.001047
0.001055
0.001057
0.001057
0.001066
0.001085
0.001103
0.001107
0.001102
0.001102
0.001115
0.001135
0.001150
0.001153
0.001142
0.001131
0.001127
0.001129
0.001127
0.001115
0.001097
0.001080
0.001065
0.001053
0.001045
0.001045
0.001052
0.001061
0.001068
0.001071
0.001071
0.001069
0.001069
0.001076
0.001083
0.001088
0.001089
0.001089
0.001092
0.001095
0.001100
0.001107
0.001117
0.001122
0.001120
0.001113
0.001104
0.001093
0.001079
0.001065
0.001057
0.001060
0.001068
0.001075
0.001074
0.001067
0.001062
0.001067
0.001080
0.001094
0.001099
0.001092
0.001078
0.001069
0.001066
0.001065
0.001058
0.001048
0.001047
0.001063
0.001090
0.001113
0.001123
0.001124
0.001125
0.001130
0.001132
0.001122
0.001099
0.001076
0.001067
0.001077
0.001099
0.001121
0.001133
0.001135
0.001129
0.001118
0.001102
0.001087
0.001075
0.001068
0.001065
0.001064
0.001060
0.001051
0.001043
0.001043
0.001054
0.001068
0.001072
0.001064
0.001050
0.001040
0.001037
0.001040
0.001043
0.001040
0.001031
0.001018
0.001008
0.000998
0.000981
0.000957
0.000934
0.000928
0.000943
0.000971
0.001002
0.001026
0.001041
0.001045
0.001040
0.001036
0.001044
0.001066
0.001093
0.001113
0.001121
0.001118
0.001109
0.001096
0.001083
0.001074
0.001067
0.001062
0.001058
0.001057
0.001056
0.001047
0.001027
0.001008
0.001005
0.001019
0.001040
0.001058
0.001070
0.001078
0.001084
0.001085
0.001082
0.001079
0.001076
0.001071
0.001068
0.001072
0.001083
0.001098
0.001112
0.001125
0.001138
0.001146
0.001147
0.001140
0.001132
0.001126
0.001126
0.001130
0.001135
0.001135
0.001125
0.001106
0.001082
0.001058
0.001037
0.001020
0.001009
0.001004
0.001003
0.001006
0.001009
0.001012
0.001011
0.001005
0.000997
0.000992
0.000989
0.000992
0.001001
0.001015
0.001029
0.001035
0.001033
0.001029
0.001022
0.001014
0.001008
0.001008
0.001014
0.001020
0.001022
0.001022
0.001025
0.001033
0.001046
0.001062
0.001079
0.001096
0.001110
0.001117
0.001114
0.001097
0.001074
0.001058
0.001056
0.001060
0.001060
0.001051
0.001042
0.001039
0.001045
0.001054
0.001059
0.001059
0.001055
0.001049
0.001043
0.001031
0.001012
0.000990
0.000974
0.000969
0.000973
0.000984
0.001000
0.001019
0.001035
0.001039
0.001031
0.001018
0.001008
0.001001
0.000996
0.000990
0.000986
0.000988
0.000997
0.001007
0.001013
0.001011
0.001003
0.000991
0.000979
0.000968
0.000960
0.000955
0.000958
0.000969
0.000990
0.001014
0.001035
0.001045
0.001046
0.001042
0.001036
0.001026
0.001017
0.001017
0.001029
0.001047
0.001059
0.001059
0.001053
0.001051
0.001055
0.001059
0.001057
0.001051
0.001047
0.001046
0.001045
0.001043
0.001044
0.001051
0.001065
0.001079
0.001089
0.001091
0.001086
0.001079
0.001076
0.001077
0.001081
0.001081
0.001074
0.001057
0.001036
0.001022
0.001024
0.001043
0.001066
0.001084
0.001097
0.001109
0.001118
0.001126
0.001136
0.001149
0.001159
0.001154
0.001130
0.001099
0.001073
0.001058
0.001049
0.001040
0.001028
0.001014
0.001000
0.000994
0.000997
0.001008
0.001014
0.001011
0.001004
0.000999
0.000996
0.000986
0.000969
0.000955
0.000955
0.000965
0.000975
0.000980
0.000991
0.001012
0.001039
0.001061
0.001075
0.001087
0.001098
0.001102
0.001098
0.001093
0.001092
0.001092
0.001088
0.001081
0.001077
0.001079
0.001083
0.001089
0.001097
0.001104
0.001108
0.001106
0.001100
0.001094
0.001089
0.001086
0.001085
0.001087
0.001087
0.001080
0.001069
0.001060
0.001057
0.001055
0.001047
0.001026
0.000999
0.000975
0.000963
0.000962
0.000963
0.000963
0.000969
0.000984
0.001003
0.001017
0.001023
0.001027
0.001035
0.001045
0.001050
0.001050
0.001047
0.001045
0.001040
0.001032
0.001023
0.001019
0.001021
0.001027
0.001037
0.001049
0.001059
0.001065
0.001064
0.001060
0.001058
0.001059
0.001057
0.001051
0.001040
0.001031
0.001024
0.001022
0.001029
0.001046
0.001065
0.001076
0.001076
0.001068
0.001063
0.001062
0.001062
0.001060
0.001058
0.001058
0.001061
0.001067
0.001073
0.001079
0.001085
0.001091
0.001094
0.001090
0.001083
0.001079
0.001082
0.001088
0.001088
0.001083
0.001083
0.001092
0.001102
0.001101
0.001087
0.001066
0.001045
0.001023
0.001002
0.000991
0.000994
0.001009
0.001024
0.001035
0.001044
0.001053
0.001059
0.001060
0.001055
0.001047
0.001040
0.001034
0.001027
0.001019
0.001012
0.001006
0.001004
0.001004
0.001009
0.001019
0.001037
0.001061
0.001088
0.001113
0.001127
0.001126
0.001113
0.001096
0.001084
0.001076
0.001068
0.001063
0.001068
0.001086
0.001109
0.001124
0.001132
0.001137
0.001139
0.001136
0.001127
0.001114
0.001096
0.001078
0.001063
0.001055
0.001051
0.001048
0.001049
0.001057
0.001070
0.001073
0.001062
0.001045
0.001035
0.001033
0.001031
0.001027
0.001027
0.001033
0.001042
0.001047
0.001047
0.001048
0.001051
0.001054
0.001051
0.001043
0.001036
0.001033
0.001036
0.001044
0.001054
0.001067
0.001079
0.001092
0.001101
0.001101
0.001088
0.001064
0.001041
0.001031
0.001038
0.001056
0.001073
0.001086
0.001098
0.001108
0.001113
0.001111
0.001103
0.001093
0.001082
0.001076
0.001081
0.001095
0.001109
0.001113
0.001110
0.001111
0.001121
0.001132
0.001135
0.001125
0.001107
0.001089
0.001075
0.001070
0.001071
0.001075
0.001073
0.001068
0.001065
0.001065
0.001065
0.001063
0.001062
0.001064
0.001064
0.001059
0.001047
0.001033
0.001020
0.001009
0.001007
0.001019
0.001046
0.001076
0.001101
0.001119
0.001132
0.001144
0.001154
0.001161
0.001161
0.001147
0.001119
0.001082
0.001049
0.001025
0.001010
0.001000
0.000991
0.000987
0.000989
0.000998
0.001004
0.000995
0.000975
0.000952
0.000936
0.000925
0.000917
0.000913
0.000917
0.000928
0.000942
0.000958
0.000979
0.001001
0.001015
0.001020
0.001022
0.001030
0.001046
0.001066
0.001087
0.001110
0.001134
0.001153
0.001164
0.001166
0.001160
0.001149
0.001136
0.001127
0.001123
0.001121
0.001120
0.001119
0.001119
0.001119
0.001116
0.001108
0.001095
0.001078
0.001056
0.001031
0.001008
0.000994
0.000989
0.000988
0.000990
0.000992
0.000994
0.000999
0.001008
0.001024
0.001043
0.001054
0.001053
0.001048
0.001048
0.001055
0.001061
0.001062
0.001058
0.001053
0.001043
0.001028
0.001012
0.001004
0.001008
0.001021
0.001037
0.001049
0.001054
0.001055
0.001056
0.001060
0.001073
0.001093
0.001116
0.001128
0.001120
0.001100
0.001088
0.001091
0.001102
0.001105
0.001097
0.001083
0.001069
0.001061
0.001061
0.001065
0.001068
0.001066
0.001061
0.001063
0.001070
0.001076
0.001078
0.001077
0.001072
0.001064
0.001057
0.001059
0.001063
0.001059
0.001044
0.001031
0.001034
0.001052
0.001072
0.001084
0.001091
0.001097
0.001104
0.001111
0.001122
0.001134
0.001141
0.001141
0.001134
0.001123
0.001115
0.001114
0.001121
0.001127
0.001122
0.001103
0.001085
0.001084
0.001103
0.001124
0.001129
0.001118
0.001106
0.001101
0.001096
0.001082
0.001062
0.001048
0.001047
0.001052
0.001054
0.001045
0.001027
0.001007
0.000991
0.000987
0.000997
0.001016
0.001037
0.001055
0.001072
0.001085
0.001091
0.001092
0.001092
0.001091
0.001090
0.001089
0.001087
0.001083
0.001073
0.001064
0.001064
0.001075
0.001089
0.001099
0.001105
0.001104
0.001092
0.001069
0.001043
0.001029
0.001032
0.001044
0.001058
0.001067
0.001067
0.001057
0.001046
0.001044
0.001060
0.001088
0.001113
0.001126
0.001126
0.001116
0.001102
0.001090
0.001085
0.001086
0.001092
0.001103
0.001115
0.001120
0.001110
0.001085
0.001056
0.001033
0.001019
0.001009
0.000998
0.000987
0.000984
0.000993
0.001011
0.001031
0.001043
0.001046
0.001041
0.001034
0.001031
0.001037
0.001053
0.001067
0.001070
0.001060
0.001045
0.001034
0.001026
0.001016
0.001011
0.001020
0.001047
0.001083
0.001119
0.001148
0.001170
0.001183
0.001185
0.001182
0.001182
0.001189
0.001198
0.001198
0.001182
0.001154
0.001123
0.001096
0.001071
0.001050
0.001032
0.001022
0.001016
0.001014
0.001015
0.001019
0.001027
0.001034
0.001037
0.001035
0.001032
0.001029
0.001028
0.001026
0.001020
0.001011
0.001007
0.001015
0.001030
0.001046
0.001055
0.001058
0.001056
0.001051
0.001045
0.001038
0.001029
0.001022
0.001019
0.001026
0.001040
0.001055
0.001064
0.001068
0.001069
0.001074
0.001085
0.001099
0.001112
0.001119
0.001125
0.001135
0.001152
0.001165
0.001169
0.001166
0.001162
0.001159
0.001154
0.001139
0.001118
0.001096
0.001079
0.001069
0.001063
0.001059
0.001058
0.001062
0.001073
0.001090
0.001109
0.001127
0.001142
0.001151
0.001150
0.001144
0.001141
0.001141
0.001141
0.001134
0.001122
0.001114
0.001115
0.001125
0.001137
0.001144
0.001143
0.001135
0.001124
0.001114
0.001107
0.001102
0.001095
0.001090
0.001089
0.001096
0.001109
0.001117
0.001115
0.001102
0.001087
0.001074
0.001063
0.001049
0.001033
0.001018
0.001008
0.001009
0.001023
0.001047
0.001072
0.001085
0.001084
0.001075
0.001072
0.001075
0.001075
0.001065
0.001049
0.001038
0.001036
0.001037
0.001037
0.001039
0.001048
0.001063
0.001076
0.001082
0.001083
0.001086
0.001093
0.001106
0.001122
0.001136
0.001143
0.001143
0.001135
0.001128
0.001126
0.001135
0.001151
0.001166
0.001174
0.001177
0.001175
0.001166
0.001151
0.001136
0.001127
0.001129
0.001135
0.001145
0.001153
0.001156
0.001151
0.001140
0.001128
0.001115
0.001098
0.001077
0.001062
0.001056
0.001055
0.001053
0.001056
0.001072
0.001099
0.001125
0.001136
0.001130
0.001113
0.001098
0.001092
0.001093
0.001091
0.001081
0.001068
0.001061
0.001062
0.001066
0.001070
0.001076
0.001088
0.001105
0.001121
0.001132
0.001137
0.001135
0.001129
0.001122
0.001119
0.001116
0.001107
0.001092
0.001083
0.001089
0.001104
0.001114
0.001115
0.001114
0.001116
0.001117
0.001107
0.001091
0.001080
0.001079
0.001083
0.001088
0.001096
0.001105
0.001111
0.001108
0.001098
0.001085
0.001069
0.001052
0.001037
0.001027
0.001023
0.001024
0.001034
0.001049
0.001059
0.001057
0.001045
0.001036
0.001038
0.001051
0.001068
0.001082
0.001088
0.001091
0.001102
0.001130
0.001164
0.001186
0.001188
0.001175
0.001159
0.001147
0.001136
0.001125
0.001115
0.001105
0.001092
0.001078
0.001068
0.001066
0.001072
0.001082
0.001088
0.001088
0.001084
0.001078
0.001070
0.001060
0.001052
0.001051
0.001059
0.001070
0.001072
0.001062
0.001045
0.001031
0.001025
0.001022
0.001021
0.001022
0.001024
0.001026
0.001026
0.001027
0.001031
0.001036
0.001038
0.001041
0.001051
0.001065
0.001071
0.001059
0.001039
0.001025
0.001021
0.001015
0.001002
0.000986
0.000976
0.000969
0.000965
0.000961
0.000961
0.000968
0.000981
0.001000
0.001020
0.001036
0.001042
0.001041
0.001039
0.001040
0.001041
0.001037
0.001026
0.001015
0.001014
0.001028
0.001047
0.001060
0.001064
0.001062
0.001059
0.001057
0.001058
0.001061
0.001065
0.001064
0.001057
0.001046
0.001036
0.001025
0.001015
0.001010
0.001011
0.001016
0.001017
0.001016
0.001015
0.001019
0.001031
0.001050
0.001073
0.001092
0.001107
0.001121
0.001134
0.001138
0.001126
0.001102
0.001080
0.001070
0.001066
0.001062
0.001056
0.001051
0.001050
0.001053
0.001056
0.001057
0.001054
0.001050
0.001046
0.001042
0.001036
0.001025
0.001014
0.001008
0.001008
0.001014
0.001025
0.001040
0.001059
0.001075
0.001080
0.001074
0.001061
0.001051
0.001046
0.001045
0.001046
0.001050
0.001061
0.001079
0.001097
0.001112
0.001125
0.001141
0.001163
0.001182
0.001188
0.001176
0.001153
0.001128
0.001108
0.001095
0.001086
0.001080
0.001076
0.001075
0.001077
0.001079
0.001073
0.001057
0.001038
0.001027
0.001027
0.001033
0.001038
0.001038
0.001029
0.001011
0.000993
0.000984
0.000986
0.000991
0.000999
0.001012
0.001032
0.001050
0.001061
0.001065
0.001069
0.001072
0.001067
0.001054
0.001039
0.001031
0.001029
0.001029
0.001030
0.001031
0.001036
0.001046
0.001059
0.001070
0.001079
0.001089
0.001100
0.001108
0.001106
0.001094
0.001082
0.001072
0.001066
0.001068
0.001082
0.001105
0.001128
0.001140
0.001144
0.001144
0.001140
0.001132
0.001125
0.001125
0.001133
0.001147
0.001159
0.001164
0.001156
0.001137
0.001120
0.001115
0.001121
0.001123
0.001110
0.001085
0.001063
0.001054
0.001054
0.001055
0.001056
0.001063
0.001078
0.001098
0.001115
0.001121
0.001117
0.001103
0.001080
0.001054
0.001030
0.001015
0.001010
0.001012
0.001017
0.001022
0.001028
0.001038
0.001052
0.001067
0.001083
0.001103
0.001129
0.001154
0.001168
0.001166
0.001154
0.001137
0.001115
0.001088
0.001065
0.001053
0.001048
0.001036
0.001014
0.000995
0.000995
0.001014
0.001044
0.001071
0.001088
0.001089
0.001075
0.001058
0.001049
0.001049
0.001051
0.001045
0.001034
0.001029
0.001036
0.001054
0.001077
0.001093
0.001098
0.001094
0.001089
0.001090
0.001093
0.001089
0.001075
0.001059
0.001045
0.001036
0.001034
0.001041
0.001055
0.001066
0.001066
0.001055
0.001040
0.001027
0.001016
0.001008
0.001005
0.001008
0.001019
0.001035
0.001053
0.001066
0.001069
0.001064
0.001058
0.001051
0.001045
0.001040
0.001037
0.001036
0.001038
0.001046
0.001058
0.001063
0.001052
0.001031
0.001013
0.001008
0.001011
0.001017
0.001026
0.001038
0.001050
0.001060
0.001072
0.001082
0.001089
0.001094
0.001105
0.001121
0.001133
0.001133
0.001126
0.001119
0.001108
0.001092
0.001078
0.001073
0.001068
0.001045
0.001006
0.000969
0.000950
0.000952
0.000966
0.000986
0.001009
0.001034
0.001059
0.001084
0.001103
0.001112
0.001111
0.001108
0.001107
0.001108
0.001107
0.001101
0.001089
0.001071
0.001056
0.001052
0.001060
0.001069
0.001069
0.001061
0.001055
0.001058
0.001068
0.001079
0.001086
0.001092
0.001102
0.001115
0.001125
0.001127
0.001121
0.001110
0.001098
0.001089
0.001090
0.001100
0.001117
0.001134
0.001149
0.001159
0.001156
0.001141
0.001125
0.001123
0.001134
0.001148
0.001156
0.001160
0.001159
0.001150
0.001135
0.001119
0.001106
0.001098
0.001092
0.001088
0.001083
0.001078
0.001079
0.001090
0.001106
0.001115
0.001115
0.001114
0.001116
0.001119
0.001120
0.001123
0.001135
0.001152
0.001165
0.001166
0.001153
0.001130
0.001105
0.001089
0.001086
0.001087
0.001084
0.001077
0.001073
0.001076
0.001086
0.001102
0.001122
0.001137
0.001141
0.001139
0.001138
0.001140
0.001140
0.001135
0.001124
0.001106
0.001082
0.001057
0.001037
0.001022
0.001011
0.001004
0.001002
0.001006
0.001014
0.001027
0.001043
0.001056
0.001058
0.001051
0.001046
0.001047
0.001051
0.001058
0.001070
0.001084
0.001085
0.001069
0.001046
0.001033
0.001032
0.001032
0.001028
0.001023
0.001024
0.001028
0.001034
0.001045
0.001063
0.001083
0.001096
0.001095
0.001085
0.001071
0.001058
0.001047
0.001038
0.001031
0.001026
0.001022
0.001020
0.001018
0.001015
0.001010
0.001002
0.000997
0.001000
0.001013
0.001030
0.001044
0.001050
0.001044
0.001028
0.001014
0.001013
0.001024
0.001040
0.001055
0.001066
0.001073
0.001077
0.001078
0.001081
0.001084
0.001077
0.001055
0.001027
0.001005
0.000996
0.000997
0.001000
0.001005
0.001015
0.001033
0.001054
0.001068
0.001069
0.001062
0.001054
0.001046
0.001034
0.001018
0.001005
0.001004
0.001014
0.001027
0.001037
0.001039
0.001036
0.001031
0.001031
0.001037
0.001051
0.001069
0.001088
0.001104
0.001113
0.001113
0.001107
0.001100
0.001095
0.001088
0.001082
0.001078
0.001078
0.001078
0.001074
0.001065
0.001053
0.001046
0.001045
0.001052
0.001065
0.001082
0.001105
0.001129
0.001149
0.001157
0.001155
0.001148
0.001140
0.001127
0.001108
0.001083
0.001054
0.001029
0.001018
0.001028
0.001056
0.001090
0.001115
0.001121
0.001107
0.001079
0.001045
0.001018
0.001005
0.001005
0.001011
0.001014
0.001014
0.001018
0.001033
0.001055
0.001071
0.001069
0.001053
0.001040
0.001042
0.001057
0.001074
0.001089
0.001104
0.001123
0.001143
0.001158
0.001169
0.001176
0.001179
0.001173
0.001161
0.001149
0.001143
0.001141
0.001141
0.001144
0.001151
0.001155
0.001148
0.001130
0.001110
0.001094
0.001082
0.001075
0.001078
0.001091
0.001107
0.001114
0.001111
0.001102
0.001093
0.001092
0.001097
0.001106
0.001108
0.001102
0.001095
0.001093
0.001097
0.001102
0.001107
0.001113
0.001118
0.001115
0.001102
0.001081
0.001060
0.001043
0.001031
0.001026
0.001027
0.001031
0.001033
0.001034
0.001038
0.001051
0.001074
0.001102
0.001125
0.001136
0.001134
0.001123
0.001106
0.001085
0.001069
0.001060
0.001057
0.001050
0.001034
0.001015
0.001000
0.000995
0.001004
0.001028
0.001062
0.001094
0.001114
0.001122
0.001124
0.001121
0.001116
0.001108
0.001102
0.001096
0.001080
0.001051
0.001014
0.000985
0.000973
0.000980
0.000996
0.001016
0.001037
0.001057
0.001072
0.001075
0.001071
0.001069
0.001076
0.001087
0.001096
0.001099
0.001097
0.001091
0.001083
0.001078
0.001079
0.001083
0.001083
0.001082
0.001086
0.001100
0.001120
0.001136
0.001144
0.001145
0.001143
0.001141
0.001139
0.001135
0.001128
0.001119
0.001107
0.001094
0.001080
0.001069
0.001061
0.001060
0.001063
0.001067
0.001067
0.001064
0.001062
0.001069
0.001081
0.001091
0.001096
0.001098
0.001097
0.001090
0.001074
0.001054
0.001039
0.001038
0.001052
0.001076
0.001098
0.001110
0.001107
0.001091
0.001069
0.001044
0.001023
0.001009
0.001006
0.001012
0.001026
0.001045
0.001062
0.001067
0.001057
0.001045
0.001041
0.001042
0.001038
0.001024
0.001004
0.000985
0.000973
0.000970
0.000976
0.000986
0.000995
0.001004
0.001016
0.001030
0.001038
0.001036
0.001032
0.001037
0.001055
0.001085
0.001120
0.001150
0.001170
0.001179
0.001185
0.001192
0.001198
0.001196
0.001182
0.001160
0.001140
0.001129
0.001126
0.001122
0.001111
0.001095
0.001082
0.001076
0.001077
0.001083
0.001093
0.001104
0.001113
0.001120
0.001120
0.001112
0.001097
0.001081
0.001074
0.001072
0.001069
0.001058
0.001045
0.001036
0.001031
0.001023
0.001007
0.000989
0.000977
0.000982
0.001002
0.001032
0.001061
0.001088
0.001112
0.001131
0.001139
0.001135
0.001122
0.001104
0.001087
0.001073
0.001070
0.001076
0.001086
0.001090
0.001087
0.001078
0.001064
0.001051
0.001046
0.001050
0.001058
0.001059
0.001055
0.001051
0.001056
0.001069
0.001082
0.001090
0.001085
0.001067
0.001044
0.001029
0.001026
0.001033
0.001043
0.001047
0.001046
0.001043
0.001049
0.001065
0.001082
0.001084
0.001070
0.001051
0.001041
0.001041
0.001045
0.001050
0.001055
0.001060
0.001070
0.001083
0.001094
0.001096
0.001085
0.001066
0.001044
0.001021
0.001002
0.000992
0.000993
0.001002
0.001011
0.001019
0.001027
0.001038
0.001050
0.001062
0.001072
0.001077
0.001077
0.001076
0.001077
0.001078
0.001076
0.001073
0.001074
0.001077
0.001075
0.001062
0.001046
0.001038
0.001040
0.001046
0.001050
0.001053
0.001063
0.001079
0.001092
0.001100
0.001103
0.001104
0.001105
0.001104
0.001103
0.001103
0.001101
0.001094
0.001082
0.001068
0.001053
0.001039
0.001026
0.001018
0.001014
0.001013
0.001013
0.001016
0.001022
0.001025
0.001025
0.001021
0.001015
0.001005
0.000993
0.000990
0.001002
0.001025
0.001048
0.001063
0.001069
0.001066
0.001057
0.001049
0.001048
0.001053
0.001060
0.001067
0.001075
0.001082
0.001081
0.001070
0.001056
0.001054
0.001068
0.001091
0.001113
0.001129
0.001139
0.001141
0.001133
0.001118
0.001103
0.001094
0.001089
0.001082
0.001069
0.001054
0.001044
0.001043
0.001045
0.001048
0.001052
0.001059
0.001070
0.001083
0.001097
0.001109
0.001116
0.001113
0.001103
0.001097
0.001101
0.001110
0.001112
0.001100
0.001081
0.001067
0.001061
0.001061
0.001064
0.001070
0.001079
0.001088
0.001094
0.001099
0.001105
0.001107
0.001101
0.001084
0.001062
0.001044
0.001036
0.001038
0.001046
0.001058
0.001073
0.001088
0.001099
0.001096
0.001075
0.001043
0.001008
0.000977
0.000956
0.000943
0.000940
0.000945
0.000958
0.000973
0.000990
0.001006
0.001020
0.001032
0.001038
0.001035
0.001026
0.001018
0.001019
0.001027
0.001037
0.001044
0.001048
0.001053
0.001061
0.001069
0.001072
0.001065
0.001051
0.001036
0.001029
0.001032
0.001043
0.001058
0.001072
0.001076
0.001066
0.001047
0.001032
0.001028
0.001037
0.001051
0.001066
0.001079
0.001092
0.001104
0.001114
0.001118
0.001116
0.001111
0.001105
0.001098
0.001088
0.001080
0.001078
0.001081
0.001081
0.001080
0.001086
0.001101
0.001118
0.001130
0.001134
0.001130
0.001118
0.001100
0.001084
0.001073
0.001062
0.001046
0.001034
0.001036
0.001051
0.001069
0.001081
0.001089
0.001093
0.001087
0.001070
0.001053
0.001045
0.001046
0.001050
0.001053
0.001058
0.001069
0.001083
0.001094
0.001098
0.001094
0.001084
0.001072
0.001062
0.001059
0.001064
0.001073
0.001080
0.001084
0.001092
0.001106
0.001120
0.001125
0.001123
0.001124
0.001124
0.001113
0.001089
0.001068
0.001064
0.001073
0.001078
0.001073
0.001065
0.001059
0.001055
0.001048
0.001040
0.001033
0.001030
0.001038
0.001059
0.001090
0.001119
0.001138
0.001143
0.001137
0.001125
0.001110
0.001093
0.001075
0.001057
0.001044
0.001043
0.001053
0.001066
0.001073
0.001075
0.001075
0.001076
0.001076
0.001075
0.001075
0.001077
0.001078
0.001079
0.001082
0.001087
0.001092
0.001100
0.001111
0.001124
0.001135
0.001144
0.001151
0.001158
0.001159
0.001152
0.001139
0.001131
0.001129
0.001129
0.001124
0.001115
0.001107
0.001098
0.001088
0.001075
0.001066
0.001063
0.001064
0.001067
0.001077
0.001097
0.001118
0.001126
0.001119
0.001106
0.001097
0.001090
0.001083
0.001076
0.001072
0.001072
0.001074
0.001074
0.001070
0.001063
0.001054
0.001045
0.001045
0.001058
0.001079
0.001103
0.001119
0.001124
0.001119
0.001113
0.001110
0.001107
0.001097
0.001082
0.001071
0.001074
0.001087
0.001101
0.001109
0.001115
0.001125
0.001140
0.001153
0.001159
0.001153
0.001133
0.001100
0.001063
0.001037
0.001027
0.001028
0.001031
0.001034
0.001040
0.001052
0.001065
0.001075
0.001083
0.001090
0.001096
0.001098
0.001096
0.001091
0.001087
0.001084
0.001077
0.001064
0.001046
0.001030
0.001017
0.001006
0.000993
0.000983
0.000981
0.000991
0.001009
0.001024
0.001034
0.001040
0.001046
0.001058
0.001074
0.001085
0.001082
0.001068
0.001056
0.001056
0.001067
0.001082
0.001091
0.001093
0.001091
0.001091
0.001100
0.001115
0.001126
0.001124
0.001114
0.001105
0.001106
0.001114
0.001122
0.001127
0.001129
0.001131
0.001133
0.001135
0.001135
0.001132
0.001127
0.001128
0.001132
0.001135
0.001132
0.001127
0.001122
0.001118
0.001110
0.001099
0.001085
0.001071
0.001056
0.001039
0.001024
0.001017
0.001023
0.001040
0.001055
0.001056
0.001043
0.001030
0.001026
0.001034
0.001048
0.001065
0.001086
0.001104
0.001111
0.001107
0.001098
0.001091
0.001087
0.001080
0.001072
0.001065
0.001066
0.001078
0.001095
0.001114
0.001131
0.001140
0.001136
0.001115
0.001084
0.001057
0.001042
0.001034
0.001026
0.001017
0.001015
0.001018
0.001026
0.001037
0.001052
0.001071
0.001087
0.001094
0.001091
0.001085
0.001077
0.001068
0.001053
0.001034
0.001016
0.001005
0.001006
0.001016
0.001032
0.001051
0.001069
0.001080
0.001079
0.001069
0.001057
0.001051
0.001057
0.001074
0.001098
0.001119
0.001126
0.001116
0.001100
0.001087
0.001078
0.001067
0.001052
0.001041
0.001043
0.001058
0.001079
0.001098
0.001108
0.001106
0.001096
0.001083
0.001077
0.001080
0.001096
0.001119
0.001142
0.001154
0.001154
0.001148
0.001139
0.001126
0.001104
0.001077
0.001058
0.001057
0.001064
0.001067
0.001062
0.001056
0.001052
0.001047
0.001040
0.001033
0.001037
0.001053
0.001075
0.001092
0.001097
0.001091
0.001081
0.001076
0.001080
0.001088
0.001092
0.001086
0.001077
0.001072
0.001080
0.001100
0.001124
0.001142
0.001152
0.001159
0.001169
0.001182
0.001198
0.001216
0.001237
0.001258
0.001272
0.001275
0.001264
0.001242
0.001214
0.001190
0.001175
0.001168
0.001159
0.001143
0.001122
0.001099
0.001078
0.001068
0.001071
0.001084
0.001096
0.001101
0.001098
0.001091
0.001085
0.001082
0.001084
0.001089
0.001092
0.001090
0.001084
0.001078
0.001070
0.001060
0.001054
0.001055
0.001060
0.001062
0.001058
0.001056
0.001063
0.001083
0.001107
0.001122
0.001122
0.001106
0.001081
0.001054
0.001033
0.001026
0.001036
0.001057
0.001075
0.001081
0.001081
0.001081
0.001084
0.001091
0.001104
0.001121
0.001134
0.001134
0.001121
0.001102
0.001080
0.001053
0.001022
0.001001
0.000995
0.001001
0.001007
0.001012
0.001019
0.001026
0.001029
0.001030
0.001038
0.001055
0.001073
0.001080
0.001077
0.001076
0.001081
0.001088
0.001088
0.001076
0.001059
0.001046
0.001042
0.001048
0.001057
0.001059
0.001050
0.001032
0.001016
0.001009
0.001014
0.001030
0.001055
0.001081
0.001098
0.001096
0.001078
0.001057
0.001045
0.001046
0.001050
0.001050
0.001039
0.001023
0.001007
0.001001
0.001006
0.001017
0.001026
0.001028
0.001027
0.001025
0.001022
0.001024
0.001032
0.001044
0.001053
0.001058
0.001064
0.001075
0.001090
0.001103
0.001116
0.001130
0.001139
0.001136
0.001120
0.001105
0.001099
0.001097
0.001088
0.001067
0.001044
0.001029
0.001025
0.001026
0.001024
0.001021
0.001025
0.001040
0.001063
0.001081
0.001087
0.001089
0.001095
0.001106
0.001115
0.001119
0.001121
0.001125
0.001129
0.001126
0.001117
0.001106
0.001098
0.001096
0.001098
0.001098
0.001091
0.001076
0.001059
0.001047
0.001043
0.001052
0.001070
0.001092
0.001111
0.001122
0.001125
0.001120
0.001109
0.001098
0.001094
0.001099
0.001104
0.001105
0.001104
0.001108
0.001120
0.001133
0.001138
0.001134
0.001122
0.001108
0.001096
0.001090
0.001093
0.001100
0.001103
0.001096
0.001077
0.001054
0.001034
0.001018
0.001005
0.000998
0.000996
0.000996
0.000995
0.000991
0.000991
0.000998
0.001009
0.001022
0.001037
0.001056
0.001076
0.001092
0.001099
0.001104
0.001109
0.001112
0.001107
0.001094
0.001083
0.001082
0.001088
0.001093
0.001091
0.001085
0.001079
0.001071
0.001058
0.001046
0.001038
0.001033
0.001023
0.001010
0.001005
0.001012
0.001022
0.001028
0.001028
0.001029
0.001032
0.001037
0.001042
0.001044
0.001039
0.001023
0.001006
0.001000
0.001002
0.001001
0.000996
0.000997
0.001011
0.001035
0.001063
0.001091
0.001114
0.001122
0.001112
0.001093
0.001081
0.001081
0.001085
0.001089
0.001092
0.001095
0.001099
0.001104
0.001112
0.001122
0.001131
0.001137
0.001134
0.001121
0.001106
0.001097
0.001096
0.001096
0.001091
0.001084
0.001078
0.001075
0.001075
0.001080
0.001087
0.001087
0.001077
0.001065
0.001062
0.001070
0.001076
0.001073
0.001061
0.001046
0.001034
0.001027
0.001026
0.001029
0.001032
0.001029
0.001020
0.001006
0.000992
0.000990
0.001006
0.001036
0.001064
0.001080
0.001086
0.001083
0.001072
0.001053
0.001029
0.001008
0.000993
0.000989
0.000999
0.001020
0.001041
0.001052
0.001055
0.001054
0.001056
0.001061
0.001070
0.001082
0.001091
0.001088
0.001072
0.001050
0.001029
0.001016
0.001014
0.001025
0.001042
0.001056
0.001063
0.001065
0.001070
0.001082
0.001095
0.001103
0.001102
0.001096
0.001091
0.001091
0.001096
0.001102
0.001108
0.001114
0.001119
0.001120
0.001113
0.001102
0.001090
0.001080
0.001074
0.001075
0.001083
0.001094
0.001101
0.001100
0.001095
0.001094
0.001100
0.001113
0.001128
0.001139
0.001141
0.001137
0.001133
0.001135
0.001141
0.001140
0.001128
0.001110
0.001094
0.001084
0.001074
0.001059
0.001044
0.001039
0.001043
0.001050
0.001055
0.001062
0.001079
0.001102
0.001119
0.001124
0.001123
0.001121
0.001119
0.001115
0.001111
0.001111
0.001119
0.001134
0.001154
0.001175
0.001190
0.001192
0.001187
0.001183
0.001183
0.001181
0.001177
0.001178
0.001193
0.001214
0.001227
0.001230
0.001228
0.001220
0.001202
0.001174
0.001149
0.001142
0.001150
0.001161
0.001168
0.001169
0.001169
0.001167
0.001162
0.001153
0.001143
0.001134
0.001127
0.001120
0.001110
0.001093
0.001071
0.001050
0.001041
0.001048
0.001068
0.001093
0.001115
0.001131
0.001141
0.001143
0.001139
0.001130
0.001124
0.001123
0.001124
0.001125
0.001128
0.001135
0.001142
0.001141
0.001132
0.001122
0.001118
0.001122
0.001126
0.001125
0.001120
0.001120
0.001132
0.001152
0.001166
0.001167
0.001160
0.001151
0.001142
0.001132
0.001124
0.001124
0.001129
0.001132
0.001130
0.001124
0.001117
0.001111
0.001103
0.001089
0.001069
0.001048
0.001033
0.001025
0.001017
0.001003
0.000991
0.000993
0.001011
0.001032
0.001046
0.001056
0.001065
0.001070
0.001069
0.001062
0.001060
0.001063
0.001067
0.001069
0.001070
0.001074
0.001078
0.001074
0.001063
0.001053
0.001055
0.001065
0.001072
0.001067
0.001058
0.001055
0.001060
0.001067
0.001070
0.001070
0.001068
0.001064
0.001060
0.001057
0.001056
0.001050
0.001040
0.001035
0.001045
0.001064
0.001079
0.001083
0.001082
0.001082
0.001084
0.001088
0.001091
0.001089
0.001082
0.001071
0.001064
0.001060
0.001056
0.001053
0.001052
0.001056
0.001064
0.001077
0.001091
0.001101
0.001101
0.001093
0.001085
0.001078
0.001068
0.001057
0.001055
0.001071
0.001100
0.001125
0.001136
0.001130
0.001111
0.001086
0.001063
0.001049
0.001040
0.001033
0.001033
0.001046
0.001071
0.001094
0.001105
0.001107
0.001110
0.001120
0.001132
0.001142
0.001146
0.001143
0.001135
0.001127
0.001127
0.001138
0.001156
0.001170
0.001173
0.001166
0.001158
0.001155
0.001152
0.001144
0.001126
0.001100
0.001078
0.001068
0.001070
0.001075
0.001073
0.001066
0.001060
0.001060
0.001059
0.001049
0.001030
0.001014
0.001005
0.001004
0.001006
0.001005
0.001001
0.000995
0.000995
0.001004
0.001022
0.001041
0.001060
0.001080
0.001100
0.001108
0.001100
0.001076
0.001047
0.001021
0.001000
0.000987
0.000982
0.000985
0.000995
0.001009
0.001022
0.001033
0.001042
0.001052
0.001062
0.001067
0.001064
0.001054
0.001046
0.001042
0.001040
0.001041
0.001046
0.001057
0.001066
0.001066
0.001059
0.001058
0.001070
0.001088
0.001100
0.001101
0.001094
0.001088
0.001084
0.001080
0.001073
0.001062
0.001048
0.001033
0.001027
0.001032
0.001043
0.001053
0.001065
0.001086
0.001118
0.001148
0.001164
0.001166
0.001164
0.001161
0.001156
0.001144
0.001126
0.001101
0.001070
0.001037
0.001009
0.000990
0.000983
0.000987
0.001001
0.001016
0.001026
0.001030
0.001031
0.001031
0.001026
0.001016
0.001006
0.001005
0.001009
0.001013
0.001013
0.001013
0.001020
0.001034
0.001051
0.001068
0.001084
0.001101
0.001119
0.001132
0.001137
0.001137
0.001136
0.001139
0.001143
0.001147
0.001148
0.001145
0.001141
0.001139
0.001145
0.001157
0.001166
0.001164
0.001156
0.001148
0.001143
0.001138
0.001134
0.001137
0.001148
0.001160
0.001168
0.001169
0.001163
0.001150
0.001135
0.001125
0.001119
0.001108
0.001085
0.001058
0.001039
0.001034
0.001036
0.001037
0.001037
0.001040
0.001047
0.001055
0.001060
0.001058
0.001053
0.001048
0.001049
0.001056
0.001066
0.001076
0.001082
0.001085
0.001087
0.001090
0.001094
0.001096
0.001090
0.001077
0.001058
0.001037
0.001020
0.001006
0.000997
0.000992
0.000993
0.000998
0.001005
0.001016
0.001030
0.001045
0.001058
0.001067
0.001078
0.001098
0.001122
0.001139
0.001145
0.001146
0.001148
0.001144
0.001131
0.001112
0.001095
0.001086
0.001084
0.001085
0.001085
0.001075
0.001053
0.001024
0.001000
0.000990
0.000994
0.001007
0.001025
0.001038
0.001039
0.001028
0.001011
0.000996
0.000988
0.000985
0.000983
0.000977
0.000968
0.000962
0.000960
0.000958
0.000954
0.000951
0.000952
0.000957
0.000965
0.000977
0.000994
0.001010
0.001017
0.001017
0.001022
0.001031
0.001036
0.001029
0.001015
0.001005
0.001001
0.001004
0.001014
0.001034
0.001055
0.001070
0.001080
0.001087
0.001093
0.001098
0.001102
0.001106
0.001103
0.001087
0.001063
0.001045
0.001040
0.001047
0.001055
0.001059
0.001057
0.001053
0.001052
0.001054
0.001060
0.001066
0.001072
0.001076
0.001076
0.001071
0.001068
0.001071
0.001081
0.001093
0.001106
0.001121
0.001141
0.001163
0.001184
0.001201
0.001215
0.001222
0.001222
0.001211
0.001196
0.001182
0.001174
0.001172
0.001173
0.001172
0.001168
0.001160
0.001144
0.001123
0.001101
0.001086
0.001082
0.001090
0.001107
0.001124
0.001131
0.001121
0.001094
0.001063
0.001045
0.001049
0.001067
0.001080
0.001072
0.001051
0.001033
0.001029
0.001039
0.001058
0.001084
0.001114
0.001139
0.001154
0.001161
0.001163
0.001161
0.001153
0.001143
0.001136
0.001132
0.001123
0.001106
0.001089
0.001083
0.001087
0.001097
0.001109
0.001123
0.001138
0.001152
0.001160
0.001160
0.001155
0.001153
0.001157
0.001163
0.001162
0.001150
0.001135
0.001126
0.001120
0.001113
0.001106
0.001102
0.001101
0.001100
0.001095
0.001088
0.001083
0.001081
0.001078
0.001072
0.001063
0.001056
0.001053
0.001055
0.001060
0.001066
0.001073
0.001079
0.001084
0.001086
0.001088
0.001091
0.001092
0.001088
0.001078
0.001063
0.001042
0.001022
0.001011
0.001018
0.001038
0.001061
0.001081
0.001096
0.001104
0.001102
0.001089
0.001075
0.001066
0.001063
0.001060
0.001058
0.001065
0.001079
0.001094
0.001100
0.001098
0.001091
0.001082
0.001068
0.001055
0.001049
0.001053
0.001059
0.001058
0.001049
0.001041
0.001041
0.001050
0.001060
0.001065
0.001063
0.001057
0.001053
0.001051
0.001051
0.001049
0.001040
0.001021
0.000997
0.000978
0.000968
0.000968
0.000971
0.000972
0.000971
0.000975
0.000986
0.001003
0.001021
0.001035
0.001040
0.001034
0.001023
0.001018
0.001022
0.001029
0.001032
0.001030
0.001030
0.001034
0.001037
0.001032
0.001023
0.001020
0.001034
0.001059
0.001080
0.001085
0.001074
0.001059
0.001051
0.001050
0.001050
0.001051
0.001060
0.001084
0.001113
0.001131
0.001128
0.001112
0.001095
0.001086
0.001084
0.001085
0.001088
0.001094
0.001099
0.001095
0.001077
0.001054
0.001036
0.001033
0.001040
0.001048
0.001057
0.001067
0.001078
0.001083
0.001080
0.001072
0.001061
0.001045
0.001026
0.001014
0.001017
0.001032
0.001044
0.001049
0.001049
0.001051
0.001055
0.001061
0.001070
0.001083
0.001097
0.001111
0.001126
0.001140
0.001145
0.001136
0.001122
0.001112
0.001110
0.001111
0.001113
0.001119
0.001126
0.001130
0.001132
0.001142
0.001159
0.001171
0.001172
0.001165
0.001161
0.001161
0.001159
0.001157
0.001159
0.001162
0.001156
0.001141
0.001124
0.001116
0.001117
0.001121
0.001121
0.001113
0.001099
0.001081
0.001068
0.001063
0.001066
0.001074
0.001082
0.001090
0.001097
0.001104
0.001112
0.001119
0.001125
0.001130
0.001133
0.001131
0.001122
0.001110
0.001099
0.001088
0.001070
0.001048
0.001028
0.001017
0.001014
0.001017
0.001026
0.001042
0.001060
0.001074
0.001084
0.001093
0.001103
0.001110
0.001110
0.001104
0.001102
0.001111
0.001128
0.001142
0.001141
0.001128
0.001116
0.001114
0.001116
0.001112
0.001099
0.001083
0.001071
0.001070
0.001080
0.001101
0.001124
0.001139
0.001139
0.001125
0.001106
0.001091
0.001086
0.001090
0.001095
0.001093
0.001082
0.001068
0.001059
0.001060
0.001067
0.001076
0.001084
0.001086
0.001082
0.001073
0.001062
0.001052
0.001045
0.001045
0.001055
0.001071
0.001084
0.001089
0.001084
0.001070
0.001051
0.001032
0.001018
0.001011
0.001011
0.001018
0.001028
0.001033
0.001026
0.001011
0.001002
0.001006
0.001017
0.001025
0.001025
0.001023
0.001022
0.001015
0.001000
0.000988
0.000992
0.001014
0.001046
0.001077
0.001102
0.001120
0.001126
0.001120
0.001107
0.001092
0.001083
0.001084
0.001096
0.001111
0.001119
0.001116
0.001106
0.001093
0.001079
0.001064
0.001056
0.001062
0.001077
0.001090
0.001092
0.001088
0.001087
0.001093
0.001099
0.001103
0.001100
0.001090
0.001073
0.001052
0.001033
0.001022
0.001019
0.001025
0.001039
0.001060
0.001081
0.001098
0.001110
0.001122
0.001135
0.001144
0.001147
0.001146
0.001145
0.001144
0.001141
0.001137
0.001135
0.001140
0.001147
0.001149
0.001142
0.001128
0.001114
0.001101
0.001089
0.001073
0.001055
0.001040
0.001031
0.001025
0.001018
0.001013
0.001015
0.001023
0.001026
0.001023
0.001024
0.001038
0.001058
0.001066
0.001057
0.001046
0.001044
0.001050
0.001055
0.001059
0.001065
0.001073
0.001077
0.001077
0.001077
0.001080
0.001086
0.001093
0.001104
0.001126
0.001157
0.001185
0.001198
0.001199
0.001195
0.001190
0.001185
0.001179
0.001177
0.001178
0.001173
0.001156
0.001129
0.001103
0.001084
0.001074
0.001073
0.001083
0.001097
0.001108
0.001112
0.001113
0.001110
0.001102
0.001091
0.001081
0.001077
0.001075
0.001069
0.001061
0.001054
0.001052
0.001054
0.001061
0.001071
0.001077
0.001078
0.001074
0.001070
0.001068
0.001069
0.001077
0.001090
0.001100
0.001099
0.001088
0.001076
0.001064
0.001049
0.001029
0.001014
0.001009
0.001012
0.001021
0.001037
0.001057
0.001071
0.001070
0.001057
0.001044
0.001037
0.001036
0.001041
0.001052
0.001066
0.001077
0.001081
0.001082
0.001081
0.001078
0.001067
0.001048
0.001030
0.001023
0.001031
0.001050
0.001070
0.001086
0.001099
0.001113
0.001124
0.001125
0.001114
0.001101
0.001095
0.001096
0.001095
0.001090
0.001085
0.001085
0.001087
0.001087
0.001086
0.001088
0.001095
0.001101
0.001103
0.001104
0.001107
0.001111
0.001115
0.001116
0.001115
0.001109
0.001095
0.001083
0.001081
0.001091
0.001104
0.001115
0.001125
0.001138
0.001153
0.001165
0.001170
0.001168
0.001164
0.001158
0.001149
0.001132
0.001113
0.001101
0.001104
0.001117
0.001127
0.001124
0.001112
0.001098
0.001087
0.001079
0.001077
0.001085
0.001102
0.001119
0.001129
0.001131
0.001127
0.001119
0.001106
0.001089
0.001071
0.001057
0.001048
0.001047
0.001053
0.001065
0.001077
0.001084
0.001086
0.001086
0.001088
0.001090
0.001090
0.001088
0.001088
0.001090
0.001092
0.001096
0.001102
0.001107
0.001112
0.001114
0.001112
0.001105
0.001090
0.001073
0.001061
0.001058
0.001060
0.001066
0.001076
0.001093
0.001110
0.001125
0.001137
0.001149
0.001159
0.001162
0.001156
0.001140
0.001117
0.001095
0.001083
0.001088
0.001103
0.001115
0.001114
0.001108
0.001107
0.001113
0.001120
0.001118
0.001106
0.001086
0.001065
0.001051
0.001049
0.001057
0.001070
0.001085
0.001100
0.001115
0.001128
0.001134
0.001128
0.001108
0.001082
0.001061
0.001053
0.001057
0.001068
0.001082
0.001093
0.001096
0.001090
0.001084
0.001087
0.001104
0.001126
0.001143
0.001151
0.001152
0.001149
0.001140
0.001126
0.001108
0.001089
0.001072
0.001055
0.001035
0.001016
0.001001
0.000994
0.000995
0.001004
0.001019
0.001035
0.001048
0.001055
0.001060
0.001065
0.001072
0.001076
0.001078
0.001078
0.001077
0.001073
0.001066
0.001059
0.001054
0.001051
0.001050
0.001053
0.001058
0.001065
0.001070
0.001075
0.001078
0.001078
0.001071
0.001057
0.001044
0.001041
0.001049
0.001058
0.001055
0.001044
0.001034
0.001031
0.001028
0.001017
0.001003
0.000995
0.000996
0.000998
0.000998
0.000998
0.001002
0.001013
0.001028
0.001045
0.001059
0.001067
0.001065
0.001055
0.001039
0.001018
0.000994
0.000974
0.000966
0.000972
0.000984
0.000998
0.001011
0.001025
0.001037
0.001049
0.001061
0.001074
0.001085
0.001088
0.001079
0.001063
0.001047
0.001039
0.001040
0.001042
0.001042
0.001036
0.001027
0.001017
0.001009
0.001008
0.001016
0.001034
0.001052
0.001064
0.001071
0.001079
0.001092
0.001105
0.001110
0.001104
0.001091
0.001075
0.001064
0.001064
0.001077
0.001097
0.001114
0.001119
0.001110
0.001091
0.001067
0.001046
0.001034
0.001034
0.001034
0.001029
0.001023
0.001023
0.001031
0.001036
0.001033
0.001030
0.001035
0.001048
0.001062
0.001071
0.001073
0.001070
0.001063
0.001057
0.001057
0.001056
0.001051
0.001046
0.001049
0.001058
0.001064
0.001059
0.001048
0.001043
0.001046
0.001050
0.001046
0.001035
0.001023
0.001016
0.001019
0.001027
0.001036
0.001045
0.001057
0.001068
0.001073
0.001072
0.001070
0.001072
0.001075
0.001074
0.001066
0.001052
0.001036
0.001024
0.001026
0.001043
0.001066
0.001080
0.001080
0.001071
0.001062
0.001059
0.001066
0.001074
0.001071
0.001056
0.001036
0.001028
0.001034
0.001047
0.001059
0.001063
0.001058
0.001045
0.001032
0.001028
0.001034
0.001043
0.001051
0.001061
0.001076
0.001093
0.001106
0.001116
0.001122
0.001123
0.001114
0.001094
0.001073
0.001057
0.001052
0.001051
0.001049
0.001044
0.001038
0.001035
0.001037
0.001042
0.001046
0.001047
0.001047
0.001048
0.001054
0.001067
0.001083
0.001095
0.001104
0.001111
0.001121
0.001129
0.001133
0.001131
0.001126
0.001120
0.001113
0.001101
0.001080
0.001050
0.001022
0.001006
0.001001
0.000999
0.000992
0.000985
0.000983
0.000986
0.000990
0.000994
0.001000
0.001007
0.001010
0.001009
0.001011
0.001018
0.001030
0.001044
0.001060
0.001078
0.001093
0.001105
0.001118
0.001132
0.001141
0.001137
0.001124
0.001112
0.001110
0.001120
0.001139
0.001161
0.001175
0.001170
0.001143
0.001102
0.001062
0.001031
0.001016
0.001016
0.001026
0.001040
0.001051
0.001059
0.001065
0.001066
0.001064
0.001058
0.001052
0.001049
0.001051
0.001062
0.001078
0.001096
0.001109
0.001117
0.001123
0.001125
0.001121
0.001116
0.001121
0.001136
0.001147
0.001143
0.001127
0.001113
0.001107
0.001103
0.001100
0.001103
0.001118
0.001137
0.001149
0.001147
0.001134
0.001116
0.001094
0.001072
0.001051
0.001038
0.001035
0.001043
0.001059
0.001074
0.001082
0.001084
0.001086
0.001092
0.001100
0.001108
0.001113
0.001111
0.001100
0.001084
0.001068
0.001059
0.001057
0.001056
0.001055
0.001053
0.001053
0.001055
0.001060
0.001068
0.001078
0.001085
0.001081
0.001065
0.001043
0.001020
0.001004
0.000998
0.001002
0.001012
0.001024
0.001033
0.001036
0.001032
0.001022
0.001011
0.001002
0.001001
0.001010
0.001026
0.001042
0.001052
0.001058
0.001063
0.001069
0.001074
0.001081
0.001090
0.001099
0.001107
0.001115
0.001121
0.001120
0.001112
0.001102
0.001098
0.001098
0.001094
0.001084
0.001079
0.001087
0.001107
0.001127
0.001143
0.001155
0.001165
0.001167
0.001159
0.001151
0.001149
0.001155
0.001160
0.001154
0.001136
0.001115
0.001099
0.001098
0.001108
0.001119
0.001122
0.001115
0.001107
0.001102
0.001095
0.001084
0.001073
0.001070
0.001073
0.001079
0.001083
0.001087
0.001092
0.001095
0.001092
0.001090
0.001095
0.001106
0.001118
0.001124
0.001124
0.001122
0.001122
0.001121
0.001113
0.001093
0.001065
0.001042
0.001031
0.001027
0.001024
0.001019
0.001019
0.001027
0.001035
0.001042
0.001048
0.001061
0.001077
0.001090
0.001096
0.001096
0.001092
0.001085
0.001079
0.001074
0.001066
0.001052
0.001036
0.001022
0.001013
0.001008
0.001004
0.001006
0.001020
0.001041
0.001059
0.001067
0.001067
0.001062
0.001056
0.001051
0.001050
0.001055
0.001065
0.001077
0.001088
0.001094
0.001098
0.001100
0.001101
0.001098
0.001089
0.001076
0.001063
0.001053
0.001047
0.001045
0.001048
0.001056
0.001065
0.001068
0.001060
0.001045
0.001029
0.001015
0.001006
0.001002
0.001005
0.001015
0.001026
0.001035
0.001042
0.001051
0.001066
0.001088
0.001109
0.001122
0.001123
0.001116
0.001104
0.001091
0.001082
0.001077
0.001076
0.001076
0.001078
0.001085
0.001095
0.001105
0.001109
0.001104
0.001097
0.001093
0.001093
0.001096
0.001096
0.001092
0.001085
0.001079
0.001076
0.001077
0.001083
0.001092
0.001104
0.001116
0.001124
0.001122
0.001108
0.001089
0.001076
0.001077
0.001089
0.001104
0.001119
0.001137
0.001156
0.001167
0.001163
0.001147
0.001124
0.001103
0.001087
0.001079
0.001075
0.001069
0.001056
0.001043
0.001037
0.001042
0.001052
0.001064
0.001073
0.001079
0.001083
0.001089
0.001098
0.001110
0.001125
0.001138
0.001141
0.001133
0.001121
0.001114
0.001113
0.001109
0.001101
0.001101
0.001117
0.001139
0.001152
0.001151
0.001145
0.001143
0.001141
0.001134
0.001124
0.001118
0.001117
0.001117
0.001110
0.001092
0.001062
0.001033
0.001017
0.001019
0.001030
0.001040
0.001045
0.001048
0.001048
0.001042
0.001035
0.001034
0.001041
0.001051
0.001059
0.001062
0.001058
0.001052
0.001049
0.001051
0.001054
0.001053
0.001048
0.001039
0.001024
0.001003
0.000983
0.000976
0.000985
0.001007
0.001032
0.001050
0.001052
0.001036
0.001015
0.001001
0.000997
0.000997
0.000992
0.000985
0.000983
0.000992
0.001009
0.001031
0.001045
0.001048
0.001048
0.001054
0.001061
0.001061
0.001052
0.001048
0.001056
0.001067
0.001069
0.001064
0.001058
0.001054
0.001048
0.001039
0.001033
0.001034
0.001038
0.001045
0.001058
0.001073
0.001084
0.001086
0.001082
0.001078
0.001074
0.001069
0.001062
0.001059
0.001061
0.001064
0.001063
0.001056
0.001046
0.001034
0.001022
0.001012
0.001009
0.001017
0.001035
0.001056
0.001075
0.001093
0.001110
0.001118
0.001113
0.001094
0.001070
0.001050
0.001041
0.001047
0.001062
0.001077
0.001084
0.001088
0.001091
0.001093
0.001092
0.001090
0.001094
0.001104
0.001107
0.001098
0.001082
0.001070
0.001063
0.001059
0.001056
0.001059
0.001069
0.001084
0.001099
0.001112
0.001125
0.001134
0.001134
0.001126
0.001113
0.001106
0.001110
0.001119
0.001123
0.001120
0.001113
0.001109
0.001105
0.001097
0.001083
0.001068
0.001062
0.001065
0.001073
0.001075
0.001065
0.001048
0.001031
0.001020
0.001014
0.001012
0.001015
0.001032
0.001059
0.001086
0.001100
0.001102
0.001101
0.001107
0.001118
0.001125
0.001121
0.001108
0.001091
0.001080
0.001076
0.001082
0.001096
0.001114
0.001130
0.001138
0.001137
0.001129
0.001124
0.001127
0.001136
0.001139
0.001132
0.001124
0.001123
0.001124
0.001118
0.001099
0.001074
0.001049
0.001033
0.001032
0.001049
0.001074
0.001093
0.001098
0.001097
0.001099
0.001104
0.001106
0.001101
0.001092
0.001080
0.001063
0.001044
0.001035
0.001039
0.001051
0.001063
0.001072
0.001079
0.001084
0.001088
0.001092
0.001103
0.001117
0.001126
0.001121
0.001105
0.001088
0.001080
0.001078
0.001078
0.001074
0.001071
0.001074
0.001084
0.001094
0.001097
0.001089
0.001080
0.001078
0.001088
0.001106
0.001125
0.001141
0.001152
0.001158
0.001159
0.001156
0.001150
0.001137
0.001114
0.001084
0.001055
0.001038
0.001033
0.001038
0.001048
0.001062
0.001077
0.001093
0.001110
0.001130
0.001151
0.001170
0.001184
0.001193
0.001198
0.001196
0.001188
0.001177
0.001167
0.001160
0.001158
0.001159
0.001160
0.001156
0.001148
0.001139
0.001136
0.001140
0.001144
0.001143
0.001138
0.001134
0.001135
0.001138
0.001137
0.001135
0.001138
0.001141
0.001138
0.001124
0.001109
0.001102
0.001102
0.001101
0.001100
0.001105
0.001120
0.001135
0.001141
0.001136
0.001127
0.001118
0.001111
0.001107
0.001109
0.001113
0.001114
0.001111
0.001106
0.001102
0.001101
0.001107
0.001118
0.001128
0.001129
0.001125
0.001124
0.001126
0.001125
0.001123
0.001128
0.001145
0.001165
0.001177
0.001179
0.001182
0.001186
0.001183
0.001170
0.001158
0.001157
0.001166
0.001175
0.001180
0.001181
0.001179
0.001170
0.001150
0.001120
0.001086
0.001058
0.001041
0.001033
0.001025
0.001009
0.000990
0.000978
0.000976
0.000982
0.000992
0.001009
0.001031
0.001051
0.001063
0.001067
0.001068
0.001066
0.001064
0.001068
0.001076
0.001083
0.001082
0.001072
0.001063
0.001058
0.001057
0.001061
0.001068
0.001078
0.001085
0.001087
0.001083
0.001078
0.001074
0.001073
0.001074
0.001077
0.001081
0.001083
0.001085
0.001086
0.001089
0.001093
0.001093
0.001085
0.001067
0.001049
0.001044
0.001052
0.001061
0.001061
0.001055
0.001054
0.001062
0.001072
0.001076
0.001075
0.001074
0.001075
0.001078
0.001081
0.001083
0.001081
0.001074
0.001069
0.001073
0.001083
0.001093
0.001093
0.001086
0.001081
0.001086
0.001099
0.001110
0.001111
0.001102
0.001087
0.001075
0.001069
0.001071
0.001080
0.001092
0.001102
0.001109
0.001115
0.001115
0.001106
0.001089
0.001074
0.001071
0.001079
0.001085
0.001079
0.001064
0.001049
0.001040
0.001041
0.001050
0.001068
0.001089
0.001104
0.001106
0.001098
0.001085
0.001068
0.001048
0.001026
0.001006
0.000996
0.000999
0.001014
0.001036
0.001060
0.001085
0.001105
0.001118
0.001125
0.001126
0.001121
0.001104
0.001079
0.001060
0.001061
0.001081
0.001103
0.001111
0.001098
0.001073
0.001046
0.001025
0.001018
0.001023
0.001035
0.001047
0.001057
0.001070
0.001088
0.001108
0.001126
0.001140
0.001153
0.001166
0.001175
0.001177
0.001169
0.001155
0.001141
0.001131
0.001126
0.001124
0.001123
0.001120
0.001118
0.001123
0.001139
0.001162
0.001181
0.001187
0.001179
0.001164
0.001149
0.001140
0.001140
0.001145
0.001151
0.001154
0.001154
0.001151
0.001142
0.001127
0.001113
0.001110
0.001121
0.001136
0.001144
0.001146
0.001142
0.001131
0.001110
0.001087
0.001069
0.001061
0.001061
0.001069
0.001085
0.001106
0.001120
0.001117
0.001100
0.001075
0.001050
0.001032
0.001030
0.001047
0.001075
0.001100
0.001112
0.001109
0.001101
0.001093
0.001088
0.001083
0.001078
0.001078
0.001091
0.001114
0.001140
0.001157
0.001166
0.001169
0.001167
0.001160
0.001155
0.001158
0.001168
0.001174
0.001168
0.001149
0.001127
0.001108
0.001095
0.001088
0.001086
0.001085
0.001083
0.001082
0.001082
0.001083
0.001085
0.001088
0.001087
0.001078
0.001061
0.001045
0.001033
0.001024
0.001014
0.001001
0.000991
0.000988
0.000992
0.000999
0.001006
0.001011
0.001016
0.001024
0.001034
0.001047
0.001064
0.001080
0.001085
0.001071
0.001042
0.001015
0.001001
0.001000
0.001007
0.001021
0.001040
0.001055
0.001057
0.001051
0.001050
0.001059
0.001071
0.001075
0.001067
0.001058
0.001059
0.001071
0.001083
0.001086
0.001079
0.001073
0.001073
0.001074
0.001070
0.001057
0.001036
0.001010
0.000987
0.000979
0.000988
0.001001
0.001007
0.001007
0.001011
0.001025
0.001043
0.001057
0.001067
0.001075
0.001082
0.001090
0.001102
0.001119
0.001134
0.001143
0.001144
0.001135
0.001117
0.001098
0.001086
0.001085
0.001089
0.001096
0.001107
0.001121
0.001133
0.001140
0.001143
0.001150
0.001163
0.001174
0.001174
0.001160
0.001139
0.001121
0.001110
0.001103
0.001093
0.001085
0.001082
0.001084
0.001085
0.001083
0.001083
0.001084
0.001083
0.001079
0.001084
0.001102
0.001123
0.001134
0.001134
0.001130
0.001126
0.001124
0.001126
0.001134
0.001147
0.001156
0.001161
0.001160
0.001151
0.001133
0.001115
0.001106
0.001105
0.001102
0.001092
0.001080
0.001073
0.001070
0.001067
0.001065
0.001065
0.001067
0.001065
0.001060
0.001049
0.001034
0.001020
0.001010
0.001009
0.001019
0.001040
0.001066
0.001091
0.001108
0.001112
0.001104
0.001085
0.001057
0.001034
0.001023
0.001021
0.001016
0.001004
0.000995
0.000995
0.001001
0.001004
0.001006
0.001011
0.001019
0.001028
0.001039
0.001054
0.001070
0.001078
0.001077
0.001069
0.001058
0.001047
0.001038
0.001034
0.001033
0.001029
0.001020
0.001011
0.001006
0.001011
0.001025
0.001045
0.001062
0.001068
0.001066
0.001061
0.001061
0.001064
0.001069
0.001073
0.001079
0.001088
0.001101
0.001112
0.001114
0.001103
0.001085
0.001069
0.001062
0.001062
0.001069
0.001077
0.001082
0.001081
0.001073
0.001064
0.001057
0.001056
0.001063
0.001077
0.001090
0.001094
0.001087
0.001078
0.001077
0.001085
0.001094
0.001098
0.001099
0.001104
0.001113
0.001125
0.001132
0.001136
0.001137
0.001138
0.001141
0.001143
0.001144
0.001145
0.001147
0.001149
0.001150
0.001150
0.001144
0.001135
0.001126
0.001125
0.001131
0.001138
0.001147
0.001155
0.001158
0.001151
0.001140
0.001134
0.001137
0.001139
0.001131
0.001115
0.001099
0.001091
0.001093
0.001103
0.001119
0.001131
0.001131
0.001120
0.001111
0.001111
0.001117
0.001121
0.001122
0.001121
0.001123
0.001124
0.001122
0.001112
0.001091
0.001069
0.001054
0.001052
0.001057
0.001061
0.001059
0.001052
0.001042
0.001037
0.001045
0.001064
0.001086
0.001100
0.001106
0.001109
0.001111
0.001107
0.001096
0.001089
0.001090
0.001099
0.001107
0.001107
0.001095
0.001068
0.001036
0.001009
0.000999
0.001000
0.000998
0.000989
0.000980
0.000980
0.000986
0.000990
0.000990
0.000994
0.001004
0.001018
0.001030
0.001036
0.001040
0.001044
0.001053
0.001068
0.001086
0.001099
0.001105
0.001107
0.001109
0.001111
0.001112
0.001120
0.001136
0.001151
0.001156
0.001149
0.001139
0.001131
0.001126
0.001124
0.001126
0.001127
0.001119
0.001098
0.001074
0.001057
0.001051
0.001049
0.001045
0.001040
0.001038
0.001041
0.001048
0.001057
0.001068
0.001079
0.001092
0.001109
0.001125
0.001133
0.001127
0.001108
0.001081
0.001053
0.001031
0.001020
0.001022
0.001034
0.001049
0.001062
0.001066
0.001061
0.001048
0.001035
0.001027
0.001025
0.001026
0.001026
0.001026
0.001029
0.001035
0.001039
0.001036
0.001033
0.001037
0.001052
0.001065
0.001063
0.001046
0.001031
0.001031
0.001045
0.001056
0.001057
0.001050
0.001046
0.001045
0.001045
0.001045
0.001048
0.001057
0.001068
0.001077
0.001082
0.001082
0.001078
0.001072
0.001065
0.001058
0.001047
0.001034
0.001021
0.001017
0.001021
0.001030
0.001038
0.001042
0.001041
0.001041
0.001043
0.001048
0.001054
0.001061
0.001073
0.001086
0.001094
0.001096
0.001096
0.001097
0.001098
0.001096
0.001091
0.001086
0.001080
0.001072
0.001061
0.001052
0.001048
0.001049
0.001052
0.001052
0.001050
0.001045
0.001039
0.001033
0.001031
0.001034
0.001042
0.001051
0.001059
0.001060
0.001056
0.001051
0.001052
0.001061
0.001075
0.001092
0.001106
0.001114
0.001117
0.001117
0.001114
0.001107
0.001099
0.001095
0.001098
0.001105
0.001109
0.001103
0.001089
0.001072
0.001059
0.001051
0.001047
0.001043
0.001041
0.001043
0.001047
0.001053
0.001061
0.001073
0.001083
0.001086
0.001079
0.001067
0.001057
0.001055
0.001059
0.001063
0.001065
0.001062
0.001060
0.001063
0.001068
0.001068
0.001059
0.001049
0.001042
0.001042
0.001045
0.001053
0.001065
0.001074
0.001074
0.001061
0.001045
0.001036
0.001037
0.001045
0.001055
0.001062
0.001067
0.001070
0.001068
0.001060
0.001046
0.001035
0.001034
0.001038
0.001039
0.001033
0.001029
0.001035
0.001046
0.001051
0.001045
0.001035
0.001032
0.001038
0.001054
0.001076
0.001096
0.001108
0.001110
0.001106
0.001104
0.001108
0.001122
0.001145
0.001174
0.001199
0.001211
0.001210
0.001196
0.001174
0.001145
0.001118
0.001100
0.001097
0.001105
0.001114
0.001113
0.001101
0.001084
0.001072
0.001070
0.001077
0.001086
0.001095
0.001104
0.001109
0.001104
0.001087
0.001066
0.001055
0.001060
0.001074
0.001089
0.001096
0.001099
0.001100
0.001098
0.001091
0.001079
0.001069
0.001065
0.001070
0.001078
0.001088
0.001097
0.001104
0.001112
0.001123
0.001133
0.001134
0.001121
0.001099
0.001079
0.001068
0.001065
0.001065
0.001068
0.001080
0.001098
0.001111
0.001114
0.001108
0.001100
0.001091
0.001083
0.001080
0.001092
0.001118
0.001148
0.001166
0.001163
0.001142
0.001111
0.001081
0.001060
0.001054
0.001059
0.001068
0.001073
0.001069
0.001059
0.001050
0.001048
0.001056
0.001074
0.001096
0.001115
0.001124
0.001120
0.001106
0.001093
0.001089
0.001095
0.001104
0.001105
0.001099
0.001092
0.001088
0.001080
0.001064
0.001045
0.001034
0.001036
0.001048
0.001062
0.001074
0.001082
0.001088
0.001097
0.001110
0.001123
0.001127
0.001118
0.001102
0.001090
0.001088
0.001099
0.001116
0.001138
0.001163
0.001190
0.001215
0.001231
0.001233
0.001224
0.001211
0.001196
0.001178
0.001156
0.001137
0.001127
0.001126
0.001130
0.001131
0.001125
0.001114
0.001106
0.001110
0.001128
0.001151
0.001166
0.001168
0.001161
0.001156
0.001160
0.001175
0.001191
0.001199
0.001196
0.001185
0.001170
0.001156
0.001143
0.001133
0.001125
0.001114
0.001102
0.001096
0.001102
0.001115
0.001129
0.001144
0.001159
0.001173
0.001182
0.001190
0.001200
0.001205
0.001194
0.001167
0.001138
0.001116
0.001099
0.001083
0.001072
0.001071
0.001075
0.001074
0.001064
0.001053
0.001044
0.001040
0.001037
0.001034
0.001030
0.001026
0.001028
0.001040
0.001061
0.001082
0.001094
0.001101
0.001107
0.001116
0.001125
0.001132
0.001132
0.001122
0.001105
0.001089
0.001083
0.001089
0.001100
0.001109
0.001111
0.001104
0.001090
0.001071
0.001055
0.001049
0.001057
0.001069
0.001073
0.001064
0.001048
0.001035
0.001030
0.001035
0.001050
0.001071
0.001085
0.001084
0.001068
0.001050
0.001037
0.001023
0.001004
0.000986
0.000978
0.000981
0.000983
0.000980
0.000979
0.000990
0.001011
0.001033
0.001048
0.001055
0.001056
0.001053
0.001052
0.001056
0.001062
0.001060
0.001048
0.001036
0.001035
0.001045
0.001054
0.001054
0.001048
0.001043
0.001040
0.001037
0.001031
0.001026
0.001024
0.001024
0.001023
0.001018
0.001013
0.001013
0.001021
0.001033
0.001046
0.001059
0.001074
0.001091
0.001102
0.001097
0.001080
0.001066
0.001069
0.001083
0.001097
0.001102
0.001103
0.001103
0.001098
0.001088
0.001083
0.001095
0.001120
0.001146
0.001165
0.001181
0.001193
0.001199
0.001198
0.001193
0.001187
0.001174
0.001154
0.001134
0.001121
0.001115
0.001107
0.001092
0.001075
0.001058
0.001043
0.001036
0.001039
0.001053
0.001071
0.001088
0.001102
0.001111
0.001113
0.001114
0.001118
0.001120
0.001109
0.001086
0.001068
0.001067
0.001079
0.001091
0.001100
0.001110
0.001121
0.001130
0.001135
0.001137
0.001133
0.001125
0.001120
0.001125
0.001135
0.001140
0.001138
0.001138
0.001145
0.001153
0.001154
0.001149
0.001146
0.001147
0.001145
0.001136
0.001120
0.001103
0.001090
0.001089
0.001101
0.001124
0.001151
0.001176
0.001192
0.001198
0.001196
0.001191
0.001181
0.001163
0.001140
0.001115
0.001095
0.001082
0.001079
0.001090
0.001112
0.001137
0.001156
0.001166
0.001164
0.001152
0.001136
0.001127
0.001131
0.001139
0.001142
0.001135
0.001125
0.001120
0.001121
0.001129
0.001142
0.001157
0.001171
0.001184
0.001197
0.001205
0.001201
0.001186
0.001169
0.001158
0.001156
0.001161
0.001170
0.001180
0.001184
0.001179
0.001168
0.001160
0.001161
0.001168
0.001177
0.001185
0.001187
0.001181
0.001168
0.001157
0.001149
0.001138
0.001123
0.001108
0.001104
0.001111
0.001120
0.001123
0.001120
0.001114
0.001104
0.001092
0.001082
0.001077
0.001072
0.001062
0.001047
0.001034
0.001025
0.001018
0.001011
0.001011
0.001020
0.001037
0.001058
0.001080
0.001100
0.001109
0.001104
0.001093
0.001084
0.001080
0.001081
0.001082
0.001083
0.001083
0.001085
0.001090
0.001093
0.001091
0.001084
0.001078
0.001076
0.001074
0.001068
0.001062
0.001062
0.001064
0.001060
0.001053
0.001053
0.001067
0.001088
0.001103
0.001109
0.001108
0.001106
0.001110
0.001120
0.001138
0.001159
0.001176
0.001184
0.001181
0.001170
0.001156
0.001145
0.001135
0.001126
0.001118
0.001118
0.001125
0.001134
0.001142
0.001148
0.001154
0.001161
0.001166
0.001170
0.001172
0.001169
0.001159
0.001145
0.001135
0.001129
0.001123
0.001111
0.001096
0.001085
0.001080
0.001077
0.001071
0.001065
0.001066
0.001079
0.001098
0.001112
0.001120
0.001121
0.001116
0.001101
0.001076
0.001048
0.001025
0.001016
0.001024
0.001050
0.001081
0.001106
0.001117
0.001118
0.001115
0.001110
0.001102
0.001091
0.001080
0.001072
0.001069
0.001070
0.001073
0.001072
0.001069
0.001068
0.001073
0.001083
0.001090
0.001091
0.001086
0.001083
0.001086
0.001095
0.001104
0.001104
0.001095
0.001078
0.001058
0.001043
0.001039
0.001049
0.001063
0.001073
0.001077
0.001082
0.001090
0.001097
0.001099
0.001096
0.001092
0.001084
0.001075
0.001067
0.001063
0.001059
0.001056
0.001056
0.001058
0.001053
0.001041
0.001034
0.001042
0.001061
0.001076
0.001083
0.001090
0.001102
0.001110
0.001112
0.001110
0.001111
0.001117
0.001124
0.001132
0.001136
0.001131
0.001115
0.001096
0.001076
0.001057
0.001039
0.001027
0.001026
0.001032
0.001037
0.001039
0.001042
0.001051
0.001062
0.001071
0.001074
0.001072
0.001064
0.001047
0.001022
0.000997
0.000983
0.000986
0.001001
0.001014
0.001017
0.001013
0.001009
0.001012
0.001024
0.001045
0.001067
0.001081
0.001085
0.001081
0.001075
0.001072
0.001075
0.001083
0.001093
0.001100
0.001109
0.001124
0.001141
0.001149
0.001142
0.001123
0.001102
0.001078
0.001056
0.001041
0.001039
0.001048
0.001059
0.001072
0.001086
0.001098
0.001099
0.001091
0.001084
0.001086
0.001095
0.001103
0.001102
0.001090
0.001070
0.001050
0.001036
0.001033
0.001037
0.001048
0.001063
0.001075
0.001076
0.001065
0.001053
0.001052
0.001062
0.001077
0.001087
0.001091
0.001090
0.001088
0.001084
0.001074
0.001056
0.001037
0.001028
0.001033
0.001047
0.001062
0.001078
0.001100
0.001128
0.001156
0.001177
0.001189
0.001192
0.001191
0.001193
0.001203
0.001216
0.001221
0.001209
0.001181
0.001145
0.001115
0.001102
0.001107
0.001119
0.001129
0.001136
0.001144
0.001153
0.001159
0.001163
0.001169
0.001180
0.001187
0.001188
0.001183
0.001180
0.001177
0.001173
0.001168
0.001165
0.001166
0.001169
0.001170
0.001172
0.001173
0.001170
0.001161
0.001144
0.001127
0.001115
0.001112
0.001115
0.001119
0.001123
0.001131
0.001140
0.001146
0.001144
0.001145
0.001157
0.001182
0.001206
0.001215
0.001205
0.001184
0.001164
0.001155
0.001158
0.001172
0.001189
0.001199
0.001198
0.001186
0.001167
0.001149
0.001136
0.001128
0.001122
0.001114
0.001107
0.001106
0.001107
0.001107
0.001106
0.001109
0.001119
0.001133
0.001142
0.001138
0.001123
0.001104
0.001092
0.001089
0.001091
0.001090
0.001081
0.001067
0.001052
0.001042
0.001037
0.001035
0.001035
0.001040
0.001054
0.001074
0.001090
0.001099
0.001103
0.001103
0.001099
0.001089
0.001078
0.001074
0.001077
0.001084
0.001089
0.001093
0.001099
0.001104
0.001104
0.001096
0.001079
0.001056
0.001035
0.001022
0.001021
0.001028
0.001037
0.001047
0.001062
0.001081
0.001104
0.001130
0.001154
0.001169
0.001170
0.001161
0.001149
0.001138
0.001124
0.001106
0.001090
0.001087
0.001102
0.001129
0.001155
0.001170
0.001173
0.001167
0.001158
0.001147
0.001135
0.001124
0.001115
0.001112
0.001113
0.001113
0.001115
0.001118
0.001125
0.001130
0.001130
0.001126
0.001121
0.001116
0.001107
0.001090
0.001072
0.001062
0.001063
0.001068
0.001069
0.001069
0.001071
0.001077
0.001078
0.001073
0.001069
0.001074
0.001084
0.001093
0.001098
0.001100
0.001100
0.001098
0.001095
0.001095
0.001101
0.001104
0.001098
0.001087
0.001081
0.001083
0.001087
0.001083
0.001075
0.001064
0.001053
0.001041
0.001035
0.001038
0.001050
0.001061
0.001070
0.001078
0.001090
0.001099
0.001101
0.001103
0.001109
0.001119
0.001121
0.001112
0.001102
0.001099
0.001102
0.001099
0.001084
0.001067
0.001058
0.001061
0.001069
0.001074
0.001075
0.001077
0.001083
0.001094
0.001108
0.001124
0.001138
0.001144
0.001144
0.001142
0.001145
0.001152
0.001155
0.001145
0.001124
0.001100
0.001083
0.001076
0.001077
0.001081
0.001086
0.001094
0.001105
0.001116
0.001120
0.001113
0.001095
0.001073
0.001052
0.001035
0.001022
0.001014
0.001016
0.001028
0.001045
0.001060
0.001070
0.001076
0.001083
0.001089
0.001090
0.001089
0.001089
0.001092
0.001097
0.001098
0.001095
0.001089
0.001081
0.001073
0.001072
0.001085
0.001107
0.001126
0.001132
0.001126
0.001117
0.001109
0.001100
0.001086
0.001066
0.001042
0.001019
0.001005
0.001004
0.001015
0.001031
0.001048
0.001067
0.001084
0.001094
0.001094
0.001088
0.001084
0.001085
0.001085
0.001082
0.001075
0.001065
0.001053
0.001042
0.001037
0.001039
0.001040
0.001035
0.001025
0.001018
0.001015
0.001015
0.001017
0.001022
0.001030
0.001039
0.001048
0.001057
0.001063
0.001063
0.001061
0.001062
0.001069
0.001075
0.001072
0.001057
0.001037
0.001017
0.001000
0.000991
0.000994
0.001007
0.001021
0.001031
0.001034
0.001035
0.001039
0.001045
0.001050
0.001054
0.001057
0.001060
0.001062
0.001059
0.001055
0.001056
0.001065
0.001080
0.001093
0.001098
0.001098
0.001095
0.001093
0.001095
0.001100
0.001105
0.001102
0.001094
0.001088
0.001093
0.001106
0.001121
0.001131
0.001132
0.001123
0.001105
0.001084
0.001071
0.001072
0.001083
0.001097
0.001108
0.001116
0.001121
0.001124
0.001127
0.001127
0.001127
0.001126
0.001122
0.001109
0.001088
0.001067
0.001057
0.001063
0.001079
0.001096
0.001111
0.001122
0.001130
0.001139
0.001150
0.001161
0.001169
0.001174
0.001177
0.001179
0.001171
0.001149
0.001119
0.001093
0.001073
0.001051
0.001026
0.001006
0.000999
0.001005
0.001016
0.001029
0.001042
0.001052
0.001056
0.001052
0.001043
0.001035
0.001032
0.001036
0.001038
0.001032
0.001018
0.001008
0.001012
0.001029
0.001048
0.001061
0.001067
0.001074
0.001084
0.001097
0.001109
0.001116
0.001120
0.001120
0.001118
0.001109
0.001093
0.001071
0.001052
0.001041
0.001039
0.001042
0.001044
0.001043
0.001042
0.001051
0.001069
0.001089
0.001101
0.001103
0.001100
0.001094
0.001087
0.001082
0.001088
0.001106
0.001126
0.001134
0.001122
0.001095
0.001068
0.001052
0.001048
0.001047
0.001041
0.001036
0.001040
0.001054
0.001068
0.001078
0.001084
0.001090
0.001094
0.001097
0.001104
0.001119
0.001134
0.001137
0.001126
0.001108
0.001087
0.001065
0.001044
0.001030
0.001027
0.001033
0.001040
0.001046
0.001051
0.001056
0.001064
0.001073
0.001077
0.001072
0.001058
0.001044
0.001034
0.001031
0.001031
0.001034
0.001034
0.001031
0.001029
0.001031
0.001041
0.001056
0.001071
0.001086
0.001099
0.001105
0.001101
0.001089
0.001077
0.001073
0.001080
0.001097
0.001116
0.001128
0.001130
0.001123
0.001115
0.001112
0.001115
0.001126
0.001138
0.001144
0.001137
0.001121
0.001107
0.001103
0.001112
0.001129
0.001147
0.001160
0.001165
0.001164
0.001158
0.001146
0.001130
0.001113
0.001100
0.001095
0.001094
0.001092
0.001085
0.001078
0.001074
0.001075
0.001081
0.001089
0.001099
0.001108
0.001110
0.001107
0.001101
0.001102
0.001111
0.001128
0.001144
0.001153
0.001150
0.001140
0.001127
0.001116
0.001104
0.001094
0.001086
0.001079
0.001070
0.001057
0.001045
0.001038
0.001037
0.001040
0.001045
0.001050
0.001050
0.001042
0.001031
0.001027
0.001032
0.001042
0.001056
0.001074
0.001094
0.001115
0.001136
0.001157
0.001171
0.001165
0.001138
0.001101
0.001070
0.001050
0.001040
0.001040
0.001048
0.001061
0.001074
0.001087
0.001102
0.001115
0.001117
0.001103
0.001077
0.001048
0.001026
0.001023
0.001040
0.001071
0.001105
0.001135
0.001155
0.001163
0.001161
0.001154
0.001147
0.001136
0.001117
0.001094
0.001076
0.001066
0.001062
0.001061
0.001066
0.001076
0.001085
0.001089
0.001089
0.001089
0.001091
0.001096
0.001102
0.001104
0.001097
0.001082
0.001068
0.001061
0.001060
0.001064
0.001067
0.001069
0.001067
0.001066
0.001071
0.001083
0.001098
0.001110
0.001115
0.001107
0.001086
0.001059
0.001035
0.001023
0.001024
0.001037
0.001057
0.001076
0.001084
0.001079
0.001070
0.001067
0.001070
0.001076
0.001081
0.001085
0.001087
0.001090
0.001098
0.001110
0.001117
0.001110
0.001094
0.001083
0.001078
0.001073
0.001065
0.001063
0.001068
0.001072
0.001063
0.001044
0.001034
0.001043
0.001062
0.001077
0.001084
0.001087
0.001088
0.001087
0.001085
0.001087
0.001096
0.001108
0.001119
0.001126
0.001132
0.001135
0.001134
0.001130
0.001126
0.001127
0.001138
0.001156
0.001176
0.001194
0.001207
0.001210
0.001202
0.001186
0.001168
0.001157
0.001150
0.001143
0.001128
0.001105
0.001077
0.001051
0.001035
0.001037
0.001054
0.001073
0.001088
0.001099
0.001113
0.001128
0.001140
0.001149
0.001158
0.001163
0.001156
0.001139
0.001124
0.001121
0.001119
0.001109
0.001088
0.001069
0.001063
0.001072
0.001094
0.001118
0.001134
0.001137
0.001129
0.001116
0.001100
0.001084
0.001073
0.001074
0.001084
0.001094
0.001098
0.001095
0.001087
0.001075
0.001064
0.001058
0.001056
0.001050
0.001038
0.001025
0.001019
0.001024
0.001039
0.001054
0.001060
0.001055
0.001047
0.001046
0.001056
0.001071
0.001085
0.001095
0.001101
0.001107
0.001114
0.001120
0.001117
0.001103
0.001084
0.001071
0.001067
0.001060
0.001046
0.001029
0.001019
0.001018
0.001023
0.001030
0.001036
0.001037
0.001033
0.001034
0.001048
0.001073
0.001099
0.001121
0.001137
0.001145
0.001143
0.001130
0.001116
0.001109
0.001111
0.001115
0.001116
0.001113
0.001109
0.001104
0.001093
0.001073
0.001047
0.001026
0.001017
0.001022
0.001034
0.001048
0.001063
0.001079
0.001095
0.001109
0.001119
0.001125
0.001128
0.001131
0.001135
0.001138
0.001137
0.001131
0.001116
0.001093
0.001068
0.001052
0.001051
0.001054
0.001053
0.001047
0.001044
0.001046
0.001044
0.001034
0.001018
0.001001
0.000988
0.000984
0.000987
0.000994
0.000998
0.000998
0.000996
0.001000
0.001010
0.001020
0.001025
0.001018
0.001003
0.000987
0.000981
0.000988
0.001002
0.001015
0.001024
0.001034
0.001046
0.001062
0.001081
0.001100
0.001116
0.001122
0.001117
0.001104
0.001090
0.001081
0.001080
0.001082
0.001079
0.001067
0.001048
0.001029
0.001014
0.001005
0.001003
0.001006
0.001010
0.001011
0.001009
0.001010
0.001019
0.001034
0.001049
0.001056
0.001055
0.001051
0.001051
0.001060
0.001078
0.001097
0.001105
0.001098
0.001081
0.001067
0.001061
0.001065
0.001075
0.001093
0.001112
0.001123
0.001120
0.001111
0.001104
0.001100
0.001094
0.001084
0.001072
0.001061
0.001046
0.001026
0.001005
0.000996
0.001002
0.001013
0.001017
0.001011
0.001003
0.001002
0.001009
0.001018
0.001026
0.001037
0.001052
0.001064
0.001066
0.001062
0.001056
0.001050
0.001046
0.001046
0.001054
0.001064
0.001064
0.001052
0.001035
0.001023
0.001016
0.001017
0.001027
0.001044
0.001062
0.001075
0.001086
0.001101
0.001112
0.001115
0.001111
0.001107
0.001109
0.001113
0.001116
0.001113
0.001103
0.001089
0.001081
0.001081
0.001082
0.001071
0.001050
0.001032
0.001025
0.001025
0.001029
0.001039
0.001055
0.001067
0.001066
0.001051
0.001034
0.001022
0.001014
0.001006
0.000993
0.000978
0.000968
0.000971
0.000987
0.001010
0.001035
0.001059
0.001083
0.001099
0.001100
0.001090
0.001080
0.001077
0.001083
0.001093
0.001103
0.001110
0.001110
0.001104
0.001093
0.001083
0.001075
0.001068
0.001061
0.001052
0.001045
0.001045
0.001051
0.001054
0.001046
0.001031
0.001022
0.001027
0.001038
0.001045
0.001045
0.001045
0.001048
0.001055
0.001063
0.001075
0.001092
0.001114
0.001136
0.001151
0.001159
0.001158
0.001146
0.001121
0.001091
0.001066
0.001057
0.001061
0.001070
0.001078
0.001082
0.001083
0.001082
0.001082
0.001087
0.001096
0.001102
0.001102
0.001101
0.001102
0.001097
0.001082
0.001063
0.001056
0.001065
0.001080
0.001085
0.001075
0.001058
0.001042
0.001028
0.001012
0.000991
0.000972
0.000962
0.000969
0.000988
0.001006
0.001014
0.001019
0.001029
0.001046
0.001062
0.001072
0.001078
0.001085
0.001094
0.001103
0.001109
0.001108
0.001098
0.001081
0.001069
0.001068
0.001076
0.001083
0.001080
0.001071
0.001066
0.001072
0.001087
0.001104
0.001117
0.001121
0.001114
0.001102
0.001090
0.001086
0.001092
0.001103
0.001110
0.001111
0.001105
0.001095
0.001084
0.001078
0.001080
0.001087
0.001093
0.001090
0.001080
0.001071
0.001065
0.001064
0.001067
0.001073
0.001083
0.001098
0.001112
0.001123
0.001129
0.001134
0.001143
0.001155
0.001162
0.001161
0.001152
0.001138
0.001127
0.001119
0.001114
0.001107
0.001095
0.001082
0.001071
0.001066
0.001064
0.001065
0.001072
0.001080
0.001083
0.001080
0.001077
0.001079
0.001085
0.001089
0.001090
0.001092
0.001095
0.001096
0.001094
0.001089
0.001085
0.001082
0.001081
0.001082
0.001084
0.001080
0.001072
0.001062
0.001056
0.001049
0.001042
0.001036
0.001037
0.001044
0.001054
0.001066
0.001079
0.001094
0.001110
0.001126
0.001143
0.001154
0.001152
0.001138
0.001120
0.001105
0.001096
0.001094
0.001097
0.001101
0.001102
0.001101
0.001104
0.001116
0.001135
0.001151
0.001159
0.001160
0.001160
0.001163
0.001164
0.001159
0.001148
0.001134
0.001122
0.001113
0.001105
0.001097
0.001085
0.001065
0.001034
0.001001
0.000978
0.000972
0.000976
0.000985
0.001000
0.001023
0.001052
0.001076
0.001086
0.001083
0.001070
0.001050
0.001024
0.000997
0.000977
0.000973
0.000986
0.001005
0.001018
0.001025
0.001034
0.001050
0.001070
0.001091
0.001111
0.001132
0.001151
0.001160
0.001154
0.001140
0.001124
0.001108
0.001093
0.001082
0.001083
0.001098
0.001118
0.001134
0.001143
0.001151
0.001161
0.001166
0.001156
0.001130
0.001098
0.001073
0.001061
0.001057
0.001057
0.001058
0.001062
0.001073
0.001084
0.001090
0.001088
0.001085
0.001087
0.001096
0.001106
0.001110
0.001106
0.001093
0.001071
0.001045
0.001024
0.001020
0.001029
0.001041
0.001044
0.001039
0.001030
0.001022
0.001011
0.000997
0.000984
0.000977
0.000981
0.000998
0.001024
0.001050
0.001067
0.001071
0.001065
0.001055
0.001048
0.001046
0.001044
0.001036
0.001016
0.000992
0.000975
0.000975
0.000986
0.000995
0.000996
0.000993
0.000995
0.001006
0.001023
0.001037
0.001043
0.001043
0.001038
0.001032
0.001025
0.001020
0.001021
0.001029
0.001040
0.001051
0.001062
0.001073
0.001085
0.001095
0.001106
0.001121
0.001136
0.001145
0.001148
0.001146
0.001140
0.001123
0.001097
0.001077
0.001075
0.001086
0.001094
0.001092
0.001086
0.001080
0.001077
0.001081
0.001098
0.001122
0.001148
0.001169
0.001181
0.001178
0.001160
0.001133
0.001112
0.001101
0.001092
0.001081
0.001075
0.001074
0.001073
0.001065
0.001053
0.001046
0.001040
0.001028
0.001006
0.000980
0.000961
0.000961
0.000985
0.001023
0.001057
0.001073
0.001075
0.001076
0.001086
0.001102
0.001123
0.001147
0.001166
0.001168
0.001152
0.001128
0.001112
0.001107
0.001106
0.001101
0.001092
0.001082
0.001072
0.001065
0.001060
0.001055
0.001052
0.001057
0.001071
0.001088
0.001099
0.001103
0.001104
0.001104
0.001104
0.001106
0.001109
0.001110
0.001109
0.001109
0.001113
0.001117
0.001113
0.001098
0.001079
0.001066
0.001064
0.001069
0.001080
0.001095
0.001110
0.001121
0.001127
0.001130
0.001135
0.001144
0.001152
0.001154
0.001147
0.001132
0.001112
0.001091
0.001073
0.001070
0.001085
0.001114
0.001142
0.001160
0.001165
0.001162
0.001154
0.001142
0.001127
0.001114
0.001107
0.001106
0.001109
0.001113
0.001122
0.001137
0.001155
0.001167
0.001168
0.001157
0.001136
0.001107
0.001077
0.001054
0.001047
0.001056
0.001072
0.001083
0.001086
0.001085
0.001085
0.001086
0.001085
0.001083
0.001080
0.001082
0.001090
0.001103
0.001120
0.001133
0.001137
0.001134
0.001127
0.001120
0.001113
0.001106
0.001103
0.001105
0.001110
0.001116
0.001123
0.001132
0.001134
0.001127
0.001119
0.001124
0.001145
0.001169
0.001182
0.001183
0.001175
0.001157
0.001129
0.001101
0.001083
0.001076
0.001075
0.001075
0.001077
0.001084
0.001092
0.001099
0.001104
0.001107
0.001106
0.001102
0.001101
0.001104
0.001109
0.001105
0.001091
0.001068
0.001042
0.001023
0.001018
0.001032
0.001056
0.001074
0.001081
0.001084
0.001090
0.001095
0.001091
0.001077
0.001065
0.001059
0.001056
0.001052
0.001052
0.001062
0.001082
0.001098
0.001105
0.001107
0.001110
0.001116
0.001121
0.001123
0.001121
0.001121
0.001123
0.001129
0.001135
0.001133
0.001120
0.001101
0.001085
0.001075
0.001070
0.001066
0.001066
0.001070
0.001078
0.001090
0.001103
0.001116
0.001130
0.001147
0.001164
0.001173
0.001167
0.001147
0.001124
0.001106
0.001094
0.001085
0.001077
0.001070
0.001063
0.001050
0.001034
0.001019
0.001008
0.001003
0.001005
0.001014
0.001027
0.001039
0.001050
0.001063
0.001077
0.001093
0.001109
0.001123
0.001135
0.001142
0.001145
0.001149
0.001151
0.001149
0.001141
0.001130
0.001126
0.001132
0.001143
0.001153
0.001157
0.001154
0.001147
0.001145
0.001153
0.001169
0.001185
0.001196
0.001202
0.001205
0.001204
0.001198
0.001185
0.001168
0.001153
0.001140
0.001132
0.001124
0.001115
0.001101
0.001087
0.001078
0.001082
0.001102
0.001130
0.001151
0.001156
0.001145
0.001133
0.001129
0.001134
0.001139
0.001138
0.001132
0.001127
0.001129
0.001137
0.001142
0.001140
0.001136
0.001137
0.001147
0.001158
0.001163
0.001158
0.001145
0.001126
0.001106
0.001091
0.001087
0.001092
0.001099
0.001102
0.001101
0.001097
0.001094
0.001090
0.001088
0.001091
0.001099
0.001107
0.001104
0.001088
0.001069
0.001062
0.001068
0.001078
0.001083
0.001083
0.001086
0.001095
0.001108
0.001121
0.001135
0.001149
0.001159
0.001162
0.001160
0.001157
0.001157
0.001160
0.001162
0.001160
0.001153
0.001143
0.001132
0.001119
0.001107
0.001097
0.001091
0.001091
0.001096
0.001103
0.001109
0.001114
0.001123
0.001136
0.001148
0.001152
0.001151
0.001152
0.001158
0.001164
0.001159
0.001144
0.001129
0.001120
0.001116
0.001115
0.001114
0.001114
0.001114
0.001117
0.001128
0.001147
0.001167
0.001179
0.001185
0.001192
0.001197
0.001190
0.001170
0.001143
0.001114
0.001085
0.001057
0.001038
0.001031
0.001032
0.001031
0.001028
0.001026
0.001025
0.001026
0.001031
0.001045
0.001061
0.001067
0.001063
0.001060
0.001068
0.001081
0.001087
0.001084
0.001075
0.001061
0.001043
0.001028
0.001024
0.001032
0.001041
0.001047
0.001054
0.001066
0.001081
0.001091
0.001097
0.001104
0.001112
0.001119
0.001121
0.001118
0.001109
0.001098
0.001095
0.001104
0.001121
0.001131
0.001124
0.001106
0.001088
0.001077
0.001068
0.001058
0.001048
0.001041
0.001038
0.001042
0.001054
0.001069
0.001081
0.001086
0.001091
0.001102
0.001115
0.001122
0.001116
0.001104
0.001096
0.001096
0.001096
0.001090
0.001074
0.001060
0.001056
0.001061
0.001067
0.001063
0.001051
0.001040
0.001038
0.001045
0.001060
0.001079
0.001099
0.001111
0.001109
0.001094
0.001077
0.001069
0.001066
0.001062
0.001052
0.001040
0.001030
0.001023
0.001021
0.001030
0.001048
0.001070
0.001089
0.001104
0.001114
0.001117
0.001115
0.001107
0.001096
0.001082
0.001066
0.001050
0.001033
0.001016
0.001006
0.001010
0.001034
0.001070
0.001102
0.001118
0.001112
0.001089
0.001060
0.001037
0.001027
0.001029
0.001038
0.001046
0.001050
0.001050
0.001044
0.001039
0.001038
0.001041
0.001044
0.001045
0.001049
0.001060
0.001073
0.001077
0.001066
0.001045
0.001027
0.001023
0.001032
0.001046
0.001060
0.001071
0.001081
0.001091
0.001100
0.001104
0.001104
0.001103
0.001108
0.001122
0.001137
0.001141
0.001133
0.001122
0.001117
0.001114
0.001107
0.001095
0.001085
0.001078
0.001071
0.001061
0.001050
0.001043
0.001041
0.001041
0.001042
0.001045
0.001049
0.001055
0.001056
0.001049
0.001038
0.001034
0.001044
0.001060
0.001070
0.001072
0.001077
0.001094
0.001112
0.001114
0.001097
0.001075
0.001060
0.001056
0.001061
0.001071
0.001082
0.001092
0.001097
0.001092
0.001079
0.001065
0.001058
0.001058
0.001058
0.001052
0.001047
0.001052
0.001070
0.001091
0.001109
0.001122
0.001131
0.001136
0.001139
0.001142
0.001141
0.001128
0.001107
0.001090
0.001086
0.001089
0.001092
0.001094
0.001098
0.001105
0.001111
0.001115
0.001114
0.001106
0.001093
0.001082
0.001078
0.001078
0.001075
0.001068
0.001063
0.001064
0.001067
0.001075
0.001088
0.001107
0.001124
0.001135
0.001140
0.001143
0.001146
0.001147
0.001141
0.001126
0.001110
0.001101
0.001101
0.001105
0.001106
0.001105
0.001104
0.001102
0.001098
0.001092
0.001087
0.001087
0.001090
0.001100
0.001115
0.001130
0.001137
0.001132
0.001123
0.001117
0.001119
0.001124
0.001131
0.001139
0.001148
0.001156
0.001157
0.001147
0.001130
0.001114
0.001105
0.001102
0.001101
0.001101
0.001104
0.001113
0.001126
0.001137
0.001141
0.001139
0.001128
0.001114
0.001104
0.001106
0.001122
0.001145
0.001161
0.001166
0.001162
0.001155
0.001148
0.001140
0.001133
0.001130
0.001134
0.001141
0.001143
0.001141
0.001142
0.001151
0.001165
0.001174
0.001172
0.001159
0.001141
0.001123
0.001108
0.001097
0.001086
0.001075
0.001064
0.001055
0.001054
0.001059
0.001072
0.001086
0.001099
0.001106
0.001110
0.001112
0.001110
0.001100
0.001084
0.001070
0.001068
0.001080
0.001099
0.001117
0.001128
0.001133
0.001130
0.001119
0.001101
0.001082
0.001069
0.001060
0.001052
0.001046
0.001042
0.001037
0.001029
0.001022
0.001020
0.001028
0.001043
0.001063
0.001086
0.001111
0.001129
0.001137
0.001138
0.001136
0.001129
0.001115
0.001099
0.001088
0.001082
0.001080
0.001081
0.001086
0.001093
0.001092
0.001081
0.001070
0.001071
0.001087
0.001109
0.001128
0.001137
0.001137
0.001134
0.001133
0.001137
0.001141
0.001143
0.001143
0.001143
0.001144
0.001141
0.001135
0.001127
0.001121
0.001120
0.001124
0.001132
0.001141
0.001150
0.001157
0.001162
0.001164
0.001160
0.001154
0.001147
0.001137
0.001128
0.001121
0.001121
0.001125
0.001129
0.001128
0.001124
0.001124
0.001128
0.001128
0.001116
0.001094
0.001075
0.001064
0.001059
0.001052
0.001047
0.001050
0.001060
0.001068
0.001070
0.001071
0.001079
0.001094
0.001109
0.001123
0.001138
0.001154
0.001164
0.001164
0.001159
0.001152
0.001144
0.001135
0.001127
0.001123
0.001128
0.001141
0.001161
0.001176
0.001179
0.001166
0.001147
0.001128
0.001115
0.001107
0.001108
0.001117
0.001128
0.001137
0.001141
0.001140
0.001137
0.001129
0.001113
0.001091
0.001072
0.001062
0.001063
0.001067
0.001067
0.001066
0.001074
0.001092
0.001111
0.001127
0.001140
0.001151
0.001156
0.001150
0.001139
0.001134
0.001138
0.001144
0.001142
0.001129
0.001107
0.001083
0.001068
0.001067
0.001077
0.001087
0.001094
0.001099
0.001104
0.001104
0.001102
0.001105
0.001116
0.001128
0.001134
0.001134
0.001134
0.001133
0.001129
0.001120
0.001114
0.001115
0.001123
0.001134
0.001150
0.001167
0.001180
0.001185
0.001182
0.001179
0.001177
0.001168
0.001148
0.001121
0.001100
0.001094
0.001102
0.001115
0.001126
0.001132
0.001134
0.001131
0.001122
0.001105
0.001082
0.001057
0.001036
0.001019
0.001005
0.000999
0.001002
0.001012
0.001019
0.001016
0.001003
0.000989
0.000982
0.000985
0.000995
0.001000
0.000993
0.000982
0.000985
0.001010
0.001044
0.001064
0.001067
0.001066
0.001072
0.001081
0.001084
0.001084
0.001089
0.001098
0.001101
0.001096
0.001086
0.001077
0.001069
0.001061
0.001053
0.001044
0.001036
0.001029
0.001029
0.001037
0.001052
0.001070
0.001086
0.001094
0.001089
0.001071
0.001050
0.001039
0.001040
0.001046
0.001050
0.001051
0.001054
0.001064
0.001078
0.001090
0.001095
0.001092
0.001082
0.001066
0.001051
0.001047
0.001058
0.001077
0.001093
0.001098
0.001098
0.001099
0.001103
0.001108
0.001113
0.001115
0.001112
0.001102
0.001090
0.001084
0.001085
0.001088
0.001092
0.001096
0.001105
0.001118
0.001131
0.001141
0.001144
0.001144
0.001142
0.001142
0.001141
0.001138
0.001133
0.001123
0.001109
0.001094
0.001084
0.001083
0.001089
0.001098
0.001106
0.001110
0.001108
0.001101
0.001098
0.001104
0.001114
0.001120
0.001121
0.001120
0.001118
0.001112
0.001104
0.001102
0.001108
0.001115
0.001113
0.001104
0.001093
0.001084
0.001076
0.001071
0.001072
0.001082
0.001095
0.001100
0.001096
0.001089
0.001088
0.001093
0.001098
0.001099
0.001103
0.001116
0.001136
0.001150
0.001149
0.001137
0.001126
0.001122
0.001122
0.001117
0.001106
0.001094
0.001089
0.001096
0.001113
0.001135
0.001156
0.001170
0.001173
0.001165
0.001153
0.001148
0.001153
0.001166
0.001178
0.001186
0.001188
0.001185
0.001180
0.001175
0.001166
0.001148
0.001122
0.001097
0.001082
0.001075
0.001071
0.001069
0.001072
0.001081
0.001090
0.001099
0.001106
0.001112
0.001120
0.001132
0.001148
0.001166
0.001176
0.001170
0.001151
0.001128
0.001112
0.001107
0.001109
0.001109
0.001106
0.001104
0.001108
0.001117
0.001124
0.001127
0.001124
0.001117
0.001105
0.001091
0.001084
0.001089
0.001103
0.001121
0.001133
0.001134
0.001120
0.001096
0.001071
0.001051
0.001038
0.001032
0.001034
0.001044
0.001060
0.001075
0.001090
0.001106
0.001120
0.001126
0.001121
0.001113
0.001107
0.001106
0.001107
0.001105
0.001102
0.001102
0.001111
0.001129
0.001149
0.001166
0.001176
0.001179
0.001177
0.001170
0.001161
0.001159
0.001164
0.001173
0.001177
0.001178
0.001178
0.001176
0.001167
0.001148
0.001122
0.001097
0.001074
0.001056
0.001048
0.001052
0.001064
0.001070
0.001068
0.001066
0.001072
0.001086
0.001104
0.001126
0.001154
0.001181
0.001196
0.001194
0.001181
0.001164
0.001145
0.001125
0.001111
0.001109
0.001120
0.001136
0.001150
0.001157
0.001156
0.001145
0.001130
0.001115
0.001102
0.001091
0.001083
0.001078
0.001075
0.001075
0.001083
0.001098
0.001113
0.001118
0.001111
0.001096
0.001082
0.001075
0.001076
0.001085
0.001099
0.001114
0.001130
0.001144
0.001150
0.001141
0.001124
0.001109
0.001102
0.001098
0.001091
0.001087
0.001090
0.001102
0.001115
0.001126
0.001131
0.001130
0.001128
0.001127
0.001129
0.001130
0.001129
0.001129
0.001132
0.001132
0.001122
0.001104
0.001085
0.001071
0.001065
0.001067
0.001075
0.001087
0.001105
0.001130
0.001156
0.001175
0.001181
0.001179
0.001179
0.001181
0.001176
0.001162
0.001147
0.001137
0.001136
0.001140
0.001149
0.001157
0.001157
0.001152
0.001153
0.001163
0.001175
0.001177
0.001170
0.001163
0.001159
0.001155
0.001148
0.001142
0.001137
0.001130
0.001119
0.001106
0.001096
0.001091
0.001092
0.001095
0.001094
0.001090
0.001089
0.001099
0.001116
0.001131
0.001137
0.001136
0.001134
0.001130
0.001120
0.001102
0.001081
0.001065
0.001057
0.001056
0.001061
0.001076
0.001096
0.001114
0.001120
0.001112
0.001099
0.001089
0.001088
0.001097
0.001111
0.001125
0.001132
0.001132
0.001124
0.001111
0.001094
0.001078
0.001069
0.001070
0.001074
0.001072
0.001062
0.001048
0.001038
0.001034
0.001040
0.001054
0.001071
0.001088
0.001099
0.001104
0.001102
0.001096
0.001089
0.001085
0.001088
0.001095
0.001108
0.001124
0.001138
0.001146
0.001147
0.001145
0.001144
0.001142
0.001139
0.001139
0.001142
0.001145
0.001143
0.001135
0.001130
0.001135
0.001148
0.001162
0.001168
0.001160
0.001143
0.001127
0.001117
0.001112
0.001108
0.001101
0.001091
0.001083
0.001084
0.001097
0.001116
0.001132
0.001138
0.001135
0.001132
0.001135
0.001139
0.001133
0.001118
0.001103
0.001101
0.001108
0.001114
0.001114
0.001111
0.001109
0.001107
0.001100
0.001088
0.001076
0.001066
0.001056
0.001046
0.001041
0.001045
0.001058
0.001070
0.001073
0.001065
0.001050
0.001038
0.001032
0.001032
0.001035
0.001040
0.001048
0.001059
0.001073
0.001090
0.001107
0.001118
0.001120
0.001114
0.001106
0.001097
0.001087
0.001078
0.001073
0.001073
0.001078
0.001089
0.001106
0.001122
0.001130
0.001129
0.001123
0.001118
0.001115
0.001113
0.001116
0.001122
0.001128
0.001124
0.001114
0.001106
0.001109
0.001120
0.001131
0.001135
0.001126
0.001109
0.001091
0.001075
0.001056
0.001032
0.001011
0.001006
0.001021
0.001049
0.001077
0.001098
0.001110
0.001116
0.001119
0.001119
0.001110
0.001089
0.001061
0.001039
0.001027
0.001024
0.001025
0.001028
0.001032
0.001036
0.001043
0.001057
0.001077
0.001096
0.001109
0.001116
0.001116
0.001109
0.001098
0.001083
0.001065
0.001045
0.001023
0.001004
0.000989
0.000973
0.000955
0.000944
0.000948
0.000966
0.000989
0.001006
0.001016
0.001022
0.001030
0.001042
0.001061
0.001082
0.001099
0.001113
0.001125
0.001135
0.001140
0.001139
0.001138
0.001142
0.001148
0.001146
0.001130
0.001106
0.001081
0.001060
0.001044
0.001030
0.001018
0.001009
0.001004
0.001002
0.000999
0.000994
0.000991
0.000993
0.001005
0.001030
0.001063
0.001094
0.001109
0.001108
0.001101
0.001101
0.001112
0.001133
0.001154
0.001168
0.001171
0.001161
0.001145
0.001125
0.001100
0.001071
0.001040
0.001015
0.001003
0.001006
0.001026
0.001056
0.001085
0.001102
0.001106
0.001105
0.001108
0.001116
0.001122
0.001123
0.001120
0.001116
0.001111
0.001100
0.001086
0.001076
0.001073
0.001070
0.001061
0.001046
0.001035
0.001031
0.001028
0.001023
0.001019
0.001019
0.001020
0.001017
0.001007
0.000998
0.000995
0.000998
0.001002
0.001008
0.001023
0.001049
0.001076
0.001090
0.001090
0.001087
0.001091
0.001103
0.001113
0.001117
0.001119
0.001123
0.001127
0.001129
0.001129
0.001128
0.001126
0.001122
0.001116
0.001109
0.001101
0.001092
0.001080
0.001070
0.001067
0.001070
0.001076
0.001082
0.001084
0.001084
0.001084
0.001087
0.001093
0.001102
0.001111
0.001117
0.001121
0.001126
0.001134
0.001141
0.001142
0.001134
0.001122
0.001105
0.001084
0.001063
0.001050
0.001053
0.001070
0.001090
0.001105
0.001115
0.001121
0.001118
0.001100
0.001070
0.001040
0.001018
0.001009
0.001007
0.001008
0.001011
0.001018
0.001032
0.001051
0.001071
0.001087
0.001098
0.001110
0.001124
0.001134
0.001135
0.001127
0.001114
0.001105
0.001102
0.001109
0.001121
0.001135
0.001152
0.001172
0.001195
0.001214
0.001218
0.001205
0.001181
0.001157
0.001136
0.001119
0.001105
0.001095
0.001091
0.001095
0.001106
0.001118
0.001124
0.001120
0.001107
0.001097
0.001093
0.001095
0.001095
0.001087
0.001072
0.001057
0.001045
0.001037
0.001032
0.001033
0.001044
0.001062
0.001081
0.001093
0.001096
0.001092
0.001086
0.001084
0.001091
0.001107
0.001126
0.001138
0.001138
0.001125
0.001102
0.001072
0.001043
0.001022
0.001012
0.001011
0.001018
0.001035
0.001059
0.001087
0.001111
0.001124
0.001122
0.001107
0.001084
0.001066
0.001056
0.001054
0.001053
0.001051
0.001048
0.001048
0.001056
0.001072
0.001092
0.001107
0.001114
0.001116
0.001121
0.001131
0.001141
0.001146
0.001142
0.001131
0.001119
0.001113
0.001112
0.001110
0.001103
0.001094
0.001087
0.001085
0.001084
0.001085
0.001087
0.001089
0.001087
0.001078
0.001063
0.001044
0.001027
0.001017
0.001015
0.001020
0.001029
0.001042
0.001059
0.001075
0.001085
0.001086
0.001079
0.001065
0.001045
0.001030
0.001031
0.001049
0.001072
0.001086
0.001089
0.001087
0.001087
0.001090
0.001093
0.001092
0.001087
0.001080
0.001078
0.001082
0.001091
0.001101
0.001111
0.001124
0.001137
0.001150
0.001159
0.001160
0.001148
0.001125
0.001100
0.001082
0.001071
0.001066
0.001068
0.001078
0.001092
0.001103
0.001106
0.001103
0.001098
0.001088
0.001068
0.001043
0.001021
0.001010
0.001011
0.001021
0.001035
0.001046
0.001049
0.001043
0.001034
0.001031
0.001034
0.001038
0.001036
0.001027
0.001017
0.001009
0.001007
0.001011
0.001018
0.001025
0.001029
0.001034
0.001041
0.001047
0.001050
0.001050
0.001048
0.001048
0.001048
0.001051
0.001057
0.001065
0.001074
0.001084
0.001095
0.001103
0.001104
0.001098
0.001096
0.001104
0.001116
0.001126
0.001133
0.001144
0.001158
0.001169
0.001174
0.001175
0.001176
0.001173
0.001165
0.001156
0.001149
0.001145
0.001142
0.001139
0.001140
0.001145
0.001150
0.001153
0.001152
0.001142
0.001125
0.001103
0.001082
0.001067
0.001055
0.001046
0.001032
0.001011
0.000989
0.000982
0.000999
0.001035
0.001072
0.001098
0.001114
0.001124
0.001129
0.001127
0.001122
0.001117
0.001116
0.001114
0.001111
0.001110
0.001113
0.001119
0.001124
0.001123
0.001118
0.001112
0.001105
0.001095
0.001082
0.001067
0.001051
0.001034
0.001014
0.000995
0.000985
0.000988
0.000999
0.001014
0.001031
0.001053
0.001073
0.001080
0.001069
0.001045
0.001018
0.000999
0.000988
0.000985
0.000987
0.000994
0.001000
0.001002
0.000997
0.000992
0.000993
0.001001
0.001018
0.001042
0.001070
0.001096
0.001114
0.001122
0.001125
0.001129
0.001131
0.001129
0.001123
0.001115
0.001104
0.001087
0.001070
0.001057
0.001050
0.001046
0.001042
0.001039
0.001035
0.001028
0.001025
0.001032
0.001049
0.001067
0.001083
0.001102
0.001129
0.001154
0.001166
0.001165
0.001162
0.001160
0.001153
0.001143
0.001136
0.001142
0.001152
0.001154
0.001144
0.001126
0.001111
0.001109
0.001123
0.001147
0.001169
0.001178
0.001178
0.001178
0.001184
0.001186
0.001176
0.001155
0.001129
0.001105
0.001090
0.001086
0.001091
0.001101
0.001110
0.001117
0.001120
0.001120
0.001120
0.001126
0.001138
0.001151
0.001159
0.001160
0.001158
0.001152
0.001142
0.001131
0.001118
0.001101
0.001081
0.001062
0.001052
0.001053
0.001055
0.001052
0.001051
0.001055
0.001064
0.001071
0.001078
0.001086
0.001096
0.001101
0.001096
0.001085
0.001075
0.001068
0.001062
0.001058
0.001057
0.001058
0.001064
0.001079
0.001101
0.001121
0.001130
0.001123
0.001107
0.001093
0.001086
0.001083
0.001083
0.001087
0.001099
0.001118
0.001132
0.001133
0.001122
0.001108
0.001096
0.001085
0.001077
0.001079
0.001096
0.001119
0.001136
0.001144
0.001146
0.001145
0.001137
0.001123
0.001112
0.001109
0.001109
0.001103
0.001094
0.001090
0.001097
0.001109
0.001120
0.001125
0.001124
0.001116
0.001102
0.001089
0.001081
0.001082
0.001091
0.001107
0.001126
0.001144
0.001156
0.001161
0.001159
0.001152
0.001143
0.001135
0.001134
0.001136
0.001136
0.001129
0.001114
0.001093
0.001073
0.001059
0.001051
0.001045
0.001037
0.001030
0.001028
0.001033
0.001044
0.001053
0.001057
0.001056
0.001055
0.001060
0.001072
0.001088
0.001102
0.001108
0.001100
0.001078
0.001051
0.001031
0.001021
0.001017
0.001018
0.001028
0.001049
0.001073
0.001090
0.001098
0.001101
0.001098
0.001086
0.001067
0.001054
0.001050
0.001048
0.001040
0.001033
0.001041
0.001064
0.001088
0.001100
0.001099
0.001091
0.001082
0.001077
0.001075
0.001073
0.001067
0.001054
0.001043
0.001041
0.001045
0.001044
0.001031
0.001016
0.001011
0.001015
0.001018
0.001015
0.001010
0.001009
0.001013
0.001022
0.001036
0.001057
0.001081
0.001103
0.001116
0.001117
0.001103
0.001078
0.001052
0.001033
0.001022
0.001016
0.001015
0.001023
0.001038
0.001055
0.001073
0.001092
0.001108
0.001113
0.001102
0.001078
0.001053
0.001041
0.001046
0.001063
0.001081
0.001093
0.001098
0.001099
0.001096
0.001092
0.001092
0.001100
0.001108
0.001104
0.001086
0.001069
0.001064
0.001065
0.001062
0.001056
0.001054
0.001058
0.001064
0.001069
0.001072
0.001070
0.001056
0.001034
0.001014
0.001005
0.001001
0.000998
0.000996
0.001001
0.001008
0.001013
0.001016
0.001021
0.001033
0.001051
0.001073
0.001098
0.001121
0.001133
0.001129
0.001114
0.001097
0.001082
0.001070
0.001064
0.001070
0.001084
0.001095
0.001094
0.001082
0.001065
0.001051
0.001041
0.001032
0.001026
0.001025
0.001032
0.001045
0.001059
0.001070
0.001080
0.001091
0.001099
0.001097
0.001084
0.001066
0.001057
0.001062
0.001081
0.001107
0.001126
0.001127
0.001112
0.001090
0.001077
0.001074
0.001074
0.001073
0.001073
0.001078
0.001090
0.001107
0.001126
0.001139
0.001140
0.001130
0.001118
0.001112
0.001108
0.001099
0.001084
0.001068
0.001056
0.001052
0.001056
0.001067
0.001077
0.001079
0.001069
0.001052
0.001039
0.001035
0.001042
0.001054
0.001064
0.001071
0.001076
0.001084
0.001097
0.001112
0.001121
0.001118
0.001098
0.001070
0.001052
0.001051
0.001062
0.001073
0.001079
0.001082
0.001086
0.001090
0.001093
0.001095
0.001096
0.001092
0.001082
0.001070
0.001059
0.001046
0.001032
0.001022
0.001024
0.001032
0.001034
0.001023
0.001008
0.001006
0.001019
0.001037
0.001048
0.001053
0.001056
0.001059
0.001060
0.001060
0.001063
0.001071
0.001080
0.001089
0.001098
0.001109
0.001115
0.001108
0.001087
0.001060
0.001037
0.001022
0.001017
0.001021
0.001031
0.001038
0.001041
0.001040
0.001040
0.001043
0.001049
0.001055
0.001057
0.001055
0.001051
0.001054
0.001067
0.001083
0.001093
0.001092
0.001083
0.001073
0.001063
0.001056
0.001054
0.001059
0.001067
0.001072
0.001070
0.001059
0.001043
0.001031
0.001030
0.001042
0.001063
0.001086
0.001104
0.001118
0.001132
0.001152
0.001169
0.001172
0.001152
0.001116
0.001078
0.001053
0.001051
0.001070
0.001093
0.001102
0.001094
0.001079
0.001075
0.001085
0.001109
0.001139
0.001170
0.001196
0.001209
0.001208
0.001192
0.001169
0.001147
0.001134
0.001128
0.001124
0.001117
0.001111
0.001104
0.001091
0.001072
0.001054
0.001048
0.001058
0.001077
0.001099
0.001116
0.001123
0.001120
0.001115
0.001117
0.001122
0.001119
0.001106
0.001094
0.001085
0.001073
0.001054
0.001033
0.001020
0.001015
0.001011
0.001009
0.001018
0.001042
0.001075
0.001106
0.001123
0.001123
0.001110
0.001090
0.001073
0.001063
0.001061
0.001069
0.001081
0.001087
0.001081
0.001069
0.001059
0.001051
0.001042
0.001031
0.001025
0.001029
0.001039
0.001053
0.001064
0.001068
0.001063
0.001057
0.001059
0.001071
0.001085
0.001092
0.001093
0.001092
0.001089
0.001086
0.001087
0.001096
0.001111
0.001125
0.001131
0.001129
0.001118
0.001100
0.001080
0.001059
0.001037
0.001017
0.001005
0.001007
0.001023
0.001042
0.001054
0.001059
0.001058
0.001055
0.001051
0.001046
0.001039
0.001034
0.001034
0.001044
0.001060
0.001073
0.001078
0.001075
0.001070
0.001068
0.001068
0.001071
0.001076
0.001082
0.001082
0.001078
0.001073
0.001069
0.001062
0.001044
0.001015
0.000989
0.000976
0.000977
0.000981
0.000984
0.000991
0.001009
0.001031
0.001050
0.001063
0.001076
0.001089
0.001098
0.001099
0.001098
0.001097
0.001092
0.001077
0.001053
0.001034
0.001027
0.001027
0.001025
0.001014
0.001001
0.000992
0.000989
0.000993
0.001004
0.001019
0.001033
0.001041
0.001044
0.001045
0.001047
0.001047
0.001042
0.001033
0.001020
0.000999
0.000973
0.000950
0.000941
0.000948
0.000969
0.000998
0.001029
0.001053
0.001061
0.001053
0.001040
0.001034
0.001034
0.001035
0.001035
0.001038
0.001047
0.001054
0.001055
0.001050
0.001040
0.001025
0.001001
0.000972
0.000949
0.000937
0.000932
0.000930
0.000935
0.000949
0.000970
0.000987
0.000998
0.001007
0.001018
0.001027
0.001032
0.001034
0.001037
0.001041
0.001043
0.001040
0.001034
0.001023
0.001012
0.001005
0.001001
0.001001
0.001002
0.001006
0.001013
0.001020
0.001023
0.001026
0.001038
0.001057
0.001071
0.001065
0.001042
0.001010
0.000986
0.000975
0.000979
0.000987
0.000988
0.000979
0.000968
0.000962
0.000961
0.000958
0.000953
0.000950
0.000950
0.000954
0.000963
0.000976
0.000987
0.000990
0.000984
0.000974
0.000966
0.000963
0.000960
0.000955
0.000947
0.000938
0.000936
0.000942
0.000952
0.000957
0.000951
0.000939
0.000928
0.000921
0.000917
0.000914
0.000910
0.000909
0.000915
0.000931
0.000955
0.000977
0.000988
0.000988
0.000980
0.000973
0.000971
0.000981
0.001002
0.001024
0.001034
0.001025
0.001002
0.000973
0.000944
0.000920
0.000900
0.000885
0.000880
0.000887
0.000901
0.000908
0.000902
0.000888
0.000880
0.000885
0.000902
0.000923
0.000942
0.000955
0.000956
0.000946
0.000931
0.000919
0.000916
0.000921
0.000933
0.000945
0.000955
0.000962
0.000968
0.000973
0.000976
0.000974
0.000967
0.000956
0.000948
0.000947
0.000955
0.000965
0.000970
0.000969
0.000967
0.000963
0.000954
0.000944
0.000942
0.000948
0.000951
0.000945
0.000937
0.000934
0.000936
0.000940
0.000948
0.000960
0.000969
0.000964
0.000948
0.000931
0.000918
0.000908
0.000903
0.000907
0.000916
0.000922
0.000921
0.000920
0.000922
0.000924
0.000921
0.000914
0.000909
0.000906
0.000898
0.000886
0.000876
0.000872
0.000876
0.000888
0.000903
0.000918
0.000927
0.000927
0.000921
0.000917
0.000920
0.000928
0.000934
0.000932
0.000924
0.000911
0.000897
0.000884
0.000877
0.000876
0.000880
0.000884
0.000885
0.000883
0.000879
0.000875
0.000875
0.000883
0.000896
0.000907
0.000917
0.000931
0.000948
0.000956
0.000950
0.000935
0.000922
0.000913
0.000902
0.000887
0.000873
0.000862
0.000852
0.000844
0.000841
0.000843
0.000844
0.000844
0.000847
0.000857
0.000869
0.000874
0.000873
0.000867
0.000861
0.000852
0.000841
0.000827
0.000814
0.000805
0.000800
0.000796
0.000790
0.000786
0.000795
0.000815
0.000836
0.000847
0.000846
0.000841
0.000837
0.000837
0.000837
0.000836
0.000836
0.000837
0.000840
0.000843
0.000840
0.000829
0.000813
0.000795
0.000780
0.000768
0.000762
0.000759
0.000758
0.000757
0.000759
0.000765
0.000774
0.000777
0.000771
0.000760
0.000750
0.000746
0.000749
0.000753
0.000756
0.000759
0.000764
0.000770
0.000775
0.000777
0.000780
0.000785
0.000787
0.000782
0.000778
0.000783
0.000797
0.000812
0.000820
0.000820
0.000816
0.000814
0.000816
0.000823
0.000827
0.000824
0.000817
0.000811
0.000810
0.000807
0.000796
0.000781
0.000773
0.000775
0.000783
0.000789
0.000789
0.000783
0.000773
0.000765
0.000762
0.000766
0.000773
0.000777
0.000770
0.000749
0.000722
0.000701
0.000694
0.000694
0.000691
0.000682
0.000678
0.000686
0.000702
0.000715
0.000721
0.000723
0.000726
0.000733
0.000738
0.000741
0.000745
0.000757
0.000776
0.000797
0.000811
0.000813
0.000801
0.000783
0.000763
0.000745
0.000731
0.000720
0.000714
0.000716
0.000723
0.000728
0.000729
0.000725
0.000719
0.000716
0.000714
0.000716
0.000717
0.000715
0.000707
0.000699
0.000693
0.000686
0.000676
0.000663
0.000657
0.000660
0.000667
0.000671
0.000668
0.000663
0.000659
0.000655
0.000654
0.000657
0.000667
0.000677
0.000686
0.000694
0.000703
0.000708
0.000705
0.000696
0.000689
0.000692
0.000702
0.000708
0.000704
0.000691
0.000679
0.000674
0.000676
0.000682
0.000690
0.000696
0.000700
0.000700
0.000698
0.000695
0.000690
0.000686
0.000683
0.000679
0.000673
0.000664
0.000654
0.000643
0.000633
0.000627
0.000624
0.000621
0.000616
0.000610
0.000606
0.000604
0.000604
0.000602
0.000600
0.000600
0.000603
0.000607
0.000609
0.000607
0.000604
0.000603
0.000604
0.000606
0.000610
0.000614
0.000619
0.000626
0.000631
0.000634
0.000634
0.000631
0.000625
0.000616
0.000607
0.000601
0.000600
0.000605
0.000610
0.000615
0.000621
0.000628
0.000636
0.000642
0.000643
0.000639
0.000634
0.000631
0.000631
0.000629
0.000621
0.000604
0.000584
0.000568
0.000560
0.000553
0.000541
0.000522
0.000501
0.000485
0.000475
0.000470
0.000471
0.000480
0.000495
0.000508
0.000513
0.000508
0.000502
0.000498
0.000497
0.000494
0.000490
0.000487
0.000489
0.000496
0.000511
0.000537
0.000570
0.000598
0.000608
0.000599
0.000578
0.000554
0.000529
0.000510
0.000502
0.000506
0.000516
0.000526
0.000533
0.000539
0.000543
0.000545
0.000547
0.000554
0.000564
0.000573
0.000576
0.000574
0.000571
0.000568
0.000563
0.000553
0.000541
0.000529
0.000519
0.000509
0.000502
0.000499
0.000500
0.000503
0.000503
0.000502
0.000501
0.000501
0.000498
0.000489
0.000476
0.000462
0.000454
0.000458
0.000473
0.000492
0.000509
0.000519
0.000523
0.000522
0.000520
0.000519
0.000521
0.000528
0.000538
0.000543
0.000540
0.000530
0.000521
0.000517
0.000511
0.000499
0.000483
0.000471
0.000467
0.000466
0.000462
0.000455
0.000453
0.000459
0.000472
0.000484
0.000493
0.000501
0.000509
0.000515
0.000516
0.000511
0.000499
0.000479
0.000454
0.000432
0.000417
0.000411
0.000405
0.000400
0.000397
0.000398
0.000402
0.000405
0.000409
0.000415
0.000419
0.000419
0.000414
0.000408
0.000399
0.000383
0.000362
0.000344
0.000335
0.000334
0.000337
0.000340
0.000346
0.000354
0.000361
0.000366
0.000370
0.000375
0.000385
0.000396
0.000402
0.000401
0.000396
0.000391
0.000390
0.000389
0.000387
0.000386
0.000388
0.000391
0.000390
0.000387
0.000381
0.000372
0.000357
0.000340
0.000329
0.000328
0.000334
0.000340
0.000342
0.000341
0.000337
0.000330
0.000324
0.000318
0.000312
0.000304
0.000292
0.000277
0.000262
0.000249
0.000241
0.000241
0.000251
0.000270
0.000291
0.000307
0.000314
0.000312
0.000306
0.000295
0.000282
0.000268
0.000258
0.000253
0.000255
0.000262
0.000270
0.000277
0.000282
0.000286
0.000291
0.000295
0.000296
0.000295
0.000297
0.000303
0.000301
0.000286
0.000262
0.000242
0.000232
0.000229
0.000227
0.000226
0.000229
0.000236
0.000244
0.000246
0.000238
0.000223
0.000208
0.000200
0.000201
0.000208
0.000219
0.000231
0.000245
0.000256
0.000259
0.000257
0.000251
0.000244
0.000232
0.000220
0.000212
0.000214
0.000222
0.000226
0.000222
0.000216
0.000212
0.000211
0.000209
0.000203
0.000195
0.000188
0.000183
0.000181
0.000179
0.000175
0.000169
0.000166
0.000171
0.000183
0.000195
0.000204
0.000211
0.000215
0.000214
0.000208
0.000197
0.000184
0.000174
0.000167
0.000166
0.000167
0.000168
0.000168
0.000168
0.000165
0.000160
0.000156
0.000154
0.000154
0.000153
0.000151
0.000151
0.000154
0.000153
0.000144
0.000128
0.000111
0.000096
0.000085
0.000081
0.000083
0.000090
0.000101
0.000117
0.000131
0.000134
0.000125
0.000110
0.000102
0.000101
0.000100
0.000092
0.000081
0.000070
0.000060
0.000051
0.000048
0.000053
0.000064
0.000073
0.000077
0.000076
0.000075
0.000074
0.000072
0.000072
0.000073
0.000077
0.000082
0.000085
0.000086
0.000087
0.000086
0.000081
0.000072
0.000064
0.000063
0.000069
0.000078
0.000086
0.000091
