-0.000058
-0.000048
-0.000039
-0.000036
-0.000036
-0.000037
-0.000039
-0.000043
-0.000050
-0.000059
-0.000067
-0.000071
-0.000070
-0.000065
-0.000062
-0.000066
-0.000071
-0.000073
-0.000067
-0.000057
-0.000052
-0.000054
-0.000055
-0.000047
-0.000029
-0.000011
-0.000002
-0.000003
-0.000004
0.000002
0.000009
0.000012
0.000008
0.000004
0.000004
0.000009
0.000015
0.000020
0.000022
0.000020
0.000015
0.000012
0.000012
0.000012
0.000013
0.000014
0.000017
0.000024
0.000031
0.000038
0.000041
0.000038
0.000034
0.000031
0.000032
0.000037
0.000039
0.000036
0.000030
0.000026
0.000026
0.000028
0.000029
0.000029
0.000029
0.000031
0.000034
0.000038
0.000044
0.000050
0.000058
0.000066
0.000073
0.000076
0.000071
0.000058
0.000045
0.000037
0.000034
0.000033
0.000031
0.000030
0.000031
0.000030
0.000025
0.000017
0.000011
0.000009
0.000011
0.000017
0.000026
0.000036
0.000045
0.000050
0.000051
0.000050
0.000052
0.000061
0.000076
0.000086
0.000087
0.000079
0.000074
0.000079
0.000093
0.000108
0.000116
0.000120
0.000124
0.000130
0.000133
0.000131
0.000127
0.000127
0.000133
0.000137
0.000132
0.000120
0.000110
0.000107
0.000111
0.000116
0.000121
0.000127
0.000131
0.000134
0.000136
0.000139
0.000143
0.000146
0.000147
0.000146
0.000144
0.000142
0.000139
0.000138
0.000140
0.000144
0.000148
0.000152
0.000154
0.000152
0.000145
0.000137
0.000135
0.000139
0.000144
0.000146
0.000145
0.000144
0.000142
0.000141
0.000142
0.000144
0.000144
0.000140
0.000136
0.000133
0.000133
0.000136
0.000143
0.000152
0.000161
0.000168
0.000175
0.000179
0.000177
0.000168
0.000160
0.000164
0.000176
0.000188
0.000197
0.000205
0.000213
0.000217
0.000215
0.000211
0.000210
0.000208
0.000202
0.000195
0.000189
0.000185
0.000183
0.000182
0.000184
0.000187
0.000189
0.000189
0.000189
0.000193
0.000201
0.000212
0.000222
0.000227
0.000225
0.000218
0.000210
0.000201
0.000194
0.000190
0.000189
0.000190
0.000189
0.000187
0.000185
0.000182
0.000179
0.000176
0.000179
0.000188
0.000201
0.000214
0.000225
0.000232
0.000235
0.000237
0.000240
0.000244
0.000244
0.000240
0.000233
0.000225
0.000218
0.000212
0.000211
0.000212
0.000210
0.000204
0.000201
0.000205
0.000217
0.000235
0.000254
0.000269
0.000275
0.000271
0.000259
0.000247
0.000240
0.000235
0.000227
0.000215
0.000205
0.000201
0.000205
0.000213
0.000221
0.000226
0.000226
0.000223
0.000222
0.000228
0.000239
0.000251
0.000257
0.000257
0.000255
0.000252
0.000250
0.000249
0.000254
0.000266
0.000283
0.000297
0.000304
0.000301
0.000293
0.000286
0.000286
0.000297
0.000312
0.000322
0.000319
0.000303
0.000284
0.000268
0.000257
0.000253
0.000256
0.000266
0.000279
0.000289
0.000292
0.000290
0.000291
0.000296
0.000301
0.000299
0.000291
0.000285
0.000285
0.000289
0.000296
0.000304
0.000310
0.000311
0.000306
0.000296
0.000286
0.000278
0.000275
0.000280
0.000292
0.000309
0.000325
0.000335
0.000338
0.000337
0.000334
0.000329
0.000319
0.000305
0.000292
0.000285
0.000286
0.000291
0.000300
0.000315
0.000335
0.000352
0.000361
0.000363
0.000360
0.000357
0.000353
0.000349
0.000346
0.000339
0.000329
0.000325
0.000331
0.000345
0.000356
0.000355
0.000345
0.000333
0.000327
0.000328
0.000333
0.000336
0.000334
0.000329
0.000329
0.000336
0.000345
0.000356
0.000366
0.000374
0.000375
0.000372
0.000370
0.000372
0.000374
0.000370
0.000362
0.000355
0.000350
0.000342
0.000331
0.000324
0.000327
0.000338
0.000347
0.000348
0.000343
0.000341
0.000348
0.000361
0.000375
0.000384
0.000392
0.000400
0.000408
0.000410
0.000409
0.000407
0.000408
0.000410
0.000410
0.000408
0.000405
0.000402
0.000395
0.000384
0.000375
0.000372
0.000377
0.000386
0.000399
0.000413
0.000425
0.000432
0.000429
0.000417
0.000404
0.000395
0.000394
0.000398
0.000404
0.000408
0.000407
0.000397
0.000382
0.000368
0.000361
0.000364
0.000371
0.000379
0.000388
0.000398
0.000410
0.000419
0.000423
0.000417
0.000404
0.000386
0.000371
0.000365
0.000369
0.000378
0.000385
0.000389
0.000391
0.000395
0.000401
0.000407
0.000414
0.000424
0.000436
0.000450
0.000458
0.000455
0.000444
0.000433
0.000432
0.000442
0.000458
0.000475
0.000486
0.000487
0.000475
0.000451
0.000425
0.000404
0.000392
0.000387
0.000389
0.000396
0.000407
0.000417
0.000426
0.000433
0.000436
0.000435
0.000430
0.000426
0.000427
0.000429
0.000429
0.000425
0.000422
0.000422
0.000422
0.000418
0.000409
0.000398
0.000390
0.000386
0.000383
0.000382
0.000385
0.000390
0.000395
0.000399
0.000406
0.000416
0.000424
0.000421
0.000407
0.000393
0.000390
0.000398
0.000414
0.000432
0.000448
0.000456
0.000457
0.000455
0.000450
0.000440
0.000424
0.000412
0.000412
0.000422
0.000435
0.000449
0.000460
0.000469
0.000473
0.000474
0.000476
0.000481
0.000484
0.000482
0.000477
0.000474
0.000474
0.000477
0.000480
0.000482
0.000482
0.000479
0.000475
0.000468
0.000462
0.000459
0.000458
0.000452
0.000443
0.000438
0.000441
0.000450
0.000459
0.000465
0.000470
0.000472
0.000471
0.000470
0.000475
0.000484
0.000489
0.000490
0.000490
0.000494
0.000496
0.000496
0.000494
0.000491
0.000482
0.000463
0.000441
0.000426
0.000420
0.000420
0.000426
0.000438
0.000453
0.000465
0.000471
0.000478
0.000490
0.000506
0.000519
0.000522
0.000513
0.000499
0.000488
0.000487
0.000492
0.000497
0.000500
0.000503
0.000508
0.000509
0.000504
0.000497
0.000497
0.000507
0.000518
0.000523
0.000524
0.000526
0.000529
0.000533
0.000539
0.000549
0.000561
0.000568
0.000561
0.000545
0.000527
0.000512
0.000499
0.000488
0.000479
0.000476
0.000477
0.000481
0.000488
0.000493
0.000493
0.000488
0.000485
0.000489
0.000498
0.000505
0.000508
0.000510
0.000513
0.000518
0.000524
0.000530
0.000534
0.000535
0.000531
0.000525
0.000521
0.000521
0.000523
0.000523
0.000520
0.000515
0.000509
0.000504
0.000500
0.000497
0.000501
0.000516
0.000536
0.000555
0.000565
0.000569
0.000570
0.000571
0.000570
0.000566
0.000559
0.000548
0.000535
0.000522
0.000515
0.000518
0.000532
0.000549
0.000561
0.000565
0.000564
0.000564
0.000567
0.000570
0.000572
0.000574
0.000575
0.000575
0.000576
0.000581
0.000587
0.000589
0.000587
0.000585
0.000583
0.000579
0.000573
0.000566
0.000560
0.000555
0.000549
0.000543
0.000537
0.000529
0.000521
0.000514
0.000514
0.000522
0.000535
0.000545
0.000548
0.000540
0.000526
0.000513
0.000511
0.000519
0.000531
0.000541
0.000548
0.000550
0.000544
0.000535
0.000529
0.000533
0.000546
0.000560
0.000572
0.000583
0.000596
0.000610
0.000620
0.000624
0.000622
0.000623
0.000627
0.000631
0.000631
0.000628
0.000623
0.000615
0.000602
0.000585
0.000570
0.000563
0.000566
0.000577
0.000594
0.000611
0.000619
0.000621
0.000622
0.000628
0.000635
0.000637
0.000633
0.000627
0.000623
0.000620
0.000619
0.000623
0.000630
0.000634
0.000632
0.000627
0.000626
0.000630
0.000635
0.000634
0.000626
0.000615
0.000603
0.000590
0.000573
0.000553
0.000535
0.000527
0.000529
0.000537
0.000547
0.000556
0.000567
0.000578
0.000584
0.000581
0.000575
0.000568
0.000566
0.000569
0.000575
0.000580
0.000581
0.000578
0.000576
0.000584
0.000601
0.000619
0.000629
0.000624
0.000609
0.000593
0.000583
0.000579
0.000579
0.000581
0.000587
0.000600
0.000616
0.000630
0.000638
0.000641
0.000640
0.000636
0.000629
0.000621
0.000613
0.000607
0.000604
0.000605
0.000607
0.000608
0.000608
0.000608
0.000608
0.000608
0.000611
0.000618
0.000624
0.000625
0.000620
0.000616
0.000614
0.000609
0.000596
0.000576
0.000560
0.000555
0.000559
0.000567
0.000573
0.000577
0.000578
0.000577
0.000574
0.000575
0.000581
0.000590
0.000595
0.000595
0.000595
0.000600
0.000605
0.000603
0.000591
0.000573
0.000558
0.000550
0.000553
0.000567
0.000585
0.000603
0.000617
0.000626
0.000632
0.000631
0.000627
0.000624
0.000629
0.000636
0.000639
0.000637
0.000634
0.000628
0.000616
0.000606
0.000606
0.000620
0.000639
0.000651
0.000652
0.000643
0.000629
0.000619
0.000620
0.000628
0.000633
0.000624
0.000607
0.000600
0.000607
0.000622
0.000633
0.000635
0.000629
0.000615
0.000594
0.000572
0.000558
0.000559
0.000573
0.000589
0.000602
0.000605
0.000599
0.000587
0.000579
0.000576
0.000576
0.000572
0.000564
0.000561
0.000570
0.000586
0.000599
0.000603
0.000598
0.000588
0.000581
0.000583
0.000597
0.000615
0.000630
0.000640
0.000646
0.000647
0.000643
0.000636
0.000632
0.000630
0.000625
0.000614
0.000602
0.000601
0.000614
0.000633
0.000646
0.000650
0.000646
0.000640
0.000636
0.000636
0.000641
0.000650
0.000659
0.000664
0.000663
0.000657
0.000651
0.000644
0.000639
0.000636
0.000634
0.000631
0.000624
0.000616
0.000616
0.000624
0.000639
0.000653
0.000659
0.000653
0.000639
0.000625
0.000615
0.000610
0.000604
0.000591
0.000574
0.000557
0.000549
0.000555
0.000570
0.000585
0.000594
0.000599
0.000605
0.000612
0.000618
0.000624
0.000634
0.000645
0.000649
0.000645
0.000637
0.000623
0.000603
0.000580
0.000564
0.000559
0.000564
0.000577
0.000595
0.000613
0.000627
0.000634
0.000637
0.000635
0.000627
0.000615
0.000607
0.000609
0.000616
0.000625
0.000637
0.000652
0.000661
0.000658
0.000649
0.000642
0.000635
0.000624
0.000613
0.000609
0.000614
0.000623
0.000629
0.000633
0.000636
0.000635
0.000628
0.000616
0.000600
0.000581
0.000564
0.000556
0.000554
0.000555
0.000559
0.000569
0.000586
0.000603
0.000615
0.000619
0.000615
0.000608
0.000605
0.000610
0.000619
0.000625
0.000626
0.000626
0.000624
0.000617
0.000607
0.000598
0.000589
0.000573
0.000554
0.000540
0.000539
0.000542
0.000542
0.000539
0.000542
0.000554
0.000570
0.000585
0.000597
0.000608
0.000617
0.000626
0.000636
0.000648
0.000661
0.000673
0.000678
0.000672
0.000659
0.000649
0.000643
0.000635
0.000618
0.000599
0.000588
0.000586
0.000588
0.000592
0.000598
0.000608
0.000615
0.000618
0.000618
0.000615
0.000608
0.000601
0.000599
0.000603
0.000604
0.000597
0.000584
0.000573
0.000571
0.000578
0.000593
0.000612
0.000629
0.000638
0.000637
0.000628
0.000620
0.000617
0.000619
0.000620
0.000621
0.000627
0.000641
0.000657
0.000666
0.000664
0.000656
0.000650
0.000651
0.000660
0.000670
0.000674
0.000672
0.000669
0.000670
0.000675
0.000678
0.000682
0.000688
0.000695
0.000701
0.000702
0.000700
0.000699
0.000701
0.000705
0.000703
0.000691
0.000670
0.000651
0.000645
0.000649
0.000651
0.000645
0.000638
0.000638
0.000638
0.000632
0.000622
0.000617
0.000618
0.000621
0.000623
0.000627
0.000633
0.000635
0.000630
0.000618
0.000610
0.000613
0.000624
0.000638
0.000647
0.000652
0.000657
0.000663
0.000669
0.000671
0.000672
0.000671
0.000666
0.000655
0.000641
0.000628
0.000621
0.000621
0.000628
0.000640
0.000655
0.000669
0.000682
0.000692
0.000698
0.000705
0.000714
0.000723
0.000723
0.000710
0.000691
0.000671
0.000652
0.000634
0.000620
0.000616
0.000620
0.000626
0.000630
0.000631
0.000634
0.000638
0.000646
0.000655
0.000661
0.000659
0.000648
0.000635
0.000623
0.000611
0.000598
0.000590
0.000593
0.000606
0.000620
0.000629
0.000634
0.000638
0.000645
0.000655
0.000667
0.000685
0.000705
0.000723
0.000736
0.000740
0.000735
0.000720
0.000697
0.000675
0.000658
0.000650
0.000649
0.000655
0.000669
0.000688
0.000702
0.000704
0.000696
0.000683
0.000673
0.000668
0.000667
0.000662
0.000649
0.000627
0.000603
0.000584
0.000569
0.000558
0.000550
0.000545
0.000547
0.000556
0.000569
0.000580
0.000583
0.000578
0.000575
0.000579
0.000585
0.000588
0.000591
0.000601
0.000616
0.000632
0.000646
0.000663
0.000681
0.000693
0.000693
0.000684
0.000675
0.000668
0.000660
0.000650
0.000637
0.000623
0.000613
0.000612
0.000621
0.000633
0.000643
0.000650
0.000656
0.000662
0.000666
0.000667
0.000665
0.000665
0.000672
0.000685
0.000702
0.000718
0.000725
0.000718
0.000704
0.000691
0.000691
0.000699
0.000706
0.000699
0.000679
0.000656
0.000639
0.000629
0.000626
0.000630
0.000639
0.000652
0.000663
0.000666
0.000658
0.000643
0.000623
0.000604
0.000585
0.000569
0.000559
0.000559
0.000568
0.000579
0.000586
0.000594
0.000607
0.000623
0.000638
0.000647
0.000653
0.000659
0.000663
0.000662
0.000657
0.000654
0.000657
0.000666
0.000672
0.000672
0.000668
0.000665
0.000662
0.000654
0.000638
0.000619
0.000606
0.000605
0.000614
0.000627
0.000637
0.000643
0.000644
0.000637
0.000622
0.000603
0.000589
0.000589
0.000606
0.000634
0.000663
0.000684
0.000693
0.000695
0.000693
0.000686
0.000674
0.000663
0.000655
0.000650
0.000642
0.000631
0.000623
0.000622
0.000625
0.000627
0.000631
0.000639
0.000650
0.000658
0.000662
0.000664
0.000665
0.000665
0.000665
0.000666
0.000669
0.000673
0.000673
0.000669
0.000659
0.000644
0.000629
0.000621
0.000619
0.000617
0.000613
0.000609
0.000611
0.000615
0.000616
0.000617
0.000625
0.000639
0.000653
0.000662
0.000667
0.000675
0.000689
0.000707
0.000726
0.000737
0.000736
0.000722
0.000706
0.000697
0.000699
0.000708
0.000716
0.000717
0.000713
0.000705
0.000695
0.000684
0.000678
0.000684
0.000698
0.000705
0.000694
0.000671
0.000650
0.000636
0.000625
0.000611
0.000597
0.000588
0.000584
0.000585
0.000591
0.000601
0.000609
0.000613
0.000614
0.000616
0.000620
0.000625
0.000636
0.000656
0.000681
0.000701
0.000710
0.000709
0.000701
0.000689
0.000678
0.000670
0.000667
0.000672
0.000684
0.000702
0.000718
0.000722
0.000712
0.000694
0.000675
0.000657
0.000644
0.000639
0.000642
0.000644
0.000639
0.000630
0.000622
0.000618
0.000615
0.000613
0.000610
0.000606
0.000602
0.000604
0.000615
0.000628
0.000634
0.000630
0.000620
0.000612
0.000609
0.000612
0.000618
0.000624
0.000626
0.000626
0.000629
0.000630
0.000619
0.000601
0.000592
0.000606
0.000634
0.000660
0.000678
0.000691
0.000700
0.000699
0.000685
0.000666
0.000652
0.000643
0.000636
0.000628
0.000620
0.000613
0.000607
0.000602
0.000603
0.000611
0.000624
0.000639
0.000655
0.000668
0.000674
0.000672
0.000661
0.000645
0.000627
0.000612
0.000607
0.000611
0.000622
0.000638
0.000657
0.000672
0.000679
0.000679
0.000678
0.000683
0.000694
0.000706
0.000714
0.000720
0.000722
0.000719
0.000712
0.000703
0.000695
0.000684
0.000668
0.000647
0.000626
0.000607
0.000591
0.000583
0.000585
0.000598
0.000616
0.000634
0.000648
0.000659
0.000668
0.000670
0.000667
0.000659
0.000648
0.000634
0.000619
0.000613
0.000619
0.000633
0.000641
0.000639
0.000629
0.000621
0.000622
0.000632
0.000644
0.000651
0.000654
0.000659
0.000669
0.000677
0.000675
0.000664
0.000660
0.000667
0.000678
0.000681
0.000677
0.000674
0.000674
0.000674
0.000668
0.000660
0.000656
0.000660
0.000672
0.000686
0.000695
0.000693
0.000677
0.000656
0.000639
0.000627
0.000618
0.000610
0.000602
0.000590
0.000574
0.000561
0.000560
0.000571
0.000588
0.000601
0.000610
0.000619
0.000633
0.000648
0.000659
0.000664
0.000661
0.000656
0.000658
0.000670
0.000683
0.000689
0.000686
0.000681
0.000677
0.000672
0.000663
0.000655
0.000651
0.000651
0.000647
0.000641
0.000639
0.000645
0.000656
0.000666
0.000673
0.000679
0.000684
0.000689
0.000691
0.000691
0.000689
0.000689
0.000691
0.000695
0.000698
0.000697
0.000691
0.000680
0.000666
0.000651
0.000633
0.000612
0.000591
0.000576
0.000572
0.000579
0.000585
0.000586
0.000583
0.000580
0.000577
0.000571
0.000563
0.000562
0.000574
0.000596
0.000616
0.000623
0.000619
0.000615
0.000616
0.000619
0.000619
0.000613
0.000603
0.000593
0.000586
0.000581
0.000582
0.000586
0.000588
0.000589
0.000591
0.000597
0.000605
0.000613
0.000622
0.000631
0.000637
0.000637
0.000632
0.000624
0.000616
0.000615
0.000626
0.000647
0.000667
0.000676
0.000674
0.000667
0.000663
0.000664
0.000671
0.000680
0.000687
0.000691
0.000691
0.000690
0.000691
0.000694
0.000698
0.000700
0.000695
0.000685
0.000675
0.000675
0.000680
0.000683
0.000676
0.000664
0.000651
0.000634
0.000609
0.000581
0.000562
0.000550
0.000537
0.000522
0.000515
0.000521
0.000533
0.000538
0.000535
0.000535
0.000546
0.000567
0.000592
0.000617
0.000643
0.000668
0.000691
0.000710
0.000722
0.000723
0.000720
0.000716
0.000709
0.000694
0.000675
0.000663
0.000665
0.000677
0.000687
0.000691
0.000692
0.000694
0.000698
0.000699
0.000693
0.000680
0.000666
0.000658
0.000660
0.000662
0.000660
0.000655
0.000651
0.000644
0.000632
0.000617
0.000607
0.000609
0.000618
0.000624
0.000623
0.000616
0.000610
0.000612
0.000622
0.000634
0.000643
0.000651
0.000661
0.000677
0.000695
0.000709
0.000712
0.000703
0.000689
0.000681
0.000681
0.000683
0.000674
0.000659
0.000648
0.000651
0.000663
0.000678
0.000692
0.000703
0.000705
0.000695
0.000681
0.000667
0.000654
0.000637
0.000625
0.000625
0.000632
0.000639
0.000644
0.000648
0.000652
0.000650
0.000642
0.000638
0.000640
0.000642
0.000637
0.000630
0.000631
0.000640
0.000652
0.000659
0.000664
0.000669
0.000673
0.000673
0.000671
0.000673
0.000678
0.000681
0.000677
0.000670
0.000668
0.000674
0.000685
0.000696
0.000707
0.000716
0.000718
0.000711
0.000699
0.000689
0.000686
0.000686
0.000689
0.000693
0.000694
0.000691
0.000684
0.000676
0.000670
0.000667
0.000666
0.000667
0.000668
0.000668
0.000668
0.000670
0.000670
0.000668
0.000667
0.000674
0.000692
0.000712
0.000722
0.000717
0.000699
0.000678
0.000666
0.000667
0.000673
0.000677
0.000678
0.000680
0.000685
0.000691
0.000697
0.000703
0.000704
0.000695
0.000678
0.000665
0.000666
0.000671
0.000670
0.000661
0.000656
0.000661
0.000669
0.000668
0.000659
0.000644
0.000629
0.000616
0.000607
0.000604
0.000606
0.000610
0.000611
0.000607
0.000598
0.000588
0.000585
0.000588
0.000591
0.000591
0.000587
0.000584
0.000585
0.000592
0.000603
0.000617
0.000632
0.000641
0.000646
0.000649
0.000653
0.000658
0.000662
0.000661
0.000658
0.000653
0.000645
0.000640
0.000644
0.000660
0.000681
0.000697
0.000705
0.000709
0.000712
0.000706
0.000692
0.000678
0.000672
0.000674
0.000675
0.000673
0.000674
0.000677
0.000680
0.000680
0.000679
0.000679
0.000679
0.000675
0.000667
0.000657
0.000645
0.000634
0.000621
0.000607
0.000592
0.000583
0.000584
0.000590
0.000596
0.000597
0.000598
0.000601
0.000607
0.000617
0.000632
0.000650
0.000662
0.000660
0.000648
0.000635
0.000627
0.000625
0.000629
0.000639
0.000650
0.000653
0.000644
0.000626
0.000605
0.000587
0.000576
0.000570
0.000568
0.000570
0.000577
0.000589
0.000600
0.000608
0.000611
0.000612
0.000614
0.000618
0.000622
0.000627
0.000630
0.000630
0.000631
0.000635
0.000646
0.000658
0.000666
0.000666
0.000658
0.000645
0.000629
0.000613
0.000598
0.000585
0.000574
0.000567
0.000564
0.000562
0.000559
0.000558
0.000565
0.000581
0.000598
0.000607
0.000605
0.000599
0.000596
0.000594
0.000589
0.000583
0.000583
0.000593
0.000608
0.000623
0.000634
0.000639
0.000633
0.000621
0.000609
0.000603
0.000601
0.000603
0.000612
0.000628
0.000640
0.000642
0.000632
0.000613
0.000590
0.000569
0.000555
0.000549
0.000545
0.000538
0.000528
0.000526
0.000537
0.000556
0.000577
0.000592
0.000598
0.000593
0.000585
0.000584
0.000592
0.000602
0.000606
0.000606
0.000608
0.000615
0.000626
0.000638
0.000647
0.000658
0.000673
0.000691
0.000697
0.000684
0.000660
0.000644
0.000648
0.000666
0.000684
0.000694
0.000692
0.000681
0.000666
0.000650
0.000637
0.000622
0.000603
0.000587
0.000578
0.000576
0.000574
0.000569
0.000567
0.000570
0.000572
0.000567
0.000557
0.000551
0.000555
0.000571
0.000592
0.000612
0.000626
0.000632
0.000630
0.000624
0.000619
0.000616
0.000615
0.000613
0.000613
0.000614
0.000611
0.000601
0.000590
0.000586
0.000593
0.000603
0.000613
0.000618
0.000619
0.000618
0.000617
0.000621
0.000629
0.000639
0.000645
0.000649
0.000657
0.000669
0.000683
0.000697
0.000706
0.000710
0.000707
0.000698
0.000685
0.000673
0.000667
0.000667
0.000668
0.000664
0.000660
0.000660
0.000662
0.000659
0.000648
0.000634
0.000623
0.000612
0.000601
0.000593
0.000591
0.000591
0.000590
0.000587
0.000586
0.000590
0.000598
0.000608
0.000617
0.000623
0.000624
0.000625
0.000627
0.000627
0.000622
0.000615
0.000614
0.000620
0.000629
0.000641
0.000658
0.000677
0.000689
0.000692
0.000691
0.000691
0.000695
0.000700
0.000708
0.000717
0.000720
0.000714
0.000705
0.000703
0.000711
0.000722
0.000731
0.000736
0.000735
0.000726
0.000713
0.000702
0.000698
0.000698
0.000698
0.000694
0.000692
0.000693
0.000697
0.000696
0.000684
0.000662
0.000638
0.000620
0.000612
0.000611
0.000617
0.000631
0.000651
0.000674
0.000692
0.000701
0.000701
0.000699
0.000699
0.000701
0.000702
0.000700
0.000698
0.000693
0.000684
0.000674
0.000670
0.000677
0.000691
0.000700
0.000698
0.000689
0.000680
0.000671
0.000662
0.000654
0.000649
0.000640
0.000628
0.000618
0.000618
0.000629
0.000643
0.000655
0.000663
0.000669
0.000672
0.000671
0.000666
0.000659
0.000650
0.000641
0.000632
0.000625
0.000620
0.000614
0.000607
0.000599
0.000591
0.000584
0.000581
0.000584
0.000589
0.000592
0.000597
0.000608
0.000624
0.000637
0.000641
0.000636
0.000626
0.000614
0.000605
0.000604
0.000609
0.000612
0.000611
0.000608
0.000612
0.000625
0.000636
0.000639
0.000635
0.000629
0.000625
0.000626
0.000632
0.000647
0.000665
0.000674
0.000666
0.000647
0.000628
0.000618
0.000618
0.000621
0.000624
0.000627
0.000630
0.000629
0.000624
0.000621
0.000624
0.000631
0.000641
0.000650
0.000656
0.000657
0.000653
0.000646
0.000636
0.000623
0.000615
0.000618
0.000632
0.000650
0.000664
0.000675
0.000683
0.000686
0.000677
0.000659
0.000638
0.000623
0.000613
0.000607
0.000607
0.000613
0.000618
0.000616
0.000609
0.000603
0.000603
0.000609
0.000618
0.000628
0.000636
0.000639
0.000642
0.000647
0.000650
0.000647
0.000635
0.000619
0.000603
0.000595
0.000599
0.000616
0.000639
0.000657
0.000664
0.000662
0.000656
0.000652
0.000652
0.000656
0.000662
0.000672
0.000685
0.000697
0.000701
0.000695
0.000682
0.000670
0.000663
0.000661
0.000662
0.000666
0.000674
0.000682
0.000689
0.000693
0.000695
0.000696
0.000691
0.000676
0.000656
0.000640
0.000633
0.000633
0.000631
0.000627
0.000623
0.000619
0.000611
0.000596
0.000582
0.000578
0.000584
0.000592
0.000597
0.000597
0.000597
0.000602
0.000612
0.000625
0.000635
0.000635
0.000627
0.000616
0.000608
0.000603
0.000601
0.000605
0.000614
0.000625
0.000631
0.000627
0.000618
0.000609
0.000602
0.000596
0.000592
0.000591
0.000598
0.000611
0.000623
0.000629
0.000632
0.000635
0.000644
0.000658
0.000672
0.000680
0.000682
0.000686
0.000697
0.000714
0.000726
0.000721
0.000704
0.000687
0.000676
0.000672
0.000671
0.000672
0.000674
0.000675
0.000677
0.000680
0.000682
0.000677
0.000669
0.000667
0.000674
0.000684
0.000687
0.000686
0.000684
0.000683
0.000684
0.000686
0.000688
0.000683
0.000670
0.000656
0.000648
0.000649
0.000648
0.000643
0.000632
0.000620
0.000607
0.000599
0.000601
0.000610
0.000617
0.000615
0.000611
0.000612
0.000622
0.000635
0.000646
0.000651
0.000647
0.000637
0.000627
0.000625
0.000631
0.000640
0.000647
0.000653
0.000661
0.000669
0.000677
0.000685
0.000690
0.000687
0.000671
0.000643
0.000611
0.000586
0.000576
0.000582
0.000600
0.000620
0.000634
0.000643
0.000653
0.000668
0.000683
0.000690
0.000689
0.000683
0.000679
0.000677
0.000674
0.000669
0.000665
0.000664
0.000666
0.000672
0.000679
0.000685
0.000682
0.000669
0.000650
0.000635
0.000629
0.000630
0.000632
0.000636
0.000643
0.000652
0.000658
0.000660
0.000660
0.000662
0.000666
0.000671
0.000672
0.000666
0.000653
0.000637
0.000624
0.000619
0.000624
0.000636
0.000650
0.000661
0.000665
0.000661
0.000649
0.000633
0.000614
0.000595
0.000581
0.000577
0.000581
0.000587
0.000592
0.000592
0.000587
0.000581
0.000577
0.000579
0.000584
0.000590
0.000602
0.000625
0.000659
0.000692
0.000712
0.000718
0.000716
0.000713
0.000705
0.000687
0.000660
0.000630
0.000608
0.000602
0.000610
0.000623
0.000632
0.000633
0.000629
0.000624
0.000622
0.000625
0.000633
0.000642
0.000649
0.000652
0.000653
0.000654
0.000652
0.000646
0.000640
0.000639
0.000645
0.000655
0.000663
0.000667
0.000672
0.000677
0.000684
0.000691
0.000695
0.000694
0.000684
0.000663
0.000639
0.000619
0.000609
0.000611
0.000622
0.000639
0.000652
0.000660
0.000663
0.000668
0.000678
0.000688
0.000692
0.000689
0.000681
0.000669
0.000656
0.000644
0.000635
0.000628
0.000623
0.000618
0.000616
0.000618
0.000623
0.000631
0.000639
0.000646
0.000648
0.000644
0.000637
0.000634
0.000636
0.000638
0.000634
0.000628
0.000626
0.000632
0.000642
0.000651
0.000656
0.000658
0.000658
0.000658
0.000659
0.000664
0.000670
0.000675
0.000674
0.000672
0.000670
0.000667
0.000656
0.000641
0.000631
0.000634
0.000648
0.000662
0.000670
0.000673
0.000677
0.000683
0.000689
0.000688
0.000680
0.000664
0.000648
0.000637
0.000632
0.000629
0.000626
0.000624
0.000626
0.000634
0.000643
0.000646
0.000644
0.000643
0.000646
0.000648
0.000645
0.000638
0.000632
0.000629
0.000623
0.000612
0.000602
0.000597
0.000597
0.000598
0.000598
0.000596
0.000593
0.000588
0.000580
0.000571
0.000563
0.000562
0.000571
0.000589
0.000614
0.000635
0.000649
0.000651
0.000646
0.000634
0.000620
0.000610
0.000607
0.000610
0.000617
0.000626
0.000638
0.000652
0.000665
0.000675
0.000679
0.000675
0.000661
0.000638
0.000615
0.000597
0.000585
0.000578
0.000575
0.000577
0.000583
0.000589
0.000598
0.000614
0.000637
0.000658
0.000667
0.000663
0.000653
0.000643
0.000634
0.000629
0.000631
0.000643
0.000655
0.000660
0.000656
0.000649
0.000641
0.000637
0.000640
0.000649
0.000655
0.000652
0.000637
0.000621
0.000614
0.000615
0.000618
0.000619
0.000615
0.000610
0.000608
0.000609
0.000608
0.000603
0.000597
0.000594
0.000597
0.000607
0.000620
0.000631
0.000635
0.000630
0.000622
0.000619
0.000623
0.000631
0.000638
0.000646
0.000657
0.000669
0.000672
0.000665
0.000653
0.000643
0.000637
0.000631
0.000622
0.000609
0.000594
0.000582
0.000577
0.000579
0.000585
0.000588
0.000584
0.000580
0.000581
0.000592
0.000611
0.000632
0.000649
0.000661
0.000665
0.000660
0.000642
0.000615
0.000593
0.000585
0.000589
0.000592
0.000590
0.000586
0.000587
0.000594
0.000601
0.000604
0.000606
0.000607
0.000609
0.000611
0.000613
0.000616
0.000624
0.000638
0.000654
0.000667
0.000679
0.000692
0.000703
0.000704
0.000690
0.000669
0.000649
0.000637
0.000631
0.000629
0.000634
0.000645
0.000655
0.000662
0.000666
0.000669
0.000669
0.000665
0.000658
0.000649
0.000644
0.000645
0.000654
0.000669
0.000683
0.000691
0.000698
0.000702
0.000697
0.000680
0.000660
0.000651
0.000658
0.000673
0.000685
0.000692
0.000695
0.000692
0.000683
0.000670
0.000660
0.000652
0.000645
0.000639
0.000640
0.000646
0.000657
0.000668
0.000679
0.000688
0.000693
0.000693
0.000690
0.000688
0.000691
0.000696
0.000698
0.000688
0.000667
0.000645
0.000631
0.000623
0.000615
0.000606
0.000602
0.000607
0.000612
0.000613
0.000611
0.000615
0.000624
0.000632
0.000637
0.000643
0.000654
0.000667
0.000675
0.000674
0.000662
0.000645
0.000631
0.000627
0.000632
0.000639
0.000642
0.000641
0.000641
0.000642
0.000641
0.000635
0.000622
0.000606
0.000597
0.000601
0.000616
0.000632
0.000643
0.000644
0.000639
0.000632
0.000624
0.000619
0.000618
0.000620
0.000621
0.000624
0.000631
0.000644
0.000662
0.000681
0.000696
0.000703
0.000703
0.000697
0.000687
0.000677
0.000672
0.000679
0.000696
0.000716
0.000726
0.000725
0.000718
0.000711
0.000702
0.000689
0.000676
0.000670
0.000674
0.000680
0.000677
0.000663
0.000647
0.000637
0.000637
0.000638
0.000634
0.000624
0.000620
0.000629
0.000649
0.000669
0.000683
0.000692
0.000702
0.000710
0.000710
0.000693
0.000665
0.000640
0.000628
0.000627
0.000628
0.000626
0.000624
0.000628
0.000637
0.000649
0.000662
0.000676
0.000683
0.000680
0.000670
0.000665
0.000663
0.000656
0.000636
0.000613
0.000602
0.000608
0.000621
0.000627
0.000623
0.000613
0.000605
0.000601
0.000598
0.000596
0.000595
0.000599
0.000606
0.000615
0.000622
0.000629
0.000638
0.000647
0.000652
0.000651
0.000649
0.000647
0.000651
0.000658
0.000668
0.000678
0.000685
0.000687
0.000686
0.000690
0.000702
0.000714
0.000715
0.000697
0.000670
0.000647
0.000635
0.000632
0.000633
0.000637
0.000642
0.000645
0.000643
0.000637
0.000630
0.000626
0.000626
0.000626
0.000627
0.000628
0.000629
0.000630
0.000629
0.000627
0.000627
0.000635
0.000647
0.000657
0.000661
0.000664
0.000672
0.000686
0.000700
0.000710
0.000719
0.000727
0.000730
0.000727
0.000717
0.000702
0.000686
0.000669
0.000654
0.000638
0.000624
0.000613
0.000608
0.000607
0.000606
0.000599
0.000588
0.000577
0.000572
0.000570
0.000572
0.000576
0.000582
0.000589
0.000597
0.000604
0.000611
0.000617
0.000621
0.000625
0.000628
0.000626
0.000616
0.000598
0.000576
0.000557
0.000550
0.000555
0.000568
0.000579
0.000584
0.000585
0.000588
0.000595
0.000602
0.000610
0.000616
0.000620
0.000618
0.000607
0.000590
0.000575
0.000567
0.000567
0.000571
0.000579
0.000587
0.000596
0.000605
0.000615
0.000625
0.000632
0.000631
0.000626
0.000624
0.000628
0.000628
0.000618
0.000601
0.000588
0.000586
0.000590
0.000592
0.000590
0.000587
0.000586
0.000588
0.000595
0.000603
0.000611
0.000618
0.000622
0.000627
0.000632
0.000636
0.000636
0.000636
0.000637
0.000640
0.000643
0.000647
0.000651
0.000660
0.000675
0.000696
0.000716
0.000730
0.000730
0.000720
0.000705
0.000689
0.000670
0.000647
0.000626
0.000617
0.000620
0.000626
0.000623
0.000611
0.000600
0.000593
0.000592
0.000595
0.000601
0.000610
0.000621
0.000630
0.000639
0.000644
0.000643
0.000637
0.000627
0.000621
0.000624
0.000638
0.000658
0.000676
0.000686
0.000690
0.000689
0.000688
0.000685
0.000680
0.000671
0.000658
0.000643
0.000628
0.000620
0.000622
0.000632
0.000648
0.000664
0.000670
0.000666
0.000655
0.000645
0.000639
0.000633
0.000627
0.000622
0.000622
0.000628
0.000635
0.000642
0.000648
0.000657
0.000670
0.000686
0.000699
0.000705
0.000705
0.000705
0.000703
0.000697
0.000690
0.000686
0.000689
0.000692
0.000690
0.000684
0.000681
0.000681
0.000679
0.000669
0.000654
0.000644
0.000643
0.000648
0.000651
0.000650
0.000650
0.000651
0.000652
0.000649
0.000643
0.000638
0.000635
0.000634
0.000638
0.000644
0.000650
0.000648
0.000636
0.000621
0.000611
0.000610
0.000619
0.000639
0.000664
0.000684
0.000695
0.000703
0.000714
0.000726
0.000730
0.000723
0.000710
0.000699
0.000691
0.000688
0.000691
0.000693
0.000687
0.000672
0.000655
0.000643
0.000635
0.000629
0.000631
0.000642
0.000660
0.000678
0.000693
0.000705
0.000716
0.000725
0.000729
0.000726
0.000717
0.000706
0.000702
0.000707
0.000715
0.000721
0.000723
0.000718
0.000703
0.000683
0.000669
0.000667
0.000672
0.000671
0.000660
0.000645
0.000633
0.000622
0.000614
0.000612
0.000617
0.000625
0.000633
0.000640
0.000647
0.000652
0.000657
0.000663
0.000673
0.000683
0.000685
0.000678
0.000664
0.000651
0.000642
0.000639
0.000640
0.000645
0.000649
0.000649
0.000641
0.000625
0.000608
0.000594
0.000585
0.000579
0.000578
0.000584
0.000592
0.000596
0.000592
0.000588
0.000591
0.000602
0.000617
0.000634
0.000650
0.000663
0.000669
0.000673
0.000680
0.000687
0.000691
0.000686
0.000678
0.000671
0.000669
0.000668
0.000666
0.000659
0.000647
0.000637
0.000636
0.000647
0.000666
0.000685
0.000697
0.000702
0.000705
0.000711
0.000721
0.000729
0.000730
0.000722
0.000713
0.000704
0.000694
0.000678
0.000657
0.000635
0.000618
0.000610
0.000611
0.000616
0.000622
0.000631
0.000644
0.000659
0.000669
0.000673
0.000671
0.000666
0.000657
0.000649
0.000645
0.000645
0.000648
0.000649
0.000649
0.000654
0.000664
0.000678
0.000693
0.000705
0.000713
0.000714
0.000711
0.000707
0.000702
0.000696
0.000690
0.000683
0.000676
0.000670
0.000665
0.000663
0.000662
0.000660
0.000658
0.000656
0.000652
0.000644
0.000638
0.000640
0.000649
0.000660
0.000667
0.000671
0.000672
0.000671
0.000667
0.000661
0.000657
0.000656
0.000660
0.000667
0.000674
0.000679
0.000679
0.000677
0.000676
0.000674
0.000673
0.000674
0.000677
0.000679
0.000678
0.000676
0.000674
0.000671
0.000663
0.000648
0.000631
0.000615
0.000601
0.000591
0.000586
0.000586
0.000590
0.000595
0.000603
0.000612
0.000616
0.000616
0.000620
0.000632
0.000646
0.000648
0.000635
0.000619
0.000612
0.000619
0.000634
0.000648
0.000656
0.000656
0.000651
0.000646
0.000643
0.000642
0.000640
0.000637
0.000632
0.000628
0.000626
0.000631
0.000643
0.000657
0.000664
0.000664
0.000661
0.000658
0.000651
0.000642
0.000632
0.000628
0.000629
0.000631
0.000632
0.000632
0.000631
0.000630
0.000630
0.000632
0.000636
0.000636
0.000629
0.000616
0.000606
0.000602
0.000600
0.000596
0.000590
0.000586
0.000587
0.000590
0.000595
0.000601
0.000603
0.000598
0.000589
0.000581
0.000582
0.000593
0.000609
0.000623
0.000633
0.000637
0.000638
0.000639
0.000641
0.000646
0.000649
0.000652
0.000654
0.000656
0.000654
0.000645
0.000631
0.000620
0.000620
0.000630
0.000646
0.000659
0.000667
0.000670
0.000670
0.000666
0.000653
0.000634
0.000613
0.000600
0.000596
0.000597
0.000598
0.000599
0.000601
0.000605
0.000607
0.000604
0.000598
0.000592
0.000590
0.000592
0.000598
0.000606
0.000615
0.000626
0.000639
0.000653
0.000666
0.000677
0.000688
0.000693
0.000690
0.000677
0.000665
0.000659
0.000655
0.000649
0.000643
0.000642
0.000646
0.000651
0.000656
0.000662
0.000666
0.000662
0.000648
0.000634
0.000627
0.000624
0.000620
0.000617
0.000620
0.000632
0.000648
0.000660
0.000664
0.000656
0.000639
0.000623
0.000618
0.000627
0.000641
0.000649
0.000650
0.000648
0.000650
0.000656
0.000666
0.000678
0.000686
0.000692
0.000696
0.000697
0.000692
0.000681
0.000666
0.000652
0.000643
0.000637
0.000639
0.000647
0.000656
0.000662
0.000664
0.000665
0.000663
0.000657
0.000653
0.000654
0.000662
0.000670
0.000673
0.000671
0.000667
0.000665
0.000667
0.000674
0.000677
0.000670
0.000655
0.000644
0.000647
0.000661
0.000676
0.000685
0.000687
0.000686
0.000686
0.000692
0.000707
0.000725
0.000740
0.000746
0.000746
0.000744
0.000743
0.000741
0.000740
0.000739
0.000738
0.000732
0.000720
0.000707
0.000699
0.000694
0.000692
0.000690
0.000689
0.000688
0.000683
0.000675
0.000667
0.000663
0.000664
0.000666
0.000664
0.000656
0.000640
0.000619
0.000601
0.000593
0.000596
0.000605
0.000616
0.000627
0.000638
0.000646
0.000652
0.000654
0.000652
0.000646
0.000637
0.000632
0.000636
0.000646
0.000653
0.000651
0.000642
0.000632
0.000621
0.000613
0.000611
0.000616
0.000623
0.000628
0.000636
0.000652
0.000671
0.000685
0.000690
0.000693
0.000701
0.000711
0.000709
0.000695
0.000678
0.000667
0.000665
0.000666
0.000670
0.000681
0.000701
0.000722
0.000736
0.000745
0.000753
0.000761
0.000767
0.000764
0.000754
0.000739
0.000726
0.000716
0.000706
0.000691
0.000672
0.000656
0.000654
0.000665
0.000683
0.000696
0.000699
0.000688
0.000668
0.000644
0.000623
0.000607
0.000592
0.000577
0.000564
0.000560
0.000566
0.000575
0.000584
0.000589
0.000594
0.000599
0.000605
0.000613
0.000623
0.000633
0.000645
0.000657
0.000669
0.000678
0.000683
0.000682
0.000678
0.000674
0.000672
0.000669
0.000660
0.000647
0.000634
0.000628
0.000631
0.000640
0.000652
0.000665
0.000674
0.000677
0.000675
0.000672
0.000668
0.000661
0.000656
0.000656
0.000663
0.000673
0.000685
0.000696
0.000703
0.000701
0.000690
0.000675
0.000661
0.000649
0.000639
0.000635
0.000634
0.000630
0.000625
0.000626
0.000640
0.000659
0.000673
0.000679
0.000682
0.000682
0.000678
0.000675
0.000679
0.000693
0.000707
0.000709
0.000696
0.000670
0.000647
0.000638
0.000646
0.000657
0.000657
0.000645
0.000632
0.000626
0.000625
0.000624
0.000622
0.000623
0.000629
0.000642
0.000661
0.000680
0.000691
0.000691
0.000687
0.000685
0.000684
0.000679
0.000668
0.000657
0.000647
0.000639
0.000637
0.000642
0.000651
0.000657
0.000654
0.000645
0.000639
0.000641
0.000648
0.000652
0.000649
0.000641
0.000637
0.000642
0.000652
0.000657
0.000652
0.000641
0.000629
0.000621
0.000617
0.000616
0.000618
0.000628
0.000649
0.000672
0.000687
0.000689
0.000683
0.000672
0.000652
0.000624
0.000597
0.000578
0.000567
0.000560
0.000559
0.000569
0.000589
0.000609
0.000620
0.000625
0.000630
0.000636
0.000640
0.000643
0.000647
0.000655
0.000668
0.000684
0.000697
0.000705
0.000705
0.000701
0.000696
0.000694
0.000695
0.000696
0.000695
0.000696
0.000703
0.000718
0.000731
0.000730
0.000711
0.000687
0.000666
0.000652
0.000644
0.000641
0.000643
0.000647
0.000650
0.000657
0.000672
0.000691
0.000705
0.000710
0.000707
0.000704
0.000698
0.000684
0.000664
0.000646
0.000638
0.000638
0.000633
0.000617
0.000592
0.000571
0.000559
0.000551
0.000544
0.000545
0.000559
0.000583
0.000605
0.000621
0.000632
0.000641
0.000643
0.000637
0.000628
0.000619
0.000612
0.000611
0.000615
0.000628
0.000646
0.000664
0.000675
0.000676
0.000670
0.000662
0.000656
0.000651
0.000644
0.000632
0.000619
0.000609
0.000605
0.000609
0.000622
0.000638
0.000649
0.000649
0.000640
0.000628
0.000621
0.000624
0.000637
0.000653
0.000668
0.000681
0.000692
0.000704
0.000716
0.000725
0.000730
0.000728
0.000720
0.000711
0.000704
0.000700
0.000696
0.000694
0.000699
0.000708
0.000713
0.000713
0.000711
0.000708
0.000701
0.000684
0.000662
0.000642
0.000632
0.000633
0.000648
0.000676
0.000708
0.000734
0.000751
0.000763
0.000775
0.000784
0.000786
0.000777
0.000758
0.000735
0.000713
0.000697
0.000688
0.000683
0.000680
0.000680
0.000677
0.000670
0.000660
0.000652
0.000647
0.000642
0.000637
0.000636
0.000641
0.000648
0.000650
0.000646
0.000641
0.000643
0.000652
0.000660
0.000661
0.000656
0.000653
0.000656
0.000662
0.000664
0.000664
0.000663
0.000661
0.000658
0.000655
0.000659
0.000666
0.000670
0.000663
0.000648
0.000634
0.000622
0.000613
0.000609
0.000610
0.000616
0.000625
0.000635
0.000645
0.000653
0.000659
0.000666
0.000677
0.000692
0.000706
0.000718
0.000727
0.000731
0.000727
0.000715
0.000704
0.000702
0.000709
0.000717
0.000715
0.000704
0.000689
0.000677
0.000670
0.000667
0.000663
0.000653
0.000639
0.000625
0.000613
0.000605
0.000600
0.000596
0.000592
0.000590
0.000589
0.000592
0.000597
0.000599
0.000596
0.000587
0.000579
0.000575
0.000575
0.000580
0.000590
0.000604
0.000617
0.000626
0.000635
0.000646
0.000657
0.000659
0.000648
0.000630
0.000613
0.000603
0.000599
0.000599
0.000604
0.000611
0.000616
0.000618
0.000619
0.000615
0.000610
0.000607
0.000612
0.000622
0.000633
0.000641
0.000648
0.000654
0.000657
0.000656
0.000651
0.000646
0.000648
0.000660
0.000681
0.000701
0.000710
0.000709
0.000704
0.000704
0.000713
0.000725
0.000733
0.000728
0.000714
0.000701
0.000700
0.000709
0.000718
0.000720
0.000720
0.000721
0.000726
0.000730
0.000728
0.000720
0.000705
0.000688
0.000676
0.000674
0.000683
0.000697
0.000711
0.000721
0.000722
0.000717
0.000708
0.000697
0.000685
0.000670
0.000657
0.000649
0.000647
0.000647
0.000647
0.000646
0.000649
0.000656
0.000664
0.000666
0.000662
0.000656
0.000651
0.000648
0.000645
0.000639
0.000633
0.000628
0.000624
0.000623
0.000627
0.000633
0.000634
0.000625
0.000607
0.000594
0.000595
0.000612
0.000638
0.000663
0.000681
0.000692
0.000694
0.000690
0.000683
0.000678
0.000678
0.000680
0.000681
0.000681
0.000683
0.000689
0.000695
0.000696
0.000695
0.000697
0.000696
0.000686
0.000667
0.000655
0.000658
0.000669
0.000674
0.000667
0.000654
0.000645
0.000645
0.000655
0.000672
0.000688
0.000698
0.000702
0.000707
0.000711
0.000706
0.000688
0.000664
0.000648
0.000645
0.000650
0.000653
0.000650
0.000641
0.000629
0.000621
0.000618
0.000617
0.000615
0.000612
0.000612
0.000622
0.000638
0.000657
0.000678
0.000699
0.000715
0.000723
0.000721
0.000716
0.000711
0.000707
0.000700
0.000690
0.000683
0.000679
0.000677
0.000673
0.000669
0.000671
0.000677
0.000681
0.000676
0.000664
0.000650
0.000640
0.000637
0.000643
0.000660
0.000683
0.000702
0.000711
0.000706
0.000690
0.000670
0.000655
0.000649
0.000653
0.000657
0.000655
0.000648
0.000638
0.000625
0.000607
0.000590
0.000583
0.000591
0.000613
0.000641
0.000667
0.000686
0.000695
0.000698
0.000699
0.000698
0.000695
0.000689
0.000686
0.000687
0.000688
0.000684
0.000676
0.000665
0.000653
0.000641
0.000632
0.000629
0.000632
0.000637
0.000638
0.000637
0.000636
0.000642
0.000655
0.000670
0.000679
0.000678
0.000666
0.000651
0.000638
0.000632
0.000630
0.000633
0.000639
0.000649
0.000659
0.000668
0.000673
0.000670
0.000658
0.000642
0.000629
0.000627
0.000637
0.000654
0.000667
0.000670
0.000667
0.000667
0.000675
0.000684
0.000682
0.000666
0.000648
0.000638
0.000636
0.000630
0.000617
0.000606
0.000608
0.000621
0.000637
0.000648
0.000653
0.000654
0.000652
0.000648
0.000643
0.000638
0.000631
0.000620
0.000608
0.000601
0.000604
0.000616
0.000631
0.000642
0.000649
0.000656
0.000668
0.000685
0.000702
0.000716
0.000726
0.000733
0.000734
0.000730
0.000723
0.000716
0.000709
0.000701
0.000692
0.000688
0.000688
0.000689
0.000686
0.000676
0.000661
0.000646
0.000637
0.000634
0.000636
0.000639
0.000640
0.000638
0.000631
0.000621
0.000608
0.000597
0.000589
0.000588
0.000592
0.000603
0.000618
0.000631
0.000641
0.000648
0.000654
0.000659
0.000661
0.000661
0.000660
0.000660
0.000663
0.000667
0.000673
0.000682
0.000699
0.000717
0.000728
0.000726
0.000712
0.000694
0.000678
0.000667
0.000662
0.000661
0.000660
0.000656
0.000650
0.000651
0.000659
0.000668
0.000668
0.000662
0.000655
0.000652
0.000648
0.000641
0.000636
0.000637
0.000642
0.000645
0.000644
0.000643
0.000645
0.000651
0.000661
0.000671
0.000679
0.000679
0.000674
0.000669
0.000668
0.000670
0.000673
0.000680
0.000693
0.000703
0.000700
0.000683
0.000662
0.000648
0.000644
0.000648
0.000656
0.000666
0.000673
0.000675
0.000673
0.000665
0.000648
0.000623
0.000601
0.000592
0.000594
0.000597
0.000598
0.000600
0.000607
0.000617
0.000623
0.000626
0.000627
0.000630
0.000637
0.000649
0.000663
0.000678
0.000693
0.000707
0.000720
0.000728
0.000730
0.000731
0.000734
0.000740
0.000746
0.000750
0.000750
0.000747
0.000740
0.000730
0.000720
0.000710
0.000698
0.000686
0.000675
0.000664
0.000653
0.000642
0.000635
0.000632
0.000633
0.000638
0.000645
0.000652
0.000657
0.000656
0.000650
0.000643
0.000639
0.000638
0.000634
0.000625
0.000613
0.000610
0.000619
0.000635
0.000652
0.000666
0.000679
0.000691
0.000697
0.000695
0.000686
0.000674
0.000664
0.000659
0.000654
0.000643
0.000627
0.000614
0.000606
0.000600
0.000592
0.000590
0.000598
0.000615
0.000633
0.000649
0.000669
0.000692
0.000712
0.000724
0.000728
0.000726
0.000719
0.000706
0.000691
0.000680
0.000674
0.000674
0.000679
0.000688
0.000695
0.000695
0.000688
0.000678
0.000667
0.000659
0.000651
0.000642
0.000628
0.000613
0.000605
0.000607
0.000617
0.000629
0.000639
0.000646
0.000645
0.000637
0.000629
0.000625
0.000627
0.000636
0.000652
0.000673
0.000690
0.000697
0.000697
0.000695
0.000693
0.000686
0.000675
0.000668
0.000661
0.000651
0.000640
0.000634
0.000638
0.000646
0.000652
0.000654
0.000653
0.000644
0.000629
0.000616
0.000613
0.000621
0.000629
0.000635
0.000637
0.000637
0.000633
0.000627
0.000625
0.000627
0.000629
0.000629
0.000630
0.000636
0.000646
0.000657
0.000664
0.000665
0.000662
0.000661
0.000663
0.000663
0.000660
0.000657
0.000660
0.000668
0.000673
0.000671
0.000664
0.000658
0.000658
0.000664
0.000672
0.000680
0.000685
0.000685
0.000682
0.000683
0.000689
0.000694
0.000691
0.000680
0.000670
0.000670
0.000679
0.000689
0.000693
0.000693
0.000690
0.000686
0.000681
0.000677
0.000674
0.000669
0.000661
0.000653
0.000647
0.000642
0.000637
0.000636
0.000641
0.000650
0.000656
0.000659
0.000663
0.000668
0.000669
0.000665
0.000662
0.000666
0.000673
0.000681
0.000687
0.000691
0.000690
0.000679
0.000659
0.000634
0.000617
0.000617
0.000633
0.000655
0.000669
0.000674
0.000676
0.000679
0.000681
0.000680
0.000680
0.000687
0.000701
0.000715
0.000720
0.000713
0.000697
0.000678
0.000664
0.000659
0.000659
0.000660
0.000657
0.000648
0.000634
0.000621
0.000615
0.000618
0.000628
0.000638
0.000649
0.000661
0.000670
0.000673
0.000673
0.000675
0.000684
0.000698
0.000711
0.000718
0.000717
0.000709
0.000696
0.000685
0.000677
0.000671
0.000664
0.000654
0.000645
0.000640
0.000641
0.000646
0.000649
0.000652
0.000659
0.000676
0.000693
0.000700
0.000693
0.000684
0.000680
0.000680
0.000681
0.000683
0.000690
0.000699
0.000700
0.000691
0.000676
0.000668
0.000675
0.000698
0.000725
0.000738
0.000727
0.000698
0.000670
0.000653
0.000646
0.000642
0.000641
0.000643
0.000649
0.000654
0.000655
0.000653
0.000647
0.000639
0.000631
0.000625
0.000620
0.000616
0.000614
0.000614
0.000618
0.000623
0.000627
0.000627
0.000627
0.000627
0.000628
0.000632
0.000641
0.000657
0.000673
0.000682
0.000684
0.000689
0.000703
0.000721
0.000728
0.000721
0.000704
0.000688
0.000674
0.000662
0.000649
0.000633
0.000618
0.000607
0.000606
0.000613
0.000620
0.000620
0.000614
0.000605
0.000596
0.000586
0.000581
0.000588
0.000605
0.000622
0.000629
0.000625
0.000617
0.000612
0.000613
0.000619
0.000628
0.000637
0.000645
0.000652
0.000653
0.000648
0.000638
0.000628
0.000619
0.000610
0.000597
0.000580
0.000564
0.000559
0.000569
0.000591
0.000614
0.000623
0.000616
0.000599
0.000586
0.000586
0.000601
0.000621
0.000640
0.000652
0.000657
0.000658
0.000653
0.000643
0.000630
0.000620
0.000614
0.000606
0.000593
0.000578
0.000571
0.000578
0.000596
0.000617
0.000633
0.000639
0.000636
0.000630
0.000628
0.000632
0.000642
0.000652
0.000661
0.000669
0.000673
0.000670
0.000663
0.000660
0.000669
0.000688
0.000703
0.000705
0.000695
0.000684
0.000678
0.000681
0.000690
0.000703
0.000711
0.000714
0.000716
0.000721
0.000726
0.000727
0.000723
0.000718
0.000715
0.000708
0.000694
0.000676
0.000660
0.000648
0.000641
0.000641
0.000645
0.000648
0.000647
0.000645
0.000650
0.000663
0.000677
0.000688
0.000697
0.000703
0.000703
0.000695
0.000681
0.000667
0.000658
0.000654
0.000653
0.000651
0.000648
0.000647
0.000649
0.000655
0.000662
0.000669
0.000677
0.000685
0.000688
0.000686
0.000681
0.000678
0.000679
0.000681
0.000681
0.000677
0.000668
0.000655
0.000645
0.000642
0.000643
0.000646
0.000648
0.000646
0.000641
0.000632
0.000623
0.000617
0.000615
0.000614
0.000615
0.000617
0.000620
0.000620
0.000617
0.000616
0.000619
0.000622
0.000623
0.000625
0.000632
0.000640
0.000643
0.000644
0.000649
0.000660
0.000670
0.000670
0.000662
0.000659
0.000666
0.000677
0.000681
0.000674
0.000660
0.000646
0.000635
0.000631
0.000638
0.000657
0.000680
0.000696
0.000702
0.000698
0.000690
0.000680
0.000667
0.000652
0.000642
0.000639
0.000644
0.000648
0.000645
0.000632
0.000614
0.000600
0.000592
0.000589
0.000590
0.000593
0.000597
0.000603
0.000610
0.000615
0.000615
0.000611
0.000609
0.000613
0.000619
0.000623
0.000623
0.000622
0.000621
0.000616
0.000606
0.000595
0.000589
0.000594
0.000609
0.000631
0.000652
0.000666
0.000672
0.000671
0.000664
0.000651
0.000638
0.000634
0.000639
0.000643
0.000640
0.000632
0.000623
0.000618
0.000616
0.000620
0.000630
0.000646
0.000660
0.000667
0.000670
0.000675
0.000686
0.000698
0.000706
0.000704
0.000693
0.000678
0.000667
0.000669
0.000681
0.000696
0.000706
0.000706
0.000695
0.000674
0.000651
0.000637
0.000638
0.000650
0.000663
0.000672
0.000676
0.000673
0.000664
0.000652
0.000643
0.000640
0.000642
0.000644
0.000646
0.000654
0.000668
0.000687
0.000704
0.000713
0.000713
0.000708
0.000703
0.000698
0.000687
0.000670
0.000653
0.000642
0.000641
0.000643
0.000647
0.000649
0.000646
0.000637
0.000628
0.000629
0.000639
0.000646
0.000644
0.000634
0.000624
0.000614
0.000602
0.000586
0.000573
0.000564
0.000558
0.000549
0.000538
0.000533
0.000540
0.000557
0.000577
0.000589
0.000594
0.000597
0.000601
0.000606
0.000608
0.000606
0.000601
0.000591
0.000581
0.000578
0.000585
0.000599
0.000612
0.000622
0.000630
0.000636
0.000638
0.000631
0.000612
0.000588
0.000566
0.000556
0.000563
0.000583
0.000605
0.000621
0.000629
0.000631
0.000630
0.000628
0.000628
0.000628
0.000627
0.000622
0.000617
0.000612
0.000611
0.000612
0.000614
0.000615
0.000616
0.000617
0.000625
0.000639
0.000656
0.000669
0.000679
0.000687
0.000693
0.000697
0.000698
0.000696
0.000688
0.000673
0.000656
0.000641
0.000632
0.000628
0.000626
0.000628
0.000637
0.000650
0.000660
0.000662
0.000657
0.000647
0.000635
0.000621
0.000608
0.000601
0.000605
0.000617
0.000632
0.000648
0.000665
0.000682
0.000694
0.000700
0.000700
0.000698
0.000695
0.000688
0.000674
0.000654
0.000634
0.000623
0.000622
0.000629
0.000638
0.000645
0.000649
0.000651
0.000657
0.000670
0.000686
0.000698
0.000704
0.000704
0.000702
0.000697
0.000691
0.000688
0.000687
0.000684
0.000674
0.000659
0.000644
0.000636
0.000634
0.000633
0.000630
0.000621
0.000611
0.000607
0.000612
0.000622
0.000631
0.000637
0.000640
0.000643
0.000645
0.000646
0.000651
0.000660
0.000669
0.000677
0.000684
0.000691
0.000697
0.000701
0.000704
0.000707
0.000706
0.000693
0.000672
0.000648
0.000630
0.000615
0.000604
0.000594
0.000588
0.000582
0.000575
0.000564
0.000554
0.000552
0.000559
0.000571
0.000580
0.000584
0.000585
0.000589
0.000595
0.000604
0.000618
0.000637
0.000661
0.000684
0.000699
0.000704
0.000701
0.000696
0.000693
0.000691
0.000688
0.000680
0.000669
0.000657
0.000644
0.000634
0.000627
0.000623
0.000619
0.000612
0.000610
0.000617
0.000630
0.000636
0.000631
0.000622
0.000616
0.000616
0.000620
0.000623
0.000627
0.000633
0.000645
0.000662
0.000680
0.000691
0.000691
0.000681
0.000672
0.000665
0.000662
0.000660
0.000661
0.000667
0.000676
0.000686
0.000693
0.000697
0.000699
0.000699
0.000697
0.000698
0.000708
0.000731
0.000761
0.000789
0.000806
0.000814
0.000815
0.000809
0.000795
0.000774
0.000752
0.000732
0.000715
0.000697
0.000681
0.000667
0.000658
0.000654
0.000651
0.000646
0.000638
0.000632
0.000630
0.000631
0.000632
0.000630
0.000624
0.000618
0.000613
0.000616
0.000629
0.000649
0.000671
0.000689
0.000700
0.000703
0.000695
0.000682
0.000666
0.000650
0.000633
0.000618
0.000611
0.000617
0.000629
0.000639
0.000641
0.000637
0.000633
0.000633
0.000641
0.000652
0.000661
0.000663
0.000661
0.000661
0.000665
0.000670
0.000669
0.000664
0.000661
0.000663
0.000663
0.000660
0.000654
0.000652
0.000653
0.000653
0.000649
0.000644
0.000645
0.000652
0.000662
0.000669
0.000667
0.000653
0.000635
0.000624
0.000628
0.000646
0.000669
0.000687
0.000695
0.000688
0.000669
0.000648
0.000632
0.000625
0.000624
0.000626
0.000627
0.000625
0.000621
0.000615
0.000607
0.000599
0.000591
0.000589
0.000594
0.000605
0.000615
0.000618
0.000619
0.000621
0.000627
0.000634
0.000640
0.000647
0.000659
0.000675
0.000689
0.000692
0.000684
0.000673
0.000668
0.000666
0.000664
0.000660
0.000654
0.000648
0.000638
0.000628
0.000622
0.000625
0.000632
0.000639
0.000642
0.000643
0.000642
0.000640
0.000638
0.000635
0.000635
0.000637
0.000638
0.000633
0.000618
0.000593
0.000564
0.000542
0.000534
0.000541
0.000557
0.000576
0.000593
0.000607
0.000619
0.000632
0.000650
0.000672
0.000693
0.000707
0.000708
0.000702
0.000695
0.000689
0.000688
0.000694
0.000706
0.000720
0.000728
0.000726
0.000721
0.000716
0.000710
0.000697
0.000679
0.000664
0.000657
0.000656
0.000656
0.000655
0.000661
0.000672
0.000680
0.000673
0.000653
0.000629
0.000612
0.000606
0.000610
0.000622
0.000640
0.000657
0.000668
0.000671
0.000671
0.000673
0.000675
0.000676
0.000675
0.000672
0.000665
0.000652
0.000637
0.000626
0.000625
0.000633
0.000641
0.000643
0.000637
0.000626
0.000615
0.000604
0.000594
0.000591
0.000596
0.000607
0.000617
0.000622
0.000621
0.000616
0.000610
0.000608
0.000610
0.000611
0.000608
0.000604
0.000609
0.000623
0.000641
0.000652
0.000654
0.000645
0.000629
0.000615
0.000610
0.000616
0.000627
0.000639
0.000653
0.000666
0.000673
0.000666
0.000649
0.000626
0.000605
0.000587
0.000579
0.000583
0.000596
0.000612
0.000625
0.000635
0.000642
0.000645
0.000644
0.000640
0.000639
0.000642
0.000646
0.000645
0.000638
0.000630
0.000625
0.000622
0.000618
0.000613
0.000615
0.000625
0.000632
0.000628
0.000612
0.000594
0.000579
0.000570
0.000569
0.000576
0.000587
0.000595
0.000600
0.000603
0.000604
0.000604
0.000608
0.000618
0.000627
0.000623
0.000612
0.000608
0.000616
0.000624
0.000623
0.000618
0.000622
0.000634
0.000647
0.000659
0.000671
0.000682
0.000684
0.000677
0.000665
0.000652
0.000639
0.000629
0.000626
0.000630
0.000635
0.000636
0.000628
0.000611
0.000590
0.000573
0.000566
0.000570
0.000579
0.000587
0.000592
0.000590
0.000581
0.000569
0.000560
0.000561
0.000570
0.000585
0.000606
0.000630
0.000649
0.000657
0.000655
0.000651
0.000646
0.000635
0.000617
0.000598
0.000588
0.000590
0.000596
0.000599
0.000596
0.000593
0.000593
0.000590
0.000581
0.000567
0.000556
0.000555
0.000565
0.000579
0.000589
0.000590
0.000585
0.000580
0.000579
0.000583
0.000591
0.000602
0.000613
0.000619
0.000615
0.000606
0.000599
0.000600
0.000608
0.000620
0.000632
0.000644
0.000654
0.000659
0.000660
0.000657
0.000650
0.000643
0.000636
0.000626
0.000613
0.000602
0.000603
0.000612
0.000621
0.000621
0.000617
0.000615
0.000615
0.000612
0.000605
0.000600
0.000602
0.000607
0.000610
0.000609
0.000609
0.000615
0.000629
0.000644
0.000653
0.000657
0.000662
0.000672
0.000687
0.000698
0.000704
0.000704
0.000702
0.000700
0.000699
0.000702
0.000704
0.000700
0.000688
0.000672
0.000658
0.000649
0.000645
0.000647
0.000655
0.000660
0.000653
0.000638
0.000625
0.000628
0.000644
0.000659
0.000660
0.000648
0.000629
0.000614
0.000603
0.000596
0.000596
0.000602
0.000611
0.000622
0.000637
0.000655
0.000675
0.000689
0.000692
0.000686
0.000678
0.000675
0.000674
0.000676
0.000681
0.000690
0.000703
0.000712
0.000714
0.000706
0.000690
0.000670
0.000654
0.000646
0.000646
0.000650
0.000653
0.000653
0.000649
0.000643
0.000638
0.000638
0.000645
0.000650
0.000644
0.000627
0.000609
0.000601
0.000603
0.000606
0.000606
0.000603
0.000600
0.000595
0.000589
0.000587
0.000592
0.000602
0.000612
0.000618
0.000622
0.000625
0.000626
0.000626
0.000627
0.000631
0.000638
0.000644
0.000644
0.000638
0.000632
0.000632
0.000645
0.000667
0.000688
0.000697
0.000699
0.000706
0.000723
0.000746
0.000762
0.000764
0.000755
0.000742
0.000727
0.000714
0.000706
0.000700
0.000691
0.000675
0.000655
0.000639
0.000634
0.000637
0.000643
0.000646
0.000645
0.000641
0.000637
0.000635
0.000637
0.000648
0.000669
0.000692
0.000709
0.000719
0.000725
0.000730
0.000728
0.000716
0.000695
0.000678
0.000670
0.000668
0.000667
0.000667
0.000670
0.000680
0.000694
0.000708
0.000716
0.000712
0.000699
0.000681
0.000666
0.000660
0.000664
0.000672
0.000675
0.000669
0.000658
0.000649
0.000645
0.000647
0.000652
0.000659
0.000665
0.000665
0.000660
0.000650
0.000639
0.000629
0.000624
0.000628
0.000640
0.000649
0.000650
0.000643
0.000635
0.000627
0.000619
0.000609
0.000600
0.000592
0.000589
0.000590
0.000593
0.000595
0.000598
0.000601
0.000604
0.000602
0.000595
0.000589
0.000584
0.000580
0.000577
0.000580
0.000590
0.000600
0.000601
0.000597
0.000597
0.000605
0.000616
0.000621
0.000618
0.000608
0.000597
0.000591
0.000592
0.000597
0.000601
0.000602
0.000604
0.000607
0.000606
0.000594
0.000575
0.000554
0.000536
0.000523
0.000516
0.000520
0.000536
0.000559
0.000581
0.000595
0.000600
0.000596
0.000589
0.000581
0.000576
0.000574
0.000575
0.000579
0.000582
0.000585
0.000588
0.000591
0.000599
0.000611
0.000623
0.000628
0.000624
0.000618
0.000621
0.000636
0.000656
0.000671
0.000681
0.000688
0.000695
0.000698
0.000697
0.000695
0.000694
0.000694
0.000694
0.000695
0.000696
0.000692
0.000682
0.000669
0.000658
0.000654
0.000652
0.000647
0.000636
0.000625
0.000620
0.000622
0.000626
0.000623
0.000610
0.000592
0.000576
0.000568
0.000569
0.000579
0.000595
0.000610
0.000617
0.000616
0.000611
0.000606
0.000605
0.000606
0.000609
0.000616
0.000632
0.000654
0.000674
0.000685
0.000686
0.000682
0.000675
0.000663
0.000647
0.000634
0.000635
0.000652
0.000677
0.000699
0.000711
0.000707
0.000689
0.000663
0.000637
0.000618
0.000604
0.000592
0.000583
0.000578
0.000578
0.000575
0.000565
0.000551
0.000548
0.000565
0.000590
0.000604
0.000601
0.000591
0.000589
0.000599
0.000612
0.000619
0.000620
0.000619
0.000617
0.000615
0.000616
0.000622
0.000634
0.000649
0.000664
0.000673
0.000670
0.000653
0.000629
0.000610
0.000604
0.000610
0.000624
0.000641
0.000659
0.000674
0.000683
0.000685
0.000688
0.000694
0.000704
0.000710
0.000710
0.000708
0.000709
0.000715
0.000722
0.000721
0.000709
0.000693
0.000682
0.000679
0.000675
0.000664
0.000648
0.000640
0.000645
0.000661
0.000679
0.000696
0.000711
0.000724
0.000733
0.000738
0.000739
0.000737
0.000734
0.000735
0.000742
0.000750
0.000750
0.000740
0.000725
0.000717
0.000712
0.000702
0.000682
0.000658
0.000641
0.000637
0.000640
0.000644
0.000646
0.000645
0.000641
0.000636
0.000637
0.000646
0.000659
0.000670
0.000679
0.000684
0.000686
0.000682
0.000671
0.000656
0.000640
0.000626
0.000617
0.000612
0.000612
0.000616
0.000620
0.000622
0.000617
0.000607
0.000597
0.000599
0.000613
0.000632
0.000648
0.000658
0.000665
0.000673
0.000683
0.000695
0.000707
0.000719
0.000725
0.000721
0.000712
0.000704
0.000705
0.000713
0.000722
0.000726
0.000721
0.000711
0.000703
0.000700
0.000702
0.000703
0.000701
0.000696
0.000687
0.000676
0.000665
0.000657
0.000652
0.000649
0.000651
0.000658
0.000668
0.000679
0.000689
0.000700
0.000711
0.000719
0.000722
0.000722
0.000722
0.000722
0.000722
0.000724
0.000724
0.000720
0.000714
0.000711
0.000713
0.000713
0.000708
0.000704
0.000702
0.000696
0.000679
0.000656
0.000642
0.000640
0.000645
0.000645
0.000641
0.000635
0.000631
0.000631
0.000636
0.000643
0.000645
0.000642
0.000640
0.000644
0.000650
0.000650
0.000644
0.000640
0.000645
0.000661
0.000683
0.000702
0.000711
0.000708
0.000698
0.000687
0.000674
0.000658
0.000639
0.000621
0.000609
0.000601
0.000596
0.000590
0.000581
0.000568
0.000558
0.000561
0.000578
0.000603
0.000625
0.000636
0.000633
0.000620
0.000605
0.000594
0.000586
0.000578
0.000571
0.000569
0.000572
0.000575
0.000578
0.000585
0.000599
0.000618
0.000634
0.000643
0.000645
0.000643
0.000641
0.000642
0.000648
0.000657
0.000665
0.000667
0.000666
0.000663
0.000662
0.000665
0.000669
0.000666
0.000654
0.000642
0.000640
0.000653
0.000669
0.000677
0.000675
0.000672
0.000674
0.000677
0.000672
0.000658
0.000638
0.000619
0.000607
0.000602
0.000602
0.000604
0.000607
0.000615
0.000633
0.000654
0.000669
0.000675
0.000674
0.000672
0.000667
0.000660
0.000653
0.000649
0.000649
0.000653
0.000660
0.000666
0.000666
0.000654
0.000635
0.000615
0.000598
0.000582
0.000567
0.000559
0.000563
0.000574
0.000586
0.000595
0.000604
0.000614
0.000623
0.000628
0.000631
0.000635
0.000645
0.000658
0.000665
0.000660
0.000646
0.000630
0.000619
0.000614
0.000611
0.000613
0.000623
0.000638
0.000651
0.000660
0.000666
0.000674
0.000684
0.000688
0.000680
0.000661
0.000644
0.000639
0.000650
0.000670
0.000688
0.000696
0.000691
0.000677
0.000667
0.000670
0.000685
0.000700
0.000705
0.000700
0.000690
0.000678
0.000673
0.000682
0.000704
0.000727
0.000740
0.000742
0.000739
0.000733
0.000721
0.000706
0.000698
0.000701
0.000705
0.000702
0.000691
0.000678
0.000667
0.000655
0.000642
0.000633
0.000629
0.000627
0.000625
0.000624
0.000626
0.000627
0.000625
0.000618
0.000612
0.000611
0.000613
0.000618
0.000624
0.000633
0.000641
0.000647
0.000647
0.000642
0.000638
0.000637
0.000642
0.000652
0.000665
0.000679
0.000691
0.000699
0.000700
0.000691
0.000676
0.000665
0.000667
0.000675
0.000680
0.000677
0.000669
0.000662
0.000658
0.000657
0.000663
0.000674
0.000689
0.000701
0.000708
0.000707
0.000700
0.000692
0.000689
0.000691
0.000690
0.000682
0.000674
0.000669
0.000666
0.000659
0.000647
0.000639
0.000639
0.000642
0.000639
0.000632
0.000628
0.000632
0.000641
0.000647
0.000643
0.000634
0.000631
0.000644
0.000672
0.000705
0.000729
0.000740
0.000740
0.000731
0.000711
0.000682
0.000657
0.000647
0.000657
0.000673
0.000679
0.000669
0.000650
0.000632
0.000620
0.000613
0.000608
0.000606
0.000611
0.000626
0.000645
0.000657
0.000658
0.000657
0.000662
0.000671
0.000676
0.000673
0.000669
0.000669
0.000667
0.000657
0.000643
0.000632
0.000629
0.000629
0.000630
0.000633
0.000637
0.000642
0.000642
0.000636
0.000626
0.000616
0.000612
0.000615
0.000618
0.000614
0.000602
0.000592
0.000594
0.000604
0.000613
0.000616
0.000615
0.000614
0.000614
0.000611
0.000609
0.000608
0.000607
0.000604
0.000596
0.000588
0.000586
0.000592
0.000604
0.000621
0.000638
0.000657
0.000676
0.000692
0.000700
0.000700
0.000696
0.000691
0.000686
0.000680
0.000674
0.000667
0.000658
0.000645
0.000630
0.000615
0.000601
0.000590
0.000584
0.000586
0.000593
0.000597
0.000596
0.000596
0.000605
0.000620
0.000636
0.000649
0.000663
0.000673
0.000677
0.000676
0.000673
0.000669
0.000660
0.000645
0.000627
0.000616
0.000612
0.000611
0.000608
0.000604
0.000601
0.000601
0.000607
0.000616
0.000624
0.000629
0.000632
0.000631
0.000629
0.000632
0.000645
0.000668
0.000688
0.000700
0.000705
0.000706
0.000700
0.000685
0.000666
0.000656
0.000656
0.000660
0.000660
0.000660
0.000661
0.000663
0.000659
0.000650
0.000640
0.000636
0.000637
0.000639
0.000641
0.000643
0.000647
0.000649
0.000647
0.000640
0.000633
0.000628
0.000623
0.000619
0.000620
0.000627
0.000637
0.000643
0.000645
0.000650
0.000656
0.000659
0.000654
0.000642
0.000626
0.000608
0.000594
0.000589
0.000590
0.000591
0.000590
0.000592
0.000599
0.000608
0.000612
0.000613
0.000611
0.000609
0.000605
0.000599
0.000594
0.000592
0.000595
0.000604
0.000616
0.000629
0.000640
0.000649
0.000657
0.000661
0.000664
0.000670
0.000677
0.000682
0.000678
0.000668
0.000658
0.000653
0.000657
0.000670
0.000691
0.000711
0.000726
0.000734
0.000734
0.000727
0.000718
0.000713
0.000714
0.000716
0.000712
0.000704
0.000700
0.000698
0.000693
0.000684
0.000673
0.000661
0.000649
0.000642
0.000645
0.000655
0.000668
0.000677
0.000683
0.000684
0.000677
0.000662
0.000644
0.000628
0.000616
0.000615
0.000626
0.000643
0.000654
0.000654
0.000649
0.000646
0.000643
0.000638
0.000630
0.000626
0.000626
0.000629
0.000633
0.000640
0.000649
0.000661
0.000674
0.000689
0.000703
0.000708
0.000699
0.000680
0.000660
0.000649
0.000647
0.000651
0.000655
0.000659
0.000660
0.000656
0.000646
0.000634
0.000626
0.000625
0.000623
0.000619
0.000615
0.000614
0.000616
0.000626
0.000648
0.000680
0.000711
0.000725
0.000719
0.000698
0.000670
0.000640
0.000612
0.000593
0.000586
0.000587
0.000590
0.000591
0.000592
0.000595
0.000602
0.000610
0.000614
0.000615
0.000616
0.000621
0.000631
0.000642
0.000651
0.000660
0.000670
0.000679
0.000683
0.000678
0.000661
0.000638
0.000622
0.000620
0.000627
0.000628
0.000619
0.000607
0.000603
0.000611
0.000628
0.000648
0.000665
0.000675
0.000675
0.000670
0.000664
0.000656
0.000645
0.000634
0.000628
0.000627
0.000626
0.000624
0.000625
0.000630
0.000635
0.000633
0.000625
0.000615
0.000606
0.000599
0.000597
0.000601
0.000608
0.000615
0.000622
0.000629
0.000634
0.000634
0.000631
0.000628
0.000630
0.000633
0.000634
0.000634
0.000635
0.000635
0.000630
0.000623
0.000622
0.000633
0.000647
0.000653
0.000648
0.000636
0.000629
0.000628
0.000629
0.000626
0.000620
0.000615
0.000616
0.000621
0.000623
0.000617
0.000610
0.000609
0.000616
0.000630
0.000648
0.000666
0.000684
0.000695
0.000700
0.000700
0.000703
0.000710
0.000719
0.000725
0.000723
0.000713
0.000699
0.000690
0.000689
0.000696
0.000707
0.000718
0.000725
0.000729
0.000730
0.000732
0.000737
0.000738
0.000734
0.000726
0.000722
0.000718
0.000709
0.000689
0.000666
0.000647
0.000633
0.000625
0.000625
0.000632
0.000642
0.000646
0.000644
0.000645
0.000650
0.000651
0.000645
0.000633
0.000625
0.000620
0.000616
0.000615
0.000620
0.000625
0.000623
0.000615
0.000609
0.000614
0.000623
0.000631
0.000637
0.000643
0.000647
0.000647
0.000648
0.000657
0.000670
0.000680
0.000681
0.000674
0.000667
0.000660
0.000652
0.000644
0.000634
0.000622
0.000609
0.000598
0.000592
0.000588
0.000586
0.000588
0.000594
0.000601
0.000608
0.000615
0.000620
0.000624
0.000622
0.000614
0.000603
0.000590
0.000575
0.000563
0.000555
0.000555
0.000560
0.000566
0.000569
0.000570
0.000573
0.000580
0.000589
0.000596
0.000600
0.000603
0.000606
0.000610
0.000614
0.000619
0.000623
0.000625
0.000624
0.000622
0.000622
0.000622
0.000619
0.000610
0.000599
0.000587
0.000578
0.000576
0.000586
0.000607
0.000631
0.000643
0.000639
0.000627
0.000619
0.000619
0.000625
0.000633
0.000641
0.000649
0.000653
0.000650
0.000643
0.000635
0.000630
0.000629
0.000632
0.000642
0.000655
0.000665
0.000666
0.000661
0.000658
0.000660
0.000666
0.000672
0.000677
0.000682
0.000686
0.000690
0.000692
0.000692
0.000693
0.000694
0.000693
0.000692
0.000692
0.000693
0.000693
0.000688
0.000679
0.000669
0.000660
0.000650
0.000638
0.000626
0.000619
0.000618
0.000623
0.000631
0.000638
0.000643
0.000648
0.000653
0.000659
0.000663
0.000663
0.000661
0.000657
0.000657
0.000662
0.000672
0.000685
0.000697
0.000707
0.000714
0.000715
0.000709
0.000696
0.000682
0.000670
0.000664
0.000660
0.000657
0.000653
0.000649
0.000647
0.000648
0.000649
0.000646
0.000640
0.000634
0.000630
0.000630
0.000633
0.000638
0.000640
0.000639
0.000636
0.000636
0.000638
0.000638
0.000635
0.000631
0.000626
0.000619
0.000615
0.000618
0.000629
0.000641
0.000645
0.000640
0.000631
0.000622
0.000616
0.000614
0.000618
0.000625
0.000630
0.000629
0.000626
0.000626
0.000631
0.000640
0.000651
0.000658
0.000656
0.000644
0.000630
0.000621
0.000622
0.000630
0.000640
0.000651
0.000660
0.000668
0.000674
0.000677
0.000677
0.000674
0.000669
0.000663
0.000656
0.000649
0.000636
0.000618
0.000600
0.000596
0.000605
0.000619
0.000628
0.000634
0.000643
0.000654
0.000659
0.000654
0.000647
0.000644
0.000644
0.000646
0.000647
0.000650
0.000657
0.000669
0.000683
0.000693
0.000693
0.000683
0.000668
0.000654
0.000646
0.000643
0.000642
0.000640
0.000640
0.000646
0.000658
0.000672
0.000682
0.000684
0.000684
0.000684
0.000681
0.000673
0.000663
0.000654
0.000647
0.000640
0.000635
0.000633
0.000630
0.000625
0.000616
0.000604
0.000592
0.000587
0.000596
0.000616
0.000636
0.000646
0.000654
0.000665
0.000677
0.000681
0.000673
0.000656
0.000637
0.000622
0.000618
0.000631
0.000656
0.000681
0.000701
0.000716
0.000729
0.000737
0.000736
0.000726
0.000714
0.000702
0.000695
0.000695
0.000699
0.000701
0.000696
0.000688
0.000684
0.000688
0.000695
0.000701
0.000707
0.000715
0.000724
0.000729
0.000727
0.000722
0.000721
0.000726
0.000732
0.000734
0.000733
0.000733
0.000733
0.000731
0.000724
0.000712
0.000699
0.000684
0.000672
0.000666
0.000665
0.000663
0.000655
0.000642
0.000626
0.000612
0.000607
0.000612
0.000625
0.000636
0.000639
0.000634
0.000622
0.000604
0.000588
0.000581
0.000585
0.000592
0.000596
0.000599
0.000604
0.000609
0.000612
0.000615
0.000624
0.000637
0.000648
0.000654
0.000656
0.000654
0.000650
0.000649
0.000653
0.000661
0.000665
0.000667
0.000671
0.000678
0.000683
0.000682
0.000678
0.000672
0.000667
0.000663
0.000665
0.000673
0.000684
0.000692
0.000701
0.000709
0.000717
0.000722
0.000724
0.000722
0.000716
0.000702
0.000680
0.000654
0.000625
0.000602
0.000590
0.000588
0.000592
0.000598
0.000608
0.000622
0.000634
0.000637
0.000636
0.000638
0.000646
0.000656
0.000665
0.000675
0.000686
0.000695
0.000699
0.000696
0.000690
0.000682
0.000677
0.000677
0.000683
0.000690
0.000694
0.000692
0.000686
0.000678
0.000673
0.000671
0.000669
0.000663
0.000647
0.000627
0.000610
0.000602
0.000605
0.000611
0.000617
0.000623
0.000626
0.000623
0.000613
0.000601
0.000595
0.000600
0.000611
0.000622
0.000629
0.000629
0.000624
0.000614
0.000607
0.000610
0.000618
0.000623
0.000627
0.000634
0.000644
0.000649
0.000642
0.000632
0.000628
0.000628
0.000624
0.000612
0.000598
0.000587
0.000580
0.000576
0.000581
0.000594
0.000615
0.000638
0.000661
0.000682
0.000696
0.000703
0.000707
0.000709
0.000711
0.000707
0.000695
0.000679
0.000662
0.000646
0.000632
0.000622
0.000618
0.000617
0.000621
0.000629
0.000642
0.000652
0.000658
0.000662
0.000668
0.000675
0.000682
0.000690
0.000707
0.000730
0.000748
0.000749
0.000732
0.000708
0.000691
0.000683
0.000676
0.000663
0.000645
0.000628
0.000618
0.000613
0.000605
0.000592
0.000586
0.000599
0.000627
0.000655
0.000667
0.000662
0.000647
0.000630
0.000615
0.000604
0.000598
0.000596
0.000597
0.000601
0.000608
0.000612
0.000611
0.000610
0.000619
0.000638
0.000655
0.000661
0.000659
0.000659
0.000665
0.000675
0.000684
0.000692
0.000700
0.000705
0.000706
0.000703
0.000700
0.000697
0.000696
0.000693
0.000686
0.000679
0.000672
0.000664
0.000656
0.000654
0.000666
0.000689
0.000707
0.000711
0.000705
0.000699
0.000697
0.000692
0.000683
0.000672
0.000664
0.000659
0.000655
0.000648
0.000638
0.000629
0.000627
0.000635
0.000648
0.000655
0.000656
0.000652
0.000645
0.000631
0.000614
0.000602
0.000601
0.000609
0.000620
0.000634
0.000650
0.000669
0.000687
0.000700
0.000704
0.000698
0.000684
0.000668
0.000656
0.000643
0.000625
0.000603
0.000584
0.000576
0.000580
0.000589
0.000598
0.000602
0.000601
0.000595
0.000591
0.000592
0.000599
0.000609
0.000619
0.000626
0.000631
0.000637
0.000649
0.000668
0.000688
0.000698
0.000693
0.000675
0.000649
0.000626
0.000612
0.000608
0.000612
0.000619
0.000628
0.000639
0.000653
0.000665
0.000670
0.000663
0.000651
0.000647
0.000652
0.000662
0.000669
0.000670
0.000666
0.000655
0.000637
0.000618
0.000610
0.000616
0.000635
0.000659
0.000684
0.000705
0.000714
0.000707
0.000690
0.000675
0.000670
0.000676
0.000688
0.000704
0.000717
0.000721
0.000714
0.000699
0.000683
0.000670
0.000661
0.000652
0.000640
0.000628
0.000617
0.000613
0.000616
0.000626
0.000637
0.000648
0.000655
0.000660
0.000662
0.000661
0.000653
0.000641
0.000629
0.000621
0.000615
0.000611
0.000609
0.000614
0.000625
0.000637
0.000646
0.000648
0.000644
0.000641
0.000646
0.000660
0.000680
0.000700
0.000714
0.000719
0.000715
0.000706
0.000698
0.000695
0.000696
0.000697
0.000696
0.000694
0.000695
0.000699
0.000705
0.000706
0.000698
0.000685
0.000680
0.000690
0.000710
0.000730
0.000740
0.000741
0.000732
0.000715
0.000692
0.000673
0.000661
0.000659
0.000661
0.000666
0.000670
0.000674
0.000679
0.000684
0.000688
0.000686
0.000674
0.000660
0.000653
0.000655
0.000656
0.000646
0.000626
0.000601
0.000582
0.000574
0.000584
0.000608
0.000636
0.000657
0.000667
0.000670
0.000671
0.000672
0.000671
0.000669
0.000668
0.000667
0.000667
0.000668
0.000671
0.000675
0.000676
0.000672
0.000663
0.000655
0.000652
0.000653
0.000653
0.000647
0.000638
0.000628
0.000622
0.000620
0.000623
0.000631
0.000640
0.000645
0.000643
0.000636
0.000626
0.000615
0.000600
0.000583
0.000569
0.000561
0.000561
0.000569
0.000586
0.000604
0.000613
0.000609
0.000595
0.000582
0.000576
0.000577
0.000584
0.000593
0.000602
0.000607
0.000607
0.000604
0.000602
0.000602
0.000606
0.000617
0.000632
0.000645
0.000648
0.000641
0.000633
0.000634
0.000645
0.000664
0.000681
0.000691
0.000694
0.000694
0.000693
0.000692
0.000689
0.000688
0.000691
0.000694
0.000694
0.000687
0.000677
0.000669
0.000667
0.000668
0.000670
0.000668
0.000662
0.000652
0.000643
0.000637
0.000636
0.000637
0.000636
0.000629
0.000619
0.000609
0.000607
0.000615
0.000632
0.000648
0.000657
0.000659
0.000662
0.000672
0.000683
0.000686
0.000676
0.000660
0.000648
0.000644
0.000647
0.000652
0.000656
0.000656
0.000653
0.000647
0.000643
0.000637
0.000628
0.000612
0.000590
0.000565
0.000546
0.000543
0.000561
0.000594
0.000627
0.000646
0.000647
0.000637
0.000627
0.000620
0.000616
0.000613
0.000612
0.000616
0.000627
0.000643
0.000658
0.000666
0.000667
0.000666
0.000667
0.000674
0.000679
0.000674
0.000657
0.000634
0.000614
0.000605
0.000611
0.000630
0.000652
0.000671
0.000681
0.000685
0.000684
0.000681
0.000676
0.000669
0.000660
0.000652
0.000652
0.000661
0.000675
0.000684
0.000685
0.000686
0.000692
0.000701
0.000706
0.000705
0.000701
0.000699
0.000699
0.000702
0.000707
0.000713
0.000712
0.000701
0.000683
0.000669
0.000665
0.000669
0.000673
0.000671
0.000664
0.000655
0.000647
0.000644
0.000647
0.000657
0.000667
0.000672
0.000671
0.000668
0.000663
0.000653
0.000640
0.000633
0.000639
0.000657
0.000679
0.000700
0.000717
0.000723
0.000712
0.000688
0.000662
0.000644
0.000636
0.000634
0.000634
0.000635
0.000638
0.000639
0.000641
0.000643
0.000643
0.000640
0.000637
0.000640
0.000650
0.000660
0.000664
0.000664
0.000668
0.000681
0.000699
0.000712
0.000716
0.000708
0.000693
0.000677
0.000662
0.000649
0.000634
0.000619
0.000609
0.000610
0.000616
0.000615
0.000606
0.000595
0.000592
0.000596
0.000601
0.000605
0.000610
0.000616
0.000620
0.000621
0.000625
0.000633
0.000641
0.000647
0.000654
0.000664
0.000673
0.000673
0.000662
0.000646
0.000630
0.000621
0.000620
0.000625
0.000632
0.000637
0.000640
0.000642
0.000642
0.000640
0.000635
0.000630
0.000627
0.000626
0.000624
0.000616
0.000602
0.000591
0.000591
0.000602
0.000615
0.000621
0.000620
0.000618
0.000616
0.000616
0.000619
0.000628
0.000638
0.000644
0.000644
0.000641
0.000634
0.000627
0.000625
0.000633
0.000645
0.000651
0.000643
0.000628
0.000617
0.000616
0.000625
0.000637
0.000647
0.000650
0.000648
0.000642
0.000636
0.000633
0.000639
0.000651
0.000662
0.000661
0.000652
0.000641
0.000636
0.000633
0.000630
0.000627
0.000628
0.000632
0.000641
0.000655
0.000668
0.000672
0.000665
0.000655
0.000654
0.000661
0.000668
0.000670
0.000674
0.000684
0.000698
0.000707
0.000710
0.000710
0.000706
0.000696
0.000684
0.000676
0.000673
0.000675
0.000681
0.000691
0.000701
0.000703
0.000692
0.000675
0.000662
0.000660
0.000663
0.000663
0.000657
0.000649
0.000643
0.000638
0.000633
0.000628
0.000627
0.000633
0.000646
0.000660
0.000667
0.000664
0.000656
0.000655
0.000666
0.000685
0.000703
0.000718
0.000731
0.000742
0.000749
0.000745
0.000730
0.000712
0.000701
0.000700
0.000706
0.000711
0.000711
0.000707
0.000708
0.000711
0.000709
0.000695
0.000675
0.000659
0.000652
0.000654
0.000662
0.000674
0.000684
0.000686
0.000681
0.000679
0.000680
0.000680
0.000673
0.000662
0.000653
0.000646
0.000637
0.000623
0.000613
0.000614
0.000624
0.000634
0.000636
0.000631
0.000626
0.000624
0.000629
0.000637
0.000645
0.000648
0.000651
0.000663
0.000682
0.000699
0.000702
0.000692
0.000676
0.000665
0.000658
0.000652
0.000646
0.000641
0.000640
0.000644
0.000652
0.000659
0.000660
0.000656
0.000654
0.000660
0.000671
0.000679
0.000681
0.000680
0.000678
0.000677
0.000680
0.000688
0.000701
0.000715
0.000725
0.000730
0.000731
0.000730
0.000731
0.000730
0.000725
0.000711
0.000692
0.000678
0.000675
0.000679
0.000678
0.000669
0.000659
0.000655
0.000656
0.000655
0.000648
0.000641
0.000638
0.000637
0.000637
0.000637
0.000643
0.000656
0.000679
0.000706
0.000731
0.000744
0.000741
0.000728
0.000715
0.000711
0.000714
0.000716
0.000715
0.000712
0.000709
0.000705
0.000700
0.000695
0.000692
0.000688
0.000683
0.000676
0.000671
0.000669
0.000668
0.000668
0.000668
0.000666
0.000661
0.000651
0.000640
0.000633
0.000630
0.000628
0.000628
0.000636
0.000653
0.000674
0.000688
0.000691
0.000682
0.000669
0.000655
0.000646
0.000643
0.000646
0.000649
0.000648
0.000643
0.000637
0.000639
0.000653
0.000676
0.000699
0.000715
0.000720
0.000714
0.000704
0.000696
0.000695
0.000697
0.000697
0.000691
0.000683
0.000675
0.000667
0.000655
0.000644
0.000640
0.000645
0.000653
0.000657
0.000656
0.000650
0.000639
0.000626
0.000616
0.000617
0.000631
0.000653
0.000673
0.000687
0.000696
0.000705
0.000715
0.000722
0.000724
0.000718
0.000707
0.000695
0.000684
0.000674
0.000665
0.000654
0.000643
0.000637
0.000640
0.000651
0.000662
0.000668
0.000670
0.000671
0.000675
0.000681
0.000690
0.000698
0.000700
0.000692
0.000683
0.000681
0.000688
0.000695
0.000691
0.000672
0.000649
0.000633
0.000628
0.000629
0.000633
0.000637
0.000647
0.000662
0.000677
0.000685
0.000684
0.000678
0.000673
0.000668
0.000664
0.000659
0.000653
0.000648
0.000645
0.000646
0.000646
0.000644
0.000640
0.000636
0.000636
0.000640
0.000649
0.000659
0.000667
0.000669
0.000664
0.000657
0.000653
0.000652
0.000652
0.000653
0.000655
0.000657
0.000659
0.000663
0.000670
0.000675
0.000671
0.000659
0.000648
0.000647
0.000662
0.000685
0.000705
0.000714
0.000715
0.000719
0.000730
0.000743
0.000746
0.000735
0.000711
0.000682
0.000652
0.000631
0.000621
0.000619
0.000617
0.000613
0.000615
0.000626
0.000642
0.000652
0.000658
0.000664
0.000672
0.000678
0.000676
0.000667
0.000660
0.000660
0.000667
0.000675
0.000677
0.000671
0.000660
0.000651
0.000642
0.000632
0.000620
0.000607
0.000595
0.000589
0.000591
0.000603
0.000617
0.000628
0.000631
0.000633
0.000638
0.000648
0.000658
0.000662
0.000657
0.000647
0.000638
0.000635
0.000635
0.000633
0.000624
0.000609
0.000597
0.000598
0.000612
0.000629
0.000642
0.000650
0.000655
0.000658
0.000656
0.000650
0.000640
0.000632
0.000624
0.000613
0.000600
0.000584
0.000570
0.000560
0.000559
0.000567
0.000578
0.000587
0.000591
0.000592
0.000595
0.000601
0.000608
0.000609
0.000603
0.000589
0.000572
0.000560
0.000561
0.000577
0.000606
0.000640
0.000670
0.000693
0.000704
0.000700
0.000687
0.000676
0.000674
0.000682
0.000694
0.000703
0.000709
0.000710
0.000705
0.000696
0.000689
0.000684
0.000681
0.000676
0.000673
0.000671
0.000666
0.000658
0.000651
0.000648
0.000647
0.000644
0.000641
0.000640
0.000638
0.000631
0.000619
0.000612
0.000612
0.000614
0.000612
0.000603
0.000593
0.000585
0.000584
0.000589
0.000600
0.000615
0.000633
0.000650
0.000664
0.000671
0.000673
0.000672
0.000673
0.000672
0.000669
0.000664
0.000661
0.000661
0.000665
0.000673
0.000681
0.000685
0.000684
0.000678
0.000672
0.000662
0.000646
0.000624
0.000603
0.000591
0.000590
0.000599
0.000610
0.000616
0.000614
0.000609
0.000605
0.000605
0.000604
0.000601
0.000598
0.000600
0.000609
0.000623
0.000637
0.000649
0.000660
0.000672
0.000687
0.000699
0.000705
0.000704
0.000694
0.000674
0.000650
0.000632
0.000629
0.000637
0.000642
0.000633
0.000615
0.000597
0.000584
0.000576
0.000574
0.000574
0.000571
0.000564
0.000561
0.000571
0.000595
0.000623
0.000641
0.000642
0.000634
0.000624
0.000618
0.000620
0.000626
0.000635
0.000643
0.000649
0.000650
0.000652
0.000659
0.000670
0.000676
0.000675
0.000669
0.000663
0.000661
0.000659
0.000657
0.000660
0.000668
0.000674
0.000673
0.000662
0.000645
0.000628
0.000616
0.000614
0.000621
0.000629
0.000631
0.000630
0.000629
0.000630
0.000632
0.000636
0.000646
0.000660
0.000671
0.000674
0.000668
0.000657
0.000643
0.000631
0.000626
0.000630
0.000636
0.000637
0.000630
0.000618
0.000605
0.000590
0.000577
0.000566
0.000564
0.000570
0.000582
0.000596
0.000611
0.000623
0.000631
0.000635
0.000634
0.000629
0.000622
0.000614
0.000604
0.000593
0.000586
0.000589
0.000603
0.000625
0.000648
0.000666
0.000675
0.000670
0.000652
0.000630
0.000618
0.000616
0.000620
0.000621
0.000618
0.000615
0.000615
0.000621
0.000634
0.000652
0.000669
0.000678
0.000675
0.000662
0.000644
0.000626
0.000610
0.000599
0.000591
0.000591
0.000602
0.000618
0.000632
0.000637
0.000637
0.000638
0.000643
0.000650
0.000654
0.000652
0.000642
0.000629
0.000616
0.000610
0.000609
0.000611
0.000616
0.000627
0.000646
0.000666
0.000680
0.000681
0.000673
0.000662
0.000657
0.000662
0.000677
0.000697
0.000716
0.000726
0.000728
0.000731
0.000739
0.000748
0.000749
0.000738
0.000719
0.000700
0.000685
0.000676
0.000671
0.000666
0.000657
0.000646
0.000641
0.000644
0.000652
0.000658
0.000658
0.000653
0.000646
0.000639
0.000636
0.000639
0.000647
0.000654
0.000656
0.000653
0.000648
0.000645
0.000642
0.000638
0.000634
0.000637
0.000649
0.000664
0.000672
0.000665
0.000649
0.000628
0.000608
0.000591
0.000583
0.000585
0.000594
0.000606
0.000620
0.000635
0.000645
0.000647
0.000647
0.000651
0.000659
0.000664
0.000666
0.000673
0.000687
0.000699
0.000700
0.000690
0.000680
0.000676
0.000681
0.000696
0.000716
0.000735
0.000743
0.000738
0.000725
0.000708
0.000693
0.000683
0.000676
0.000668
0.000654
0.000635
0.000618
0.000608
0.000608
0.000619
0.000635
0.000648
0.000653
0.000653
0.000653
0.000652
0.000649
0.000648
0.000651
0.000657
0.000662
0.000667
0.000676
0.000687
0.000692
0.000691
0.000686
0.000683
0.000681
0.000680
0.000682
0.000685
0.000682
0.000676
0.000673
0.000675
0.000676
0.000672
0.000669
0.000670
0.000677
0.000683
0.000690
0.000700
0.000711
0.000718
0.000719
0.000715
0.000705
0.000691
0.000676
0.000668
0.000667
0.000669
0.000675
0.000686
0.000702
0.000716
0.000722
0.000721
0.000719
0.000721
0.000722
0.000718
0.000710
0.000702
0.000699
0.000698
0.000692
0.000679
0.000670
0.000671
0.000678
0.000681
0.000673
0.000655
0.000635
0.000620
0.000613
0.000614
0.000619
0.000625
0.000630
0.000634
0.000640
0.000647
0.000653
0.000655
0.000652
0.000648
0.000646
0.000646
0.000648
0.000646
0.000641
0.000637
0.000635
0.000636
0.000638
0.000644
0.000653
0.000660
0.000661
0.000657
0.000650
0.000642
0.000631
0.000618
0.000606
0.000599
0.000597
0.000601
0.000607
0.000610
0.000611
0.000609
0.000609
0.000613
0.000621
0.000633
0.000647
0.000660
0.000668
0.000669
0.000666
0.000662
0.000660
0.000660
0.000663
0.000667
0.000670
0.000672
0.000674
0.000675
0.000675
0.000672
0.000669
0.000662
0.000652
0.000639
0.000630
0.000633
0.000646
0.000660
0.000668
0.000665
0.000653
0.000638
0.000628
0.000629
0.000640
0.000652
0.000656
0.000652
0.000647
0.000646
0.000648
0.000652
0.000658
0.000663
0.000662
0.000654
0.000644
0.000639
0.000637
0.000636
0.000634
0.000632
0.000629
0.000625
0.000622
0.000622
0.000625
0.000626
0.000621
0.000610
0.000599
0.000594
0.000600
0.000617
0.000637
0.000655
0.000668
0.000675
0.000674
0.000665
0.000659
0.000661
0.000668
0.000671
0.000669
0.000668
0.000677
0.000694
0.000710
0.000716
0.000706
0.000685
0.000666
0.000654
0.000650
0.000649
0.000649
0.000654
0.000663
0.000671
0.000674
0.000676
0.000677
0.000675
0.000669
0.000665
0.000671
0.000683
0.000691
0.000692
0.000690
0.000688
0.000687
0.000687
0.000688
0.000692
0.000702
0.000714
0.000725
0.000728
0.000722
0.000712
0.000706
0.000705
0.000704
0.000700
0.000692
0.000679
0.000667
0.000662
0.000667
0.000675
0.000677
0.000670
0.000659
0.000649
0.000636
0.000618
0.000599
0.000586
0.000589
0.000606
0.000628
0.000644
0.000650
0.000651
0.000655
0.000659
0.000652
0.000632
0.000612
0.000600
0.000598
0.000601
0.000607
0.000614
0.000620
0.000622
0.000619
0.000615
0.000610
0.000609
0.000614
0.000625
0.000635
0.000636
0.000628
0.000618
0.000614
0.000618
0.000627
0.000636
0.000641
0.000641
0.000636
0.000628
0.000623
0.000623
0.000631
0.000644
0.000656
0.000662
0.000660
0.000652
0.000644
0.000639
0.000640
0.000641
0.000638
0.000632
0.000627
0.000620
0.000610
0.000600
0.000598
0.000610
0.000630
0.000647
0.000657
0.000661
0.000659
0.000651
0.000639
0.000630
0.000626
0.000625
0.000631
0.000647
0.000673
0.000698
0.000714
0.000719
0.000716
0.000708
0.000700
0.000697
0.000700
0.000705
0.000708
0.000709
0.000713
0.000716
0.000712
0.000698
0.000683
0.000671
0.000661
0.000654
0.000656
0.000664
0.000669
0.000666
0.000655
0.000642
0.000630
0.000615
0.000600
0.000591
0.000592
0.000598
0.000603
0.000608
0.000613
0.000616
0.000615
0.000614
0.000613
0.000611
0.000606
0.000601
0.000600
0.000604
0.000609
0.000614
0.000621
0.000626
0.000623
0.000610
0.000591
0.000578
0.000571
0.000568
0.000568
0.000569
0.000573
0.000580
0.000588
0.000599
0.000610
0.000621
0.000630
0.000634
0.000634
0.000630
0.000624
0.000619
0.000620
0.000625
0.000634
0.000639
0.000636
0.000627
0.000620
0.000619
0.000625
0.000635
0.000647
0.000660
0.000667
0.000666
0.000657
0.000647
0.000639
0.000632
0.000622
0.000612
0.000604
0.000600
0.000602
0.000607
0.000612
0.000610
0.000604
0.000601
0.000607
0.000620
0.000637
0.000658
0.000680
0.000699
0.000705
0.000692
0.000666
0.000637
0.000618
0.000615
0.000621
0.000627
0.000631
0.000633
0.000640
0.000649
0.000654
0.000653
0.000644
0.000631
0.000621
0.000617
0.000624
0.000638
0.000653
0.000662
0.000664
0.000662
0.000666
0.000676
0.000682
0.000675
0.000658
0.000640
0.000626
0.000620
0.000621
0.000628
0.000635
0.000638
0.000637
0.000637
0.000643
0.000648
0.000645
0.000635
0.000623
0.000609
0.000592
0.000576
0.000566
0.000567
0.000576
0.000587
0.000598
0.000606
0.000611
0.000617
0.000625
0.000631
0.000630
0.000620
0.000609
0.000604
0.000604
0.000606
0.000605
0.000605
0.000608
0.000614
0.000621
0.000626
0.000624
0.000612
0.000593
0.000578
0.000576
0.000586
0.000600
0.000614
0.000627
0.000644
0.000664
0.000682
0.000698
0.000707
0.000712
0.000714
0.000713
0.000710
0.000702
0.000692
0.000685
0.000684
0.000690
0.000702
0.000714
0.000723
0.000724
0.000720
0.000717
0.000717
0.000717
0.000714
0.000708
0.000699
0.000690
0.000680
0.000674
0.000674
0.000679
0.000682
0.000678
0.000669
0.000661
0.000658
0.000656
0.000655
0.000653
0.000654
0.000658
0.000665
0.000670
0.000671
0.000667
0.000660
0.000653
0.000647
0.000644
0.000648
0.000660
0.000673
0.000683
0.000688
0.000689
0.000691
0.000694
0.000697
0.000701
0.000704
0.000702
0.000689
0.000668
0.000642
0.000618
0.000597
0.000578
0.000564
0.000561
0.000574
0.000596
0.000616
0.000624
0.000624
0.000624
0.000627
0.000630
0.000633
0.000634
0.000633
0.000628
0.000619
0.000608
0.000597
0.000588
0.000584
0.000590
0.000602
0.000610
0.000611
0.000607
0.000607
0.000616
0.000630
0.000646
0.000659
0.000670
0.000682
0.000693
0.000696
0.000687
0.000671
0.000653
0.000633
0.000610
0.000593
0.000592
0.000607
0.000623
0.000632
0.000639
0.000651
0.000663
0.000664
0.000655
0.000645
0.000643
0.000644
0.000641
0.000633
0.000627
0.000626
0.000629
0.000631
0.000629
0.000626
0.000628
0.000636
0.000648
0.000655
0.000657
0.000660
0.000669
0.000683
0.000692
0.000690
0.000673
0.000648
0.000629
0.000625
0.000634
0.000650
0.000661
0.000665
0.000660
0.000652
0.000644
0.000643
0.000649
0.000656
0.000657
0.000651
0.000643
0.000639
0.000640
0.000642
0.000639
0.000629
0.000617
0.000610
0.000610
0.000618
0.000630
0.000643
0.000655
0.000664
0.000668
0.000670
0.000673
0.000678
0.000683
0.000685
0.000684
0.000679
0.000676
0.000677
0.000685
0.000696
0.000705
0.000712
0.000719
0.000725
0.000724
0.000714
0.000699
0.000692
0.000693
0.000696
0.000696
0.000691
0.000684
0.000675
0.000663
0.000649
0.000637
0.000630
0.000628
0.000630
0.000634
0.000638
0.000637
0.000632
0.000627
0.000624
0.000618
0.000609
0.000600
0.000596
0.000601
0.000615
0.000634
0.000654
0.000668
0.000672
0.000671
0.000666
0.000660
0.000651
0.000644
0.000642
0.000643
0.000640
0.000628
0.000611
0.000593
0.000576
0.000564
0.000557
0.000556
0.000557
0.000561
0.000570
0.000584
0.000600
0.000614
0.000624
0.000630
0.000627
0.000617
0.000605
0.000601
0.000607
0.000617
0.000622
0.000621
0.000620
0.000621
0.000622
0.000622
0.000623
0.000626
0.000627
0.000623
0.000617
0.000616
0.000627
0.000646
0.000664
0.000678
0.000686
0.000686
0.000678
0.000666
0.000654
0.000646
0.000643
0.000644
0.000648
0.000652
0.000653
0.000652
0.000650
0.000650
0.000653
0.000656
0.000656
0.000651
0.000644
0.000639
0.000639
0.000642
0.000647
0.000651
0.000653
0.000651
0.000648
0.000645
0.000643
0.000636
0.000625
0.000615
0.000613
0.000618
0.000625
0.000628
0.000625
0.000620
0.000616
0.000616
0.000619
0.000620
0.000615
0.000607
0.000607
0.000620
0.000641
0.000666
0.000687
0.000702
0.000704
0.000695
0.000681
0.000668
0.000656
0.000639
0.000617
0.000599
0.000587
0.000582
0.000584
0.000593
0.000608
0.000624
0.000636
0.000638
0.000635
0.000637
0.000645
0.000655
0.000658
0.000655
0.000654
0.000660
0.000669
0.000678
0.000687
0.000698
0.000706
0.000704
0.000697
0.000693
0.000694
0.000699
0.000706
0.000714
0.000720
0.000723
0.000722
0.000718
0.000713
0.000706
0.000698
0.000692
0.000688
0.000680
0.000665
0.000647
0.000635
0.000637
0.000652
0.000671
0.000686
0.000693
0.000693
0.000688
0.000679
0.000671
0.000665
0.000659
0.000650
0.000638
0.000631
0.000633
0.000640
0.000646
0.000653
0.000667
0.000685
0.000695
0.000692
0.000679
0.000667
0.000657
0.000650
0.000646
0.000648
0.000656
0.000666
0.000673
0.000671
0.000662
0.000650
0.000638
0.000630
0.000627
0.000628
0.000632
0.000635
0.000631
0.000622
0.000610
0.000599
0.000590
0.000587
0.000593
0.000605
0.000620
0.000634
0.000651
0.000668
0.000678
0.000681
0.000683
0.000688
0.000695
0.000698
0.000699
0.000701
0.000704
0.000705
0.000702
0.000697
0.000687
0.000675
0.000664
0.000664
0.000673
0.000687
0.000703
0.000719
0.000733
0.000742
0.000748
0.000751
0.000754
0.000754
0.000752
0.000751
0.000751
0.000747
0.000738
0.000727
0.000718
0.000712
0.000707
0.000698
0.000687
0.000679
0.000676
0.000675
0.000670
0.000662
0.000657
0.000659
0.000668
0.000676
0.000681
0.000686
0.000691
0.000696
0.000703
0.000717
0.000737
0.000755
0.000759
0.000749
0.000731
0.000716
0.000707
0.000701
0.000690
0.000675
0.000660
0.000652
0.000650
0.000647
0.000642
0.000641
0.000643
0.000644
0.000639
0.000629
0.000618
0.000610
0.000604
0.000604
0.000604
0.000599
0.000585
0.000570
0.000566
0.000574
0.000586
0.000597
0.000608
0.000624
0.000644
0.000663
0.000679
0.000691
0.000704
0.000715
0.000720
0.000717
0.000709
0.000695
0.000680
0.000666
0.000658
0.000654
0.000653
0.000653
0.000653
0.000653
0.000651
0.000646
0.000644
0.000651
0.000667
0.000682
0.000688
0.000684
0.000676
0.000670
0.000672
0.000683
0.000697
0.000710
0.000720
0.000729
0.000737
0.000738
0.000726
0.000706
0.000685
0.000669
0.000658
0.000653
0.000655
0.000663
0.000675
0.000685
0.000691
0.000691
0.000690
0.000694
0.000700
0.000704
0.000704
0.000704
0.000710
0.000716
0.000716
0.000710
0.000705
0.000708
0.000717
0.000724
0.000725
0.000713
0.000689
0.000658
0.000631
0.000622
0.000631
0.000646
0.000656
0.000657
0.000654
0.000655
0.000660
0.000668
0.000675
0.000682
0.000691
0.000702
0.000709
0.000704
0.000688
0.000670
0.000655
0.000648
0.000649
0.000657
0.000674
0.000696
0.000715
0.000724
0.000723
0.000716
0.000707
0.000695
0.000675
0.000652
0.000633
0.000622
0.000618
0.000619
0.000625
0.000635
0.000648
0.000662
0.000676
0.000685
0.000685
0.000674
0.000659
0.000648
0.000643
0.000641
0.000639
0.000636
0.000633
0.000628
0.000623
0.000618
0.000616
0.000616
0.000619
0.000626
0.000637
0.000647
0.000652
0.000648
0.000639
0.000632
0.000633
0.000635
0.000634
0.000629
0.000629
0.000639
0.000655
0.000667
0.000669
0.000659
0.000643
0.000631
0.000628
0.000634
0.000644
0.000654
0.000664
0.000672
0.000671
0.000660
0.000647
0.000639
0.000639
0.000645
0.000659
0.000677
0.000694
0.000700
0.000694
0.000685
0.000680
0.000678
0.000673
0.000664
0.000651
0.000637
0.000622
0.000609
0.000596
0.000584
0.000575
0.000574
0.000582
0.000596
0.000608
0.000620
0.000631
0.000643
0.000651
0.000656
0.000657
0.000656
0.000650
0.000639
0.000626
0.000618
0.000619
0.000625
0.000627
0.000620
0.000609
0.000605
0.000613
0.000627
0.000633
0.000630
0.000627
0.000631
0.000642
0.000652
0.000658
0.000664
0.000670
0.000673
0.000667
0.000656
0.000647
0.000645
0.000650
0.000655
0.000658
0.000658
0.000653
0.000646
0.000637
0.000631
0.000627
0.000622
0.000610
0.000595
0.000583
0.000580
0.000583
0.000587
0.000587
0.000584
0.000581
0.000585
0.000595
0.000607
0.000615
0.000618
0.000616
0.000616
0.000622
0.000636
0.000655
0.000677
0.000694
0.000703
0.000704
0.000705
0.000707
0.000706
0.000696
0.000677
0.000655
0.000635
0.000622
0.000614
0.000611
0.000611
0.000609
0.000607
0.000607
0.000612
0.000619
0.000621
0.000615
0.000605
0.000598
0.000595
0.000597
0.000602
0.000609
0.000616
0.000621
0.000630
0.000645
0.000660
0.000665
0.000657
0.000641
0.000621
0.000598
0.000576
0.000564
0.000569
0.000584
0.000601
0.000615
0.000625
0.000631
0.000634
0.000636
0.000639
0.000645
0.000652
0.000662
0.000676
0.000693
0.000707
0.000715
0.000718
0.000719
0.000718
0.000716
0.000717
0.000722
0.000729
0.000734
0.000737
0.000734
0.000723
0.000704
0.000685
0.000677
0.000680
0.000688
0.000690
0.000685
0.000678
0.000674
0.000673
0.000671
0.000667
0.000663
0.000662
0.000666
0.000669
0.000668
0.000664
0.000661
0.000663
0.000673
0.000688
0.000705
0.000719
0.000730
0.000740
0.000752
0.000760
0.000758
0.000743
0.000721
0.000701
0.000689
0.000687
0.000696
0.000710
0.000721
0.000721
0.000712
0.000697
0.000682
0.000673
0.000671
0.000673
0.000673
0.000668
0.000662
0.000663
0.000669
0.000672
0.000669
0.000668
0.000672
0.000676
0.000673
0.000667
0.000669
0.000680
0.000692
0.000693
0.000686
0.000679
0.000676
0.000675
0.000674
0.000674
0.000675
0.000674
0.000669
0.000665
0.000669
0.000681
0.000694
0.000699
0.000696
0.000689
0.000680
0.000670
0.000660
0.000656
0.000665
0.000683
0.000698
0.000705
0.000705
0.000706
0.000708
0.000707
0.000701
0.000697
0.000701
0.000709
0.000713
0.000711
0.000709
0.000713
0.000717
0.000715
0.000705
0.000694
0.000686
0.000686
0.000690
0.000696
0.000702
0.000708
0.000713
0.000713
0.000702
0.000681
0.000655
0.000632
0.000616
0.000608
0.000610
0.000621
0.000635
0.000642
0.000642
0.000637
0.000636
0.000640
0.000648
0.000658
0.000667
0.000670
0.000664
0.000654
0.000648
0.000647
0.000649
0.000651
0.000650
0.000646
0.000640
0.000635
0.000634
0.000637
0.000642
0.000645
0.000646
0.000649
0.000654
0.000664
0.000675
0.000682
0.000681
0.000672
0.000658
0.000643
0.000624
0.000603
0.000584
0.000572
0.000571
0.000581
0.000602
0.000628
0.000650
0.000658
0.000654
0.000651
0.000656
0.000667
0.000676
0.000685
0.000698
0.000712
0.000721
0.000723
0.000723
0.000723
0.000718
0.000700
0.000677
0.000663
0.000662
0.000670
0.000681
0.000695
0.000714
0.000732
0.000743
0.000746
0.000744
0.000739
0.000730
0.000721
0.000711
0.000700
0.000689
0.000679
0.000678
0.000686
0.000697
0.000703
0.000703
0.000697
0.000687
0.000678
0.000671
0.000667
0.000669
0.000676
0.000685
0.000691
0.000693
0.000695
0.000700
0.000704
0.000699
0.000687
0.000678
0.000674
0.000671
0.000662
0.000650
0.000639
0.000634
0.000629
0.000623
0.000616
0.000612
0.000612
0.000616
0.000620
0.000627
0.000637
0.000651
0.000667
0.000679
0.000686
0.000689
0.000690
0.000689
0.000683
0.000672
0.000659
0.000647
0.000636
0.000631
0.000633
0.000636
0.000636
0.000634
0.000634
0.000638
0.000640
0.000635
0.000628
0.000628
0.000637
0.000647
0.000656
0.000666
0.000676
0.000681
0.000678
0.000668
0.000661
0.000656
0.000654
0.000650
0.000646
0.000643
0.000638
0.000634
0.000631
0.000635
0.000644
0.000655
0.000661
0.000660
0.000658
0.000661
0.000670
0.000680
0.000687
0.000688
0.000687
0.000687
0.000691
0.000697
0.000701
0.000698
0.000694
0.000693
0.000701
0.000711
0.000713
0.000707
0.000697
0.000692
0.000691
0.000688
0.000684
0.000680
0.000682
0.000686
0.000687
0.000680
0.000671
0.000664
0.000660
0.000652
0.000634
0.000614
0.000602
0.000603
0.000611
0.000624
0.000642
0.000663
0.000683
0.000695
0.000702
0.000708
0.000712
0.000710
0.000702
0.000692
0.000686
0.000685
0.000690
0.000696
0.000697
0.000689
0.000673
0.000655
0.000643
0.000639
0.000641
0.000640
0.000634
0.000626
0.000622
0.000631
0.000649
0.000666
0.000674
0.000669
0.000654
0.000636
0.000623
0.000619
0.000620
0.000620
0.000617
0.000610
0.000602
0.000595
0.000592
0.000597
0.000608
0.000622
0.000632
0.000633
0.000626
0.000614
0.000601
0.000594
0.000594
0.000599
0.000609
0.000620
0.000628
0.000627
0.000619
0.000614
0.000618
0.000623
0.000624
0.000621
0.000619
0.000621
0.000623
0.000619
0.000614
0.000611
0.000611
0.000610
0.000606
0.000599
0.000593
0.000586
0.000581
0.000577
0.000571
0.000562
0.000552
0.000547
0.000553
0.000569
0.000588
0.000605
0.000616
0.000624
0.000631
0.000635
0.000633
0.000626
0.000616
0.000607
0.000600
0.000598
0.000604
0.000619
0.000636
0.000650
0.000657
0.000659
0.000659
0.000658
0.000654
0.000649
0.000643
0.000634
0.000621
0.000608
0.000602
0.000607
0.000617
0.000623
0.000620
0.000614
0.000608
0.000601
0.000595
0.000593
0.000599
0.000612
0.000625
0.000636
0.000642
0.000647
0.000652
0.000655
0.000655
0.000648
0.000633
0.000615
0.000600
0.000592
0.000588
0.000588
0.000591
0.000600
0.000611
0.000621
0.000629
0.000635
0.000642
0.000646
0.000648
0.000649
0.000651
0.000652
0.000649
0.000641
0.000633
0.000633
0.000647
0.000670
0.000691
0.000699
0.000691
0.000673
0.000654
0.000640
0.000635
0.000635
0.000636
0.000637
0.000638
0.000637
0.000633
0.000628
0.000625
0.000626
0.000630
0.000632
0.000630
0.000634
0.000651
0.000674
0.000688
0.000688
0.000678
0.000668
0.000661
0.000653
0.000643
0.000635
0.000628
0.000623
0.000620
0.000619
0.000619
0.000614
0.000606
0.000602
0.000607
0.000616
0.000622
0.000625
0.000626
0.000629
0.000635
0.000641
0.000647
0.000652
0.000658
0.000665
0.000672
0.000674
0.000669
0.000660
0.000650
0.000641
0.000635
0.000634
0.000643
0.000657
0.000670
0.000679
0.000686
0.000692
0.000698
0.000704
0.000713
0.000724
0.000733
0.000738
0.000741
0.000743
0.000741
0.000730
0.000713
0.000696
0.000682
0.000673
0.000667
0.000661
0.000654
0.000642
0.000633
0.000632
0.000640
0.000648
0.000652
0.000653
0.000653
0.000652
0.000645
0.000635
0.000627
0.000622
0.000621
0.000621
0.000621
0.000623
0.000628
0.000635
0.000644
0.000656
0.000670
0.000681
0.000686
0.000681
0.000668
0.000654
0.000643
0.000636
0.000631
0.000631
0.000639
0.000656
0.000676
0.000689
0.000691
0.000686
0.000681
0.000682
0.000687
0.000692
0.000692
0.000690
0.000692
0.000701
0.000715
0.000723
0.000717
0.000699
0.000675
0.000657
0.000646
0.000644
0.000646
0.000652
0.000658
0.000662
0.000663
0.000662
0.000666
0.000673
0.000680
0.000682
0.000680
0.000678
0.000678
0.000680
0.000683
0.000686
0.000688
0.000690
0.000689
0.000678
0.000659
0.000632
0.000602
0.000578
0.000566
0.000570
0.000590
0.000617
0.000643
0.000662
0.000673
0.000674
0.000671
0.000669
0.000672
0.000677
0.000679
0.000678
0.000678
0.000681
0.000686
0.000689
0.000688
0.000685
0.000688
0.000697
0.000708
0.000714
0.000712
0.000706
0.000703
0.000702
0.000702
0.000699
0.000692
0.000680
0.000660
0.000641
0.000631
0.000631
0.000635
0.000638
0.000638
0.000641
0.000650
0.000666
0.000682
0.000695
0.000701
0.000703
0.000709
0.000721
0.000739
0.000755
0.000763
0.000762
0.000752
0.000740
0.000732
0.000735
0.000743
0.000748
0.000741
0.000723
0.000703
0.000690
0.000688
0.000694
0.000701
0.000704
0.000703
0.000699
0.000692
0.000681
0.000670
0.000663
0.000661
0.000659
0.000654
0.000647
0.000641
0.000634
0.000627
0.000619
0.000612
0.000608
0.000604
0.000600
0.000599
0.000604
0.000612
0.000615
0.000607
0.000596
0.000594
0.000607
0.000627
0.000641
0.000643
0.000636
0.000625
0.000615
0.000610
0.000610
0.000612
0.000617
0.000622
0.000627
0.000625
0.000614
0.000594
0.000573
0.000557
0.000548
0.000547
0.000556
0.000575
0.000599
0.000622
0.000639
0.000647
0.000643
0.000629
0.000614
0.000606
0.000606
0.000611
0.000619
0.000630
0.000644
0.000655
0.000660
0.000660
0.000659
0.000659
0.000659
0.000656
0.000649
0.000641
0.000637
0.000639
0.000649
0.000660
0.000669
0.000674
0.000677
0.000677
0.000673
0.000664
0.000654
0.000643
0.000631
0.000622
0.000622
0.000631
0.000643
0.000651
0.000652
0.000648
0.000644
0.000641
0.000641
0.000643
0.000644
0.000649
0.000660
0.000680
0.000703
0.000720
0.000723
0.000716
0.000704
0.000694
0.000688
0.000680
0.000669
0.000654
0.000641
0.000634
0.000633
0.000635
0.000641
0.000650
0.000662
0.000671
0.000674
0.000674
0.000673
0.000674
0.000675
0.000680
0.000687
0.000693
0.000693
0.000686
0.000673
0.000655
0.000631
0.000611
0.000600
0.000598
0.000599
0.000598
0.000600
0.000611
0.000626
0.000633
0.000631
0.000622
0.000611
0.000603
0.000600
0.000609
0.000628
0.000649
0.000667
0.000682
0.000694
0.000700
0.000702
0.000705
0.000713
0.000724
0.000732
0.000734
0.000736
0.000740
0.000738
0.000724
0.000702
0.000679
0.000658
0.000643
0.000636
0.000635
0.000633
0.000627
0.000618
0.000611
0.000604
0.000595
0.000591
0.000602
0.000625
0.000648
0.000661
0.000666
0.000672
0.000681
0.000685
0.000681
0.000677
0.000680
0.000691
0.000704
0.000715
0.000724
0.000728
0.000724
0.000707
0.000683
0.000661
0.000653
0.000657
0.000663
0.000660
0.000646
0.000628
0.000613
0.000604
0.000599
0.000599
0.000607
0.000621
0.000632
0.000635
0.000632
0.000626
0.000622
0.000621
0.000619
0.000613
0.000603
0.000593
0.000589
0.000593
0.000601
0.000610
0.000618
0.000624
0.000629
0.000635
0.000643
0.000649
0.000646
0.000636
0.000628
0.000630
0.000641
0.000654
0.000666
0.000678
0.000688
0.000693
0.000697
0.000702
0.000708
0.000707
0.000694
0.000677
0.000661
0.000645
0.000627
0.000611
0.000603
0.000604
0.000607
0.000605
0.000600
0.000596
0.000596
0.000599
0.000604
0.000609
0.000611
0.000613
0.000618
0.000625
0.000629
0.000627
0.000618
0.000608
0.000599
0.000593
0.000592
0.000596
0.000603
0.000613
0.000622
0.000628
0.000629
0.000627
0.000630
0.000641
0.000653
0.000659
0.000662
0.000668
0.000681
0.000694
0.000700
0.000700
0.000697
0.000691
0.000686
0.000683
0.000683
0.000682
0.000680
0.000679
0.000680
0.000680
0.000675
0.000664
0.000651
0.000641
0.000635
0.000632
0.000630
0.000628
0.000627
0.000632
0.000643
0.000657
0.000667
0.000669
0.000664
0.000655
0.000649
0.000649
0.000651
0.000650
0.000643
0.000634
0.000626
0.000622
0.000622
0.000625
0.000631
0.000637
0.000641
0.000641
0.000634
0.000621
0.000606
0.000594
0.000589
0.000592
0.000596
0.000596
0.000593
0.000595
0.000604
0.000620
0.000636
0.000647
0.000655
0.000660
0.000663
0.000662
0.000656
0.000646
0.000634
0.000623
0.000616
0.000617
0.000629
0.000652
0.000677
0.000692
0.000691
0.000678
0.000666
0.000664
0.000673
0.000683
0.000686
0.000681
0.000672
0.000664
0.000652
0.000636
0.000618
0.000605
0.000599
0.000599
0.000603
0.000608
0.000609
0.000606
0.000605
0.000609
0.000617
0.000619
0.000614
0.000605
0.000598
0.000596
0.000599
0.000604
0.000609
0.000613
0.000617
0.000622
0.000627
0.000625
0.000620
0.000621
0.000631
0.000642
0.000646
0.000643
0.000641
0.000641
0.000639
0.000635
0.000633
0.000637
0.000646
0.000655
0.000661
0.000660
0.000652
0.000639
0.000626
0.000619
0.000617
0.000613
0.000609
0.000607
0.000609
0.000614
0.000618
0.000621
0.000627
0.000634
0.000641
0.000644
0.000642
0.000637
0.000629
0.000618
0.000607
0.000600
0.000598
0.000599
0.000602
0.000605
0.000609
0.000612
0.000615
0.000617
0.000616
0.000611
0.000603
0.000597
0.000597
0.000601
0.000603
0.000602
0.000599
0.000596
0.000595
0.000598
0.000607
0.000623
0.000643
0.000665
0.000685
0.000697
0.000697
0.000686
0.000668
0.000647
0.000627
0.000615
0.000615
0.000629
0.000650
0.000668
0.000678
0.000683
0.000688
0.000693
0.000697
0.000698
0.000698
0.000698
0.000700
0.000704
0.000709
0.000712
0.000713
0.000710
0.000704
0.000694
0.000683
0.000673
0.000668
0.000665
0.000661
0.000652
0.000641
0.000633
0.000627
0.000621
0.000612
0.000604
0.000602
0.000613
0.000629
0.000642
0.000643
0.000635
0.000625
0.000617
0.000611
0.000604
0.000599
0.000597
0.000596
0.000599
0.000607
0.000623
0.000643
0.000660
0.000669
0.000673
0.000674
0.000673
0.000666
0.000658
0.000656
0.000664
0.000678
0.000691
0.000695
0.000690
0.000682
0.000678
0.000680
0.000686
0.000689
0.000688
0.000685
0.000684
0.000685
0.000683
0.000678
0.000669
0.000655
0.000640
0.000624
0.000608
0.000594
0.000585
0.000583
0.000587
0.000594
0.000603
0.000614
0.000628
0.000638
0.000645
0.000651
0.000654
0.000650
0.000642
0.000635
0.000635
0.000634
0.000627
0.000619
0.000618
0.000628
0.000643
0.000655
0.000661
0.000658
0.000648
0.000633
0.000619
0.000609
0.000601
0.000594
0.000587
0.000583
0.000581
0.000577
0.000569
0.000558
0.000549
0.000546
0.000552
0.000566
0.000581
0.000593
0.000601
0.000606
0.000612
0.000618
0.000623
0.000625
0.000627
0.000630
0.000634
0.000636
0.000638
0.000640
0.000641
0.000640
0.000637
0.000637
0.000644
0.000660
0.000680
0.000693
0.000690
0.000676
0.000664
0.000662
0.000671
0.000681
0.000692
0.000705
0.000720
0.000727
0.000724
0.000716
0.000710
0.000703
0.000686
0.000660
0.000635
0.000620
0.000616
0.000622
0.000632
0.000637
0.000633
0.000622
0.000617
0.000623
0.000635
0.000644
0.000645
0.000641
0.000635
0.000631
0.000633
0.000640
0.000653
0.000672
0.000695
0.000713
0.000719
0.000712
0.000699
0.000685
0.000672
0.000660
0.000648
0.000637
0.000628
0.000623
0.000627
0.000639
0.000655
0.000671
0.000683
0.000693
0.000705
0.000717
0.000728
0.000732
0.000724
0.000706
0.000683
0.000662
0.000647
0.000635
0.000626
0.000619
0.000620
0.000630
0.000643
0.000653
0.000659
0.000665
0.000673
0.000678
0.000676
0.000672
0.000675
0.000685
0.000695
0.000700
0.000698
0.000690
0.000676
0.000660
0.000651
0.000651
0.000656
0.000664
0.000675
0.000695
0.000720
0.000741
0.000754
0.000757
0.000752
0.000744
0.000745
0.000759
0.000776
0.000782
0.000770
0.000750
0.000732
0.000715
0.000699
0.000683
0.000668
0.000655
0.000642
0.000634
0.000637
0.000652
0.000672
0.000687
0.000689
0.000682
0.000671
0.000659
0.000645
0.000630
0.000622
0.000627
0.000642
0.000661
0.000679
0.000693
0.000697
0.000692
0.000684
0.000682
0.000686
0.000688
0.000681
0.000667
0.000654
0.000652
0.000664
0.000688
0.000715
0.000733
0.000737
0.000731
0.000724
0.000719
0.000715
0.000710
0.000702
0.000690
0.000677
0.000668
0.000664
0.000661
0.000661
0.000666
0.000680
0.000697
0.000709
0.000713
0.000712
0.000709
0.000706
0.000701
0.000694
0.000686
0.000677
0.000669
0.000666
0.000668
0.000671
0.000673
0.000670
0.000666
0.000664
0.000667
0.000671
0.000673
0.000671
0.000663
0.000652
0.000640
0.000628
0.000619
0.000615
0.000615
0.000616
0.000618
0.000621
0.000626
0.000637
0.000654
0.000671
0.000682
0.000679
0.000668
0.000653
0.000639
0.000629
0.000624
0.000620
0.000613
0.000600
0.000591
0.000594
0.000609
0.000628
0.000644
0.000658
0.000671
0.000678
0.000676
0.000662
0.000641
0.000621
0.000608
0.000608
0.000617
0.000631
0.000641
0.000643
0.000636
0.000626
0.000621
0.000624
0.000628
0.000625
0.000616
0.000606
0.000602
0.000601
0.000600
0.000598
0.000597
0.000598
0.000602
0.000613
0.000630
0.000648
0.000662
0.000668
0.000667
0.000663
0.000663
0.000668
0.000676
0.000682
0.000679
0.000666
0.000647
0.000629
0.000613
0.000602
0.000595
0.000592
0.000593
0.000599
0.000608
0.000615
0.000617
0.000612
0.000602
0.000590
0.000583
0.000587
0.000599
0.000612
0.000617
0.000616
0.000615
0.000619
0.000630
0.000643
0.000656
0.000666
0.000672
0.000676
0.000679
0.000682
0.000679
0.000669
0.000656
0.000650
0.000656
0.000664
0.000665
0.000658
0.000650
0.000644
0.000640
0.000640
0.000649
0.000664
0.000675
0.000675
0.000667
0.000660
0.000652
0.000640
0.000628
0.000622
0.000627
0.000637
0.000645
0.000650
0.000652
0.000652
0.000653
0.000660
0.000669
0.000672
0.000665
0.000656
0.000654
0.000661
0.000675
0.000692
0.000707
0.000714
0.000712
0.000706
0.000701
0.000692
0.000679
0.000666
0.000661
0.000662
0.000661
0.000657
0.000654
0.000654
0.000656
0.000662
0.000679
0.000706
0.000730
0.000740
0.000737
0.000725
0.000711
0.000699
0.000692
0.000687
0.000682
0.000673
0.000663
0.000653
0.000640
0.000623
0.000607
0.000593
0.000581
0.000568
0.000559
0.000559
0.000569
0.000586
0.000605
0.000623
0.000636
0.000641
0.000641
0.000641
0.000641
0.000641
0.000644
0.000654
0.000669
0.000684
0.000693
0.000693
0.000685
0.000672
0.000657
0.000644
0.000634
0.000623
0.000609
0.000594
0.000580
0.000574
0.000582
0.000600
0.000616
0.000618
0.000608
0.000598
0.000600
0.000613
0.000634
0.000657
0.000676
0.000688
0.000693
0.000696
0.000696
0.000691
0.000679
0.000665
0.000659
0.000662
0.000666
0.000666
0.000658
0.000643
0.000624
0.000609
0.000598
0.000591
0.000586
0.000583
0.000585
0.000596
0.000617
0.000642
0.000660
0.000663
0.000653
0.000640
0.000631
0.000619
0.000600
0.000584
0.000588
0.000611
0.000638
0.000655
0.000665
0.000676
0.000689
0.000698
0.000702
0.000701
0.000699
0.000699
0.000702
0.000707
0.000710
0.000710
0.000711
0.000714
0.000714
0.000707
0.000692
0.000671
0.000652
0.000638
0.000632
0.000633
0.000637
0.000642
0.000648
0.000654
0.000655
0.000651
0.000647
0.000647
0.000650
0.000651
0.000652
0.000655
0.000658
0.000657
0.000652
0.000648
0.000644
0.000639
0.000629
0.000618
0.000609
0.000601
0.000593
0.000586
0.000582
0.000585
0.000599
0.000622
0.000645
0.000658
0.000666
0.000680
0.000701
0.000715
0.000715
0.000709
0.000708
0.000718
0.000731
0.000739
0.000740
0.000736
0.000731
0.000734
0.000743
0.000751
0.000751
0.000741
0.000725
0.000705
0.000687
0.000681
0.000689
0.000707
0.000724
0.000733
0.000736
0.000735
0.000731
0.000726
0.000724
0.000721
0.000716
0.000710
0.000709
0.000711
0.000710
0.000705
0.000698
0.000694
0.000693
0.000693
0.000697
0.000702
0.000704
0.000700
0.000693
0.000688
0.000685
0.000684
0.000684
0.000681
0.000670
0.000655
0.000643
0.000640
0.000645
0.000649
0.000653
0.000656
0.000656
0.000649
0.000639
0.000631
0.000632
0.000640
0.000648
0.000651
0.000647
0.000642
0.000640
0.000643
0.000648
0.000651
0.000655
0.000660
0.000666
0.000673
0.000681
0.000688
0.000693
0.000695
0.000700
0.000709
0.000719
0.000725
0.000727
0.000728
0.000728
0.000723
0.000712
0.000699
0.000687
0.000679
0.000676
0.000674
0.000671
0.000664
0.000656
0.000651
0.000648
0.000641
0.000632
0.000623
0.000617
0.000611
0.000604
0.000593
0.000583
0.000574
0.000570
0.000570
0.000570
0.000568
0.000564
0.000563
0.000572
0.000588
0.000605
0.000619
0.000631
0.000646
0.000665
0.000685
0.000699
0.000707
0.000713
0.000715
0.000710
0.000696
0.000680
0.000669
0.000667
0.000667
0.000666
0.000663
0.000661
0.000656
0.000650
0.000648
0.000655
0.000668
0.000682
0.000693
0.000702
0.000708
0.000715
0.000722
0.000730
0.000733
0.000728
0.000716
0.000699
0.000680
0.000662
0.000653
0.000660
0.000674
0.000679
0.000668
0.000648
0.000634
0.000634
0.000646
0.000667
0.000695
0.000719
0.000727
0.000713
0.000688
0.000664
0.000646
0.000634
0.000634
0.000651
0.000677
0.000697
0.000699
0.000688
0.000673
0.000656
0.000636
0.000618
0.000605
0.000598
0.000590
0.000586
0.000591
0.000605
0.000616
0.000618
0.000617
0.000621
0.000632
0.000646
0.000658
0.000665
0.000666
0.000665
0.000670
0.000682
0.000694
0.000697
0.000695
0.000697
0.000705
0.000712
0.000712
0.000705
0.000695
0.000686
0.000681
0.000682
0.000685
0.000689
0.000691
0.000691
0.000690
0.000690
0.000694
0.000701
0.000705
0.000702
0.000693
0.000685
0.000683
0.000689
0.000697
0.000700
0.000696
0.000686
0.000678
0.000676
0.000672
0.000659
0.000641
0.000630
0.000632
0.000640
0.000643
0.000637
0.000630
0.000628
0.000629
0.000629
0.000627
0.000628
0.000635
0.000648
0.000666
0.000683
0.000694
0.000697
0.000691
0.000677
0.000660
0.000642
0.000633
0.000634
0.000643
0.000649
0.000645
0.000638
0.000634
0.000636
0.000640
0.000642
0.000644
0.000647
0.000651
0.000651
0.000650
0.000651
0.000655
0.000660
0.000662
0.000664
0.000669
0.000681
0.000698
0.000715
0.000720
0.000709
0.000685
0.000659
0.000641
0.000630
0.000619
0.000602
0.000582
0.000568
0.000566
0.000578
0.000601
0.000628
0.000653
0.000670
0.000675
0.000669
0.000659
0.000650
0.000644
0.000640
0.000641
0.000652
0.000671
0.000688
0.000694
0.000689
0.000677
0.000660
0.000640
0.000629
0.000634
0.000652
0.000674
0.000687
0.000690
0.000682
0.000666
0.000648
0.000636
0.000634
0.000640
0.000648
0.000655
0.000657
0.000651
0.000638
0.000626
0.000621
0.000619
0.000612
0.000600
0.000592
0.000595
0.000607
0.000620
0.000628
0.000632
0.000633
0.000634
0.000636
0.000639
0.000637
0.000629
0.000617
0.000610
0.000612
0.000622
0.000633
0.000637
0.000634
0.000628
0.000627
0.000633
0.000636
0.000629
0.000616
0.000607
0.000608
0.000613
0.000618
0.000624
0.000632
0.000639
0.000641
0.000636
0.000627
0.000615
0.000603
0.000594
0.000589
0.000588
0.000587
0.000583
0.000577
0.000571
0.000565
0.000560
0.000564
0.000579
0.000600
0.000621
0.000634
0.000641
0.000645
0.000650
0.000659
0.000667
0.000671
0.000668
0.000661
0.000656
0.000653
0.000651
0.000649
0.000647
0.000646
0.000645
0.000642
0.000635
0.000626
0.000618
0.000614
0.000618
0.000628
0.000643
0.000662
0.000680
0.000693
0.000699
0.000699
0.000698
0.000695
0.000685
0.000670
0.000658
0.000657
0.000665
0.000673
0.000675
0.000677
0.000684
0.000696
0.000706
0.000709
0.000706
0.000704
0.000702
0.000701
0.000700
0.000701
0.000705
0.000709
0.000707
0.000695
0.000676
0.000656
0.000637
0.000618
0.000597
0.000580
0.000577
0.000590
0.000612
0.000628
0.000633
0.000632
0.000632
0.000633
0.000632
0.000625
0.000617
0.000614
0.000620
0.000631
0.000640
0.000647
0.000653
0.000656
0.000656
0.000652
0.000652
0.000662
0.000682
0.000702
0.000712
0.000714
0.000708
0.000698
0.000687
0.000677
0.000668
0.000659
0.000651
0.000648
0.000648
0.000647
0.000647
0.000653
0.000668
0.000685
0.000698
0.000708
0.000719
0.000728
0.000730
0.000723
0.000713
0.000709
0.000710
0.000716
0.000723
0.000728
0.000727
0.000719
0.000705
0.000688
0.000671
0.000656
0.000645
0.000637
0.000634
0.000636
0.000638
0.000638
0.000632
0.000624
0.000617
0.000615
0.000617
0.000622
0.000630
0.000644
0.000660
0.000672
0.000676
0.000669
0.000658
0.000648
0.000643
0.000637
0.000627
0.000613
0.000600
0.000587
0.000575
0.000568
0.000568
0.000576
0.000584
0.000591
0.000596
0.000601
0.000605
0.000608
0.000607
0.000601
0.000589
0.000579
0.000577
0.000585
0.000597
0.000609
0.000621
0.000637
0.000650
0.000654
0.000648
0.000643
0.000645
0.000658
0.000679
0.000699
0.000715
0.000721
0.000719
0.000713
0.000708
0.000705
0.000704
0.000699
0.000686
0.000668
0.000650
0.000635
0.000622
0.000613
0.000610
0.000611
0.000617
0.000621
0.000622
0.000619
0.000615
0.000615
0.000621
0.000632
0.000641
0.000644
0.000641
0.000638
0.000643
0.000657
0.000674
0.000684
0.000684
0.000678
0.000672
0.000669
0.000668
0.000668
0.000669
0.000667
0.000662
0.000657
0.000656
0.000658
0.000656
0.000650
0.000646
0.000646
0.000648
0.000643
0.000635
0.000632
0.000640
0.000655
0.000671
0.000682
0.000685
0.000677
0.000661
0.000642
0.000628
0.000621
0.000619
0.000617
0.000612
0.000608
0.000611
0.000621
0.000631
0.000640
0.000652
0.000667
0.000680
0.000686
0.000687
0.000688
0.000690
0.000688
0.000682
0.000678
0.000680
0.000688
0.000703
0.000720
0.000734
0.000740
0.000737
0.000727
0.000711
0.000689
0.000668
0.000651
0.000641
0.000640
0.000650
0.000670
0.000685
0.000683
0.000670
0.000662
0.000668
0.000675
0.000670
0.000654
0.000643
0.000641
0.000646
0.000650
0.000650
0.000645
0.000640
0.000637
0.000638
0.000635
0.000625
0.000611
0.000602
0.000602
0.000609
0.000620
0.000628
0.000630
0.000629
0.000633
0.000644
0.000657
0.000661
0.000652
0.000639
0.000631
0.000625
0.000617
0.000609
0.000604
0.000603
0.000601
0.000595
0.000588
0.000582
0.000580
0.000583
0.000592
0.000606
0.000624
0.000640
0.000648
0.000642
0.000627
0.000612
0.000605
0.000609
0.000617
0.000623
0.000622
0.000617
0.000613
0.000616
0.000626
0.000641
0.000664
0.000689
0.000708
0.000714
0.000709
0.000699
0.000687
0.000674
0.000663
0.000660
0.000662
0.000663
0.000658
0.000652
0.000654
0.000663
0.000676
0.000685
0.000690
0.000694
0.000700
0.000710
0.000722
0.000731
0.000733
0.000726
0.000713
0.000700
0.000693
0.000691
0.000691
0.000690
0.000689
0.000687
0.000685
0.000681
0.000675
0.000667
0.000660
0.000657
0.000658
0.000661
0.000665
0.000668
0.000670
0.000669
0.000665
0.000658
0.000650
0.000643
0.000638
0.000633
0.000628
0.000623
0.000620
0.000621
0.000628
0.000645
0.000666
0.000684
0.000694
0.000696
0.000692
0.000684
0.000675
0.000670
0.000672
0.000677
0.000682
0.000684
0.000685
0.000683
0.000676
0.000664
0.000651
0.000637
0.000629
0.000627
0.000631
0.000638
0.000648
0.000665
0.000690
0.000718
0.000736
0.000741
0.000733
0.000721
0.000712
0.000706
0.000701
0.000689
0.000673
0.000659
0.000650
0.000644
0.000639
0.000637
0.000642
0.000652
0.000664
0.000675
0.000687
0.000698
0.000707
0.000714
0.000720
0.000722
0.000718
0.000708
0.000701
0.000698
0.000697
0.000695
0.000694
0.000696
0.000701
0.000704
0.000703
0.000698
0.000693
0.000687
0.000679
0.000667
0.000651
0.000635
0.000621
0.000612
0.000609
0.000612
0.000619
0.000622
0.000619
0.000614
0.000617
0.000628
0.000640
0.000649
0.000655
0.000662
0.000668
0.000670
0.000669
0.000668
0.000666
0.000665
0.000664
0.000664
0.000663
0.000658
0.000650
0.000642
0.000634
0.000626
0.000624
0.000633
0.000650
0.000664
0.000667
0.000660
0.000650
0.000640
0.000634
0.000632
0.000634
0.000635
0.000635
0.000634
0.000633
0.000631
0.000630
0.000637
0.000652
0.000668
0.000675
0.000674
0.000667
0.000657
0.000645
0.000633
0.000624
0.000621
0.000625
0.000637
0.000652
0.000663
0.000667
0.000667
0.000667
0.000665
0.000661
0.000656
0.000655
0.000655
0.000652
0.000644
0.000635
0.000633
0.000640
0.000650
0.000658
0.000661
0.000660
0.000659
0.000656
0.000648
0.000635
0.000621
0.000610
0.000606
0.000609
0.000619
0.000633
0.000644
0.000650
0.000658
0.000676
0.000703
0.000729
0.000741
0.000739
0.000728
0.000716
0.000710
0.000710
0.000709
0.000700
0.000688
0.000685
0.000699
0.000720
0.000731
0.000725
0.000710
0.000695
0.000682
0.000668
0.000655
0.000646
0.000642
0.000636
0.000626
0.000616
0.000614
0.000624
0.000642
0.000657
0.000665
0.000667
0.000672
0.000682
0.000694
0.000702
0.000703
0.000700
0.000700
0.000704
0.000708
0.000704
0.000692
0.000680
0.000674
0.000671
0.000666
0.000655
0.000643
0.000632
0.000624
0.000618
0.000613
0.000609
0.000606
0.000604
0.000604
0.000606
0.000613
0.000625
0.000643
0.000657
0.000659
0.000653
0.000650
0.000657
0.000670
0.000679
0.000684
0.000691
0.000700
0.000705
0.000700
0.000689
0.000677
0.000666
0.000657
0.000650
0.000649
0.000655
0.000667
0.000679
0.000685
0.000685
0.000680
0.000673
0.000667
0.000660
0.000652
0.000646
0.000641
0.000637
0.000629
0.000622
0.000621
0.000630
0.000642
0.000649
0.000650
0.000648
0.000645
0.000637
0.000626
0.000618
0.000622
0.000641
0.000664
0.000679
0.000681
0.000674
0.000668
0.000674
0.000692
0.000711
0.000721
0.000719
0.000716
0.000717
0.000717
0.000707
0.000689
0.000670
0.000656
0.000649
0.000646
0.000649
0.000656
0.000665
0.000673
0.000679
0.000683
0.000681
0.000678
0.000677
0.000680
0.000684
0.000683
0.000677
0.000670
0.000664
0.000660
0.000661
0.000667
0.000675
0.000683
0.000689
0.000693
0.000693
0.000690
0.000688
0.000690
0.000693
0.000690
0.000683
0.000678
0.000683
0.000694
0.000703
0.000707
0.000706
0.000698
0.000683
0.000667
0.000656
0.000652
0.000651
0.000654
0.000665
0.000683
0.000698
0.000706
0.000710
0.000714
0.000716
0.000712
0.000700
0.000687
0.000678
0.000674
0.000672
0.000667
0.000663
0.000662
0.000665
0.000670
0.000669
0.000665
0.000661
0.000663
0.000668
0.000676
0.000689
0.000707
0.000722
0.000726
0.000721
0.000714
0.000710
0.000706
0.000697
0.000684
0.000675
0.000675
0.000682
0.000690
0.000692
0.000689
0.000683
0.000677
0.000669
0.000660
0.000653
0.000652
0.000655
0.000656
0.000652
0.000647
0.000646
0.000647
0.000646
0.000647
0.000651
0.000656
0.000659
0.000659
0.000660
0.000661
0.000663
0.000665
0.000669
0.000675
0.000682
0.000689
0.000697
0.000707
0.000714
0.000716
0.000710
0.000698
0.000684
0.000669
0.000654
0.000642
0.000635
0.000638
0.000648
0.000660
0.000669
0.000675
0.000675
0.000669
0.000655
0.000637
0.000623
0.000613
0.000610
0.000613
0.000622
0.000631
0.000636
0.000639
0.000646
0.000658
0.000671
0.000681
0.000689
0.000694
0.000696
0.000697
0.000702
0.000711
0.000720
0.000727
0.000734
0.000742
0.000748
0.000746
0.000735
0.000721
0.000709
0.000698
0.000690
0.000685
0.000684
0.000686
0.000687
0.000684
0.000676
0.000662
0.000650
0.000643
0.000644
0.000647
0.000647
0.000641
0.000632
0.000626
0.000626
0.000634
0.000646
0.000654
0.000657
0.000658
0.000659
0.000659
0.000656
0.000652
0.000648
0.000647
0.000647
0.000651
0.000656
0.000662
0.000669
0.000678
0.000687
0.000693
0.000694
0.000690
0.000686
0.000684
0.000683
0.000685
0.000691
0.000700
0.000707
0.000706
0.000697
0.000684
0.000674
0.000664
0.000658
0.000656
0.000659
0.000662
0.000657
0.000645
0.000633
0.000629
0.000636
0.000651
0.000668
0.000678
0.000681
0.000679
0.000678
0.000678
0.000679
0.000679
0.000679
0.000680
0.000680
0.000682
0.000686
0.000693
0.000700
0.000705
0.000707
0.000704
0.000695
0.000683
0.000672
0.000665
0.000664
0.000670
0.000683
0.000700
0.000714
0.000720
0.000720
0.000721
0.000727
0.000738
0.000752
0.000761
0.000760
0.000746
0.000726
0.000704
0.000683
0.000662
0.000647
0.000638
0.000639
0.000646
0.000658
0.000670
0.000673
0.000665
0.000649
0.000629
0.000610
0.000594
0.000586
0.000592
0.000614
0.000644
0.000673
0.000690
0.000693
0.000688
0.000682
0.000680
0.000680
0.000681
0.000690
0.000706
0.000720
0.000723
0.000717
0.000711
0.000707
0.000700
0.000687
0.000675
0.000671
0.000675
0.000677
0.000675
0.000675
0.000682
0.000696
0.000707
0.000706
0.000694
0.000683
0.000679
0.000675
0.000663
0.000640
0.000619
0.000606
0.000600
0.000601
0.000608
0.000618
0.000622
0.000618
0.000610
0.000609
0.000615
0.000621
0.000623
0.000620
0.000618
0.000618
0.000620
0.000622
0.000622
0.000625
0.000636
0.000649
0.000656
0.000655
0.000651
0.000649
0.000647
0.000647
0.000654
0.000672
0.000693
0.000706
0.000709
0.000705
0.000700
0.000694
0.000692
0.000694
0.000696
0.000697
0.000702
0.000713
0.000725
0.000727
0.000721
0.000715
0.000712
0.000707
0.000697
0.000690
0.000687
0.000685
0.000681
0.000680
0.000688
0.000701
0.000713
0.000722
0.000724
0.000715
0.000695
0.000669
0.000647
0.000632
0.000623
0.000620
0.000620
0.000619
0.000615
0.000611
0.000615
0.000625
0.000634
0.000639
0.000647
0.000659
0.000670
0.000672
0.000664
0.000651
0.000637
0.000629
0.000631
0.000649
0.000677
0.000707
0.000730
0.000744
0.000748
0.000744
0.000734
0.000721
0.000706
0.000691
0.000678
0.000673
0.000676
0.000680
0.000682
0.000680
0.000676
0.000674
0.000679
0.000692
0.000708
0.000718
0.000716
0.000707
0.000697
0.000688
0.000678
0.000670
0.000669
0.000675
0.000682
0.000681
0.000677
0.000676
0.000678
0.000678
0.000671
0.000663
0.000658
0.000659
0.000661
0.000662
0.000662
0.000663
0.000668
0.000675
0.000678
0.000675
0.000664
0.000649
0.000636
0.000628
0.000630
0.000639
0.000650
0.000655
0.000657
0.000658
0.000656
0.000645
0.000628
0.000616
0.000615
0.000620
0.000618
0.000609
0.000600
0.000594
0.000586
0.000576
0.000567
0.000562
0.000565
0.000573
0.000588
0.000604
0.000617
0.000619
0.000613
0.000606
0.000603
0.000605
0.000609
0.000618
0.000629
0.000639
0.000646
0.000645
0.000641
0.000641
0.000647
0.000656
0.000661
0.000655
0.000644
0.000634
0.000631
0.000634
0.000638
0.000638
0.000630
0.000619
0.000614
0.000621
0.000637
0.000655
0.000667
0.000669
0.000661
0.000647
0.000638
0.000640
0.000647
0.000649
0.000642
0.000629
0.000620
0.000615
0.000611
0.000610
0.000610
0.000612
0.000616
0.000622
0.000630
0.000637
0.000642
0.000644
0.000648
0.000653
0.000654
0.000648
0.000641
0.000636
0.000632
0.000629
0.000627
0.000631
0.000640
0.000648
0.000655
0.000661
0.000664
0.000663
0.000659
0.000660
0.000667
0.000673
0.000669
0.000659
0.000651
0.000647
0.000643
0.000637
0.000635
0.000640
0.000646
0.000647
0.000644
0.000645
0.000653
0.000663
0.000668
0.000669
0.000668
0.000667
0.000665
0.000658
0.000650
0.000646
0.000647
0.000649
0.000650
0.000648
0.000650
0.000655
0.000662
0.000665
0.000663
0.000654
0.000639
0.000618
0.000600
0.000589
0.000588
0.000595
0.000608
0.000624
0.000639
0.000651
0.000660
0.000671
0.000682
0.000691
0.000695
0.000694
0.000689
0.000679
0.000666
0.000655
0.000650
0.000653
0.000656
0.000654
0.000650
0.000647
0.000648
0.000652
0.000655
0.000657
0.000658
0.000657
0.000655
0.000653
0.000653
0.000651
0.000649
0.000650
0.000657
0.000668
0.000678
0.000684
0.000685
0.000683
0.000679
0.000672
0.000660
0.000645
0.000632
0.000625
0.000624
0.000621
0.000610
0.000597
0.000589
0.000587
0.000586
0.000582
0.000578
0.000576
0.000577
0.000576
0.000575
0.000577
0.000582
0.000589
0.000597
0.000608
0.000621
0.000637
0.000653
0.000665
0.000671
0.000671
0.000667
0.000669
0.000682
0.000701
0.000712
0.000704
0.000682
0.000660
0.000653
0.000659
0.000671
0.000684
0.000698
0.000713
0.000726
0.000735
0.000741
0.000740
0.000729
0.000706
0.000680
0.000658
0.000639
0.000621
0.000607
0.000603
0.000615
0.000638
0.000662
0.000678
0.000683
0.000677
0.000665
0.000653
0.000641
0.000630
0.000619
0.000608
0.000596
0.000583
0.000573
0.000569
0.000572
0.000579
0.000589
0.000601
0.000616
0.000633
0.000649
0.000664
0.000677
0.000688
0.000698
0.000705
0.000708
0.000704
0.000697
0.000689
0.000684
0.000681
0.000679
0.000680
0.000680
0.000678
0.000673
0.000670
0.000674
0.000684
0.000699
0.000716
0.000731
0.000738
0.000734
0.000720
0.000702
0.000684
0.000668
0.000657
0.000651
0.000645
0.000635
0.000620
0.000605
0.000596
0.000593
0.000594
0.000596
0.000602
0.000611
0.000622
0.000634
0.000646
0.000658
0.000670
0.000682
0.000691
0.000695
0.000691
0.000681
0.000667
0.000652
0.000638
0.000625
0.000617
0.000612
0.000610
0.000609
0.000610
0.000617
0.000627
0.000634
0.000632
0.000626
0.000624
0.000632
0.000647
0.000661
0.000670
0.000673
0.000676
0.000679
0.000684
0.000687
0.000687
0.000687
0.000691
0.000695
0.000691
0.000675
0.000657
0.000648
0.000650
0.000656
0.000655
0.000640
0.000615
0.000591
0.000578
0.000583
0.000603
0.000630
0.000657
0.000673
0.000671
0.000653
0.000629
0.000610
0.000601
0.000599
0.000598
0.000597
0.000600
0.000607
0.000614
0.000621
0.000631
0.000643
0.000651
0.000648
0.000638
0.000628
0.000623
0.000622
0.000620
0.000615
0.000606
0.000599
0.000597
0.000602
0.000610
0.000613
0.000611
0.000610
0.000614
0.000619
0.000621
0.000617
0.000610
0.000603
0.000599
0.000600
0.000607
0.000618
0.000626
0.000634
0.000644
0.000657
0.000666
0.000671
0.000674
0.000676
0.000676
0.000669
0.000659
0.000650
0.000642
0.000635
0.000631
0.000632
0.000640
0.000651
0.000662
0.000669
0.000674
0.000680
0.000689
0.000699
0.000709
0.000720
0.000730
0.000735
0.000731
0.000721
0.000713
0.000711
0.000712
0.000709
0.000703
0.000699
0.000700
0.000702
0.000700
0.000692
0.000681
0.000673
0.000674
0.000681
0.000686
0.000687
0.000687
0.000690
0.000689
0.000684
0.000677
0.000675
0.000677
0.000677
0.000676
0.000678
0.000685
0.000691
0.000693
0.000695
0.000702
0.000711
0.000713
0.000704
0.000685
0.000668
0.000661
0.000665
0.000676
0.000687
0.000696
0.000703
0.000706
0.000709
0.000715
0.000729
0.000742
0.000744
0.000732
0.000714
0.000700
0.000693
0.000685
0.000674
0.000661
0.000654
0.000659
0.000673
0.000686
0.000690
0.000685
0.000676
0.000664
0.000651
0.000641
0.000641
0.000649
0.000656
0.000659
0.000661
0.000669
0.000681
0.000690
0.000695
0.000695
0.000696
0.000699
0.000704
0.000707
0.000705
0.000701
0.000705
0.000721
0.000743
0.000763
0.000772
0.000772
0.000764
0.000751
0.000737
0.000721
0.000703
0.000689
0.000686
0.000691
0.000693
0.000684
0.000674
0.000669
0.000668
0.000659
0.000644
0.000630
0.000620
0.000610
0.000602
0.000602
0.000612
0.000627
0.000637
0.000637
0.000632
0.000625
0.000621
0.000621
0.000625
0.000625
0.000618
0.000606
0.000594
0.000587
0.000590
0.000605
0.000629
0.000653
0.000671
0.000685
0.000697
0.000706
0.000713
0.000721
0.000730
0.000731
0.000716
0.000690
0.000669
0.000660
0.000664
0.000673
0.000678
0.000675
0.000666
0.000661
0.000665
0.000677
0.000689
0.000695
0.000697
0.000697
0.000692
0.000682
0.000671
0.000664
0.000663
0.000667
0.000677
0.000688
0.000698
0.000704
0.000708
0.000712
0.000717
0.000727
0.000738
0.000744
0.000741
0.000728
0.000709
0.000694
0.000683
0.000675
0.000666
0.000660
0.000661
0.000666
0.000671
0.000671
0.000668
0.000666
0.000668
0.000671
0.000671
0.000670
0.000669
0.000667
0.000667
0.000674
0.000685
0.000694
0.000692
0.000681
0.000671
0.000666
0.000664
0.000660
0.000652
0.000644
0.000639
0.000639
0.000643
0.000647
0.000648
0.000647
0.000650
0.000659
0.000665
0.000667
0.000666
0.000669
0.000673
0.000675
0.000674
0.000674
0.000673
0.000669
0.000663
0.000659
0.000658
0.000657
0.000652
0.000643
0.000635
0.000636
0.000644
0.000657
0.000666
0.000670
0.000676
0.000688
0.000703
0.000712
0.000713
0.000707
0.000698
0.000689
0.000679
0.000672
0.000665
0.000659
0.000654
0.000651
0.000647
0.000639
0.000629
0.000620
0.000618
0.000621
0.000628
0.000632
0.000631
0.000622
0.000611
0.000606
0.000610
0.000618
0.000623
0.000625
0.000628
0.000634
0.000639
0.000642
0.000639
0.000633
0.000627
0.000628
0.000634
0.000641
0.000641
0.000636
0.000633
0.000637
0.000644
0.000650
0.000648
0.000641
0.000631
0.000628
0.000632
0.000639
0.000643
0.000645
0.000652
0.000669
0.000690
0.000700
0.000693
0.000679
0.000667
0.000658
0.000647
0.000631
0.000617
0.000612
0.000616
0.000621
0.000622
0.000616
0.000607
0.000597
0.000596
0.000608
0.000631
0.000651
0.000656
0.000648
0.000634
0.000624
0.000622
0.000634
0.000658
0.000686
0.000706
0.000714
0.000713
0.000705
0.000691
0.000670
0.000653
0.000648
0.000653
0.000660
0.000662
0.000660
0.000661
0.000668
0.000679
0.000689
0.000698
0.000710
0.000725
0.000737
0.000734
0.000714
0.000689
0.000672
0.000665
0.000665
0.000668
0.000672
0.000674
0.000673
0.000672
0.000677
0.000687
0.000694
0.000699
0.000706
0.000718
0.000726
0.000724
0.000717
0.000714
0.000718
0.000719
0.000711
0.000700
0.000693
0.000691
0.000689
0.000682
0.000671
0.000659
0.000649
0.000647
0.000654
0.000664
0.000671
0.000674
0.000672
0.000669
0.000666
0.000662
0.000657
0.000653
0.000649
0.000647
0.000646
0.000643
0.000636
0.000626
0.000622
0.000627
0.000641
0.000656
0.000666
0.000672
0.000679
0.000688
0.000696
0.000698
0.000695
0.000696
0.000704
0.000714
0.000716
0.000706
0.000689
0.000669
0.000647
0.000626
0.000614
0.000617
0.000630
0.000640
0.000643
0.000643
0.000648
0.000658
0.000670
0.000679
0.000683
0.000677
0.000660
0.000634
0.000610
0.000592
0.000581
0.000575
0.000573
0.000575
0.000583
0.000596
0.000611
0.000624
0.000634
0.000640
0.000646
0.000650
0.000648
0.000639
0.000629
0.000623
0.000627
0.000642
0.000663
0.000680
0.000686
0.000683
0.000677
0.000675
0.000675
0.000675
0.000677
0.000678
0.000676
0.000665
0.000651
0.000642
0.000641
0.000647
0.000654
0.000654
0.000648
0.000642
0.000648
0.000668
0.000688
0.000692
0.000676
0.000655
0.000645
0.000645
0.000646
0.000642
0.000634
0.000624
0.000618
0.000619
0.000632
0.000652
0.000671
0.000681
0.000685
0.000685
0.000682
0.000678
0.000676
0.000681
0.000692
0.000701
0.000702
0.000699
0.000697
0.000693
0.000685
0.000672
0.000658
0.000650
0.000650
0.000657
0.000665
0.000667
0.000661
0.000651
0.000643
0.000642
0.000643
0.000642
0.000639
0.000639
0.000643
0.000651
0.000660
0.000671
0.000687
0.000706
0.000721
0.000729
0.000732
0.000736
0.000740
0.000740
0.000732
0.000719
0.000713
0.000716
0.000724
0.000728
0.000726
0.000721
0.000718
0.000718
0.000719
0.000718
0.000713
0.000706
0.000696
0.000683
0.000671
0.000667
0.000674
0.000685
0.000691
0.000691
0.000691
0.000694
0.000696
0.000694
0.000694
0.000700
0.000710
0.000717
0.000722
0.000726
0.000731
0.000730
0.000723
0.000712
0.000703
0.000696
0.000691
0.000689
0.000693
0.000699
0.000704
0.000708
0.000711
0.000712
0.000712
0.000713
0.000719
0.000730
0.000742
0.000749
0.000747
0.000736
0.000720
0.000705
0.000693
0.000685
0.000680
0.000681
0.000688
0.000695
0.000696
0.000690
0.000686
0.000691
0.000701
0.000711
0.000715
0.000718
0.000726
0.000736
0.000740
0.000733
0.000716
0.000697
0.000683
0.000674
0.000665
0.000656
0.000650
0.000649
0.000653
0.000660
0.000668
0.000676
0.000686
0.000699
0.000712
0.000721
0.000719
0.000710
0.000700
0.000692
0.000684
0.000674
0.000662
0.000650
0.000636
0.000619
0.000604
0.000599
0.000608
0.000627
0.000648
0.000662
0.000664
0.000656
0.000646
0.000645
0.000653
0.000663
0.000668
0.000669
0.000667
0.000665
0.000664
0.000666
0.000675
0.000686
0.000691
0.000686
0.000671
0.000658
0.000652
0.000653
0.000659
0.000666
0.000672
0.000673
0.000668
0.000656
0.000642
0.000634
0.000636
0.000646
0.000659
0.000666
0.000663
0.000650
0.000635
0.000624
0.000619
0.000616
0.000610
0.000606
0.000607
0.000611
0.000615
0.000616
0.000619
0.000623
0.000622
0.000612
0.000601
0.000599
0.000604
0.000605
0.000599
0.000596
0.000607
0.000631
0.000661
0.000690
0.000715
0.000732
0.000740
0.000740
0.000734
0.000728
0.000725
0.000726
0.000727
0.000721
0.000708
0.000693
0.000679
0.000668
0.000657
0.000649
0.000646
0.000651
0.000660
0.000672
0.000683
0.000689
0.000687
0.000679
0.000672
0.000667
0.000665
0.000668
0.000678
0.000697
0.000719
0.000731
0.000730
0.000719
0.000705
0.000689
0.000669
0.000644
0.000623
0.000620
0.000636
0.000659
0.000674
0.000677
0.000676
0.000681
0.000694
0.000709
0.000720
0.000727
0.000723
0.000709
0.000690
0.000675
0.000667
0.000661
0.000652
0.000643
0.000638
0.000637
0.000639
0.000641
0.000643
0.000643
0.000641
0.000638
0.000638
0.000644
0.000654
0.000664
0.000672
0.000677
0.000680
0.000682
0.000685
0.000687
0.000687
0.000685
0.000685
0.000691
0.000700
0.000709
0.000713
0.000712
0.000711
0.000710
0.000708
0.000703
0.000693
0.000679
0.000664
0.000652
0.000645
0.000643
0.000645
0.000650
0.000656
0.000662
0.000668
0.000672
0.000673
0.000668
0.000657
0.000646
0.000641
0.000646
0.000660
0.000676
0.000688
0.000691
0.000684
0.000673
0.000666
0.000666
0.000670
0.000671
0.000669
0.000671
0.000683
0.000703
0.000722
0.000732
0.000732
0.000728
0.000723
0.000717
0.000708
0.000698
0.000691
0.000689
0.000690
0.000688
0.000679
0.000670
0.000667
0.000671
0.000676
0.000675
0.000670
0.000666
0.000665
0.000664
0.000662
0.000663
0.000671
0.000679
0.000681
0.000674
0.000661
0.000647
0.000633
0.000624
0.000622
0.000627
0.000633
0.000634
0.000632
0.000631
0.000639
0.000652
0.000666
0.000676
0.000678
0.000669
0.000652
0.000635
0.000627
0.000628
0.000632
0.000635
0.000637
0.000644
0.000650
0.000651
0.000646
0.000641
0.000641
0.000645
0.000655
0.000674
0.000697
0.000715
0.000720
0.000713
0.000707
0.000704
0.000704
0.000704
0.000700
0.000694
0.000686
0.000681
0.000682
0.000688
0.000687
0.000675
0.000655
0.000637
0.000626
0.000623
0.000623
0.000624
0.000622
0.000619
0.000617
0.000618
0.000623
0.000634
0.000649
0.000664
0.000671
0.000668
0.000660
0.000656
0.000656
0.000656
0.000655
0.000656
0.000661
0.000666
0.000668
0.000666
0.000661
0.000656
0.000652
0.000653
0.000661
0.000676
0.000690
0.000694
0.000688
0.000673
0.000658
0.000646
0.000635
0.000619
0.000599
0.000585
0.000583
0.000594
0.000610
0.000627
0.000644
0.000658
0.000664
0.000660
0.000650
0.000646
0.000654
0.000666
0.000674
0.000674
0.000666
0.000654
0.000642
0.000637
0.000641
0.000647
0.000645
0.000633
0.000620
0.000613
0.000612
0.000612
0.000611
0.000610
0.000609
0.000610
0.000615
0.000625
0.000635
0.000638
0.000637
0.000636
0.000638
0.000644
0.000654
0.000671
0.000688
0.000697
0.000699
0.000701
0.000706
0.000710
0.000707
0.000702
0.000700
0.000701
0.000699
0.000692
0.000677
0.000655
0.000631
0.000610
0.000599
0.000594
0.000592
0.000593
0.000601
0.000615
0.000628
0.000634
0.000632
0.000624
0.000617
0.000615
0.000621
0.000627
0.000626
0.000616
0.000608
0.000607
0.000615
0.000627
0.000638
0.000647
0.000652
0.000658
0.000667
0.000679
0.000686
0.000687
0.000688
0.000695
0.000707
0.000720
0.000728
0.000733
0.000736
0.000739
0.000738
0.000728
0.000706
0.000677
0.000651
0.000636
0.000630
0.000630
0.000635
0.000645
0.000658
0.000667
0.000667
0.000663
0.000665
0.000676
0.000693
0.000707
0.000712
0.000716
0.000721
0.000726
0.000723
0.000715
0.000707
0.000704
0.000701
0.000695
0.000688
0.000684
0.000682
0.000677
0.000671
0.000671
0.000682
0.000694
0.000701
0.000704
0.000706
0.000709
0.000704
0.000685
0.000657
0.000629
0.000608
0.000594
0.000583
0.000571
0.000562
0.000559
0.000566
0.000580
0.000596
0.000607
0.000612
0.000615
0.000620
0.000627
0.000637
0.000646
0.000651
0.000653
0.000653
0.000653
0.000650
0.000642
0.000631
0.000629
0.000644
0.000676
0.000713
0.000746
0.000765
0.000768
0.000757
0.000738
0.000720
0.000706
0.000699
0.000700
0.000705
0.000706
0.000698
0.000683
0.000666
0.000651
0.000637
0.000625
0.000619
0.000618
0.000621
0.000626
0.000637
0.000655
0.000673
0.000686
0.000695
0.000701
0.000705
0.000703
0.000695
0.000686
0.000676
0.000668
0.000661
0.000657
0.000652
0.000642
0.000630
0.000625
0.000628
0.000629
0.000624
0.000612
0.000599
0.000587
0.000578
0.000574
0.000576
0.000580
0.000584
0.000589
0.000596
0.000607
0.000617
0.000626
0.000632
0.000637
0.000637
0.000635
0.000633
0.000634
0.000639
0.000647
0.000655
0.000658
0.000654
0.000647
0.000643
0.000643
0.000643
0.000640
0.000641
0.000651
0.000666
0.000672
0.000663
0.000643
0.000628
0.000627
0.000640
0.000660
0.000681
0.000699
0.000707
0.000702
0.000687
0.000669
0.000657
0.000650
0.000643
0.000634
0.000628
0.000631
0.000643
0.000659
0.000673
0.000682
0.000688
0.000692
0.000696
0.000700
0.000703
0.000701
0.000692
0.000679
0.000667
0.000659
0.000652
0.000644
0.000639
0.000640
0.000643
0.000640
0.000631
0.000627
0.000635
0.000655
0.000673
0.000680
0.000674
0.000659
0.000645
0.000641
0.000648
0.000659
0.000668
0.000676
0.000686
0.000694
0.000694
0.000689
0.000685
0.000687
0.000690
0.000689
0.000689
0.000691
0.000692
0.000687
0.000678
0.000675
0.000689
0.000714
0.000737
0.000749
0.000746
0.000735
0.000719
0.000700
0.000680
0.000665
0.000660
0.000662
0.000663
0.000660
0.000652
0.000641
0.000627
0.000617
0.000615
0.000622
0.000634
0.000645
0.000655
0.000661
0.000660
0.000651
0.000639
0.000632
0.000634
0.000640
0.000645
0.000644
0.000637
0.000624
0.000608
0.000597
0.000596
0.000604
0.000615
0.000622
0.000618
0.000606
0.000597
0.000596
0.000600
0.000602
0.000600
0.000600
0.000605
0.000613
0.000619
0.000625
0.000635
0.000647
0.000658
0.000665
0.000670
0.000679
0.000689
0.000699
0.000704
0.000700
0.000691
0.000684
0.000684
0.000690
0.000698
0.000707
0.000718
0.000728
0.000734
0.000733
0.000727
0.000717
0.000703
0.000685
0.000664
0.000643
0.000632
0.000635
0.000651
0.000668
0.000680
0.000687
0.000694
0.000699
0.000698
0.000691
0.000684
0.000680
0.000679
0.000681
0.000686
0.000692
0.000692
0.000682
0.000669
0.000659
0.000650
0.000640
0.000627
0.000622
0.000631
0.000651
0.000672
0.000686
0.000690
0.000688
0.000686
0.000685
0.000683
0.000678
0.000673
0.000671
0.000672
0.000674
0.000675
0.000674
0.000672
0.000672
0.000676
0.000685
0.000696
0.000702
0.000702
0.000697
0.000688
0.000675
0.000663
0.000658
0.000660
0.000661
0.000660
0.000658
0.000659
0.000663
0.000668
0.000670
0.000666
0.000655
0.000643
0.000638
0.000643
0.000653
0.000661
0.000670
0.000679
0.000684
0.000678
0.000661
0.000641
0.000623
0.000608
0.000596
0.000593
0.000598
0.000606
0.000610
0.000610
0.000610
0.000610
0.000612
0.000615
0.000616
0.000613
0.000609
0.000610
0.000619
0.000628
0.000631
0.000628
0.000627
0.000635
0.000650
0.000663
0.000669
0.000666
0.000659
0.000652
0.000649
0.000648
0.000645
0.000637
0.000628
0.000617
0.000606
0.000597
0.000594
0.000596
0.000598
0.000597
0.000598
0.000605
0.000620
0.000636
0.000647
0.000653
0.000656
0.000659
0.000659
0.000655
0.000643
0.000623
0.000599
0.000577
0.000563
0.000561
0.000572
0.000589
0.000605
0.000615
0.000617
0.000614
0.000612
0.000612
0.000612
0.000609
0.000602
0.000592
0.000583
0.000579
0.000584
0.000598
0.000612
0.000619
0.000618
0.000618
0.000624
0.000634
0.000644
0.000651
0.000657
0.000663
0.000670
0.000675
0.000676
0.000673
0.000664
0.000656
0.000656
0.000668
0.000688
0.000706
0.000716
0.000718
0.000717
0.000712
0.000702
0.000688
0.000673
0.000663
0.000657
0.000652
0.000645
0.000635
0.000623
0.000612
0.000603
0.000597
0.000596
0.000599
0.000600
0.000598
0.000598
0.000606
0.000623
0.000640
0.000650
0.000651
0.000645
0.000637
0.000633
0.000637
0.000650
0.000669
0.000686
0.000699
0.000709
0.000713
0.000706
0.000689
0.000667
0.000651
0.000645
0.000646
0.000650
0.000650
0.000643
0.000628
0.000607
0.000583
0.000562
0.000550
0.000549
0.000555
0.000564
0.000574
0.000584
0.000594
0.000603
0.000611
0.000620
0.000627
0.000629
0.000620
0.000600
0.000578
0.000563
0.000560
0.000566
0.000575
0.000583
0.000590
0.000597
0.000601
0.000599
0.000589
0.000577
0.000569
0.000570
0.000582
0.000604
0.000630
0.000656
0.000675
0.000682
0.000676
0.000663
0.000651
0.000649
0.000659
0.000675
0.000686
0.000688
0.000684
0.000681
0.000677
0.000672
0.000668
0.000670
0.000677
0.000682
0.000679
0.000673
0.000674
0.000684
0.000695
0.000696
0.000682
0.000654
0.000621
0.000595
0.000587
0.000595
0.000606
0.000606
0.000593
0.000580
0.000576
0.000582
0.000589
0.000593
0.000591
0.000585
0.000582
0.000585
0.000594
0.000602
0.000604
0.000598
0.000589
0.000584
0.000585
0.000594
0.000607
0.000622
0.000632
0.000635
0.000637
0.000645
0.000662
0.000684
0.000702
0.000711
0.000712
0.000710
0.000709
0.000707
0.000703
0.000694
0.000683
0.000673
0.000668
0.000671
0.000679
0.000687
0.000688
0.000678
0.000661
0.000645
0.000635
0.000630
0.000626
0.000621
0.000618
0.000620
0.000627
0.000638
0.000648
0.000653
0.000649
0.000636
0.000617
0.000596
0.000577
0.000564
0.000563
0.000573
0.000584
0.000593
0.000600
0.000610
0.000620
0.000623
0.000620
0.000623
0.000637
0.000658
0.000673
0.000673
0.000659
0.000640
0.000627
0.000629
0.000644
0.000662
0.000671
0.000667
0.000655
0.000645
0.000641
0.000644
0.000648
0.000649
0.000645
0.000637
0.000630
0.000626
0.000629
0.000637
0.000647
0.000655
0.000657
0.000654
0.000652
0.000648
0.000640
0.000628
0.000618
0.000617
0.000625
0.000637
0.000651
0.000663
0.000672
0.000677
0.000677
0.000673
0.000668
0.000662
0.000659
0.000661
0.000666
0.000672
0.000674
0.000675
0.000677
0.000684
0.000691
0.000696
0.000697
0.000702
0.000709
0.000712
0.000707
0.000699
0.000696
0.000695
0.000687
0.000669
0.000651
0.000641
0.000635
0.000626
0.000617
0.000614
0.000618
0.000624
0.000626
0.000624
0.000617
0.000609
0.000603
0.000605
0.000613
0.000622
0.000629
0.000633
0.000636
0.000636
0.000635
0.000636
0.000640
0.000646
0.000654
0.000666
0.000676
0.000677
0.000668
0.000657
0.000651
0.000649
0.000646
0.000645
0.000650
0.000657
0.000664
0.000667
0.000672
0.000678
0.000684
0.000687
0.000688
0.000689
0.000690
0.000689
0.000683
0.000673
0.000660
0.000652
0.000651
0.000654
0.000654
0.000645
0.000631
0.000621
0.000616
0.000614
0.000614
0.000615
0.000618
0.000623
0.000628
0.000630
0.000632
0.000636
0.000639
0.000638
0.000633
0.000627
0.000624
0.000621
0.000612
0.000600
0.000595
0.000599
0.000609
0.000617
0.000621
0.000623
0.000628
0.000632
0.000633
0.000631
0.000627
0.000623
0.000620
0.000619
0.000619
0.000620
0.000618
0.000616
0.000617
0.000627
0.000640
0.000647
0.000644
0.000634
0.000630
0.000632
0.000635
0.000632
0.000621
0.000610
0.000605
0.000604
0.000606
0.000611
0.000620
0.000631
0.000640
0.000643
0.000642
0.000644
0.000652
0.000663
0.000671
0.000670
0.000664
0.000659
0.000660
0.000661
0.000656
0.000643
0.000627
0.000622
0.000634
0.000657
0.000680
0.000692
0.000695
0.000694
0.000693
0.000691
0.000692
0.000697
0.000705
0.000714
0.000717
0.000713
0.000702
0.000681
0.000651
0.000620
0.000598
0.000590
0.000586
0.000575
0.000556
0.000542
0.000547
0.000570
0.000598
0.000617
0.000623
0.000618
0.000610
0.000605
0.000601
0.000595
0.000589
0.000584
0.000583
0.000584
0.000586
0.000589
0.000593
0.000597
0.000597
0.000594
0.000591
0.000593
0.000600
0.000609
0.000619
0.000626
0.000629
0.000629
0.000628
0.000626
0.000622
0.000614
0.000606
0.000603
0.000607
0.000614
0.000619
0.000621
0.000619
0.000613
0.000603
0.000592
0.000588
0.000594
0.000607
0.000620
0.000630
0.000643
0.000661
0.000680
0.000691
0.000689
0.000680
0.000669
0.000659
0.000655
0.000655
0.000659
0.000666
0.000671
0.000675
0.000681
0.000691
0.000702
0.000707
0.000698
0.000677
0.000657
0.000647
0.000645
0.000640
0.000631
0.000628
0.000636
0.000649
0.000657
0.000654
0.000643
0.000630
0.000620
0.000614
0.000611
0.000609
0.000606
0.000603
0.000600
0.000597
0.000592
0.000590
0.000593
0.000602
0.000615
0.000628
0.000635
0.000632
0.000626
0.000626
0.000641
0.000662
0.000684
0.000703
0.000720
0.000728
0.000720
0.000703
0.000694
0.000697
0.000702
0.000700
0.000691
0.000682
0.000678
0.000678
0.000685
0.000698
0.000710
0.000714
0.000709
0.000698
0.000685
0.000670
0.000656
0.000644
0.000641
0.000646
0.000656
0.000664
0.000668
0.000670
0.000674
0.000677
0.000673
0.000663
0.000654
0.000651
0.000653
0.000654
0.000653
0.000654
0.000660
0.000671
0.000683
0.000689
0.000685
0.000670
0.000650
0.000633
0.000623
0.000617
0.000616
0.000618
0.000621
0.000624
0.000626
0.000630
0.000639
0.000654
0.000672
0.000688
0.000697
0.000699
0.000700
0.000703
0.000706
0.000708
0.000711
0.000711
0.000704
0.000688
0.000671
0.000666
0.000677
0.000696
0.000712
0.000717
0.000705
0.000678
0.000647
0.000627
0.000623
0.000627
0.000627
0.000624
0.000624
0.000629
0.000635
0.000640
0.000646
0.000656
0.000664
0.000671
0.000679
0.000690
0.000698
0.000697
0.000688
0.000680
0.000680
0.000688
0.000697
0.000700
0.000700
0.000699
0.000701
0.000705
0.000709
0.000712
0.000714
0.000716
0.000716
0.000710
0.000698
0.000685
0.000674
0.000671
0.000679
0.000692
0.000704
0.000706
0.000699
0.000688
0.000680
0.000678
0.000675
0.000662
0.000639
0.000612
0.000591
0.000579
0.000573
0.000564
0.000552
0.000543
0.000538
0.000538
0.000541
0.000549
0.000564
0.000582
0.000597
0.000611
0.000629
0.000651
0.000668
0.000671
0.000660
0.000643
0.000627
0.000616
0.000609
0.000609
0.000612
0.000614
0.000610
0.000599
0.000587
0.000580
0.000584
0.000600
0.000621
0.000643
0.000663
0.000683
0.000700
0.000708
0.000707
0.000706
0.000711
0.000720
0.000727
0.000730
0.000733
0.000738
0.000739
0.000733
0.000722
0.000709
0.000697
0.000685
0.000670
0.000655
0.000644
0.000639
0.000638
0.000638
0.000638
0.000638
0.000637
0.000634
0.000631
0.000633
0.000642
0.000653
0.000663
0.000669
0.000674
0.000679
0.000684
0.000691
0.000698
0.000706
0.000709
0.000708
0.000701
0.000690
0.000679
0.000675
0.000681
0.000693
0.000700
0.000698
0.000691
0.000685
0.000680
0.000679
0.000684
0.000692
0.000694
0.000688
0.000681
0.000682
0.000689
0.000694
0.000689
0.000676
0.000657
0.000637
0.000620
0.000616
0.000627
0.000646
0.000663
0.000671
0.000672
0.000669
0.000663
0.000656
0.000649
0.000645
0.000646
0.000653
0.000666
0.000680
0.000689
0.000692
0.000691
0.000691
0.000692
0.000695
0.000701
0.000711
0.000721
0.000722
0.000711
0.000693
0.000680
0.000680
0.000694
0.000710
0.000720
0.000723
0.000725
0.000731
0.000738
0.000741
0.000739
0.000732
0.000720
0.000702
0.000682
0.000667
0.000660
0.000660
0.000662
0.000666
0.000671
0.000677
0.000681
0.000683
0.000679
0.000667
0.000651
0.000637
0.000631
0.000632
0.000633
0.000631
0.000627
0.000621
0.000618
0.000618
0.000620
0.000618
0.000612
0.000606
0.000608
0.000618
0.000629
0.000631
0.000625
0.000614
0.000605
0.000600
0.000601
0.000611
0.000628
0.000648
0.000667
0.000676
0.000672
0.000656
0.000638
0.000625
0.000619
0.000614
0.000608
0.000606
0.000612
0.000623
0.000634
0.000643
0.000649
0.000651
0.000652
0.000651
0.000653
0.000656
0.000656
0.000650
0.000640
0.000629
0.000618
0.000606
0.000597
0.000596
0.000606
0.000626
0.000649
0.000670
0.000686
0.000700
0.000712
0.000721
0.000722
0.000713
0.000699
0.000687
0.000684
0.000691
0.000707
0.000722
0.000726
0.000716
0.000699
0.000685
0.000678
0.000676
0.000679
0.000683
0.000684
0.000680
0.000668
0.000652
0.000635
0.000623
0.000616
0.000612
0.000613
0.000618
0.000627
0.000638
0.000649
0.000656
0.000659
0.000660
0.000661
0.000665
0.000672
0.000681
0.000691
0.000703
0.000718
0.000737
0.000752
0.000758
0.000756
0.000749
0.000741
0.000730
0.000717
0.000705
0.000702
0.000704
0.000703
0.000690
0.000665
0.000638
0.000616
0.000604
0.000604
0.000615
0.000635
0.000658
0.000675
0.000680
0.000674
0.000660
0.000643
0.000631
0.000627
0.000635
0.000651
0.000667
0.000676
0.000677
0.000668
0.000652
0.000632
0.000617
0.000609
0.000606
0.000604
0.000607
0.000619
0.000632
0.000630
0.000609
0.000581
0.000561
0.000556
0.000564
0.000581
0.000597
0.000606
0.000602
0.000595
0.000596
0.000607
0.000619
0.000625
0.000622
0.000615
0.000606
0.000597
0.000592
0.000596
0.000610
0.000630
0.000653
0.000669
0.000673
0.000664
0.000652
0.000644
0.000642
0.000640
0.000636
0.000634
0.000636
0.000643
0.000652
0.000658
0.000658
0.000651
0.000638
0.000628
0.000626
0.000632
0.000641
0.000649
0.000657
0.000667
0.000678
0.000686
0.000690
0.000689
0.000685
0.000672
0.000650
0.000627
0.000613
0.000610
0.000611
0.000613
0.000612
0.000611
0.000609
0.000611
0.000621
0.000637
0.000653
0.000661
0.000662
0.000658
0.000649
0.000633
0.000615
0.000606
0.000609
0.000617
0.000619
0.000611
0.000601
0.000596
0.000597
0.000597
0.000594
0.000591
0.000592
0.000598
0.000607
0.000612
0.000613
0.000610
0.000608
0.000608
0.000612
0.000616
0.000614
0.000604
0.000588
0.000574
0.000566
0.000567
0.000572
0.000577
0.000582
0.000591
0.000604
0.000616
0.000623
0.000623
0.000618
0.000609
0.000602
0.000604
0.000616
0.000635
0.000649
0.000653
0.000651
0.000649
0.000651
0.000654
0.000658
0.000658
0.000655
0.000653
0.000655
0.000664
0.000673
0.000677
0.000678
0.000682
0.000690
0.000696
0.000696
0.000693
0.000692
0.000693
0.000699
0.000706
0.000708
0.000701
0.000685
0.000664
0.000645
0.000630
0.000617
0.000604
0.000588
0.000576
0.000573
0.000584
0.000607
0.000632
0.000652
0.000665
0.000672
0.000673
0.000666
0.000659
0.000655
0.000659
0.000667
0.000673
0.000670
0.000659
0.000648
0.000648
0.000657
0.000660
0.000649
0.000632
0.000624
0.000628
0.000633
0.000634
0.000636
0.000642
0.000648
0.000646
0.000634
0.000613
0.000585
0.000554
0.000531
0.000526
0.000539
0.000560
0.000581
0.000600
0.000619
0.000636
0.000648
0.000658
0.000670
0.000681
0.000689
0.000690
0.000685
0.000674
0.000660
0.000645
0.000632
0.000621
0.000612
0.000608
0.000611
0.000623
0.000638
0.000649
0.000654
0.000653
0.000647
0.000638
0.000631
0.000629
0.000634
0.000643
0.000655
0.000667
0.000677
0.000685
0.000691
0.000698
0.000704
0.000707
0.000705
0.000700
0.000692
0.000686
0.000684
0.000688
0.000692
0.000692
0.000687
0.000684
0.000687
0.000695
0.000704
0.000710
0.000714
0.000711
0.000703
0.000691
0.000679
0.000665
0.000648
0.000631
0.000618
0.000613
0.000613
0.000617
0.000620
0.000617
0.000607
0.000594
0.000583
0.000578
0.000580
0.000586
0.000595
0.000605
0.000613
0.000618
0.000620
0.000619
0.000615
0.000608
0.000605
0.000609
0.000620
0.000632
0.000644
0.000657
0.000669
0.000677
0.000681
0.000682
0.000684
0.000689
0.000699
0.000711
0.000719
0.000719
0.000712
0.000705
0.000703
0.000705
0.000709
0.000715
0.000720
0.000719
0.000705
0.000683
0.000664
0.000655
0.000654
0.000654
0.000651
0.000646
0.000640
0.000635
0.000633
0.000634
0.000639
0.000646
0.000652
0.000653
0.000647
0.000642
0.000645
0.000662
0.000688
0.000711
0.000723
0.000721
0.000710
0.000692
0.000674
0.000657
0.000641
0.000624
0.000609
0.000601
0.000602
0.000608
0.000611
0.000611
0.000611
0.000615
0.000617
0.000611
0.000596
0.000582
0.000577
0.000584
0.000598
0.000616
0.000631
0.000644
0.000655
0.000668
0.000684
0.000699
0.000711
0.000719
0.000726
0.000729
0.000725
0.000713
0.000695
0.000677
0.000662
0.000655
0.000662
0.000681
0.000701
0.000714
0.000718
0.000717
0.000714
0.000706
0.000695
0.000687
0.000683
0.000680
0.000675
0.000670
0.000669
0.000669
0.000666
0.000662
0.000661
0.000667
0.000676
0.000686
0.000696
0.000703
0.000703
0.000696
0.000684
0.000671
0.000661
0.000659
0.000666
0.000677
0.000684
0.000680
0.000668
0.000660
0.000663
0.000676
0.000688
0.000685
0.000666
0.000643
0.000631
0.000633
0.000639
0.000643
0.000643
0.000642
0.000638
0.000633
0.000632
0.000635
0.000635
0.000628
0.000622
0.000622
0.000624
0.000624
0.000622
0.000627
0.000639
0.000651
0.000658
0.000664
0.000670
0.000674
0.000679
0.000689
0.000705
0.000714
0.000711
0.000698
0.000684
0.000674
0.000669
0.000669
0.000672
0.000674
0.000674
0.000674
0.000677
0.000684
0.000693
0.000703
0.000719
0.000736
0.000742
0.000730
0.000701
0.000665
0.000634
0.000616
0.000611
0.000615
0.000622
0.000630
0.000638
0.000645
0.000648
0.000651
0.000653
0.000653
0.000648
0.000640
0.000634
0.000634
0.000637
0.000640
0.000645
0.000650
0.000653
0.000649
0.000642
0.000638
0.000639
0.000643
0.000644
0.000641
0.000639
0.000639
0.000644
0.000654
0.000668
0.000684
0.000693
0.000692
0.000685
0.000677
0.000675
0.000677
0.000682
0.000689
0.000694
0.000692
0.000680
0.000660
0.000639
0.000621
0.000606
0.000593
0.000585
0.000585
0.000594
0.000610
0.000631
0.000649
0.000658
0.000654
0.000644
0.000636
0.000633
0.000633
0.000632
0.000632
0.000637
0.000648
0.000659
0.000668
0.000676
0.000685
0.000697
0.000707
0.000712
0.000714
0.000717
0.000718
0.000712
0.000701
0.000691
0.000690
0.000694
0.000699
0.000699
0.000694
0.000682
0.000666
0.000649
0.000637
0.000631
0.000628
0.000631
0.000641
0.000654
0.000663
0.000664
0.000660
0.000658
0.000658
0.000655
0.000647
0.000637
0.000629
0.000626
0.000626
0.000626
0.000627
0.000632
0.000643
0.000654
0.000654
0.000641
0.000627
0.000623
0.000630
0.000635
0.000633
0.000628
0.000631
0.000643
0.000656
0.000661
0.000659
0.000654
0.000651
0.000650
0.000649
0.000647
0.000648
0.000652
0.000659
0.000668
0.000675
0.000679
0.000677
0.000670
0.000663
0.000655
0.000647
0.000635
0.000620
0.000604
0.000587
0.000570
0.000560
0.000561
0.000570
0.000579
0.000583
0.000586
0.000593
0.000603
0.000610
0.000615
0.000627
0.000644
0.000662
0.000677
0.000690
0.000701
0.000703
0.000693
0.000681
0.000675
0.000675
0.000671
0.000661
0.000653
0.000652
0.000655
0.000656
0.000654
0.000657
0.000667
0.000681
0.000693
0.000702
0.000709
0.000717
0.000726
0.000730
0.000725
0.000713
0.000700
0.000691
0.000687
0.000683
0.000677
0.000670
0.000664
0.000661
0.000664
0.000673
0.000682
0.000688
0.000687
0.000676
0.000657
0.000637
0.000623
0.000620
0.000625
0.000635
0.000644
0.000651
0.000650
0.000641
0.000630
0.000622
0.000621
0.000627
0.000640
0.000658
0.000677
0.000688
0.000691
0.000688
0.000684
0.000684
0.000686
0.000683
0.000673
0.000659
0.000652
0.000661
0.000681
0.000699
0.000705
0.000698
0.000684
0.000673
0.000668
0.000669
0.000668
0.000660
0.000646
0.000634
0.000629
0.000627
0.000627
0.000632
0.000645
0.000661
0.000676
0.000688
0.000698
0.000705
0.000704
0.000697
0.000691
0.000690
0.000696
0.000706
0.000715
0.000722
0.000729
0.000738
0.000748
0.000756
0.000757
0.000752
0.000744
0.000730
0.000711
0.000692
0.000680
0.000679
0.000686
0.000696
0.000703
0.000702
0.000693
0.000683
0.000676
0.000672
0.000664
0.000654
0.000650
0.000660
0.000677
0.000691
0.000698
0.000699
0.000699
0.000694
0.000687
0.000680
0.000676
0.000674
0.000673
0.000673
0.000677
0.000684
0.000691
0.000695
0.000695
0.000696
0.000700
0.000702
0.000696
0.000678
0.000661
0.000657
0.000668
0.000683
0.000696
0.000704
0.000708
0.000702
0.000686
0.000667
0.000657
0.000660
0.000670
0.000680
0.000690
0.000699
0.000706
0.000709
0.000711
0.000715
0.000720
0.000727
0.000734
0.000741
0.000748
0.000755
0.000761
0.000766
0.000771
0.000775
0.000778
0.000774
0.000759
0.000736
0.000712
0.000694
0.000680
0.000667
0.000655
0.000650
0.000651
0.000653
0.000652
0.000650
0.000650
0.000654
0.000659
0.000665
0.000668
0.000667
0.000665
0.000666
0.000673
0.000682
0.000689
0.000693
0.000698
0.000708
0.000721
0.000729
0.000729
0.000716
0.000692
0.000663
0.000640
0.000627
0.000623
0.000624
0.000627
0.000636
0.000653
0.000670
0.000677
0.000671
0.000660
0.000651
0.000648
0.000650
0.000653
0.000657
0.000661
0.000668
0.000677
0.000679
0.000673
0.000660
0.000652
0.000651
0.000651
0.000647
0.000645
0.000651
0.000664
0.000671
0.000667
0.000659
0.000652
0.000646
0.000639
0.000632
0.000625
0.000619
0.000615
0.000618
0.000628
0.000640
0.000647
0.000651
0.000657
0.000663
0.000662
0.000654
0.000643
0.000634
0.000626
0.000617
0.000610
0.000609
0.000614
0.000626
0.000641
0.000654
0.000657
0.000648
0.000636
0.000632
0.000637
0.000648
0.000656
0.000663
0.000671
0.000684
0.000698
0.000708
0.000708
0.000698
0.000685
0.000679
0.000682
0.000692
0.000705
0.000715
0.000720
0.000718
0.000710
0.000696
0.000681
0.000669
0.000662
0.000660
0.000661
0.000666
0.000677
0.000692
0.000704
0.000709
0.000702
0.000684
0.000658
0.000634
0.000620
0.000621
0.000632
0.000645
0.000655
0.000660
0.000659
0.000656
0.000651
0.000643
0.000634
0.000626
0.000625
0.000633
0.000649
0.000667
0.000685
0.000699
0.000706
0.000707
0.000704
0.000696
0.000682
0.000662
0.000647
0.000649
0.000667
0.000690
0.000706
0.000712
0.000710
0.000704
0.000697
0.000692
0.000690
0.000688
0.000685
0.000681
0.000677
0.000676
0.000675
0.000674
0.000673
0.000678
0.000690
0.000702
0.000707
0.000699
0.000683
0.000663
0.000645
0.000634
0.000627
0.000621
0.000613
0.000611
0.000620
0.000641
0.000664
0.000677
0.000677
0.000667
0.000650
0.000631
0.000618
0.000619
0.000634
0.000656
0.000679
0.000697
0.000705
0.000700
0.000689
0.000678
0.000666
0.000654
0.000643
0.000638
0.000637
0.000634
0.000628
0.000623
0.000624
0.000628
0.000634
0.000642
0.000652
0.000660
0.000661
0.000658
0.000657
0.000658
0.000660
0.000661
0.000665
0.000674
0.000686
0.000700
0.000712
0.000721
0.000723
0.000717
0.000704
0.000688
0.000670
0.000651
0.000635
0.000624
0.000619
0.000621
0.000628
0.000636
0.000640
0.000637
0.000630
0.000625
0.000625
0.000627
0.000630
0.000635
0.000643
0.000653
0.000663
0.000670
0.000675
0.000681
0.000691
0.000705
0.000722
0.000735
0.000740
0.000732
0.000717
0.000702
0.000692
0.000685
0.000675
0.000662
0.000650
0.000648
0.000658
0.000673
0.000686
0.000695
0.000702
0.000706
0.000708
0.000711
0.000714
0.000712
0.000698
0.000678
0.000663
0.000658
0.000651
0.000634
0.000613
0.000602
0.000604
0.000612
0.000617
0.000620
0.000624
0.000630
0.000634
0.000634
0.000629
0.000620
0.000612
0.000609
0.000617
0.000635
0.000659
0.000687
0.000714
0.000732
0.000738
0.000734
0.000726
0.000718
0.000707
0.000692
0.000677
0.000668
0.000669
0.000677
0.000685
0.000688
0.000685
0.000675
0.000658
0.000636
0.000617
0.000608
0.000610
0.000618
0.000629
0.000643
0.000653
0.000655
0.000650
0.000651
0.000663
0.000676
0.000675
0.000661
0.000647
0.000643
0.000649
0.000657
0.000663
0.000665
0.000665
0.000667
0.000676
0.000693
0.000707
0.000713
0.000713
0.000710
0.000704
0.000689
0.000666
0.000645
0.000633
0.000635
0.000647
0.000658
0.000662
0.000656
0.000649
0.000646
0.000649
0.000652
0.000650
0.000645
0.000640
0.000638
0.000640
0.000648
0.000660
0.000675
0.000691
0.000709
0.000728
0.000743
0.000748
0.000739
0.000722
0.000707
0.000702
0.000706
0.000712
0.000713
0.000710
0.000703
0.000697
0.000693
0.000698
0.000710
0.000722
0.000721
0.000705
0.000683
0.000664
0.000651
0.000640
0.000632
0.000631
0.000638
0.000648
0.000651
0.000648
0.000644
0.000644
0.000645
0.000645
0.000643
0.000645
0.000654
0.000667
0.000679
0.000685
0.000690
0.000695
0.000697
0.000694
0.000687
0.000681
0.000680
0.000681
0.000681
0.000677
0.000670
0.000662
0.000657
0.000655
0.000656
0.000655
0.000652
0.000646
0.000640
0.000640
0.000647
0.000661
0.000675
0.000680
0.000674
0.000665
0.000661
0.000663
0.000666
0.000673
0.000688
0.000708
0.000721
0.000720
0.000707
0.000689
0.000672
0.000657
0.000646
0.000641
0.000638
0.000633
0.000623
0.000613
0.000609
0.000613
0.000622
0.000627
0.000625
0.000622
0.000631
0.000650
0.000666
0.000672
0.000668
0.000665
0.000665
0.000664
0.000665
0.000671
0.000677
0.000676
0.000667
0.000657
0.000653
0.000652
0.000654
0.000659
0.000671
0.000689
0.000710
0.000729
0.000736
0.000727
0.000713
0.000704
0.000700
0.000692
0.000676
0.000659
0.000652
0.000650
0.000648
0.000643
0.000640
0.000641
0.000644
0.000651
0.000662
0.000670
0.000672
0.000674
0.000685
0.000702
0.000716
0.000723
0.000727
0.000729
0.000724
0.000712
0.000702
0.000703
0.000713
0.000722
0.000727
0.000731
0.000737
0.000741
0.000741
0.000737
0.000731
0.000723
0.000715
0.000706
0.000697
0.000690
0.000685
0.000682
0.000684
0.000692
0.000704
0.000710
0.000707
0.000697
0.000689
0.000690
0.000697
0.000707
0.000717
0.000722
0.000719
0.000710
0.000699
0.000694
0.000695
0.000698
0.000700
0.000700
0.000700
0.000702
0.000705
0.000702
0.000690
0.000675
0.000663
0.000660
0.000660
0.000656
0.000649
0.000642
0.000636
0.000630
0.000624
0.000617
0.000613
0.000612
0.000617
0.000626
0.000633
0.000631
0.000622
0.000613
0.000608
0.000608
0.000615
0.000629
0.000651
0.000670
0.000679
0.000675
0.000667
0.000660
0.000651
0.000636
0.000617
0.000601
0.000598
0.000605
0.000616
0.000626
0.000635
0.000645
0.000656
0.000667
0.000676
0.000681
0.000676
0.000661
0.000641
0.000627
0.000628
0.000641
0.000650
0.000645
0.000629
0.000616
0.000618
0.000629
0.000637
0.000641
0.000644
0.000651
0.000659
0.000663
0.000662
0.000658
0.000653
0.000649
0.000652
0.000660
0.000669
0.000673
0.000676
0.000678
0.000673
0.000661
0.000650
0.000652
0.000669
0.000689
0.000701
0.000701
0.000695
0.000686
0.000675
0.000663
0.000651
0.000636
0.000618
0.000602
0.000594
0.000597
0.000605
0.000609
0.000603
0.000593
0.000585
0.000588
0.000601
0.000618
0.000633
0.000641
0.000641
0.000640
0.000642
0.000650
0.000664
0.000678
0.000688
0.000694
0.000699
0.000703
0.000705
0.000700
0.000692
0.000685
0.000681
0.000675
0.000666
0.000660
0.000658
0.000655
0.000647
0.000638
0.000637
0.000642
0.000643
0.000636
0.000630
0.000637
0.000655
0.000673
0.000686
0.000696
0.000708
0.000722
0.000734
0.000743
0.000743
0.000734
0.000719
0.000707
0.000698
0.000693
0.000691
0.000696
0.000707
0.000722
0.000737
0.000748
0.000750
0.000745
0.000737
0.000736
0.000741
0.000745
0.000740
0.000725
0.000708
0.000695
0.000687
0.000684
0.000683
0.000683
0.000685
0.000692
0.000698
0.000701
0.000698
0.000693
0.000688
0.000686
0.000690
0.000698
0.000701
0.000695
0.000685
0.000681
0.000684
0.000684
0.000678
0.000667
0.000656
0.000646
0.000636
0.000630
0.000628
0.000621
0.000604
0.000585
0.000577
0.000584
0.000597
0.000609
0.000617
0.000623
0.000631
0.000642
0.000657
0.000669
0.000673
0.000668
0.000661
0.000655
0.000650
0.000643
0.000636
0.000629
0.000624
0.000621
0.000623
0.000630
0.000642
0.000659
0.000677
0.000687
0.000682
0.000669
0.000662
0.000668
0.000678
0.000685
0.000687
0.000685
0.000679
0.000669
0.000659
0.000651
0.000641
0.000625
0.000611
0.000610
0.000621
0.000637
0.000646
0.000648
0.000642
0.000629
0.000610
0.000595
0.000588
0.000589
0.000593
0.000593
0.000588
0.000584
0.000590
0.000607
0.000626
0.000634
0.000632
0.000629
0.000634
0.000647
0.000662
0.000675
0.000683
0.000685
0.000680
0.000672
0.000667
0.000667
0.000672
0.000681
0.000689
0.000691
0.000690
0.000693
0.000703
0.000714
0.000721
0.000723
0.000723
0.000719
0.000709
0.000698
0.000693
0.000692
0.000683
0.000665
0.000645
0.000633
0.000632
0.000639
0.000648
0.000653
0.000651
0.000642
0.000631
0.000626
0.000625
0.000629
0.000642
0.000661
0.000679
0.000686
0.000684
0.000677
0.000670
0.000663
0.000658
0.000655
0.000654
0.000651
0.000646
0.000641
0.000637
0.000632
0.000625
0.000621
0.000624
0.000631
0.000637
0.000638
0.000635
0.000631
0.000628
0.000627
0.000627
0.000628
0.000631
0.000632
0.000631
0.000623
0.000612
0.000599
0.000586
0.000579
0.000580
0.000593
0.000612
0.000628
0.000634
0.000632
0.000625
0.000618
0.000615
0.000616
0.000622
0.000630
0.000639
0.000653
0.000672
0.000687
0.000693
0.000694
0.000694
0.000698
0.000701
0.000704
0.000706
0.000705
0.000703
0.000700
0.000696
0.000688
0.000671
0.000654
0.000652
0.000667
0.000689
0.000706
0.000713
0.000716
0.000713
0.000706
0.000697
0.000692
0.000688
0.000683
0.000677
0.000677
0.000685
0.000696
0.000701
0.000697
0.000690
0.000688
0.000687
0.000682
0.000671
0.000661
0.000658
0.000660
0.000659
0.000652
0.000646
0.000645
0.000650
0.000656
0.000660
0.000657
0.000648
0.000631
0.000613
0.000599
0.000595
0.000602
0.000617
0.000634
0.000647
0.000653
0.000654
0.000657
0.000661
0.000666
0.000669
0.000670
0.000671
0.000674
0.000680
0.000691
0.000703
0.000709
0.000707
0.000699
0.000688
0.000678
0.000669
0.000661
0.000656
0.000652
0.000651
0.000650
0.000649
0.000650
0.000654
0.000662
0.000665
0.000660
0.000650
0.000645
0.000646
0.000652
0.000662
0.000674
0.000688
0.000697
0.000695
0.000680
0.000659
0.000640
0.000629
0.000626
0.000626
0.000621
0.000613
0.000609
0.000616
0.000632
0.000653
0.000671
0.000682
0.000687
0.000690
0.000697
0.000708
0.000720
0.000729
0.000730
0.000720
0.000702
0.000686
0.000678
0.000678
0.000680
0.000681
0.000681
0.000676
0.000665
0.000649
0.000636
0.000631
0.000631
0.000632
0.000635
0.000642
0.000650
0.000651
0.000645
0.000635
0.000627
0.000618
0.000601
0.000577
0.000553
0.000540
0.000540
0.000554
0.000575
0.000594
0.000607
0.000613
0.000619
0.000633
0.000656
0.000681
0.000699
0.000705
0.000706
0.000711
0.000719
0.000722
0.000713
0.000695
0.000677
0.000666
0.000662
0.000655
0.000641
0.000625
0.000614
0.000613
0.000624
0.000646
0.000676
0.000702
0.000708
0.000691
0.000665
0.000647
0.000645
0.000652
0.000661
0.000667
0.000670
0.000676
0.000685
0.000694
0.000694
0.000681
0.000665
0.000657
0.000665
0.000682
0.000696
0.000699
0.000692
0.000682
0.000676
0.000678
0.000684
0.000686
0.000684
0.000681
0.000681
0.000686
0.000697
0.000711
0.000720
0.000718
0.000707
0.000694
0.000684
0.000676
0.000669
0.000666
0.000668
0.000671
0.000670
0.000664
0.000656
0.000647
0.000640
0.000633
0.000625
0.000619
0.000616
0.000618
0.000623
0.000628
0.000632
0.000640
0.000649
0.000657
0.000661
0.000665
0.000667
0.000667
0.000662
0.000657
0.000655
0.000657
0.000658
0.000657
0.000654
0.000649
0.000644
0.000643
0.000648
0.000654
0.000651
0.000640
0.000626
0.000616
0.000613
0.000620
0.000638
0.000660
0.000677
0.000679
0.000671
0.000664
0.000664
0.000670
0.000680
0.000693
0.000709
0.000724
0.000736
0.000747
0.000758
0.000767
0.000770
0.000763
0.000747
0.000723
0.000696
0.000672
0.000655
0.000648
0.000645
0.000642
0.000637
0.000634
0.000637
0.000643
0.000650
0.000654
0.000654
0.000648
0.000638
0.000630
0.000631
0.000641
0.000654
0.000666
0.000673
0.000678
0.000680
0.000680
0.000678
0.000680
0.000688
0.000695
0.000699
0.000698
0.000699
0.000701
0.000704
0.000709
0.000714
0.000715
0.000709
0.000698
0.000690
0.000690
0.000694
0.000698
0.000701
0.000706
0.000715
0.000724
0.000729
0.000728
0.000722
0.000714
0.000708
0.000703
0.000700
0.000696
0.000690
0.000681
0.000675
0.000676
0.000686
0.000697
0.000701
0.000697
0.000691
0.000691
0.000694
0.000698
0.000701
0.000704
0.000707
0.000705
0.000698
0.000691
0.000687
0.000685
0.000686
0.000693
0.000706
0.000722
0.000733
0.000737
0.000739
0.000740
0.000743
0.000748
0.000751
0.000749
0.000741
0.000730
0.000719
0.000714
0.000712
0.000710
0.000706
0.000703
0.000704
0.000710
0.000719
0.000725
0.000727
0.000728
0.000731
0.000737
0.000741
0.000741
0.000735
0.000726
0.000716
0.000703
0.000683
0.000657
0.000632
0.000617
0.000614
0.000618
0.000621
0.000618
0.000606
0.000588
0.000572
0.000567
0.000573
0.000583
0.000589
0.000594
0.000603
0.000619
0.000637
0.000652
0.000666
0.000675
0.000678
0.000674
0.000665
0.000656
0.000649
0.000643
0.000641
0.000640
0.000634
0.000622
0.000611
0.000609
0.000615
0.000618
0.000612
0.000602
0.000600
0.000612
0.000633
0.000652
0.000666
0.000676
0.000682
0.000686
0.000687
0.000688
0.000687
0.000682
0.000672
0.000663
0.000662
0.000665
0.000665
0.000656
0.000641
0.000625
0.000618
0.000620
0.000630
0.000643
0.000654
0.000664
0.000674
0.000682
0.000686
0.000686
0.000682
0.000678
0.000674
0.000669
0.000666
0.000666
0.000667
0.000664
0.000656
0.000647
0.000641
0.000645
0.000660
0.000679
0.000691
0.000688
0.000674
0.000656
0.000642
0.000635
0.000636
0.000643
0.000650
0.000649
0.000646
0.000647
0.000656
0.000667
0.000669
0.000660
0.000643
0.000624
0.000609
0.000597
0.000590
0.000588
0.000588
0.000592
0.000600
0.000609
0.000617
0.000624
0.000632
0.000646
0.000667
0.000696
0.000726
0.000751
0.000764
0.000764
0.000751
0.000731
0.000706
0.000684
0.000670
0.000665
0.000669
0.000676
0.000680
0.000673
0.000657
0.000639
0.000631
0.000637
0.000650
0.000660
0.000660
0.000649
0.000635
0.000622
0.000611
0.000604
0.000604
0.000614
0.000633
0.000654
0.000668
0.000669
0.000660
0.000651
0.000647
0.000650
0.000656
0.000664
0.000673
0.000680
0.000684
0.000685
0.000687
0.000690
0.000692
0.000689
0.000684
0.000681
0.000678
0.000667
0.000649
0.000634
0.000633
0.000646
0.000666
0.000683
0.000693
0.000696
0.000691
0.000684
0.000677
0.000674
0.000677
0.000683
0.000692
0.000702
0.000711
0.000713
0.000707
0.000693
0.000680
0.000673
0.000676
0.000682
0.000682
0.000675
0.000668
0.000668
0.000673
0.000676
0.000670
0.000658
0.000648
0.000642
0.000640
0.000641
0.000650
0.000671
0.000695
0.000710
0.000708
0.000695
0.000678
0.000661
0.000648
0.000644
0.000649
0.000657
0.000663
0.000666
0.000672
0.000683
0.000698
0.000712
0.000721
0.000722
0.000712
0.000700
0.000698
0.000708
0.000720
0.000724
0.000716
0.000706
0.000702
0.000708
0.000718
0.000722
0.000715
0.000701
0.000693
0.000698
0.000713
0.000727
0.000732
0.000731
0.000729
0.000734
0.000742
0.000749
0.000747
0.000740
0.000732
0.000724
0.000712
0.000696
0.000681
0.000670
0.000663
0.000656
0.000653
0.000657
0.000668
0.000680
0.000692
0.000707
0.000722
0.000737
0.000749
0.000762
0.000773
0.000776
0.000770
0.000760
0.000753
0.000745
0.000733
0.000716
0.000701
0.000688
0.000677
0.000666
0.000661
0.000665
0.000674
0.000678
0.000673
0.000661
0.000648
0.000639
0.000633
0.000626
0.000621
0.000624
0.000636
0.000650
0.000660
0.000665
0.000668
0.000670
0.000668
0.000662
0.000654
0.000645
0.000632
0.000621
0.000617
0.000623
0.000632
0.000636
0.000632
0.000624
0.000618
0.000619
0.000629
0.000642
0.000652
0.000652
0.000648
0.000645
0.000647
0.000649
0.000645
0.000638
0.000633
0.000634
0.000637
0.000642
0.000648
0.000655
0.000661
0.000665
0.000667
0.000663
0.000652
0.000637
0.000623
0.000614
0.000610
0.000605
0.000599
0.000597
0.000602
0.000611
0.000620
0.000628
0.000634
0.000637
0.000639
0.000644
0.000653
0.000666
0.000679
0.000685
0.000681
0.000665
0.000642
0.000621
0.000602
0.000590
0.000586
0.000596
0.000614
0.000623
0.000618
0.000605
0.000602
0.000611
0.000626
0.000639
0.000652
0.000666
0.000681
0.000693
0.000704
0.000714
0.000715
0.000702
0.000682
0.000665
0.000655
0.000646
0.000639
0.000639
0.000649
0.000668
0.000687
0.000705
0.000722
0.000735
0.000740
0.000738
0.000732
0.000722
0.000710
0.000699
0.000695
0.000697
0.000699
0.000688
0.000666
0.000643
0.000628
0.000623
0.000623
0.000624
0.000628
0.000637
0.000646
0.000651
0.000652
0.000651
0.000651
0.000653
0.000656
0.000658
0.000655
0.000649
0.000644
0.000643
0.000646
0.000649
0.000649
0.000650
0.000657
0.000669
0.000681
0.000688
0.000688
0.000685
0.000685
0.000688
0.000688
0.000683
0.000673
0.000663
0.000656
0.000655
0.000663
0.000676
0.000687
0.000691
0.000689
0.000685
0.000679
0.000668
0.000655
0.000644
0.000639
0.000641
0.000649
0.000664
0.000681
0.000694
0.000699
0.000701
0.000701
0.000700
0.000692
0.000679
0.000666
0.000662
0.000670
0.000682
0.000689
0.000688
0.000680
0.000673
0.000669
0.000668
0.000668
0.000668
0.000670
0.000679
0.000695
0.000711
0.000719
0.000714
0.000700
0.000686
0.000677
0.000672
0.000667
0.000664
0.000665
0.000669
0.000672
0.000671
0.000670
0.000675
0.000684
0.000690
0.000689
0.000680
0.000667
0.000647
0.000621
0.000595
0.000582
0.000588
0.000607
0.000625
0.000633
0.000626
0.000612
0.000596
0.000586
0.000580
0.000574
0.000567
0.000564
0.000567
0.000572
0.000572
0.000568
0.000569
0.000577
0.000589
0.000599
0.000609
0.000619
0.000627
0.000632
0.000638
0.000649
0.000661
0.000666
0.000664
0.000659
0.000657
0.000659
0.000663
0.000666
0.000669
0.000671
0.000672
0.000667
0.000654
0.000633
0.000612
0.000602
0.000604
0.000612
0.000623
0.000634
0.000645
0.000653
0.000654
0.000654
0.000658
0.000664
0.000669
0.000667
0.000662
0.000656
0.000650
0.000641
0.000625
0.000606
0.000593
0.000592
0.000603
0.000618
0.000633
0.000643
0.000651
0.000656
0.000658
0.000654
0.000646
0.000634
0.000621
0.000608
0.000598
0.000595
0.000602
0.000616
0.000632
0.000646
0.000658
0.000666
0.000667
0.000658
0.000644
0.000635
0.000635
0.000644
0.000655
0.000665
0.000674
0.000685
0.000697
0.000704
0.000704
0.000700
0.000697
0.000693
0.000685
0.000672
0.000661
0.000661
0.000668
0.000672
0.000667
0.000659
0.000657
0.000663
0.000674
0.000686
0.000702
0.000718
0.000730
0.000734
0.000731
0.000725
0.000717
0.000711
0.000709
0.000708
0.000706
0.000700
0.000689
0.000674
0.000656
0.000639
0.000631
0.000633
0.000641
0.000644
0.000636
0.000623
0.000613
0.000608
0.000607
0.000605
0.000604
0.000607
0.000612
0.000617
0.000620
0.000621
0.000618
0.000608
0.000593
0.000579
0.000576
0.000585
0.000603
0.000625
0.000646
0.000664
0.000676
0.000683
0.000684
0.000677
0.000658
0.000627
0.000591
0.000561
0.000544
0.000541
0.000552
0.000576
0.000602
0.000622
0.000631
0.000633
0.000633
0.000628
0.000618
0.000607
0.000601
0.000601
0.000603
0.000606
0.000609
0.000612
0.000617
0.000626
0.000640
0.000657
0.000673
0.000684
0.000691
0.000692
0.000687
0.000678
0.000669
0.000664
0.000666
0.000673
0.000684
0.000695
0.000703
0.000706
0.000706
0.000707
0.000712
0.000717
0.000716
0.000710
0.000706
0.000712
0.000723
0.000729
0.000725
0.000720
0.000726
0.000745
0.000765
0.000777
0.000781
0.000782
0.000780
0.000770
0.000752
0.000735
0.000723
0.000713
0.000699
0.000678
0.000654
0.000633
0.000622
0.000624
0.000632
0.000639
0.000641
0.000639
0.000639
0.000638
0.000632
0.000620
0.000606
0.000597
0.000596
0.000601
0.000606
0.000606
0.000602
0.000600
0.000606
0.000621
0.000637
0.000649
0.000655
0.000659
0.000661
0.000658
0.000647
0.000632
0.000625
0.000634
0.000653
0.000667
0.000668
0.000663
0.000659
0.000658
0.000655
0.000647
0.000641
0.000641
0.000649
0.000662
0.000678
0.000696
0.000712
0.000722
0.000718
0.000701
0.000676
0.000656
0.000643
0.000633
0.000621
0.000610
0.000609
0.000615
0.000616
0.000604
0.000582
0.000560
0.000546
0.000542
0.000549
0.000564
0.000583
0.000601
0.000615
0.000619
0.000612
0.000600
0.000593
0.000595
0.000608
0.000625
0.000645
0.000666
0.000682
0.000687
0.000678
0.000663
0.000645
0.000630
0.000621
0.000619
0.000621
0.000622
0.000620
0.000621
0.000625
0.000629
0.000630
0.000629
0.000629
0.000629
0.000630
0.000638
0.000651
0.000662
0.000661
0.000649
0.000640
0.000638
0.000641
0.000641
0.000639
0.000639
0.000642
0.000646
0.000651
0.000660
0.000672
0.000682
0.000687
0.000694
0.000708
0.000726
0.000742
0.000752
0.000752
0.000743
0.000727
0.000707
0.000690
0.000675
0.000659
0.000645
0.000637
0.000636
0.000638
0.000636
0.000631
0.000625
0.000624
0.000633
0.000651
0.000669
0.000678
0.000675
0.000667
0.000662
0.000662
0.000662
0.000659
0.000654
0.000651
0.000649
0.000647
0.000645
0.000644
0.000644
0.000643
0.000638
0.000629
0.000616
0.000606
0.000605
0.000612
0.000622
0.000631
0.000638
0.000645
0.000656
0.000670
0.000687
0.000703
0.000717
0.000726
0.000730
0.000729
0.000722
0.000712
0.000700
0.000688
0.000676
0.000664
0.000654
0.000646
0.000639
0.000630
0.000617
0.000600
0.000583
0.000571
0.000569
0.000577
0.000588
0.000595
0.000593
0.000585
0.000576
0.000570
0.000572
0.000580
0.000588
0.000592
0.000595
0.000600
0.000609
0.000619
0.000625
0.000626
0.000625
0.000626
0.000631
0.000640
0.000652
0.000663
0.000671
0.000676
0.000678
0.000680
0.000683
0.000686
0.000686
0.000681
0.000677
0.000680
0.000692
0.000704
0.000708
0.000705
0.000701
0.000701
0.000698
0.000690
0.000677
0.000664
0.000653
0.000646
0.000639
0.000632
0.000627
0.000626
0.000628
0.000632
0.000638
0.000645
0.000653
0.000663
0.000674
0.000684
0.000689
0.000687
0.000682
0.000680
0.000682
0.000685
0.000688
0.000688
0.000686
0.000680
0.000675
0.000673
0.000676
0.000676
0.000671
0.000662
0.000656
0.000655
0.000658
0.000666
0.000679
0.000691
0.000696
0.000690
0.000680
0.000671
0.000666
0.000663
0.000660
0.000656
0.000651
0.000652
0.000662
0.000675
0.000682
0.000681
0.000676
0.000674
0.000674
0.000673
0.000670
0.000664
0.000654
0.000644
0.000643
0.000652
0.000664
0.000671
0.000667
0.000659
0.000650
0.000646
0.000651
0.000665
0.000686
0.000709
0.000728
0.000736
0.000729
0.000710
0.000693
0.000687
0.000687
0.000684
0.000672
0.000658
0.000649
0.000643
0.000637
0.000633
0.000634
0.000640
0.000646
0.000648
0.000643
0.000637
0.000638
0.000646
0.000654
0.000653
0.000646
0.000640
0.000643
0.000651
0.000664
0.000679
0.000695
0.000710
0.000717
0.000717
0.000707
0.000688
0.000666
0.000651
0.000648
0.000651
0.000653
0.000657
0.000666
0.000676
0.000682
0.000683
0.000686
0.000695
0.000705
0.000711
0.000711
0.000712
0.000715
0.000719
0.000720
0.000716
0.000705
0.000693
0.000683
0.000680
0.000686
0.000697
0.000706
0.000707
0.000703
0.000701
0.000700
0.000691
0.000670
0.000647
0.000639
0.000650
0.000669
0.000683
0.000685
0.000680
0.000675
0.000676
0.000687
0.000700
0.000705
0.000703
0.000698
0.000696
0.000693
0.000690
0.000691
0.000700
0.000713
0.000721
0.000721
0.000712
0.000702
0.000695
0.000694
0.000693
0.000686
0.000677
0.000673
0.000672
0.000668
0.000657
0.000654
0.000669
0.000696
0.000721
0.000735
0.000741
0.000742
0.000736
0.000720
0.000703
0.000690
0.000683
0.000677
0.000675
0.000681
0.000696
0.000714
0.000731
0.000744
0.000752
0.000749
0.000737
0.000720
0.000706
0.000697
0.000696
0.000701
0.000707
0.000709
0.000704
0.000693
0.000682
0.000680
0.000688
0.000697
0.000696
0.000681
0.000658
0.000636
0.000621
0.000616
0.000620
0.000628
0.000634
0.000632
0.000625
0.000617
0.000609
0.000600
0.000594
0.000596
0.000602
0.000604
0.000600
0.000596
0.000602
0.000613
0.000620
0.000617
0.000610
0.000605
0.000604
0.000604
0.000605
0.000608
0.000614
0.000619
0.000619
0.000613
0.000605
0.000602
0.000606
0.000618
0.000635
0.000654
0.000672
0.000690
0.000706
0.000716
0.000720
0.000717
0.000713
0.000711
0.000714
0.000718
0.000721
0.000722
0.000723
0.000726
0.000729
0.000731
0.000731
0.000728
0.000721
0.000709
0.000697
0.000688
0.000684
0.000683
0.000681
0.000681
0.000683
0.000688
0.000692
0.000691
0.000687
0.000681
0.000676
0.000672
0.000671
0.000670
0.000671
0.000674
0.000680
0.000687
0.000689
0.000683
0.000671
0.000655
0.000640
0.000632
0.000636
0.000650
0.000666
0.000676
0.000681
0.000687
0.000698
0.000709
0.000712
0.000704
0.000691
0.000685
0.000689
0.000700
0.000710
0.000713
0.000715
0.000719
0.000724
0.000722
0.000709
0.000691
0.000680
0.000683
0.000696
0.000708
0.000712
0.000707
0.000697
0.000689
0.000685
0.000684
0.000684
0.000685
0.000686
0.000686
0.000681
0.000674
0.000673
0.000681
0.000692
0.000700
0.000703
0.000706
0.000710
0.000708
0.000696
0.000674
0.000650
0.000633
0.000629
0.000636
0.000647
0.000654
0.000654
0.000652
0.000649
0.000647
0.000645
0.000642
0.000638
0.000631
0.000620
0.000606
0.000593
0.000584
0.000583
0.000589
0.000596
0.000597
0.000592
0.000593
0.000604
0.000616
0.000616
0.000602
0.000586
0.000577
0.000577
0.000585
0.000599
0.000614
0.000624
0.000623
0.000616
0.000607
0.000598
0.000591
0.000589
0.000589
0.000591
0.000593
0.000604
0.000624
0.000645
0.000656
0.000659
0.000662
0.000668
0.000676
0.000683
0.000685
0.000679
0.000665
0.000651
0.000648
0.000655
0.000660
0.000656
0.000647
0.000645
0.000654
0.000671
0.000689
0.000704
0.000711
0.000707
0.000695
0.000681
0.000667
0.000655
0.000645
0.000637
0.000631
0.000629
0.000634
0.000644
0.000653
0.000659
0.000664
0.000667
0.000668
0.000663
0.000659
0.000661
0.000667
0.000671
0.000673
0.000677
0.000684
0.000688
0.000686
0.000682
0.000681
0.000684
0.000685
0.000679
0.000667
0.000651
0.000642
0.000643
0.000657
0.000674
0.000689
0.000699
0.000709
0.000719
0.000726
0.000726
0.000719
0.000708
0.000693
0.000673
0.000652
0.000637
0.000634
0.000639
0.000646
0.000649
0.000647
0.000645
0.000644
0.000642
0.000640
0.000641
0.000648
0.000660
0.000672
0.000682
0.000689
0.000687
0.000674
0.000658
0.000645
0.000637
0.000633
0.000628
0.000625
0.000622
0.000619
0.000616
0.000618
0.000628
0.000644
0.000656
0.000660
0.000659
0.000659
0.000661
0.000660
0.000652
0.000639
0.000625
0.000613
0.000603
0.000593
0.000586
0.000584
0.000587
0.000592
0.000597
0.000606
0.000618
0.000629
0.000638
0.000643
0.000649
0.000661
0.000674
0.000683
0.000681
0.000670
0.000654
0.000639
0.000624
0.000607
0.000591
0.000584
0.000586
0.000591
0.000589
0.000582
0.000578
0.000581
0.000586
0.000590
0.000597
0.000608
0.000621
0.000633
0.000642
0.000647
0.000652
0.000657
0.000662
0.000663
0.000660
0.000652
0.000647
0.000651
0.000661
0.000671
0.000675
0.000674
0.000674
0.000682
0.000694
0.000706
0.000713
0.000717
0.000718
0.000712
0.000699
0.000684
0.000674
0.000671
0.000670
0.000668
0.000661
0.000653
0.000650
0.000654
0.000659
0.000660
0.000652
0.000643
0.000641
0.000647
0.000654
0.000659
0.000664
0.000668
0.000671
0.000671
0.000671
0.000675
0.000681
0.000685
0.000685
0.000681
0.000673
0.000665
0.000657
0.000647
0.000633
0.000616
0.000607
0.000614
0.000633
0.000649
0.000657
0.000657
0.000654
0.000647
0.000636
0.000623
0.000604
0.000582
0.000563
0.000554
0.000553
0.000549
0.000540
0.000532
0.000532
0.000542
0.000556
0.000570
0.000578
0.000578
0.000574
0.000572
0.000575
0.000578
0.000572
0.000563
0.000560
0.000566
0.000581
0.000600
0.000620
0.000636
0.000642
0.000641
0.000644
0.000655
0.000670
0.000684
0.000695
0.000702
0.000705
0.000706
0.000706
0.000710
0.000715
0.000719
0.000723
0.000726
0.000724
0.000714
0.000698
0.000683
0.000675
0.000676
0.000682
0.000692
0.000702
0.000710
0.000712
0.000706
0.000695
0.000684
0.000683
0.000689
0.000693
0.000687
0.000676
0.000673
0.000684
0.000701
0.000712
0.000710
0.000698
0.000681
0.000661
0.000642
0.000628
0.000624
0.000630
0.000640
0.000649
0.000654
0.000661
0.000672
0.000683
0.000691
0.000695
0.000694
0.000685
0.000668
0.000649
0.000633
0.000622
0.000617
0.000619
0.000626
0.000632
0.000628
0.000614
0.000603
0.000606
0.000622
0.000644
0.000665
0.000681
0.000688
0.000685
0.000674
0.000664
0.000657
0.000656
0.000661
0.000671
0.000684
0.000698
0.000708
0.000712
0.000706
0.000691
0.000676
0.000668
0.000670
0.000674
0.000671
0.000662
0.000652
0.000647
0.000647
0.000650
0.000655
0.000664
0.000674
0.000681
0.000682
0.000675
0.000669
0.000670
0.000676
0.000684
0.000689
0.000688
0.000681
0.000668
0.000652
0.000643
0.000645
0.000656
0.000669
0.000681
0.000690
0.000694
0.000692
0.000687
0.000684
0.000681
0.000675
0.000666
0.000659
0.000661
0.000667
0.000670
0.000666
0.000658
0.000647
0.000638
0.000635
0.000641
0.000655
0.000670
0.000683
0.000693
0.000698
0.000692
0.000675
0.000656
0.000648
0.000655
0.000673
0.000691
0.000703
0.000707
0.000703
0.000695
0.000689
0.000689
0.000690
0.000685
0.000671
0.000657
0.000647
0.000645
0.000649
0.000657
0.000670
0.000680
0.000683
0.000679
0.000673
0.000670
0.000674
0.000685
0.000700
0.000715
0.000728
0.000737
0.000744
0.000750
0.000754
0.000750
0.000736
0.000716
0.000699
0.000688
0.000682
0.000672
0.000660
0.000653
0.000657
0.000669
0.000676
0.000674
0.000669
0.000671
0.000681
0.000695
0.000707
0.000713
0.000714
0.000710
0.000701
0.000688
0.000673
0.000659
0.000646
0.000636
0.000633
0.000640
0.000652
0.000663
0.000669
0.000675
0.000686
0.000698
0.000700
0.000693
0.000682
0.000676
0.000674
0.000673
0.000668
0.000662
0.000657
0.000655
0.000657
0.000656
0.000650
0.000643
0.000636
0.000629
0.000618
0.000607
0.000603
0.000609
0.000620
0.000629
0.000634
0.000637
0.000638
0.000638
0.000640
0.000650
0.000665
0.000675
0.000672
0.000655
0.000630
0.000608
0.000595
0.000592
0.000592
0.000590
0.000589
0.000596
0.000613
0.000632
0.000644
0.000651
0.000657
0.000665
0.000672
0.000675
0.000672
0.000660
0.000641
0.000617
0.000599
0.000590
0.000593
0.000605
0.000622
0.000637
0.000645
0.000645
0.000642
0.000643
0.000650
0.000660
0.000666
0.000660
0.000647
0.000641
0.000650
0.000668
0.000685
0.000695
0.000702
0.000707
0.000703
0.000689
0.000674
0.000669
0.000676
0.000684
0.000684
0.000673
0.000660
0.000652
0.000651
0.000655
0.000656
0.000651
0.000640
0.000630
0.000629
0.000639
0.000657
0.000672
0.000678
0.000674
0.000662
0.000645
0.000627
0.000614
0.000615
0.000627
0.000645
0.000659
0.000661
0.000656
0.000649
0.000647
0.000650
0.000654
0.000655
0.000651
0.000645
0.000639
0.000634
0.000628
0.000623
0.000619
0.000617
0.000616
0.000620
0.000630
0.000645
0.000657
0.000663
0.000664
0.000666
0.000669
0.000669
0.000665
0.000658
0.000656
0.000659
0.000666
0.000675
0.000682
0.000686
0.000687
0.000687
0.000687
0.000688
0.000689
0.000692
0.000693
0.000692
0.000685
0.000678
0.000677
0.000684
0.000695
0.000706
0.000713
0.000717
0.000717
0.000714
0.000709
0.000708
0.000709
0.000711
0.000713
0.000713
0.000714
0.000715
0.000717
0.000720
0.000723
0.000723
0.000718
0.000712
0.000709
0.000708
0.000704
0.000696
0.000685
0.000677
0.000673
0.000675
0.000683
0.000695
0.000702
0.000700
0.000690
0.000675
0.000662
0.000653
0.000651
0.000657
0.000670
0.000689
0.000708
0.000720
0.000723
0.000718
0.000717
0.000726
0.000738
0.000741
0.000727
0.000704
0.000680
0.000659
0.000643
0.000634
0.000635
0.000648
0.000666
0.000686
0.000705
0.000719
0.000723
0.000720
0.000716
0.000712
0.000708
0.000703
0.000699
0.000694
0.000689
0.000684
0.000680
0.000674
0.000665
0.000656
0.000650
0.000649
0.000647
0.000644
0.000644
0.000649
0.000654
0.000652
0.000643
0.000635
0.000634
0.000639
0.000642
0.000642
0.000637
0.000631
0.000629
0.000636
0.000649
0.000660
0.000663
0.000656
0.000644
0.000637
0.000637
0.000640
0.000643
0.000644
0.000644
0.000643
0.000634
0.000619
0.000605
0.000599
0.000603
0.000613
0.000619
0.000614
0.000600
0.000587
0.000589
0.000614
0.000652
0.000683
0.000693
0.000682
0.000658
0.000636
0.000629
0.000638
0.000655
0.000668
0.000675
0.000680
0.000686
0.000690
0.000687
0.000679
0.000666
0.000650
0.000636
0.000629
0.000632
0.000640
0.000648
0.000650
0.000646
0.000633
0.000618
0.000607
0.000604
0.000606
0.000612
0.000623
0.000637
0.000649
0.000658
0.000667
0.000680
0.000696
0.000709
0.000713
0.000708
0.000694
0.000678
0.000665
0.000655
0.000646
0.000639
0.000636
0.000636
0.000636
0.000635
0.000633
0.000630
0.000621
0.000606
0.000592
0.000587
0.000594
0.000609
0.000626
0.000638
0.000644
0.000649
0.000660
0.000676
0.000689
0.000691
0.000682
0.000670
0.000660
0.000650
0.000640
0.000632
0.000628
0.000631
0.000640
0.000653
0.000661
0.000659
0.000650
0.000638
0.000628
0.000620
0.000617
0.000626
0.000647
0.000669
0.000678
0.000671
0.000658
0.000650
0.000652
0.000658
0.000659
0.000653
0.000645
0.000644
0.000651
0.000659
0.000666
0.000672
0.000677
0.000675
0.000663
0.000647
0.000637
0.000636
0.000643
0.000654
0.000662
0.000667
0.000669
0.000671
0.000670
0.000662
0.000645
0.000624
0.000606
0.000593
0.000587
0.000585
0.000584
0.000585
0.000590
0.000602
0.000619
0.000634
0.000642
0.000646
0.000650
0.000652
0.000645
0.000631
0.000616
0.000608
0.000608
0.000606
0.000598
0.000583
0.000574
0.000578
0.000594
0.000611
0.000624
0.000634
0.000644
0.000650
0.000648
0.000641
0.000640
0.000647
0.000657
0.000663
0.000665
0.000662
0.000652
0.000637
0.000621
0.000613
0.000610
0.000611
0.000613
0.000616
0.000621
0.000626
0.000632
0.000640
0.000646
0.000648
0.000646
0.000641
0.000633
0.000626
0.000621
0.000622
0.000627
0.000630
0.000626
0.000616
0.000607
0.000602
0.000602
0.000605
0.000605
0.000604
0.000604
0.000613
0.000629
0.000646
0.000653
0.000651
0.000646
0.000643
0.000638
0.000628
0.000618
0.000617
0.000626
0.000638
0.000646
0.000650
0.000650
0.000649
0.000651
0.000655
0.000661
0.000664
0.000660
0.000654
0.000649
0.000645
0.000641
0.000638
0.000642
0.000651
0.000657
0.000658
0.000659
0.000664
0.000670
0.000672
0.000665
0.000655
0.000645
0.000640
0.000639
0.000639
0.000638
0.000635
0.000631
0.000627
0.000623
0.000615
0.000600
0.000587
0.000585
0.000604
0.000639
0.000675
0.000698
0.000704
0.000700
0.000694
0.000691
0.000689
0.000685
0.000680
0.000675
0.000673
0.000677
0.000686
0.000697
0.000708
0.000715
0.000717
0.000710
0.000698
0.000686
0.000676
0.000664
0.000649
0.000634
0.000627
0.000629
0.000633
0.000634
0.000635
0.000641
0.000648
0.000652
0.000650
0.000644
0.000636
0.000629
0.000623
0.000619
0.000619
0.000626
0.000642
0.000663
0.000681
0.000684
0.000674
0.000662
0.000656
0.000655
0.000653
0.000648
0.000646
0.000650
0.000663
0.000677
0.000684
0.000678
0.000661
0.000645
0.000637
0.000638
0.000642
0.000643
0.000645
0.000652
0.000663
0.000672
0.000672
0.000664
0.000656
0.000657
0.000668
0.000683
0.000695
0.000704
0.000714
0.000723
0.000727
0.000724
0.000719
0.000714
0.000705
0.000692
0.000679
0.000675
0.000678
0.000683
0.000686
0.000688
0.000686
0.000678
0.000667
0.000664
0.000672
0.000690
0.000712
0.000731
0.000742
0.000741
0.000730
0.000723
0.000726
0.000732
0.000731
0.000722
0.000713
0.000710
0.000708
0.000705
0.000703
0.000702
0.000703
0.000701
0.000697
0.000693
0.000693
0.000700
0.000716
0.000732
0.000738
0.000732
0.000718
0.000704
0.000691
0.000681
0.000677
0.000682
0.000691
0.000696
0.000693
0.000684
0.000675
0.000667
0.000663
0.000663
0.000665
0.000665
0.000659
0.000647
0.000638
0.000640
0.000653
0.000671
0.000688
0.000701
0.000712
0.000717
0.000712
0.000694
0.000667
0.000639
0.000615
0.000598
0.000585
0.000576
0.000574
0.000585
0.000605
0.000626
0.000642
0.000654
0.000667
0.000683
0.000694
0.000696
0.000690
0.000681
0.000675
0.000671
0.000665
0.000659
0.000657
0.000658
0.000661
0.000664
0.000670
0.000679
0.000690
0.000700
0.000709
0.000714
0.000711
0.000701
0.000685
0.000666
0.000645
0.000623
0.000607
0.000603
0.000613
0.000628
0.000639
0.000642
0.000639
0.000632
0.000624
0.000617
0.000615
0.000617
0.000623
0.000634
0.000649
0.000664
0.000672
0.000668
0.000651
0.000630
0.000613
0.000605
0.000609
0.000622
0.000637
0.000647
0.000654
0.000660
0.000668
0.000674
0.000673
0.000669
0.000671
0.000680
0.000690
0.000698
0.000706
0.000716
0.000727
0.000730
0.000721
0.000706
0.000692
0.000683
0.000675
0.000667
0.000666
0.000675
0.000692
0.000703
0.000701
0.000690
0.000683
0.000682
0.000684
0.000683
0.000682
0.000682
0.000682
0.000676
0.000666
0.000657
0.000656
0.000663
0.000676
0.000692
0.000707
0.000714
0.000709
0.000698
0.000685
0.000675
0.000666
0.000658
0.000655
0.000657
0.000665
0.000679
0.000696
0.000710
0.000716
0.000712
0.000701
0.000689
0.000683
0.000685
0.000689
0.000692
0.000690
0.000686
0.000686
0.000689
0.000694
0.000696
0.000696
0.000693
0.000686
0.000672
0.000650
0.000628
0.000616
0.000621
0.000640
0.000661
0.000676
0.000687
0.000697
0.000711
0.000726
0.000741
0.000757
0.000768
0.000771
0.000765
0.000757
0.000754
0.000758
0.000763
0.000765
0.000761
0.000752
0.000738
0.000719
0.000700
0.000684
0.000679
0.000683
0.000690
0.000693
0.000694
0.000693
0.000692
0.000687
0.000681
0.000678
0.000677
0.000676
0.000672
0.000667
0.000666
0.000671
0.000684
0.000707
0.000732
0.000747
0.000749
0.000743
0.000742
0.000747
0.000753
0.000757
0.000757
0.000753
0.000745
0.000736
0.000731
0.000731
0.000730
0.000723
0.000713
0.000705
0.000701
0.000698
0.000692
0.000683
0.000673
0.000664
0.000653
0.000641
0.000627
0.000615
0.000612
0.000623
0.000642
0.000659
0.000667
0.000670
0.000672
0.000675
0.000679
0.000687
0.000696
0.000703
0.000703
0.000703
0.000711
0.000728
0.000746
0.000763
0.000782
0.000801
0.000814
0.000811
0.000799
0.000788
0.000784
0.000775
0.000758
0.000737
0.000720
0.000706
0.000692
0.000682
0.000684
0.000697
0.000714
0.000726
0.000734
0.000736
0.000730
0.000716
0.000701
0.000693
0.000689
0.000692
0.000702
0.000719
0.000740
0.000759
0.000775
0.000789
0.000792
0.000779
0.000753
0.000727
0.000710
0.000701
0.000697
0.000693
0.000688
0.000683
0.000682
0.000684
0.000685
0.000685
0.000683
0.000682
0.000682
0.000682
0.000680
0.000679
0.000677
0.000677
0.000677
0.000680
0.000686
0.000692
0.000698
0.000702
0.000707
0.000712
0.000715
0.000713
0.000706
0.000700
0.000698
0.000702
0.000707
0.000708
0.000705
0.000699
0.000694
0.000691
0.000694
0.000707
0.000727
0.000748
0.000764
0.000771
0.000768
0.000759
0.000746
0.000732
0.000718
0.000705
0.000693
0.000685
0.000680
0.000676
0.000672
0.000670
0.000669
0.000669
0.000667
0.000666
0.000666
0.000665
0.000663
0.000659
0.000653
0.000646
0.000641
0.000642
0.000651
0.000662
0.000672
0.000679
0.000682
0.000682
0.000682
0.000684
0.000694
0.000707
0.000716
0.000717
0.000712
0.000702
0.000688
0.000673
0.000663
0.000660
0.000660
0.000660
0.000655
0.000647
0.000641
0.000643
0.000652
0.000662
0.000665
0.000661
0.000655
0.000654
0.000658
0.000665
0.000673
0.000680
0.000688
0.000697
0.000710
0.000728
0.000744
0.000753
0.000750
0.000739
0.000724
0.000713
0.000708
0.000708
0.000709
0.000708
0.000705
0.000698
0.000691
0.000684
0.000679
0.000676
0.000676
0.000678
0.000683
0.000688
0.000691
0.000695
0.000702
0.000710
0.000713
0.000710
0.000707
0.000710
0.000716
0.000716
0.000709
0.000698
0.000690
0.000687
0.000690
0.000698
0.000707
0.000709
0.000704
0.000695
0.000687
0.000676
0.000659
0.000641
0.000632
0.000640
0.000662
0.000690
0.000710
0.000716
0.000709
0.000696
0.000684
0.000674
0.000670
0.000671
0.000677
0.000683
0.000686
0.000688
0.000695
0.000705
0.000712
0.000710
0.000702
0.000692
0.000687
0.000687
0.000688
0.000692
0.000698
0.000707
0.000713
0.000715
0.000708
0.000697
0.000687
0.000681
0.000679
0.000683
0.000691
0.000699
0.000706
0.000709
0.000711
0.000713
0.000717
0.000726
0.000748
0.000784
0.000828
0.000871
0.000914
0.000964
0.001024
0.001090
0.001154
0.001212
0.001257
0.001277
0.001262
0.001213
0.001146
0.001081
0.001031
0.000992
0.000956
0.000919
0.000879
0.000843
0.000811
0.000783
0.000758
0.000737
0.000725
0.000720
0.000712
0.000694
0.000673
0.000662
0.000664
0.000673
0.000679
0.000681
0.000680
0.000677
0.000675
0.000679
0.000692
0.000706
0.000713
0.000714
0.000715
0.000717
0.000719
0.000719
0.000718
0.000717
0.000716
0.000718
0.000727
0.000738
0.000745
0.000742
0.000738
0.000741
0.000748
0.000755
0.000759
0.000762
0.000763
0.000762
0.000759
0.000755
0.000752
0.000745
0.000730
0.000708
0.000689
0.000677
0.000672
0.000673
0.000678
0.000687
0.000694
0.000695
0.000684
0.000665
0.000648
0.000642
0.000646
0.000654
0.000658
0.000656
0.000648
0.000639
0.000635
0.000640
0.000653
0.000667
0.000677
0.000680
0.000680
0.000677
0.000672
0.000664
0.000660
0.000662
0.000671
0.000680
0.000683
0.000679
0.000671
0.000662
0.000654
0.000653
0.000662
0.000676
0.000691
0.000702
0.000709
0.000713
0.000717
0.000720
0.000726
0.000733
0.000738
0.000743
0.000752
0.000764
0.000774
0.000781
0.000782
0.000778
0.000764
0.000745
0.000735
0.000737
0.000743
0.000744
0.000739
0.000738
0.000743
0.000747
0.000745
0.000742
0.000740
0.000738
0.000734
0.000730
0.000727
0.000722
0.000715
0.000711
0.000714
0.000721
0.000726
0.000729
0.000734
0.000743
0.000751
0.000755
0.000752
0.000747
0.000742
0.000737
0.000728
0.000712
0.000692
0.000678
0.000671
0.000670
0.000673
0.000683
0.000704
0.000728
0.000746
0.000752
0.000747
0.000736
0.000723
0.000716
0.000717
0.000722
0.000722
0.000714
0.000702
0.000691
0.000685
0.000679
0.000672
0.000664
0.000663
0.000671
0.000687
0.000706
0.000728
0.000750
0.000772
0.000787
0.000791
0.000785
0.000772
0.000758
0.000747
0.000742
0.000741
0.000740
0.000738
0.000738
0.000741
0.000742
0.000734
0.000718
0.000701
0.000689
0.000683
0.000679
0.000677
0.000676
0.000674
0.000670
0.000664
0.000658
0.000653
0.000650
0.000649
0.000646
0.000644
0.000646
0.000654
0.000666
0.000678
0.000692
0.000710
0.000732
0.000750
0.000759
0.000755
0.000739
0.000713
0.000686
0.000663
0.000650
0.000645
0.000650
0.000665
0.000687
0.000708
0.000725
0.000735
0.000739
0.000735
0.000726
0.000719
0.000720
0.000729
0.000739
0.000746
0.000746
0.000743
0.000738
0.000733
0.000728
0.000724
0.000720
0.000716
0.000708
0.000697
0.000690
0.000691
0.000697
0.000698
0.000695
0.000695
0.000703
0.000719
0.000738
0.000754
0.000766
0.000773
0.000777
0.000782
0.000787
0.000786
0.000775
0.000757
0.000742
0.000733
0.000725
0.000717
0.000709
0.000707
0.000713
0.000722
0.000728
0.000726
0.000721
0.000716
0.000713
0.000708
0.000702
0.000701
0.000708
0.000719
0.000728
0.000735
0.000742
0.000747
0.000748
0.000746
0.000747
0.000752
0.000758
0.000762
0.000760
0.000753
0.000741
0.000731
0.000729
0.000733
0.000736
0.000733
0.000728
0.000725
0.000724
0.000720
0.000713
0.000710
0.000717
0.000732
0.000745
0.000748
0.000742
0.000738
0.000743
0.000756
0.000768
0.000772
0.000769
0.000763
0.000759
0.000760
0.000767
0.000777
0.000784
0.000786
0.000784
0.000777
0.000763
0.000745
0.000733
0.000732
0.000737
0.000741
0.000744
0.000748
0.000753
0.000757
0.000756
0.000753
0.000750
0.000747
0.000744
0.000741
0.000737
0.000730
0.000718
0.000705
0.000695
0.000693
0.000698
0.000703
0.000702
0.000696
0.000689
0.000687
0.000689
0.000693
0.000700
0.000709
0.000721
0.000729
0.000732
0.000731
0.000733
0.000740
0.000751
0.000757
0.000756
0.000752
0.000749
0.000745
0.000738
0.000732
0.000732
0.000739
0.000749
0.000755
0.000756
0.000757
0.000760
0.000762
0.000763
0.000765
0.000769
0.000774
0.000777
0.000775
0.000771
0.000769
0.000769
0.000770
0.000769
0.000769
0.000772
0.000778
0.000785
0.000790
0.000793
0.000796
0.000798
0.000796
0.000789
0.000780
0.000772
0.000770
0.000767
0.000759
0.000742
0.000722
0.000707
0.000700
0.000701
0.000704
0.000708
0.000714
0.000723
0.000732
0.000737
0.000736
0.000730
0.000725
0.000723
0.000724
0.000723
0.000722
0.000721
0.000724
0.000729
0.000735
0.000738
0.000737
0.000733
0.000730
0.000734
0.000745
0.000755
0.000760
0.000760
0.000761
0.000768
0.000779
0.000791
0.000801
0.000806
0.000803
0.000792
0.000778
0.000764
0.000749
0.000737
0.000734
0.000741
0.000755
0.000768
0.000776
0.000780
0.000785
0.000792
0.000797
0.000797
0.000790
0.000776
0.000762
0.000754
0.000752
0.000754
0.000756
0.000752
0.000743
0.000729
0.000713
0.000700
0.000693
0.000692
0.000696
0.000703
0.000707
0.000706
0.000697
0.000687
0.000687
0.000697
0.000712
0.000724
0.000734
0.000743
0.000752
0.000754
0.000749
0.000743
0.000739
0.000734
0.000721
0.000709
0.000708
0.000719
0.000731
0.000736
0.000735
0.000733
0.000732
0.000732
0.000728
0.000721
0.000711
0.000702
0.000702
0.000716
0.000737
0.000759
0.000776
0.000789
0.000796
0.000794
0.000784
0.000770
0.000757
0.000748
0.000744
0.000744
0.000745
0.000741
0.000733
0.000722
0.000710
0.000701
0.000698
0.000698
0.000699
0.000696
0.000691
0.000691
0.000700
0.000715
0.000727
0.000732
0.000729
0.000723
0.000721
0.000724
0.000725
0.000718
0.000709
0.000708
0.000717
0.000731
0.000739
0.000737
0.000731
0.000729
0.000735
0.000745
0.000750
0.000743
0.000728
0.000716
0.000714
0.000718
0.000722
0.000723
0.000727
0.000733
0.000740
0.000747
0.000751
0.000750
0.000743
0.000735
0.000733
0.000738
0.000747
0.000756
0.000765
0.000775
0.000785
0.000792
0.000793
0.000784
0.000767
0.000750
0.000739
0.000738
0.000742
0.000746
0.000749
0.000750
0.000750
0.000751
0.000756
0.000761
0.000764
0.000765
0.000769
0.000779
0.000791
0.000798
0.000799
0.000798
0.000793
0.000781
0.000760
0.000738
0.000721
0.000713
0.000713
0.000712
0.000704
0.000685
0.000665
0.000654
0.000658
0.000674
0.000696
0.000718
0.000734
0.000745
0.000753
0.000760
0.000767
0.000775
0.000783
0.000793
0.000805
0.000816
0.000826
0.000833
0.000835
0.000828
0.000814
0.000799
0.000786
0.000774
0.000760
0.000745
0.000734
0.000733
0.000740
0.000751
0.000759
0.000760
0.000755
0.000749
0.000747
0.000748
0.000749
0.000752
0.000760
0.000772
0.000783
0.000790
0.000791
0.000787
0.000780
0.000774
0.000776
0.000786
0.000800
0.000810
0.000815
0.000819
0.000824
0.000831
0.000836
0.000837
0.000835
0.000834
0.000831
0.000827
0.000817
0.000800
0.000778
0.000758
0.000749
0.000754
0.000769
0.000784
0.000793
0.000799
0.000804
0.000803
0.000791
0.000772
0.000758
0.000756
0.000762
0.000767
0.000766
0.000759
0.000752
0.000746
0.000743
0.000743
0.000745
0.000753
0.000765
0.000780
0.000795
0.000809
0.000823
0.000835
0.000841
0.000840
0.000835
0.000832
0.000835
0.000840
0.000843
0.000843
0.000840
0.000836
0.000834
0.000833
0.000829
0.000818
0.000803
0.000789
0.000778
0.000772
0.000771
0.000772
0.000771
0.000764
0.000750
0.000733
0.000715
0.000697
0.000685
0.000681
0.000686
0.000696
0.000710
0.000725
0.000739
0.000748
0.000754
0.000761
0.000771
0.000779
0.000783
0.000787
0.000794
0.000799
0.000798
0.000788
0.000774
0.000762
0.000754
0.000755
0.000763
0.000776
0.000786
0.000790
0.000789
0.000787
0.000787
0.000787
0.000786
0.000781
0.000778
0.000779
0.000786
0.000796
0.000801
0.000799
0.000796
0.000794
0.000791
0.000787
0.000782
0.000778
0.000774
0.000769
0.000765
0.000766
0.000769
0.000767
0.000758
0.000748
0.000740
0.000736
0.000736
0.000738
0.000744
0.000751
0.000761
0.000774
0.000787
0.000793
0.000787
0.000773
0.000754
0.000731
0.000710
0.000697
0.000700
0.000718
0.000738
0.000753
0.000759
0.000760
0.000759
0.000764
0.000772
0.000775
0.000768
0.000754
0.000748
0.000757
0.000770
0.000775
0.000766
0.000755
0.000752
0.000757
0.000763
0.000767
0.000768
0.000769
0.000769
0.000766
0.000763
0.000764
0.000770
0.000782
0.000794
0.000804
0.000810
0.000811
0.000806
0.000796
0.000783
0.000770
0.000759
0.000749
0.000741
0.000736
0.000731
0.000724
0.000714
0.000700
0.000687
0.000680
0.000677
0.000679
0.000684
0.000694
0.000706
0.000713
0.000712
0.000705
0.000697
0.000696
0.000699
0.000703
0.000705
0.000702
0.000695
0.000691
0.000696
0.000705
0.000708
0.000702
0.000695
0.000693
0.000700
0.000711
0.000725
0.000739
0.000748
0.000745
0.000732
0.000715
0.000700
0.000687
0.000680
0.000680
0.000684
0.000686
0.000687
0.000687
0.000687
0.000687
0.000687
0.000692
0.000701
0.000708
0.000707
0.000703
0.000704
0.000711
0.000719
0.000721
0.000715
0.000706
0.000698
0.000693
0.000694
0.000700
0.000710
0.000719
0.000724
0.000729
0.000734
0.000735
0.000731
0.000726
0.000726
0.000731
0.000738
0.000743
0.000743
0.000738
0.000727
0.000713
0.000705
0.000710
0.000724
0.000742
0.000762
0.000782
0.000796
0.000793
0.000770
0.000739
0.000714
0.000704
0.000709
0.000724
0.000743
0.000759
0.000767
0.000768
0.000763
0.000757
0.000750
0.000742
0.000731
0.000718
0.000710
0.000710
0.000715
0.000719
0.000717
0.000707
0.000693
0.000681
0.000679
0.000688
0.000700
0.000708
0.000708
0.000701
0.000694
0.000689
0.000690
0.000701
0.000723
0.000748
0.000768
0.000774
0.000769
0.000757
0.000743
0.000731
0.000726
0.000728
0.000738
0.000748
0.000751
0.000743
0.000727
0.000708
0.000691
0.000681
0.000680
0.000686
0.000694
0.000699
0.000700
0.000697
0.000694
0.000693
0.000694
0.000697
0.000700
0.000702
0.000705
0.000712
0.000724
0.000740
0.000759
0.000781
0.000799
0.000801
0.000783
0.000754
0.000730
0.000718
0.000718
0.000722
0.000725
0.000726
0.000727
0.000728
0.000727
0.000718
0.000699
0.000678
0.000665
0.000661
0.000663
0.000667
0.000672
0.000674
0.000672
0.000670
0.000673
0.000680
0.000687
0.000690
0.000689
0.000684
0.000674
0.000661
0.000651
0.000652
0.000665
0.000682
0.000693
0.000698
0.000697
0.000696
0.000699
0.000706
0.000719
0.000737
0.000756
0.000773
0.000784
0.000789
0.000790
0.000791
0.000790
0.000781
0.000762
0.000741
0.000728
0.000725
0.000724
0.000718
0.000707
0.000692
0.000680
0.000673
0.000673
0.000681
0.000690
0.000698
0.000706
0.000717
0.000723
0.000721
0.000713
0.000707
0.000705
0.000699
0.000687
0.000678
0.000679
0.000689
0.000699
0.000704
0.000705
0.000707
0.000710
0.000712
0.000711
0.000707
0.000702
0.000700
0.000701
0.000704
0.000703
0.000704
0.000711
0.000723
0.000736
0.000747
0.000758
0.000768
0.000777
0.000785
0.000794
0.000805
0.000817
0.000828
0.000833
0.000829
0.000814
0.000791
0.000771
0.000758
0.000752
0.000750
0.000748
0.000745
0.000737
0.000725
0.000711
0.000700
0.000691
0.000687
0.000691
0.000705
0.000725
0.000743
0.000756
0.000764
0.000765
0.000758
0.000746
0.000732
0.000720
0.000715
0.000714
0.000718
0.000728
0.000744
0.000763
0.000778
0.000780
0.000770
0.000758
0.000750
0.000743
0.000733
0.000722
0.000717
0.000721
0.000728
0.000734
0.000735
0.000733
0.000729
0.000727
0.000735
0.000751
0.000770
0.000782
0.000785
0.000778
0.000768
0.000761
0.000758
0.000759
0.000758
0.000751
0.000740
0.000728
0.000722
0.000725
0.000734
0.000744
0.000751
0.000757
0.000761
0.000762
0.000757
0.000751
0.000752
0.000760
0.000772
0.000784
0.000794
0.000802
0.000810
0.000816
0.000822
0.000824
0.000821
0.000809
0.000794
0.000784
0.000780
0.000779
0.000775
0.000767
0.000761
0.000762
0.000773
0.000789
0.000804
0.000814
0.000820
0.000822
0.000822
0.000819
0.000815
0.000808
0.000796
0.000788
0.000787
0.000791
0.000794
0.000795
0.000797
0.000802
0.000805
0.000803
0.000798
0.000796
0.000801
0.000813
0.000826
0.000833
0.000828
0.000813
0.000799
0.000788
0.000777
0.000762
0.000750
0.000745
0.000744
0.000743
0.000742
0.000748
0.000760
0.000775
0.000790
0.000809
0.000826
0.000838
0.000845
0.000849
0.000850
0.000841
0.000825
0.000811
0.000808
0.000812
0.000815
0.000816
0.000821
0.000830
0.000837
0.000839
0.000836
0.000834
0.000835
0.000837
0.000839
0.000839
0.000841
0.000850
0.000862
0.000869
0.000867
0.000858
0.000852
0.000854
0.000863
0.000872
0.000878
0.000884
0.000897
0.000916
0.000937
0.000951
0.000959
0.000961
0.000959
0.000950
0.000933
0.000915
0.000903
0.000900
0.000905
0.000911
0.000913
0.000908
0.000895
0.000883
0.000879
0.000886
0.000902
0.000920
0.000935
0.000939
0.000930
0.000913
0.000900
0.000896
0.000898
0.000899
0.000895
0.000888
0.000880
0.000872
0.000865
0.000860
0.000855
0.000851
0.000850
0.000850
0.000850
0.000850
0.000848
0.000840
0.000826
0.000811
0.000801
0.000794
0.000787
0.000779
0.000777
0.000788
0.000811
0.000836
0.000854
0.000865
0.000872
0.000877
0.000881
0.000885
0.000889
0.000891
0.000888
0.000882
0.000876
0.000870
0.000865
0.000862
0.000861
0.000861
0.000859
0.000853
0.000850
0.000857
0.000875
0.000898
0.000919
0.000932
0.000938
0.000939
0.000938
0.000933
0.000929
0.000928
0.000928
0.000924
0.000916
0.000910
0.000910
0.000915
0.000917
0.000913
0.000901
0.000883
0.000863
0.000845
0.000835
0.000835
0.000844
0.000859
0.000878
0.000894
0.000903
0.000907
0.000911
0.000916
0.000918
0.000911
0.000901
0.000895
0.000897
0.000904
0.000910
0.000908
0.000901
0.000890
0.000876
0.000857
0.000838
0.000822
0.000813
0.000807
0.000801
0.000797
0.000799
0.000806
0.000810
0.000808
0.000806
0.000809
0.000818
0.000824
0.000825
0.000822
0.000821
0.000825
0.000833
0.000836
0.000829
0.000818
0.000818
0.000830
0.000846
0.000852
0.000849
0.000845
0.000844
0.000846
0.000850
0.000857
0.000861
0.000852
0.000835
0.000823
0.000827
0.000843
0.000861
0.000876
0.000887
0.000894
0.000892
0.000883
0.000873
0.000869
0.000872
0.000875
0.000873
0.000864
0.000856
0.000857
0.000870
0.000887
0.000898
0.000902
0.000900
0.000897
0.000897
0.000901
0.000909
0.000920
0.000930
0.000937
0.000938
0.000929
0.000910
0.000887
0.000870
0.000862
0.000858
0.000855
0.000853
0.000855
0.000857
0.000854
0.000849
0.000845
0.000845
0.000845
0.000843
0.000842
0.000847
0.000855
0.000861
0.000861
0.000857
0.000855
0.000856
0.000860
0.000862
0.000858
0.000847
0.000829
0.000807
0.000784
0.000766
0.000761
0.000770
0.000784
0.000787
0.000777
0.000765
0.000763
0.000772
0.000784
0.000796
0.000809
0.000822
0.000831
0.000830
0.000821
0.000806
0.000787
0.000764
0.000742
0.000727
0.000724
0.000729
0.000737
0.000743
0.000748
0.000755
0.000762
0.000762
0.000754
0.000741
0.000733
0.000737
0.000747
0.000754
0.000753
0.000744
0.000737
0.000737
0.000748
0.000768
0.000789
0.000805
0.000809
0.000801
0.000788
0.000777
0.000774
0.000774
0.000772
0.000769
0.000772
0.000778
0.000781
0.000781
0.000785
0.000799
0.000814
0.000821
0.000818
0.000816
0.000820
0.000830
0.000841
0.000848
0.000850
0.000847
0.000838
0.000827
0.000821
0.000822
0.000832
0.000845
0.000855
0.000857
0.000851
0.000840
0.000827
0.000814
0.000805
0.000803
0.000804
0.000805
0.000805
0.000806
0.000806
0.000800
0.000791
0.000787
0.000793
0.000804
0.000807
0.000800
0.000791
0.000790
0.000795
0.000795
0.000782
0.000759
0.000739
0.000731
0.000730
0.000729
0.000724
0.000718
0.000716
0.000718
0.000723
0.000732
0.000742
0.000751
0.000758
0.000760
0.000758
0.000752
0.000741
0.000730
0.000724
0.000725
0.000735
0.000750
0.000764
0.000770
0.000771
0.000769
0.000767
0.000762
0.000756
0.000749
0.000743
0.000736
0.000727
0.000717
0.000711
0.000710
0.000712
0.000713
0.000711
0.000707
0.000702
0.000705
0.000718
0.000735
0.000748
0.000753
0.000753
0.000750
0.000743
0.000733
0.000723
0.000717
0.000716
0.000718
0.000722
0.000728
0.000736
0.000743
0.000749
0.000751
0.000750
0.000747
0.000745
0.000745
0.000746
0.000747
0.000748
0.000746
0.000740
0.000733
0.000728
0.000731
0.000742
0.000751
0.000751
0.000740
0.000723
0.000707
0.000700
0.000707
0.000728
0.000756
0.000775
0.000781
0.000778
0.000777
0.000782
0.000787
0.000788
0.000786
0.000787
0.000792
0.000794
0.000788
0.000776
0.000765
0.000761
0.000758
0.000751
0.000743
0.000742
0.000753
0.000770
0.000786
0.000799
0.000807
0.000812
0.000812
0.000807
0.000800
0.000795
0.000795
0.000802
0.000813
0.000821
0.000824
0.000825
0.000828
0.000829
0.000825
0.000812
0.000798
0.000786
0.000776
0.000768
0.000764
0.000764
0.000770
0.000775
0.000777
0.000773
0.000768
0.000766
0.000770
0.000780
0.000790
0.000798
0.000804
0.000809
0.000816
0.000824
0.000831
0.000839
0.000847
0.000854
0.000860
0.000864
0.000865
0.000860
0.000847
0.000828
0.000807
0.000793
0.000787
0.000784
0.000777
0.000765
0.000754
0.000755
0.000769
0.000792
0.000816
0.000836
0.000855
0.000874
0.000890
0.000900
0.000902
0.000902
0.000904
0.000908
0.000911
0.000912
0.000914
0.000919
0.000927
0.000932
0.000934
0.000930
0.000921
0.000907
0.000896
0.000892
0.000895
0.000897
0.000892
0.000880
0.000873
0.000876
0.000889
0.000902
0.000903
0.000895
0.000887
0.000884
0.000884
0.000885
0.000886
0.000889
0.000890
0.000889
0.000890
0.000899
0.000912
0.000918
0.000913
0.000902
0.000893
0.000886
0.000881
0.000881
0.000890
0.000904
0.000916
0.000920
0.000916
0.000908
0.000902
0.000898
0.000895
0.000892
0.000887
0.000886
0.000890
0.000897
0.000902
0.000904
0.000902
0.000893
0.000874
0.000851
0.000833
0.000822
0.000812
0.000802
0.000795
0.000795
0.000797
0.000797
0.000793
0.000789
0.000786
0.000780
0.000771
0.000759
0.000748
0.000743
0.000746
0.000757
0.000773
0.000787
0.000800
0.000813
0.000826
0.000832
0.000830
0.000824
0.000822
0.000823
0.000821
0.000816
0.000812
0.000810
0.000804
0.000789
0.000767
0.000748
0.000737
0.000734
0.000739
0.000753
0.000774
0.000798
0.000819
0.000831
0.000833
0.000828
0.000821
0.000816
0.000814
0.000816
0.000819
0.000822
0.000827
0.000834
0.000844
0.000856
0.000870
0.000883
0.000889
0.000888
0.000884
0.000880
0.000879
0.000873
0.000860
0.000845
0.000836
0.000836
0.000841
0.000841
0.000832
0.000821
0.000818
0.000826
0.000840
0.000850
0.000851
0.000844
0.000837
0.000834
0.000829
0.000820
0.000809
0.000800
0.000794
0.000791
0.000791
0.000798
0.000809
0.000821
0.000831
0.000839
0.000849
0.000858
0.000865
0.000868
0.000870
0.000873
0.000876
0.000879
0.000882
0.000885
0.000889
0.000895
0.000902
0.000907
0.000904
0.000893
0.000875
0.000858
0.000851
0.000856
0.000873
0.000895
0.000916
0.000933
0.000945
0.000950
0.000944
0.000929
0.000908
0.000893
0.000892
0.000904
0.000920
0.000931
0.000936
0.000934
0.000931
0.000926
0.000919
0.000911
0.000902
0.000895
0.000892
0.000891
0.000891
0.000892
0.000893
0.000891
0.000887
0.000885
0.000891
0.000907
0.000922
0.000930
0.000933
0.000936
0.000937
0.000929
0.000915
0.000900
0.000891
0.000885
0.000878
0.000871
0.000863
0.000856
0.000857
0.000871
0.000895
0.000914
0.000922
0.000919
0.000912
0.000902
0.000888
0.000873
0.000866
0.000865
0.000870
0.000875
0.000877
0.000870
0.000853
0.000832
0.000815
0.000804
0.000797
0.000792
0.000796
0.000813
0.000840
0.000874
0.000907
0.000938
0.000969
0.001008
0.001062
0.001125
0.001190
0.001255
0.001319
0.001378
0.001430
0.001479
0.001530
0.001583
0.001631
0.001668
0.001693
0.001705
0.001701
0.001679
0.001639
0.001583
0.001518
0.001455
0.001408
0.001381
0.001364
0.001349
0.001331
0.001310
0.001287
0.001261
0.001233
0.001205
0.001175
0.001137
0.001095
0.001053
0.001018
0.000992
0.000975
0.000963
0.000954
0.000946
0.000938
0.000934
0.000933
0.000933
0.000925
0.000910
0.000896
0.000896
0.000914
0.000932
0.000934
0.000919
0.000904
0.000902
0.000908
0.000912
0.000914
0.000918
0.000927
0.000943
0.000968
0.001001
0.001034
0.001058
0.001072
0.001080
0.001084
0.001085
0.001082
0.001080
0.001079
0.001075
0.001062
0.001040
0.001016
0.000999
0.000992
0.000988
0.000974
0.000948
0.000919
0.000900
0.000889
0.000881
0.000873
0.000870
0.000874
0.000884
0.000895
0.000906
0.000915
0.000914
0.000900
0.000879
0.000858
0.000843
0.000833
0.000827
0.000822
0.000820
0.000823
0.000834
0.000847
0.000854
0.000853
0.000851
0.000857
0.000870
0.000883
0.000889
0.000886
0.000877
0.000864
0.000853
0.000850
0.000856
0.000864
0.000869
0.000866
0.000858
0.000850
0.000845
0.000843
0.000846
0.000856
0.000871
0.000883
0.000886
0.000880
0.000876
0.000880
0.000890
0.000899
0.000905
0.000907
0.000903
0.000891
0.000873
0.000855
0.000841
0.000834
0.000831
0.000829
0.000827
0.000828
0.000836
0.000846
0.000852
0.000859
0.000875
0.000897
0.000914
0.000913
0.000901
0.000888
0.000879
0.000869
0.000856
0.000845
0.000836
0.000824
0.000807
0.000789
0.000776
0.000768
0.000765
0.000764
0.000763
0.000762
0.000758
0.000754
0.000755
0.000759
0.000767
0.000779
0.000796
0.000818
0.000841
0.000859
0.000868
0.000871
0.000873
0.000875
0.000872
0.000859
0.000838
0.000815
0.000796
0.000781
0.000770
0.000760
0.000752
0.000745
0.000739
0.000736
0.000736
0.000740
0.000748
0.000761
0.000776
0.000787
0.000792
0.000797
0.000804
0.000810
0.000811
0.000808
0.000804
0.000802
0.000799
0.000794
0.000793
0.000796
0.000798
0.000795
0.000789
0.000783
0.000779
0.000774
0.000769
0.000766
0.000764
0.000762
0.000759
0.000758
0.000759
0.000759
0.000758
0.000754
0.000751
0.000749
0.000745
0.000739
0.000734
0.000735
0.000740
0.000750
0.000758
0.000759
0.000755
0.000748
0.000741
0.000734
0.000726
0.000715
0.000702
0.000694
0.000698
0.000713
0.000735
0.000755
0.000769
0.000777
0.000781
0.000780
0.000773
0.000764
0.000758
0.000753
0.000744
0.000727
0.000709
0.000695
0.000690
0.000694
0.000707
0.000725
0.000739
0.000739
0.000726
0.000709
0.000703
0.000710
0.000721
0.000729
0.000729
0.000727
0.000729
0.000737
0.000747
0.000755
0.000761
0.000765
0.000763
0.000755
0.000747
0.000746
0.000751
0.000755
0.000751
0.000744
0.000740
0.000742
0.000750
0.000762
0.000776
0.000792
0.000806
0.000817
0.000819
0.000811
0.000798
0.000789
0.000788
0.000793
0.000798
0.000803
0.000808
0.000811
0.000811
0.000808
0.000806
0.000807
0.000809
0.000814
0.000820
0.000828
0.000835
0.000840
0.000845
0.000848
0.000848
0.000846
0.000845
0.000849
0.000851
0.000846
0.000838
0.000836
0.000842
0.000853
0.000860
0.000864
0.000865
0.000864
0.000858
0.000846
0.000832
0.000815
0.000796
0.000778
0.000764
0.000758
0.000760
0.000771
0.000790
0.000813
0.000835
0.000848
0.000852
0.000850
0.000851
0.000858
0.000870
0.000886
0.000905
0.000924
0.000936
0.000936
0.000930
0.000926
0.000930
0.000935
0.000935
0.000927
0.000915
0.000906
0.000900
0.000897
0.000893
0.000886
0.000878
0.000875
0.000879
0.000887
0.000894
0.000897
0.000897
0.000893
0.000887
0.000878
0.000868
0.000855
0.000838
0.000822
0.000811
0.000811
0.000821
0.000837
0.000854
0.000866
0.000867
0.000858
0.000846
0.000841
0.000844
0.000851
0.000853
0.000850
0.000845
0.000838
0.000824
0.000807
0.000794
0.000791
0.000794
0.000794
0.000792
0.000793
0.000801
0.000807
0.000805
0.000797
0.000790
0.000785
0.000777
0.000766
0.000759
0.000762
0.000774
0.000785
0.000787
0.000780
0.000769
0.000763
0.000766
0.000775
0.000785
0.000790
0.000791
0.000785
0.000776
0.000767
0.000764
0.000767
0.000774
0.000782
0.000790
0.000800
0.000806
0.000807
0.000805
0.000804
0.000807
0.000811
0.000813
0.000815
0.000819
0.000825
0.000832
0.000836
0.000834
0.000829
0.000821
0.000812
0.000802
0.000791
0.000781
0.000773
0.000769
0.000770
0.000773
0.000775
0.000775
0.000771
0.000767
0.000763
0.000761
0.000761
0.000762
0.000764
0.000766
0.000768
0.000773
0.000780
0.000786
0.000788
0.000787
0.000783
0.000778
0.000778
0.000787
0.000797
0.000801
0.000796
0.000795
0.000803
0.000818
0.000825
0.000824
0.000823
0.000830
0.000844
0.000855
0.000863
0.000866
0.000865
0.000860
0.000857
0.000863
0.000879
0.000898
0.000912
0.000920
0.000920
0.000909
0.000893
0.000877
0.000867
0.000862
0.000860
0.000860
0.000867
0.000880
0.000897
0.000914
0.000928
0.000940
0.000951
0.000958
0.000958
0.000952
0.000941
0.000934
0.000934
0.000939
0.000945
0.000947
0.000942
0.000931
0.000916
0.000900
0.000887
0.000881
0.000876
0.000866
0.000853
0.000842
0.000835
0.000829
0.000819
0.000808
0.000803
0.000805
0.000809
0.000813
0.000821
0.000832
0.000844
0.000854
0.000860
0.000859
0.000855
0.000853
0.000855
0.000853
0.000840
0.000823
0.000814
0.000813
0.000810
0.000798
0.000785
0.000781
0.000786
0.000788
0.000781
0.000772
0.000766
0.000766
0.000770
0.000775
0.000777
0.000774
0.000769
0.000767
0.000768
0.000770
0.000769
0.000769
0.000773
0.000781
0.000789
0.000792
0.000789
0.000786
0.000791
0.000804
0.000816
0.000820
0.000817
0.000819
0.000828
0.000835
0.000835
0.000830
0.000828
0.000830
0.000835
0.000839
0.000843
0.000840
0.000831
0.000819
0.000810
0.000807
0.000805
0.000803
0.000803
0.000807
0.000810
0.000812
0.000812
0.000818
0.000831
0.000851
0.000867
0.000872
0.000865
0.000852
0.000842
0.000834
0.000829
0.000826
0.000825
0.000825
0.000822
0.000817
0.000810
0.000800
0.000787
0.000772
0.000762
0.000760
0.000763
0.000765
0.000763
0.000756
0.000748
0.000740
0.000736
0.000735
0.000735
0.000730
0.000722
0.000718
0.000724
0.000741
0.000759
0.000769
0.000764
0.000749
0.000731
0.000718
0.000713
0.000715
0.000718
0.000718
0.000718
0.000724
0.000739
0.000757
0.000767
0.000767
0.000763
0.000763
0.000772
0.000789
0.000809
0.000826
0.000834
0.000832
0.000823
0.000813
0.000806
0.000803
0.000801
0.000801
0.000798
0.000792
0.000781
0.000769
0.000764
0.000763
0.000762
0.000754
0.000741
0.000730
0.000724
0.000726
0.000733
0.000743
0.000752
0.000757
0.000756
0.000753
0.000749
0.000743
0.000735
0.000725
0.000718
0.000716
0.000721
0.000735
0.000754
0.000772
0.000783
0.000783
0.000772
0.000754
0.000734
0.000715
0.000701
0.000693
0.000696
0.000712
0.000739
0.000764
0.000777
0.000780
0.000785
0.000794
0.000804
0.000809
0.000812
0.000820
0.000834
0.000847
0.000850
0.000843
0.000831
0.000819
0.000810
0.000802
0.000795
0.000790
0.000790
0.000794
0.000798
0.000804
0.000816
0.000832
0.000843
0.000841
0.000829
0.000815
0.000809
0.000814
0.000829
0.000845
0.000853
0.000851
0.000845
0.000839
0.000835
0.000832
0.000832
0.000840
0.000852
0.000863
0.000868
0.000864
0.000855
0.000844
0.000835
0.000830
0.000830
0.000831
0.000831
0.000828
0.000821
0.000812
0.000804
0.000799
0.000791
0.000776
0.000757
0.000738
0.000722
0.000707
0.000699
0.000702
0.000714
0.000727
0.000737
0.000744
0.000744
0.000736
0.000723
0.000716
0.000720
0.000732
0.000744
0.000753
0.000759
0.000763
0.000765
0.000766
0.000765
0.000756
0.000741
0.000726
0.000714
0.000704
0.000693
0.000684
0.000689
0.000707
0.000726
0.000736
0.000738
0.000740
0.000744
0.000747
0.000749
0.000755
0.000764
0.000774
0.000786
0.000801
0.000818
0.000831
0.000840
0.000846
0.000848
0.000846
0.000843
0.000845
0.000854
0.000863
0.000865
0.000859
0.000849
0.000841
0.000834
0.000826
0.000815
0.000798
0.000780
0.000767
0.000765
0.000769
0.000774
0.000773
0.000771
0.000771
0.000778
0.000788
0.000796
0.000795
0.000784
0.000769
0.000758
0.000758
0.000765
0.000776
0.000789
0.000806
0.000827
0.000849
0.000863
0.000862
0.000848
0.000832
0.000822
0.000817
0.000811
0.000805
0.000805
0.000813
0.000823
0.000829
0.000831
0.000832
0.000831
0.000826
0.000821
0.000823
0.000825
0.000821
0.000809
0.000800
0.000803
0.000815
0.000825
0.000828
0.000827
0.000830
0.000839
0.000846
0.000845
0.000832
0.000819
0.000817
0.000824
0.000828
0.000820
0.000805
0.000797
0.000799
0.000809
0.000822
0.000835
0.000842
0.000840
0.000828
0.000812
0.000797
0.000782
0.000771
0.000766
0.000769
0.000776
0.000784
0.000788
0.000782
0.000769
0.000758
0.000760
0.000776
0.000792
0.000797
0.000792
0.000792
0.000803
0.000827
0.000859
0.000890
0.000910
0.000913
0.000901
0.000885
0.000871
0.000862
0.000857
0.000851
0.000841
0.000827
0.000810
0.000791
0.000771
0.000755
0.000750
0.000759
0.000771
0.000775
0.000767
0.000754
0.000747
0.000747
0.000753
0.000761
0.000766
0.000767
0.000768
0.000775
0.000791
0.000809
0.000816
0.000811
0.000803
0.000801
0.000806
0.000811
0.000812
0.000810
0.000811
0.000813
0.000810
0.000796
0.000774
0.000755
0.000748
0.000755
0.000770
0.000785
0.000792
0.000789
0.000780
0.000771
0.000765
0.000762
0.000763
0.000771
0.000782
0.000791
0.000790
0.000777
0.000760
0.000748
0.000745
0.000746
0.000747
0.000750
0.000760
0.000779
0.000799
0.000812
0.000815
0.000814
0.000816
0.000821
0.000824
0.000823
0.000822
0.000823
0.000826
0.000829
0.000832
0.000837
0.000849
0.000866
0.000881
0.000889
0.000893
0.000900
0.000910
0.000916
0.000911
0.000897
0.000886
0.000884
0.000892
0.000903
0.000913
0.000912
0.000899
0.000880
0.000867
0.000865
0.000865
0.000857
0.000844
0.000836
0.000837
0.000839
0.000833
0.000818
0.000803
0.000798
0.000805
0.000818
0.000830
0.000838
0.000841
0.000836
0.000821
0.000797
0.000770
0.000745
0.000726
0.000715
0.000715
0.000720
0.000726
0.000732
0.000741
0.000751
0.000759
0.000764
0.000770
0.000780
0.000788
0.000792
0.000794
0.000793
0.000787
0.000777
0.000770
0.000773
0.000785
0.000796
0.000797
0.000796
0.000798
0.000807
0.000817
0.000822
0.000823
0.000818
0.000808
0.000794
0.000779
0.000764
0.000750
0.000737
0.000726
0.000717
0.000715
0.000722
0.000734
0.000746
0.000754
0.000759
0.000764
0.000771
0.000779
0.000787
0.000797
0.000808
0.000819
0.000829
0.000838
0.000841
0.000835
0.000821
0.000807
0.000798
0.000788
0.000769
0.000742
0.000712
0.000689
0.000677
0.000675
0.000683
0.000700
0.000719
0.000737
0.000753
0.000772
0.000792
0.000806
0.000804
0.000788
0.000772
0.000769
0.000780
0.000801
0.000826
0.000849
0.000867
0.000877
0.000879
0.000876
0.000870
0.000861
0.000852
0.000849
0.000853
0.000860
0.000865
0.000863
0.000856
0.000845
0.000830
0.000817
0.000813
0.000819
0.000828
0.000833
0.000830
0.000825
0.000823
0.000822
0.000817
0.000806
0.000793
0.000783
0.000772
0.000757
0.000740
0.000727
0.000723
0.000723
0.000725
0.000728
0.000735
0.000742
0.000742
0.000735
0.000725
0.000721
0.000723
0.000728
0.000733
0.000739
0.000745
0.000750
0.000751
0.000746
0.000734
0.000717
0.000702
0.000694
0.000693
0.000693
0.000693
0.000697
0.000709
0.000724
0.000736
0.000744
0.000749
0.000751
0.000750
0.000751
0.000763
0.000785
0.000805
0.000813
0.000807
0.000792
0.000773
0.000757
0.000746
0.000742
0.000742
0.000745
0.000751
0.000755
0.000748
0.000728
0.000709
0.000704
0.000716
0.000735
0.000750
0.000759
0.000766
0.000773
0.000776
0.000774
0.000766
0.000758
0.000753
0.000753
0.000756
0.000760
0.000761
0.000759
0.000755
0.000756
0.000764
0.000770
0.000768
0.000757
0.000746
0.000738
0.000730
0.000719
0.000710
0.000709
0.000716
0.000725
0.000734
0.000741
0.000743
0.000740
0.000734
0.000730
0.000728
0.000724
0.000720
0.000720
0.000729
0.000743
0.000755
0.000761
0.000762
0.000759
0.000756
0.000756
0.000762
0.000769
0.000771
0.000767
0.000759
0.000753
0.000754
0.000760
0.000765
0.000765
0.000757
0.000746
0.000736
0.000725
0.000715
0.000709
0.000709
0.000713
0.000719
0.000731
0.000750
0.000770
0.000778
0.000770
0.000756
0.000743
0.000732
0.000721
0.000715
0.000715
0.000722
0.000732
0.000742
0.000754
0.000768
0.000780
0.000787
0.000788
0.000786
0.000784
0.000782
0.000776
0.000770
0.000767
0.000770
0.000777
0.000785
0.000794
0.000808
0.000829
0.000853
0.000878
0.000903
0.000929
0.000956
0.000984
0.001013
0.001041
0.001067
0.001090
0.001108
0.001119
0.001119
0.001109
0.001095
0.001082
0.001071
0.001054
0.001031
0.001006
0.000987
0.000976
0.000970
0.000961
0.000947
0.000930
0.000911
0.000896
0.000889
0.000895
0.000916
0.000945
0.000970
0.000984
0.000987
0.000988
0.000990
0.000991
0.000995
0.001006
0.001029
0.001063
0.001103
0.001147
0.001191
0.001236
0.001282
0.001330
0.001378
0.001419
0.001449
0.001469
0.001481
0.001482
0.001469
0.001442
0.001411
0.001378
0.001343
0.001307
0.001274
0.001246
0.001216
0.001180
0.001145
0.001123
0.001114
0.001107
0.001094
0.001073
0.001047
0.001016
0.000983
0.000959
0.000946
0.000938
0.000930
0.000927
0.000940
0.000972
0.001014
0.001053
0.001087
0.001116
0.001142
0.001169
0.001206
0.001250
0.001294
0.001325
0.001340
0.001343
0.001340
0.001331
0.001316
0.001297
0.001270
0.001237
0.001200
0.001164
0.001129
0.001088
0.001039
0.000992
0.000955
0.000927
0.000905
0.000887
0.000874
0.000864
0.000853
0.000841
0.000828
0.000817
0.000809
0.000804
0.000807
0.000812
0.000814
0.000812
0.000811
0.000814
0.000818
0.000818
0.000820
0.000828
0.000838
0.000843
0.000838
0.000832
0.000828
0.000825
0.000819
0.000812
0.000809
0.000809
0.000806
0.000799
0.000789
0.000777
0.000765
0.000757
0.000754
0.000753
0.000752
0.000749
0.000745
0.000743
0.000745
0.000755
0.000772
0.000791
0.000801
0.000798
0.000787
0.000777
0.000776
0.000779
0.000780
0.000778
0.000776
0.000778
0.000786
0.000793
0.000795
0.000795
0.000799
0.000812
0.000829
0.000844
0.000854
0.000858
0.000860
0.000861
0.000862
0.000867
0.000877
0.000892
0.000908
0.000925
0.000942
0.000956
0.000967
0.000973
0.000977
0.000984
0.000993
0.001004
0.001010
0.001008
0.001000
0.000990
0.000986
0.000991
0.001005
0.001021
0.001033
0.001036
0.001031
0.001023
0.001015
0.001010
0.001005
0.000997
0.000982
0.000959
0.000934
0.000914
0.000903
0.000899
0.000898
0.000900
0.000900
0.000895
0.000883
0.000869
0.000866
0.000879
0.000906
0.000943
0.000982
0.001022
0.001058
0.001086
0.001106
0.001124
0.001141
0.001158
0.001166
0.001159
0.001139
0.001111
0.001082
0.001055
0.001032
0.001015
0.001003
0.000994
0.000987
0.000981
0.000976
0.000968
0.000959
0.000949
0.000942
0.000937
0.000930
0.000919
0.000904
0.000890
0.000881
0.000881
0.000887
0.000894
0.000897
0.000893
0.000890
0.000892
0.000899
0.000906
0.000915
0.000931
0.000956
0.000984
0.001005
0.001016
0.001022
0.001029
0.001037
0.001046
0.001051
0.001048
0.001038
0.001027
0.001021
0.001021
0.001022
0.001019
0.001014
0.001010
0.001005
0.000993
0.000973
0.000949
0.000929
0.000917
0.000915
0.000925
0.000946
0.000968
0.000982
0.000989
0.001001
0.001026
0.001059
0.001085
0.001098
0.001103
0.001104
0.001104
0.001101
0.001098
0.001098
0.001099
0.001098
0.001089
0.001074
0.001058
0.001045
0.001036
0.001028
0.001017
0.001005
0.000999
0.001000
0.001004
0.001005
0.001005
0.001006
0.001012
0.001024
0.001041
0.001058
0.001068
0.001066
0.001061
0.001063
0.001072
0.001085
0.001100
0.001121
0.001146
0.001171
0.001193
0.001215
0.001247
0.001289
0.001341
0.001394
0.001434
0.001455
0.001463
0.001470
0.001485
0.001507
0.001535
0.001565
0.001596
0.001625
0.001652
0.001680
0.001709
0.001731
0.001742
0.001743
0.001742
0.001739
0.001733
0.001723
0.001707
0.001685
0.001654
0.001621
0.001591
0.001565
0.001537
0.001507
0.001483
0.001466
0.001449
0.001427
0.001403
0.001384
0.001376
0.001373
0.001374
0.001377
0.001380
0.001385
0.001390
0.001399
0.001415
0.001437
0.001462
0.001488
0.001515
0.001542
0.001567
0.001587
0.001601
0.001612
0.001623
0.001635
0.001645
0.001650
0.001646
0.001634
0.001619
0.001608
0.001599
0.001582
0.001546
0.001500
0.001459
0.001428
0.001404
0.001378
0.001346
0.001312
0.001275
0.001236
0.001199
0.001163
0.001128
0.001097
0.001069
0.001045
0.001023
0.001007
0.001000
0.000999
0.000995
0.000985
0.000973
0.000966
0.000961
0.000951
0.000937
0.000924
0.000918
0.000922
0.000935
0.000952
0.000968
0.000976
0.000979
0.000983
0.000989
0.000993
0.000992
0.000988
0.000980
0.000968
0.000950
0.000935
0.000931
0.000937
0.000944
0.000947
0.000951
0.000963
0.000980
0.000995
0.000996
0.000982
0.000961
0.000941
0.000924
0.000909
0.000892
0.000877
0.000871
0.000873
0.000882
0.000896
0.000914
0.000930
0.000938
0.000933
0.000919
0.000901
0.000884
0.000869
0.000859
0.000856
0.000862
0.000872
0.000886
0.000905
0.000932
0.000963
0.000989
0.001003
0.001007
0.001008
0.001008
0.001005
0.000998
0.000991
0.000988
0.000988
0.000989
0.000988
0.000990
0.000994
0.000999
0.000999
0.000995
0.000986
0.000974
0.000963
0.000953
0.000943
0.000926
0.000899
0.000866
0.000838
0.000823
0.000823
0.000831
0.000841
0.000852
0.000866
0.000880
0.000892
0.000899
0.000901
0.000904
0.000913
0.000925
0.000933
0.000930
0.000919
0.000907
0.000897
0.000890
0.000891
0.000902
0.000919
0.000928
0.000923
0.000911
0.000905
0.000905
0.000909
0.000915
0.000927
0.000939
0.000943
0.000935
0.000919
0.000902
0.000889
0.000886
0.000896
0.000915
0.000932
0.000938
0.000935
0.000929
0.000920
0.000910
0.000900
0.000895
0.000895
0.000898
0.000904
0.000909
0.000910
0.000907
0.000907
0.000915
0.000925
0.000926
0.000916
0.000900
0.000886
0.000878
0.000873
0.000871
0.000871
0.000874
0.000881
0.000890
0.000896
0.000895
0.000888
0.000881
0.000879
0.000879
0.000880
0.000880
0.000878
0.000873
0.000866
0.000862
0.000862
0.000862
0.000863
0.000866
0.000872
0.000874
0.000869
0.000862
0.000861
0.000866
0.000872
0.000877
0.000880
0.000883
0.000887
0.000894
0.000900
0.000902
0.000902
0.000907
0.000920
0.000933
0.000936
0.000930
0.000918
0.000904
0.000889
0.000881
0.000883
0.000892
0.000899
0.000903
0.000908
0.000913
0.000909
0.000888
0.000864
0.000857
0.000876
0.000911
0.000946
0.000970
0.000983
0.000989
0.000997
0.001011
0.001029
0.001043
0.001046
0.001041
0.001035
0.001037
0.001047
0.001062
0.001074
0.001079
0.001077
0.001073
0.001069
0.001066
0.001062
0.001057
0.001050
0.001043
0.001036
0.001030
0.001027
0.001027
0.001029
0.001029
0.001026
0.001021
0.001014
0.001005
0.000995
0.000982
0.000969
0.000958
0.000951
0.000952
0.000959
0.000966
0.000967
0.000963
0.000962
0.000965
0.000966
0.000964
0.000963
0.000967
0.000976
0.000982
0.000986
0.000990
0.000998
0.001006
0.001013
0.001018
0.001019
0.001010
0.000993
0.000972
0.000949
0.000926
0.000906
0.000896
0.000900
0.000908
0.000909
0.000901
0.000890
0.000882
0.000880
0.000882
0.000883
0.000878
0.000868
0.000861
0.000864
0.000878
0.000893
0.000904
0.000915
0.000929
0.000942
0.000948
0.000944
0.000934
0.000919
0.000905
0.000899
0.000903
0.000911
0.000908
0.000891
0.000867
0.000847
0.000831
0.000813
0.000793
0.000781
0.000783
0.000798
0.000817
0.000838
0.000857
0.000871
0.000878
0.000883
0.000890
0.000902
0.000915
0.000924
0.000924
0.000915
0.000901
0.000888
0.000881
0.000882
0.000890
0.000907
0.000934
0.000968
0.001002
0.001027
0.001044
0.001061
0.001087
0.001128
0.001183
0.001252
0.001332
0.001416
0.001491
0.001546
0.001581
0.001603
0.001618
0.001620
0.001597
0.001544
0.001471
0.001390
0.001312
0.001242
0.001184
0.001138
0.001101
0.001069
0.001047
0.001040
0.001046
0.001063
0.001091
0.001128
0.001168
0.001197
0.001208
0.001210
0.001219
0.001242
0.001275
0.001319
0.001383
0.001469
0.001567
0.001663
0.001751
0.001833
0.001914
0.001986
0.002040
0.002070
0.002074
0.002052
0.002009
0.001953
0.001891
0.001827
0.001764
0.001705
0.001650
0.001596
0.001543
0.001492
0.001447
0.001407
0.001370
0.001333
0.001297
0.001267
0.001246
0.001233
0.001223
0.001210
0.001194
0.001177
0.001163
0.001157
0.001158
0.001168
0.001192
0.001233
0.001289
0.001350
0.001410
0.001466
0.001521
0.001577
0.001634
0.001693
0.001759
0.001835
0.001918
0.001998
0.002068
0.002119
0.002148
0.002150
0.002121
0.002062
0.001983
0.001894
0.001800
0.001701
0.001603
0.001513
0.001436
0.001372
0.001318
0.001268
0.001222
0.001178
0.001136
0.001101
0.001080
0.001071
0.001066
0.001056
0.001037
0.001014
0.000995
0.000984
0.000976
0.000965
0.000946
0.000928
0.000916
0.000913
0.000910
0.000904
0.000895
0.000885
0.000877
0.000876
0.000883
0.000893
0.000897
0.000888
0.000869
0.000848
0.000829
0.000815
0.000809
0.000812
0.000823
0.000833
0.000838
0.000835
0.000826
0.000815
0.000803
0.000792
0.000782
0.000773
0.000763
0.000755
0.000750
0.000747
0.000746
0.000747
0.000751
0.000759
0.000767
0.000773
0.000774
0.000771
0.000767
0.000765
0.000769
0.000781
0.000796
0.000809
0.000815
0.000816
0.000816
0.000817
0.000813
0.000799
0.000779
0.000762
0.000755
0.000756
0.000761
0.000763
0.000760
0.000752
0.000739
0.000727
0.000722
0.000723
0.000724
0.000720
0.000718
0.000724
0.000736
0.000744
0.000744
0.000743
0.000752
0.000771
0.000794
0.000815
0.000833
0.000848
0.000858
0.000862
0.000856
0.000841
0.000821
0.000805
0.000802
0.000811
0.000825
0.000836
0.000846
0.000857
0.000864
0.000859
0.000845
0.000830
0.000819
0.000809
0.000794
0.000774
0.000758
0.000750
0.000750
0.000753
0.000757
0.000760
0.000765
0.000772
0.000782
0.000793
0.000800
0.000800
0.000790
0.000772
0.000754
0.000752
0.000768
0.000793
0.000812
0.000819
0.000819
0.000820
0.000822
0.000825
0.000829
0.000834
0.000837
0.000838
0.000839
0.000840
0.000843
0.000849
0.000855
0.000860
0.000863
0.000863
0.000863
0.000856
0.000840
0.000820
0.000810
0.000815
0.000823
0.000825
0.000820
0.000821
0.000833
0.000852
0.000866
0.000867
0.000854
0.000829
0.000800
0.000777
0.000764
0.000760
0.000758
0.000759
0.000764
0.000774
0.000787
0.000800
0.000814
0.000831
0.000847
0.000858
0.000861
0.000856
0.000849
0.000844
0.000841
0.000839
0.000837
0.000838
0.000845
0.000856
0.000866
0.000871
0.000870
0.000867
0.000867
0.000867
0.000862
0.000848
0.000832
0.000824
0.000825
0.000830
0.000834
0.000835
0.000833
0.000826
0.000818
0.000811
0.000807
0.000802
0.000798
0.000800
0.000813
0.000831
0.000845
0.000851
0.000853
0.000851
0.000845
0.000837
0.000833
0.000831
0.000830
0.000828
0.000827
0.000828
0.000831
0.000833
0.000836
0.000837
0.000839
0.000847
0.000865
0.000884
0.000893
0.000887
0.000873
0.000861
0.000853
0.000850
0.000852
0.000859
0.000863
0.000861
0.000856
0.000855
0.000858
0.000861
0.000860
0.000857
0.000852
0.000849
0.000849
0.000854
0.000860
0.000861
0.000856
0.000851
0.000853
0.000860
0.000869
0.000877
0.000882
0.000884
0.000882
0.000874
0.000863
0.000855
0.000854
0.000856
0.000855
0.000847
0.000839
0.000840
0.000851
0.000863
0.000874
0.000887
0.000903
0.000920
0.000930
0.000933
0.000930
0.000923
0.000911
0.000894
0.000875
0.000855
0.000840
0.000836
0.000844
0.000857
0.000868
0.000879
0.000895
0.000919
0.000941
0.000953
0.000954
0.000952
0.000955
0.000963
0.000972
0.000980
0.000988
0.001001
0.001023
0.001055
0.001089
0.001115
0.001138
0.001170
0.001217
0.001275
0.001333
0.001387
0.001442
0.001501
0.001561
0.001619
0.001675
0.001726
0.001768
0.001794
0.001803
0.001797
0.001774
0.001739
0.001698
0.001658
0.001620
0.001576
0.001521
0.001453
0.001375
0.001294
0.001221
0.001164
0.001122
0.001085
0.001044
0.001004
0.000971
0.000946
0.000924
0.000902
0.000886
0.000877
0.000876
0.000876
0.000874
0.000871
0.000871
0.000874
0.000877
0.000879
0.000882
0.000886
0.000888
0.000886
0.000879
0.000870
0.000859
0.000844
0.000829
0.000821
0.000822
0.000829
0.000834
0.000837
0.000842
0.000848
0.000853
0.000854
0.000854
0.000855
0.000860
0.000867
0.000872
0.000872
0.000871
0.000871
0.000872
0.000871
0.000865
0.000858
0.000853
0.000850
0.000849
0.000849
0.000849
0.000847
0.000845
0.000847
0.000861
0.000885
0.000911
0.000933
0.000953
0.000973
0.000993
0.001010
0.001022
0.001029
0.001033
0.001033
0.001033
0.001036
0.001043
0.001052
0.001063
0.001076
0.001089
0.001100
0.001107
0.001113
0.001119
0.001122
0.001118
0.001112
0.001110
0.001116
0.001122
0.001121
0.001117
0.001116
0.001117
0.001118
0.001121
0.001128
0.001133
0.001127
0.001111
0.001094
0.001087
0.001083
0.001078
0.001071
0.001069
0.001072
0.001075
0.001076
0.001074
0.001067
0.001055
0.001042
0.001033
0.001033
0.001039
0.001046
0.001053
0.001055
0.001053
0.001049
0.001047
0.001049
0.001051
0.001055
0.001060
0.001064
0.001067
0.001069
0.001072
0.001069
0.001055
0.001031
0.001007
0.000991
0.000981
0.000977
0.000978
0.000983
0.000985
0.000980
0.000972
0.000965
0.000961
0.000960
0.000966
0.000975
0.000980
0.000973
0.000962
0.000954
0.000952
0.000947
0.000940
0.000939
0.000948
0.000966
0.000986
0.000998
0.000998
0.000984
0.000964
0.000949
0.000944
0.000944
0.000944
0.000945
0.000952
0.000962
0.000970
0.000973
0.000976
0.000983
0.000996
0.001012
0.001032
0.001054
0.001072
0.001081
0.001087
0.001100
0.001116
0.001127
0.001124
0.001119
0.001124
0.001139
0.001156
0.001168
0.001179
0.001190
0.001193
0.001183
0.001162
0.001140
0.001121
0.001104
0.001085
0.001060
0.001032
0.001003
0.000982
0.000971
0.000968
0.000963
0.000954
0.000945
0.000940
0.000940
0.000945
0.000955
0.000967
0.000976
0.000978
0.000976
0.000976
0.000982
0.000988
0.000990
0.000985
0.000974
0.000964
0.000956
0.000952
0.000945
0.000934
0.000923
0.000918
0.000918
0.000914
0.000904
0.000892
0.000884
0.000881
0.000882
0.000889
0.000901
0.000912
0.000913
0.000903
0.000890
0.000882
0.000879
0.000875
0.000871
0.000872
0.000884
0.000902
0.000914
0.000912
0.000900
0.000887
0.000878
0.000877
0.000883
0.000894
0.000907
0.000920
0.000930
0.000939
0.000950
0.000959
0.000958
0.000943
0.000919
0.000898
0.000886
0.000880
0.000874
0.000870
0.000872
0.000876
0.000878
0.000877
0.000874
0.000870
0.000868
0.000867
0.000866
0.000864
0.000857
0.000847
0.000837
0.000828
0.000821
0.000821
0.000827
0.000834
0.000839
0.000842
0.000848
0.000856
0.000863
0.000870
0.000883
0.000902
0.000921
0.000932
0.000932
0.000924
0.000913
0.000904
0.000902
0.000904
0.000905
0.000902
0.000901
0.000903
0.000905
0.000904
0.000899
0.000890
0.000871
0.000845
0.000825
0.000824
0.000841
0.000862
0.000882
0.000899
0.000912
0.000915
0.000906
0.000893
0.000883
0.000878
0.000874
0.000868
0.000858
0.000850
0.000851
0.000862
0.000875
0.000879
0.000869
0.000852
0.000833
0.000817
0.000809
0.000814
0.000834
0.000861
0.000884
0.000899
0.000906
0.000906
0.000903
0.000899
0.000896
0.000892
0.000886
0.000879
0.000875
0.000877
0.000884
0.000891
0.000895
0.000894
0.000892
0.000890
0.000886
0.000877
0.000862
0.000844
0.000824
0.000804
0.000793
0.000794
0.000804
0.000818
0.000833
0.000853
0.000874
0.000888
0.000892
0.000891
0.000889
0.000883
0.000872
0.000860
0.000857
0.000860
0.000866
0.000873
0.000881
0.000889
0.000892
0.000892
0.000894
0.000898
0.000903
0.000905
0.000907
0.000910
0.000915
0.000922
0.000934
0.000948
0.000959
0.000961
0.000956
0.000946
0.000936
0.000926
0.000913
0.000898
0.000882
0.000870
0.000867
0.000869
0.000871
0.000871
0.000870
0.000875
0.000884
0.000897
0.000910
0.000919
0.000922
0.000921
0.000918
0.000917
0.000916
0.000913
0.000911
0.000912
0.000915
0.000915
0.000907
0.000892
0.000873
0.000857
0.000848
0.000851
0.000864
0.000883
0.000901
0.000912
0.000916
0.000913
0.000906
0.000897
0.000890
0.000891
0.000901
0.000911
0.000911
0.000903
0.000895
0.000893
0.000889
0.000880
0.000874
0.000880
0.000897
0.000913
0.000918
0.000914
0.000907
0.000902
0.000902
0.000909
0.000920
0.000930
0.000935
0.000933
0.000923
0.000907
0.000892
0.000887
0.000892
0.000898
0.000898
0.000890
0.000878
0.000864
0.000852
0.000844
0.000836
0.000825
0.000812
0.000808
0.000817
0.000837
0.000861
0.000884
0.000903
0.000912
0.000906
0.000892
0.000879
0.000872
0.000874
0.000888
0.000914
0.000947
0.000970
0.000977
0.000970
0.000959
0.000946
0.000930
0.000910
0.000890
0.000870
0.000854
0.000842
0.000835
0.000835
0.000839
0.000847
0.000856
0.000863
0.000869
0.000876
0.000879
0.000872
0.000858
0.000845
0.000846
0.000861
0.000885
0.000913
0.000939
0.000962
0.000981
0.000997
0.001012
0.001020
0.001017
0.001006
0.000995
0.000989
0.000987
0.000983
0.000981
0.000985
0.000998
0.001016
0.001032
0.001044
0.001054
0.001063
0.001071
0.001080
0.001091
0.001107
0.001127
0.001152
0.001179
0.001209
0.001242
0.001278
0.001322
0.001377
0.001446
0.001530
0.001625
0.001728
0.001834
0.001937
0.002033
0.002116
0.002177
0.002206
0.002195
0.002152
0.002094
0.002033
0.001975
0.001920
0.001867
0.001814
0.001761
0.001711
0.001666
0.001623
0.001579
0.001533
0.001489
0.001447
0.001405
0.001363
0.001326
0.001301
0.001288
0.001286
0.001291
0.001303
0.001320
0.001341
0.001365
0.001392
0.001424
0.001458
0.001489
0.001514
0.001534
0.001559
0.001598
0.001651
0.001714
0.001780
0.001849
0.001924
0.002008
0.002094
0.002171
0.002224
0.002247
0.002244
0.002219
0.002171
0.002098
0.002009
0.001917
0.001829
0.001736
0.001633
0.001531
0.001449
0.001394
0.001361
0.001338
0.001315
0.001289
0.001258
0.001227
0.001200
0.001179
0.001162
0.001149
0.001136
0.001124
0.001112
0.001104
0.001100
0.001101
0.001103
0.001106
0.001107
0.001107
0.001106
0.001104
0.001098
0.001082
0.001058
0.001038
0.001028
0.001022
0.001010
0.000992
0.000979
0.000975
0.000979
0.000982
0.000980
0.000974
0.000964
0.000952
0.000947
0.000952
0.000960
0.000963
0.000958
0.000948
0.000939
0.000932
0.000927
0.000923
0.000922
0.000930
0.000946
0.000966
0.000977
0.000976
0.000966
0.000957
0.000955
0.000963
0.000977
0.000991
0.001001
0.001004
0.000999
0.000986
0.000970
0.000957
0.000953
0.000957
0.000965
0.000974
0.000983
0.000990
0.000990
0.000982
0.000970
0.000961
0.000959
0.000964
0.000972
0.000981
0.000986
0.000985
0.000980
0.000976
0.000972
0.000963
0.000946
0.000927
0.000912
0.000903
0.000901
0.000906
0.000916
0.000921
0.000912
0.000893
0.000878
0.000876
0.000883
0.000891
0.000897
0.000908
0.000924
0.000938
0.000946
0.000950
0.000955
0.000956
0.000950
0.000935
0.000915
0.000894
0.000877
0.000866
0.000865
0.000871
0.000876
0.000876
0.000869
0.000853
0.000831
0.000811
0.000805
0.000816
0.000833
0.000843
0.000844
0.000840
0.000836
0.000834
0.000834
0.000838
0.000845
0.000853
0.000859
0.000862
0.000862
0.000859
0.000856
0.000857
0.000865
0.000878
0.000888
0.000885
0.000871
0.000853
0.000844
0.000846
0.000854
0.000864
0.000873
0.000881
0.000884
0.000883
0.000879
0.000873
0.000864
0.000854
0.000845
0.000840
0.000840
0.000841
0.000841
0.000844
0.000851
0.000863
0.000879
0.000895
0.000907
0.000915
0.000921
0.000929
0.000936
0.000939
0.000936
0.000930
0.000921
0.000909
0.000893
0.000882
0.000883
0.000898
0.000918
0.000932
0.000933
0.000924
0.000919
0.000932
0.000960
0.000986
0.000995
0.000988
0.000977
0.000978
0.000991
0.001009
0.001023
0.001028
0.001022
0.001007
0.000988
0.000973
0.000965
0.000963
0.000962
0.000958
0.000952
0.000946
0.000938
0.000928
0.000919
0.000913
0.000912
0.000915
0.000920
0.000927
0.000934
0.000939
0.000941
0.000940
0.000937
0.000935
0.000935
0.000935
0.000935
0.000930
0.000920
0.000908
0.000896
0.000886
0.000878
0.000875
0.000871
0.000867
0.000865
0.000871
0.000888
0.000910
0.000931
0.000949
0.000962
0.000970
0.000974
0.000975
0.000973
0.000965
0.000951
0.000933
0.000920
0.000914
0.000913
0.000912
0.000911
0.000909
0.000907
0.000900
0.000886
0.000865
0.000841
0.000820
0.000810
0.000810
0.000818
0.000828
0.000831
0.000826
0.000813
0.000803
0.000802
0.000814
0.000833
0.000854
0.000874
0.000896
0.000919
0.000934
0.000932
0.000911
0.000883
0.000861
0.000847
0.000837
0.000825
0.000817
0.000818
0.000830
0.000845
0.000858
0.000867
0.000869
0.000868
0.000866
0.000867
0.000870
0.000870
0.000860
0.000838
0.000808
0.000780
0.000758
0.000746
0.000740
0.000738
0.000738
0.000741
0.000749
0.000765
0.000789
0.000813
0.000830
0.000839
0.000844
0.000847
0.000846
0.000839
0.000827
0.000812
0.000795
0.000775
0.000755
0.000739
0.000731
0.000730
0.000733
0.000742
0.000754
0.000766
0.000776
0.000784
0.000794
0.000807
0.000819
0.000828
0.000835
0.000843
0.000847
0.000842
0.000831
0.000821
0.000819
0.000825
0.000837
0.000851
0.000867
0.000879
0.000882
0.000876
0.000866
0.000856
0.000846
0.000832
0.000814
0.000793
0.000775
0.000762
0.000753
0.000748
0.000747
0.000752
0.000762
0.000773
0.000785
0.000796
0.000800
0.000794
0.000783
0.000772
0.000767
0.000770
0.000780
0.000795
0.000808
0.000812
0.000808
0.000804
0.000806
0.000813
0.000822
0.000834
0.000851
0.000868
0.000876
0.000874
0.000866
0.000858
0.000848
0.000834
0.000815
0.000794
0.000771
0.000750
0.000735
0.000727
0.000722
0.000722
0.000727
0.000735
0.000742
0.000746
0.000751
0.000759
0.000765
0.000765
0.000759
0.000749
0.000736
0.000722
0.000716
0.000721
0.000735
0.000748
0.000754
0.000755
0.000752
0.000748
0.000741
0.000731
0.000719
0.000714
0.000724
0.000747
0.000768
0.000776
0.000776
0.000781
0.000795
0.000810
0.000818
0.000820
0.000819
0.000814
0.000806
0.000799
0.000796
0.000796
0.000795
0.000795
0.000798
0.000804
0.000813
0.000823
0.000830
0.000829
0.000823
0.000821
0.000829
0.000843
0.000851
0.000845
0.000831
0.000816
0.000811
0.000815
0.000825
0.000833
0.000832
0.000818
0.000794
0.000769
0.000753
0.000749
0.000756
0.000768
0.000785
0.000804
0.000816
0.000817
0.000808
0.000798
0.000790
0.000783
0.000777
0.000776
0.000781
0.000785
0.000786
0.000784
0.000778
0.000764
0.000746
0.000734
0.000734
0.000741
0.000742
0.000737
0.000732
0.000733
0.000737
0.000737
0.000736
0.000736
0.000738
0.000740
0.000740
0.000736
0.000729
0.000718
0.000709
0.000705
0.000705
0.000712
0.000722
0.000734
0.000742
0.000743
0.000738
0.000736
0.000740
0.000752
0.000768
0.000782
0.000789
0.000788
0.000784
0.000780
0.000778
0.000775
0.000769
0.000762
0.000758
0.000758
0.000765
0.000778
0.000795
0.000813
0.000825
0.000830
0.000827
0.000818
0.000807
0.000800
0.000798
0.000796
0.000795
0.000794
0.000795
0.000796
0.000800
0.000808
0.000821
0.000828
0.000821
0.000805
0.000790
0.000780
0.000768
0.000751
0.000735
0.000730
0.000733
0.000734
0.000729
0.000723
0.000721
0.000725
0.000732
0.000741
0.000747
0.000744
0.000738
0.000737
0.000745
0.000757
0.000766
0.000771
0.000773
0.000769
0.000756
0.000742
0.000735
0.000738
0.000753
0.000775
0.000796
0.000806
0.000805
0.000803
0.000810
0.000822
0.000824
0.000812
0.000790
0.000766
0.000744
0.000732
0.000734
0.000749
0.000768
0.000782
0.000789
0.000794
0.000801
0.000814
0.000827
0.000833
0.000832
0.000829
0.000828
0.000826
0.000823
0.000820
0.000823
0.000830
0.000838
0.000844
0.000847
0.000842
0.000832
0.000823
0.000820
0.000822
0.000822
0.000818
0.000812
0.000807
0.000801
0.000798
0.000801
0.000807
0.000811
0.000811
0.000813
0.000814
0.000809
0.000793
0.000779
0.000778
0.000796
0.000825
0.000850
0.000861
0.000855
0.000838
0.000820
0.000806
0.000793
0.000779
0.000765
0.000753
0.000743
0.000738
0.000743
0.000759
0.000777
0.000790
0.000796
0.000798
0.000793
0.000784
0.000776
0.000773
0.000770
0.000758
0.000740
0.000722
0.000713
0.000716
0.000728
0.000748
0.000767
0.000778
0.000784
0.000789
0.000792
0.000786
0.000773
0.000759
0.000753
0.000755
0.000760
0.000762
0.000757
0.000748
0.000741
0.000738
0.000736
0.000733
0.000730
0.000730
0.000730
0.000728
0.000726
0.000730
0.000739
0.000751
0.000763
0.000776
0.000787
0.000795
0.000800
0.000801
0.000796
0.000785
0.000773
0.000768
0.000767
0.000764
0.000759
0.000755
0.000753
0.000750
0.000750
0.000761
0.000777
0.000787
0.000782
0.000769
0.000758
0.000752
0.000749
0.000752
0.000760
0.000771
0.000779
0.000786
0.000793
0.000803
0.000812
0.000820
0.000825
0.000823
0.000812
0.000795
0.000779
0.000771
0.000772
0.000777
0.000781
0.000779
0.000771
0.000763
0.000757
0.000753
0.000747
0.000741
0.000743
0.000756
0.000773
0.000784
0.000785
0.000783
0.000783
0.000783
0.000777
0.000763
0.000750
0.000743
0.000737
0.000723
0.000701
0.000679
0.000666
0.000660
0.000657
0.000658
0.000668
0.000687
0.000706
0.000713
0.000708
0.000697
0.000685
0.000675
0.000666
0.000659
0.000653
0.000650
0.000653
0.000668
0.000695
0.000727
0.000754
0.000767
0.000767
0.000760
0.000754
0.000752
0.000754
0.000757
0.000759
0.000757
0.000755
0.000754
0.000757
0.000763
0.000770
0.000772
0.000765
0.000747
0.000724
0.000704
0.000689
0.000681
0.000679
0.000684
0.000690
0.000691
0.000685
0.000677
0.000671
0.000666
0.000664
0.000669
0.000682
0.000700
0.000718
0.000736
0.000750
0.000752
0.000745
0.000738
0.000737
0.000738
0.000734
0.000727
0.000723
0.000724
0.000728
0.000736
0.000746
0.000751
0.000745
0.000730
0.000713
0.000700
0.000688
0.000678
0.000669
0.000664
0.000665
0.000672
0.000685
0.000702
0.000715
0.000723
0.000727
0.000732
0.000740
0.000749
0.000758
0.000765
0.000766
0.000762
0.000758
0.000759
0.000765
0.000769
0.000764
0.000749
0.000731
0.000718
0.000715
0.000720
0.000731
0.000744
0.000757
0.000765
0.000765
0.000762
0.000761
0.000765
0.000769
0.000772
0.000775
0.000778
0.000783
0.000793
0.000804
0.000812
0.000813
0.000809
0.000805
0.000802
0.000796
0.000787
0.000781
0.000776
0.000766
0.000751
0.000740
0.000738
0.000743
0.000751
0.000763
0.000784
0.000808
0.000829
0.000840
0.000844
0.000845
0.000843
0.000837
0.000823
0.000804
0.000784
0.000771
0.000768
0.000767
0.000762
0.000751
0.000740
0.000731
0.000722
0.000715
0.000711
0.000710
0.000707
0.000700
0.000690
0.000685
0.000689
0.000700
0.000713
0.000723
0.000729
0.000737
0.000750
0.000767
0.000782
0.000790
0.000788
0.000778
0.000763
0.000744
0.000722
0.000704
0.000699
0.000708
0.000723
0.000732
0.000733
0.000731
0.000729
0.000724
0.000717
0.000712
0.000713
0.000720
0.000730
0.000743
0.000754
0.000757
0.000749
0.000737
0.000727
0.000726
0.000736
0.000755
0.000773
0.000784
0.000790
0.000797
0.000804
0.000807
0.000803
0.000796
0.000792
0.000787
0.000778
0.000766
0.000758
0.000754
0.000757
0.000766
0.000778
0.000785
0.000779
0.000764
0.000747
0.000732
0.000715
0.000700
0.000696
0.000710
0.000738
0.000764
0.000778
0.000777
0.000769
0.000761
0.000755
0.000752
0.000749
0.000746
0.000748
0.000752
0.000757
0.000762
0.000764
0.000763
0.000753
0.000736
0.000715
0.000696
0.000682
0.000680
0.000690
0.000706
0.000721
0.000729
0.000731
0.000729
0.000724
0.000722
0.000728
0.000743
0.000760
0.000773
0.000781
0.000786
0.000788
0.000788
0.000789
0.000792
0.000796
0.000793
0.000783
0.000769
0.000759
0.000753
0.000748
0.000740
0.000734
0.000735
0.000744
0.000758
0.000766
0.000768
0.000765
0.000762
0.000763
0.000770
0.000782
0.000797
0.000810
0.000814
0.000808
0.000794
0.000778
0.000765
0.000758
0.000755
0.000752
0.000748
0.000745
0.000741
0.000735
0.000730
0.000729
0.000730
0.000727
0.000723
0.000725
0.000735
0.000747
0.000753
0.000754
0.000757
0.000766
0.000775
0.000781
0.000780
0.000775
0.000768
0.000764
0.000763
0.000759
0.000750
0.000739
0.000734
0.000734
0.000734
0.000725
0.000711
0.000697
0.000689
0.000686
0.000685
0.000688
0.000697
0.000711
0.000723
0.000730
0.000730
0.000728
0.000729
0.000729
0.000728
0.000726
0.000729
0.000739
0.000756
0.000775
0.000794
0.000808
0.000816
0.000817
0.000814
0.000809
0.000804
0.000800
0.000799
0.000800
0.000801
0.000802
0.000805
0.000810
0.000814
0.000812
0.000802
0.000787
0.000770
0.000759
0.000758
0.000765
0.000773
0.000779
0.000783
0.000788
0.000795
0.000797
0.000796
0.000796
0.000802
0.000811
0.000819
0.000823
0.000823
0.000817
0.000804
0.000785
0.000766
0.000756
0.000757
0.000760
0.000761
0.000759
0.000759
0.000761
0.000758
0.000746
0.000732
0.000724
0.000724
0.000728
0.000733
0.000740
0.000750
0.000762
0.000776
0.000788
0.000795
0.000796
0.000791
0.000784
0.000775
0.000767
0.000759
0.000752
0.000744
0.000737
0.000729
0.000723
0.000720
0.000723
0.000732
0.000743
0.000747
0.000745
0.000741
0.000741
0.000744
0.000744
0.000740
0.000735
0.000734
0.000738
0.000741
0.000743
0.000745
0.000753
0.000767
0.000779
0.000784
0.000780
0.000773
0.000769
0.000768
0.000768
0.000770
0.000773
0.000778
0.000784
0.000792
0.000799
0.000802
0.000794
0.000779
0.000766
0.000762
0.000764
0.000771
0.000779
0.000787
0.000790
0.000783
0.000769
0.000753
0.000739
0.000727
0.000719
0.000714
0.000712
0.000709
0.000703
0.000696
0.000694
0.000705
0.000723
0.000739
0.000748
0.000754
0.000762
0.000771
0.000777
0.000776
0.000772
0.000769
0.000763
0.000752
0.000743
0.000739
0.000739
0.000737
0.000735
0.000739
0.000751
0.000763
0.000771
0.000776
0.000782
0.000787
0.000784
0.000775
0.000765
0.000762
0.000763
0.000763
0.000759
0.000751
0.000742
0.000738
0.000740
0.000747
0.000755
0.000762
0.000769
0.000776
0.000781
0.000781
0.000775
0.000769
0.000767
0.000773
0.000781
0.000784
0.000780
0.000771
0.000760
0.000749
0.000736
0.000722
0.000715
0.000717
0.000729
0.000741
0.000746
0.000744
0.000742
0.000747
0.000758
0.000767
0.000769
0.000763
0.000753
0.000740
0.000728
0.000718
0.000715
0.000721
0.000733
0.000749
0.000768
0.000785
0.000798
0.000806
0.000809
0.000807
0.000802
0.000791
0.000777
0.000764
0.000754
0.000749
0.000744
0.000739
0.000735
0.000738
0.000748
0.000763
0.000777
0.000788
0.000791
0.000786
0.000775
0.000769
0.000773
0.000784
0.000792
0.000791
0.000784
0.000779
0.000774
0.000765
0.000755
0.000748
0.000747
0.000746
0.000743
0.000739
0.000740
0.000745
0.000749
0.000744
0.000734
0.000725
0.000724
0.000731
0.000743
0.000753
0.000760
0.000763
0.000762
0.000760
0.000756
0.000750
0.000740
0.000732
0.000731
0.000737
0.000743
0.000748
0.000754
0.000762
0.000762
0.000749
0.000727
0.000708
0.000703
0.000710
0.000722
0.000733
0.000745
0.000762
0.000783
0.000798
0.000794
0.000775
0.000758
0.000756
0.000769
0.000789
0.000811
0.000835
0.000853
0.000857
0.000848
0.000838
0.000832
0.000822
0.000802
0.000780
0.000764
0.000755
0.000746
0.000737
0.000736
0.000743
0.000750
0.000753
0.000750
0.000741
0.000729
0.000717
0.000710
0.000711
0.000715
0.000720
0.000722
0.000723
0.000721
0.000717
0.000719
0.000730
0.000748
0.000763
0.000771
0.000775
0.000781
0.000792
0.000802
0.000804
0.000797
0.000785
0.000772
0.000759
0.000751
0.000747
0.000749
0.000751
0.000751
0.000747
0.000738
0.000724
0.000709
0.000702
0.000704
0.000706
0.000703
0.000695
0.000692
0.000696
0.000704
0.000717
0.000738
0.000764
0.000782
0.000790
0.000794
0.000801
0.000807
0.000803
0.000789
0.000783
0.000790
0.000804
0.000814
0.000816
0.000811
0.000802
0.000790
0.000777
0.000768
0.000767
0.000773
0.000778
0.000777
0.000772
0.000768
0.000769
0.000773
0.000779
0.000787
0.000793
0.000793
0.000786
0.000778
0.000780
0.000796
0.000818
0.000836
0.000841
0.000837
0.000828
0.000817
0.000806
0.000797
0.000786
0.000774
0.000765
0.000763
0.000772
0.000788
0.000805
0.000817
0.000826
0.000834
0.000841
0.000848
0.000853
0.000855
0.000857
0.000857
0.000852
0.000840
0.000824
0.000807
0.000797
0.000792
0.000790
0.000786
0.000780
0.000774
0.000772
0.000774
0.000782
0.000791
0.000794
0.000787
0.000769
0.000748
0.000729
0.000716
0.000710
0.000713
0.000719
0.000726
0.000731
0.000738
0.000751
0.000766
0.000782
0.000799
0.000816
0.000823
0.000814
0.000793
0.000775
0.000769
0.000769
0.000768
0.000768
0.000772
0.000780
0.000785
0.000784
0.000779
0.000774
0.000766
0.000755
0.000745
0.000740
0.000738
0.000735
0.000729
0.000722
0.000719
0.000720
0.000726
0.000734
0.000738
0.000735
0.000726
0.000715
0.000710
0.000713
0.000723
0.000738
0.000759
0.000782
0.000799
0.000802
0.000791
0.000773
0.000756
0.000743
0.000733
0.000728
0.000730
0.000738
0.000749
0.000758
0.000761
0.000759
0.000755
0.000753
0.000753
0.000750
0.000739
0.000722
0.000708
0.000703
0.000705
0.000709
0.000709
0.000705
0.000698
0.000692
0.000687
0.000685
0.000683
0.000685
0.000696
0.000715
0.000733
0.000742
0.000743
0.000743
0.000747
0.000750
0.000749
0.000742
0.000734
0.000725
0.000719
0.000720
0.000734
0.000758
0.000780
0.000790
0.000781
0.000760
0.000736
0.000716
0.000703
0.000695
0.000693
0.000692
0.000693
0.000696
0.000701
0.000706
0.000710
0.000713
0.000715
0.000715
0.000712
0.000712
0.000721
0.000738
0.000751
0.000753
0.000750
0.000753
0.000765
0.000780
0.000793
0.000807
0.000822
0.000834
0.000835
0.000827
0.000816
0.000808
0.000810
0.000825
0.000847
0.000863
0.000860
0.000840
0.000816
0.000798
0.000790
0.000792
0.000801
0.000812
0.000816
0.000807
0.000791
0.000776
0.000766
0.000760
0.000755
0.000752
0.000758
0.000775
0.000795
0.000807
0.000807
0.000801
0.000796
0.000794
0.000789
0.000780
0.000771
0.000767
0.000770
0.000778
0.000791
0.000806
0.000821
0.000832
0.000840
0.000842
0.000837
0.000821
0.000799
0.000780
0.000769
0.000767
0.000771
0.000777
0.000784
0.000790
0.000793
0.000791
0.000786
0.000782
0.000782
0.000787
0.000793
0.000797
0.000796
0.000793
0.000791
0.000791
0.000790
0.000784
0.000768
0.000748
0.000733
0.000732
0.000746
0.000766
0.000784
0.000794
0.000797
0.000796
0.000794
0.000792
0.000787
0.000778
0.000768
0.000763
0.000763
0.000767
0.000771
0.000775
0.000782
0.000790
0.000799
0.000803
0.000800
0.000794
0.000791
0.000797
0.000807
0.000811
0.000806
0.000795
0.000781
0.000765
0.000746
0.000732
0.000727
0.000731
0.000734
0.000728
0.000715
0.000703
0.000694
0.000686
0.000677
0.000669
0.000664
0.000662
0.000665
0.000675
0.000694
0.000720
0.000746
0.000766
0.000774
0.000771
0.000762
0.000752
0.000745
0.000740
0.000736
0.000738
0.000746
0.000758
0.000771
0.000781
0.000789
0.000794
0.000792
0.000785
0.000779
0.000777
0.000777
0.000770
0.000753
0.000731
0.000711
0.000698
0.000695
0.000700
0.000713
0.000728
0.000739
0.000749
0.000757
0.000764
0.000767
0.000768
0.000769
0.000769
0.000767
0.000766
0.000768
0.000772
0.000773
0.000769
0.000762
0.000756
0.000749
0.000738
0.000729
0.000727
0.000737
0.000753
0.000766
0.000774
0.000776
0.000775
0.000769
0.000759
0.000747
0.000737
0.000732
0.000735
0.000744
0.000755
0.000763
0.000767
0.000767
0.000766
0.000767
0.000772
0.000780
0.000786
0.000786
0.000781
0.000777
0.000780
0.000784
0.000783
0.000773
0.000758
0.000739
0.000721
0.000709
0.000706
0.000709
0.000712
0.000711
0.000709
0.000711
0.000718
0.000730
0.000744
0.000754
0.000759
0.000759
0.000760
0.000764
0.000766
0.000758
0.000739
0.000717
0.000701
0.000695
0.000697
0.000701
0.000700
0.000694
0.000690
0.000694
0.000707
0.000724
0.000738
0.000748
0.000752
0.000750
0.000746
0.000740
0.000731
0.000719
0.000705
0.000695
0.000697
0.000712
0.000735
0.000759
0.000775
0.000784
0.000786
0.000783
0.000771
0.000755
0.000742
0.000738
0.000742
0.000749
0.000761
0.000777
0.000794
0.000808
0.000813
0.000812
0.000806
0.000797
0.000787
0.000777
0.000770
0.000765
0.000763
0.000763
0.000763
0.000764
0.000769
0.000780
0.000797
0.000814
0.000832
0.000850
0.000867
0.000878
0.000878
0.000872
0.000864
0.000854
0.000844
0.000837
0.000835
0.000832
0.000825
0.000818
0.000815
0.000819
0.000825
0.000829
0.000831
0.000828
0.000819
0.000806
0.000794
0.000781
0.000763
0.000738
0.000715
0.000703
0.000704
0.000711
0.000716
0.000714
0.000709
0.000702
0.000694
0.000687
0.000685
0.000689
0.000699
0.000712
0.000725
0.000737
0.000748
0.000759
0.000775
0.000796
0.000815
0.000828
0.000834
0.000835
0.000832
0.000824
0.000814
0.000812
0.000820
0.000833
0.000842
0.000844
0.000845
0.000846
0.000848
0.000853
0.000860
0.000865
0.000861
0.000850
0.000838
0.000831
0.000830
0.000833
0.000844
0.000861
0.000880
0.000897
0.000906
0.000908
0.000900
0.000888
0.000879
0.000876
0.000876
0.000875
0.000875
0.000880
0.000891
0.000904
0.000916
0.000928
0.000942
0.000954
0.000962
0.000967
0.000970
0.000973
0.000974
0.000970
0.000957
0.000938
0.000916
0.000896
0.000880
0.000865
0.000848
0.000828
0.000804
0.000776
0.000748
0.000729
0.000724
0.000731
0.000747
0.000767
0.000782
0.000783
0.000772
0.000764
0.000772
0.000793
0.000813
0.000824
0.000833
0.000844
0.000856
0.000860
0.000855
0.000847
0.000838
0.000832
0.000827
0.000822
0.000813
0.000801
0.000792
0.000792
0.000800
0.000807
0.000807
0.000801
0.000793
0.000788
0.000793
0.000813
0.000841
0.000865
0.000883
0.000901
0.000932
0.000976
0.001029
0.001089
0.001157
0.001231
0.001308
0.001386
0.001458
0.001511
0.001528
0.001504
0.001444
0.001362
0.001275
0.001194
0.001124
0.001063
0.001013
0.000976
0.000955
0.000944
0.000936
0.000929
0.000920
0.000908
0.000888
0.000861
0.000835
0.000816
0.000806
0.000801
0.000793
0.000776
0.000751
0.000726
0.000711
0.000712
0.000721
0.000732
0.000748
0.000771
0.000801
0.000824
0.000831
0.000821
0.000808
0.000801
0.000804
0.000810
0.000812
0.000810
0.000811
0.000814
0.000815
0.000812
0.000808
0.000808
0.000808
0.000806
0.000797
0.000785
0.000775
0.000766
0.000758
0.000748
0.000738
0.000734
0.000735
0.000737
0.000735
0.000729
0.000724
0.000724
0.000727
0.000731
0.000734
0.000737
0.000741
0.000747
0.000756
0.000768
0.000783
0.000797
0.000807
0.000807
0.000801
0.000792
0.000785
0.000778
0.000771
0.000766
0.000768
0.000779
0.000795
0.000810
0.000821
0.000826
0.000826
0.000824
0.000822
0.000820
0.000817
0.000815
0.000815
0.000817
0.000814
0.000802
0.000786
0.000774
0.000769
0.000765
0.000760
0.000758
0.000765
0.000780
0.000794
0.000796
0.000785
0.000773
0.000771
0.000783
0.000800
0.000813
0.000815
0.000808
0.000793
0.000775
0.000758
0.000745
0.000737
0.000731
0.000728
0.000728
0.000729
0.000732
0.000738
0.000748
0.000759
0.000768
0.000773
0.000772
0.000763
0.000750
0.000745
0.000749
0.000759
0.000767
0.000775
0.000785
0.000794
0.000796
0.000790
0.000781
0.000775
0.000772
0.000770
0.000768
0.000760
0.000743
0.000719
0.000699
0.000691
0.000695
0.000707
0.000725
0.000747
0.000766
0.000778
0.000786
0.000796
0.000801
0.000797
0.000785
0.000775
0.000773
0.000778
0.000785
0.000785
0.000779
0.000770
0.000764
0.000767
0.000775
0.000783
0.000787
0.000786
0.000783
0.000780
0.000778
0.000776
0.000774
0.000771
0.000769
0.000768
0.000768
0.000771
0.000780
0.000793
0.000804
0.000808
0.000806
0.000805
0.000807
0.000813
0.000820
0.000826
0.000824
0.000811
0.000792
0.000772
0.000756
0.000748
0.000747
0.000754
0.000766
0.000781
0.000795
0.000802
0.000801
0.000795
0.000794
0.000800
0.000806
0.000802
0.000788
0.000770
0.000754
0.000739
0.000727
0.000715
0.000702
0.000689
0.000686
0.000695
0.000709
0.000716
0.000714
0.000708
0.000704
0.000700
0.000699
0.000708
0.000726
0.000745
0.000754
0.000755
0.000756
0.000759
0.000763
0.000767
0.000771
0.000772
0.000768
0.000764
0.000764
0.000772
0.000782
0.000793
0.000803
0.000811
0.000814
0.000810
0.000801
0.000791
0.000785
0.000783
0.000785
0.000792
0.000802
0.000809
0.000811
0.000805
0.000796
0.000788
0.000782
0.000774
0.000760
0.000750
0.000753
0.000771
0.000792
0.000807
0.000812
0.000812
0.000813
0.000817
0.000820
0.000815
0.000797
0.000770
0.000749
0.000744
0.000751
0.000756
0.000753
0.000744
0.000734
0.000724
0.000716
0.000710
0.000707
0.000706
0.000706
0.000710
0.000719
0.000729
0.000736
0.000740
0.000745
0.000749
0.000750
0.000747
0.000740
0.000729
0.000719
0.000714
0.000718
0.000723
0.000719
0.000702
0.000682
0.000667
0.000661
0.000664
0.000675
0.000689
0.000697
0.000694
0.000686
0.000683
0.000690
0.000701
0.000713
0.000721
0.000722
0.000713
0.000698
0.000683
0.000678
0.000683
0.000696
0.000712
0.000722
0.000725
0.000723
0.000720
0.000720
0.000721
0.000723
0.000724
0.000721
0.000714
0.000707
0.000706
0.000709
0.000710
0.000711
0.000716
0.000730
0.000751
0.000773
0.000794
0.000812
0.000824
0.000827
0.000825
0.000822
0.000817
0.000808
0.000796
0.000791
0.000795
0.000803
0.000807
0.000803
0.000796
0.000791
0.000790
0.000792
0.000795
0.000795
0.000790
0.000781
0.000775
0.000776
0.000779
0.000779
0.000773
0.000767
0.000766
0.000767
0.000770
0.000778
0.000792
0.000804
0.000804
0.000791
0.000775
0.000767
0.000766
0.000763
0.000749
0.000727
0.000703
0.000688
0.000686
0.000696
0.000715
0.000737
0.000756
0.000768
0.000771
0.000770
0.000768
0.000769
0.000768
0.000763
0.000759
0.000757
0.000757
0.000756
0.000751
0.000745
0.000739
0.000737
0.000739
0.000740
0.000736
0.000724
0.000706
0.000689
0.000680
0.000682
0.000696
0.000716
0.000736
0.000751
0.000758
0.000760
0.000760
0.000761
0.000762
0.000763
0.000762
0.000758
0.000747
0.000730
0.000712
0.000702
0.000710
0.000733
0.000761
0.000780
0.000785
0.000782
0.000775
0.000770
0.000766
0.000762
0.000755
0.000747
0.000746
0.000756
0.000770
0.000782
0.000792
0.000805
0.000817
0.000819
0.000810
0.000800
0.000797
0.000795
0.000787
0.000773
0.000761
0.000754
0.000749
0.000748
0.000750
0.000757
0.000764
0.000769
0.000772
0.000771
0.000766
0.000760
0.000758
0.000761
0.000765
0.000769
0.000773
0.000778
0.000783
0.000785
0.000784
0.000778
0.000767
0.000759
0.000760
0.000770
0.000783
0.000792
0.000794
0.000789
0.000780
0.000772
0.000768
0.000771
0.000774
0.000775
0.000775
0.000772
0.000767
0.000759
0.000755
0.000756
0.000759
0.000755
0.000748
0.000748
0.000757
0.000770
0.000781
0.000791
0.000806
0.000823
0.000837
0.000848
0.000859
0.000870
0.000875
0.000871
0.000864
0.000860
0.000863
0.000870
0.000876
0.000880
0.000882
0.000887
0.000892
0.000893
0.000886
0.000876
0.000868
0.000862
0.000855
0.000846
0.000837
0.000831
0.000826
0.000823
0.000822
0.000821
0.000819
0.000816
0.000812
0.000807
0.000800
0.000794
0.000797
0.000810
0.000824
0.000828
0.000824
0.000822
0.000826
0.000831
0.000831
0.000827
0.000819
0.000810
0.000801
0.000795
0.000794
0.000797
0.000804
0.000815
0.000827
0.000829
0.000816
0.000793
0.000772
0.000764
0.000769
0.000782
0.000797
0.000806
0.000806
0.000799
0.000795
0.000797
0.000807
0.000821
0.000834
0.000845
0.000856
0.000870
0.000888
0.000911
0.000938
0.000963
0.000980
0.000990
0.001002
0.001023
0.001050
0.001076
0.001091
0.001093
0.001086
0.001075
0.001063
0.001051
0.001038
0.001023
0.001003
0.000981
0.000955
0.000927
0.000899
0.000876
0.000866
0.000869
0.000877
0.000879
0.000867
0.000848
0.000830
0.000817
0.000805
0.000794
0.000789
0.000795
0.000809
0.000822
0.000829
0.000831
0.000829
0.000825
0.000821
0.000824
0.000835
0.000854
0.000879
0.000910
0.000943
0.000974
0.001001
0.001021
0.001029
0.001025
0.001011
0.000992
0.000971
0.000949
0.000931
0.000921
0.000916
0.000906
0.000890
0.000878
0.000874
0.000874
0.000867
0.000857
0.000855
0.000866
0.000882
0.000892
0.000891
0.000882
0.000871
0.000861
0.000851
0.000839
0.000822
0.000807
0.000797
0.000793
0.000790
0.000790
0.000794
0.000799
0.000799
0.000789
0.000772
0.000754
0.000738
0.000731
0.000736
0.000749
0.000760
0.000760
0.000754
0.000749
0.000751
0.000765
0.000786
0.000807
0.000821
0.000823
0.000819
0.000813
0.000810
0.000813
0.000825
0.000848
0.000876
0.000896
0.000901
0.000888
0.000864
0.000840
0.000822
0.000810
0.000800
0.000795
0.000800
0.000818
0.000840
0.000860
0.000874
0.000885
0.000887
0.000876
0.000857
0.000840
0.000829
0.000820
0.000809
0.000802
0.000805
0.000812
0.000814
0.000805
0.000791
0.000778
0.000770
0.000767
0.000766
0.000764
0.000759
0.000755
0.000753
0.000755
0.000762
0.000772
0.000781
0.000786
0.000790
0.000796
0.000809
0.000825
0.000840
0.000852
0.000860
0.000866
0.000868
0.000862
0.000848
0.000831
0.000817
0.000808
0.000804
0.000807
0.000814
0.000817
0.000811
0.000798
0.000787
0.000782
0.000780
0.000776
0.000769
0.000764
0.000761
0.000760
0.000758
0.000756
0.000752
0.000750
0.000756
0.000775
0.000801
0.000822
0.000831
0.000832
0.000828
0.000822
0.000816
0.000812
0.000814
0.000822
0.000829
0.000832
0.000832
0.000833
0.000834
0.000833
0.000830
0.000831
0.000838
0.000847
0.000851
0.000847
0.000836
0.000821
0.000803
0.000785
0.000769
0.000757
0.000748
0.000739
0.000732
0.000729
0.000726
0.000722
0.000715
0.000713
0.000719
0.000729
0.000733
0.000729
0.000725
0.000732
0.000747
0.000762
0.000766
0.000761
0.000755
0.000753
0.000753
0.000754
0.000759
0.000767
0.000774
0.000776
0.000775
0.000777
0.000778
0.000778
0.000779
0.000783
0.000789
0.000788
0.000778
0.000765
0.000753
0.000744
0.000734
0.000727
0.000723
0.000721
0.000719
0.000717
0.000718
0.000721
0.000726
0.000730
0.000731
0.000728
0.000720
0.000711
0.000705
0.000702
0.000700
0.000698
0.000696
0.000694
0.000694
0.000696
0.000701
0.000709
0.000719
0.000733
0.000748
0.000757
0.000758
0.000754
0.000754
0.000759
0.000766
0.000775
0.000786
0.000796
0.000801
0.000796
0.000788
0.000782
0.000783
0.000787
0.000789
0.000788
0.000788
0.000786
0.000779
0.000766
0.000755
0.000754
0.000763
0.000775
0.000784
0.000793
0.000804
0.000810
0.000805
0.000792
0.000778
0.000766
0.000753
0.000741
0.000735
0.000743
0.000757
0.000769
0.000777
0.000781
0.000786
0.000791
0.000792
0.000786
0.000771
0.000754
0.000742
0.000736
0.000731
0.000728
0.000733
0.000746
0.000760
0.000767
0.000770
0.000772
0.000770
0.000762
0.000753
0.000748
0.000750
0.000752
0.000754
0.000760
0.000768
0.000774
0.000773
0.000767
0.000763
0.000762
0.000764
0.000768
0.000775
0.000782
0.000789
0.000797
0.000807
0.000818
0.000827
0.000833
0.000836
0.000841
0.000849
0.000859
0.000865
0.000859
0.000845
0.000829
0.000819
0.000812
0.000803
0.000791
0.000788
0.000799
0.000815
0.000824
0.000821
0.000814
0.000812
0.000816
0.000817
0.000811
0.000804
0.000803
0.000808
0.000812
0.000810
0.000801
0.000789
0.000778
0.000773
0.000776
0.000786
0.000799
0.000810
0.000819
0.000827
0.000836
0.000847
0.000859
0.000868
0.000872
0.000868
0.000859
0.000849
0.000842
0.000837
0.000830
0.000820
0.000807
0.000794
0.000785
0.000782
0.000785
0.000790
0.000793
0.000796
0.000798
0.000798
0.000794
0.000785
0.000775
0.000770
0.000771
0.000777
0.000786
0.000794
0.000804
0.000813
0.000820
0.000819
0.000813
0.000806
0.000802
0.000799
0.000792
0.000784
0.000779
0.000781
0.000788
0.000792
0.000790
0.000787
0.000791
0.000801
0.000812
0.000817
0.000821
0.000823
0.000821
0.000812
0.000801
0.000797
0.000803
0.000810
0.000808
0.000799
0.000795
0.000798
0.000805
0.000807
0.000803
0.000793
0.000783
0.000776
0.000773
0.000773
0.000772
0.000767
0.000760
0.000753
0.000748
0.000749
0.000755
0.000760
0.000763
0.000766
0.000770
0.000776
0.000782
0.000791
0.000802
0.000812
0.000819
0.000826
0.000839
0.000853
0.000860
0.000857
0.000853
0.000855
0.000857
0.000856
0.000853
0.000854
0.000861
0.000871
0.000879
0.000884
0.000879
0.000866
0.000856
0.000861
0.000878
0.000889
0.000884
0.000867
0.000848
0.000833
0.000822
0.000820
0.000831
0.000848
0.000863
0.000872
0.000877
0.000883
0.000893
0.000907
0.000922
0.000931
0.000931
0.000923
0.000917
0.000918
0.000924
0.000926
0.000923
0.000919
0.000918
0.000918
0.000915
0.000911
0.000909
0.000909
0.000906
0.000893
0.000877
0.000866
0.000862
0.000862
0.000859
0.000852
0.000848
0.000851
0.000858
0.000863
0.000859
0.000850
0.000843
0.000841
0.000844
0.000848
0.000855
0.000867
0.000880
0.000885
0.000881
0.000874
0.000867
0.000861
0.000853
0.000846
0.000850
0.000862
0.000878
0.000890
0.000897
0.000900
0.000898
0.000894
0.000889
0.000884
0.000879
0.000874
0.000868
0.000862
0.000858
0.000856
0.000853
0.000845
0.000832
0.000824
0.000825
0.000834
0.000842
0.000845
0.000847
0.000849
0.000850
0.000849
0.000850
0.000854
0.000860
0.000865
0.000869
0.000874
0.000878
0.000881
0.000883
0.000885
0.000885
0.000884
0.000885
0.000889
0.000889
0.000880
0.000866
0.000854
0.000849
0.000843
0.000835
0.000828
0.000825
0.000828
0.000832
0.000833
0.000829
0.000820
0.000808
0.000799
0.000797
0.000801
0.000811
0.000829
0.000855
0.000882
0.000902
0.000915
0.000924
0.000930
0.000931
0.000928
0.000927
0.000928
0.000929
0.000927
0.000925
0.000925
0.000928
0.000930
0.000930
0.000931
0.000935
0.000943
0.000953
0.000963
0.000974
0.000986
0.000995
0.000994
0.000979
0.000953
0.000925
0.000904
0.000894
0.000898
0.000914
0.000932
0.000939
0.000927
0.000903
0.000877
0.000857
0.000848
0.000852
0.000866
0.000879
0.000881
0.000874
0.000868
0.000867
0.000869
0.000873
0.000884
0.000902
0.000919
0.000930
0.000938
0.000952
0.000965
0.000969
0.000962
0.000955
0.000954
0.000953
0.000949
0.000945
0.000945
0.000949
0.000951
0.000954
0.000958
0.000961
0.000960
0.000954
0.000947
0.000940
0.000935
0.000937
0.000948
0.000964
0.000978
0.000988
0.000995
0.001000
0.001001
0.000998
0.000993
0.000990
0.000987
0.000979
0.000969
0.000960
0.000955
0.000952
0.000948
0.000944
0.000942
0.000942
0.000945
0.000951
0.000959
0.000968
0.000978
0.000992
0.001010
0.001029
0.001040
0.001040
0.001033
0.001024
0.001017
0.001011
0.001006
0.001003
0.001004
0.001011
0.001023
0.001036
0.001045
0.001048
0.001046
0.001044
0.001043
0.001045
0.001052
0.001062
0.001070
0.001071
0.001066
0.001060
0.001053
0.001047
0.001045
0.001049
0.001060
0.001069
0.001071
0.001067
0.001059
0.001051
0.001044
0.001044
0.001051
0.001060
0.001066
0.001073
0.001084
0.001096
0.001098
0.001089
0.001072
0.001056
0.001045
0.001037
0.001035
0.001043
0.001062
0.001086
0.001105
0.001116
0.001124
0.001135
0.001146
0.001153
0.001157
0.001158
0.001160
0.001163
0.001166
0.001168
0.001168
0.001162
0.001154
0.001148
0.001149
0.001154
0.001161
0.001170
0.001180
0.001183
0.001177
0.001167
0.001164
0.001175
0.001197
0.001217
0.001228
0.001227
0.001217
0.001206
0.001200
0.001199
0.001199
0.001200
0.001206
0.001219
0.001232
0.001238
0.001242
0.001249
0.001259
0.001266
0.001268
0.001267
0.001263
0.001255
0.001242
0.001235
0.001242
0.001258
0.001274
0.001283
0.001288
0.001294
0.001302
0.001310
0.001318
0.001326
0.001331
0.001331
0.001327
0.001323
0.001319
0.001316
0.001318
0.001329
0.001348
0.001369
0.001387
0.001404
0.001422
0.001436
0.001443
0.001445
0.001447
0.001450
0.001454
0.001456
0.001461
0.001466
0.001467
0.001462
0.001457
0.001457
0.001463
0.001466
0.001464
0.001460
0.001461
0.001470
0.001488
0.001512
0.001537
0.001558
0.001570
0.001575
0.001579
0.001588
0.001601
0.001614
0.001620
0.001619
0.001615
0.001611
0.001610
0.001612
0.001616
0.001623
0.001632
0.001641
0.001648
0.001647
0.001640
0.001628
0.001614
0.001598
0.001582
0.001565
0.001554
0.001550
0.001556
0.001568
0.001579
0.001583
0.001581
0.001580
0.001583
0.001589
0.001596
0.001602
0.001604
0.001603
0.001604
0.001610
0.001617
0.001619
0.001609
0.001594
0.001581
0.001574
0.001573
0.001574
0.001576
0.001580
0.001587
0.001595
0.001599
0.001594
0.001581
0.001566
0.001558
0.001558
0.001562
0.001566
0.001567
0.001568
0.001570
0.001572
0.001577
0.001580
0.001575
0.001562
0.001552
0.001552
0.001561
0.001569
0.001570
0.001567
0.001568
0.001568
0.001563
0.001548
0.001525
0.001500
0.001479
0.001464
0.001460
0.001462
0.001468
0.001471
0.001473
0.001475
0.001480
0.001482
0.001480
0.001475
0.001472
0.001470
0.001465
0.001454
0.001445
0.001444
0.001451
0.001455
0.001447
0.001429
0.001410
0.001393
0.001378
0.001366
0.001360
0.001363
0.001372
0.001381
0.001385
0.001380
0.001367
0.001354
0.001345
0.001343
0.001344
0.001342
0.001336
0.001330
0.001327
0.001325
0.001323
0.001315
0.001304
0.001293
0.001289
0.001293
0.001305
0.001320
0.001336
0.001352
0.001363
0.001363
0.001349
0.001324
0.001295
0.001266
0.001242
0.001226
0.001217
0.001207
0.001192
0.001173
0.001154
0.001141
0.001136
0.001137
0.001141
0.001138
0.001124
0.001107
0.001097
0.001097
0.001103
0.001110
0.001115
0.001118
0.001116
0.001110
0.001106
0.001108
0.001110
0.001106
0.001098
0.001099
0.001114
0.001134
0.001146
0.001147
0.001146
0.001150
0.001158
0.001161
0.001157
0.001148
0.001143
0.001142
0.001138
0.001126
0.001107
0.001092
0.001086
0.001089
0.001095
0.001096
0.001089
0.001077
0.001064
0.001055
0.001056
0.001065
0.001074
0.001072
0.001060
0.001047
0.001045
0.001051
0.001058
0.001063
0.001069
0.001081
0.001096
0.001109
0.001115
0.001111
0.001097
0.001077
0.001062
0.001056
0.001056
0.001055
0.001055
0.001060
0.001069
0.001070
0.001063
0.001052
0.001042
0.001031
0.001011
0.000985
0.000960
0.000944
0.000942
0.000954
0.000970
0.000979
0.000974
0.000962
0.000955
0.000959
0.000970
0.000981
0.000986
0.000987
0.000988
0.000994
0.001002
0.001010
0.001018
0.001027
0.001035
0.001036
0.001031
0.001024
0.001021
0.001022
0.001019
0.001010
0.000998
0.000985
0.000975
0.000966
0.000961
0.000963
0.000974
0.000990
0.001007
0.001023
0.001036
0.001046
0.001055
0.001061
0.001061
0.001052
0.001036
0.001017
0.001003
0.000993
0.000986
0.000979
0.000971
0.000969
0.000974
0.000986
0.001004
0.001026
0.001046
0.001056
0.001052
0.001036
0.001020
0.001012
0.001014
0.001021
0.001030
0.001040
0.001046
0.001040
0.001022
0.000997
0.000972
0.000954
0.000942
0.000934
0.000931
0.000933
0.000936
0.000938
0.000940
0.000946
0.000956
0.000967
0.000975
0.000979
0.000978
0.000970
0.000957
0.000945
0.000936
0.000932
0.000931
0.000934
0.000940
0.000951
0.000962
0.000972
0.000979
0.000984
0.000985
0.000981
0.000968
0.000943
0.000909
0.000877
0.000857
0.000849
0.000841
0.000831
0.000820
0.000814
0.000809
0.000802
0.000797
0.000797
0.000804
0.000815
0.000830
0.000854
0.000883
0.000909
0.000928
0.000942
0.000958
0.000971
0.000976
0.000970
0.000962
0.000956
0.000955
0.000954
0.000955
0.000958
0.000962
0.000959
0.000945
0.000924
0.000908
0.000903
0.000904
0.000905
0.000900
0.000894
0.000889
0.000890
0.000894
0.000894
0.000888
0.000877
0.000869
0.000870
0.000878
0.000890
0.000903
0.000914
0.000921
0.000924
0.000928
0.000936
0.000942
0.000938
0.000924
0.000908
0.000900
0.000899
0.000901
0.000905
0.000911
0.000924
0.000939
0.000951
0.000953
0.000951
0.000952
0.000960
0.000968
0.000966
0.000950
0.000928
0.000909
0.000901
0.000902
0.000908
0.000912
0.000911
0.000907
0.000904
0.000902
0.000902
0.000902
0.000906
0.000912
0.000920
0.000926
0.000933
0.000943
0.000953
0.000959
0.000960
0.000959
0.000957
0.000948
0.000929
0.000903
0.000880
0.000869
0.000874
0.000888
0.000905
0.000920
0.000932
0.000944
0.000958
0.000969
0.000973
0.000970
0.000965
0.000966
0.000976
0.000988
0.000996
0.000999
0.000998
0.000992
0.000982
0.000974
0.000971
0.000975
0.000980
0.000980
0.000977
0.000973
0.000969
0.000965
0.000959
0.000953
0.000951
0.000956
0.000966
0.000975
0.000976
0.000969
0.000961
0.000959
0.000963
0.000968
0.000971
0.000974
0.000979
0.000985
0.000988
0.000989
0.000992
0.000996
0.000995
0.000984
0.000965
0.000943
0.000920
0.000897
0.000874
0.000858
0.000850
0.000851
0.000855
0.000857
0.000855
0.000853
0.000856
0.000866
0.000877
0.000883
0.000883
0.000880
0.000878
0.000878
0.000880
0.000883
0.000889
0.000894
0.000891
0.000878
0.000862
0.000852
0.000850
0.000850
0.000847
0.000843
0.000842
0.000847
0.000856
0.000866
0.000874
0.000880
0.000885
0.000887
0.000888
0.000893
0.000904
0.000919
0.000927
0.000923
0.000912
0.000903
0.000901
0.000901
0.000899
0.000893
0.000886
0.000881
0.000881
0.000890
0.000906
0.000920
0.000925
0.000922
0.000913
0.000904
0.000896
0.000895
0.000905
0.000923
0.000940
0.000946
0.000938
0.000923
0.000909
0.000903
0.000903
0.000900
0.000891
0.000883
0.000886
0.000899
0.000915
0.000929
0.000941
0.000950
0.000951
0.000943
0.000934
0.000928
0.000922
0.000913
0.000905
0.000903
0.000907
0.000910
0.000908
0.000898
0.000885
0.000870
0.000862
0.000868
0.000885
0.000904
0.000916
0.000916
0.000910
0.000906
0.000912
0.000925
0.000939
0.000945
0.000946
0.000944
0.000937
0.000921
0.000898
0.000877
0.000872
0.000882
0.000900
0.000918
0.000929
0.000930
0.000923
0.000913
0.000908
0.000909
0.000914
0.000922
0.000932
0.000941
0.000941
0.000930
0.000912
0.000903
0.000909
0.000927
0.000943
0.000949
0.000949
0.000944
0.000933
0.000913
0.000891
0.000875
0.000868
0.000866
0.000867
0.000872
0.000883
0.000898
0.000914
0.000932
0.000949
0.000959
0.000958
0.000948
0.000936
0.000924
0.000914
0.000905
0.000899
0.000897
0.000901
0.000912
0.000927
0.000942
0.000956
0.000970
0.000986
0.001001
0.001013
0.001023
0.001031
0.001034
0.001027
0.001012
0.000997
0.000990
0.000992
0.001000
0.001011
0.001024
0.001038
0.001047
0.001047
0.001037
0.001024
0.001014
0.001010
0.001011
0.001013
0.001013
0.001010
0.001001
0.000983
0.000958
0.000932
0.000915
0.000910
0.000916
0.000925
0.000929
0.000919
0.000898
0.000875
0.000865
0.000873
0.000897
0.000923
0.000940
0.000943
0.000939
0.000933
0.000931
0.000932
0.000938
0.000948
0.000955
0.000955
0.000945
0.000928
0.000910
0.000893
0.000879
0.000873
0.000878
0.000892
0.000908
0.000923
0.000936
0.000947
0.000953
0.000954
0.000957
0.000965
0.000974
0.000975
0.000965
0.000953
0.000945
0.000940
0.000934
0.000924
0.000915
0.000910
0.000909
0.000913
0.000918
0.000920
0.000917
0.000909
0.000897
0.000884
0.000871
0.000861
0.000860
0.000867
0.000883
0.000904
0.000926
0.000942
0.000947
0.000943
0.000938
0.000936
0.000940
0.000945
0.000954
0.000967
0.000982
0.000993
0.000998
0.000998
0.000994
0.000988
0.000982
0.000978
0.000977
0.000976
0.000976
0.000974
0.000969
0.000958
0.000945
0.000935
0.000932
0.000934
0.000934
0.000935
0.000943
0.000962
0.000986
0.001003
0.001004
0.000988
0.000963
0.000939
0.000924
0.000919
0.000921
0.000928
0.000932
0.000931
0.000923
0.000916
0.000912
0.000911
0.000912
0.000910
0.000908
0.000903
0.000897
0.000892
0.000891
0.000894
0.000897
0.000898
0.000895
0.000891
0.000884
0.000875
0.000866
0.000865
0.000872
0.000882
0.000888
0.000890
0.000893
0.000902
0.000909
0.000913
0.000920
0.000936
0.000957
0.000973
0.000981
0.000985
0.000988
0.000986
0.000979
0.000971
0.000962
0.000950
0.000933
0.000920
0.000917
0.000920
0.000923
0.000926
0.000928
0.000928
0.000920
0.000903
0.000884
0.000870
0.000860
0.000853
0.000850
0.000852
0.000858
0.000866
0.000876
0.000891
0.000913
0.000933
0.000945
0.000945
0.000937
0.000926
0.000912
0.000894
0.000877
0.000868
0.000868
0.000871
0.000872
0.000870
0.000865
0.000859
0.000860
0.000871
0.000889
0.000908
0.000920
0.000927
0.000928
0.000924
0.000917
0.000909
0.000904
0.000901
0.000898
0.000900
0.000907
0.000914
0.000913
0.000909
0.000907
0.000910
0.000914
0.000914
0.000915
0.000916
0.000911
0.000897
0.000879
0.000864
0.000861
0.000867
0.000877
0.000889
0.000901
0.000915
0.000927
0.000932
0.000924
0.000908
0.000891
0.000879
0.000875
0.000878
0.000888
0.000901
0.000910
0.000913
0.000912
0.000911
0.000914
0.000920
0.000922
0.000916
0.000903
0.000891
0.000888
0.000896
0.000903
0.000906
0.000905
0.000908
0.000915
0.000921
0.000920
0.000912
0.000901
0.000897
0.000903
0.000913
0.000918
0.000919
0.000920
0.000926
0.000931
0.000931
0.000929
0.000930
0.000932
0.000934
0.000936
0.000936
0.000929
0.000916
0.000902
0.000894
0.000892
0.000888
0.000881
0.000877
0.000880
0.000889
0.000900
0.000914
0.000929
0.000939
0.000938
0.000926
0.000904
0.000882
0.000866
0.000864
0.000874
0.000892
0.000909
0.000918
0.000920
0.000919
0.000922
0.000932
0.000948
0.000966
0.000981
0.000988
0.000986
0.000979
0.000975
0.000976
0.000983
0.000993
0.001008
0.001023
0.001029
0.001020
0.001006
0.000995
0.000996
0.001008
0.001028
0.001046
0.001050
0.001035
0.001009
0.000983
0.000967
0.000962
0.000970
0.000986
0.001002
0.001009
0.001008
0.001002
0.000991
0.000973
0.000953
0.000940
0.000936
0.000936
0.000936
0.000940
0.000947
0.000953
0.000956
0.000961
0.000965
0.000967
0.000966
0.000966
0.000968
0.000966
0.000959
0.000950
0.000946
0.000943
0.000938
0.000934
0.000938
0.000948
0.000957
0.000957
0.000946
0.000928
0.000911
0.000903
0.000906
0.000914
0.000919
0.000923
0.000933
0.000950
0.000962
0.000959
0.000942
0.000922
0.000909
0.000907
0.000912
0.000922
0.000934
0.000949
0.000965
0.000980
0.000990
0.000992
0.000987
0.000982
0.000984
0.000992
0.001002
0.001007
0.001005
0.000998
0.000990
0.000980
0.000970
0.000960
0.000955
0.000956
0.000962
0.000966
0.000964
0.000954
0.000942
0.000932
0.000923
0.000908
0.000885
0.000866
0.000859
0.000867
0.000884
0.000902
0.000921
0.000940
0.000956
0.000965
0.000967
0.000968
0.000973
0.000980
0.000986
0.000988
0.000992
0.000998
0.001003
0.001001
0.000992
0.000983
0.000975
0.000973
0.000982
0.001006
0.001039
0.001061
0.001059
0.001037
0.001014
0.000998
0.000988
0.000980
0.000972
0.000961
0.000947
0.000931
0.000920
0.000912
0.000905
0.000899
0.000900
0.000913
0.000930
0.000946
0.000956
0.000961
0.000960
0.000953
0.000947
0.000945
0.000946
0.000949
0.000955
0.000964
0.000972
0.000971
0.000965
0.000956
0.000947
0.000936
0.000923
0.000911
0.000905
0.000909
0.000919
0.000929
0.000934
0.000935
0.000934
0.000932
0.000924
0.000913
0.000907
0.000914
0.000930
0.000946
0.000957
0.000965
0.000971
0.000970
0.000959
0.000945
0.000936
0.000939
0.000951
0.000967
0.000979
0.000984
0.000983
0.000982
0.000982
0.000987
0.000995
0.001006
0.001018
0.001027
0.001032
0.001031
0.001024
0.001013
0.000998
0.000986
0.000978
0.000971
0.000959
0.000944
0.000933
0.000931
0.000936
0.000944
0.000954
0.000964
0.000972
0.000974
0.000971
0.000969
0.000970
0.000974
0.000974
0.000964
0.000947
0.000932
0.000929
0.000936
0.000946
0.000952
0.000953
0.000950
0.000948
0.000948
0.000952
0.000957
0.000960
0.000959
0.000953
0.000949
0.000951
0.000959
0.000967
0.000969
0.000967
0.000966
0.000967
0.000968
0.000965
0.000960
0.000958
0.000959
0.000959
0.000959
0.000962
0.000975
0.000997
0.001022
0.001041
0.001050
0.001053
0.001054
0.001050
0.001041
0.001030
0.001023
0.001021
0.001022
0.001022
0.001018
0.001011
0.001004
0.001000
0.001000
0.001005
0.001010
0.001012
0.001011
0.001009
0.001011
0.001013
0.001010
0.000995
0.000973
0.000957
0.000952
0.000958
0.000966
0.000973
0.000980
0.000987
0.000993
0.000997
0.001006
0.001021
0.001039
0.001053
0.001055
0.001048
0.001035
0.001023
0.001017
0.001015
0.001014
0.001012
0.001012
0.001017
0.001025
0.001032
0.001041
0.001056
0.001072
0.001079
0.001078
0.001076
0.001077
0.001074
0.001062
0.001044
0.001030
0.001022
0.001016
0.001005
0.000995
0.000994
0.001004
0.001021
0.001039
0.001053
0.001063
0.001071
0.001073
0.001066
0.001051
0.001036
0.001032
0.001039
0.001049
0.001060
0.001072
0.001086
0.001095
0.001093
0.001085
0.001081
0.001081
0.001082
0.001079
0.001075
0.001073
0.001075
0.001081
0.001087
0.001096
0.001105
0.001116
0.001125
0.001129
0.001126
0.001121
0.001123
0.001134
0.001153
0.001170
0.001180
0.001178
0.001170
0.001163
0.001161
0.001163
0.001167
0.001174
0.001183
0.001192
0.001199
0.001203
0.001206
0.001207
0.001206
0.001205
0.001209
0.001215
0.001215
0.001209
0.001205
0.001210
0.001229
0.001261
0.001306
0.001357
0.001408
0.001452
0.001488
0.001518
0.001547
0.001584
0.001637
0.001705
0.001776
0.001842
0.001905
0.001970
0.002032
0.002079
0.002099
0.002095
0.002067
0.002020
0.001958
0.001891
0.001827
0.001765
0.001705
0.001648
0.001597
0.001548
0.001498
0.001448
0.001407
0.001377
0.001358
0.001346
0.001339
0.001332
0.001326
0.001322
0.001328
0.001346
0.001373
0.001394
0.001396
0.001383
0.001366
0.001354
0.001345
0.001338
0.001332
0.001327
0.001321
0.001314
0.001305
0.001298
0.001296
0.001297
0.001304
0.001318
0.001340
0.001361
0.001379
0.001390
0.001397
0.001401
0.001402
0.001397
0.001383
0.001359
0.001332
0.001311
0.001297
0.001287
0.001278
0.001270
0.001261
0.001247
0.001228
0.001211
0.001203
0.001205
0.001212
0.001223
0.001238
0.001256
0.001276
0.001296
0.001311
0.001310
0.001288
0.001257
0.001239
0.001240
0.001252
0.001260
0.001260
0.001257
0.001258
0.001264
0.001274
0.001280
0.001276
0.001266
0.001257
0.001260
0.001275
0.001297
0.001324
0.001353
0.001380
0.001399
0.001410
0.001417
0.001424
0.001432
0.001438
0.001448
0.001461
0.001478
0.001492
0.001501
0.001508
0.001514
0.001521
0.001524
0.001526
0.001531
0.001542
0.001557
0.001568
0.001572
0.001571
0.001566
0.001557
0.001546
0.001538
0.001539
0.001549
0.001565
0.001587
0.001617
0.001652
0.001686
0.001709
0.001718
0.001720
0.001722
0.001731
0.001747
0.001770
0.001801
0.001838
0.001874
0.001900
0.001915
0.001927
0.001946
0.001974
0.002003
0.002028
0.002048
0.002069
0.002092
0.002114
0.002127
0.002133
0.002138
0.002147
0.002162
0.002180
0.002199
0.002223
0.002253
0.002282
0.002306
0.002329
0.002361
0.002406
0.002455
0.002495
0.002524
0.002545
0.002564
0.002585
0.002608
0.002638
0.002673
0.002712
0.002752
0.002793
0.002836
0.002876
0.002908
0.002929
0.002946
0.002967
0.002999
0.003038
0.003079
0.003119
0.003158
0.003199
0.003240
0.003278
0.003312
0.003344
0.003376
0.003405
0.003433
0.003466
0.003507
0.003556
0.003604
0.003649
0.003696
0.003753
0.003820
0.003889
0.003950
0.004001
0.004047
0.004091
0.004130
0.004165
0.004201
0.004242
0.004292
0.004346
0.004402
0.004461
0.004521
0.004583
0.004644
0.004702
0.004752
0.004791
0.004825
0.004864
0.004917
0.004983
0.005052
0.005115
0.005173
0.005230
0.005290
0.005351
0.005408
0.005459
0.005502
0.005537
0.005564
0.005588
0.005619
0.005662
0.005712
0.005759
0.005800
0.005842
0.005889
0.005941
0.005991
0.006037
0.006080
0.006125
0.006176
0.006232
0.006287
0.006335
0.006371
0.006403
0.006441
0.006489
0.006540
0.006586
0.006627
0.006669
0.006716
0.006765
0.006814
0.006865
0.006923
0.006988
0.007057
0.007123
0.007180
0.007223
0.007254
0.007282
0.007315
0.007358
0.007409
0.007463
0.007512
0.007551
0.007579
0.007598
0.007622
0.007658
0.007707
0.007762
0.007811
0.007847
0.007874
0.007899
0.007927
0.007958
0.007991
0.008025
0.008063
0.008105
0.008146
0.008179
0.008201
0.008214
0.008223
0.008236
0.008253
0.008273
0.008292
0.008310
0.008333
0.008365
0.008401
0.008430
0.008448
0.008463
0.008487
0.008517
0.008548
0.008572
0.008591
0.008610
0.008628
0.008642
0.008649
0.008651
0.008647
0.008639
0.008628
0.008617
0.008607
0.008601
0.008598
0.008592
0.008576
0.008548
0.008514
0.008478
0.008440
0.008398
0.008351
0.008306
0.008266
0.008226
0.008181
0.008128
0.008067
0.007999
0.007929
0.007862
0.007802
0.007743
0.007680
0.007610
0.007535
0.007456
0.007372
0.007281
0.007186
0.007092
0.007003
0.006923
0.006854
0.006794
0.006737
0.006676
0.006606
0.006530
0.006457
0.006389
0.006319
0.006241
0.006151
0.006058
0.005969
0.005887
0.005806
0.005717
0.005620
0.005521
0.005430
0.005352
0.005282
0.005211
0.005134
0.005054
0.004982
0.004920
0.004860
0.004790
0.004706
0.004617
0.004537
0.004473
0.004420
0.004373
0.004329
0.004285
0.004240
0.004189
0.004135
0.004086
0.004042
0.004000
0.003956
0.003910
0.003864
0.003820
0.003780
0.003747
0.003718
0.003690
0.003659
0.003627
0.003598
0.003577
0.003559
0.003542
0.003524
0.003504
0.003484
0.003466
0.003453
0.003444
0.003436
0.003428
0.003418
0.003401
0.003374
0.003335
0.003290
0.003249
0.003219
0.003198
0.003182
0.003166
0.003148
0.003130
0.003119
0.003121
0.003136
0.003150
0.003152
0.003140
0.003123
0.003113
0.003113
0.003120
0.003129
0.003141
0.003158
0.003179
0.003203
0.003228
0.003258
0.003297
0.003350
0.003410
0.003471
0.003532
0.003600
0.003681
0.003780
0.003899
0.004043
0.004213
0.004406
0.004620
0.004860
0.005140
0.005471
0.005863
0.006323
0.006870
0.007531
0.008338
0.009321
0.010512
0.011946
0.013665
0.015706
0.018083
0.020778
0.023725
0.026802
0.029832
0.032594
0.034844
0.036357
0.036976
0.036656
0.035485
0.033656
0.031422
0.029044
0.026765
0.024783
0.023241
0.022225
0.021784
0.021943
0.022706
0.024049
0.025906
0.028154
0.030615
0.033056
0.035210
0.036808
0.037618
0.037496
0.036424
0.034510
0.031955
0.029000
0.025884
0.022812
0.019941
0.017367
0.015130
0.013227
0.011630
0.010298
0.009187
0.008259
0.007490
0.006856
0.006334
0.005895
0.005514
0.005169
0.004852
0.004568
0.004324
0.004113
0.003920
0.003738
0.003571
0.003425
0.003299
0.003187
0.003086
0.002998
0.002923
0.002860
0.002809
0.002769
0.002736
0.002700
0.002660
0.002619
0.002584
0.002558
0.002537
0.002513
0.002484
0.002452
0.002423
0.002401
0.002383
0.002367
0.002353
0.002340
0.002327
0.002314
0.002302
0.002292
0.002279
0.002266
0.002255
0.002252
0.002256
0.002259
0.002260
0.002255
0.002243
0.002223
0.002200
0.002179
0.002164
0.002154
0.002149
0.002150
0.002153
0.002154
0.002148
0.002139
0.002129
0.002115
0.002100
0.002086
0.002080
0.002088
0.002107
0.002127
0.002136
0.002128
0.002114
0.002104
0.002104
0.002104
0.002096
0.002081
0.002064
0.002048
0.002036
0.002029
0.002026
0.002023
0.002013
0.001994
0.001973
0.001954
0.001944
0.001945
0.001953
0.001959
0.001957
0.001947
0.001935
0.001925
0.001920
0.001920
0.001922
0.001920
0.001906
0.001884
0.001864
0.001857
0.001863
0.001871
0.001876
0.001879
0.001886
0.001896
0.001901
0.001895
0.001881
0.001868
0.001863
0.001865
0.001866
0.001865
0.001861
0.001858
0.001859
0.001862
0.001864
0.001865
0.001869
0.001877
0.001886
0.001895
0.001907
0.001933
0.001973
0.002022
0.002072
0.002122
0.002175
0.002232
0.002290
0.002340
0.002377
0.002399
0.002409
0.002414
0.002415
0.002412
0.002404
0.002399
0.002400
0.002406
0.002405
0.002391
0.002362
0.002316
0.002255
0.002187
0.002120
0.002063
0.002015
0.001972
0.001931
0.001891
0.001852
0.001816
0.001788
0.001767
0.001752
0.001740
0.001731
0.001721
0.001705
0.001683
0.001657
0.001635
0.001622
0.001617
0.001616
0.001620
0.001630
0.001641
0.001646
0.001641
0.001632
0.001631
0.001641
0.001654
0.001664
0.001670
0.001676
0.001682
0.001686
0.001688
0.001690
0.001696
0.001704
0.001711
0.001714
0.001717
0.001721
0.001724
0.001726
0.001726
0.001727
0.001729
0.001731
0.001729
0.001723
0.001715
0.001708
0.001703
0.001697
0.001687
0.001669
0.001645
0.001620
0.001602
0.001594
0.001594
0.001599
0.001605
0.001611
0.001619
0.001630
0.001640
0.001649
0.001654
0.001659
0.001663
0.001664
0.001658
0.001648
0.001636
0.001623
0.001606
0.001590
0.001581
0.001581
0.001583
0.001586
0.001589
0.001589
0.001581
0.001568
0.001557
0.001553
0.001553
0.001552
0.001553
0.001558
0.001560
0.001554
0.001543
0.001534
0.001525
0.001511
0.001494
0.001480
0.001474
0.001474
0.001475
0.001478
0.001484
0.001492
0.001499
0.001504
0.001507
0.001509
0.001511
0.001512
0.001509
0.001501
0.001491
0.001485
0.001486
0.001493
0.001506
0.001522
0.001535
0.001538
0.001534
0.001530
0.001531
0.001536
0.001544
0.001556
0.001572
0.001585
0.001594
0.001601
0.001606
0.001605
0.001596
0.001580
0.001563
0.001547
0.001536
0.001529
0.001525
0.001522
0.001521
0.001524
0.001529
0.001530
0.001527
0.001530
0.001543
0.001561
0.001574
0.001578
0.001580
0.001582
0.001581
0.001576
0.001567
0.001557
0.001545
0.001533
0.001525
0.001525
0.001534
0.001548
0.001561
0.001565
0.001562
0.001556
0.001554
0.001556
0.001558
0.001562
0.001570
0.001579
0.001585
0.001586
0.001582
0.001573
0.001564
0.001558
0.001555
0.001553
0.001551
0.001551
0.001557
0.001567
0.001576
0.001581
0.001582
0.001582
0.001580
0.001582
0.001588
0.001595
0.001599
0.001598
0.001597
0.001597
0.001598
0.001603
0.001616
0.001636
0.001654
0.001667
0.001677
0.001687
0.001701
0.001716
0.001730
0.001742
0.001751
0.001757
0.001762
0.001765
0.001766
0.001763
0.001758
0.001749
0.001736
0.001723
0.001718
0.001722
0.001725
0.001721
0.001708
0.001694
0.001683
0.001675
0.001671
0.001672
0.001678
0.001686
0.001691
0.001694
0.001695
0.001692
0.001683
0.001666
0.001649
0.001641
0.001645
0.001657
0.001667
0.001670
0.001664
0.001651
0.001637
0.001627
0.001625
0.001629
0.001637
0.001649
0.001664
0.001682
0.001697
0.001710
0.001723
0.001738
0.001750
0.001757
0.001758
0.001758
0.001759
0.001765
0.001774
0.001782
0.001788
0.001795
0.001809
0.001830
0.001856
0.001889
0.001929
0.001973
0.002011
0.002037
0.002055
0.002068
0.002081
0.002093
0.002104
0.002113
0.002119
0.002121
0.002123
0.002126
0.002129
0.002130
0.002131
0.002134
0.002140
0.002146
0.002153
0.002165
0.002184
0.002204
0.002223
0.002239
0.002253
0.002261
0.002264
0.002265
0.002268
0.002276
0.002283
0.002283
0.002274
0.002261
0.002252
0.002251
0.002256
0.002259
0.002256
0.002247
0.002237
0.002229
0.002222
0.002217
0.002218
0.002227
0.002240
0.002250
0.002253
0.002259
0.002272
0.002286
0.002291
0.002287
0.002281
0.002281
0.002287
0.002297
0.002312
0.002331
0.002346
0.002356
0.002365
0.002376
0.002388
0.002398
0.002414
0.002439
0.002466
0.002483
0.002491
0.002499
0.002514
0.002529
0.002538
0.002546
0.002557
0.002571
0.002583
0.002591
0.002601
0.002618
0.002643
0.002671
0.002696
0.002717
0.002734
0.002751
0.002765
0.002775
0.002781
0.002790
0.002803
0.002821
0.002842
0.002860
0.002871
0.002873
0.002865
0.002853
0.002839
0.002828
0.002822
0.002817
0.002811
0.002802
0.002794
0.002788
0.002784
0.002776
0.002764
0.002748
0.002724
0.002693
0.002660
0.002636
0.002622
0.002609
0.002587
0.002562
0.002539
0.002519
0.002501
0.002486
0.002477
0.002471
0.002466
0.002461
0.002459
0.002460
0.002463
0.002463
0.002459
0.002451
0.002441
0.002435
0.002437
0.002445
0.002452
0.002454
0.002455
0.002462
0.002479
0.002503
0.002529
0.002551
0.002564
0.002571
0.002578
0.002592
0.002614
0.002641
0.002667
0.002693
0.002717
0.002738
0.002753
0.002761
0.002762
0.002759
0.002758
0.002764
0.002777
0.002790
0.002797
0.002798
0.002801
0.002811
0.002826
0.002835
0.002838
0.002837
0.002838
0.002837
0.002833
0.002831
0.002833
0.002834
0.002828
0.002815
0.002800
0.002783
0.002762
0.002734
0.002704
0.002678
0.002659
0.002649
0.002644
0.002638
0.002625
0.002603
0.002579
0.002560
0.002548
0.002543
0.002544
0.002548
0.002550
0.002546
0.002535
0.002520
0.002504
0.002487
0.002467
0.002446
0.002429
0.002422
0.002428
0.002446
0.002472
0.002498
0.002516
0.002523
0.002522
0.002522
0.002528
0.002541
0.002557
0.002573
0.002587
0.002603
0.002626
0.002660
0.002703
0.002751
0.002799
0.002846
0.002890
0.002929
0.002964
0.003001
0.003043
0.003087
0.003127
0.003164
0.003203
0.003246
0.003290
0.003329
0.003364
0.003400
0.003440
0.003483
0.003524
0.003557
0.003583
0.003604
0.003624
0.003641
0.003655
0.003666
0.003672
0.003675
0.003676
0.003676
0.003669
0.003650
0.003623
0.003601
0.003590
0.003583
0.003572
0.003552
0.003532
0.003517
0.003507
0.003500
0.003492
0.003476
0.003455
0.003431
0.003412
0.003396
0.003379
0.003358
0.003335
0.003316
0.003303
0.003293
0.003285
0.003275
0.003264
0.003250
0.003231
0.003209
0.003185
0.003165
0.003151
0.003147
0.003153
0.003170
0.003196
0.003229
0.003266
0.003308
0.003351
0.003390
0.003424
0.003460
0.003503
0.003557
0.003620
0.003689
0.003764
0.003840
0.003914
0.003983
0.004053
0.004127
0.004207
0.004289
0.004373
0.004453
0.004530
0.004601
0.004669
0.004738
0.004812
0.004895
0.004982
0.005061
0.005125
0.005177
0.005224
0.005277
0.005336
0.005401
0.005468
0.005527
0.005568
0.005593
0.005606
0.005616
0.005626
0.005637
0.005646
0.005651
0.005647
0.005633
0.005610
0.005582
0.005550
0.005514
0.005474
0.005429
0.005381
0.005335
0.005294
0.005254
0.005211
0.005162
0.005109
0.005056
0.005003
0.004954
0.004909
0.004867
0.004827
0.004794
0.004777
0.004776
0.004780
0.004781
0.004777
0.004770
0.004761
0.004750
0.004744
0.004747
0.004759
0.004781
0.004811
0.004847
0.004886
0.004929
0.004980
0.005039
0.005104
0.005170
0.005242
0.005326
0.005427
0.005538
0.005648
0.005754
0.005863
0.005986
0.006125
0.006274
0.006425
0.006578
0.006734
0.006892
0.007042
0.007182
0.007320
0.007466
0.007618
0.007772
0.007926
0.008082
0.008236
0.008386
0.008531
0.008676
0.008817
0.008952
0.009080
0.009199
0.009308
0.009401
0.009481
0.009555
0.009627
0.009697
0.009764
0.009822
0.009867
0.009898
0.009924
0.009956
0.009990
0.010011
0.010013
0.010002
0.009983
0.009955
0.009919
0.009879
0.009841
0.009802
0.009764
0.009732
0.009704
0.009670
0.009623
0.009570
0.009526
0.009496
0.009470
0.009439
0.009402
0.009361
0.009320
0.009284
0.009254
0.009231
0.009210
0.009193
0.009185
0.009189
0.009208
0.009238
0.009276
0.009318
0.009368
0.009432
0.009513
0.009603
0.009697
0.009793
0.009898
0.010016
0.010144
0.010280
0.010423
0.010578
0.010743
0.010919
0.011111
0.011320
0.011546
0.011785
0.012034
0.012292
0.012553
0.012817
0.013086
0.013364
0.013653
0.013953
0.014257
0.014562
0.014866
0.015172
0.015486
0.015806
0.016125
0.016440
0.016757
0.017081
0.017411
0.017740
0.018067
0.018395
0.018720
0.019034
0.019334
0.019622
0.019909
0.020198
0.020489
0.020778
0.021058
0.021323
0.021568
0.021796
0.022009
0.022210
0.022401
0.022587
0.022765
0.022934
0.023093
0.023248
0.023405
0.023561
0.023705
0.023835
0.023958
0.024084
0.024212
0.024338
0.024457
0.024567
0.024670
0.024774
0.024883
0.024998
0.025112
0.025220
0.025322
0.025427
0.025541
0.025669
0.025809
0.025957
0.026102
0.026240
0.026374
0.026514
0.026674
0.026852
0.027040
0.027233
0.027435
0.027651
0.027877
0.028108
0.028342
0.028588
0.028857
0.029152
0.029466
0.029791
0.030120
0.030452
0.030791
0.031140
0.031498
0.031863
0.032235
0.032619
0.033018
0.033430
0.033855
0.034294
0.034750
0.035224
0.035707
0.036193
0.036685
0.037183
0.037691
0.038203
0.038717
0.039233
0.039758
0.040301
0.040866
0.041447
0.042034
0.042624
0.043221
0.043832
0.044458
0.045093
0.045738
0.046394
0.047056
0.047719
0.048384
0.049062
0.049765
0.050490
0.051224
0.051959
0.052699
0.053453
0.054222
0.055001
0.055787
0.056582
0.057391
0.058211
0.059039
0.059873
0.060715
0.061573
0.062454
0.063358
0.064279
0.065208
0.066143
0.067099
0.068087
0.069108
0.070148
0.071197
0.072255
0.073331
0.074427
0.075538
0.076657
0.077782
0.078915
0.080060
0.081221
0.082399
0.083594
0.084811
0.086053
0.087322
0.088619
0.089944
0.091297
0.092676
0.094077
0.095499
0.096945
0.098414
0.099902
0.101408
0.102936
0.104492
0.106076
0.107684
0.109311
0.110959
0.112632
0.114329
0.116044
0.117773
0.119516
0.121283
0.123081
0.124913
0.126767
0.128631
0.130505
0.132398
0.134312
0.136245
0.138194
0.140168
0.142174
0.144210
0.146269
0.148350
0.150457
0.152595
0.154765
0.156969
0.159217
0.161520
0.163885
0.166307
0.168782
0.171299
0.173840
0.176383
0.178910
0.181418
0.183913
0.186399
0.188876
0.191342
0.193797
0.196244
0.198684
0.201115
0.203533
0.205935
0.208319
0.210686
0.213032
0.215348
0.217623
0.219853
0.222037
0.224169
0.226234
0.228226
0.230150
0.232021
0.233849
0.235636
0.237382
0.239090
0.240762
0.242407
0.244035
0.245664
0.247308
0.248982
0.250698
0.252470
0.254310
0.256227
0.258230
0.260332
0.262554
0.264909
0.267400
0.270026
0.272786
0.275688
0.278741
0.281945
0.285294
0.288777
0.292391
0.296131
0.299991
0.303965
0.308055
0.312264
0.316590
0.321031
0.325585
0.330251
0.335027
0.339917
0.344927
0.350072
0.355363
0.360806
0.366400
0.372149
0.378059
0.384139
0.390402
0.396854
0.403490
0.410304
0.417288
0.424430
0.431704
0.439068
0.446472
0.453858
0.461151
0.468271
0.475149
0.481746
0.488041
0.494034
0.499751
0.505247
0.510591
0.515845
0.521065
0.526294
0.531566
0.536906
0.542331
0.547859
0.553506
0.559282
0.565196
0.571263
0.577499
0.583917
0.590533
0.597372
0.604474
0.611885
0.619654
0.627827
0.636447
0.645548
0.655144
0.665224
0.675740
0.686594
0.697644
0.708714
0.719624
0.730215
0.740375
0.750042
0.759202
0.767879
0.776133
0.784045
0.791701
0.799175
0.806539
0.813872
0.821262
0.828799
0.836580
0.844710
0.853289
0.862394
0.872064
0.882282
0.892965
0.903951
0.915021
0.925920
0.936403
0.946266
0.955386
0.963728
0.971338
0.978322
0.984826
0.991020
0.997086
1.003198
1.009516
1.016177
1.023263
1.030782
1.038654
1.046719
1.054759
1.062528
1.069805
1.076436
1.082353
1.087571
1.092175
1.096299
1.100101
1.103714
1.107231
1.110680
1.114022
1.117140
1.119874
1.122050
1.123525
1.124210
1.124103
1.123290
1.121916
1.120134
1.118066
1.115781
1.113290
1.110540
1.107444
1.103918
1.099903
1.095374
1.090337
1.084821
1.078869
1.072508
1.065753
1.058609
1.051079
1.043166
1.034886
1.026268
1.017347
1.008146
0.998684
0.988987
0.979088
0.969025
0.958852
0.948646
0.938503
0.928512
0.918746
0.909251
0.900026
0.891023
0.882171
0.873411
0.864711
0.856044
0.847386
0.838732
0.830089
0.821464
0.812875
0.804362
0.795988
0.787822
0.779946
0.772482
0.765581
0.759378
0.753962
0.749351
0.745479
0.742177
0.739209
0.736338
0.733370
0.730146
0.726554
0.722543
0.718100
0.713217
0.707916
0.702304
0.696585
0.691014
0.685912
0.681709
0.678889
0.677768
0.678195
0.679166
0.678428
0.672544
0.657980
0.632939
0.598471
0.557658
0.513501
0.467457
0.419727
0.370466
0.320488
0.271158
0.224169
0.181608
0.145866
0.119012
0.101954
0.094064
0.093494
0.097880
0.105000
0.113171
0.121355
0.129083
0.136280
0.143081
0.149675
0.156206
0.162767
0.169442
0.176322
0.183485
0.190981
0.198836
0.207053
0.215613
0.224478
0.233618
0.243013
0.252629
0.262419
0.272335
0.282348
0.292435
0.302564
0.312712
0.322869
0.333028
0.343176
0.353297
0.363369
0.373364
0.383252
0.393018
0.402666
0.412195
0.421583
0.430803
0.439844
0.448706
0.457395
0.465913
0.474262
0.482440
0.490431
0.498207
0.505736
0.512981
0.519914
0.526526
0.532835
0.538862
0.544620
0.550127
0.555410
0.560486
0.565356
0.570000
0.574392
0.578496
0.582262
0.585643
0.588617
0.591197
0.593417
0.595324
0.596974
0.598428
0.599742
0.600954
0.602078
0.603106
0.604012
0.604752
0.605278
0.605531
0.605442
0.604947
0.603999
0.602581
0.600697
0.598373
0.595667
0.592670
0.589492
0.586248
0.583037
0.579932
0.576982
0.574205
0.571595
0.569120
0.566740
0.564412
0.562098
0.559757
0.557346
0.554818
0.552130
0.549238
0.546096
0.542662
0.538897
0.534778
0.530291
0.525449
0.520286
0.514861
0.509258
0.503577
0.497930
0.492420
0.487127
0.482106
0.477387
0.472970
0.468838
0.464960
0.461304
0.457838
0.454522
0.451321
0.448210
0.445167
0.442170
0.439198
0.436236
0.433278
0.430311
0.427313
0.424254
0.421108
0.417853
0.414470
0.410941
0.407253
0.403386
0.399324
0.395055
0.390579
0.385899
0.381026
0.375975
0.370771
0.365452
0.360071
0.354687
0.349360
0.344147
0.339101
0.334276
0.329717
0.325447
0.321474
0.317791
0.314386
0.311239
0.308324
0.305605
0.303050
0.300630
0.298327
0.296125
0.294013
0.291973
0.289989
0.288049
0.286139
0.284252
0.282381
0.280524
0.278680
0.276842
0.275004
0.273162
0.271315
0.269462
0.267602
0.265730
0.263837
0.261917
0.259969
0.257999
0.256007
0.253988
0.251942
0.249874
0.247788
0.245684
0.243556
0.241397
0.239203
0.236971
0.234707
0.232418
0.230108
0.227766
0.225381
0.222956
0.220498
0.218008
0.215477
0.212901
0.210285
0.207636
0.204957
0.202254
0.199538
0.196808
0.194056
0.191272
0.188461
0.185636
0.182809
0.179985
0.177163
0.174349
0.171549
0.168769
0.166014
0.163280
0.160565
0.157869
0.155194
0.152546
0.149934
0.147368
0.144855
0.142393
0.139982
0.137624
0.135325
0.133084
0.130899
0.128770
0.126700
0.124700
0.122782
0.120955
0.119223
0.117578
0.116006
0.114494
0.113032
0.111606
0.110194
0.108769
0.107312
0.105815
0.104283
0.102728
0.101172
0.099633
0.098130
0.096673
0.095271
0.093930
0.092646
0.091412
0.090216
0.089050
0.087911
0.086804
0.085736
0.084702
0.083692
0.082693
0.081703
0.080725
0.079763
0.078818
0.077890
0.076979
0.076084
0.075204
0.074336
0.073478
0.072628
0.071792
0.070970
0.070159
0.069353
0.068558
0.067780
0.067024
0.066280
0.065540
0.064803
0.064075
0.063355
0.062640
0.061927
0.061221
0.060528
0.059850
0.059180
0.058510
0.057839
0.057171
0.056511
0.055867
0.055237
0.054618
0.054006
0.053394
0.052777
0.052155
0.051534
0.050918
0.050310
0.049713
0.049130
0.048563
0.048010
0.047465
0.046928
0.046397
0.045873
0.045352
0.044828
0.044302
0.043776
0.043256
0.042744
0.042243
0.041755
0.041279
0.040812
0.040346
0.039874
0.039397
0.038924
0.038459
0.037999
0.037542
0.037089
0.036644
0.036208
0.035775
0.035341
0.034901
0.034456
0.034011
0.033571
0.033138
0.032709
0.032280
0.031847
0.031404
0.030947
0.030486
0.030030
0.029583
0.029138
0.028690
0.028242
0.027804
0.027377
0.026956
0.026537
0.026119
0.025700
0.025279
0.024856
0.024432
0.024007
0.023586
0.023174
0.022778
0.022392
0.022011
0.021632
0.021258
0.020890
0.020531
0.020180
0.019841
0.019513
0.019197
0.018891
0.018594
0.018306
0.018020
0.017739
0.017471
0.017226
0.017006
0.016807
0.016620
0.016442
0.016274
0.016115
0.015959
0.015805
0.015658
0.015529
0.015424
0.015337
0.015261
0.015190
0.015126
0.015072
0.015033
0.015012
0.015006
0.015004
0.014999
0.014997
0.015003
0.015019
0.015033
0.015041
0.015050
0.015071
0.015106
0.015150
0.015198
0.015247
0.015293
0.015328
0.015350
0.015368
0.015390
0.015417
0.015445
0.015465
0.015477
0.015484
0.015489
0.015489
0.015480
0.015463
0.015442
0.015420
0.015394
0.015358
0.015304
0.015232
0.015147
0.015056
0.014966
0.014880
0.014789
0.014687
0.014571
0.014446
0.014316
0.014181
0.014036
0.013879
0.013716
0.013551
0.013385
0.013222
0.013062
0.012903
0.012741
0.012571
0.012395
0.012219
0.012046
0.011876
0.011714
0.011566
0.011433
0.011315
0.011215
0.011140
0.011094
0.011071
0.011067
0.011088
0.011145
0.011257
0.011442
0.011717
0.012097
0.012597
0.013238
0.014056
0.015092
0.016387
0.017994
0.019984
0.022438
0.025427
0.029002
0.033164
0.037830
0.042803
0.047773
0.052306
0.055860
0.057867
0.057910
0.055922
0.052232
0.047431
0.042148
0.036900
0.032033
0.027734
0.024062
0.020990
0.018454
0.016382
0.014704
0.013359
0.012301
0.011489
0.010885
0.010453
0.010165
0.010001
0.009943
0.009975
0.010082
0.010261
0.010512
0.010844
0.011283
0.011864
0.012620
0.013581
0.014781
0.016277
0.018142
0.020453
0.023285
0.026712
0.030795
0.035543
0.040868
0.046533
0.052109
0.056982
0.060455
0.061944
0.061189
0.058362
0.053986
0.048738
0.043241
0.037947
0.033119
0.028863
0.025179
0.022022
0.019336
0.017067
0.015162
0.013566
0.012230
0.011109
0.010160
0.009348
0.008647
0.008037
0.007500
0.007019
0.006585
0.006194
0.005839
0.005508
0.005193
0.004895
0.004620
0.004369
0.004136
0.003912
0.003699
0.003505
0.003340
0.003206
0.003095
0.002995
0.002901
0.002810
0.002721
0.002637
0.002560
0.002492
0.002434
0.002385
0.002351
0.002337
0.002337
0.002344
0.002351
0.002360
0.002374
0.002395
0.002423
0.002456
0.002495
0.002540
0.002597
0.002666
0.002740
0.002807
0.002863
0.002911
0.002957
0.003006
0.003059
0.003117
0.003174
0.003225
0.003265
0.003299
0.003328
0.003352
0.003368
0.003374
0.003375
0.003372
0.003365
0.003350
0.003323
0.003284
0.003241
0.003205
0.003175
0.003147
0.003115
0.003077
0.003035
0.002991
0.002948
0.002904
0.002853
0.002790
0.002719
0.002655
0.002604
0.002560
0.002508
0.002443
0.002369
0.002296
0.002231
0.002174
0.002119
0.002060
0.001992
0.001913
0.001828
0.001748
0.001681
0.001633
0.001596
0.001555
0.001505
0.001449
0.001395
0.001346
0.001302
0.001268
0.001247
0.001232
0.001215
0.001197
0.001183
0.001179
0.001180
0.001179
0.001177
0.001176
0.001180
0.001187
0.001199
0.001219
0.001246
0.001275
0.001302
0.001327
0.001354
0.001382
0.001408
0.001433
0.001463
0.001498
0.001528
0.001550
0.001571
0.001601
0.001637
0.001664
0.001676
0.001680
0.001689
0.001705
0.001728
0.001754
0.001782
0.001802
0.001812
0.001818
0.001826
0.001833
0.001833
0.001823
0.001807
0.001789
0.001768
0.001748
0.001733
0.001723
0.001713
0.001699
0.001681
0.001660
0.001631
0.001598
0.001567
0.001539
0.001505
0.001461
0.001408
0.001355
0.001304
0.001253
0.001201
0.001150
0.001108
0.001074
0.001046
0.001017
0.000985
0.000954
0.000929
0.000911
0.000895
0.000873
0.000843
0.000811
0.000788
0.000779
0.000778
0.000773
0.000757
0.000738
0.000725
0.000719
0.000714
0.000707
0.000699
0.000695
0.000693
0.000690
0.000686
0.000683
0.000680
0.000680
0.000688
0.000705
0.000725
0.000741
0.000755
0.000773
0.000796
0.000818
0.000838
0.000854
0.000869
0.000884
0.000897
0.000909
0.000919
0.000929
0.000941
0.000958
0.000979
0.000997
0.001005
0.001002
0.000994
0.000987
0.000982
0.000976
0.000965
0.000948
0.000929
0.000911
0.000898
0.000889
0.000886
0.000889
0.000894
0.000898
0.000898
0.000895
0.000887
0.000874
0.000853
0.000824
0.000788
0.000751
0.000723
0.000711
0.000710
0.000706
0.000688
0.000661
0.000633
0.000611
0.000593
0.000576
0.000561
0.000547
0.000536
0.000529
0.000526
0.000527
0.000526
0.000519
0.000504
0.000486
0.000474
0.000468
0.000466
0.000466
0.000469
0.000471
0.000467
0.000455
0.000439
0.000425
0.000418
0.000413
0.000410
0.000412
0.000422
0.000439
0.000454
0.000463
0.000472
0.000489
0.000509
0.000521
0.000519
0.000509
0.000502
0.000500
0.000500
0.000504
0.000515
0.000536
0.000564
0.000592
0.000612
0.000623
0.000628
0.000636
0.000652
0.000672
0.000684
0.000684
0.000679
0.000676
0.000673
0.000668
0.000661
0.000659
0.000663
0.000665
0.000659
0.000650
0.000641
0.000636
0.000632
0.000626
0.000620
0.000610
0.000594
0.000573
0.000548
0.000520
0.000488
0.000455
0.000428
0.000412
0.000407
0.000412
0.000419
0.000422
0.000419
0.000414
0.000412
0.000415
0.000415
0.000409
0.000400
0.000395
0.000398
0.000405
0.000407
0.000403
0.000394
0.000385
0.000381
0.000387
0.000398
0.000407
0.000410
0.000412
0.000422
0.000442
0.000472
0.000506
0.000533
0.000547
0.000547
0.000542
0.000542
0.000544
0.000542
0.000536
0.000535
0.000545
0.000562
0.000579
0.000594
0.000606
0.000617
0.000629
0.000643
0.000656
0.000663
0.000664
0.000661
0.000656
0.000648
0.000645
0.000661
0.000699
0.000747
0.000791
0.000828
0.000861
0.000892
0.000919
0.000942
0.000956
0.000957
0.000941
0.000912
0.000882
0.000861
0.000847
0.000833
0.000811
0.000777
0.000737
0.000704
0.000685
0.000676
0.000666
0.000648
0.000621
0.000588
0.000553
0.000524
0.000502
0.000487
0.000475
0.000465
0.000458
0.000452
0.000445
0.000440
0.000444
0.000460
0.000483
0.000508
0.000531
0.000549
0.000562
0.000574
0.000591
0.000615
0.000642
0.000674
0.000712
0.000756
0.000794
0.000814
0.000810
0.000790
0.000761
0.000731
0.000702
0.000678
0.000655
0.000631
0.000606
0.000586
0.000571
0.000555
0.000538
0.000524
0.000515
0.000512
0.000514
0.000519
0.000522
0.000522
0.000523
0.000530
0.000544
0.000561
0.000578
0.000593
0.000605
0.000611
0.000610
0.000607
0.000604
0.000604
0.000606
0.000611
0.000613
0.000609
0.000598
0.000589
0.000587
0.000589
0.000590
0.000592
0.000600
0.000612
0.000617
0.000612
0.000602
0.000598
0.000601
0.000601
0.000591
0.000576
0.000567
0.000566
0.000568
0.000568
0.000566
0.000568
0.000572
0.000577
0.000583
0.000586
0.000585
0.000579
0.000569
0.000560
0.000553
0.000547
0.000549
0.000562
0.000581
0.000594
0.000598
0.000598
0.000600
0.000605
0.000609
0.000611
0.000611
0.000610
0.000608
0.000605
0.000606
0.000616
0.000632
0.000649
0.000663
0.000671
0.000675
0.000676
0.000677
0.000673
0.000665
0.000659
0.000657
0.000659
0.000663
0.000670
0.000682
0.000695
0.000702
0.000700
0.000695
0.000696
0.000707
0.000722
0.000734
0.000740
0.000746
0.000756
0.000772
0.000790
0.000809
0.000833
0.000859
0.000884
0.000903
0.000914
0.000918
0.000915
0.000908
0.000903
0.000903
0.000907
0.000912
0.000916
0.000920
0.000921
0.000920
0.000919
0.000925
0.000941
0.000963
0.000979
0.000985
0.000979
0.000969
0.000963
0.000967
0.000974
0.000977
0.000977
0.000979
0.000983
0.000988
0.000993
0.001002
0.001017
0.001031
0.001036
0.001033
0.001031
0.001033
0.001037
0.001039
0.001035
0.001027
0.001021
0.001022
0.001030
0.001038
0.001040
0.001037
0.001034
0.001032
0.001030
0.001028
0.001032
0.001043
0.001060
0.001078
0.001096
0.001114
0.001125
0.001127
0.001127
0.001131
0.001139
0.001145
0.001146
0.001145
0.001145
0.001145
0.001144
0.001141
0.001139
0.001140
0.001143
0.001146
0.001151
0.001159
0.001169
0.001178
0.001182
0.001186
0.001196
0.001214
0.001235
0.001253
0.001265
0.001272
0.001278
0.001285
0.001296
0.001306
0.001313
0.001320
0.001332
0.001347
0.001356
0.001351
0.001340
0.001334
0.001339
0.001351
0.001370
0.001394
0.001420
0.001442
0.001459
0.001474
0.001491
0.001508
0.001518
0.001520
0.001515
0.001503
0.001488
0.001476
0.001471
0.001473
0.001480
0.001488
0.001497
0.001505
0.001511
0.001518
0.001530
0.001547
0.001563
0.001573
0.001577
0.001578
0.001579
0.001581
0.001582
0.001584
0.001589
0.001600
0.001622
0.001651
0.001678
0.001695
0.001709
0.001728
0.001758
0.001793
0.001824
0.001850
0.001871
0.001887
0.001896
0.001899
0.001905
0.001922
0.001949
0.001978
0.002000
0.002013
0.002022
0.002029
0.002038
0.002045
0.002048
0.002046
0.002045
0.002051
0.002062
0.002072
0.002070
0.002057
0.002041
0.002032
0.002031
0.002028
0.002017
0.001999
0.001984
0.001979
0.001984
0.001993
0.002004
0.002018
0.002030
0.002037
0.002036
0.002030
0.002025
0.002025
0.002027
0.002028
0.002025
0.002022
0.002026
0.002036
0.002045
0.002047
0.002048
0.002057
0.002073
0.002090
0.002102
0.002112
0.002128
0.002152
0.002176
0.002190
0.002194
0.002195
0.002200
0.002214
0.002234
0.002257
0.002284
0.002319
0.002363
0.002411
0.002451
0.002477
0.002484
0.002475
0.002461
0.002454
0.002463
0.002481
0.002497
0.002506
0.002510
0.002511
0.002510
0.002508
0.002508
0.002508
0.002504
0.002491
0.002469
0.002443
0.002417
0.002394
0.002377
0.002363
0.002352
0.002339
0.002318
0.002288
0.002257
0.002235
0.002226
0.002223
0.002215
0.002200
0.002182
0.002166
0.002149
0.002130
0.002105
0.002074
0.002038
0.002003
0.001977
0.001960
0.001947
0.001931
0.001911
0.001888
0.001864
0.001840
0.001818
0.001797
0.001775
0.001751
0.001729
0.001711
0.001698
0.001687
0.001680
0.001676
0.001674
0.001671
0.001665
0.001653
0.001634
0.001613
0.001597
0.001591
0.001592
0.001592
0.001588
0.001583
0.001584
0.001590
0.001595
0.001596
0.001594
0.001594
0.001598
0.001608
0.001623
0.001641
0.001656
0.001661
0.001660
0.001660
0.001669
0.001682
0.001691
0.001693
0.001692
0.001694
0.001699
0.001705
0.001707
0.001708
0.001708
0.001707
0.001708
0.001713
0.001725
0.001741
0.001755
0.001765
0.001770
0.001777
0.001789
0.001807
0.001824
0.001836
0.001843
0.001848
0.001851
0.001854
0.001860
0.001871
0.001885
0.001899
0.001905
0.001902
0.001892
0.001882
0.001878
0.001877
0.001874
0.001868
0.001861
0.001855
0.001852
0.001852
0.001854
0.001851
0.001842
0.001831
0.001825
0.001827
0.001832
0.001836
0.001844
0.001855
0.001867
0.001875
0.001884
0.001900
0.001922
0.001941
0.001954
0.001960
0.001963
0.001967
0.001976
0.001989
0.002002
0.002011
0.002018
0.002031
0.002048
0.002064
0.002076
0.002088
0.002102
0.002122
0.002147
0.002173
0.002196
0.002212
0.002226
0.002246
0.002272
0.002296
0.002315
0.002336
0.002368
0.002410
0.002453
0.002489
0.002519
0.002547
0.002580
0.002619
0.002659
0.002691
0.002716
0.002738
0.002762
0.002789
0.002818
0.002846
0.002872
0.002895
0.002918
0.002947
0.002982
0.003016
0.003041
0.003057
0.003070
0.003084
0.003099
0.003113
0.003131
0.003158
0.003197
0.003245
0.003289
0.003321
0.003342
0.003363
0.003392
0.003423
0.003451
0.003476
0.003502
0.003527
0.003548
0.003562
0.003574
0.003586
0.003596
0.003605
0.003614
0.003627
0.003647
0.003670
0.003695
0.003718
0.003740
0.003763
0.003789
0.003818
0.003851
0.003887
0.003920
0.003946
0.003965
0.003980
0.003991
0.003994
0.003990
0.003988
0.003993
0.004004
0.004013
0.004020
0.004031
0.004046
0.004056
0.004053
0.004039
0.004020
0.004000
0.003984
0.003976
0.003974
0.003972
0.003964
0.003950
0.003933
0.003918
0.003906
0.003897
0.003892
0.003890
0.003890
0.003891
0.003888
0.003880
0.003866
0.003855
0.003848
0.003841
0.003827
0.003802
0.003767
0.003727
0.003686
0.003656
0.003644
0.003648
0.003653
0.003648
0.003633
0.003609
0.003576
0.003537
0.003498
0.003467
0.003449
0.003439
0.003429
0.003409
0.003380
0.003345
0.003309
0.003275
0.003242
0.003210
0.003182
0.003159
0.003142
0.003130
0.003121
0.003113
0.003110
0.003111
0.003113
0.003108
0.003092
0.003078
0.003074
0.003078
0.003075
0.003057
0.003028
0.003003
0.002989
0.002987
0.002991
0.002997
0.003004
0.003009
0.003009
0.003000
0.002981
0.002959
0.002943
0.002935
0.002929
0.002922
0.002913
0.002904
0.002896
0.002888
0.002887
0.002893
0.002901
0.002904
0.002904
0.002903
0.002906
0.002912
0.002919
0.002922
0.002922
0.002922
0.002925
0.002937
0.002954
0.002968
0.002969
0.002959
0.002946
0.002936
0.002931
0.002924
0.002911
0.002893
0.002877
0.002870
0.002872
0.002879
0.002881
0.002878
0.002870
0.002865
0.002867
0.002877
0.002888
0.002894
0.002892
0.002888
0.002888
0.002899
0.002916
0.002931
0.002938
0.002933
0.002917
0.002899
0.002886
0.002879
0.002875
0.002870
0.002861
0.002849
0.002834
0.002819
0.002808
0.002807
0.002815
0.002824
0.002826
0.002822
0.002816
0.002811
0.002809
0.002810
0.002814
0.002820
0.002824
0.002825
0.002820
0.002810
0.002793
0.002771
0.002748
0.002731
0.002724
0.002721
0.002716
0.002710
0.002710
0.002718
0.002728
0.002734
0.002735
0.002736
0.002743
0.002758
0.002781
0.002810
0.002838
0.002856
0.002857
0.002844
0.002822
0.002792
0.002755
0.002713
0.002670
0.002632
0.002601
0.002580
0.002568
0.002564
0.002566
0.002571
0.002579
0.002590
0.002605
0.002628
0.002662
0.002709
0.002766
0.002827
0.002887
0.002949
0.003017
0.003095
0.003179
0.003266
0.003352
0.003441
0.003532
0.003621
0.003705
0.003783
0.003851
0.003898
0.003915
0.003895
0.003838
0.003751
0.003638
0.003512
0.003382
0.003258
0.003148
0.003056
0.002982
0.002922
0.002878
0.002854
0.002855
0.002877
0.002912
0.002956
0.003013
0.003090
0.003190
0.003319
0.003474
0.003648
0.003828
0.003992
0.004120
0.004202
0.004241
0.004249
0.004241
0.004221
0.004190
0.004150
0.004102
0.004044
0.003969
0.003873
0.003757
0.003620
0.003465
0.003302
0.003147
0.003008
0.002882
0.002768
0.002672
0.002599
0.002551
0.002522
0.002506
0.002502
0.002510
0.002532
0.002575
0.002645
0.002742
0.002852
0.002966
0.003079
0.003187
0.003282
0.003348
0.003373
0.003358
0.003310
0.003235
0.003138
0.003031
0.002928
0.002840
0.002762
0.002687
0.002609
0.002534
0.002462
0.002396
0.002337
0.002289
0.002254
0.002229
0.002203
0.002169
0.002129
0.002088
0.002051
0.002025
0.002010
0.002003
0.001999
0.001994
0.001989
0.001987
0.001993
0.002008
0.002031
0.002055
0.002073
0.002082
0.002079
0.002062
0.002028
0.001982
0.001932
0.001883
0.001837
0.001802
0.001781
0.001774
0.001777
0.001785
0.001794
0.001801
0.001804
0.001805
0.001808
0.001816
0.001825
0.001834
0.001845
0.001857
0.001867
0.001872
0.001877
0.001886
0.001896
0.001900
0.001899
0.001898
0.001900
0.001904
0.001904
0.001902
0.001901
0.001905
0.001914
0.001926
0.001937
0.001949
0.001967
0.001996
0.002032
0.002062
0.002080
0.002087
0.002091
0.002094
0.002095
0.002093
0.002090
0.002088
0.002093
0.002111
0.002141
0.002174
0.002200
0.002222
0.002250
0.002282
0.002312
0.002335
0.002353
0.002368
0.002376
0.002377
0.002377
0.002383
0.002393
0.002399
0.002400
0.002402
0.002415
0.002435
0.002458
0.002475
0.002488
0.002500
0.002513
0.002525
0.002533
0.002540
0.002551
0.002565
0.002578
0.002586
0.002591
0.002600
0.002615
0.002635
0.002656
0.002677
0.002693
0.002703
0.002705
0.002704
0.002706
0.002710
0.002714
0.002716
0.002715
0.002707
0.002693
0.002679
0.002669
0.002668
0.002674
0.002682
0.002687
0.002689
0.002689
0.002689
0.002690
0.002691
0.002697
0.002709
0.002722
0.002730
0.002731
0.002724
0.002714
0.002702
0.002692
0.002683
0.002670
0.002651
0.002633
0.002626
0.002630
0.002632
0.002626
0.002614
0.002605
0.002597
0.002588
0.002576
0.002562
0.002542
0.002517
0.002492
0.002471
0.002451
0.002428
0.002406
0.002391
0.002384
0.002376
0.002362
0.002345
0.002330
0.002312
0.002290
0.002264
0.002238
0.002211
0.002182
0.002151
0.002122
0.002096
0.002065
0.002028
0.001987
0.001947
0.001912
0.001889
0.001879
0.001875
0.001869
0.001858
0.001844
0.001826
0.001802
0.001775
0.001748
0.001727
0.001715
0.001713
0.001719
0.001728
0.001736
0.001740
0.001741
0.001738
0.001731
0.001720
0.001707
0.001691
0.001669
0.001643
0.001619
0.001603
0.001594
0.001584
0.001569
0.001552
0.001536
0.001524
0.001516
0.001513
0.001511
0.001503
0.001487
0.001470
0.001460
0.001458
0.001454
0.001440
0.001423
0.001411
0.001408
0.001408
0.001405
0.001396
0.001381
0.001367
0.001360
0.001364
0.001371
0.001370
0.001359
0.001348
0.001346
0.001351
0.001355
0.001356
0.001356
0.001357
0.001355
0.001351
0.001349
0.001354
0.001368
0.001387
0.001407
0.001429
0.001453
0.001480
0.001507
0.001525
0.001530
0.001527
0.001523
0.001521
0.001522
0.001531
0.001555
0.001589
0.001624
0.001651
0.001669
0.001678
0.001677
0.001666
0.001653
0.001641
0.001629
0.001617
0.001611
0.001616
0.001628
0.001637
0.001641
0.001641
0.001636
0.001622
0.001604
0.001592
0.001591
0.001593
0.001586
0.001566
0.001539
0.001517
0.001511
0.001522
0.001545
0.001572
0.001602
0.001634
0.001668
0.001698
0.001721
0.001746
0.001782
0.001831
0.001888
0.001948
0.002014
0.002086
0.002163
0.002233
0.002286
0.002314
0.002315
0.002295
0.002264
0.002232
0.002200
0.002170
0.002142
0.002119
0.002100
0.002082
0.002066
0.002058
0.002064
0.002084
0.002115
0.002156
0.002206
0.002260
0.002316
0.002381
0.002460
0.002551
0.002647
0.002748
0.002866
0.003014
0.003189
0.003387
0.003612
0.003878
0.004202
0.004587
0.005033
0.005552
0.006162
0.006876
0.007702
0.008628
0.009631
0.010668
0.011673
0.012561
0.013230
0.013580
0.013553
0.013161
0.012481
0.011623
0.010692
0.009763
0.008888
0.008098
0.007413
0.006842
0.006379
0.006010
0.005724
0.005513
0.005377
0.005313
0.005317
0.005389
0.005531
0.005741
0.006019
0.006376
0.006839
0.007441
0.008208
0.009163
0.010344
0.011799
0.013575
0.015707
0.018218
0.021102
0.024290
0.027631
0.030879
0.033710
0.035750
0.036659
0.036264
0.034649
0.032120
0.029084
0.025906
0.022848
0.020066
0.017631
0.015553
0.013806
0.012355
0.011160
0.010184
0.009397
0.008780
0.008320
0.008000
0.007805
0.007724
0.007754
0.007897
0.008162
0.008568
0.009133
0.009869
0.010792
0.011933
0.013339
0.015053
0.017110
0.019539
0.022335
0.025428
0.028653
0.031737
0.034326
0.036033
0.036542
0.035727
0.033729
0.030900
0.027674
0.024421
0.021385
0.018692
0.016378
0.014428
0.012796
0.011432
0.010291
0.009339
0.008555
0.007915
0.007397
0.006983
0.006660
0.006419
0.006250
0.006143
0.006103
0.006137
0.006243
0.006414
0.006644
0.006944
0.007333
0.007825
0.008431
0.009155
0.009994
0.010924
0.011884
0.012786
0.013517
0.013961
0.014028
0.013689
0.012994
0.012052
0.010996
0.009938
0.008956
0.008084
0.007328
0.006678
0.006124
0.005656
0.005264
0.004934
0.004662
0.004448
0.004287
0.004160
0.004045
0.003934
0.003830
0.003734
0.003643
0.003552
0.003469
0.003402
0.003347
0.003290
0.003223
0.003156
0.003103
0.003063
0.003033
0.003006
0.002983
0.002962
0.002934
0.002900
0.002864
0.002835
0.002816
0.002800
0.002784
0.002767
0.002750
0.002736
0.002727
0.002718
0.002708
0.002697
0.002690
0.002687
0.002686
0.002684
0.002682
0.002680
0.002680
0.002678
0.002670
0.002651
0.002621
0.002594
0.002581
0.002586
0.002596
0.002597
0.002592
0.002587
0.002586
0.002586
0.002590
0.002599
0.002614
0.002631
0.002652
0.002678
0.002706
0.002729
0.002749
0.002770
0.002799
0.002831
0.002863
0.002900
0.002953
0.003023
0.003099
0.003166
0.003218
0.003255
0.003285
0.003310
0.003324
0.003322
0.003302
0.003277
0.003258
0.003256
0.003269
0.003291
0.003323
0.003367
0.003430
0.003509
0.003593
0.003667
0.003724
0.003763
0.003776
0.003755
0.003695
0.003611
0.003523
0.003443
0.003368
0.003293
0.003220
0.003153
0.003098
0.003061
0.003046
0.003051
0.003065
0.003078
0.003086
0.003088
0.003087
0.003081
0.003066
0.003042
0.003011
0.002980
0.002953
0.002927
0.002895
0.002856
0.002811
0.002762
0.002707
0.002646
0.002581
0.002518
0.002456
0.002395
0.002337
0.002287
0.002243
0.002199
0.002158
0.002128
0.002113
0.002104
0.002094
0.002079
0.002066
0.002057
0.002046
0.002025
0.001997
0.001968
0.001946
0.001926
0.001902
0.001875
0.001850
0.001831
0.001818
0.001805
0.001791
0.001778
0.001770
0.001767
0.001766
0.001761
0.001748
0.001727
0.001709
0.001701
0.001705
0.001712
0.001712
0.001706
0.001701
0.001704
0.001715
0.001728
0.001735
0.001730
0.001718
0.001709
0.001713
0.001726
0.001739
0.001745
0.001751
0.001766
0.001788
0.001807
0.001814
0.001816
0.001820
0.001822
0.001810
0.001783
0.001755
0.001743
0.001750
0.001765
0.001780
0.001795
0.001811
0.001828
0.001841
0.001852
0.001862
0.001868
0.001869
0.001868
0.001869
0.001874
0.001882
0.001889
0.001896
0.001902
0.001905
0.001903
0.001898
0.001894
0.001893
0.001897
0.001907
0.001919
0.001929
0.001934
0.001935
0.001934
0.001931
0.001925
0.001920
0.001923
0.001936
0.001953
0.001967
0.001979
0.001990
0.002002
0.002010
0.002014
0.002020
0.002032
0.002044
0.002048
0.002040
0.002027
0.002017
0.002017
0.002029
0.002045
0.002056
0.002053
0.002038
0.002023
0.002017
0.002024
0.002037
0.002051
0.002060
0.002065
0.002071
0.002082
0.002095
0.002106
0.002116
0.002132
0.002161
0.002198
0.002233
0.002266
0.002300
0.002341
0.002386
0.002435
0.002490
0.002548
0.002600
0.002640
0.002667
0.002683
0.002683
0.002666
0.002638
0.002612
0.002596
0.002590
0.002589
0.002595
0.002609
0.002635
0.002671
0.002716
0.002773
0.002843
0.002928
0.003023
0.003125
0.003230
0.003333
0.003419
0.003472
0.003477
0.003438
0.003365
0.003277
0.003189
0.003112
0.003053
0.003020
0.003018
0.003048
0.003105
0.003191
0.003304
0.003446
0.003614
0.003804
0.004009
0.004214
0.004392
0.004522
0.004591
0.004596
0.004541
0.004433
0.004288
0.004123
0.003955
0.003792
0.003640
0.003507
0.003397
0.003311
0.003249
0.003210
0.003191
0.003185
0.003184
0.003190
0.003205
0.003230
0.003258
0.003284
0.003300
0.003305
0.003300
0.003291
0.003285
0.003284
0.003288
0.003299
0.003325
0.003374
0.003442
0.003522
0.003608
0.003701
0.003803
0.003913
0.004029
0.004153
0.004294
0.004462
0.004652
0.004847
0.005024
0.005162
0.005243
0.005251
0.005180
0.005033
0.004830
0.004597
0.004365
0.004161
0.004004
0.003902
0.003855
0.003867
0.003938
0.004069
0.004256
0.004496
0.004783
0.005096
0.005403
0.005662
0.005839
0.005908
0.005857
0.005688
0.005426
0.005107
0.004763
0.004422
0.004101
0.003808
0.003552
0.003336
0.003163
0.003029
0.002928
0.002851
0.002790
0.002742
0.002702
0.002673
0.002659
0.002664
0.002690
0.002732
0.002785
0.002840
0.002896
0.002953
0.003013
0.003073
0.003124
0.003160
0.003180
0.003186
0.003182
0.003177
0.003185
0.003223
0.003300
0.003414
0.003565
0.003752
0.003971
0.004208
0.004441
0.004643
0.004786
0.004847
0.004819
0.004710
0.004541
0.004337
0.004122
0.003910
0.003713
0.003541
0.003397
0.003283
0.003194
0.003126
0.003079
0.003051
0.003035
0.003032
0.003047
0.003093
0.003172
0.003281
0.003417
0.003584
0.003781
0.004006
0.004254
0.004525
0.004808
0.005082
0.005315
0.005486
0.005576
0.005578
0.005497
0.005353
0.005180
0.005000
0.004821
0.004645
0.004471
0.004304
0.004148
0.004012
0.003900
0.003807
0.003726
0.003658
0.003608
0.003580
0.003570
0.003574
0.003592
0.003621
0.003656
0.003698
0.003756
0.003833
0.003923
0.004016
0.004109
0.004208
0.004314
0.004419
0.004522
0.004621
0.004712
0.004783
0.004823
0.004831
0.004814
0.004776
0.004722
0.004664
0.004614
0.004583
0.004575
0.004590
0.004623
0.004666
0.004710
0.004753
0.004800
0.004860
0.004938
0.005038
0.005168
0.005336
0.005548
0.005810
0.006127
0.006503
0.006946
0.007462
0.008060
0.008745
0.009516
0.010359
0.011235
0.012087
0.012842
0.013420
0.013744
0.013760
0.013452
0.012856
0.012049
0.011127
0.010175
0.009254
0.008405
0.007652
0.007008
0.006469
0.006019
0.005635
0.005297
0.004999
0.004745
0.004539
0.004372
0.004230
0.004108
0.004010
0.003936
0.003881
0.003840
0.003815
0.003803
0.003799
0.003800
0.003807
0.003826
0.003856
0.003898
0.003951
0.004012
0.004077
0.004139
0.004202
0.004269
0.004343
0.004425
0.004520
0.004635
0.004778
0.004949
0.005150
0.005384
0.005650
0.005950
0.006290
0.006688
0.007166
0.007738
0.008419
0.009234
0.010217
0.011408
0.012841
0.014543
0.016537
0.018831
0.021400
0.024176
0.027040
0.029824
0.032329
0.034350
0.035745
0.036489
0.036705
0.036624
0.036508
0.036573
0.036961
0.037718
0.038788
0.040007
0.041124
0.041863
0.041992
0.041389
0.040072
0.038169
0.035855
0.033297
0.030629
0.027958
0.025367
0.022914
0.020633
0.018549
0.016685
0.015053
0.013650
0.012459
0.011457
0.010623
0.009942
0.009399
0.008977
0.008654
0.008411
0.008232
0.008110
0.008032
0.007987
0.007965
0.007968
0.008003
0.008075
0.008186
0.008336
0.008533
0.008786
0.009104
0.009495
0.009963
0.010515
0.011161
0.011920
0.012811
0.013864
0.015115
0.016608
0.018390
0.020503
0.022981
0.025836
0.029039
0.032509
0.036090
0.039556
0.042628
0.045026
0.046560
0.047191
0.047060
0.046446
0.045685
0.045073
0.044801
0.044920
0.045344
0.045870
0.046219
0.046092
0.045242
0.043549
0.041058
0.037957
0.034517
0.031007
0.027640
0.024547
0.021793
0.019394
0.017340
0.015599
0.014129
0.012885
0.011829
0.010930
0.010161
0.009504
0.008945
0.008476
0.008090
0.007776
0.007518
0.007303
0.007121
0.006964
0.006830
0.006717
0.006624
0.006548
0.006488
0.006442
0.006412
0.006398
0.006400
0.006411
0.006429
0.006453
0.006485
0.006527
0.006576
0.006627
0.006670
0.006696
0.006702
0.006693
0.006678
0.006663
0.006644
0.006614
0.006568
0.006503
0.006416
0.006312
0.006195
0.006073
0.005954
0.005844
0.005754
0.005692
0.005657
0.005637
0.005622
0.005610
0.005602
0.005601
0.005607
0.005616
0.005621
0.005620
0.005617
0.005624
0.005647
0.005682
0.005722
0.005766
0.005816
0.005868
0.005916
0.005954
0.005986
0.006018
0.006053
0.006093
0.006141
0.006209
0.006304
0.006429
0.006576
0.006738
0.006910
0.007097
0.007316
0.007586
0.007925
0.008345
0.008855
0.009464
0.010187
0.011042
0.012040
0.013170
0.014398
0.015667
0.016900
0.018016
0.018944
0.019645
0.020131
0.020463
0.020739
0.021064
0.021515
0.022116
0.022832
0.023583
0.024263
0.024758
0.024951
0.024754
0.024137
0.023149
0.021905
0.020545
0.019203
0.017985
0.016965
0.016182
0.015642
0.015326
0.015207
0.015256
0.015438
0.015702
0.015987
0.016246
0.016460
0.016647
0.016843
0.017095
0.017445
0.017919
0.018509
0.019169
0.019826
0.020390
0.020775
0.020919
0.020797
0.020436
0.019898
0.019263
0.018625
0.018080
0.017708
0.017568
0.017694
0.018112
0.018830
0.019840
0.021121
0.022633
0.024324
0.026117
0.027924
0.029664
0.031285
0.032773
0.034150
0.035478
0.036843
0.038319
0.039941
0.041680
0.043439
0.045071
0.046415
0.047343
0.047791
0.047745
0.047219
0.046248
0.044898
0.043283
0.041549
0.039842
0.038272
0.036889
0.035692
0.034649
0.033715
0.032840
0.031970
0.031037
0.029976
0.028738
0.027311
0.025726
0.024047
0.022362
0.020753
0.019286
0.018004
0.016926
0.016054
0.015369
0.014841
0.014441
0.014154
0.013983
0.013940
0.014038
0.014284
0.014683
0.015229
0.015898
0.016642
0.017392
0.018074
0.018618
0.018976
0.019127
0.019086
0.018898
0.018631
0.018359
0.018142
0.018011
0.017958
0.017944
0.017908
0.017783
0.017509
0.017046
0.016383
0.015537
0.014556
0.013501
0.012436
0.011412
0.010464
0.009607
0.008847
0.008185
0.007618
0.007140
0.006737
0.006394
0.006099
0.005847
0.005638
0.005466
0.005321
0.005198
0.005095
0.005011
0.004943
0.004885
0.004839
0.004807
0.004792
0.004792
0.004804
0.004822
0.004846
0.004877
0.004921
0.004988
0.005079
0.005188
0.005303
0.005414
0.005511
0.005586
0.005630
0.005634
0.005591
0.005498
0.005366
0.005216
0.005070
0.004940
0.004828
0.004733
0.004654
0.004590
0.004542
0.004513
0.004505
0.004523
0.004563
0.004621
0.004694
0.004778
0.004867
0.004957
0.005049
0.005144
0.005243
0.005344
0.005452
0.005576
0.005720
0.005884
0.006071
0.006287
0.006546
0.006855
0.007220
0.007646
0.008130
0.008655
0.009182
0.009664
0.010051
0.010307
0.010419
0.010405
0.010308
0.010176
0.010050
0.009958
0.009923
0.009963
0.010093
0.010320
0.010646
0.011075
0.011615
0.012272
0.013050
0.013943
0.014949
0.016066
0.017299
0.018643
0.020083
0.021596
0.023145
0.024670
0.026081
0.027274
0.028149
0.028632
0.028685
0.028313
0.027569
0.026541
0.025338
0.024071
0.022833
0.021690
0.020666
0.019747
0.018907
0.018134
0.017453
0.016919
0.016598
0.016551
0.016822
0.017439
0.018408
0.019715
0.021318
0.023159
0.025153
0.027179
0.029075
0.030655
0.031742
0.032189
0.031920
0.030957
0.029420
0.027501
0.025404
0.023305
0.021329
0.019552
0.018001
0.016670
0.015538
0.014579
0.013768
0.013084
0.012518
0.012068
0.011727
0.011482
0.011324
0.011249
0.011255
0.011340
0.011502
0.011758
0.012132
0.012648
0.013320
0.014149
0.015122
0.016221
0.017417
0.018685
0.019990
0.021283
0.022495
0.023533
0.024291
0.024665
0.024587
0.024062
0.023166
0.022020
0.020753
0.019472
0.018251
0.017129
0.016115
0.015209
0.014404
0.013700
0.013100
0.012606
0.012220
0.011949
0.011806
0.011811
0.011965
0.012250
0.012635
0.013090
0.013584
0.014080
0.014531
0.014895
0.015157
0.015315
0.015373
0.015325
0.015165
0.014890
0.014511
0.014050
0.013538
0.013017
0.012526
0.012092
0.011723
0.011406
0.011124
0.010867
0.010644
0.010467
0.010341
0.010263
0.010230
0.010249
0.010327
0.010473
0.010695
0.011010
0.011438
0.012005
0.012742
0.013684
0.014877
0.016363
0.018173
0.020323
0.022802
0.025564
0.028507
0.031459
0.034177
0.036373
0.037759
0.038127
0.037422
0.035762
0.033400
0.030649
0.027795
0.025058
0.022578
0.020416
0.018583
0.017062
0.015835
0.014896
0.014241
0.013853
0.013711
0.013800
0.014127
0.014705
0.015557
0.016709
0.018198
0.020056
0.022305
0.024951
0.027977
0.031327
0.034881
0.038438
0.041726
0.044446
0.046328
0.047215
0.047122
0.046226
0.044780
0.042998
0.041000
0.038820
0.036457
0.033918
0.031243
0.028520
0.025865
0.023390
0.021177
0.019270
0.017686
0.016418
0.015441
0.014720
0.014222
0.013931
0.013841
0.013956
0.014289
0.014863
0.015704
0.016840
0.018296
0.020078
0.022162
0.024470
0.026859
0.029127
0.031029
0.032319
0.032810
0.032441
0.031309
0.029637
0.027698
0.025735
0.023926
0.022392
0.021214
0.020440
0.020088
0.020166
0.020683
0.021656
0.023103
0.025038
0.027468
0.030366
0.033656
0.037205
0.040838
0.044360
0.047582
0.050341
0.052529
0.054098
0.055053
0.055429
0.055263
0.054560
0.053284
0.051373
0.048799
0.045626
0.042022
0.038223
0.034469
0.030942
0.027746
0.024907
0.022410
0.020223
0.018320
0.016674
0.015258
0.014046
0.013014
0.012147
0.011429
0.010846
0.010382
0.010022
0.009748
0.009547
0.009414
0.009350
0.009350
0.009405
0.009504
0.009653
0.009872
0.010181
0.010589
0.011108
0.011755
0.012558
0.013544
0.014736
0.016148
0.017772
0.019565
0.021440
0.023270
0.024894
0.026124
0.026790
0.026787
0.026112
0.024865
0.023212
0.021345
0.019442
0.017637
0.016011
0.014595
0.013391
0.012387
0.011558
0.010877
0.010314
0.009849
0.009463
0.009144
0.008875
0.008648
0.008459
0.008311
0.008198
0.008110
0.008037
0.007977
0.007934
0.007907
0.007889
0.007869
0.007842
0.007810
0.007780
0.007754
0.007734
0.007721
0.007717
0.007720
0.007731
0.007746
0.007764
0.007787
0.007819
0.007861
0.007909
0.007956
0.008000
0.008045
0.008094
0.008145
0.008191
0.008230
0.008263
0.008298
0.008340
0.008391
0.008445
0.008495
0.008539
0.008584
0.008642
0.008718
0.008811
0.008914
0.009020
0.009125
0.009224
0.009308
0.009372
0.009406
0.009408
0.009377
0.009320
0.009248
0.009172
0.009104
0.009050
0.009009
0.008976
0.008951
0.008939
0.008944
0.008966
0.009001
0.009047
0.009111
0.009196
0.009302
0.009425
0.009560
0.009698
0.009831
0.009953
0.010061
0.010161
0.010254
0.010342
0.010422
0.010492
0.010538
0.010544
0.010493
0.010384
0.010223
0.010028
0.009814
0.009599
0.009397
0.009219
0.009072
0.008961
0.008888
0.008852
0.008851
0.008884
0.008948
0.009041
0.009162
0.009308
0.009472
0.009641
0.009801
0.009933
0.010013
0.010017
0.009935
0.009778
0.009574
0.009349
0.009120
0.008891
0.008672
0.008472
0.008298
0.008146
0.008011
0.007893
0.007798
0.007726
0.007675
0.007640
0.007614
0.007591
0.007563
0.007531
0.007502
0.007483
0.007470
0.007457
0.007445
0.007442
0.007449
0.007466
0.007495
0.007543
0.007616
0.007716
0.007845
0.008005
0.008197
0.008411
0.008632
0.008840
0.009009
0.009106
0.009102
0.008989
0.008779
0.008509
0.008219
0.007943
0.007694
0.007473
0.007283
0.007128
0.007008
0.006920
0.006858
0.006827
0.006832
0.006874
0.006950
0.007068
0.007234
0.007439
0.007656
0.007858
0.008020
0.008116
0.008122
0.008031
0.007866
0.007658
0.007434
0.007204
0.006972
0.006739
0.006504
0.006269
0.006041
0.005824
0.005620
0.005433
0.005269
0.005133
0.005020
0.004924
0.004844
0.004781
0.004732
0.004694
0.004667
0.004654
0.004651
0.004652
0.004651
0.004648
0.004639
0.004621
0.004596
0.004572
0.004554
0.004540
0.004524
0.004506
0.004487
0.004472
0.004461
0.004452
0.004446
0.004445
0.004459
0.004491
0.004536
0.004590
0.004655
0.004738
0.004844
0.004967
0.005103
0.005251
0.005412
0.005589
0.005781
0.005986
0.006199
0.006404
0.006583
0.006714
0.006787
0.006799
0.006759
0.006676
0.006562
0.006427
0.006286
0.006159
0.006059
0.005991
0.005958
0.005962
0.005997
0.006052
0.006115
0.006179
0.006231
0.006251
0.006217
0.006129
0.006005
0.005872
0.005745
0.005635
0.005548
0.005485
0.005441
0.005408
0.005376
0.005344
0.005320
0.005316
0.005344
0.005401
0.005484
0.005590
0.005721
0.005871
0.006031
0.006186
0.006321
0.006418
0.006463
0.006453
0.006401
0.006327
0.006251
0.006191
0.006155
0.006136
0.006116
0.006077
0.006011
0.005915
0.005788
0.005636
0.005470
0.005298
0.005122
0.004948
0.004792
0.004665
0.004568
0.004494
0.004443
0.004420
0.004419
0.004425
0.004429
0.004428
0.004427
0.004429
0.004433
0.004435
0.004430
0.004416
0.004398
0.004383
0.004372
0.004367
0.004372
0.004398
0.004441
0.004496
0.004561
0.004647
0.004769
0.004937
0.005159
0.005446
0.005806
0.006232
0.006694
0.007147
0.007541
0.007828
0.007966
0.007936
0.007750
0.007445
0.007074
0.006690
0.006324
0.005989
0.005687
0.005420
0.005194
0.005013
0.004877
0.004784
0.004736
0.004736
0.004786
0.004885
0.005030
0.005219
0.005458
0.005750
0.006092
0.006464
0.006828
0.007133
0.007324
0.007362
0.007241
0.006989
0.006656
0.006291
0.005929
0.005594
0.005294
0.005032
0.004811
0.004633
0.004495
0.004388
0.004305
0.004243
0.004205
0.004195
0.004220
0.004283
0.004387
0.004528
0.004703
0.004914
0.005162
0.005444
0.005746
0.006045
0.006311
0.006507
0.006604
0.006587
0.006466
0.006267
0.006022
0.005759
0.005502
0.005270
0.005070
0.004900
0.004753
0.004622
0.004506
0.004402
0.004311
0.004234
0.004175
0.004135
0.004114
0.004106
0.004107
0.004119
0.004150
0.004204
0.004284
0.004401
0.004564
0.004781
0.005051
0.005368
0.005725
0.006118
0.006545
0.007000
0.007472
0.007947
0.008423
0.008922
0.009485
0.010155
0.010961
0.011922
0.013035
0.014257
0.015484
0.016551
0.017268
0.017479
0.017124
0.016268
0.015073
0.013733
0.012409
0.011205
0.010175
0.009336
0.008681
0.008186
0.007824
0.007575
0.007421
0.007344
0.007325
0.007334
0.007340
0.007324
0.007282
0.007234
0.007207
0.007230
0.007331
0.007533
0.007860
0.008335
0.008989
0.009852
0.010947
0.012284
0.013871
0.015707
0.017757
0.019929
0.022061
0.023942
0.025339
0.026049
0.025963
0.025125
0.023718
0.022002
0.020229
0.018599
0.017244
0.016244
0.015639
0.015438
0.015632
0.016191
0.017073
0.018230
0.019613
0.021149
0.022730
0.024204
0.025387
0.026076
0.026106
0.025411
0.024065
0.022258
0.020219
0.018147
0.016183
0.014408
0.012857
0.011537
0.010436
0.009539
0.008822
0.008258
0.007826
0.007517
0.007326
0.007249
0.007281
0.007429
0.007705
0.008118
0.008677
0.009399
0.010304
0.011415
0.012740
0.014261
0.015925
0.017635
0.019247
0.020589
0.021476
0.021760
0.021391
0.020452
0.019131
0.017649
0.016192
0.014884
0.013804
0.013001
0.012502
0.012319
0.012453
0.012900
0.013650
0.014681
0.015943
0.017350
0.018782
0.020082
0.021068
0.021558
0.021426
0.020654
0.019348
0.017698
0.015912
0.014163
0.012556
0.011133
0.009902
0.008856
0.007987
0.007274
0.006685
0.006198
0.005798
0.005472
0.005201
0.004967
0.004762
0.004582
0.004425
0.004288
0.004176
0.004091
0.004021
0.003954
0.003886
0.003825
0.003780
0.003755
0.003751
0.003764
0.003784
0.003812
0.003854
0.003921
0.004014
0.004126
0.004255
0.004409
0.004598
0.004825
0.005087
0.005386
0.005730
0.006137
0.006628
0.007229
0.007969
0.008874
0.009975
0.011299
0.012871
0.014701
0.016773
0.019026
0.021333
0.023504
0.025293
0.026446
0.026766
0.026187
0.024807
0.022850
0.020587
0.018258
0.016044
0.014054
0.012332
0.010874
0.009657
0.008657
0.007845
0.007190
0.006666
0.006252
0.005931
0.005684
0.005495
0.005362
0.005288
0.005270
0.005297
0.005363
0.005463
0.005596
0.005759
0.005957
0.006201
0.006508
0.006893
0.007374
0.007971
0.008708
0.009610
0.010708
0.012040
0.013656
0.015617
0.017994
0.020861
0.024288
0.028326
0.032986
0.038202
0.043798
0.049456
0.054713
0.059001
0.061746
0.062527
0.061217
0.058026
0.053428
0.048016
0.042359
0.036901
0.031920
0.027549
0.023813
0.020682
0.018096
0.015987
0.014284
0.012925
0.011862
0.011057
0.010480
0.010105
0.009910
0.009880
0.010013
0.010308
0.010765
0.011385
0.012179
0.013154
0.014301
0.015582
0.016937
0.018293
0.019572
0.020697
0.021621
0.022346
0.022940
0.023522
0.024234
0.025219
0.026586
0.028394
0.030656
0.033345
0.036396
0.039699
0.043086
0.046354
0.049269
0.051561
0.052929
0.053096
0.051922
0.049504
0.046168
0.042363
0.038522
0.034976
0.031937
0.029502
0.027678
0.026402
0.025564
0.025025
0.024622
0.024206
0.023682
0.023036
0.022324
0.021638
0.021079
0.020731
0.020637
0.020795
0.021162
0.021678
0.022274
0.022882
0.023453
0.023987
0.024529
0.025146
0.025883
0.026745
0.027680
0.028590
0.029340
0.029799
0.029892
0.029637
0.029141
0.028570
0.028096
0.027845
0.027875
0.028159
0.028601
0.029052
0.029326
0.029237
0.028660
0.027575
0.026077
0.024343
0.022564
0.020907
0.019492
0.018396
0.017663
0.017313
0.017348
0.017762
0.018541
0.019659
0.021056
0.022632
0.024241
0.025707
0.026852
0.027541
0.027727
0.027476
0.026948
0.026340
0.025821
0.025502
0.025409
0.025491
0.025637
0.025702
0.025534
0.025005
0.024036
0.022639
0.020911
0.019001
0.017053
0.015178
0.013449
0.011909
0.010572
0.009427
0.008455
0.007639
0.006963
0.006407
0.005950
0.005577
0.005276
0.005043
0.004866
0.004731
0.004623
0.004528
0.004439
0.004354
0.004268
0.004178
0.004084
0.003992
0.003901
0.003811
0.003727
0.003659
0.003613
0.003594
0.003598
0.003620
0.003652
0.003686
0.003722
0.003768
0.003825
0.003882
0.003924
0.003945
0.003947
0.003933
0.003908
0.003882
0.003864
0.003866
0.003897
0.003971
0.004094
0.004262
0.004475
0.004748
0.005105
0.005560
0.006113
0.006771
0.007549
0.008463
0.009518
0.010710
0.012024
0.013432
0.014895
0.016363
0.017784
0.019098
0.020230
0.021099
0.021627
0.021749
0.021429
0.020678
0.019569
0.018230
0.016798
0.015392
0.014094
0.012956
0.012005
0.011251
0.010688
0.010301
0.010076
0.010005
0.010084
0.010308
0.010667
0.011158
0.011782
0.012549
0.013476
0.014589
0.015922
0.017512
0.019398
0.021616
0.024201
0.027176
0.030551
0.034315
0.038416
0.042730
0.047034
0.050996
0.054205
0.056251
0.056855
0.055982
0.053879
0.050991
0.047819
0.044789
0.042187
0.040160
0.038739
0.037875
0.037472
0.037393
0.037478
0.037562
0.037499
0.037182
0.036546
0.035563
0.034245
0.032650
0.030869
0.029023
0.027234
0.025595
0.024151
0.022899
0.021811
0.020856
0.020009
0.019252
0.018576
0.017984
0.017495
0.017139
0.016956
0.016988
0.017285
0.017905
0.018912
0.020367
0.022327
0.024841
0.027946
0.031638
0.035849
0.040428
0.045134
0.049643
0.053575
0.056567
0.058348
0.058793
0.057912
0.055819
0.052711
0.048866
0.044637
0.040393
0.036452
0.033028
0.030221
0.028045
0.026459
0.025377
0.024680
0.024223
0.023848
0.023402
0.022769
0.021891
0.020784
0.019510
0.018150
0.016771
0.015426
0.014149
0.012962
0.011875
0.010900
0.010046
0.009318
0.008711
0.008214
0.007823
0.007535
0.007340
0.007234
0.007221
0.007314
0.007528
0.007870
0.008348
0.008981
0.009798
0.010824
0.012072
0.013527
0.015149
0.016867
0.018567
0.020085
0.021225
0.021803
0.021707
0.020943
0.019630
0.017961
0.016143
0.014343
0.012669
0.011178
0.009888
0.008791
0.007861
0.007073
0.006405
0.005840
0.005362
0.004953
0.004605
0.004309
0.004060
0.003847
0.003661
0.003491
0.003334
0.003192
0.003069
0.002969
0.002888
0.002818
0.002751
0.002682
0.002610
0.002534
0.002454
0.002372
0.002297
0.002236
0.002196
0.002172
0.002155
0.002141
0.002134
0.002135
0.002138
0.002134
0.002123
0.002114
0.002113
0.002119
0.002129
0.002141
0.002151
0.002156
0.002157
0.002166
0.002191
0.002232
0.002274
0.002309
0.002335
0.002352
0.002358
0.002348
0.002325
0.002296
0.002267
0.002241
0.002216
0.002195
0.002182
0.002181
0.002191
0.002207
0.002229
0.002258
0.002301
0.002359
0.002425
0.002493
0.002561
0.002631
0.002710
0.002801
0.002909
0.003036
0.003185
0.003357
0.003555
0.003783
0.004042
0.004332
0.004650
0.004994
0.005366
0.005770
0.006209
0.006686
0.007197
0.007721
0.008218
0.008628
0.008873
0.008887
0.008645
0.008182
0.007576
0.006917
0.006274
0.005690
0.005189
0.004778
0.004453
0.004204
0.004022
0.003900
0.003832
0.003809
0.003820
0.003859
0.003918
0.003989
0.004070
0.004162
0.004266
0.004378
0.004489
0.004595
0.004692
0.004779
0.004845
0.004881
0.004879
0.004841
0.004768
0.004660
0.004519
0.004352
0.004171
0.003983
0.003793
0.003601
0.003408
0.003217
0.003036
0.002870
0.002725
0.002602
0.002499
0.002417
0.002359
0.002326
0.002317
0.002318
0.002315
0.002298
0.002269
0.002235
0.002200
0.002165
0.002131
0.002107
0.002101
0.002115
0.002137
0.002159
0.002184
0.002214
0.002248
0.002278
0.002295
0.002298
0.002288
0.002265
0.002233
0.002199
0.002162
0.002122
0.002076
0.002033
0.002002
0.001985
0.001976
0.001968
0.001960
0.001958
0.001970
0.002001
0.002043
0.002088
0.002132
0.002180
0.002233
0.002283
0.002314
0.002317
0.002290
0.002237
0.002166
0.002093
0.002027
0.001966
0.001902
0.001835
0.001778
0.001740
0.001718
0.001699
0.001679
0.001659
0.001640
0.001619
0.001600
0.001593
0.001596
0.001601
0.001597
0.001584
0.001570
0.001557
0.001543
0.001529
0.001521
0.001526
0.001543
0.001561
0.001575
0.001585
0.001602
0.001629
0.001664
0.001701
0.001733
0.001756
0.001768
0.001768
0.001759
0.001745
0.001728
0.001707
0.001681
0.001658
0.001642
0.001641
0.001655
0.001676
0.001694
0.001702
0.001703
0.001701
0.001699
0.001700
0.001705
0.001718
0.001737
0.001755
0.001768
0.001775
0.001779
0.001784
0.001794
0.001813
0.001838
0.001862
0.001881
0.001894
0.001900
0.001903
0.001907
0.001914
0.001920
0.001924
0.001927
0.001936
0.001957
0.001987
0.002026
0.002078
0.002138
0.002197
0.002252
0.002307
0.002373
0.002452
0.002537
0.002620
0.002696
0.002758
0.002806
0.002849
0.002899
0.002955
0.003013
0.003071
0.003135
0.003203
0.003257
0.003283
0.003281
0.003264
0.003241
0.003218
0.003194
0.003166
0.003129
0.003076
0.003010
0.002936
0.002864
0.002800
0.002742
0.002687
0.002633
0.002584
0.002544
0.002516
0.002498
0.002489
0.002492
0.002505
0.002521
0.002531
0.002531
0.002529
0.002531
0.002544
0.002562
0.002576
0.002579
0.002572
0.002562
0.002561
0.002570
0.002590
0.002621
0.002659
0.002702
0.002753
0.002821
0.002909
0.003013
0.003128
0.003258
0.003408
0.003569
0.003725
0.003860
0.003968
0.004040
0.004075
0.004075
0.004053
0.004020
0.003991
0.003979
0.003995
0.004042
0.004120
0.004230
0.004376
0.004556
0.004759
0.004972
0.005194
0.005423
0.005656
0.005891
0.006133
0.006388
0.006654
0.006923
0.007183
0.007418
0.007611
0.007749
0.007828
0.007853
0.007836
0.007798
0.007774
0.007797
0.007885
0.008046
0.008292
0.008647
0.009139
0.009786
0.010610
0.011643
0.012923
0.014491
0.016385
0.018653
0.021344
0.024495
0.028109
0.032136
0.036459
0.040890
0.045174
0.049012
0.052094
0.054153
0.055030
0.054723
0.053389
0.051307
0.048817
0.046264
0.043951
0.042096
0.040835
0.040227
0.040270
0.040888
0.041923
0.043133
0.044190
0.044722
0.044390
0.043010
0.040638
0.037543
0.034091
0.030611
0.027338
0.024409
0.021884
0.019758
0.017986
0.016513
0.015293
0.014292
0.013484
0.012846
0.012362
0.012018
0.011807
0.011723
0.011762
0.011916
0.012178
0.012540
0.012997
0.013534
0.014138
0.014803
0.015540
0.016374
0.017337
0.018477
0.019854
0.021537
0.023593
0.026083
0.029065
0.032577
0.036613
0.041106
0.045906
0.050770
0.055358
0.059305
0.062331
0.064337
0.065418
0.065773
0.065580
0.064895
0.063642
0.061674
0.058909
0.055432
0.051503
0.047460
0.043598
0.040104
0.037069
0.034521
0.032446
0.030801
0.029520
0.028527
0.027755
0.027147
0.026666
0.026287
0.025994
0.025777
0.025632
0.025565
0.025579
0.025672
0.025840
0.026086
0.026421
0.026861
0.027417
0.028099
0.028923
0.029914
0.031095
0.032492
0.034129
0.036033
0.038240
0.040783
0.043687
0.046944
0.050494
0.054201
0.057841
0.061096
0.063617
0.065122
0.065509
0.064900
0.063577
0.061876
0.060083
0.058388
0.056886
0.055595
0.054492
0.053535
0.052691
0.051934
0.051243
0.050601
0.049999
0.049437
0.048919
0.048444
0.048006
0.047600
0.047216
0.046844
0.046468
0.046073
0.045646
0.045174
0.044645
0.044052
0.043400
0.042696
0.041949
0.041167
0.040361
0.039540
0.038715
0.037897
0.037097
0.036325
0.035587
0.034882
0.034209
0.033568
0.032963
0.032399
0.031885
0.031426
0.031022
0.030674
0.030390
0.030175
0.030028
0.029943
0.029911
0.029929
0.029993
0.030097
0.030234
0.030392
0.030557
0.030709
0.030821
0.030865
0.030816
0.030654
0.030366
0.029947
0.029393
0.028715
0.027936
0.027090
0.026208
0.025309
0.024412
0.023539
0.022710
0.021935
0.021213
0.020546
0.019941
0.019410
0.018965
0.018615
0.018372
0.018239
0.018210
0.018268
0.018384
0.018518
0.018625
0.018661
0.018591
0.018389
0.018031
0.017504
0.016812
0.015984
0.015063
0.014096
0.013128
0.012200
0.011345
0.010582
0.009916
0.009340
0.008845
0.008429
0.008087
0.007804
0.007562
0.007347
0.007163
0.007019
0.006919
0.006856
0.006818
0.006790
0.006761
0.006725
0.006677
0.006606
0.006503
0.006363
0.006193
0.006010
0.005826
0.005646
0.005470
0.005300
0.005139
0.004988
0.004850
0.004724
0.004610
0.004506
0.004407
0.004311
0.004221
0.004138
0.004063
0.003995
0.003931
0.003867
0.003800
0.003731
0.003663
0.003597
0.003534
0.003472
0.003409
0.003342
0.003274
0.003211
0.003162
0.003123
0.003090
0.003057
0.003027
0.003003
0.002982
0.002960
0.002934
0.002908
0.002884
0.002864
0.002848
0.002836
0.002829
0.002828
0.002832
0.002838
0.002843
0.002845
0.002844
0.002840
0.002831
0.002817
0.002801
0.002781
0.002754
0.002718
0.002676
0.002633
0.002590
0.002545
0.002498
0.002455
0.002417
0.002380
0.002342
0.002301
0.002262
0.002230
0.002205
0.002183
0.002158
0.002127
0.002091
0.002057
0.002030
0.002009
0.001993
0.001983
0.001979
0.001983
0.001995
0.002014
0.002035
0.002048
0.002045
0.002025
0.001994
0.001963
0.001938
0.001924
0.001922
0.001930
0.001946
0.001966
0.001984
0.001991
0.001984
0.001972
0.001965
0.001965
0.001971
0.001978
0.001982
0.001985
0.001986
0.001992
0.002006
0.002023
0.002040
0.002052
0.002062
0.002074
0.002089
0.002112
0.002147
0.002196
0.002251
0.002306
0.002362
0.002427
0.002503
0.002588
0.002672
0.002749
0.002824
0.002907
0.003004
0.003110
0.003218
0.003327
0.003445
0.003576
0.003713
0.003838
0.003929
0.003962
0.003925
0.003824
0.003677
0.003508
0.003336
0.003170
0.003020
0.002887
0.002772
0.002672
0.002585
0.002508
0.002438
0.002385
0.002357
0.002358
0.002377
0.002408
0.002449
0.002506
0.002576
0.002653
0.002733
0.002822
0.002921
0.003027
0.003133
0.003231
0.003314
0.003373
0.003407
0.003419
0.003413
0.003390
0.003352
0.003303
0.003246
0.003183
0.003112
0.003035
0.002955
0.002872
0.002787
0.002703
0.002627
0.002563
0.002505
0.002448
0.002389
0.002331
0.002278
0.002233
0.002195
0.002165
0.002149
0.002150
0.002161
0.002175
0.002191
0.002212
0.002237
0.002258
0.002274
0.002291
0.002315
0.002345
0.002373
0.002399
0.002426
0.002456
0.002489
0.002523
0.002554
0.002580
0.002599
0.002609
0.002609
0.002595
0.002563
0.002517
0.002461
0.002400
0.002342
0.002293
0.002256
0.002225
0.002193
0.002164
0.002144
0.002136
0.002131
0.002122
0.002109
0.002100
0.002103
0.002121
0.002151
0.002187
0.002221
0.002251
0.002282
0.002319
0.002361
0.002405
0.002449
0.002494
0.002542
0.002594
0.002653
0.002714
0.002766
0.002802
0.002823
0.002835
0.002836
0.002823
0.002794
0.002756
0.002713
0.002664
0.002608
0.002544
0.002475
0.002409
0.002353
0.002314
0.002293
0.002287
0.002289
0.002295
0.002302
0.002315
0.002339
0.002381
0.002437
0.002500
0.002568
0.002644
0.002734
0.002838
0.002947
0.003052
0.003147
0.003231
0.003301
0.003355
0.003388
0.003400
0.003390
0.003360
0.003312
0.003248
0.003167
0.003077
0.002986
0.002897
0.002809
0.002718
0.002624
0.002529
0.002436
0.002351
0.002279
0.002220
0.002166
0.002117
0.002076
0.002052
0.002040
0.002031
0.002020
0.002009
0.002003
0.002003
0.002003
0.002002
0.002003
0.002009
0.002020
0.002034
0.002049
0.002063
0.002073
0.002074
0.002062
0.002036
0.001998
0.001956
0.001917
0.001884
0.001859
0.001837
0.001814
0.001788
0.001757
0.001725
0.001700
0.001686
0.001684
0.001688
0.001693
0.001696
0.001696
0.001697
0.001700
0.001709
0.001718
0.001723
0.001717
0.001706
0.001693
0.001683
0.001672
0.001661
0.001654
0.001650
0.001647
0.001638
0.001627
0.001621
0.001624
0.001632
0.001639
0.001644
0.001647
0.001652
0.001656
0.001656
0.001651
0.001644
0.001640
0.001643
0.001650
0.001660
0.001678
0.001705
0.001730
0.001743
0.001741
0.001731
0.001724
0.001723
0.001728
0.001737
0.001748
0.001755
0.001752
0.001748
0.001754
0.001774
0.001801
0.001825
0.001842
0.001855
0.001867
0.001880
0.001896
0.001922
0.001955
0.001989
0.002019
0.002045
0.002070
0.002096
0.002119
0.002134
0.002136
0.002125
0.002106
0.002090
0.002078
0.002070
0.002063
0.002059
0.002059
0.002063
0.002067
0.002070
0.002078
0.002095
0.002118
0.002139
0.002153
0.002157
0.002154
0.002145
0.002135
0.002128
0.002119
0.002102
0.002075
0.002045
0.002019
0.002001
0.001990
0.001985
0.001988
0.002001
0.002021
0.002044
0.002064
0.002079
0.002089
0.002099
0.002114
0.002137
0.002168
0.002204
0.002241
0.002276
0.002306
0.002333
0.002356
0.002377
0.002399
0.002426
0.002455
0.002486
0.002520
0.002560
0.002598
0.002626
0.002638
0.002638
0.002635
0.002630
0.002619
0.002601
0.002579
0.002553
0.002523
0.002490
0.002464
0.002452
0.002450
0.002453
0.002458
0.002466
0.002476
0.002488
0.002503
0.002526
0.002559
0.002601
0.002650
0.002706
0.002772
0.002847
0.002930
0.003021
0.003118
0.003223
0.003336
0.003461
0.003598
0.003741
0.003879
0.003999
0.004094
0.004167
0.004224
0.004274
0.004327
0.004397
0.004491
0.004606
0.004737
0.004890
0.005081
0.005325
0.005629
0.005998
0.006447
0.006997
0.007668
0.008477
0.009432
0.010529
0.011748
0.013044
0.014340
0.015527
0.016466
0.017020
0.017091
0.016652
0.015764
0.014557
0.013191
0.011813
0.010521
0.009369
0.008370
0.007519
0.006803
0.006209
0.005729
0.005353
0.005062
0.004839
0.004671
0.004553
0.004479
0.004442
0.004437
0.004459
0.004503
0.004567
0.004653
0.004763
0.004893
0.005032
0.005174
0.005319
0.005461
0.005589
0.005696
0.005787
0.005867
0.005931
0.005969
0.005977
0.005954
0.005902
0.005825
0.005730
0.005629
0.005524
0.005413
0.005295
0.005176
0.005064
0.004958
0.004853
0.004747
0.004646
0.004556
0.004478
0.004413
0.004362
0.004322
0.004285
0.004245
0.004208
0.004183
0.004181
0.004196
0.004223
0.004255
0.004296
0.004348
0.004411
0.004488
0.004581
0.004687
0.004799
0.004909
0.005015
0.005118
0.005214
0.005296
0.005358
0.005400
0.005426
0.005437
0.005431
0.005403
0.005351
0.005279
0.005197
0.005118
0.005048
0.004986
0.004921
0.004845
0.004757
0.004665
0.004574
0.004485
0.004395
0.004307
0.004230
0.004167
0.004114
0.004068
0.004032
0.004007
0.003990
0.003977
0.003963
0.003950
0.003939
0.003928
0.003915
0.003897
0.003875
0.003853
0.003836
0.003828
0.003828
0.003838
0.003864
0.003902
0.003944
0.003975
0.003994
0.004008
0.004029
0.004057
0.004087
0.004115
0.004141
0.004162
0.004170
0.004158
0.004128
0.004092
0.004064
0.004044
0.004026
0.004000
0.003962
0.003916
0.003870
0.003833
0.003807
0.003786
0.003764
0.003741
0.003719
0.003697
0.003668
0.003627
0.003580
0.003537
0.003508
0.003493
0.003487
0.003481
0.003472
0.003457
0.003440
0.003424
0.003412
0.003408
0.003415
0.003427
0.003438
0.003445
0.003452
0.003464
0.003478
0.003485
0.003482
0.003472
0.003460
0.003447
0.003432
0.003419
0.003408
0.003400
0.003396
0.003397
0.003400
0.003400
0.003395
0.003391
0.003396
0.003406
0.003410
0.003405
0.003393
0.003380
0.003366
0.003346
0.003322
0.003298
0.003278
0.003261
0.003247
0.003235
0.003227
0.003220
0.003216
0.003213
0.003211
0.003210
0.003209
0.003205
0.003196
0.003182
0.003167
0.003157
0.003155
0.003159
0.003165
0.003171
0.003175
0.003176
0.003174
0.003174
0.003184
0.003205
0.003231
0.003251
0.003261
0.003260
0.003251
0.003236
0.003216
0.003191
0.003159
0.003117
0.003075
0.003043
0.003026
0.003019
0.003015
0.003006
0.002991
0.002972
0.002955
0.002945
0.002943
0.002943
0.002938
0.002925
0.002912
0.002905
0.002900
0.002892
0.002874
0.002844
0.002806
0.002770
0.002741
0.002718
0.002694
0.002662
0.002624
0.002587
0.002560
0.002543
0.002533
0.002526
0.002518
0.002507
0.002494
0.002482
0.002477
0.002479
0.002479
0.002470
0.002452
0.002432
0.002418
0.002408
0.002397
0.002380
0.002359
0.002340
0.002329
0.002325
0.002322
0.002316
0.002308
0.002300
0.002295
0.002293
0.002292
0.002290
0.002289
0.002287
0.002280
0.002266
0.002247
0.002229
0.002217
0.002211
0.002211
0.002220
0.002237
0.002256
0.002270
0.002275
0.002275
0.002278
0.002290
0.002313
0.002344
0.002378
0.002413
0.002446
0.002480
0.002515
0.002551
0.002587
0.002618
0.002635
0.002634
0.002615
0.002583
0.002545
0.002507
0.002472
0.002444
0.002423
0.002405
0.002387
0.002371
0.002364
0.002369
0.002385
0.002406
0.002428
0.002452
0.002480
0.002516
0.002561
0.002611
0.002658
0.002697
0.002724
0.002742
0.002752
0.002755
0.002750
0.002744
0.002744
0.002760
0.002797
0.002859
0.002947
0.003061
0.003193
0.003334
0.003479
0.003622
0.003747
0.003825
0.003833
0.003769
0.003647
0.003490
0.003317
0.003145
0.002985
0.002843
0.002717
0.002604
0.002503
0.002414
0.002339
0.002276
0.002222
0.002180
0.002148
0.002124
0.002102
0.002078
0.002055
0.002041
0.002038
0.002036
0.002027
0.002011
0.002001
0.002005
0.002021
0.002038
0.002045
0.002041
0.002031
0.002020
0.002006
0.001990
0.001974
0.001964
0.001961
0.001961
0.001961
0.001960
0.001962
0.001962
0.001957
0.001942
0.001918
0.001887
0.001850
0.001814
0.001784
0.001767
0.001762
0.001767
0.001781
0.001799
0.001815
0.001823
0.001822
0.001815
0.001802
0.001780
0.001754
0.001729
0.001713
0.001706
0.001702
0.001696
0.001691
0.001689
0.001691
0.001695
0.001697
0.001700
0.001708
0.001721
0.001734
0.001743
0.001747
0.001747
0.001743
0.001738
0.001731
0.001723
0.001712
0.001693
0.001665
0.001631
0.001597
0.001570
0.001549
0.001530
0.001504
0.001475
0.001451
0.001439
0.001434
0.001428
0.001418
0.001407
0.001398
0.001387
0.001376
0.001370
0.001369
0.001369
0.001364
0.001358
0.001351
0.001346
0.001342
0.001344
0.001350
0.001354
0.001347
0.001331
0.001317
0.001312
0.001312
0.001310
0.001307
0.001309
0.001315
0.001321
0.001324
0.001330
0.001342
0.001357
0.001367
0.001372
0.001377
0.001385
0.001393
0.001399
0.001410
0.001433
0.001468
0.001505
0.001538
0.001572
0.001606
0.001636
0.001651
0.001652
0.001645
0.001635
0.001621
0.001599
0.001566
0.001525
0.001480
0.001435
0.001396
0.001363
0.001338
0.001318
0.001298
0.001277
0.001257
0.001240
0.001225
0.001208
0.001192
0.001188
0.001197
0.001213
0.001223
0.001228
0.001238
0.001258
0.001279
0.001297
0.001310
0.001325
0.001343
0.001361
0.001376
0.001394
0.001421
0.001458
0.001499
0.001534
0.001561
0.001581
0.001594
0.001595
0.001582
0.001556
0.001525
0.001493
0.001464
0.001436
0.001407
0.001376
0.001342
0.001303
0.001259
0.001215
0.001179
0.001152
0.001133
0.001119
0.001112
0.001112
0.001117
0.001121
0.001122
0.001123
0.001126
0.001126
0.001121
0.001113
0.001106
0.001099
0.001090
0.001081
0.001077
0.001080
0.001086
0.001094
0.001106
0.001120
0.001134
0.001149
0.001169
0.001193
0.001213
0.001223
0.001223
0.001221
0.001220
0.001221
0.001224
0.001229
0.001237
0.001246
0.001249
0.001244
0.001235
0.001228
0.001227
0.001224
0.001214
0.001198
0.001188
0.001187
0.001192
0.001196
0.001195
0.001190
0.001184
0.001183
0.001188
0.001197
0.001205
0.001208
0.001204
0.001193
0.001176
0.001160
0.001151
0.001152
0.001162
0.001179
0.001206
0.001241
0.001277
0.001305
0.001328
0.001350
0.001376
0.001408
0.001448
0.001495
0.001538
0.001568
0.001584
0.001594
0.001602
0.001599
0.001578
0.001544
0.001512
0.001486
0.001469
0.001460
0.001461
0.001470
0.001482
0.001491
0.001498
0.001506
0.001513
0.001516
0.001515
0.001513
0.001514
0.001518
0.001528
0.001542
0.001560
0.001580
0.001600
0.001618
0.001632
0.001642
0.001651
0.001665
0.001684
0.001704
0.001720
0.001733
0.001751
0.001780
0.001815
0.001851
0.001883
0.001913
0.001943
0.001972
0.001998
0.002017
0.002029
0.002041
0.002057
0.002079
0.002097
0.002107
0.002110
0.002110
0.002112
0.002113
0.002111
0.002110
0.002112
0.002116
0.002118
0.002118
0.002123
0.002138
0.002164
0.002195
0.002227
0.002252
0.002268
0.002279
0.002288
0.002296
0.002301
0.002301
0.002300
0.002300
0.002304
0.002309
0.002311
0.002314
0.002318
0.002323
0.002320
0.002306
0.002281
0.002256
0.002244
0.002250
0.002270
0.002297
0.002326
0.002352
0.002368
0.002368
0.002357
0.002346
0.002342
0.002345
0.002351
0.002359
0.002373
0.002394
0.002415
0.002430
0.002436
0.002437
0.002442
0.002456
0.002478
0.002504
0.002531
0.002560
0.002593
0.002631
0.002666
0.002696
0.002721
0.002740
0.002756
0.002774
0.002801
0.002836
0.002870
0.002897
0.002915
0.002929
0.002946
0.002970
0.003008
0.003061
0.003122
0.003180
0.003231
0.003277
0.003323
0.003369
0.003416
0.003465
0.003519
0.003573
0.003624
0.003669
0.003708
0.003741
0.003772
0.003805
0.003845
0.003892
0.003944
0.003995
0.004041
0.004078
0.004109
0.004138
0.004172
0.004209
0.004252
0.004304
0.004365
0.004432
0.004502
0.004572
0.004639
0.004697
0.004738
0.004764
0.004783
0.004804
0.004824
0.004841
0.004859
0.004888
0.004929
0.004969
0.004997
0.005013
0.005028
0.005049
0.005077
0.005107
0.005136
0.005164
0.005187
0.005204
0.005216
0.005222
0.005223
0.005219
0.005217
0.005225
0.005245
0.005271
0.005293
0.005304
0.005307
0.005306
0.005309
0.005318
0.005335
0.005359
0.005388
0.005415
0.005432
0.005434
0.005427
0.005420
0.005419
0.005420
0.005419
0.005412
0.005402
0.005387
0.005372
0.005361
0.005359
0.005365
0.005367
0.005359
0.005341
0.005324
0.005312
0.005304
0.005297
0.005288
0.005278
0.005271
0.005264
0.005258
0.005255
0.005257
0.005260
0.005259
0.005251
0.005239
0.005230
0.005230
0.005235
0.005240
0.005243
0.005250
0.005262
0.005276
0.005284
0.005285
0.005284
0.005287
0.005296
0.005306
0.005315
0.005321
0.005326
0.005330
0.005334
0.005341
0.005357
0.005385
0.005426
0.005472
0.005512
0.005542
0.005564
0.005585
0.005606
0.005628
0.005648
0.005665
0.005681
0.005699
0.005720
0.005746
0.005773
0.005797
0.005812
0.005822
0.005833
0.005851
0.005875
0.005904
0.005941
0.005984
0.006029
0.006071
0.006107
0.006140
0.006171
0.006197
0.006214
0.006215
0.006201
0.006176
0.006148
0.006121
0.006093
0.006066
0.006037
0.006009
0.005979
0.005949
0.005919
0.005891
0.005863
0.005834
0.005802
0.005766
0.005726
0.005683
0.005641
0.005599
0.005556
0.005509
0.005462
0.005416
0.005373
0.005330
0.005292
0.005263
0.005244
0.005226
0.005200
0.005164
0.005122
0.005074
0.005019
0.004960
0.004909
0.004869
0.004835
0.004793
0.004744
0.004698
0.004662
0.004634
0.004606
0.004578
0.004558
0.004551
0.004549
0.004544
0.004534
0.004518
0.004493
0.004449
0.004381
0.004292
0.004190
0.004088
0.003993
0.003909
0.003837
0.003773
0.003712
0.003647
0.003575
0.003501
0.003434
0.003381
0.003338
0.003293
0.003244
0.003194
0.003147
0.003103
0.003060
0.003018
0.002977
0.002934
0.002883
0.002827
0.002772
0.002725
0.002684
0.002649
0.002622
0.002603
0.002589
0.002574
0.002558
0.002541
0.002522
0.002499
0.002472
0.002442
0.002415
0.002392
0.002376
0.002368
0.002370
0.002380
0.002395
0.002409
0.002417
0.002416
0.002410
0.002403
0.002398
0.002392
0.002376
0.002348
0.002309
0.002268
0.002233
0.002203
0.002176
0.002152
0.002129
0.002107
0.002088
0.002074
0.002067
0.002063
0.002056
0.002043
0.002030
0.002026
0.002034
0.002048
0.002059
0.002062
0.002059
0.002056
0.002061
0.002078
0.002104
0.002129
0.002148
0.002162
0.002171
0.002173
0.002160
0.002130
0.002090
0.002054
0.002030
0.002018
0.002011
0.002005
0.002001
0.002000
0.001999
0.001999
0.002001
0.002010
0.002022
0.002033
0.002038
0.002038
0.002031
0.002015
0.001989
0.001963
0.001948
0.001940
0.001931
0.001914
0.001894
0.001877
0.001864
0.001853
0.001846
0.001846
0.001851
0.001859
0.001866
0.001873
0.001878
0.001879
0.001871
0.001851
0.001828
0.001813
0.001811
0.001814
0.001811
0.001797
0.001782
0.001776
0.001778
0.001780
0.001781
0.001785
0.001795
0.001808
0.001823
0.001844
0.001874
0.001910
0.001943
0.001971
0.001999
0.002024
0.002042
0.002049
0.002051
0.002058
0.002072
0.002085
0.002096
0.002109
0.002132
0.002164
0.002207
0.002264
0.002336
0.002421
0.002513
0.002614
0.002727
0.002851
0.002984
0.003127
0.003292
0.003490
0.003730
0.004007
0.004316
0.004650
0.004995
0.005329
0.005623
0.005852
0.005995
0.006038
0.005976
0.005812
0.005564
0.005256
0.004912
0.004554
0.004209
0.003896
0.003620
0.003380
0.003170
0.002993
0.002851
0.002739
0.002646
0.002564
0.002488
0.002419
0.002363
0.002320
0.002284
0.002247
0.002205
0.002160
0.002122
0.002093
0.002071
0.002053
0.002035
0.002011
0.001984
0.001961
0.001949
0.001945
0.001943
0.001938
0.001934
0.001933
0.001931
0.001923
0.001909
0.001895
0.001885
0.001881
0.001883
0.001895
0.001918
0.001949
0.001981
0.002008
0.002029
0.002053
0.002084
0.002119
0.002154
0.002190
0.002231
0.002278
0.002325
0.002372
0.002425
0.002488
0.002557
0.002626
0.002693
0.002758
0.002826
0.002905
0.003009
0.003147
0.003317
0.003514
0.003741
0.004008
0.004325
0.004688
0.005088
0.005514
0.005956
0.006401
0.006831
0.007216
0.007516
0.007687
0.007700
0.007554
0.007274
0.006900
0.006473
0.006026
0.005581
0.005151
0.004745
0.004371
0.004033
0.003734
0.003473
0.003253
0.003066
0.002902
0.002745
0.002596
0.002458
0.002338
0.002229
0.002127
0.002027
0.001935
0.001853
0.001784
0.001730
0.001688
0.001655
0.001626
0.001599
0.001578
0.001568
0.001574
0.001591
0.001615
0.001644
0.001681
0.001728
0.001782
0.001844
0.001916
0.002003
0.002101
0.002199
0.002286
0.002354
0.002400
0.002422
0.002415
0.002377
0.002312
0.002230
0.002140
0.002048
0.001958
0.001868
0.001779
0.001692
0.001611
0.001539
0.001478
0.001427
0.001382
0.001340
0.001299
0.001261
0.001230
0.001212
0.001213
0.001229
0.001250
0.001266
0.001275
0.001280
0.001281
0.001275
0.001263
0.001252
0.001255
0.001272
0.001301
0.001337
0.001382
0.001438
0.001500
0.001560
0.001610
0.001647
0.001666
0.001666
0.001647
0.001612
0.001569
0.001522
0.001477
0.001438
0.001405
0.001373
0.001338
0.001299
0.001261
0.001227
0.001203
0.001189
0.001178
0.001163
0.001141
0.001115
0.001091
0.001072
0.001057
0.001045
0.001034
0.001024
0.001018
0.001018
0.001025
0.001033
0.001034
0.001031
0.001027
0.001023
0.001013
0.000996
0.000979
0.000970
0.000970
0.000975
0.000981
0.000987
0.000991
0.000990
0.000981
0.000966
0.000952
0.000948
0.000957
0.000969
0.000975
0.000971
0.000959
0.000945
0.000933
0.000924
0.000923
0.000925
0.000923
0.000912
0.000901
0.000898
0.000902
0.000905
0.000899
0.000889
0.000884
0.000889
0.000896
0.000898
0.000894
0.000892
0.000895
0.000900
0.000905
0.000912
0.000928
0.000950
0.000970
0.000978
0.000974
0.000964
0.000954
0.000952
0.000963
0.000983
0.001001
0.001008
0.001007
0.001004
0.001002
0.001001
0.001004
0.001016
0.001028
0.001030
0.001020
0.001007
0.000999
0.000996
0.000992
0.000985
0.000979
0.000974
0.000968
0.000958
0.000944
0.000929
0.000919
0.000920
0.000933
0.000948
0.000957
0.000962
0.000969
0.000983
0.000994
0.000994
0.000984
0.000973
0.000972
0.000980
0.000989
0.000997
0.001002
0.001004
0.000998
0.000984
0.000968
0.000955
0.000945
0.000936
0.000930
0.000932
0.000937
0.000940
0.000940
0.000943
0.000955
0.000975
0.000997
0.001015
0.001023
0.001022
0.001015
0.001011
0.001013
0.001015
0.001017
0.001019
0.001027
0.001037
0.001044
0.001043
0.001038
0.001031
0.001024
0.001019
0.001015
0.001010
0.001007
0.001009
0.001016
0.001027
0.001044
0.001066
0.001090
0.001102
0.001092
0.001067
0.001040
0.001022
0.001016
0.001022
0.001040
0.001066
0.001090
0.001105
0.001112
0.001118
0.001128
0.001143
0.001157
0.001161
0.001151
0.001131
0.001114
0.001103
0.001093
0.001078
0.001062
0.001058
0.001066
0.001076
0.001077
0.001066
0.001052
0.001040
0.001036
0.001037
0.001038
0.001038
0.001034
0.001029
0.001027
0.001033
0.001051
0.001077
0.001099
0.001111
0.001115
0.001115
0.001116
0.001120
0.001128
0.001144
0.001165
0.001184
0.001192
0.001191
0.001182
0.001168
0.001149
0.001131
0.001116
0.001104
0.001094
0.001089
0.001090
0.001097
0.001106
0.001115
0.001123
0.001129
0.001137
0.001151
0.001173
0.001198
0.001217
0.001225
0.001223
0.001213
0.001196
0.001174
0.001152
0.001134
0.001124
0.001127
0.001147
0.001179
0.001213
0.001238
0.001254
0.001268
0.001287
0.001314
0.001347
0.001377
0.001399
0.001407
0.001407
0.001405
0.001406
0.001410
0.001417
0.001426
0.001430
0.001426
0.001418
0.001415
0.001424
0.001443
0.001469
0.001504
0.001546
0.001594
0.001643
0.001696
0.001756
0.001828
0.001912
0.002010
0.002123
0.002259
0.002423
0.002615
0.002840
0.003104
0.003420
0.003789
0.004206
0.004660
0.005143
0.005643
0.006135
0.006578
0.006930
0.007146
0.007194
0.007063
0.006778
0.006386
0.005924
0.005419
0.004898
0.004399
0.003952
0.003565
0.003230
0.002943
0.002702
0.002502
0.002332
0.002185
0.002060
0.001956
0.001864
0.001780
0.001707
0.001644
0.001589
0.001542
0.001506
0.001481
0.001461
0.001443
0.001426
0.001412
0.001402
0.001390
0.001374
0.001355
0.001335
0.001319
0.001310
0.001306
0.001303
0.001301
0.001301
0.001307
0.001317
0.001329
0.001338
0.001341
0.001334
0.001320
0.001304
0.001288
0.001272
0.001258
0.001250
0.001253
0.001261
0.001271
0.001282
0.001295
0.001311
0.001324
0.001334
0.001342
0.001355
0.001379
0.001421
0.001487
0.001572
0.001670
0.001772
0.001877
0.001995
0.002133
0.002290
0.002463
0.002654
0.002876
0.003140
0.003448
0.003791
0.004158
0.004534
0.004895
0.005203
0.005416
0.005508
0.005470
0.005307
0.005037
0.004691
0.004303
0.003910
0.003540
0.003210
0.002924
0.002677
0.002464
0.002284
0.002135
0.002016
0.001922
0.001849
0.001789
0.001734
0.001681
0.001634
0.001599
0.001575
0.001554
0.001532
0.001510
0.001491
0.001477
0.001470
0.001467
0.001466
0.001464
0.001465
0.001471
0.001482
0.001493
0.001498
0.001499
0.001504
0.001520
0.001549
0.001587
0.001628
0.001668
0.001707
0.001743
0.001772
0.001785
0.001779
0.001759
0.001734
0.001709
0.001684
0.001653
0.001614
0.001572
0.001539
0.001518
0.001500
0.001477
0.001450
0.001426
0.001410
0.001402
0.001404
0.001415
0.001428
0.001439
0.001453
0.001482
0.001525
0.001572
0.001609
0.001632
0.001649
0.001666
0.001686
0.001710
0.001746
0.001800
0.001873
0.001956
0.002031
0.002089
0.002129
0.002160
0.002186
0.002206
0.002223
0.002236
0.002246
0.002248
0.002241
0.002225
0.002203
0.002175
0.002145
0.002118
0.002090
0.002056
0.002016
0.001975
0.001939
0.001911
0.001891
0.001878
0.001868
0.001858
0.001850
0.001853
0.001872
0.001902
0.001938
0.001976
0.002018
0.002065
0.002125
0.002205
0.002305
0.002422
0.002551
0.002700
0.002880
0.003091
0.003326
0.003578
0.003843
0.004112
0.004367
0.004587
0.004756
0.004863
0.004902
0.004871
0.004776
0.004629
0.004444
0.004236
0.004013
0.003785
0.003560
0.003344
0.003143
0.002961
0.002804
0.002676
0.002575
0.002497
0.002437
0.002398
0.002382
0.002388
0.002413
0.002461
0.002539
0.002649
0.002787
0.002954
0.003153
0.003389
0.003664
0.003975
0.004323
0.004709
0.005133
0.005582
0.006040
0.006491
0.006934
0.007370
0.007789
0.008177
0.008518
0.008802
0.009019
0.009149
0.009178
0.009102
0.008924
0.008648
0.008287
0.007861
0.007395
0.006908
0.006411
0.005921
0.005456
0.005028
0.004648
0.004321
0.004052
0.003836
0.003660
0.003520
0.003417
0.003354
0.003330
0.003339
0.003382
0.003463
0.003581
0.003734
0.003918
0.004135
0.004387
0.004680
0.005021
0.005418
0.005874
0.006383
0.006935
0.007514
0.008101
0.008669
0.009189
0.009630
0.009965
0.010176
0.010258
0.010218
0.010061
0.009792
0.009412
0.008938
0.008396
0.007819
0.007231
0.006652
0.006096
0.005575
0.005095
0.004660
0.004278
0.003954
0.003688
0.003474
0.003309
0.003191
0.003117
0.003077
0.003062
0.003066
0.003084
0.003111
0.003143
0.003179
0.003219
0.003263
0.003320
0.003405
0.003531
0.003701
0.003908
0.004147
0.004408
0.004673
0.004920
0.005130
0.005288
0.005379
0.005388
0.005314
0.005173
0.004982
0.004750
0.004486
0.004206
0.003927
0.003658
0.003405
0.003172
0.002962
0.002781
0.002635
0.002525
0.002447
0.002390
0.002347
0.002316
0.002293
0.002271
0.002244
0.002216
0.002193
0.002178
0.002170
0.002165
0.002164
0.002165
0.002172
0.002189
0.002216
0.002249
0.002282
0.002315
0.002348
0.002376
0.002400
0.002426
0.002459
0.002490
0.002506
0.002506
0.002503
0.002503
0.002502
0.002489
0.002462
0.002421
0.002369
0.002309
0.002248
0.002193
0.002146
0.002105
0.002067
0.002034
0.002009
0.001991
0.001980
0.001976
0.001984
0.002001
0.002020
0.002034
0.002043
0.002050
0.002059
0.002068
0.002078
0.002088
0.002101
0.002115
0.002128
0.002144
0.002164
0.002190
0.002220
0.002257
0.002301
0.002347
0.002384
0.002405
0.002410
0.002408
0.002404
0.002399
0.002390
0.002378
0.002369
0.002369
0.002383
0.002408
0.002444
0.002493
0.002558
0.002636
0.002720
0.002806
0.002883
0.002935
0.002948
0.002921
0.002871
0.002812
0.002751
0.002690
0.002633
0.002581
0.002524
0.002454
0.002374
0.002292
0.002217
0.002147
0.002081
0.002019
0.001970
0.001934
0.001908
0.001889
0.001872
0.001856
0.001840
0.001827
0.001818
0.001815
0.001818
0.001824
0.001832
0.001841
0.001850
0.001864
0.001884
0.001913
0.001945
0.001973
0.001997
0.002020
0.002045
0.002070
0.002091
0.002112
0.002137
0.002165
0.002193
0.002222
0.002255
0.002290
0.002322
0.002344
0.002352
0.002348
0.002334
0.002316
0.002299
0.002284
0.002269
0.002256
0.002246
0.002246
0.002257
0.002276
0.002297
0.002313
0.002327
0.002347
0.002377
0.002410
0.002440
0.002466
0.002494
0.002522
0.002545
0.002558
0.002565
0.002578
0.002607
0.002653
0.002715
0.002786
0.002859
0.002931
0.003003
0.003082
0.003179
0.003308
0.003481
0.003702
0.003973
0.004304
0.004712
0.005208
0.005803
0.006505
0.007321
0.008237
0.009206
0.010155
0.010994
0.011616
0.011910
0.011807
0.011318
0.010536
0.009595
0.008617
0.007690
0.006865
0.006161
0.005577
0.005102
0.004721
0.004420
0.004182
0.003994
0.003850
0.003746
0.003674
0.003625
0.003588
0.003556
0.003524
0.003485
0.003431
0.003361
0.003279
0.003197
0.003123
0.003062
0.003018
0.002991
0.002977
0.002972
0.002977
0.003001
0.003047
0.003114
0.003194
0.003286
0.003386
0.003486
0.003574
0.003641
0.003684
0.003703
0.003698
0.003673
0.003635
0.003596
0.003565
0.003547
0.003542
0.003540
0.003535
0.003527
0.003526
0.003537
0.003561
0.003601
0.003660
0.003735
0.003814
0.003884
0.003935
0.003963
0.003972
0.003962
0.003934
0.003886
0.003820
0.003744
0.003671
0.003610
0.003564
0.003532
0.003518
0.003526
0.003557
0.003604
0.003654
0.003697
0.003726
0.003740
0.003742
0.003729
0.003701
0.003662
0.003619
0.003577
0.003532
0.003476
0.003410
0.003338
0.003261
0.003180
0.003095
0.003015
0.002947
0.002897
0.002862
0.002839
0.002827
0.002826
0.002839
0.002866
0.002904
0.002947
0.002988
0.003019
0.003035
0.003035
0.003028
0.003018
0.003003
0.002982
0.002960
0.002950
0.002957
0.002980
0.003011
0.003041
0.003067
0.003092
0.003120
0.003151
0.003177
0.003191
0.003189
0.003171
0.003138
0.003094
0.003037
0.002961
0.002862
0.002746
0.002629
0.002527
0.002445
0.002375
0.002313
0.002259
0.002216
0.002181
0.002154
0.002137
0.002130
0.002126
0.002122
0.002115
0.002107
0.002099
0.002094
0.002098
0.002113
0.002136
0.002160
0.002183
0.002207
0.002232
0.002256
0.002283
0.002314
0.002350
0.002383
0.002407
0.002423
0.002432
0.002433
0.002423
0.002400
0.002369
0.002338
0.002308
0.002280
0.002251
0.002223
0.002197
0.002179
0.002173
0.002178
0.002182
0.002174
0.002156
0.002136
0.002125
0.002125
0.002130
0.002134
0.002136
0.002136
0.002139
0.002145
0.002154
0.002167
0.002186
0.002214
0.002253
0.002302
0.002354
0.002402
0.002441
0.002466
0.002475
0.002470
0.002455
0.002438
0.002425
0.002426
0.002439
0.002456
0.002470
0.002477
0.002483
0.002489
0.002492
0.002486
0.002473
0.002458
0.002446
0.002432
0.002414
0.002393
0.002381
0.002381
0.002392
0.002409
0.002431
0.002463
0.002504
0.002543
0.002571
0.002583
0.002586
0.002584
0.002581
0.002576
0.002570
0.002565
0.002565
0.002571
0.002580
0.002588
0.002592
0.002595
0.002596
0.002595
0.002593
0.002594
0.002603
0.002619
0.002639
0.002662
0.002685
0.002704
0.002714
0.002714
0.002709
0.002702
0.002696
0.002694
0.002700
0.002710
0.002722
0.002737
0.002759
0.002786
0.002814
0.002840
0.002867
0.002894
0.002918
0.002937
0.002954
0.002974
0.002991
0.002998
0.002993
0.002983
0.002973
0.002966
0.002962
0.002963
0.002964
0.002963
0.002964
0.002969
0.002978
0.002987
0.002995
0.003004
0.003024
0.003059
0.003108
0.003163
0.003210
0.003248
0.003282
0.003325
0.003384
0.003459
0.003551
0.003659
0.003783
0.003918
0.004064
0.004227
0.004407
0.004597
0.004781
0.004942
0.005061
0.005118
0.005102
0.005012
0.004859
0.004665
0.004448
0.004224
0.004005
0.003805
0.003634
0.003497
0.003389
0.003300
0.003228
0.003171
0.003130
0.003107
0.003101
0.003110
0.003128
0.003151
0.003177
0.003202
0.003223
0.003236
0.003237
0.003226
0.003207
0.003182
0.003160
0.003147
0.003143
0.003143
0.003147
0.003157
0.003169
0.003172
0.003156
0.003125
0.003090
0.003060
0.003035
0.003008
0.002977
0.002943
0.002912
0.002889
0.002874
0.002867
0.002868
0.002881
0.002902
0.002923
0.002938
0.002947
0.002960
0.002984
0.003020
0.003064
0.003111
0.003159
0.003204
0.003247
0.003287
0.003322
0.003347
0.003358
0.003358
0.003356
0.003362
0.003377
0.003400
0.003424
0.003446
0.003467
0.003487
0.003506
0.003523
0.003538
0.003549
0.003554
0.003552
0.003546
0.003543
0.003546
0.003555
0.003565
0.003577
0.003591
0.003604
0.003618
0.003638
0.003669
0.003713
0.003761
0.003805
0.003844
0.003881
0.003921
0.003964
0.004010
0.004059
0.004109
0.004155
0.004194
0.004226
0.004253
0.004281
0.004317
0.004363
0.004416
0.004467
0.004507
0.004538
0.004565
0.004587
0.004604
0.004620
0.004646
0.004683
0.004720
0.004744
0.004749
0.004738
0.004718
0.004696
0.004679
0.004669
0.004660
0.004652
0.004649
0.004653
0.004662
0.004672
0.004687
0.004710
0.004737
0.004755
0.004761
0.004766
0.004780
0.004808
0.004846
0.004890
0.004939
0.004993
0.005059
0.005142
0.005235
0.005325
0.005401
0.005462
0.005500
0.005508
0.005477
0.005411
0.005317
0.005202
0.005077
0.004958
0.004855
0.004768
0.004688
0.004612
0.004543
0.004480
0.004419
0.004359
0.004299
0.004238
0.004175
0.004113
0.004058
0.004017
0.003984
0.003957
0.003939
0.003928
0.003918
0.003902
0.003884
0.003872
0.003867
0.003859
0.003844
0.003827
0.003813
0.003804
0.003794
0.003778
0.003752
0.003717
0.003675
0.003632
0.003588
0.003543
0.003493
0.003436
0.003375
0.003314
0.003256
0.003203
0.003152
0.003102
0.003052
0.003005
0.002962
0.002923
0.002885
0.002850
0.002820
0.002797
0.002775
0.002746
0.002713
0.002685
0.002668
0.002661
0.002657
0.002649
0.002631
0.002610
0.002598
0.002607
0.002633
0.002661
0.002679
0.002684
0.002679
0.002665
0.002645
0.002624
0.002606
0.002589
0.002568
0.002547
0.002529
0.002515
0.002498
0.002474
0.002448
0.002428
0.002414
0.002400
0.002382
0.002357
0.002329
0.002304
0.002285
0.002274
0.002265
0.002254
0.002244
0.002236
0.002228
0.002218
0.002211
0.002217
0.002235
0.002258
0.002277
0.002289
0.002297
0.002301
0.002304
0.002310
0.002321
0.002340
0.002364
0.002394
0.002425
0.002455
0.002478
0.002492
0.002500
0.002506
0.002511
0.002513
0.002513
0.002511
0.002505
0.002490
0.002466
0.002439
0.002422
0.002422
0.002433
0.002442
0.002441
0.002433
0.002428
0.002431
0.002441
0.002452
0.002458
0.002459
0.002461
0.002473
0.002494
0.002521
0.002549
0.002578
0.002612
0.002654
0.002703
0.002760
0.002820
0.002875
0.002916
0.002941
0.002956
0.002968
0.002975
0.002972
0.002958
0.002936
0.002918
0.002910
0.002912
0.002917
0.002924
0.002935
0.002947
0.002959
0.002969
0.002979
0.002993
0.003010
0.003035
0.003071
0.003122
0.003188
0.003269
0.003365
0.003476
0.003591
0.003702
0.003806
0.003907
0.004011
0.004118
0.004224
0.004326
0.004422
0.004513
0.004598
0.004678
0.004753
0.004821
0.004884
0.004946
0.005010
0.005076
0.005145
0.005213
0.005281
0.005347
0.005415
0.005486
0.005558
0.005630
0.005705
0.005790
0.005890
0.006009
0.006145
0.006297
0.006458
0.006624
0.006797
0.006985
0.007196
0.007429
0.007680
0.007945
0.008223
0.008510
0.008802
0.009095
0.009392
0.009697
0.010009
0.010324
0.010638
0.010948
0.011252
0.011538
0.011793
0.012001
0.012154
0.012250
0.012294
0.012292
0.012258
0.012205
0.012150
0.012106
0.012091
0.012115
0.012182
0.012286
0.012423
0.012593
0.012806
0.013067
0.013369
0.013700
0.014051
0.014421
0.014808
0.015202
0.015586
0.015950
0.016298
0.016638
0.016978
0.017319
0.017665
0.018018
0.018376
0.018727
0.019057
0.019363
0.019651
0.019934
0.020213
0.020487
0.020759
0.021040
0.021349
0.021701
0.022101
0.022551
0.023047
0.023570
0.024096
0.024599
0.025069
0.025509
0.025929
0.026346
0.026783
0.027267
0.027809
0.028398
0.029013
0.029633
0.030237
0.030802
0.031302
0.031729
0.032091
0.032407
0.032694
0.032968
0.033241
0.033522
0.033812
0.034093
0.034330
0.034474
0.034478
0.034301
0.033919
0.033329
0.032559
0.031660
0.030690
0.029688
0.028668
0.027635
0.026597
0.025569
0.024562
0.023577
0.022612
0.021673
0.020778
0.019947
0.019196
0.018527
0.017938
0.017416
0.016940
0.016484
0.016029
0.015571
0.015121
0.014693
0.014301
0.013955
0.013665
0.013433
0.013253
0.013111
0.012984
0.012840
0.012655
0.012412
0.012111
0.011762
0.011384
0.010999
0.010625
0.010265
0.009913
0.009561
0.009204
0.008839
0.008468
0.008103
0.007761
0.007449
0.007160
0.006886
0.006635
0.006418
0.006242
0.006102
0.005993
0.005920
0.005885
0.005886
0.005918
0.005972
0.006045
0.006133
0.006237
0.006352
0.006473
0.006586
0.006678
0.006737
0.006753
0.006721
0.006639
0.006511
0.006343
0.006146
0.005936
0.005724
0.005520
0.005330
0.005157
0.005000
0.004859
0.004738
0.004644
0.004575
0.004518
0.004462
0.004411
0.004374
0.004353
0.004339
0.004326
0.004310
0.004293
0.004269
0.004238
0.004205
0.004177
0.004155
0.004141
0.004139
0.004151
0.004171
0.004194
0.004214
0.004231
0.004244
0.004257
0.004275
0.004299
0.004319
0.004326
0.004316
0.004293
0.004263
0.004231
0.004201
0.004177
0.004162
0.004150
0.004139
0.004127
0.004117
0.004113
0.004120
0.004135
0.004154
0.004168
0.004178
0.004187
0.004198
0.004210
0.004221
0.004229
0.004236
0.004243
0.004255
0.004278
0.004316
0.004367
0.004426
0.004487
0.004544
0.004591
0.004632
0.004671
0.004707
0.004735
0.004753
0.004769
0.004787
0.004807
0.004823
0.004838
0.004863
0.004908
0.004974
0.005058
0.005160
0.005277
0.005405
0.005530
0.005645
0.005746
0.005832
0.005904
0.005960
0.006005
0.006044
0.006081
0.006115
0.006147
0.006178
0.006211
0.006247
0.006292
0.006348
0.006418
0.006499
0.006586
0.006676
0.006769
0.006867
0.006972
0.007080
0.007186
0.007289
0.007386
0.007477
0.007562
0.007644
0.007730
0.007825
0.007926
0.008032
0.008142
0.008259
0.008380
0.008501
0.008622
0.008742
0.008858
0.008959
0.009039
0.009097
0.009133
0.009144
0.009125
0.009074
0.008990
0.008870
0.008713
0.008530
0.008342
0.008159
0.007985
0.007823
0.007685
0.007581
0.007508
0.007450
0.007396
0.007345
0.007304
0.007280
0.007279
0.007303
0.007351
0.007413
0.007479
0.007550
0.007628
0.007715
0.007806
0.007898
0.007990
0.008079
0.008159
0.008231
0.008299
0.008369
0.008441
0.008505
0.008557
0.008599
0.008636
0.008670
0.008699
0.008724
0.008750
0.008783
0.008825
0.008879
0.008946
0.009028
0.009129
0.009248
0.009385
0.009542
0.009721
0.009923
0.010146
0.010386
0.010641
0.010918
0.011215
0.011529
0.011857
0.012206
0.012580
0.012977
0.013386
0.013804
0.014235
0.014687
0.015167
0.015677
0.016217
0.016783
0.017375
0.017991
0.018633
0.019299
0.019981
0.020673
0.021369
0.022065
0.022748
0.023402
0.024016
0.024582
0.025098
0.025569
0.026005
0.026418
0.026812
0.027191
0.027555
0.027905
0.028240
0.028555
0.028847
0.029111
0.029338
0.029515
0.029633
0.029691
0.029683
0.029607
0.029470
0.029290
0.029082
0.028849
0.028584
0.028288
0.027968
0.027631
0.027276
0.026899
0.026498
0.026071
0.025609
0.025105
0.024557
0.023968
0.023345
0.022694
0.022023
0.021340
0.020653
0.019964
0.019282
0.018618
0.017988
0.017398
0.016845
0.016321
0.015826
0.015364
0.014945
0.014571
0.014240
0.013945
0.013676
0.013426
0.013191
0.012975
0.012784
0.012621
0.012482
0.012361
0.012250
0.012149
0.012065
0.012002
0.011956
0.011917
0.011875
0.011827
0.011773
0.011714
0.011646
0.011564
0.011468
0.011362
0.011252
0.011140
0.011025
0.010900
0.010763
0.010618
0.010476
0.010348
0.010238
0.010148
0.010074
0.010015
0.009966
0.009925
0.009889
0.009861
0.009843
0.009832
0.009824
0.009818
0.009818
0.009829
0.009854
0.009889
0.009931
0.009980
0.010040
0.010112
0.010191
0.010269
0.010339
0.010398
0.010440
0.010454
0.010432
0.010377
0.010300
0.010211
0.010117
0.010020
0.009928
0.009846
0.009780
0.009733
0.009706
0.009692
0.009680
0.009659
0.009627
0.009584
0.009534
0.009476
0.009410
0.009340
0.009266
0.009192
0.009120
0.009055
0.009000
0.008954
0.008915
0.008882
0.008854
0.008827
0.008801
0.008778
0.008763
0.008756
0.008748
0.008732
0.008707
0.008673
0.008624
0.008560
0.008482
0.008398
0.008312
0.008228
0.008152
0.008087
0.008035
0.007992
0.007954
0.007919
0.007888
0.007854
0.007814
0.007765
0.007702
0.007619
0.007517
0.007402
0.007283
0.007161
0.007034
0.006906
0.006783
0.006669
0.006568
0.006485
0.006423
0.006381
0.006347
0.006313
0.006279
0.006245
0.006206
0.006158
0.006097
0.006026
0.005950
0.005877
0.005812
0.005759
0.005713
0.005669
0.005625
0.005584
0.005547
0.005512
0.005478
0.005449
0.005427
0.005412
0.005399
0.005378
0.005343
0.005294
0.005238
0.005178
0.005111
0.005032
0.004944
0.004852
0.004762
0.004673
0.004587
0.004510
0.004448
0.004400
0.004362
0.004332
0.004309
0.004295
0.004288
0.004284
0.004278
0.004269
0.004265
0.004270
0.004284
0.004299
0.004312
0.004324
0.004339
0.004360
0.004384
0.004405
0.004420
0.004429
0.004434
0.004440
0.004446
0.004448
0.004444
0.004432
0.004415
0.004394
0.004371
0.004346
0.004320
0.004295
0.004278
0.004273
0.004274
0.004275
0.004271
0.004268
0.004273
0.004288
0.004310
0.004337
0.004369
0.004404
0.004442
0.004485
0.004536
0.004588
0.004635
0.004676
0.004717
0.004764
0.004818
0.004879
0.004944
0.005009
0.005067
0.005110
0.005144
0.005180
0.005227
0.005284
0.005348
0.005414
0.005484
0.005558
0.005631
0.005699
0.005766
0.005839
0.005924
0.006021
0.006122
0.006222
0.006321
0.006416
0.006508
0.006592
0.006668
0.006733
0.006784
0.006820
0.006842
0.006851
0.006850
0.006841
0.006823
0.006794
0.006749
0.006684
0.006600
0.006503
0.006399
0.006289
0.006175
0.006056
0.005937
0.005821
0.005706
0.005590
0.005467
0.005338
0.005214
0.005102
0.005003
0.004914
0.004828
0.004740
0.004646
0.004544
0.004440
0.004346
0.004267
0.004193
0.004116
0.004042
0.003979
0.003933
0.003903
0.003883
0.003869
0.003847
0.003812
0.003771
0.003745
0.003741
0.003751
0.003758
0.003755
0.003743
0.003724
0.003703
0.003686
0.003677
0.003671
0.003655
0.003624
0.003582
0.003537
0.003496
0.003467
0.003450
0.003442
0.003437
0.003435
0.003438
0.003443
0.003445
0.003447
0.003460
0.003490
0.003533
0.003585
0.003641
0.003700
0.003760
0.003819
0.003879
0.003943
0.004007
0.004071
0.004136
0.004201
0.004259
0.004296
0.004305
0.004286
0.004245
0.004193
0.004138
0.004083
0.004029
0.003973
0.003915
0.003860
0.003816
0.003789
0.003780
0.003785
0.003800
0.003829
0.003880
0.003955
0.004051
0.004159
0.004276
0.004401
0.004530
0.004664
0.004805
0.004961
0.005135
0.005324
0.005523
0.005735
0.005967
0.006234
0.006552
0.006927
0.007360
0.007847
0.008376
0.008922
0.009439
0.009857
0.010105
0.010128
0.009915
0.009500
0.008954
0.008359
0.007777
0.007245
0.006781
0.006394
0.006082
0.005834
0.005637
0.005485
0.005378
0.005312
0.005274
0.005252
0.005234
0.005213
0.005185
0.005148
0.005099
0.005037
0.004963
0.004882
0.004806
0.004743
0.004697
0.004667
0.004647
0.004633
0.004629
0.004643
0.004678
0.004724
0.004769
0.004806
0.004842
0.004878
0.004914
0.004943
0.004964
0.004976
0.004976
0.004966
0.004953
0.004947
0.004948
0.004946
0.004931
0.004903
0.004863
0.004814
0.004753
0.004673
0.004573
0.004458
0.004343
0.004241
0.004157
0.004086
0.004026
0.003977
0.003947
0.003938
0.003945
0.003963
0.003986
0.004011
0.004032
0.004046
0.004055
0.004066
0.004084
0.004102
0.004111
0.004103
0.004082
0.004055
0.004028
0.004003
0.003985
0.003977
0.003976
0.003971
0.003953
0.003924
0.003894
0.003869
0.003842
0.003803
0.003753
0.003700
0.003646
0.003590
0.003531
0.003469
0.003405
0.003342
0.003278
0.003214
0.003155
0.003102
0.003055
0.003009
0.002960
0.002912
0.002875
0.002854
0.002840
0.002823
0.002803
0.002786
0.002780
0.002783
0.002789
0.002795
0.002799
0.002800
0.002804
0.002813
0.002831
0.002859
0.002896
0.002938
0.002978
0.003014
0.003043
0.003065
0.003073
0.003060
0.003030
0.002997
0.002970
0.002944
0.002912
0.002875
0.002839
0.002804
0.002770
0.002736
0.002700
0.002660
0.002611
0.002558
0.002508
0.002471
0.002449
0.002438
0.002431
0.002421
0.002410
0.002400
0.002390
0.002375
0.002356
0.002338
0.002330
0.002328
0.002326
0.002325
0.002333
0.002355
0.002385
0.002413
0.002434
0.002448
0.002451
0.002443
0.002425
0.002397
0.002362
0.002325
0.002289
0.002255
0.002225
0.002195
0.002165
0.002139
0.002119
0.002104
0.002091
0.002074
0.002051
0.002026
0.002005
0.001992
0.001988
0.001990
0.001994
0.001991
0.001982
0.001971
0.001964
0.001961
0.001958
0.001955
0.001954
0.001955
0.001953
0.001947
0.001942
0.001941
0.001945
0.001947
0.001942
0.001933
0.001923
0.001913
0.001900
0.001881
0.001855
0.001828
0.001806
0.001793
0.001787
0.001782
0.001775
0.001767
0.001756
0.001739
0.001717
0.001692
0.001668
0.001652
0.001644
0.001645
0.001653
0.001666
0.001680
0.001690
0.001692
0.001692
0.001694
0.001696
0.001693
0.001683
0.001670
0.001654
0.001637
0.001622
0.001614
0.001612
0.001611
0.001608
0.001607
0.001612
0.001617
0.001617
0.001613
0.001606
0.001597
0.001585
0.001571
0.001554
0.001532
0.001505
0.001482
0.001470
0.001471
0.001476
0.001479
0.001474
0.001468
0.001468
0.001478
0.001496
0.001512
0.001524
0.001536
0.001547
0.001553
0.001551
0.001548
0.001550
0.001551
0.001543
0.001520
0.001490
0.001462
0.001442
0.001434
0.001435
0.001438
0.001438
0.001437
0.001440
0.001442
0.001440
0.001440
0.001450
0.001466
0.001471
0.001460
0.001442
0.001431
0.001431
0.001434
0.001436
0.001436
0.001434
0.001429
0.001425
0.001423
0.001422
0.001422
0.001427
0.001436
0.001445
0.001453
0.001465
0.001485
0.001503
0.001507
0.001492
0.001472
0.001458
0.001454
0.001456
0.001461
0.001469
0.001483
0.001501
0.001519
0.001534
0.001543
0.001545
0.001539
0.001527
0.001513
0.001502
0.001490
0.001474
0.001459
0.001448
0.001440
0.001430
0.001419
0.001411
0.001411
0.001415
0.001422
0.001431
0.001442
0.001449
0.001446
0.001434
0.001419
0.001407
0.001398
0.001395
0.001399
0.001404
0.001401
0.001390
0.001375
0.001365
0.001359
0.001355
0.001356
0.001361
0.001370
0.001381
0.001389
0.001394
0.001394
0.001395
0.001399
0.001403
0.001401
0.001391
0.001381
0.001375
0.001374
0.001371
0.001366
0.001363
0.001363
0.001368
0.001379
0.001396
0.001413
0.001426
0.001434
0.001440
0.001445
0.001449
0.001455
0.001467
0.001483
0.001500
0.001516
0.001530
0.001541
0.001544
0.001539
0.001532
0.001530
0.001532
0.001535
0.001538
0.001537
0.001528
0.001514
0.001506
0.001513
0.001532
0.001549
0.001558
0.001556
0.001549
0.001544
0.001548
0.001561
0.001575
0.001581
0.001577
0.001568
0.001559
0.001546
0.001529
0.001516
0.001515
0.001525
0.001538
0.001546
0.001546
0.001541
0.001535
0.001532
0.001529
0.001523
0.001513
0.001504
0.001501
0.001503
0.001507
0.001511
0.001513
0.001509
0.001498
0.001486
0.001479
0.001476
0.001473
0.001468
0.001466
0.001470
0.001473
0.001468
0.001460
0.001455
0.001458
0.001463
0.001465
0.001462
0.001459
0.001461
0.001473
0.001494
0.001518
0.001541
0.001559
0.001571
0.001575
0.001570
0.001563
0.001564
0.001576
0.001596
0.001616
0.001633
0.001648
0.001664
0.001684
0.001704
0.001715
0.001713
0.001698
0.001679
0.001662
0.001653
0.001649
0.001645
0.001639
0.001632
0.001630
0.001636
0.001643
0.001646
0.001645
0.001645
0.001652
0.001663
0.001673
0.001679
0.001682
0.001686
0.001693
0.001703
0.001714
0.001725
0.001740
0.001760
0.001778
0.001789
0.001791
0.001788
0.001784
0.001780
0.001775
0.001773
0.001778
0.001788
0.001800
0.001809
0.001816
0.001828
0.001844
0.001857
0.001859
0.001856
0.001858
0.001869
0.001884
0.001899
0.001914
0.001936
0.001964
0.001995
0.002030
0.002074
0.002125
0.002176
0.002222
0.002261
0.002296
0.002328
0.002356
0.002379
0.002396
0.002408
0.002417
0.002427
0.002435
0.002435
0.002425
0.002407
0.002387
0.002368
0.002354
0.002350
0.002357
0.002371
0.002382
0.002388
0.002394
0.002407
0.002432
0.002468
0.002511
0.002559
0.002612
0.002674
0.002745
0.002823
0.002906
0.002994
0.003083
0.003166
0.003234
0.003283
0.003311
0.003311
0.003283
0.003240
0.003198
0.003168
0.003149
0.003137
0.003129
0.003126
0.003130
0.003142
0.003163
0.003192
0.003227
0.003269
0.003322
0.003386
0.003457
0.003528
0.003590
0.003639
0.003674
0.003704
0.003738
0.003779
0.003820
0.003857
0.003893
0.003926
0.003956
0.003980
0.004000
0.004022
0.004047
0.004075
0.004106
0.004139
0.004166
0.004178
0.004177
0.004172
0.004175
0.004187
0.004204
0.004222
0.004248
0.004288
0.004340
0.004397
0.004457
0.004524
0.004604
0.004688
0.004766
0.004835
0.004899
0.004967
0.005032
0.005087
0.005124
0.005146
0.005158
0.005164
0.005170
0.005176
0.005180
0.005174
0.005157
0.005138
0.005124
0.005117
0.005109
0.005093
0.005065
0.005026
0.004975
0.004914
0.004845
0.004772
0.004696
0.004619
0.004548
0.004489
0.004442
0.004403
0.004371
0.004350
0.004343
0.004351
0.004367
0.004385
0.004405
0.004429
0.004456
0.004483
0.004503
0.004513
0.004513
0.004510
0.004506
0.004503
0.004497
0.004490
0.004483
0.004475
0.004464
0.004444
0.004412
0.004370
0.004323
0.004274
0.004225
0.004176
0.004130
0.004090
0.004055
0.004025
0.003999
0.003981
0.003974
0.003984
0.004009
0.004049
0.004094
0.004131
0.004155
0.004170
0.004185
0.004200
0.004207
0.004202
0.004187
0.004171
0.004153
0.004136
0.004122
0.004108
0.004086
0.004051
0.004007
0.003962
0.003919
0.003870
0.003809
0.003736
0.003661
0.003593
0.003541
0.003505
0.003474
0.003439
0.003396
0.003350
0.003309
0.003277
0.003256
0.003245
0.003240
0.003239
0.003238
0.003239
0.003239
0.003233
0.003223
0.003211
0.003197
0.003179
0.003157
0.003134
0.003115
0.003093
0.003062
0.003022
0.002977
0.002934
0.002902
0.002885
0.002887
0.002907
0.002939
0.002971
0.002996
0.003016
0.003037
0.003059
0.003080
0.003093
0.003101
0.003105
0.003106
0.003099
0.003087
0.003072
0.003060
0.003049
0.003035
0.003015
0.002987
0.002953
0.002917
0.002880
0.002841
0.002801
0.002761
0.002728
0.002707
0.002696
0.002694
0.002697
0.002701
0.002703
0.002702
0.002701
0.002704
0.002711
0.002722
0.002737
0.002755
0.002771
0.002780
0.002783
0.002786
0.002785
0.002774
0.002753
0.002732
0.002718
0.002705
0.002685
0.002659
0.002633
0.002613
0.002596
0.002586
0.002587
0.002598
0.002608
0.002610
0.002604
0.002600
0.002600
0.002604
0.002612
0.002630
0.002653
0.002674
0.002684
0.002687
0.002686
0.002686
0.002688
0.002696
0.002710
0.002722
0.002727
0.002729
0.002737
0.002751
0.002762
0.002768
0.002767
0.002761
0.002746
0.002720
0.002691
0.002665
0.002638
0.002606
0.002573
0.002546
0.002531
0.002530
0.002541
0.002561
0.002582
0.002594
0.002594
0.002587
0.002580
0.002577
0.002580
0.002591
0.002608
0.002624
0.002632
0.002633
0.002634
0.002639
0.002646
0.002651
0.002653
0.002653
0.002653
0.002653
0.002653
0.002652
0.002651
0.002649
0.002647
0.002637
0.002615
0.002586
0.002561
0.002544
0.002533
0.002519
0.002505
0.002500
0.002509
0.002525
0.002538
0.002547
0.002562
0.002582
0.002600
0.002610
0.002612
0.002612
0.002612
0.002609
0.002603
0.002594
0.002583
0.002564
0.002540
0.002517
0.002500
0.002488
0.002478
0.002471
0.002470
0.002475
0.002478
0.002471
0.002453
0.002429
0.002407
0.002389
0.002377
0.002372
0.002376
0.002389
0.002404
0.002419
0.002433
0.002452
0.002476
0.002500
0.002518
0.002528
0.002536
0.002541
0.002537
0.002521
0.002495
0.002466
0.002440
0.002420
0.002403
0.002391
0.002384
0.002387
0.002397
0.002405
0.002403
0.002386
0.002359
0.002328
0.002301
0.002282
0.002276
0.002278
0.002283
0.002282
0.002272
0.002252
0.002230
0.002217
0.002218
0.002228
0.002243
0.002260
0.002281
0.002305
0.002326
0.002341
0.002352
0.002362
0.002376
0.002389
0.002401
0.002408
0.002412
0.002410
0.002399
0.002375
0.002340
0.002306
0.002282
0.002268
0.002256
0.002236
0.002211
0.002184
0.002155
0.002121
0.002087
0.002063
0.002055
0.002057
0.002057
0.002052
0.002043
0.002033
0.002024
0.002019
0.002023
0.002034
0.002052
0.002078
0.002107
0.002133
0.002150
0.002162
0.002172
0.002182
0.002186
0.002180
0.002169
0.002162
0.002160
0.002160
0.002160
0.002160
0.002165
0.002175
0.002192
0.002210
0.002227
0.002239
0.002246
0.002245
0.002233
0.002212
0.002186
0.002165
0.002152
0.002143
0.002136
0.002132
0.002130
0.002132
0.002138
0.002149
0.002162
0.002171
0.002172
0.002170
0.002171
0.002178
0.002187
0.002196
0.002204
0.002209
0.002209
0.002204
0.002198
0.002201
0.002217
0.002241
0.002267
0.002285
0.002296
0.002303
0.002311
0.002318
0.002317
0.002305
0.002288
0.002273
0.002266
0.002268
0.002280
0.002304
0.002338
0.002375
0.002404
0.002424
0.002439
0.002452
0.002466
0.002485
0.002510
0.002541
0.002572
0.002600
0.002624
0.002645
0.002662
0.002673
0.002683
0.002694
0.002704
0.002706
0.002698
0.002690
0.002684
0.002680
0.002671
0.002662
0.002659
0.002662
0.002665
0.002667
0.002669
0.002675
0.002684
0.002694
0.002707
0.002728
0.002752
0.002775
0.002791
0.002802
0.002814
0.002830
0.002848
0.002863
0.002875
0.002890
0.002914
0.002948
0.002987
0.003022
0.003047
0.003062
0.003069
0.003070
0.003064
0.003052
0.003036
0.003020
0.003005
0.002989
0.002972
0.002961
0.002963
0.002980
0.003000
0.003011
0.003006
0.002993
0.002980
0.002971
0.002963
0.002954
0.002946
0.002947
0.002961
0.002984
0.003004
0.003012
0.003009
0.002999
0.002987
0.002977
0.002969
0.002962
0.002958
0.002954
0.002951
0.002946
0.002937
0.002927
0.002918
0.002914
0.002914
0.002909
0.002899
0.002890
0.002889
0.002893
0.002895
0.002896
0.002901
0.002914
0.002929
0.002940
0.002942
0.002935
0.002918
0.002894
0.002868
0.002846
0.002831
0.002822
0.002815
0.002807
0.002793
0.002772
0.002749
0.002730
0.002719
0.002713
0.002709
0.002703
0.002694
0.002682
0.002666
0.002648
0.002631
0.002620
0.002619
0.002633
0.002655
0.002676
0.002692
0.002703
0.002710
0.002715
0.002721
0.002730
0.002742
0.002753
0.002760
0.002767
0.002777
0.002787
0.002792
0.002794
0.002795
0.002798
0.002797
0.002790
0.002775
0.002759
0.002748
0.002748
0.002756
0.002762
0.002760
0.002751
0.002743
0.002738
0.002736
0.002729
0.002716
0.002696
0.002672
0.002648
0.002627
0.002613
0.002606
0.002608
0.002616
0.002622
0.002623
0.002624
0.002636
0.002661
0.002692
0.002720
0.002740
0.002752
0.002757
0.002765
0.002775
0.002784
0.002780
0.002768
0.002756
0.002752
0.002748
0.002740
0.002733
0.002736
0.002747
0.002757
0.002764
0.002767
0.002768
0.002758
0.002738
0.002717
0.002702
0.002692
0.002677
0.002653
0.002622
0.002593
0.002569
0.002551
0.002541
0.002534
0.002526
0.002515
0.002506
0.002504
0.002511
0.002522
0.002527
0.002522
0.002518
0.002525
0.002549
0.002578
0.002601
0.002615
0.002623
0.002629
0.002636
0.002644
0.002653
0.002658
0.002659
0.002657
0.002653
0.002650
0.002649
0.002654
0.002661
0.002667
0.002666
0.002659
0.002651
0.002642
0.002630
0.002611
0.002590
0.002569
0.002552
0.002538
0.002530
0.002530
0.002543
0.002567
0.002597
0.002624
0.002640
0.002643
0.002639
0.002635
0.002633
0.002636
0.002645
0.002660
0.002677
0.002692
0.002705
0.002718
0.002734
0.002749
0.002762
0.002770
0.002774
0.002776
0.002779
0.002788
0.002800
0.002809
0.002815
0.002823
0.002837
0.002854
0.002869
0.002879
0.002884
0.002883
0.002878
0.002872
0.002868
0.002870
0.002874
0.002878
0.002881
0.002882
0.002880
0.002873
0.002865
0.002865
0.002883
0.002914
0.002947
0.002971
0.002988
0.003002
0.003017
0.003030
0.003038
0.003046
0.003060
0.003081
0.003104
0.003124
0.003137
0.003144
0.003146
0.003149
0.003155
0.003163
0.003174
0.003187
0.003204
0.003221
0.003240
0.003260
0.003282
0.003306
0.003334
0.003372
0.003422
0.003477
0.003528
0.003571
0.003611
0.003656
0.003705
0.003759
0.003818
0.003886
0.003964
0.004055
0.004163
0.004294
0.004455
0.004649
0.004882
0.005163
0.005503
0.005914
0.006407
0.006998
0.007709
0.008564
0.009589
0.010808
0.012238
0.013890
0.015750
0.017758
0.019800
0.021703
0.023252
0.024230
0.024472
0.023930
0.022694
0.020963
0.018977
0.016954
0.015047
0.013338
0.011849
0.010576
0.009506
0.008621
0.007895
0.007299
0.006814
0.006426
0.006125
0.005899
0.005740
0.005644
0.005611
0.005646
0.005754
0.005939
0.006205
0.006556
0.007001
0.007557
0.008246
0.009091
0.010114
0.011333
0.012757
0.014377
0.016149
0.017988
0.019763
0.021303
0.022415
0.022916
0.022702
0.021796
0.020347
0.018572
0.016680
0.014829
0.013123
0.011611
0.010309
0.009207
0.008284
0.007516
0.006873
0.006326
0.005858
0.005464
0.005140
0.004879
0.004669
0.004497
0.004349
0.004214
0.004087
0.003968
0.003857
0.003751
0.003646
0.003545
0.003448
0.003355
0.003269
0.003198
0.003142
0.003096
0.003053
0.003014
0.002991
0.002985
0.002993
0.003005
0.003013
0.003019
0.003025
0.003036
0.003049
0.003060
0.003061
0.003056
0.003049
0.003049
0.003060
0.003084
0.003120
0.003158
0.003190
0.003209
0.003218
0.003225
0.003236
0.003252
0.003267
0.003270
0.003260
0.003243
0.003224
0.003199
0.003165
0.003126
0.003090
0.003066
0.003054
0.003047
0.003041
0.003035
0.003033
0.003034
0.003037
0.003035
0.003029
0.003021
0.003018
0.003025
0.003039
0.003056
0.003068
0.003073
0.003074
0.003077
0.003082
0.003086
0.003087
0.003089
0.003097
0.003107
0.003117
0.003128
0.003145
0.003167
0.003193
0.003223
0.003263
0.003311
0.003360
0.003403
0.003443
0.003493
0.003564
0.003657
0.003762
0.003864
0.003953
0.004022
0.004065
0.004070
0.004031
0.003957
0.003869
0.003778
0.003692
0.003613
0.003546
0.003490
0.003441
0.003400
0.003371
0.003357
0.003350
0.003338
0.003320
0.003304
0.003300
0.003309
0.003328
0.003350
0.003375
0.003401
0.003430
0.003462
0.003500
0.003544
0.003598
0.003666
0.003749
0.003847
0.003957
0.004078
0.004205
0.004325
0.004427
0.004498
0.004530
0.004520
0.004471
0.004395
0.004306
0.004219
0.004143
0.004078
0.004015
0.003951
0.003885
0.003823
0.003772
0.003731
0.003693
0.003654
0.003619
0.003599
0.003596
0.003601
0.003607
0.003610
0.003614
0.003620
0.003625
0.003628
0.003635
0.003647
0.003660
0.003670
0.003680
0.003701
0.003737
0.003781
0.003827
0.003867
0.003903
0.003937
0.003966
0.003991
0.004014
0.004034
0.004051
0.004063
0.004072
0.004082
0.004093
0.004098
0.004094
0.004085
0.004078
0.004077
0.004080
0.004089
0.004103
0.004122
0.004140
0.004154
0.004161
0.004156
0.004135
0.004105
0.004072
0.004043
0.004015
0.003984
0.003947
0.003905
0.003858
0.003810
0.003768
0.003735
0.003705
0.003672
0.003639
0.003609
0.003582
0.003557
0.003533
0.003515
0.003505
0.003502
0.003503
0.003508
0.003513
0.003518
0.003519
0.003515
0.003505
0.003489
0.003473
0.003460
0.003451
0.003445
0.003445
0.003457
0.003478
0.003502
0.003518
0.003522
0.003517
0.003508
0.003497
0.003485
0.003474
0.003464
0.003456
0.003444
0.003420
0.003382
0.003338
0.003303
0.003286
0.003287
0.003295
0.003298
0.003295
0.003291
0.003293
0.003296
0.003290
0.003269
0.003238
0.003208
0.003183
0.003161
0.003143
0.003131
0.003130
0.003137
0.003149
0.003159
0.003168
0.003178
0.003195
0.003219
0.003248
0.003280
0.003318
0.003361
0.003403
0.003438
0.003463
0.003476
0.003477
0.003469
0.003460
0.003457
0.003461
0.003468
0.003474
0.003479
0.003480
0.003478
0.003473
0.003474
0.003486
0.003511
0.003546
0.003589
0.003636
0.003681
0.003725
0.003769
0.003808
0.003837
0.003855
0.003872
0.003896
0.003926
0.003954
0.003978
0.004004
0.004030
0.004053
0.004069
0.004077
0.004078
0.004067
0.004044
0.004017
0.003995
0.003981
0.003975
0.003972
0.003971
0.003973
0.003983
0.004002
0.004030
0.004067
0.004108
0.004145
0.004176
0.004199
0.004222
0.004250
0.004280
0.004316
0.004361
0.004420
0.004493
0.004567
0.004632
0.004686
0.004732
0.004778
0.004825
0.004872
0.004913
0.004945
0.004969
0.004993
0.005024
0.005067
0.005117
0.005168
0.005216
0.005265
0.005323
0.005390
0.005460
0.005523
0.005576
0.005627
0.005684
0.005750
0.005818
0.005880
0.005937
0.005997
0.006071
0.006161
0.006260
0.006359
0.006447
0.006523
0.006593
0.006662
0.006726
0.006780
0.006830
0.006888
0.006959
0.007040
0.007123
0.007207
0.007294
0.007385
0.007484
0.007598
0.007726
0.007861
0.008001
0.008150
0.008311
0.008475
0.008634
0.008785
0.008938
0.009101
0.009277
0.009472
0.009690
0.009925
0.010165
0.010405
0.010649
0.010906
0.011180
0.011469
0.011771
0.012089
0.012432
0.012808
0.013221
0.013673
0.014172
0.014738
0.015386
0.016119
0.016944
0.017885
0.018973
0.020235
0.021704
0.023437
0.025506
0.027978
0.030934
0.034496
0.038815
0.044043
0.050348
0.057964
0.067182
0.078288
0.091506
0.106954
0.124520
0.143683
0.163402
0.182118
0.197851
0.208426
0.212012
0.207860
0.196746
0.180686
0.162114
0.143110
0.125105
0.108927
0.094927
0.083115
0.073318
0.065310
0.058847
0.053675
0.049576
0.046402
0.044053
0.042442
0.041504
0.041226
0.041629
0.042740
0.044611
0.047329
0.050996
0.055723
0.061668
0.069069
0.078203
0.089318
0.102598
0.118114
0.135693
0.154733
0.174109
0.192158
0.206759
0.215653
0.217102
0.210644
0.197388
0.179573
0.159709
0.139871
0.121424
0.105071
0.091016
0.079157
0.069258
0.061048
0.054253
0.048615
0.043913
0.039980
0.036683
0.033915
0.031589
0.029638
0.028008
0.026645
0.025502
0.024539
0.023720
0.023017
0.022409
0.021879
0.021415
0.021007
0.020652
0.020351
0.020098
0.019882
0.019693
0.019525
0.019381
0.019263
0.019172
0.019104
0.019051
0.019008
0.018973
0.018947
0.018931
0.018924
0.018930
0.018947
0.018972
0.018999
0.019028
0.019065
0.019111
0.019167
0.019232
0.019306
0.019381
0.019453
0.019523
0.019594
0.019671
0.019752
0.019838
0.019925
0.020007
0.020083
0.020159
0.020240
0.020324
0.020402
0.020474
0.020545
0.020615
0.020675
0.020723
0.020759
0.020789
0.020820
0.020859
0.020908
0.020964
0.021016
0.021062
0.021107
0.021156
0.021204
0.021249
0.021291
0.021333
0.021379
0.021429
0.021482
0.021536
0.021595
0.021656
0.021718
0.021781
0.021848
0.021922
0.022004
0.022083
0.022157
0.022235
0.022328
0.022434
0.022541
0.022640
0.022732
0.022826
0.022924
0.023026
0.023134
0.023253
0.023386
0.023531
0.023679
0.023824
0.023962
0.024099
0.024236
0.024369
0.024492
0.024612
0.024737
0.024871
0.025007
0.025143
0.025285
0.025436
0.025593
0.025753
0.025918
0.026090
0.026275
0.026474
0.026690
0.026918
0.027148
0.027376
0.027607
0.027845
0.028087
0.028328
0.028569
0.028813
0.029057
0.029292
0.029514
0.029728
0.029938
0.030146
0.030351
0.030556
0.030760
0.030956
0.031135
0.031291
0.031426
0.031547
0.031657
0.031755
0.031842
0.031922
0.031998
0.032069
0.032130
0.032183
0.032237
0.032291
0.032333
0.032350
0.032341
0.032311
0.032263
0.032196
0.032109
0.032003
0.031876
0.031723
0.031542
0.031339
0.031125
0.030907
0.030682
0.030447
0.030199
0.029939
0.029672
0.029405
0.029143
0.028887
0.028632
0.028372
0.028101
0.027819
0.027529
0.027237
0.026949
0.026668
0.026391
0.026113
0.025828
0.025541
0.025256
0.024977
0.024703
0.024434
0.024175
0.023931
0.023704
0.023489
0.023281
0.023074
0.022864
0.022650
0.022433
0.022216
0.022003
0.021800
0.021607
0.021420
0.021236
0.021054
0.020880
0.020716
0.020556
0.020402
0.020258
0.020127
0.020002
0.019871
0.019732
0.019591
0.019445
0.019286
0.019107
0.018911
0.018708
0.018507
0.018310
0.018118
0.017931
0.017749
0.017576
0.017415
0.017265
0.017121
0.016979
0.016836
0.016697
0.016563
0.016431
0.016294
0.016149
0.016003
0.015867
0.015744
0.015623
0.015493
0.015347
0.015192
0.015035
0.014884
0.014743
0.014614
0.014493
0.014373
0.014253
0.014136
0.014022
0.013910
0.013798
0.013687
0.013574
0.013459
0.013344
0.013233
0.013128
0.013028
0.012928
0.012826
0.012727
0.012638
0.012560
0.012489
0.012411
0.012319
0.012215
0.012111
0.012010
0.011904
0.011788
0.011667
0.011553
0.011448
0.011344
0.011238
0.011132
0.011027
0.010921
0.010813
0.010709
0.010614
0.010527
0.010445
0.010370
0.010312
0.010274
0.010253
0.010242
0.010237
0.010236
0.010235
0.010233
0.010227
0.010211
0.010177
0.010113
0.010015
0.009887
0.009739
0.009580
0.009417
0.009256
0.009102
0.008964
0.008849
0.008760
0.008687
0.008615
0.008539
0.008466
0.008406
0.008354
0.008301
0.008239
0.008176
0.008123
0.008083
0.008057
0.008040
0.008029
0.008023
0.008024
0.008034
0.008053
0.008082
0.008116
0.008152
0.008186
0.008215
0.008235
0.008242
0.008227
0.008178
0.008091
0.007969
0.007822
0.007659
0.007492
0.007333
0.007191
0.007063
0.006945
0.006835
0.006735
0.006651
0.006583
0.006534
0.006500
0.006477
0.006460
0.006449
0.006449
0.006462
0.006488
0.006523
0.006563
0.006606
0.006658
0.006724
0.006811
0.006917
0.007036
0.007168
0.007309
0.007444
0.007550
0.007607
0.007604
0.007541
0.007419
0.007243
0.007027
0.006799
0.006579
0.006379
0.006196
0.006028
0.005879
0.005754
0.005653
0.005571
0.005504
0.005448
0.005399
0.005356
0.005319
0.005296
0.005290
0.005298
0.005313
0.005335
0.005373
0.005433
0.005511
0.005602
0.005709
0.005833
0.005965
0.006087
0.006180
0.006234
0.006241
0.006189
0.006075
0.005906
0.005701
0.005478
0.005252
0.005035
0.004842
0.004679
0.004544
0.004429
0.004330
0.004239
0.004151
0.004063
0.003980
0.003913
0.003862
0.003817
0.003770
0.003723
0.003679
0.003636
0.003589
0.003539
0.003490
0.003447
0.003410
0.003381
0.003358
0.003341
0.003328
0.003315
0.003297
0.003265
0.003219
0.003162
0.003102
0.003045
0.002992
0.002938
0.002886
0.002837
0.002795
0.002760
0.002729
0.002696
0.002660
0.002627
0.002601
0.002583
0.002571
0.002564
0.002559
0.002555
0.002547
0.002534
0.002516
0.002495
0.002473
0.002452
0.002434
0.002419
0.002408
0.002401
0.002397
0.002393
0.002391
0.002395
0.002403
0.002411
0.002411
0.002405
0.002399
0.002395
0.002390
0.002376
0.002350
0.002318
0.002289
0.002272
0.002265
0.002264
0.002262
0.002258
0.002257
0.002257
0.002257
0.002262
0.002273
0.002289
0.002302
0.002311
0.002315
0.002317
0.002315
0.002309
0.002302
0.002297
0.002287
0.002268
0.002242
0.002217
0.002197
0.002181
0.002169
0.002158
0.002146
0.002133
0.002124
0.002125
0.002132
0.002136
0.002131
0.002117
0.002094
0.002064
0.002030
0.002001
0.001983
0.001975
0.001971
0.001969
0.001970
0.001973
0.001975
0.001971
0.001963
0.001955
0.001951
0.001950
0.001952
0.001963
0.001987
0.002015
0.002037
0.002047
0.002053
0.002059
0.002062
0.002051
0.002024
0.001987
0.001951
0.001919
0.001896
0.001886
0.001889
0.001896
0.001899
0.001893
0.001880
0.001865
0.001851
0.001836
0.001816
0.001793
0.001774
0.001763
0.001756
0.001747
0.001738
0.001733
0.001734
0.001732
0.001725
0.001716
0.001712
0.001709
0.001703
0.001700
0.001705
0.001720
0.001738
0.001753
0.001766
0.001776
0.001785
0.001796
0.001808
0.001815
0.001815
0.001810
0.001806
0.001805
0.001802
0.001795
0.001787
0.001775
0.001757
0.001731
0.001702
0.001680
0.001666
0.001656
0.001643
0.001621
0.001591
0.001556
0.001526
0.001503
0.001485
0.001469
0.001456
0.001451
0.001453
0.001456
0.001457
0.001457
0.001460
0.001468
0.001475
0.001477
0.001474
0.001472
0.001472
0.001473
0.001469
0.001468
0.001479
0.001506
0.001537
0.001560
0.001571
0.001571
0.001564
0.001552
0.001543
0.001545
0.001559
0.001574
0.001584
0.001594
0.001608
0.001626
0.001642
0.001654
0.001665
0.001674
0.001679
0.001676
0.001663
0.001643
0.001620
0.001593
0.001567
0.001548
0.001538
0.001539
0.001543
0.001543
0.001536
0.001521
0.001502
0.001483
0.001469
0.001463
0.001462
0.001466
0.001474
0.001488
0.001507
0.001525
0.001539
0.001547
0.001550
0.001550
0.001547
0.001543
0.001544
0.001552
0.001570
0.001593
0.001617
0.001637
0.001653
0.001667
0.001678
0.001684
0.001685
0.001681
0.001672
0.001659
0.001649
0.001644
0.001642
0.001638
0.001632
0.001631
0.001636
0.001635
0.001621
0.001597
0.001572
0.001548
0.001525
0.001502
0.001483
0.001469
0.001463
0.001464
0.001470
0.001478
0.001483
0.001487
0.001493
0.001498
0.001499
0.001499
0.001504
0.001515
0.001522
0.001523
0.001522
0.001524
0.001528
0.001530
0.001528
0.001528
0.001526
0.001518
0.001505
0.001488
0.001470
0.001456
0.001452
0.001459
0.001471
0.001477
0.001481
0.001494
0.001517
0.001540
0.001546
0.001534
0.001513
0.001494
0.001482
0.001478
0.001479
0.001486
0.001498
0.001507
0.001506
0.001494
0.001477
0.001466
0.001466
0.001470
0.001467
0.001453
0.001432
0.001413
0.001403
0.001402
0.001405
0.001403
0.001397
0.001392
0.001393
0.001401
0.001412
0.001424
0.001435
0.001443
0.001446
0.001443
0.001437
0.001427
0.001420
0.001422
0.001434
0.001448
0.001459
0.001469
0.001482
0.001500
0.001520
0.001545
0.001575
0.001613
0.001660
0.001720
0.001793
0.001870
0.001944
0.002010
0.002068
0.002113
0.002135
0.002129
0.002097
0.002046
0.001982
0.001910
0.001840
0.001774
0.001713
0.001659
0.001610
0.001568
0.001531
0.001502
0.001484
0.001478
0.001481
0.001487
0.001494
0.001502
0.001510
0.001517
0.001528
0.001543
0.001562
0.001584
0.001609
0.001639
0.001672
0.001706
0.001740
0.001781
0.001833
0.001899
0.001976
0.002061
0.002145
0.002218
0.002269
0.002294
0.002286
0.002243
0.002172
0.002082
0.001988
0.001906
0.001843
0.001801
0.001772
0.001745
0.001717
0.001692
0.001673
0.001657
0.001646
0.001641
0.001642
0.001648
0.001655
0.001664
0.001681
0.001705
0.001736
0.001773
0.001820
0.001877
0.001935
0.001989
0.002040
0.002095
0.002158
0.002229
0.002311
0.002412
0.002539
0.002693
0.002879
0.003101
0.003370
0.003690
0.004065
0.004495
0.004970
0.005468
0.005954
0.006387
0.006723
0.006910
0.006909
0.006713
0.006354
0.005890
0.005377
0.004861
0.004376
0.003945
0.003575
0.003263
0.003005
0.002798
0.002634
0.002510
0.002419
0.002358
0.002321
0.002301
0.002292
0.002295
0.002310
0.002332
0.002361
0.002406
0.002482
0.002600
0.002761
0.002963
0.003209
0.003506
0.003864
0.004283
0.004754
0.005254
0.005755
0.006214
0.006584
0.006814
0.006867
0.006734
0.006432
0.006002
0.005495
0.004965
0.004455
0.003992
0.003591
0.003254
0.002974
0.002741
0.002544
0.002373
0.002230
0.002115
0.002022
0.001942
0.001870
0.001805
0.001748
0.001698
0.001654
0.001618
0.001593
0.001580
0.001578
0.001584
0.001592
0.001597
0.001597
0.001600
0.001607
0.001613
0.001613
0.001611
0.001618
0.001638
0.001660
0.001673
0.001679
0.001685
0.001694
0.001705
0.001715
0.001725
0.001735
0.001742
0.001749
0.001764
0.001791
0.001827
0.001870
0.001924
0.001990
0.002066
0.002150
0.002248
0.002372
0.002529
0.002718
0.002933
0.003171
0.003419
0.003654
0.003846
0.003971
0.004019
0.003985
0.003874
0.003704
0.003503
0.003295
0.003091
0.002896
0.002719
0.002572
0.002457
0.002369
0.002300
0.002249
0.002215
0.002193
0.002179
0.002175
0.002181
0.002192
0.002204
0.002219
0.002245
0.002284
0.002334
0.002399
0.002484
0.002597
0.002735
0.002892
0.003068
0.003267
0.003493
0.003742
0.004004
0.004257
0.004474
0.004631
0.004715
0.004716
0.004635
0.004482
0.004281
0.004058
0.003838
0.003639
0.003471
0.003343
0.003253
0.003197
0.003165
0.003155
0.003168
0.003208
0.003281
0.003393
0.003552
0.003759
0.004014
0.004319
0.004686
0.005122
0.005622
0.006161
0.006698
0.007193
0.007603
0.007882
0.007990
0.007903
0.007634
0.007231
0.006756
0.006263
0.005790
0.005357
0.004978
0.004661
0.004405
0.004200
0.004031
0.003887
0.003762
0.003661
0.003582
0.003525
0.003485
0.003460
0.003450
0.003460
0.003494
0.003555
0.003648
0.003776
0.003941
0.004145
0.004390
0.004682
0.005030
0.005436
0.005898
0.006399
0.006915
0.007410
0.007832
0.008125
0.008239
0.008151
0.007875
0.007457
0.006963
0.006455
0.005974
0.005540
0.005166
0.004856
0.004612
0.004424
0.004282
0.004173
0.004089
0.004014
0.003943
0.003877
0.003828
0.003801
0.003793
0.003797
0.003812
0.003841
0.003889
0.003955
0.004045
0.004159
0.004299
0.004463
0.004657
0.004888
0.005159
0.005461
0.005780
0.006102
0.006413
0.006693
0.006922
0.007084
0.007175
0.007204
0.007184
0.007128
0.007052
0.006968
0.006882
0.006799
0.006727
0.006675
0.006649
0.006650
0.006672
0.006712
0.006769
0.006841
0.006927
0.007029
0.007152
0.007296
0.007461
0.007649
0.007872
0.008142
0.008464
0.008835
0.009244
0.009684
0.010149
0.010624
0.011088
0.011510
0.011861
0.012109
0.012227
0.012202
0.012042
0.011773
0.011434
0.011061
0.010686
0.010332
0.010013
0.009737
0.009507
0.009328
0.009197
0.009103
0.009037
0.008995
0.008981
0.008997
0.009039
0.009101
0.009178
0.009275
0.009401
0.009566
0.009769
0.010004
0.010261
0.010530
0.010808
0.011087
0.011358
0.011599
0.011784
0.011887
0.011894
0.011805
0.011625
0.011369
0.011055
0.010711
0.010362
0.010026
0.009714
0.009440
0.009214
0.009037
0.008894
0.008775
0.008674
0.008593
0.008529
0.008479
0.008441
0.008422
0.008420
0.008434
0.008463
0.008509
0.008573
0.008650
0.008732
0.008815
0.008906
0.009013
0.009136
0.009273
0.009422
0.009587
0.009774
0.009981
0.010190
0.010373
0.010498
0.010545
0.010507
0.010395
0.010231
0.010035
0.009824
0.009608
0.009402
0.009221
0.009076
0.008967
0.008883
0.008806
0.008727
0.008645
0.008569
0.008509
0.008471
0.008450
0.008440
0.008436
0.008438
0.008447
0.008462
0.008477
0.008488
0.008495
0.008500
0.008508
0.008522
0.008546
0.008577
0.008610
0.008644
0.008686
0.008736
0.008790
0.008839
0.008876
0.008897
0.008896
0.008863
0.008796
0.008698
0.008579
0.008449
0.008318
0.008190
0.008069
0.007955
0.007855
0.007773
0.007711
0.007663
0.007620
0.007577
0.007530
0.007478
0.007426
0.007380
0.007341
0.007301
0.007255
0.007206
0.007156
0.007108
0.007057
0.007002
0.006945
0.006885
0.006823
0.006761
0.006702
0.006647
0.006596
0.006551
0.006516
0.006487
0.006459
0.006427
0.006398
0.006376
0.006362
0.006356
0.006358
0.006368
0.006386
0.006412
0.006442
0.006473
0.006500
0.006525
0.006549
0.006574
0.006598
0.006619
0.006640
0.006660
0.006679
0.006696
0.006714
0.006731
0.006747
0.006764
0.006786
0.006818
0.006856
0.006895
0.006931
0.006967
0.007001
0.007028
0.007051
0.007077
0.007114
0.007162
0.007214
0.007269
0.007328
0.007391
0.007458
0.007531
0.007611
0.007698
0.007794
0.007902
0.008026
0.008164
0.008310
0.008462
0.008625
0.008800
0.008984
0.009166
0.009346
0.009527
0.009708
0.009884
0.010052
0.010215
0.010384
0.010556
0.010725
0.010885
0.011038
0.011192
0.011349
0.011510
0.011673
0.011840
0.012006
0.012171
0.012338
0.012511
0.012691
0.012872
0.013054
0.013241
0.013438
0.013643
0.013857
0.014079
0.014311
0.014549
0.014786
0.015018
0.015246
0.015469
0.015685
0.015895
0.016098
0.016295
0.016485
0.016671
0.016862
0.017062
0.017267
0.017467
0.017656
0.017839
0.018024
0.018220
0.018426
0.018641
0.018863
0.019094
0.019337
0.019588
0.019843
0.020097
0.020349
0.020606
0.020873
0.021149
0.021424
0.021690
0.021953
0.022221
0.022492
0.022755
0.023005
0.023246
0.023486
0.023715
0.023927
0.024125
0.024322
0.024522
0.024718
0.024903
0.025080
0.025258
0.025442
0.025628
0.025818
0.026014
0.026217
0.026429
0.026648
0.026874
0.027105
0.027341
0.027582
0.027829
0.028086
0.028356
0.028643
0.028943
0.029254
0.029573
0.029899
0.030226
0.030545
0.030851
0.031145
0.031428
0.031693
0.031937
0.032161
0.032366
0.032548
0.032703
0.032834
0.032953
0.033073
0.033189
0.033290
0.033369
0.033427
0.033468
0.033493
0.033497
0.033475
0.033432
0.033380
0.033331
0.033286
0.033236
0.033180
0.033120
0.033062
0.032999
0.032924
0.032835
0.032740
0.032645
0.032552
0.032455
0.032350
0.032237
0.032119
0.031998
0.031875
0.031748
0.031614
0.031469
0.031304
0.031111
0.030896
0.030670
0.030447
0.030230
0.030010
0.029776
0.029528
0.029273
0.029019
0.028767
0.028515
0.028259
0.027998
0.027729
0.027450
0.027155
0.026845
0.026525
0.026199
0.025870
0.025539
0.025204
0.024862
0.024513
0.024161
0.023814
0.023473
0.023133
0.022788
0.022433
0.022071
0.021703
0.021331
0.020958
0.020587
0.020221
0.019862
0.019511
0.019166
0.018822
0.018474
0.018122
0.017770
0.017417
0.017064
0.016714
0.016372
0.016041
0.015716
0.015387
0.015049
0.014703
0.014352
0.013999
0.013647
0.013299
0.012958
0.012630
0.012313
0.012001
0.011689
0.011377
0.011069
0.010766
0.010466
0.010170
0.009880
0.009600
0.009330
0.009071
0.008823
0.008584
0.008350
0.008122
0.007903
0.007691
0.007484
0.007281
0.007086
0.006901
0.006716
0.006526
0.006336
0.006159
0.006000
0.005854
0.005714
0.005575
0.005437
0.005297
0.005154
0.005006
0.004854
0.004705
0.004570
0.004452
0.004348
0.004248
0.004149
0.004056
0.003968
0.003884
0.003798
0.003705
0.003603
0.003497
0.003398
0.003317
0.003259
0.003216
0.003174
0.003122
0.003057
0.002987
0.002918
0.002856
0.002798
0.002743
0.002695
0.002658
0.002626
0.002593
0.002552
0.002504
0.002451
0.002393
0.002337
0.002289
0.002254
0.002229
0.002206
0.002183
0.002156
0.002125
0.002094
0.002066
0.002045
0.002025
0.002005
0.001982
0.001956
0.001922
0.001880
0.001840
0.001811
0.001793
0.001780
0.001766
0.001753
0.001741
0.001729
0.001711
0.001687
0.001664
0.001649
0.001643
0.001641
0.001634
0.001616
0.001593
0.001568
0.001542
0.001517
0.001496
0.001483
0.001482
0.001486
0.001493
0.001499
0.001503
0.001501
0.001494
0.001484
0.001471
0.001457
0.001438
0.001416
0.001392
0.001367
0.001345
0.001324
0.001303
0.001283
0.001269
0.001267
0.001276
0.001288
0.001296
0.001302
0.001307
0.001312
0.001317
0.001319
0.001316
0.001305
0.001290
0.001277
0.001266
0.001255
0.001240
0.001220
0.001197
0.001172
0.001153
0.001145
0.001149
0.001162
0.001178
0.001193
0.001200
0.001194
0.001182
0.001169
0.001159
0.001146
0.001133
0.001131
0.001149
0.001173
0.001187
0.001187
0.001182
0.001179
0.001170
0.001150
0.001124
0.001101
0.001081
0.001063
0.001048
0.001038
0.001037
0.001044
0.001055
0.001067
0.001075
0.001077
0.001077
0.001079
0.001079
0.001072
0.001057
0.001045
0.001042
0.001047
0.001051
0.001049
0.001047
0.001053
0.001069
0.001086
0.001099
0.001110
0.001121
0.001132
0.001140
0.001140
0.001130
0.001111
0.001087
0.001064
0.001046
0.001032
0.001020
0.001015
0.001021
0.001030
0.001034
0.001035
0.001040
0.001050
0.001059
0.001063
0.001059
0.001047
0.001028
0.001005
0.000988
0.000983
0.000983
0.000982
0.000979
0.000978
0.000980
0.000985
0.000990
0.000997
0.001008
0.001019
0.001031
0.001040
0.001042
0.001037
0.001028
0.001023
0.001023
0.001025
0.001025
0.001024
0.001028
0.001035
0.001042
0.001047
0.001050
0.001052
0.001053
0.001051
0.001045
0.001036
0.001025
0.001015
0.001009
0.001009
0.001017
0.001031
0.001044
0.001046
0.001031
0.001000
0.000963
0.000930
0.000913
0.000917
0.000939
0.000970
0.001000
0.001022
0.001032
0.001035
0.001031
0.001022
0.001008
0.000989
0.000968
0.000948
0.000933
0.000924
0.000917
0.000907
0.000897
0.000890
0.000891
0.000894
0.000895
0.000891
0.000885
0.000882
0.000880
0.000877
0.000869
0.000860
0.000850
0.000844
0.000843
0.000843
0.000844
0.000845
0.000846
0.000845
0.000840
0.000833
0.000828
0.000824
0.000815
0.000800
0.000786
0.000777
0.000778
0.000785
0.000796
0.000806
0.000810
0.000811
0.000813
0.000821
0.000829
0.000829
0.000824
0.000820
0.000821
0.000822
0.000820
0.000815
0.000804
0.000789
0.000774
0.000766
0.000765
0.000759
0.000742
0.000718
0.000702
0.000697
0.000698
0.000695
0.000691
0.000689
0.000692
0.000697
0.000703
0.000709
0.000716
0.000724
0.000728
0.000726
0.000720
0.000714
0.000708
0.000701
0.000691
0.000681
0.000675
0.000675
0.000680
0.000683
0.000686
0.000689
0.000694
0.000698
0.000696
0.000690
0.000683
0.000683
0.000691
0.000703
0.000712
0.000714
0.000708
0.000698
0.000691
0.000688
0.000688
0.000682
0.000668
0.000648
0.000629
0.000616
0.000614
0.000622
0.000637
0.000652
0.000663
0.000674
0.000685
0.000695
0.000699
0.000697
0.000690
0.000682
0.000676
0.000677
0.000683
0.000687
0.000687
0.000683
0.000679
0.000671
0.000655
0.000636
0.000624
0.000628
0.000642
0.000654
0.000657
0.000654
0.000650
0.000648
0.000650
0.000654
0.000659
0.000666
0.000669
0.000664
0.000652
0.000642
0.000642
0.000652
0.000665
0.000675
0.000678
0.000673
0.000662
0.000649
0.000638
0.000628
0.000620
0.000612
0.000607
0.000609
0.000619
0.000634
0.000648
0.000655
0.000654
0.000651
0.000649
0.000650
0.000652
0.000657
0.000661
0.000659
0.000651
0.000644
0.000641
0.000642
0.000645
0.000652
0.000665
0.000678
0.000682
0.000678
0.000676
0.000680
0.000686
0.000690
0.000692
0.000694
0.000693
0.000689
0.000686
0.000688
0.000696
0.000706
0.000713
0.000714
0.000707
0.000697
0.000689
0.000682
0.000668
0.000647
0.000625
0.000611
0.000600
0.000591
0.000583
0.000577
0.000575
0.000579
0.000592
0.000616
0.000637
0.000646
0.000644
0.000641
0.000644
0.000646
0.000640
0.000630
0.000623
0.000621
0.000623
0.000626
0.000626
0.000623
0.000617
0.000614
0.000617
0.000626
0.000637
0.000644
0.000642
0.000633
0.000620
0.000606
0.000595
0.000585
0.000576
0.000570
0.000568
0.000577
0.000599
0.000630
0.000662
0.000685
0.000698
0.000704
0.000705
0.000703
0.000695
0.000682
0.000668
0.000662
0.000665
0.000671
0.000673
0.000668
0.000664
0.000666
0.000673
0.000679
0.000682
0.000680
0.000675
0.000671
0.000673
0.000680
0.000684
0.000682
0.000676
0.000671
0.000670
0.000672
0.000672
0.000668
0.000661
0.000651
0.000640
0.000630
0.000622
0.000620
0.000629
0.000650
0.000672
0.000679
0.000669
0.000652
0.000638
0.000631
0.000626
0.000623
0.000625
0.000628
0.000630
0.000625
0.000613
0.000599
0.000589
0.000587
0.000591
0.000597
0.000608
0.000623
0.000638
0.000641
0.000630
0.000613
0.000603
0.000605
0.000618
0.000637
0.000654
0.000663
0.000665
0.000666
0.000665
0.000659
0.000644
0.000627
0.000614
0.000607
0.000605
0.000612
0.000627
0.000643
0.000654
0.000657
0.000659
0.000659
0.000658
0.000657
0.000656
0.000654
0.000647
0.000637
0.000627
0.000618
0.000607
0.000590
0.000573
0.000562
0.000558
0.000560
0.000561
0.000555
0.000545
0.000538
0.000545
0.000566
0.000596
0.000624
0.000649
0.000670
0.000683
0.000687
0.000684
0.000676
0.000666
0.000662
0.000670
0.000688
0.000706
0.000711
0.000704
0.000687
0.000669
0.000655
0.000652
0.000659
0.000663
0.000653
0.000633
0.000616
0.000609
0.000607
0.000607
0.000613
0.000625
0.000637
0.000643
0.000645
0.000648
0.000653
0.000658
0.000662
0.000664
0.000664
0.000663
0.000664
0.000671
0.000680
0.000682
0.000674
0.000660
0.000649
0.000647
0.000654
0.000664
0.000668
0.000656
0.000635
0.000617
0.000610
0.000612
0.000620
0.000632
0.000645
0.000655
0.000661
0.000665
0.000666
0.000658
0.000642
0.000624
0.000614
0.000612
0.000614
0.000619
0.000630
0.000643
0.000652
0.000651
0.000645
0.000639
0.000637
0.000640
0.000649
0.000660
0.000663
0.000654
0.000635
0.000618
0.000611
0.000617
0.000632
0.000651
0.000670
0.000684
0.000691
0.000691
0.000686
0.000680
0.000677
0.000674
0.000669
0.000658
0.000644
0.000633
0.000627
0.000627
0.000633
0.000637
0.000635
0.000628
0.000620
0.000617
0.000616
0.000612
0.000606
0.000603
0.000604
0.000604
0.000603
0.000609
0.000626
0.000649
0.000668
0.000680
0.000690
0.000701
0.000705
0.000699
0.000688
0.000682
0.000679
0.000672
0.000662
0.000657
0.000664
0.000675
0.000679
0.000671
0.000662
0.000660
0.000665
0.000669
0.000663
0.000648
0.000632
0.000625
0.000627
0.000628
0.000621
0.000610
0.000605
0.000610
0.000618
0.000623
0.000624
0.000625
0.000626
0.000627
0.000629
0.000629
0.000619
0.000598
0.000575
0.000563
0.000564
0.000572
0.000580
0.000587
0.000589
0.000584
0.000572
0.000559
0.000549
0.000539
0.000527
0.000517
0.000515
0.000518
0.000524
0.000530
0.000533
0.000531
0.000529
0.000529
0.000534
0.000541
0.000550
0.000559
0.000569
0.000578
0.000589
0.000603
0.000619
0.000633
0.000639
0.000642
0.000644
0.000646
0.000648
0.000651
0.000655
0.000656
0.000644
0.000622
0.000601
0.000590
0.000588
0.000587
0.000583
0.000577
0.000575
0.000579
0.000582
0.000579
0.000567
0.000557
0.000554
0.000556
0.000558
0.000558
0.000561
0.000571
0.000583
0.000597
0.000613
0.000634
0.000659
0.000680
0.000695
0.000705
0.000709
0.000708
0.000703
0.000697
0.000693
0.000690
0.000685
0.000673
0.000654
0.000635
0.000623
0.000620
0.000622
0.000621
0.000613
0.000601
0.000590
0.000586
0.000588
0.000594
0.000603
0.000613
0.000624
0.000631
0.000628
0.000618
0.000606
0.000595
0.000583
0.000569
0.000554
0.000540
0.000530
0.000524
0.000524
0.000528
0.000533
0.000538
0.000546
0.000559
0.000575
0.000588
0.000592
0.000588
0.000583
0.000583
0.000590
0.000599
0.000604
0.000601
0.000597
0.000595
0.000593
0.000586
0.000571
0.000551
0.000537
0.000534
0.000539
0.000543
0.000544
0.000545
0.000552
0.000568
0.000589
0.000611
0.000628
0.000638
0.000642
0.000642
0.000637
0.000626
0.000609
0.000595
0.000595
0.000608
0.000623
0.000627
0.000621
0.000615
0.000616
0.000622
0.000631
0.000637
0.000640
0.000642
0.000645
0.000646
0.000637
0.000617
0.000596
0.000587
0.000596
0.000615
0.000633
0.000645
0.000650
0.000647
0.000637
0.000622
0.000606
0.000593
0.000585
0.000586
0.000594
0.000602
0.000603
0.000595
0.000584
0.000580
0.000584
0.000591
0.000594
0.000593
0.000586
0.000577
0.000572
0.000576
0.000589
0.000603
0.000610
0.000606
0.000598
0.000591
0.000589
0.000593
0.000600
0.000607
0.000607
0.000600
0.000591
0.000587
0.000587
0.000588
0.000590
0.000591
0.000590
0.000587
0.000583
0.000585
0.000590
0.000598
0.000604
0.000607
0.000605
0.000595
0.000582
0.000571
0.000568
0.000572
0.000580
0.000591
0.000604
0.000614
0.000620
0.000625
0.000635
0.000652
0.000673
0.000693
0.000710
0.000721
0.000728
0.000731
0.000731
0.000728
0.000721
0.000712
0.000708
0.000708
0.000710
0.000707
0.000698
0.000685
0.000672
0.000664
0.000661
0.000659
0.000652
0.000639
0.000628
0.000625
0.000635
0.000656
0.000677
0.000689
0.000686
0.000671
0.000648
0.000627
0.000614
0.000612
0.000618
0.000628
0.000638
0.000649
0.000658
0.000664
0.000665
0.000664
0.000662
0.000658
0.000652
0.000647
0.000646
0.000646
0.000641
0.000633
0.000628
0.000627
0.000621
0.000607
0.000589
0.000578
0.000580
0.000593
0.000609
0.000624
0.000639
0.000654
0.000668
0.000679
0.000683
0.000677
0.000663
0.000646
0.000633
0.000627
0.000627
0.000630
0.000632
0.000629
0.000622
0.000613
0.000602
0.000590
0.000575
0.000561
0.000556
0.000559
0.000566
0.000572
0.000576
0.000582
0.000593
0.000601
0.000604
0.000599
0.000589
0.000574
0.000560
0.000551
0.000551
0.000557
0.000562
0.000567
0.000575
0.000589
0.000604
0.000611
0.000610
0.000602
0.000591
0.000575
0.000559
0.000549
0.000547
0.000548
0.000548
0.000550
0.000558
0.000573
0.000584
0.000587
0.000587
0.000593
0.000606
0.000616
0.000617
0.000612
0.000612
0.000622
0.000635
0.000645
0.000650
0.000653
0.000657
0.000659
0.000658
0.000653
0.000647
0.000644
0.000642
0.000638
0.000633
0.000630
0.000631
0.000632
0.000628
0.000618
0.000605
0.000596
0.000597
0.000607
0.000618
0.000621
0.000614
0.000603
0.000599
0.000603
0.000611
0.000619
0.000627
0.000636
0.000641
0.000639
0.000631
0.000626
0.000625
0.000623
0.000617
0.000611
0.000606
0.000602
0.000596
0.000589
0.000585
0.000585
0.000589
0.000595
0.000603
0.000608
0.000606
0.000596
0.000582
0.000569
0.000560
0.000557
0.000561
0.000566
0.000566
0.000560
0.000551
0.000547
0.000548
0.000548
0.000544
0.000538
0.000536
0.000537
0.000542
0.000551
0.000566
0.000583
0.000596
0.000603
0.000605
0.000607
0.000606
0.000600
0.000593
0.000590
0.000588
0.000586
0.000582
0.000579
0.000577
0.000573
0.000567
0.000564
0.000570
0.000580
0.000590
0.000600
0.000612
0.000626
0.000635
0.000631
0.000614
0.000591
0.000570
0.000554
0.000543
0.000537
0.000535
0.000537
0.000536
0.000529
0.000516
0.000505
0.000503
0.000509
0.000516
0.000522
0.000529
0.000539
0.000547
0.000550
0.000547
0.000544
0.000545
0.000556
0.000575
0.000597
0.000612
0.000618
0.000618
0.000620
0.000624
0.000626
0.000627
0.000630
0.000634
0.000632
0.000625
0.000617
0.000608
0.000597
0.000581
0.000563
0.000550
0.000549
0.000558
0.000572
0.000583
0.000585
0.000577
0.000566
0.000560
0.000567
0.000583
0.000602
0.000618
0.000627
0.000629
0.000624
0.000617
0.000610
0.000604
0.000598
0.000590
0.000583
0.000583
0.000592
0.000604
0.000612
0.000613
0.000614
0.000621
0.000632
0.000639
0.000638
0.000630
0.000621
0.000615
0.000614
0.000613
0.000607
0.000597
0.000588
0.000591
0.000605
0.000623
0.000635
0.000642
0.000647
0.000656
0.000666
0.000672
0.000671
0.000668
0.000668
0.000670
0.000669
0.000661
0.000650
0.000644
0.000642
0.000640
0.000635
0.000627
0.000621
0.000620
0.000623
0.000630
0.000636
0.000638
0.000639
0.000642
0.000643
0.000638
0.000629
0.000624
0.000627
0.000633
0.000638
0.000640
0.000639
0.000632
0.000618
0.000601
0.000591
0.000593
0.000602
0.000609
0.000614
0.000616
0.000619
0.000623
0.000632
0.000647
0.000660
0.000659
0.000642
0.000618
0.000597
0.000587
0.000587
0.000594
0.000600
0.000600
0.000593
0.000581
0.000573
0.000574
0.000584
0.000598
0.000611
0.000616
0.000613
0.000605
0.000602
0.000605
0.000613
0.000620
0.000625
0.000625
0.000617
0.000600
0.000580
0.000568
0.000562
0.000557
0.000547
0.000532
0.000521
0.000520
0.000532
0.000555
0.000578
0.000598
0.000616
0.000635
0.000649
0.000652
0.000642
0.000630
0.000627
0.000632
0.000639
0.000645
0.000649
0.000644
0.000626
0.000599
0.000576
0.000565
0.000560
0.000550
0.000532
0.000509
0.000492
0.000487
0.000493
0.000504
0.000514
0.000524
0.000539
0.000554
0.000558
0.000549
0.000534
0.000524
0.000520
0.000519
0.000518
0.000515
0.000509
0.000503
0.000499
0.000500
0.000502
0.000507
0.000521
0.000548
0.000581
0.000610
0.000628
0.000640
0.000645
0.000640
0.000626
0.000610
0.000599
0.000588
0.000575
0.000562
0.000556
0.000557
0.000558
0.000560
0.000566
0.000576
0.000586
0.000592
0.000594
0.000593
0.000591
0.000592
0.000597
0.000604
0.000610
0.000616
0.000623
0.000631
0.000634
0.000628
0.000617
0.000603
0.000591
0.000583
0.000582
0.000585
0.000590
0.000591
0.000586
0.000581
0.000583
0.000596
0.000618
0.000641
0.000653
0.000652
0.000640
0.000627
0.000618
0.000620
0.000630
0.000639
0.000642
0.000638
0.000635
0.000635
0.000636
0.000628
0.000610
0.000588
0.000573
0.000571
0.000580
0.000590
0.000592
0.000587
0.000580
0.000576
0.000575
0.000575
0.000576
0.000579
0.000587
0.000601
0.000620
0.000637
0.000643
0.000635
0.000622
0.000614
0.000616
0.000619
0.000618
0.000615
0.000617
0.000623
0.000628
0.000628
0.000625
0.000625
0.000631
0.000643
0.000655
0.000660
0.000651
0.000631
0.000609
0.000595
0.000591
0.000591
0.000590
0.000589
0.000590
0.000592
0.000596
0.000599
0.000601
0.000601
0.000598
0.000596
0.000601
0.000616
0.000634
0.000649
0.000655
0.000656
0.000655
0.000655
0.000656
0.000657
0.000656
0.000653
0.000646
0.000635
0.000623
0.000613
0.000609
0.000612
0.000618
0.000621
0.000617
0.000606
0.000594
0.000587
0.000585
0.000590
0.000597
0.000605
0.000612
0.000617
0.000619
0.000614
0.000604
0.000595
0.000594
0.000604
0.000617
0.000628
0.000637
0.000648
0.000659
0.000666
0.000665
0.000658
0.000648
0.000640
0.000634
0.000631
0.000631
0.000628
0.000617
0.000595
0.000567
0.000546
0.000539
0.000539
0.000538
0.000528
0.000512
0.000498
0.000489
0.000487
0.000490
0.000497
0.000508
0.000522
0.000537
0.000554
0.000572
0.000587
0.000600
0.000609
0.000616
0.000618
0.000614
0.000605
0.000593
0.000584
0.000578
0.000575
0.000576
0.000582
0.000591
0.000599
0.000603
0.000604
0.000606
0.000609
0.000611
0.000612
0.000613
0.000616
0.000625
0.000642
0.000661
0.000668
0.000653
0.000624
0.000600
0.000590
0.000590
0.000591
0.000592
0.000597
0.000602
0.000603
0.000603
0.000610
0.000623
0.000632
0.000632
0.000625
0.000615
0.000602
0.000590
0.000584
0.000583
0.000580
0.000577
0.000578
0.000588
0.000600
0.000609
0.000613
0.000618
0.000622
0.000625
0.000626
0.000629
0.000633
0.000636
0.000638
0.000644
0.000655
0.000665
0.000671
0.000669
0.000661
0.000649
0.000640
0.000637
0.000633
0.000626
0.000616
0.000611
0.000613
0.000615
0.000613
0.000610
0.000607
0.000602
0.000593
0.000583
0.000578
0.000577
0.000582
0.000591
0.000603
0.000609
0.000604
0.000594
0.000590
0.000598
0.000611
0.000621
0.000625
0.000626
0.000628
0.000634
0.000645
0.000656
0.000659
0.000651
0.000639
0.000630
0.000626
0.000624
0.000621
0.000619
0.000619
0.000620
0.000617
0.000614
0.000615
0.000622
0.000630
0.000633
0.000628
0.000618
0.000608
0.000601
0.000597
0.000595
0.000592
0.000585
0.000576
0.000568
0.000561
0.000558
0.000560
0.000566
0.000577
0.000588
0.000593
0.000593
0.000592
0.000596
0.000605
0.000617
0.000623
0.000620
0.000613
0.000610
0.000613
0.000622
0.000632
0.000640
0.000642
0.000635
0.000620
0.000601
0.000583
0.000565
0.000549
0.000539
0.000542
0.000553
0.000568
0.000580
0.000590
0.000597
0.000598
0.000597
0.000599
0.000604
0.000606
0.000600
0.000594
0.000597
0.000608
0.000616
0.000611
0.000592
0.000571
0.000559
0.000559
0.000571
0.000587
0.000604
0.000615
0.000617
0.000613
0.000608
0.000610
0.000616
0.000622
0.000628
0.000633
0.000636
0.000634
0.000624
0.000612
0.000602
0.000595
0.000587
0.000577
0.000567
0.000558
0.000550
0.000543
0.000541
0.000546
0.000556
0.000567
0.000577
0.000588
0.000598
0.000606
0.000612
0.000615
0.000617
0.000617
0.000614
0.000608
0.000595
0.000578
0.000558
0.000542
0.000533
0.000530
0.000533
0.000541
0.000556
0.000577
0.000598
0.000614
0.000623
0.000622
0.000610
0.000593
0.000579
0.000576
0.000583
0.000592
0.000600
0.000606
0.000612
0.000619
0.000627
0.000638
0.000644
0.000638
0.000624
0.000610
0.000605
0.000607
0.000610
0.000617
0.000624
0.000625
0.000613
0.000592
0.000572
0.000557
0.000545
0.000540
0.000547
0.000563
0.000580
0.000591
0.000601
0.000609
0.000615
0.000617
0.000622
0.000634
0.000648
0.000657
0.000658
0.000653
0.000644
0.000632
0.000623
0.000620
0.000626
0.000635
0.000643
0.000650
0.000653
0.000651
0.000644
0.000637
0.000633
0.000633
0.000636
0.000642
0.000649
0.000656
0.000658
0.000653
0.000639
0.000619
0.000600
0.000583
0.000569
0.000557
0.000549
0.000546
0.000548
0.000553
0.000563
0.000576
0.000587
0.000591
0.000587
0.000578
0.000571
0.000572
0.000578
0.000586
0.000590
0.000584
0.000570
0.000556
0.000552
0.000563
0.000584
0.000605
0.000619
0.000624
0.000624
0.000625
0.000627
0.000630
0.000631
0.000628
0.000624
0.000624
0.000629
0.000640
0.000653
0.000663
0.000666
0.000661
0.000652
0.000648
0.000649
0.000651
0.000642
0.000622
0.000598
0.000583
0.000581
0.000587
0.000592
0.000589
0.000573
0.000551
0.000536
0.000535
0.000544
0.000555
0.000562
0.000568
0.000573
0.000577
0.000581
0.000587
0.000596
0.000605
0.000616
0.000630
0.000646
0.000656
0.000653
0.000640
0.000627
0.000619
0.000613
0.000608
0.000603
0.000601
0.000601
0.000604
0.000609
0.000613
0.000615
0.000615
0.000611
0.000602
0.000589
0.000575
0.000566
0.000563
0.000565
0.000569
0.000574
0.000579
0.000584
0.000589
0.000591
0.000585
0.000569
0.000548
0.000531
0.000525
0.000527
0.000527
0.000521
0.000515
0.000519
0.000535
0.000555
0.000572
0.000585
0.000596
0.000603
0.000607
0.000607
0.000608
0.000607
0.000602
0.000597
0.000594
0.000596
0.000599
0.000600
0.000601
0.000602
0.000600
0.000596
0.000592
0.000591
0.000592
0.000591
0.000589
0.000587
0.000582
0.000572
0.000558
0.000545
0.000538
0.000538
0.000544
0.000554
0.000562
0.000566
0.000565
0.000565
0.000571
0.000584
0.000599
0.000611
0.000616
0.000615
0.000608
0.000596
0.000585
0.000579
0.000585
0.000599
0.000614
0.000622
0.000617
0.000603
0.000586
0.000574
0.000570
0.000571
0.000569
0.000567
0.000569
0.000576
0.000580
0.000575
0.000569
0.000571
0.000581
0.000591
0.000591
0.000579
0.000566
0.000562
0.000573
0.000592
0.000609
0.000615
0.000615
0.000615
0.000620
0.000623
0.000620
0.000613
0.000607
0.000602
0.000596
0.000587
0.000580
0.000580
0.000591
0.000610
0.000632
0.000648
0.000656
0.000656
0.000652
0.000645
0.000637
0.000630
0.000625
0.000620
0.000611
0.000601
0.000596
0.000596
0.000598
0.000596
0.000592
0.000587
0.000584
0.000578
0.000567
0.000556
0.000551
0.000560
0.000581
0.000604
0.000621
0.000627
0.000625
0.000615
0.000597
0.000568
0.000535
0.000509
0.000501
0.000512
0.000532
0.000550
0.000562
0.000568
0.000572
0.000572
0.000567
0.000558
0.000550
0.000546
0.000545
0.000541
0.000531
0.000519
0.000506
0.000496
0.000488
0.000480
0.000476
0.000476
0.000480
0.000487
0.000496
0.000504
0.000507
0.000506
0.000503
0.000501
0.000502
0.000506
0.000515
0.000529
0.000547
0.000564
0.000578
0.000590
0.000600
0.000604
0.000598
0.000587
0.000576
0.000569
0.000563
0.000555
0.000545
0.000542
0.000551
0.000572
0.000596
0.000613
0.000619
0.000617
0.000613
0.000609
0.000605
0.000602
0.000601
0.000602
0.000606
0.000611
0.000618
0.000626
0.000629
0.000623
0.000613
0.000605
0.000604
0.000609
0.000613
0.000616
0.000620
0.000622
0.000621
0.000618
0.000623
0.000635
0.000645
0.000646
0.000642
0.000645
0.000654
0.000657
0.000646
0.000629
0.000617
0.000612
0.000607
0.000597
0.000584
0.000569
0.000550
0.000529
0.000512
0.000504
0.000505
0.000509
0.000516
0.000530
0.000552
0.000577
0.000597
0.000608
0.000612
0.000613
0.000613
0.000608
0.000599
0.000590
0.000583
0.000576
0.000570
0.000565
0.000564
0.000565
0.000570
0.000579
0.000593
0.000611
0.000627
0.000638
0.000645
0.000645
0.000637
0.000621
0.000608
0.000601
0.000598
0.000590
0.000579
0.000571
0.000571
0.000580
0.000590
0.000597
0.000599
0.000596
0.000592
0.000586
0.000578
0.000569
0.000564
0.000565
0.000570
0.000575
0.000579
0.000587
0.000599
0.000614
0.000626
0.000635
0.000643
0.000652
0.000661
0.000665
0.000662
0.000654
0.000648
0.000648
0.000651
0.000646
0.000630
0.000608
0.000590
0.000582
0.000579
0.000576
0.000576
0.000579
0.000587
0.000594
0.000597
0.000596
0.000595
0.000595
0.000598
0.000605
0.000613
0.000616
0.000613
0.000607
0.000605
0.000606
0.000603
0.000594
0.000583
0.000578
0.000583
0.000598
0.000618
0.000638
0.000653
0.000658
0.000649
0.000632
0.000613
0.000602
0.000604
0.000616
0.000632
0.000643
0.000646
0.000645
0.000645
0.000653
0.000665
0.000678
0.000691
0.000701
0.000705
0.000702
0.000693
0.000681
0.000668
0.000653
0.000637
0.000628
0.000633
0.000648
0.000667
0.000682
0.000690
0.000688
0.000675
0.000656
0.000641
0.000633
0.000628
0.000619
0.000608
0.000602
0.000604
0.000609
0.000615
0.000620
0.000622
0.000622
0.000623
0.000628
0.000635
0.000639
0.000633
0.000618
0.000600
0.000588
0.000585
0.000589
0.000594
0.000597
0.000600
0.000604
0.000608
0.000605
0.000594
0.000583
0.000577
0.000579
0.000585
0.000593
0.000604
0.000613
0.000618
0.000615
0.000608
0.000602
0.000599
0.000595
0.000587
0.000578
0.000570
0.000560
0.000544
0.000525
0.000514
0.000516
0.000525
0.000533
0.000541
0.000557
0.000582
0.000605
0.000618
0.000624
0.000629
0.000632
0.000627
0.000612
0.000595
0.000582
0.000575
0.000569
0.000565
0.000567
0.000575
0.000586
0.000599
0.000615
0.000631
0.000642
0.000644
0.000636
0.000622
0.000608
0.000595
0.000587
0.000585
0.000592
0.000604
0.000615
0.000619
0.000617
0.000613
0.000609
0.000608
0.000606
0.000607
0.000614
0.000627
0.000638
0.000640
0.000632
0.000624
0.000623
0.000625
0.000625
0.000617
0.000600
0.000580
0.000563
0.000560
0.000572
0.000590
0.000602
0.000600
0.000587
0.000569
0.000549
0.000529
0.000516
0.000514
0.000527
0.000550
0.000575
0.000595
0.000608
0.000616
0.000621
0.000621
0.000617
0.000611
0.000609
0.000608
0.000604
0.000598
0.000597
0.000606
0.000618
0.000621
0.000617
0.000611
0.000608
0.000603
0.000596
0.000590
0.000589
0.000595
0.000606
0.000622
0.000634
0.000637
0.000631
0.000622
0.000617
0.000615
0.000611
0.000603
0.000598
0.000599
0.000606
0.000612
0.000616
0.000614
0.000606
0.000592
0.000578
0.000569
0.000571
0.000582
0.000595
0.000603
0.000605
0.000611
0.000621
0.000632
0.000637
0.000633
0.000624
0.000609
0.000589
0.000569
0.000559
0.000561
0.000569
0.000579
0.000591
0.000606
0.000615
0.000608
0.000588
0.000571
0.000568
0.000575
0.000582
0.000585
0.000583
0.000581
0.000581
0.000582
0.000583
0.000585
0.000588
0.000590
0.000590
0.000588
0.000587
0.000590
0.000597
0.000608
0.000616
0.000614
0.000600
0.000584
0.000577
0.000581
0.000590
0.000596
0.000598
0.000597
0.000592
0.000582
0.000570
0.000559
0.000550
0.000544
0.000544
0.000553
0.000565
0.000570
0.000566
0.000562
0.000564
0.000567
0.000566
0.000561
0.000563
0.000569
0.000573
0.000568
0.000561
0.000558
0.000563
0.000570
0.000572
0.000567
0.000559
0.000556
0.000566
0.000587
0.000611
0.000628
0.000636
0.000642
0.000648
0.000655
0.000660
0.000659
0.000655
0.000650
0.000648
0.000646
0.000639
0.000623
0.000599
0.000572
0.000552
0.000542
0.000544
0.000553
0.000565
0.000571
0.000568
0.000558
0.000550
0.000547
0.000545
0.000538
0.000530
0.000529
0.000539
0.000553
0.000562
0.000565
0.000564
0.000563
0.000563
0.000567
0.000575
0.000582
0.000585
0.000581
0.000573
0.000558
0.000540
0.000522
0.000510
0.000506
0.000510
0.000520
0.000533
0.000546
0.000554
0.000554
0.000549
0.000543
0.000540
0.000543
0.000548
0.000549
0.000545
0.000542
0.000545
0.000551
0.000556
0.000559
0.000562
0.000564
0.000563
0.000562
0.000566
0.000573
0.000570
0.000556
0.000539
0.000531
0.000532
0.000538
0.000546
0.000559
0.000573
0.000580
0.000577
0.000571
0.000568
0.000566
0.000560
0.000548
0.000535
0.000530
0.000536
0.000550
0.000561
0.000567
0.000571
0.000575
0.000580
0.000583
0.000583
0.000581
0.000575
0.000566
0.000558
0.000553
0.000552
0.000550
0.000550
0.000553
0.000561
0.000572
0.000582
0.000592
0.000604
0.000616
0.000627
0.000636
0.000637
0.000628
0.000611
0.000591
0.000574
0.000563
0.000561
0.000566
0.000573
0.000573
0.000569
0.000566
0.000569
0.000578
0.000590
0.000602
0.000610
0.000610
0.000602
0.000591
0.000582
0.000578
0.000581
0.000588
0.000592
0.000590
0.000587
0.000589
0.000593
0.000591
0.000579
0.000563
0.000552
0.000549
0.000551
0.000556
0.000563
0.000573
0.000580
0.000579
0.000567
0.000552
0.000542
0.000543
0.000548
0.000549
0.000544
0.000540
0.000541
0.000547
0.000556
0.000568
0.000582
0.000597
0.000611
0.000630
0.000650
0.000659
0.000652
0.000635
0.000618
0.000608
0.000598
0.000584
0.000568
0.000554
0.000543
0.000535
0.000533
0.000540
0.000556
0.000573
0.000581
0.000574
0.000557
0.000543
0.000538
0.000540
0.000541
0.000538
0.000530
0.000523
0.000519
0.000524
0.000537
0.000552
0.000564
0.000569
0.000571
0.000577
0.000591
0.000612
0.000632
0.000642
0.000641
0.000636
0.000633
0.000629
0.000620
0.000607
0.000597
0.000593
0.000593
0.000593
0.000594
0.000601
0.000613
0.000629
0.000644
0.000655
0.000661
0.000664
0.000668
0.000673
0.000675
0.000671
0.000662
0.000653
0.000647
0.000645
0.000645
0.000641
0.000631
0.000618
0.000607
0.000601
0.000598
0.000601
0.000611
0.000628
0.000642
0.000646
0.000641
0.000635
0.000634
0.000635
0.000636
0.000635
0.000633
0.000625
0.000608
0.000584
0.000563
0.000554
0.000556
0.000559
0.000556
0.000551
0.000546
0.000545
0.000550
0.000561
0.000580
0.000602
0.000616
0.000619
0.000615
0.000615
0.000625
0.000644
0.000666
0.000681
0.000684
0.000679
0.000673
0.000673
0.000680
0.000690
0.000697
0.000697
0.000688
0.000673
0.000662
0.000657
0.000662
0.000675
0.000692
0.000702
0.000695
0.000670
0.000637
0.000605
0.000580
0.000565
0.000561
0.000564
0.000566
0.000564
0.000564
0.000571
0.000579
0.000579
0.000568
0.000557
0.000554
0.000559
0.000567
0.000578
0.000589
0.000599
0.000606
0.000614
0.000623
0.000627
0.000622
0.000611
0.000602
0.000596
0.000593
0.000588
0.000584
0.000581
0.000578
0.000577
0.000577
0.000581
0.000585
0.000588
0.000593
0.000606
0.000629
0.000654
0.000669
0.000671
0.000670
0.000672
0.000677
0.000681
0.000680
0.000677
0.000675
0.000675
0.000674
0.000673
0.000671
0.000672
0.000674
0.000676
0.000675
0.000666
0.000655
0.000647
0.000647
0.000654
0.000666
0.000679
0.000691
0.000700
0.000705
0.000708
0.000703
0.000686
0.000660
0.000634
0.000613
0.000596
0.000581
0.000569
0.000566
0.000572
0.000582
0.000595
0.000609
0.000623
0.000635
0.000644
0.000650
0.000654
0.000654
0.000650
0.000641
0.000630
0.000616
0.000601
0.000591
0.000586
0.000588
0.000599
0.000618
0.000637
0.000646
0.000643
0.000632
0.000621
0.000615
0.000611
0.000608
0.000604
0.000600
0.000597
0.000598
0.000602
0.000605
0.000605
0.000603
0.000601
0.000597
0.000588
0.000580
0.000578
0.000583
0.000589
0.000588
0.000579
0.000567
0.000559
0.000560
0.000570
0.000585
0.000599
0.000609
0.000614
0.000615
0.000609
0.000600
0.000594
0.000597
0.000612
0.000634
0.000650
0.000653
0.000644
0.000632
0.000625
0.000619
0.000606
0.000588
0.000578
0.000585
0.000600
0.000609
0.000610
0.000610
0.000613
0.000615
0.000611
0.000606
0.000605
0.000608
0.000610
0.000609
0.000605
0.000596
0.000579
0.000561
0.000547
0.000542
0.000540
0.000538
0.000539
0.000549
0.000566
0.000585
0.000598
0.000600
0.000592
0.000582
0.000575
0.000575
0.000581
0.000594
0.000610
0.000623
0.000631
0.000633
0.000640
0.000653
0.000668
0.000674
0.000669
0.000659
0.000653
0.000649
0.000645
0.000638
0.000629
0.000620
0.000610
0.000602
0.000601
0.000609
0.000623
0.000634
0.000637
0.000635
0.000633
0.000633
0.000634
0.000636
0.000639
0.000640
0.000635
0.000623
0.000607
0.000593
0.000580
0.000563
0.000542
0.000526
0.000524
0.000534
0.000545
0.000549
0.000552
0.000561
0.000575
0.000589
0.000601
0.000613
0.000630
0.000650
0.000664
0.000667
0.000659
0.000650
0.000647
0.000653
0.000662
0.000667
0.000666
0.000662
0.000661
0.000661
0.000659
0.000653
0.000643
0.000629
0.000613
0.000595
0.000580
0.000569
0.000564
0.000566
0.000571
0.000577
0.000581
0.000582
0.000579
0.000571
0.000563
0.000564
0.000581
0.000607
0.000627
0.000634
0.000637
0.000645
0.000658
0.000667
0.000666
0.000655
0.000638
0.000619
0.000603
0.000594
0.000592
0.000593
0.000597
0.000606
0.000619
0.000634
0.000646
0.000656
0.000662
0.000663
0.000655
0.000641
0.000627
0.000618
0.000616
0.000623
0.000635
0.000645
0.000648
0.000646
0.000645
0.000651
0.000661
0.000667
0.000665
0.000658
0.000651
0.000649
0.000651
0.000652
0.000645
0.000628
0.000608
0.000598
0.000599
0.000606
0.000611
0.000613
0.000616
0.000618
0.000615
0.000609
0.000606
0.000610
0.000615
0.000615
0.000611
0.000606
0.000604
0.000603
0.000601
0.000598
0.000599
0.000602
0.000607
0.000609
0.000610
0.000614
0.000625
0.000642
0.000655
0.000656
0.000644
0.000624
0.000608
0.000602
0.000605
0.000611
0.000615
0.000619
0.000622
0.000626
0.000631
0.000635
0.000638
0.000636
0.000627
0.000618
0.000613
0.000614
0.000618
0.000621
0.000623
0.000628
0.000635
0.000639
0.000639
0.000635
0.000632
0.000630
0.000631
0.000633
0.000634
0.000630
0.000617
0.000599
0.000581
0.000566
0.000556
0.000551
0.000555
0.000569
0.000589
0.000607
0.000616
0.000617
0.000616
0.000618
0.000621
0.000624
0.000624
0.000626
0.000631
0.000638
0.000649
0.000664
0.000681
0.000698
0.000709
0.000710
0.000696
0.000672
0.000645
0.000625
0.000613
0.000607
0.000602
0.000595
0.000585
0.000578
0.000579
0.000591
0.000606
0.000616
0.000616
0.000610
0.000604
0.000598
0.000596
0.000597
0.000601
0.000607
0.000614
0.000622
0.000627
0.000625
0.000618
0.000615
0.000621
0.000632
0.000641
0.000643
0.000634
0.000619
0.000604
0.000596
0.000596
0.000596
0.000591
0.000586
0.000583
0.000583
0.000581
0.000577
0.000575
0.000577
0.000581
0.000586
0.000593
0.000603
0.000611
0.000614
0.000615
0.000620
0.000634
0.000655
0.000671
0.000678
0.000676
0.000673
0.000672
0.000670
0.000663
0.000655
0.000650
0.000649
0.000646
0.000637
0.000623
0.000606
0.000588
0.000571
0.000559
0.000552
0.000548
0.000547
0.000545
0.000542
0.000538
0.000535
0.000537
0.000544
0.000554
0.000564
0.000571
0.000571
0.000570
0.000572
0.000583
0.000597
0.000609
0.000615
0.000616
0.000613
0.000606
0.000600
0.000598
0.000600
0.000603
0.000604
0.000603
0.000599
0.000593
0.000592
0.000598
0.000610
0.000618
0.000619
0.000614
0.000607
0.000599
0.000589
0.000579
0.000570
0.000561
0.000553
0.000551
0.000556
0.000567
0.000576
0.000581
0.000583
0.000586
0.000592
0.000600
0.000608
0.000607
0.000596
0.000581
0.000570
0.000570
0.000577
0.000591
0.000606
0.000616
0.000618
0.000614
0.000609
0.000608
0.000606
0.000601
0.000597
0.000597
0.000603
0.000606
0.000601
0.000587
0.000571
0.000556
0.000546
0.000540
0.000537
0.000539
0.000543
0.000546
0.000548
0.000553
0.000564
0.000584
0.000610
0.000638
0.000661
0.000670
0.000658
0.000633
0.000611
0.000595
0.000581
0.000561
0.000540
0.000529
0.000532
0.000545
0.000562
0.000582
0.000603
0.000620
0.000631
0.000638
0.000645
0.000654
0.000662
0.000667
0.000667
0.000662
0.000655
0.000650
0.000648
0.000647
0.000646
0.000641
0.000632
0.000620
0.000611
0.000610
0.000618
0.000628
0.000632
0.000629
0.000621
0.000613
0.000610
0.000616
0.000626
0.000631
0.000627
0.000612
0.000590
0.000567
0.000548
0.000539
0.000540
0.000546
0.000551
0.000553
0.000555
0.000558
0.000565
0.000579
0.000599
0.000619
0.000631
0.000632
0.000629
0.000626
0.000623
0.000617
0.000613
0.000617
0.000632
0.000652
0.000670
0.000677
0.000670
0.000652
0.000632
0.000619
0.000614
0.000615
0.000616
0.000615
0.000607
0.000595
0.000582
0.000577
0.000581
0.000587
0.000591
0.000593
0.000598
0.000605
0.000610
0.000613
0.000615
0.000617
0.000618
0.000616
0.000609
0.000602
0.000595
0.000588
0.000578
0.000568
0.000557
0.000548
0.000542
0.000542
0.000548
0.000558
0.000572
0.000589
0.000604
0.000612
0.000611
0.000609
0.000613
0.000625
0.000641
0.000655
0.000662
0.000660
0.000654
0.000650
0.000653
0.000657
0.000654
0.000642
0.000628
0.000620
0.000619
0.000621
0.000624
0.000630
0.000639
0.000647
0.000652
0.000651
0.000644
0.000631
0.000614
0.000597
0.000585
0.000577
0.000573
0.000575
0.000581
0.000592
0.000607
0.000625
0.000646
0.000669
0.000690
0.000707
0.000714
0.000710
0.000697
0.000681
0.000662
0.000642
0.000623
0.000611
0.000607
0.000611
0.000615
0.000617
0.000617
0.000620
0.000626
0.000633
0.000636
0.000633
0.000627
0.000620
0.000612
0.000604
0.000596
0.000588
0.000579
0.000568
0.000560
0.000564
0.000579
0.000595
0.000601
0.000593
0.000583
0.000577
0.000579
0.000583
0.000588
0.000595
0.000605
0.000614
0.000621
0.000629
0.000639
0.000652
0.000659
0.000657
0.000647
0.000635
0.000629
0.000629
0.000634
0.000642
0.000644
0.000633
0.000611
0.000588
0.000574
0.000570
0.000569
0.000570
0.000575
0.000587
0.000604
0.000625
0.000646
0.000663
0.000670
0.000667
0.000655
0.000639
0.000625
0.000615
0.000610
0.000607
0.000605
0.000607
0.000615
0.000624
0.000627
0.000624
0.000624
0.000632
0.000641
0.000645
0.000644
0.000643
0.000643
0.000639
0.000630
0.000620
0.000620
0.000632
0.000651
0.000666
0.000671
0.000666
0.000657
0.000647
0.000641
0.000635
0.000622
0.000599
0.000577
0.000569
0.000578
0.000591
0.000599
0.000604
0.000615
0.000634
0.000655
0.000670
0.000679
0.000683
0.000682
0.000675
0.000664
0.000652
0.000645
0.000646
0.000650
0.000651
0.000641
0.000627
0.000620
0.000624
0.000628
0.000622
0.000609
0.000600
0.000602
0.000610
0.000616
0.000613
0.000606
0.000602
0.000605
0.000611
0.000615
0.000611
0.000605
0.000602
0.000605
0.000612
0.000622
0.000635
0.000646
0.000651
0.000649
0.000648
0.000652
0.000660
0.000669
0.000674
0.000671
0.000659
0.000642
0.000628
0.000619
0.000611
0.000603
0.000597
0.000596
0.000602
0.000609
0.000612
0.000604
0.000591
0.000581
0.000581
0.000585
0.000582
0.000572
0.000565
0.000567
0.000574
0.000577
0.000576
0.000576
0.000578
0.000581
0.000582
0.000585
0.000592
0.000604
0.000620
0.000637
0.000649
0.000652
0.000648
0.000643
0.000643
0.000644
0.000642
0.000636
0.000628
0.000624
0.000628
0.000637
0.000645
0.000651
0.000654
0.000656
0.000659
0.000660
0.000655
0.000645
0.000627
0.000608
0.000595
0.000593
0.000600
0.000612
0.000625
0.000639
0.000649
0.000647
0.000628
0.000601
0.000578
0.000565
0.000562
0.000568
0.000581
0.000596
0.000611
0.000624
0.000636
0.000647
0.000651
0.000646
0.000632
0.000617
0.000610
0.000615
0.000625
0.000630
0.000625
0.000611
0.000598
0.000586
0.000574
0.000558
0.000541
0.000530
0.000530
0.000543
0.000564
0.000587
0.000609
0.000628
0.000643
0.000653
0.000654
0.000649
0.000644
0.000645
0.000650
0.000652
0.000644
0.000625
0.000598
0.000571
0.000553
0.000550
0.000559
0.000572
0.000579
0.000577
0.000571
0.000567
0.000569
0.000577
0.000588
0.000598
0.000607
0.000613
0.000613
0.000608
0.000604
0.000603
0.000604
0.000602
0.000594
0.000585
0.000580
0.000580
0.000579
0.000574
0.000568
0.000567
0.000571
0.000578
0.000580
0.000578
0.000577
0.000581
0.000590
0.000597
0.000598
0.000590
0.000580
0.000575
0.000583
0.000599
0.000610
0.000609
0.000599
0.000590
0.000589
0.000593
0.000594
0.000591
0.000585
0.000581
0.000583
0.000589
0.000599
0.000606
0.000609
0.000609
0.000613
0.000622
0.000633
0.000641
0.000642
0.000639
0.000636
0.000636
0.000636
0.000635
0.000634
0.000632
0.000629
0.000622
0.000613
0.000606
0.000602
0.000601
0.000599
0.000597
0.000596
0.000599
0.000608
0.000621
0.000632
0.000636
0.000633
0.000630
0.000630
0.000631
0.000626
0.000619
0.000613
0.000611
0.000609
0.000605
0.000597
0.000588
0.000579
0.000574
0.000575
0.000580
0.000580
0.000569
0.000553
0.000543
0.000544
0.000553
0.000563
0.000573
0.000580
0.000582
0.000573
0.000559
0.000551
0.000554
0.000565
0.000577
0.000588
0.000597
0.000605
0.000608
0.000604
0.000599
0.000598
0.000604
0.000612
0.000620
0.000628
0.000636
0.000642
0.000643
0.000640
0.000638
0.000638
0.000637
0.000634
0.000633
0.000641
0.000660
0.000683
0.000699
0.000701
0.000689
0.000673
0.000661
0.000657
0.000664
0.000679
0.000700
0.000715
0.000719
0.000713
0.000706
0.000702
0.000701
0.000697
0.000686
0.000673
0.000660
0.000650
0.000642
0.000635
0.000629
0.000625
0.000623
0.000625
0.000627
0.000630
0.000635
0.000643
0.000650
0.000654
0.000651
0.000643
0.000633
0.000624
0.000618
0.000613
0.000605
0.000591
0.000570
0.000546
0.000526
0.000519
0.000529
0.000548
0.000569
0.000586
0.000600
0.000609
0.000610
0.000606
0.000603
0.000604
0.000607
0.000608
0.000607
0.000602
0.000594
0.000584
0.000575
0.000567
0.000562
0.000563
0.000571
0.000585
0.000598
0.000607
0.000613
0.000620
0.000623
0.000621
0.000618
0.000615
0.000610
0.000601
0.000593
0.000596
0.000606
0.000615
0.000615
0.000610
0.000607
0.000607
0.000605
0.000601
0.000596
0.000591
0.000590
0.000595
0.000607
0.000620
0.000631
0.000641
0.000648
0.000650
0.000644
0.000634
0.000626
0.000626
0.000634
0.000643
0.000648
0.000643
0.000631
0.000618
0.000607
0.000598
0.000589
0.000587
0.000591
0.000593
0.000585
0.000571
0.000560
0.000558
0.000562
0.000569
0.000580
0.000593
0.000602
0.000604
0.000600
0.000592
0.000581
0.000573
0.000571
0.000579
0.000593
0.000607
0.000619
0.000628
0.000631
0.000632
0.000638
0.000656
0.000682
0.000701
0.000706
0.000695
0.000677
0.000657
0.000640
0.000630
0.000627
0.000626
0.000622
0.000615
0.000611
0.000618
0.000635
0.000656
0.000670
0.000670
0.000658
0.000643
0.000630
0.000617
0.000601
0.000586
0.000578
0.000577
0.000578
0.000573
0.000565
0.000555
0.000545
0.000536
0.000532
0.000537
0.000553
0.000571
0.000581
0.000581
0.000574
0.000563
0.000547
0.000530
0.000516
0.000512
0.000517
0.000525
0.000536
0.000549
0.000561
0.000569
0.000571
0.000569
0.000567
0.000562
0.000558
0.000558
0.000567
0.000582
0.000600
0.000615
0.000624
0.000622
0.000608
0.000583
0.000557
0.000539
0.000532
0.000535
0.000540
0.000542
0.000538
0.000534
0.000536
0.000544
0.000552
0.000556
0.000558
0.000564
0.000574
0.000585
0.000590
0.000586
0.000578
0.000572
0.000571
0.000576
0.000586
0.000595
0.000604
0.000611
0.000618
0.000622
0.000621
0.000613
0.000600
0.000586
0.000574
0.000565
0.000561
0.000563
0.000568
0.000569
0.000567
0.000565
0.000566
0.000568
0.000570
0.000572
0.000578
0.000586
0.000591
0.000593
0.000595
0.000601
0.000606
0.000607
0.000606
0.000605
0.000603
0.000600
0.000599
0.000604
0.000617
0.000632
0.000641
0.000642
0.000634
0.000621
0.000607
0.000595
0.000587
0.000580
0.000576
0.000579
0.000591
0.000608
0.000624
0.000631
0.000629
0.000621
0.000608
0.000591
0.000570
0.000552
0.000543
0.000544
0.000557
0.000579
0.000602
0.000617
0.000618
0.000608
0.000597
0.000594
0.000597
0.000602
0.000604
0.000606
0.000605
0.000603
0.000598
0.000594
0.000590
0.000588
0.000589
0.000590
0.000588
0.000578
0.000559
0.000543
0.000537
0.000546
0.000563
0.000582
0.000597
0.000604
0.000605
0.000601
0.000594
0.000585
0.000578
0.000578
0.000583
0.000586
0.000580
0.000565
0.000551
0.000545
0.000546
0.000551
0.000556
0.000561
0.000565
0.000569
0.000577
0.000594
0.000614
0.000631
0.000643
0.000655
0.000668
0.000676
0.000675
0.000665
0.000653
0.000637
0.000617
0.000592
0.000568
0.000549
0.000536
0.000527
0.000525
0.000534
0.000554
0.000578
0.000598
0.000607
0.000608
0.000607
0.000607
0.000604
0.000593
0.000579
0.000570
0.000571
0.000576
0.000578
0.000579
0.000583
0.000586
0.000584
0.000578
0.000577
0.000586
0.000601
0.000615
0.000621
0.000617
0.000607
0.000598
0.000597
0.000602
0.000608
0.000612
0.000619
0.000633
0.000654
0.000669
0.000670
0.000656
0.000636
0.000623
0.000620
0.000625
0.000627
0.000624
0.000617
0.000611
0.000612
0.000615
0.000617
0.000613
0.000607
0.000603
0.000602
0.000601
0.000601
0.000603
0.000608
0.000611
0.000610
0.000606
0.000603
0.000603
0.000606
0.000612
0.000620
0.000626
0.000627
0.000624
0.000623
0.000624
0.000623
0.000619
0.000613
0.000606
0.000598
0.000586
0.000571
0.000557
0.000546
0.000540
0.000542
0.000550
0.000563
0.000578
0.000593
0.000607
0.000616
0.000622
0.000629
0.000638
0.000645
0.000648
0.000645
0.000636
0.000620
0.000597
0.000576
0.000562
0.000559
0.000565
0.000576
0.000591
0.000602
0.000604
0.000601
0.000598
0.000600
0.000602
0.000600
0.000594
0.000586
0.000576
0.000565
0.000558
0.000560
0.000569
0.000583
0.000597
0.000609
0.000619
0.000624
0.000627
0.000629
0.000632
0.000634
0.000625
0.000606
0.000584
0.000570
0.000570
0.000578
0.000589
0.000597
0.000601
0.000600
0.000593
0.000584
0.000581
0.000586
0.000592
0.000594
0.000592
0.000594
0.000603
0.000618
0.000631
0.000634
0.000630
0.000625
0.000619
0.000615
0.000610
0.000605
0.000598
0.000587
0.000576
0.000572
0.000581
0.000603
0.000632
0.000658
0.000676
0.000684
0.000684
0.000676
0.000658
0.000632
0.000602
0.000576
0.000559
0.000554
0.000556
0.000561
0.000562
0.000556
0.000547
0.000546
0.000556
0.000572
0.000588
0.000600
0.000611
0.000617
0.000612
0.000596
0.000579
0.000572
0.000575
0.000577
0.000570
0.000554
0.000537
0.000527
0.000529
0.000538
0.000548
0.000554
0.000554
0.000553
0.000554
0.000559
0.000568
0.000577
0.000586
0.000597
0.000607
0.000615
0.000619
0.000618
0.000615
0.000606
0.000592
0.000578
0.000577
0.000591
0.000608
0.000616
0.000610
0.000597
0.000583
0.000573
0.000571
0.000576
0.000585
0.000590
0.000591
0.000597
0.000610
0.000622
0.000626
0.000622
0.000617
0.000616
0.000619
0.000624
0.000627
0.000628
0.000629
0.000630
0.000628
0.000622
0.000612
0.000603
0.000599
0.000601
0.000603
0.000602
0.000595
0.000585
0.000579
0.000579
0.000581
0.000579
0.000574
0.000572
0.000571
0.000566
0.000555
0.000546
0.000553
0.000576
0.000605
0.000627
0.000636
0.000638
0.000638
0.000636
0.000632
0.000628
0.000626
0.000626
0.000625
0.000622
0.000622
0.000627
0.000634
0.000639
0.000644
0.000653
0.000666
0.000680
0.000688
0.000686
0.000673
0.000654
0.000638
0.000630
0.000629
0.000631
0.000635
0.000642
0.000650
0.000657
0.000660
0.000658
0.000650
0.000639
0.000629
0.000625
0.000625
0.000624
0.000620
0.000618
0.000619
0.000619
0.000613
0.000607
0.000606
0.000612
0.000617
0.000621
0.000628
0.000639
0.000647
0.000648
0.000644
0.000641
0.000641
0.000643
0.000645
0.000644
0.000638
0.000627
0.000619
0.000617
0.000620
0.000618
0.000607
0.000593
0.000588
0.000600
0.000623
0.000647
0.000662
0.000664
0.000657
0.000645
0.000633
0.000626
0.000625
0.000628
0.000632
0.000631
0.000628
0.000628
0.000634
0.000646
0.000658
0.000667
0.000671
0.000671
0.000672
0.000674
0.000675
0.000671
0.000657
0.000635
0.000614
0.000600
0.000594
0.000592
0.000585
0.000574
0.000561
0.000552
0.000552
0.000561
0.000577
0.000594
0.000608
0.000620
0.000633
0.000644
0.000651
0.000655
0.000661
0.000670
0.000676
0.000672
0.000659
0.000645
0.000635
0.000626
0.000615
0.000599
0.000585
0.000579
0.000583
0.000593
0.000602
0.000608
0.000607
0.000602
0.000596
0.000598
0.000610
0.000627
0.000637
0.000636
0.000632
0.000636
0.000648
0.000657
0.000657
0.000649
0.000642
0.000642
0.000647
0.000650
0.000645
0.000633
0.000624
0.000623
0.000624
0.000620
0.000607
0.000593
0.000586
0.000587
0.000590
0.000593
0.000597
0.000602
0.000609
0.000615
0.000621
0.000628
0.000631
0.000629
0.000626
0.000624
0.000627
0.000632
0.000633
0.000626
0.000614
0.000605
0.000603
0.000608
0.000614
0.000617
0.000615
0.000609
0.000598
0.000584
0.000572
0.000562
0.000557
0.000557
0.000563
0.000574
0.000588
0.000601
0.000609
0.000609
0.000604
0.000594
0.000583
0.000573
0.000565
0.000560
0.000559
0.000565
0.000574
0.000583
0.000591
0.000600
0.000611
0.000619
0.000624
0.000627
0.000628
0.000621
0.000606
0.000593
0.000590
0.000596
0.000605
0.000614
0.000622
0.000628
0.000627
0.000619
0.000604
0.000590
0.000580
0.000579
0.000586
0.000595
0.000600
0.000596
0.000590
0.000584
0.000581
0.000577
0.000574
0.000573
0.000574
0.000578
0.000587
0.000598
0.000604
0.000602
0.000593
0.000583
0.000574
0.000570
0.000572
0.000579
0.000586
0.000586
0.000580
0.000576
0.000580
0.000593
0.000608
0.000617
0.000616
0.000604
0.000589
0.000580
0.000581
0.000584
0.000583
0.000578
0.000573
0.000572
0.000572
0.000571
0.000574
0.000583
0.000599
0.000617
0.000635
0.000647
0.000650
0.000644
0.000634
0.000626
0.000620
0.000614
0.000607
0.000599
0.000589
0.000577
0.000562
0.000548
0.000541
0.000547
0.000566
0.000592
0.000618
0.000640
0.000660
0.000679
0.000692
0.000693
0.000684
0.000675
0.000677
0.000688
0.000699
0.000704
0.000703
0.000698
0.000687
0.000672
0.000658
0.000653
0.000660
0.000673
0.000683
0.000685
0.000678
0.000661
0.000638
0.000617
0.000601
0.000593
0.000592
0.000596
0.000601
0.000607
0.000609
0.000608
0.000601
0.000586
0.000568
0.000552
0.000544
0.000544
0.000548
0.000550
0.000551
0.000553
0.000559
0.000570
0.000585
0.000601
0.000610
0.000610
0.000606
0.000602
0.000604
0.000607
0.000607
0.000602
0.000592
0.000584
0.000581
0.000582
0.000585
0.000587
0.000590
0.000591
0.000592
0.000589
0.000582
0.000572
0.000566
0.000564
0.000568
0.000575
0.000587
0.000601
0.000613
0.000617
0.000613
0.000608
0.000606
0.000608
0.000610
0.000608
0.000602
0.000592
0.000581
0.000574
0.000573
0.000580
0.000592
0.000605
0.000613
0.000617
0.000623
0.000633
0.000644
0.000650
0.000652
0.000657
0.000666
0.000674
0.000675
0.000670
0.000666
0.000664
0.000660
0.000652
0.000644
0.000638
0.000632
0.000625
0.000618
0.000615
0.000616
0.000619
0.000622
0.000626
0.000632
0.000638
0.000642
0.000643
0.000643
0.000643
0.000648
0.000655
0.000657
0.000649
0.000633
0.000620
0.000614
0.000617
0.000628
0.000646
0.000668
0.000685
0.000687
0.000676
0.000663
0.000659
0.000662
0.000664
0.000660
0.000651
0.000643
0.000636
0.000630
0.000623
0.000612
0.000596
0.000580
0.000567
0.000563
0.000562
0.000561
0.000557
0.000557
0.000566
0.000578
0.000584
0.000581
0.000572
0.000561
0.000549
0.000538
0.000533
0.000537
0.000547
0.000557
0.000562
0.000559
0.000551
0.000544
0.000542
0.000544
0.000552
0.000565
0.000583
0.000601
0.000613
0.000619
0.000620
0.000619
0.000615
0.000605
0.000596
0.000595
0.000604
0.000619
0.000633
0.000643
0.000655
0.000674
0.000694
0.000706
0.000700
0.000682
0.000665
0.000659
0.000656
0.000648
0.000635
0.000626
0.000626
0.000629
0.000629
0.000624
0.000618
0.000614
0.000611
0.000609
0.000609
0.000612
0.000618
0.000620
0.000613
0.000596
0.000583
0.000583
0.000595
0.000606
0.000609
0.000606
0.000607
0.000617
0.000630
0.000640
0.000643
0.000641
0.000641
0.000640
0.000631
0.000613
0.000595
0.000586
0.000588
0.000593
0.000595
0.000595
0.000595
0.000594
0.000590
0.000589
0.000596
0.000610
0.000625
0.000633
0.000629
0.000614
0.000596
0.000586
0.000588
0.000596
0.000604
0.000613
0.000621
0.000628
0.000628
0.000621
0.000614
0.000613
0.000621
0.000638
0.000658
0.000675
0.000680
0.000671
0.000651
0.000629
0.000609
0.000599
0.000600
0.000611
0.000624
0.000633
0.000636
0.000631
0.000619
0.000605
0.000593
0.000589
0.000591
0.000597
0.000603
0.000609
0.000611
0.000608
0.000606
0.000609
0.000616
0.000618
0.000610
0.000595
0.000583
0.000584
0.000595
0.000610
0.000622
0.000631
0.000638
0.000644
0.000645
0.000638
0.000626
0.000616
0.000615
0.000623
0.000632
0.000634
0.000633
0.000635
0.000644
0.000649
0.000643
0.000630
0.000622
0.000622
0.000624
0.000624
0.000622
0.000620
0.000614
0.000603
0.000593
0.000594
0.000604
0.000612
0.000611
0.000600
0.000583
0.000568
0.000566
0.000582
0.000608
0.000630
0.000638
0.000636
0.000631
0.000626
0.000622
0.000623
0.000631
0.000642
0.000645
0.000637
0.000621
0.000604
0.000590
0.000578
0.000572
0.000572
0.000578
0.000585
0.000591
0.000596
0.000602
0.000607
0.000608
0.000605
0.000602
0.000604
0.000615
0.000629
0.000638
0.000637
0.000631
0.000623
0.000615
0.000608
0.000607
0.000610
0.000615
0.000616
0.000615
0.000617
0.000624
0.000636
0.000651
0.000665
0.000666
0.000650
0.000629
0.000619
0.000622
0.000627
0.000623
0.000615
0.000604
0.000587
0.000562
0.000539
0.000531
0.000541
0.000556
0.000566
0.000567
0.000560
0.000549
0.000542
0.000544
0.000555
0.000568
0.000576
0.000580
0.000584
0.000588
0.000594
0.000603
0.000614
0.000623
0.000623
0.000616
0.000607
0.000600
0.000596
0.000592
0.000590
0.000587
0.000585
0.000586
0.000591
0.000600
0.000608
0.000614
0.000615
0.000611
0.000602
0.000592
0.000588
0.000590
0.000594
0.000596
0.000598
0.000603
0.000612
0.000624
0.000635
0.000642
0.000638
0.000630
0.000625
0.000629
0.000635
0.000635
0.000628
0.000616
0.000604
0.000590
0.000582
0.000585
0.000601
0.000622
0.000637
0.000640
0.000630
0.000609
0.000582
0.000558
0.000543
0.000533
0.000523
0.000514
0.000514
0.000525
0.000542
0.000557
0.000569
0.000583
0.000600
0.000617
0.000631
0.000641
0.000644
0.000641
0.000636
0.000634
0.000636
0.000639
0.000640
0.000639
0.000641
0.000645
0.000651
0.000657
0.000659
0.000649
0.000628
0.000607
0.000597
0.000598
0.000600
0.000598
0.000593
0.000590
0.000588
0.000585
0.000584
0.000590
0.000603
0.000615
0.000615
0.000601
0.000578
0.000556
0.000543
0.000542
0.000555
0.000575
0.000592
0.000599
0.000597
0.000594
0.000595
0.000600
0.000604
0.000605
0.000602
0.000597
0.000595
0.000599
0.000609
0.000622
0.000634
0.000639
0.000638
0.000629
0.000618
0.000610
0.000612
0.000618
0.000624
0.000631
0.000642
0.000652
0.000652
0.000636
0.000610
0.000587
0.000575
0.000576
0.000582
0.000581
0.000566
0.000540
0.000519
0.000515
0.000524
0.000536
0.000539
0.000537
0.000536
0.000543
0.000556
0.000567
0.000573
0.000578
0.000588
0.000599
0.000601
0.000589
0.000569
0.000552
0.000542
0.000539
0.000542
0.000551
0.000558
0.000559
0.000555
0.000555
0.000560
0.000566
0.000570
0.000575
0.000583
0.000592
0.000601
0.000609
0.000618
0.000626
0.000631
0.000632
0.000630
0.000621
0.000608
0.000590
0.000569
0.000546
0.000528
0.000521
0.000527
0.000537
0.000545
0.000552
0.000560
0.000568
0.000572
0.000568
0.000561
0.000554
0.000553
0.000562
0.000580
0.000601
0.000611
0.000605
0.000588
0.000566
0.000548
0.000538
0.000535
0.000539
0.000543
0.000544
0.000540
0.000537
0.000542
0.000553
0.000563
0.000569
0.000575
0.000589
0.000608
0.000621
0.000624
0.000618
0.000612
0.000607
0.000601
0.000595
0.000591
0.000588
0.000583
0.000575
0.000568
0.000568
0.000578
0.000594
0.000613
0.000631
0.000647
0.000659
0.000665
0.000666
0.000663
0.000660
0.000655
0.000646
0.000631
0.000619
0.000616
0.000621
0.000628
0.000637
0.000646
0.000654
0.000657
0.000649
0.000630
0.000605
0.000579
0.000560
0.000552
0.000556
0.000567
0.000581
0.000594
0.000602
0.000600
0.000593
0.000589
0.000593
0.000607
0.000623
0.000636
0.000637
0.000620
0.000594
0.000576
0.000580
0.000601
0.000620
0.000625
0.000619
0.000610
0.000603
0.000598
0.000594
0.000590
0.000587
0.000585
0.000589
0.000600
0.000616
0.000634
0.000649
0.000658
0.000660
0.000655
0.000650
0.000652
0.000661
0.000669
0.000674
0.000680
0.000689
0.000696
0.000691
0.000671
0.000642
0.000615
0.000598
0.000592
0.000589
0.000579
0.000564
0.000556
0.000566
0.000590
0.000611
0.000622
0.000625
0.000630
0.000636
0.000641
0.000646
0.000653
0.000659
0.000665
0.000673
0.000681
0.000686
0.000681
0.000667
0.000654
0.000646
0.000644
0.000644
0.000645
0.000646
0.000649
0.000654
0.000655
0.000644
0.000623
0.000603
0.000599
0.000609
0.000620
0.000623
0.000620
0.000622
0.000631
0.000643
0.000649
0.000645
0.000632
0.000614
0.000595
0.000581
0.000576
0.000579
0.000588
0.000596
0.000594
0.000582
0.000569
0.000565
0.000567
0.000569
0.000568
0.000570
0.000576
0.000582
0.000584
0.000582
0.000580
0.000577
0.000570
0.000562
0.000556
0.000550
0.000543
0.000538
0.000542
0.000553
0.000564
0.000567
0.000564
0.000564
0.000568
0.000572
0.000572
0.000572
0.000579
0.000595
0.000609
0.000611
0.000602
0.000597
0.000606
0.000626
0.000648
0.000666
0.000680
0.000689
0.000689
0.000682
0.000675
0.000677
0.000684
0.000689
0.000680
0.000656
0.000622
0.000590
0.000568
0.000563
0.000573
0.000590
0.000606
0.000615
0.000615
0.000616
0.000629
0.000654
0.000685
0.000706
0.000711
0.000700
0.000679
0.000658
0.000641
0.000630
0.000622
0.000616
0.000616
0.000622
0.000628
0.000630
0.000628
0.000627
0.000628
0.000628
0.000625
0.000619
0.000607
0.000585
0.000561
0.000547
0.000548
0.000556
0.000562
0.000565
0.000567
0.000573
0.000583
0.000600
0.000622
0.000639
0.000640
0.000624
0.000604
0.000593
0.000592
0.000596
0.000599
0.000600
0.000599
0.000596
0.000596
0.000600
0.000610
0.000623
0.000632
0.000629
0.000619
0.000609
0.000609
0.000616
0.000621
0.000620
0.000620
0.000625
0.000635
0.000644
0.000647
0.000644
0.000636
0.000628
0.000626
0.000631
0.000642
0.000656
0.000668
0.000674
0.000670
0.000656
0.000638
0.000622
0.000611
0.000606
0.000606
0.000606
0.000604
0.000601
0.000600
0.000604
0.000611
0.000617
0.000619
0.000619
0.000613
0.000604
0.000596
0.000596
0.000600
0.000605
0.000609
0.000616
0.000621
0.000617
0.000600
0.000576
0.000557
0.000548
0.000549
0.000555
0.000561
0.000566
0.000572
0.000582
0.000596
0.000614
0.000629
0.000638
0.000641
0.000641
0.000639
0.000636
0.000635
0.000637
0.000640
0.000642
0.000640
0.000636
0.000630
0.000621
0.000611
0.000606
0.000606
0.000609
0.000612
0.000616
0.000623
0.000633
0.000641
0.000647
0.000649
0.000647
0.000640
0.000632
0.000629
0.000634
0.000644
0.000651
0.000651
0.000648
0.000648
0.000653
0.000659
0.000661
0.000658
0.000654
0.000651
0.000649
0.000646
0.000642
0.000635
0.000628
0.000624
0.000627
0.000633
0.000635
0.000630
0.000625
0.000625
0.000628
0.000624
0.000612
0.000601
0.000602
0.000615
0.000633
0.000646
0.000651
0.000649
0.000649
0.000654
0.000661
0.000664
0.000659
0.000649
0.000637
0.000626
0.000617
0.000614
0.000616
0.000617
0.000611
0.000603
0.000601
0.000608
0.000620
0.000629
0.000637
0.000647
0.000660
0.000671
0.000680
0.000685
0.000682
0.000668
0.000644
0.000619
0.000604
0.000604
0.000614
0.000622
0.000623
0.000620
0.000617
0.000618
0.000620
0.000620
0.000621
0.000622
0.000624
0.000626
0.000627
0.000632
0.000639
0.000648
0.000658
0.000670
0.000684
0.000698
0.000705
0.000704
0.000696
0.000683
0.000670
0.000656
0.000644
0.000634
0.000627
0.000623
0.000618
0.000616
0.000619
0.000628
0.000635
0.000633
0.000623
0.000615
0.000613
0.000612
0.000602
0.000584
0.000564
0.000546
0.000533
0.000524
0.000519
0.000517
0.000518
0.000521
0.000529
0.000543
0.000559
0.000572
0.000576
0.000569
0.000557
0.000550
0.000557
0.000576
0.000598
0.000612
0.000617
0.000616
0.000613
0.000608
0.000604
0.000604
0.000613
0.000627
0.000641
0.000648
0.000648
0.000638
0.000621
0.000602
0.000591
0.000593
0.000604
0.000614
0.000618
0.000617
0.000621
0.000632
0.000645
0.000651
0.000646
0.000634
0.000623
0.000620
0.000624
0.000628
0.000626
0.000619
0.000615
0.000621
0.000636
0.000650
0.000653
0.000648
0.000642
0.000641
0.000642
0.000641
0.000635
0.000626
0.000621
0.000626
0.000640
0.000654
0.000658
0.000653
0.000642
0.000634
0.000630
0.000627
0.000622
0.000615
0.000607
0.000601
0.000601
0.000608
0.000620
0.000630
0.000638
0.000640
0.000636
0.000629
0.000624
0.000625
0.000632
0.000640
0.000648
0.000655
0.000663
0.000671
0.000679
0.000688
0.000695
0.000697
0.000693
0.000683
0.000671
0.000660
0.000652
0.000646
0.000643
0.000642
0.000644
0.000649
0.000656
0.000663
0.000664
0.000660
0.000653
0.000646
0.000637
0.000628
0.000621
0.000625
0.000642
0.000664
0.000681
0.000689
0.000690
0.000688
0.000685
0.000687
0.000693
0.000699
0.000702
0.000700
0.000699
0.000695
0.000680
0.000658
0.000643
0.000646
0.000664
0.000681
0.000689
0.000690
0.000687
0.000682
0.000677
0.000676
0.000679
0.000682
0.000683
0.000682
0.000683
0.000682
0.000675
0.000665
0.000656
0.000648
0.000639
0.000627
0.000616
0.000613
0.000617
0.000623
0.000625
0.000621
0.000617
0.000616
0.000619
0.000624
0.000627
0.000628
0.000630
0.000636
0.000646
0.000655
0.000657
0.000652
0.000646
0.000646
0.000652
0.000656
0.000658
0.000660
0.000661
0.000654
0.000637
0.000618
0.000610
0.000618
0.000633
0.000647
0.000657
0.000662
0.000660
0.000650
0.000636
0.000618
0.000599
0.000581
0.000569
0.000566
0.000565
0.000565
0.000567
0.000575
0.000587
0.000597
0.000608
0.000624
0.000644
0.000659
0.000661
0.000651
0.000640
0.000634
0.000631
0.000624
0.000612
0.000600
0.000597
0.000604
0.000613
0.000615
0.000606
0.000594
0.000590
0.000600
0.000620
0.000638
0.000648
0.000647
0.000637
0.000623
0.000606
0.000590
0.000582
0.000585
0.000599
0.000616
0.000629
0.000638
0.000646
0.000657
0.000670
0.000683
0.000697
0.000708
0.000709
0.000696
0.000675
0.000656
0.000645
0.000640
0.000637
0.000633
0.000623
0.000606
0.000590
0.000586
0.000592
0.000596
0.000594
0.000590
0.000592
0.000597
0.000595
0.000591
0.000594
0.000603
0.000607
0.000602
0.000592
0.000585
0.000577
0.000565
0.000551
0.000542
0.000539
0.000537
0.000534
0.000532
0.000531
0.000531
0.000535
0.000545
0.000555
0.000557
0.000552
0.000549
0.000553
0.000560
0.000565
0.000568
0.000574
0.000580
0.000581
0.000572
0.000557
0.000540
0.000526
0.000520
0.000524
0.000537
0.000553
0.000564
0.000570
0.000572
0.000569
0.000564
0.000556
0.000549
0.000545
0.000543
0.000540
0.000535
0.000527
0.000518
0.000512
0.000510
0.000512
0.000519
0.000531
0.000546
0.000562
0.000577
0.000590
0.000604
0.000616
0.000625
0.000631
0.000632
0.000629
0.000625
0.000621
0.000618
0.000615
0.000612
0.000608
0.000602
0.000593
0.000588
0.000595
0.000618
0.000646
0.000662
0.000662
0.000653
0.000645
0.000642
0.000642
0.000644
0.000646
0.000648
0.000647
0.000641
0.000630
0.000616
0.000605
0.000604
0.000613
0.000621
0.000620
0.000611
0.000603
0.000601
0.000608
0.000619
0.000629
0.000635
0.000633
0.000623
0.000607
0.000589
0.000573
0.000568
0.000577
0.000592
0.000600
0.000598
0.000591
0.000584
0.000578
0.000573
0.000571
0.000574
0.000576
0.000573
0.000567
0.000564
0.000568
0.000574
0.000579
0.000583
0.000587
0.000592
0.000596
0.000603
0.000612
0.000625
0.000637
0.000646
0.000652
0.000660
0.000674
0.000689
0.000696
0.000691
0.000681
0.000674
0.000671
0.000667
0.000660
0.000653
0.000647
0.000642
0.000636
0.000627
0.000612
0.000591
0.000571
0.000560
0.000560
0.000562
0.000560
0.000554
0.000547
0.000538
0.000528
0.000520
0.000518
0.000520
0.000519
0.000513
0.000506
0.000509
0.000527
0.000555
0.000584
0.000607
0.000621
0.000627
0.000624
0.000615
0.000612
0.000618
0.000629
0.000633
0.000628
0.000622
0.000626
0.000640
0.000656
0.000667
0.000672
0.000670
0.000665
0.000661
0.000664
0.000670
0.000673
0.000670
0.000666
0.000664
0.000661
0.000652
0.000636
0.000627
0.000631
0.000646
0.000656
0.000651
0.000632
0.000609
0.000593
0.000589
0.000598
0.000615
0.000635
0.000648
0.000649
0.000641
0.000629
0.000620
0.000616
0.000616
0.000618
0.000620
0.000619
0.000612
0.000595
0.000573
0.000556
0.000552
0.000557
0.000566
0.000576
0.000588
0.000602
0.000614
0.000621
0.000626
0.000633
0.000639
0.000638
0.000629
0.000618
0.000613
0.000614
0.000618
0.000619
0.000614
0.000604
0.000591
0.000576
0.000561
0.000550
0.000545
0.000544
0.000545
0.000542
0.000538
0.000537
0.000541
0.000549
0.000561
0.000578
0.000598
0.000619
0.000639
0.000659
0.000676
0.000685
0.000683
0.000676
0.000668
0.000665
0.000664
0.000662
0.000653
0.000636
0.000617
0.000603
0.000600
0.000603
0.000603
0.000596
0.000587
0.000580
0.000578
0.000578
0.000579
0.000578
0.000575
0.000570
0.000560
0.000548
0.000535
0.000524
0.000519
0.000518
0.000520
0.000523
0.000526
0.000527
0.000528
0.000533
0.000541
0.000550
0.000557
0.000560
0.000559
0.000551
0.000540
0.000532
0.000536
0.000546
0.000554
0.000557
0.000558
0.000561
0.000563
0.000562
0.000561
0.000560
0.000557
0.000548
0.000534
0.000521
0.000508
0.000497
0.000488
0.000485
0.000485
0.000488
0.000500
0.000525
0.000554
0.000571
0.000571
0.000563
0.000561
0.000568
0.000575
0.000575
0.000568
0.000562
0.000559
0.000557
0.000552
0.000542
0.000530
0.000523
0.000526
0.000539
0.000554
0.000566
0.000575
0.000584
0.000593
0.000604
0.000614
0.000621
0.000625
0.000629
0.000633
0.000638
0.000642
0.000647
0.000657
0.000668
0.000677
0.000679
0.000676
0.000672
0.000671
0.000671
0.000671
0.000666
0.000657
0.000648
0.000643
0.000640
0.000634
0.000619
0.000598
0.000577
0.000564
0.000559
0.000564
0.000575
0.000587
0.000597
0.000604
0.000608
0.000604
0.000593
0.000579
0.000571
0.000575
0.000588
0.000600
0.000608
0.000612
0.000619
0.000628
0.000630
0.000620
0.000602
0.000593
0.000599
0.000613
0.000618
0.000614
0.000609
0.000611
0.000614
0.000609
0.000597
0.000585
0.000579
0.000575
0.000571
0.000571
0.000574
0.000576
0.000577
0.000579
0.000590
0.000606
0.000616
0.000611
0.000595
0.000580
0.000576
0.000583
0.000590
0.000591
0.000584
0.000579
0.000583
0.000592
0.000594
0.000586
0.000578
0.000580
0.000594
0.000608
0.000619
0.000626
0.000633
0.000639
0.000640
0.000635
0.000626
0.000618
0.000613
0.000611
0.000605
0.000594
0.000581
0.000573
0.000571
0.000573
0.000574
0.000576
0.000581
0.000584
0.000584
0.000586
0.000597
0.000613
0.000624
0.000622
0.000606
0.000582
0.000562
0.000555
0.000564
0.000580
0.000595
0.000607
0.000620
0.000634
0.000646
0.000654
0.000663
0.000672
0.000679
0.000682
0.000681
0.000678
0.000667
0.000645
0.000616
0.000591
0.000577
0.000574
0.000581
0.000593
0.000606
0.000614
0.000616
0.000616
0.000618
0.000620
0.000619
0.000615
0.000608
0.000597
0.000587
0.000585
0.000593
0.000604
0.000609
0.000611
0.000614
0.000617
0.000617
0.000612
0.000610
0.000613
0.000618
0.000621
0.000626
0.000638
0.000655
0.000666
0.000662
0.000647
0.000630
0.000619
0.000613
0.000605
0.000595
0.000588
0.000592
0.000607
0.000625
0.000640
0.000653
0.000663
0.000665
0.000658
0.000648
0.000644
0.000653
0.000670
0.000688
0.000700
0.000706
0.000707
0.000707
0.000707
0.000708
0.000703
0.000689
0.000672
0.000661
0.000662
0.000673
0.000686
0.000695
0.000699
0.000694
0.000683
0.000668
0.000654
0.000643
0.000634
0.000624
0.000614
0.000603
0.000597
0.000596
0.000602
0.000610
0.000617
0.000624
0.000634
0.000643
0.000647
0.000642
0.000636
0.000638
0.000650
0.000671
0.000698
0.000727
0.000747
0.000750
0.000740
0.000727
0.000720
0.000717
0.000713
0.000706
0.000699
0.000691
0.000680
0.000664
0.000647
0.000633
0.000625
0.000624
0.000632
0.000649
0.000669
0.000682
0.000682
0.000666
0.000642
0.000619
0.000605
0.000601
0.000600
0.000598
0.000592
0.000587
0.000585
0.000590
0.000601
0.000616
0.000632
0.000646
0.000651
0.000644
0.000629
0.000615
0.000610
0.000614
0.000621
0.000624
0.000620
0.000618
0.000623
0.000638
0.000657
0.000677
0.000697
0.000715
0.000729
0.000730
0.000720
0.000702
0.000682
0.000663
0.000643
0.000622
0.000602
0.000582
0.000563
0.000548
0.000540
0.000538
0.000544
0.000553
0.000564
0.000574
0.000585
0.000595
0.000597
0.000586
0.000565
0.000546
0.000543
0.000559
0.000585
0.000614
0.000639
0.000657
0.000663
0.000655
0.000638
0.000622
0.000608
0.000595
0.000585
0.000584
0.000590
0.000597
0.000601
0.000601
0.000599
0.000599
0.000602
0.000612
0.000627
0.000641
0.000649
0.000650
0.000643
0.000629
0.000615
0.000611
0.000620
0.000635
0.000649
0.000664
0.000683
0.000705
0.000723
0.000734
0.000741
0.000747
0.000749
0.000746
0.000742
0.000736
0.000725
0.000708
0.000690
0.000670
0.000647
0.000622
0.000602
0.000592
0.000588
0.000584
0.000582
0.000587
0.000602
0.000624
0.000645
0.000659
0.000665
0.000662
0.000655
0.000647
0.000644
0.000649
0.000658
0.000661
0.000654
0.000642
0.000634
0.000634
0.000642
0.000654
0.000663
0.000661
0.000642
0.000615
0.000599
0.000605
0.000625
0.000644
0.000656
0.000667
0.000679
0.000690
0.000697
0.000702
0.000705
0.000705
0.000700
0.000691
0.000680
0.000666
0.000648
0.000628
0.000611
0.000605
0.000612
0.000627
0.000640
0.000645
0.000643
0.000640
0.000635
0.000625
0.000609
0.000592
0.000580
0.000576
0.000581
0.000590
0.000600
0.000607
0.000614
0.000624
0.000637
0.000651
0.000661
0.000666
0.000667
0.000668
0.000669
0.000672
0.000676
0.000674
0.000662
0.000639
0.000611
0.000590
0.000586
0.000593
0.000603
0.000609
0.000613
0.000618
0.000620
0.000615
0.000607
0.000602
0.000601
0.000596
0.000588
0.000582
0.000582
0.000583
0.000579
0.000573
0.000573
0.000582
0.000593
0.000603
0.000610
0.000611
0.000609
0.000607
0.000609
0.000616
0.000624
0.000630
0.000630
0.000627
0.000622
0.000617
0.000612
0.000609
0.000608
0.000611
0.000614
0.000619
0.000627
0.000634
0.000634
0.000621
0.000606
0.000601
0.000610
0.000624
0.000631
0.000632
0.000631
0.000631
0.000630
0.000627
0.000625
0.000624
0.000622
0.000623
0.000628
0.000636
0.000642
0.000644
0.000642
0.000640
0.000643
0.000651
0.000661
0.000665
0.000662
0.000654
0.000647
0.000636
0.000617
0.000592
0.000571
0.000559
0.000559
0.000567
0.000582
0.000600
0.000616
0.000625
0.000627
0.000623
0.000617
0.000613
0.000615
0.000626
0.000645
0.000667
0.000685
0.000692
0.000690
0.000685
0.000685
0.000688
0.000689
0.000685
0.000674
0.000653
0.000623
0.000593
0.000577
0.000578
0.000592
0.000611
0.000628
0.000638
0.000636
0.000626
0.000615
0.000609
0.000609
0.000613
0.000623
0.000638
0.000654
0.000667
0.000682
0.000700
0.000714
0.000720
0.000717
0.000711
0.000704
0.000694
0.000682
0.000675
0.000678
0.000687
0.000697
0.000702
0.000700
0.000692
0.000679
0.000665
0.000652
0.000643
0.000641
0.000647
0.000653
0.000653
0.000649
0.000650
0.000653
0.000648
0.000634
0.000621
0.000617
0.000617
0.000610
0.000598
0.000591
0.000593
0.000599
0.000603
0.000605
0.000607
0.000606
0.000599
0.000587
0.000577
0.000573
0.000578
0.000584
0.000587
0.000583
0.000574
0.000568
0.000571
0.000580
0.000593
0.000606
0.000616
0.000619
0.000613
0.000600
0.000591
0.000590
0.000594
0.000596
0.000596
0.000594
0.000590
0.000583
0.000575
0.000570
0.000567
0.000562
0.000553
0.000550
0.000564
0.000590
0.000617
0.000634
0.000642
0.000646
0.000649
0.000650
0.000647
0.000635
0.000615
0.000591
0.000573
0.000560
0.000550
0.000539
0.000533
0.000536
0.000543
0.000550
0.000557
0.000563
0.000569
0.000573
0.000579
0.000592
0.000609
0.000620
0.000618
0.000606
0.000591
0.000583
0.000579
0.000578
0.000576
0.000576
0.000584
0.000600
0.000621
0.000641
0.000657
0.000670
0.000678
0.000678
0.000671
0.000658
0.000642
0.000628
0.000621
0.000623
0.000634
0.000651
0.000670
0.000690
0.000707
0.000717
0.000712
0.000690
0.000662
0.000641
0.000634
0.000636
0.000637
0.000633
0.000629
0.000626
0.000622
0.000617
0.000614
0.000619
0.000625
0.000624
0.000613
0.000597
0.000585
0.000580
0.000583
0.000592
0.000603
0.000610
0.000614
0.000617
0.000620
0.000623
0.000626
0.000633
0.000644
0.000650
0.000644
0.000630
0.000614
0.000602
0.000596
0.000596
0.000602
0.000613
0.000622
0.000623
0.000618
0.000613
0.000613
0.000620
0.000630
0.000635
0.000631
0.000622
0.000618
0.000622
0.000632
0.000639
0.000638
0.000630
0.000622
0.000615
0.000609
0.000605
0.000603
0.000603
0.000605
0.000609
0.000614
0.000616
0.000615
0.000611
0.000609
0.000613
0.000623
0.000635
0.000646
0.000653
0.000655
0.000656
0.000661
0.000672
0.000684
0.000690
0.000687
0.000684
0.000688
0.000699
0.000711
0.000717
0.000718
0.000714
0.000705
0.000690
0.000672
0.000654
0.000640
0.000634
0.000632
0.000630
0.000620
0.000604
0.000586
0.000575
0.000576
0.000589
0.000610
0.000629
0.000640
0.000643
0.000645
0.000652
0.000662
0.000668
0.000665
0.000654
0.000641
0.000631
0.000625
0.000623
0.000627
0.000634
0.000644
0.000652
0.000656
0.000659
0.000663
0.000665
0.000664
0.000659
0.000652
0.000645
0.000637
0.000629
0.000627
0.000632
0.000641
0.000648
0.000651
0.000650
0.000645
0.000638
0.000636
0.000638
0.000636
0.000623
0.000601
0.000580
0.000565
0.000556
0.000554
0.000562
0.000576
0.000587
0.000593
0.000599
0.000609
0.000619
0.000627
0.000637
0.000650
0.000658
0.000655
0.000641
0.000627
0.000615
0.000603
0.000594
0.000592
0.000598
0.000608
0.000618
0.000627
0.000634
0.000632
0.000619
0.000599
0.000579
0.000561
0.000546
0.000537
0.000538
0.000547
0.000559
0.000569
0.000575
0.000579
0.000586
0.000599
0.000615
0.000628
0.000636
0.000643
0.000653
0.000658
0.000657
0.000649
0.000640
0.000628
0.000608
0.000585
0.000575
0.000583
0.000603
0.000622
0.000635
0.000641
0.000642
0.000634
0.000619
0.000604
0.000595
0.000596
0.000604
0.000615
0.000624
0.000631
0.000635
0.000634
0.000629
0.000623
0.000620
0.000623
0.000630
0.000637
0.000644
0.000653
0.000665
0.000676
0.000681
0.000676
0.000663
0.000648
0.000638
0.000634
0.000635
0.000635
0.000635
0.000637
0.000643
0.000650
0.000650
0.000645
0.000642
0.000643
0.000643
0.000638
0.000633
0.000636
0.000646
0.000657
0.000662
0.000665
0.000670
0.000678
0.000686
0.000692
0.000697
0.000702
0.000706
0.000711
0.000716
0.000718
0.000715
0.000709
0.000706
0.000709
0.000710
0.000707
0.000700
0.000693
0.000689
0.000688
0.000688
0.000683
0.000669
0.000647
0.000626
0.000612
0.000607
0.000605
0.000606
0.000611
0.000619
0.000626
0.000627
0.000621
0.000612
0.000605
0.000603
0.000604
0.000604
0.000606
0.000613
0.000625
0.000637
0.000647
0.000658
0.000675
0.000692
0.000700
0.000698
0.000685
0.000666
0.000642
0.000619
0.000605
0.000606
0.000617
0.000628
0.000633
0.000631
0.000627
0.000624
0.000627
0.000635
0.000641
0.000639
0.000629
0.000617
0.000613
0.000618
0.000622
0.000620
0.000614
0.000610
0.000610
0.000610
0.000604
0.000595
0.000589
0.000590
0.000599
0.000615
0.000633
0.000649
0.000662
0.000673
0.000680
0.000681
0.000679
0.000677
0.000674
0.000664
0.000646
0.000625
0.000607
0.000596
0.000588
0.000584
0.000588
0.000601
0.000620
0.000638
0.000648
0.000647
0.000638
0.000623
0.000604
0.000585
0.000574
0.000578
0.000591
0.000604
0.000611
0.000618
0.000633
0.000648
0.000649
0.000633
0.000612
0.000600
0.000601
0.000610
0.000620
0.000623
0.000617
0.000602
0.000588
0.000582
0.000586
0.000594
0.000601
0.000604
0.000602
0.000592
0.000579
0.000570
0.000575
0.000594
0.000615
0.000627
0.000627
0.000620
0.000613
0.000607
0.000603
0.000605
0.000615
0.000627
0.000631
0.000625
0.000617
0.000610
0.000607
0.000607
0.000608
0.000605
0.000594
0.000578
0.000567
0.000566
0.000570
0.000572
0.000572
0.000578
0.000587
0.000592
0.000587
0.000577
0.000568
0.000562
0.000563
0.000572
0.000587
0.000599
0.000605
0.000606
0.000605
0.000602
0.000595
0.000585
0.000578
0.000576
0.000574
0.000567
0.000557
0.000553
0.000561
0.000576
0.000590
0.000597
0.000595
0.000590
0.000586
0.000586
0.000591
0.000602
0.000612
0.000617
0.000615
0.000610
0.000607
0.000606
0.000603
0.000599
0.000596
0.000600
0.000609
0.000614
0.000610
0.000598
0.000588
0.000585
0.000584
0.000577
0.000563
0.000548
0.000540
0.000542
0.000552
0.000562
0.000564
0.000560
0.000561
0.000578
0.000605
0.000628
0.000635
0.000629
0.000620
0.000614
0.000610
0.000605
0.000598
0.000590
0.000584
0.000585
0.000597
0.000618
0.000640
0.000658
0.000666
0.000663
0.000652
0.000637
0.000626
0.000623
0.000628
0.000634
0.000634
0.000630
0.000629
0.000637
0.000653
0.000664
0.000665
0.000658
0.000648
0.000639
0.000633
0.000631
0.000634
0.000638
0.000639
0.000640
0.000644
0.000650
0.000655
0.000656
0.000654
0.000650
0.000642
0.000634
0.000630
0.000631
0.000631
0.000630
0.000633
0.000643
0.000654
0.000653
0.000638
0.000614
0.000592
0.000576
0.000566
0.000561
0.000564
0.000571
0.000583
0.000595
0.000602
0.000604
0.000604
0.000606
0.000610
0.000614
0.000616
0.000617
0.000622
0.000631
0.000641
0.000648
0.000648
0.000642
0.000636
0.000635
0.000639
0.000641
0.000634
0.000619
0.000602
0.000590
0.000583
0.000577
0.000573
0.000570
0.000570
0.000575
0.000584
0.000595
0.000602
0.000605
0.000608
0.000617
0.000628
0.000632
0.000626
0.000618
0.000617
0.000623
0.000632
0.000641
0.000648
0.000654
0.000661
0.000668
0.000676
0.000683
0.000688
0.000689
0.000686
0.000680
0.000672
0.000664
0.000654
0.000640
0.000623
0.000609
0.000604
0.000608
0.000615
0.000622
0.000626
0.000629
0.000627
0.000622
0.000616
0.000608
0.000600
0.000594
0.000590
0.000589
0.000588
0.000585
0.000582
0.000583
0.000589
0.000598
0.000608
0.000617
0.000623
0.000626
0.000622
0.000611
0.000599
0.000596
0.000607
0.000623
0.000632
0.000629
0.000618
0.000609
0.000605
0.000604
0.000602
0.000597
0.000588
0.000582
0.000585
0.000600
0.000616
0.000621
0.000617
0.000617
0.000627
0.000640
0.000645
0.000642
0.000644
0.000654
0.000667
0.000673
0.000669
0.000660
0.000650
0.000638
0.000624
0.000608
0.000592
0.000577
0.000570
0.000576
0.000591
0.000606
0.000618
0.000631
0.000645
0.000653
0.000651
0.000647
0.000650
0.000660
0.000664
0.000660
0.000654
0.000656
0.000663
0.000667
0.000660
0.000644
0.000630
0.000627
0.000637
0.000649
0.000655
0.000651
0.000646
0.000646
0.000652
0.000657
0.000661
0.000665
0.000668
0.000671
0.000673
0.000672
0.000667
0.000659
0.000648
0.000638
0.000629
0.000621
0.000615
0.000610
0.000607
0.000605
0.000603
0.000601
0.000598
0.000597
0.000601
0.000610
0.000620
0.000629
0.000633
0.000632
0.000627
0.000622
0.000621
0.000626
0.000630
0.000627
0.000621
0.000617
0.000620
0.000624
0.000625
0.000628
0.000636
0.000648
0.000658
0.000660
0.000652
0.000638
0.000623
0.000613
0.000609
0.000608
0.000608
0.000611
0.000617
0.000623
0.000628
0.000632
0.000641
0.000655
0.000668
0.000675
0.000673
0.000664
0.000650
0.000634
0.000622
0.000614
0.000608
0.000603
0.000601
0.000603
0.000608
0.000608
0.000602
0.000591
0.000582
0.000576
0.000571
0.000572
0.000581
0.000598
0.000612
0.000616
0.000612
0.000608
0.000606
0.000604
0.000599
0.000592
0.000586
0.000584
0.000586
0.000589
0.000588
0.000584
0.000583
0.000590
0.000597
0.000596
0.000584
0.000568
0.000556
0.000553
0.000556
0.000560
0.000561
0.000559
0.000563
0.000578
0.000598
0.000609
0.000602
0.000584
0.000571
0.000566
0.000565
0.000563
0.000561
0.000560
0.000558
0.000552
0.000543
0.000531
0.000519
0.000506
0.000496
0.000490
0.000492
0.000500
0.000507
0.000508
0.000507
0.000514
0.000537
0.000573
0.000612
0.000642
0.000658
0.000661
0.000654
0.000641
0.000622
0.000600
0.000578
0.000560
0.000550
0.000544
0.000542
0.000545
0.000552
0.000564
0.000575
0.000587
0.000601
0.000613
0.000622
0.000628
0.000632
0.000636
0.000635
0.000632
0.000630
0.000635
0.000644
0.000653
0.000656
0.000656
0.000651
0.000642
0.000629
0.000616
0.000605
0.000600
0.000597
0.000591
0.000583
0.000576
0.000574
0.000577
0.000584
0.000595
0.000609
0.000623
0.000630
0.000631
0.000632
0.000636
0.000639
0.000635
0.000627
0.000624
0.000629
0.000640
0.000652
0.000664
0.000675
0.000683
0.000689
0.000693
0.000695
0.000695
0.000691
0.000688
0.000684
0.000675
0.000664
0.000660
0.000667
0.000682
0.000692
0.000688
0.000672
0.000653
0.000636
0.000624
0.000614
0.000606
0.000601
0.000600
0.000604
0.000613
0.000625
0.000638
0.000648
0.000651
0.000649
0.000649
0.000657
0.000671
0.000677
0.000671
0.000659
0.000650
0.000648
0.000653
0.000664
0.000679
0.000690
0.000689
0.000676
0.000664
0.000662
0.000665
0.000663
0.000652
0.000641
0.000638
0.000643
0.000648
0.000651
0.000649
0.000644
0.000635
0.000625
0.000618
0.000617
0.000617
0.000614
0.000610
0.000609
0.000614
0.000623
0.000631
0.000634
0.000633
0.000634
0.000636
0.000636
0.000634
0.000633
0.000635
0.000643
0.000652
0.000663
0.000671
0.000670
0.000659
0.000649
0.000649
0.000658
0.000663
0.000655
0.000643
0.000639
0.000647
0.000655
0.000655
0.000647
0.000638
0.000637
0.000646
0.000660
0.000670
0.000666
0.000650
0.000632
0.000618
0.000613
0.000617
0.000626
0.000632
0.000633
0.000636
0.000646
0.000659
0.000663
0.000652
0.000635
0.000624
0.000624
0.000628
0.000629
0.000627
0.000630
0.000642
0.000661
0.000683
0.000699
0.000706
0.000704
0.000697
0.000689
0.000681
0.000673
0.000665
0.000658
0.000651
0.000641
0.000632
0.000623
0.000616
0.000608
0.000603
0.000603
0.000611
0.000618
0.000618
0.000610
0.000602
0.000600
0.000603
0.000609
0.000613
0.000616
0.000618
0.000623
0.000632
0.000643
0.000656
0.000669
0.000680
0.000687
0.000688
0.000687
0.000689
0.000693
0.000693
0.000682
0.000663
0.000647
0.000637
0.000626
0.000610
0.000590
0.000572
0.000563
0.000564
0.000575
0.000594
0.000613
0.000627
0.000634
0.000641
0.000647
0.000650
0.000644
0.000628
0.000611
0.000602
0.000606
0.000616
0.000627
0.000634
0.000631
0.000615
0.000588
0.000563
0.000550
0.000550
0.000554
0.000559
0.000568
0.000577
0.000580
0.000576
0.000572
0.000574
0.000578
0.000577
0.000573
0.000568
0.000565
0.000562
0.000560
0.000562
0.000567
0.000572
0.000578
0.000591
0.000607
0.000618
0.000617
0.000606
0.000590
0.000572
0.000556
0.000551
0.000559
0.000568
0.000568
0.000565
0.000568
0.000581
0.000598
0.000609
0.000615
0.000616
0.000618
0.000624
0.000636
0.000649
0.000659
0.000666
0.000674
0.000680
0.000680
0.000672
0.000663
0.000661
0.000664
0.000665
0.000660
0.000654
0.000649
0.000644
0.000636
0.000626
0.000617
0.000611
0.000608
0.000604
0.000596
0.000583
0.000574
0.000572
0.000580
0.000595
0.000613
0.000630
0.000644
0.000653
0.000654
0.000650
0.000647
0.000648
0.000653
0.000657
0.000652
0.000640
0.000624
0.000610
0.000598
0.000585
0.000571
0.000561
0.000558
0.000562
0.000572
0.000585
0.000601
0.000616
0.000630
0.000638
0.000640
0.000638
0.000634
0.000631
0.000630
0.000632
0.000636
0.000647
0.000664
0.000681
0.000689
0.000685
0.000673
0.000661
0.000655
0.000657
0.000663
0.000668
0.000664
0.000655
0.000647
0.000643
0.000641
0.000634
0.000622
0.000616
0.000622
0.000634
0.000641
0.000637
0.000625
0.000619
0.000621
0.000629
0.000633
0.000628
0.000613
0.000593
0.000576
0.000564
0.000558
0.000554
0.000555
0.000563
0.000581
0.000606
0.000633
0.000652
0.000655
0.000644
0.000626
0.000612
0.000606
0.000607
0.000610
0.000615
0.000624
0.000636
0.000645
0.000644
0.000636
0.000629
0.000628
0.000630
0.000630
0.000627
0.000624
0.000618
0.000608
0.000597
0.000589
0.000590
0.000597
0.000604
0.000606
0.000604
0.000600
0.000598
0.000599
0.000604
0.000609
0.000609
0.000605
0.000603
0.000607
0.000613
0.000615
0.000614
0.000615
0.000622
0.000630
0.000633
0.000630
0.000626
0.000623
0.000622
0.000623
0.000629
0.000638
0.000643
0.000639
0.000629
0.000624
0.000628
0.000638
0.000651
0.000665
0.000682
0.000699
0.000710
0.000712
0.000705
0.000688
0.000669
0.000655
0.000649
0.000647
0.000644
0.000639
0.000636
0.000637
0.000639
0.000642
0.000646
0.000649
0.000654
0.000662
0.000674
0.000686
0.000689
0.000683
0.000670
0.000653
0.000634
0.000615
0.000604
0.000600
0.000599
0.000598
0.000602
0.000611
0.000624
0.000637
0.000651
0.000667
0.000682
0.000686
0.000676
0.000654
0.000633
0.000621
0.000622
0.000630
0.000636
0.000639
0.000641
0.000645
0.000646
0.000643
0.000639
0.000641
0.000646
0.000648
0.000647
0.000649
0.000656
0.000662
0.000661
0.000654
0.000649
0.000647
0.000649
0.000653
0.000660
0.000670
0.000677
0.000677
0.000666
0.000651
0.000639
0.000632
0.000622
0.000604
0.000582
0.000567
0.000566
0.000574
0.000585
0.000597
0.000607
0.000615
0.000619
0.000620
0.000621
0.000626
0.000639
0.000656
0.000668
0.000670
0.000662
0.000651
0.000643
0.000640
0.000644
0.000657
0.000679
0.000698
0.000706
0.000702
0.000693
0.000688
0.000688
0.000689
0.000687
0.000680
0.000671
0.000660
0.000647
0.000636
0.000630
0.000634
0.000646
0.000658
0.000667
0.000669
0.000669
0.000670
0.000672
0.000674
0.000674
0.000671
0.000667
0.000665
0.000663
0.000661
0.000661
0.000661
0.000662
0.000662
0.000662
0.000661
0.000655
0.000641
0.000621
0.000602
0.000589
0.000578
0.000565
0.000552
0.000543
0.000543
0.000551
0.000562
0.000573
0.000583
0.000592
0.000596
0.000593
0.000587
0.000581
0.000575
0.000566
0.000556
0.000553
0.000562
0.000577
0.000587
0.000588
0.000585
0.000584
0.000589
0.000599
0.000612
0.000623
0.000627
0.000625
0.000620
0.000618
0.000620
0.000624
0.000629
0.000633
0.000634
0.000633
0.000632
0.000633
0.000632
0.000624
0.000611
0.000596
0.000582
0.000576
0.000580
0.000593
0.000610
0.000622
0.000629
0.000629
0.000621
0.000606
0.000593
0.000592
0.000603
0.000614
0.000616
0.000608
0.000599
0.000595
0.000599
0.000607
0.000617
0.000627
0.000643
0.000667
0.000693
0.000708
0.000704
0.000687
0.000669
0.000654
0.000638
0.000622
0.000614
0.000620
0.000633
0.000641
0.000641
0.000642
0.000651
0.000663
0.000671
0.000669
0.000658
0.000641
0.000622
0.000607
0.000602
0.000608
0.000618
0.000624
0.000624
0.000624
0.000631
0.000643
0.000656
0.000668
0.000675
0.000678
0.000673
0.000664
0.000653
0.000646
0.000643
0.000642
0.000640
0.000636
0.000630
0.000622
0.000614
0.000606
0.000599
0.000591
0.000585
0.000583
0.000583
0.000583
0.000580
0.000577
0.000573
0.000567
0.000562
0.000563
0.000578
0.000598
0.000612
0.000612
0.000605
0.000600
0.000603
0.000612
0.000625
0.000635
0.000638
0.000633
0.000625
0.000623
0.000627
0.000631
0.000627
0.000612
0.000594
0.000580
0.000579
0.000591
0.000609
0.000629
0.000648
0.000663
0.000670
0.000667
0.000657
0.000643
0.000629
0.000618
0.000611
0.000611
0.000615
0.000617
0.000616
0.000609
0.000599
0.000589
0.000587
0.000597
0.000616
0.000636
0.000648
0.000652
0.000648
0.000640
0.000632
0.000628
0.000628
0.000628
0.000625
0.000620
0.000615
0.000608
0.000600
0.000595
0.000593
0.000595
0.000597
0.000599
0.000602
0.000605
0.000605
0.000604
0.000602
0.000601
0.000603
0.000604
0.000605
0.000607
0.000610
0.000609
0.000599
0.000586
0.000580
0.000588
0.000599
0.000604
0.000604
0.000604
0.000607
0.000607
0.000603
0.000595
0.000586
0.000575
0.000563
0.000559
0.000568
0.000583
0.000592
0.000589
0.000578
0.000571
0.000571
0.000577
0.000586
0.000596
0.000605
0.000614
0.000622
0.000630
0.000635
0.000636
0.000635
0.000632
0.000629
0.000625
0.000620
0.000615
0.000613
0.000613
0.000617
0.000618
0.000616
0.000615
0.000620
0.000631
0.000643
0.000646
0.000640
0.000629
0.000618
0.000610
0.000609
0.000618
0.000630
0.000638
0.000637
0.000629
0.000617
0.000605
0.000598
0.000601
0.000611
0.000624
0.000637
0.000649
0.000660
0.000666
0.000668
0.000668
0.000670
0.000671
0.000668
0.000665
0.000665
0.000667
0.000661
0.000645
0.000623
0.000606
0.000594
0.000586
0.000578
0.000575
0.000579
0.000588
0.000598
0.000603
0.000604
0.000604
0.000613
0.000632
0.000653
0.000665
0.000663
0.000652
0.000640
0.000632
0.000629
0.000631
0.000636
0.000643
0.000650
0.000658
0.000663
0.000661
0.000650
0.000634
0.000620
0.000607
0.000591
0.000569
0.000544
0.000521
0.000504
0.000495
0.000493
0.000500
0.000512
0.000529
0.000548
0.000568
0.000584
0.000596
0.000605
0.000612
0.000614
0.000610
0.000601
0.000589
0.000580
0.000574
0.000573
0.000579
0.000590
0.000601
0.000610
0.000616
0.000620
0.000622
0.000623
0.000623
0.000628
0.000639
0.000651
0.000657
0.000658
0.000659
0.000664
0.000664
0.000656
0.000640
0.000623
0.000608
0.000596
0.000587
0.000584
0.000581
0.000574
0.000564
0.000557
0.000557
0.000563
0.000570
0.000577
0.000586
0.000594
0.000598
0.000597
0.000590
0.000576
0.000556
0.000537
0.000528
0.000526
0.000527
0.000528
0.000531
0.000535
0.000535
0.000531
0.000526
0.000527
0.000535
0.000549
0.000567
0.000586
0.000604
0.000620
0.000630
0.000634
0.000632
0.000631
0.000635
0.000647
0.000663
0.000676
0.000681
0.000677
0.000664
0.000649
0.000636
0.000622
0.000604
0.000587
0.000576
0.000575
0.000581
0.000592
0.000608
0.000628
0.000645
0.000653
0.000656
0.000658
0.000660
0.000656
0.000650
0.000648
0.000650
0.000652
0.000650
0.000649
0.000649
0.000644
0.000630
0.000613
0.000605
0.000610
0.000624
0.000639
0.000650
0.000652
0.000646
0.000636
0.000627
0.000619
0.000605
0.000585
0.000565
0.000556
0.000558
0.000563
0.000563
0.000562
0.000561
0.000563
0.000565
0.000569
0.000578
0.000591
0.000608
0.000628
0.000648
0.000658
0.000653
0.000634
0.000615
0.000607
0.000608
0.000616
0.000626
0.000639
0.000650
0.000652
0.000643
0.000629
0.000618
0.000615
0.000618
0.000624
0.000629
0.000629
0.000624
0.000616
0.000607
0.000600
0.000595
0.000593
0.000594
0.000594
0.000593
0.000590
0.000591
0.000596
0.000602
0.000601
0.000593
0.000582
0.000578
0.000584
0.000592
0.000598
0.000601
0.000605
0.000611
0.000613
0.000610
0.000606
0.000606
0.000613
0.000623
0.000629
0.000629
0.000620
0.000605
0.000593
0.000589
0.000593
0.000602
0.000613
0.000620
0.000624
0.000622
0.000617
0.000611
0.000604
0.000597
0.000590
0.000588
0.000593
0.000601
0.000608
0.000614
0.000615
0.000611
0.000604
0.000602
0.000609
0.000620
0.000624
0.000620
0.000613
0.000609
0.000607
0.000604
0.000602
0.000604
0.000610
0.000614
0.000610
0.000601
0.000591
0.000583
0.000578
0.000574
0.000572
0.000574
0.000579
0.000586
0.000593
0.000598
0.000601
0.000600
0.000594
0.000580
0.000563
0.000549
0.000545
0.000555
0.000571
0.000585
0.000594
0.000601
0.000613
0.000629
0.000644
0.000652
0.000651
0.000647
0.000643
0.000638
0.000633
0.000630
0.000635
0.000642
0.000644
0.000633
0.000612
0.000589
0.000570
0.000559
0.000559
0.000572
0.000595
0.000617
0.000629
0.000631
0.000625
0.000617
0.000610
0.000605
0.000601
0.000596
0.000589
0.000582
0.000580
0.000583
0.000590
0.000601
0.000614
0.000627
0.000635
0.000640
0.000650
0.000665
0.000680
0.000684
0.000680
0.000675
0.000678
0.000688
0.000701
0.000709
0.000710
0.000704
0.000693
0.000680
0.000666
0.000653
0.000644
0.000639
0.000638
0.000640
0.000643
0.000643
0.000636
0.000624
0.000610
0.000597
0.000584
0.000574
0.000570
0.000571
0.000576
0.000585
0.000604
0.000631
0.000653
0.000659
0.000649
0.000634
0.000624
0.000618
0.000615
0.000616
0.000624
0.000639
0.000657
0.000672
0.000676
0.000666
0.000650
0.000636
0.000628
0.000625
0.000627
0.000632
0.000642
0.000654
0.000664
0.000672
0.000675
0.000668
0.000648
0.000621
0.000599
0.000594
0.000608
0.000630
0.000649
0.000657
0.000657
0.000657
0.000659
0.000664
0.000674
0.000685
0.000693
0.000693
0.000686
0.000679
0.000672
0.000663
0.000652
0.000645
0.000645
0.000649
0.000649
0.000643
0.000634
0.000622
0.000611
0.000610
0.000622
0.000643
0.000663
0.000674
0.000672
0.000660
0.000643
0.000628
0.000619
0.000612
0.000604
0.000600
0.000604
0.000612
0.000617
0.000615
0.000612
0.000612
0.000613
0.000610
0.000602
0.000595
0.000595
0.000603
0.000616
0.000629
0.000637
0.000643
0.000649
0.000651
0.000647
0.000638
0.000628
0.000621
0.000613
0.000606
0.000604
0.000607
0.000614
0.000620
0.000629
0.000638
0.000641
0.000632
0.000616
0.000604
0.000604
0.000610
0.000616
0.000621
0.000628
0.000638
0.000648
0.000657
0.000665
0.000671
0.000673
0.000669
0.000659
0.000644
0.000625
0.000606
0.000591
0.000581
0.000577
0.000578
0.000582
0.000587
0.000592
0.000597
0.000605
0.000616
0.000628
0.000637
0.000641
0.000641
0.000637
0.000631
0.000625
0.000618
0.000612
0.000607
0.000605
0.000609
0.000619
0.000628
0.000633
0.000631
0.000624
0.000611
0.000589
0.000561
0.000538
0.000528
0.000527
0.000529
0.000526
0.000518
0.000510
0.000504
0.000500
0.000496
0.000491
0.000486
0.000485
0.000489
0.000498
0.000509
0.000518
0.000529
0.000542
0.000557
0.000568
0.000575
0.000578
0.000577
0.000572
0.000563
0.000556
0.000561
0.000574
0.000589
0.000599
0.000603
0.000604
0.000602
0.000596
0.000591
0.000589
0.000591
0.000591
0.000586
0.000580
0.000575
0.000573
0.000571
0.000570
0.000572
0.000577
0.000583
0.000590
0.000600
0.000615
0.000634
0.000649
0.000653
0.000646
0.000635
0.000624
0.000609
0.000585
0.000554
0.000527
0.000513
0.000506
0.000500
0.000495
0.000498
0.000514
0.000541
0.000566
0.000579
0.000574
0.000563
0.000556
0.000557
0.000557
0.000553
0.000550
0.000554
0.000566
0.000578
0.000592
0.000611
0.000633
0.000645
0.000643
0.000632
0.000625
0.000628
0.000638
0.000646
0.000641
0.000621
0.000597
0.000585
0.000588
0.000599
0.000606
0.000605
0.000598
0.000590
0.000580
0.000571
0.000565
0.000560
0.000554
0.000548
0.000549
0.000559
0.000574
0.000589
0.000596
0.000594
0.000582
0.000566
0.000554
0.000548
0.000547
0.000549
0.000555
0.000566
0.000581
0.000594
0.000602
0.000606
0.000607
0.000606
0.000605
0.000603
0.000604
0.000610
0.000619
0.000625
0.000621
0.000609
0.000599
0.000594
0.000592
0.000587
0.000580
0.000574
0.000567
0.000557
0.000549
0.000549
0.000556
0.000565
0.000574
0.000589
0.000610
0.000631
0.000643
0.000645
0.000645
0.000646
0.000650
0.000657
0.000667
0.000678
0.000689
0.000695
0.000695
0.000690
0.000685
0.000689
0.000702
0.000718
0.000728
0.000729
0.000725
0.000717
0.000703
0.000684
0.000668
0.000663
0.000668
0.000673
0.000669
0.000650
0.000627
0.000611
0.000610
0.000617
0.000625
0.000628
0.000627
0.000623
0.000616
0.000610
0.000607
0.000608
0.000607
0.000604
0.000605
0.000617
0.000635
0.000652
0.000665
0.000672
0.000674
0.000666
0.000653
0.000639
0.000628
0.000615
0.000601
0.000591
0.000586
0.000587
0.000591
0.000596
0.000598
0.000592
0.000583
0.000580
0.000586
0.000595
0.000602
0.000606
0.000612
0.000620
0.000628
0.000634
0.000640
0.000645
0.000648
0.000648
0.000648
0.000646
0.000642
0.000640
0.000644
0.000652
0.000654
0.000646
0.000634
0.000625
0.000620
0.000617
0.000614
0.000610
0.000602
0.000591
0.000581
0.000576
0.000575
0.000572
0.000563
0.000554
0.000550
0.000555
0.000561
0.000563
0.000557
0.000549
0.000547
0.000555
0.000573
0.000593
0.000608
0.000619
0.000628
0.000637
0.000644
0.000645
0.000643
0.000640
0.000637
0.000631
0.000619
0.000607
0.000602
0.000606
0.000615
0.000622
0.000626
0.000624
0.000620
0.000617
0.000615
0.000613
0.000609
0.000605
0.000605
0.000606
0.000606
0.000604
0.000608
0.000615
0.000617
0.000609
0.000593
0.000582
0.000583
0.000595
0.000606
0.000609
0.000604
0.000599
0.000598
0.000600
0.000602
0.000602
0.000602
0.000606
0.000609
0.000604
0.000589
0.000573
0.000565
0.000570
0.000585
0.000603
0.000616
0.000620
0.000611
0.000595
0.000581
0.000579
0.000589
0.000604
0.000614
0.000621
0.000627
0.000633
0.000634
0.000631
0.000630
0.000633
0.000634
0.000627
0.000614
0.000603
0.000599
0.000597
0.000596
0.000597
0.000603
0.000610
0.000616
0.000619
0.000623
0.000627
0.000632
0.000636
0.000640
0.000643
0.000643
0.000642
0.000643
0.000645
0.000640
0.000626
0.000608
0.000593
0.000586
0.000586
0.000588
0.000591
0.000596
0.000603
0.000606
0.000601
0.000588
0.000579
0.000581
0.000596
0.000615
0.000629
0.000635
0.000634
0.000629
0.000623
0.000623
0.000629
0.000637
0.000640
0.000635
0.000626
0.000616
0.000604
0.000592
0.000582
0.000581
0.000590
0.000604
0.000618
0.000627
0.000631
0.000634
0.000639
0.000648
0.000657
0.000662
0.000661
0.000658
0.000660
0.000665
0.000669
0.000666
0.000658
0.000652
0.000651
0.000653
0.000653
0.000649
0.000644
0.000639
0.000633
0.000620
0.000601
0.000578
0.000561
0.000552
0.000550
0.000549
0.000551
0.000557
0.000571
0.000589
0.000604
0.000611
0.000611
0.000607
0.000604
0.000608
0.000618
0.000628
0.000631
0.000628
0.000625
0.000626
0.000630
0.000628
0.000619
0.000612
0.000612
0.000619
0.000626
0.000627
0.000622
0.000615
0.000611
0.000610
0.000609
0.000607
0.000603
0.000597
0.000588
0.000580
0.000575
0.000576
0.000583
0.000594
0.000607
0.000621
0.000633
0.000640
0.000643
0.000642
0.000641
0.000638
0.000634
0.000631
0.000632
0.000635
0.000636
0.000633
0.000628
0.000622
0.000616
0.000607
0.000598
0.000593
0.000592
0.000592
0.000590
0.000588
0.000588
0.000587
0.000579
0.000565
0.000550
0.000544
0.000551
0.000562
0.000570
0.000570
0.000566
0.000562
0.000559
0.000556
0.000556
0.000561
0.000570
0.000576
0.000576
0.000574
0.000577
0.000585
0.000597
0.000609
0.000624
0.000640
0.000653
0.000658
0.000657
0.000657
0.000658
0.000664
0.000674
0.000688
0.000701
0.000705
0.000703
0.000703
0.000708
0.000713
0.000711
0.000703
0.000694
0.000687
0.000684
0.000684
0.000688
0.000690
0.000687
0.000679
0.000668
0.000658
0.000650
0.000644
0.000643
0.000647
0.000650
0.000650
0.000647
0.000645
0.000644
0.000643
0.000639
0.000634
0.000628
0.000623
0.000618
0.000613
0.000610
0.000612
0.000616
0.000619
0.000618
0.000614
0.000609
0.000607
0.000610
0.000614
0.000619
0.000624
0.000629
0.000636
0.000643
0.000652
0.000661
0.000666
0.000660
0.000640
0.000613
0.000592
0.000583
0.000584
0.000590
0.000599
0.000610
0.000619
0.000624
0.000627
0.000631
0.000640
0.000649
0.000654
0.000654
0.000650
0.000645
0.000641
0.000638
0.000634
0.000627
0.000618
0.000611
0.000610
0.000615
0.000622
0.000624
0.000620
0.000612
0.000604
0.000599
0.000595
0.000586
0.000570
0.000553
0.000547
0.000553
0.000566
0.000578
0.000588
0.000597
0.000607
0.000617
0.000629
0.000639
0.000647
0.000649
0.000650
0.000652
0.000650
0.000641
0.000629
0.000621
0.000625
0.000638
0.000655
0.000670
0.000680
0.000680
0.000668
0.000650
0.000630
0.000613
0.000597
0.000584
0.000577
0.000579
0.000589
0.000605
0.000623
0.000634
0.000633
0.000624
0.000615
0.000610
0.000611
0.000621
0.000639
0.000659
0.000670
0.000667
0.000655
0.000644
0.000635
0.000627
0.000624
0.000629
0.000640
0.000648
0.000647
0.000639
0.000630
0.000621
0.000611
0.000602
0.000597
0.000601
0.000610
0.000620
0.000625
0.000627
0.000628
0.000627
0.000624
0.000619
0.000618
0.000623
0.000632
0.000635
0.000635
0.000637
0.000643
0.000647
0.000643
0.000634
0.000629
0.000632
0.000637
0.000643
0.000649
0.000658
0.000667
0.000669
0.000664
0.000652
0.000640
0.000631
0.000630
0.000636
0.000644
0.000651
0.000653
0.000651
0.000648
0.000647
0.000650
0.000652
0.000651
0.000648
0.000647
0.000652
0.000658
0.000656
0.000645
0.000627
0.000609
0.000595
0.000588
0.000589
0.000592
0.000594
0.000592
0.000585
0.000577
0.000573
0.000577
0.000589
0.000605
0.000619
0.000626
0.000628
0.000629
0.000633
0.000643
0.000658
0.000674
0.000687
0.000697
0.000708
0.000722
0.000733
0.000741
0.000743
0.000737
0.000718
0.000689
0.000660
0.000642
0.000634
0.000630
0.000630
0.000636
0.000646
0.000649
0.000638
0.000619
0.000605
0.000600
0.000601
0.000601
0.000601
0.000604
0.000609
0.000612
0.000609
0.000603
0.000600
0.000607
0.000622
0.000636
0.000639
0.000631
0.000616
0.000601
0.000590
0.000588
0.000596
0.000609
0.000619
0.000623
0.000624
0.000625
0.000632
0.000644
0.000659
0.000672
0.000677
0.000671
0.000656
0.000636
0.000619
0.000613
0.000622
0.000638
0.000648
0.000649
0.000647
0.000642
0.000632
0.000617
0.000611
0.000622
0.000645
0.000664
0.000671
0.000670
0.000670
0.000672
0.000676
0.000678
0.000675
0.000666
0.000654
0.000646
0.000647
0.000649
0.000644
0.000629
0.000613
0.000606
0.000611
0.000621
0.000629
0.000633
0.000636
0.000640
0.000643
0.000643
0.000640
0.000640
0.000647
0.000662
0.000677
0.000687
0.000690
0.000689
0.000685
0.000675
0.000659
0.000645
0.000640
0.000642
0.000643
0.000638
0.000637
0.000645
0.000659
0.000669
0.000671
0.000665
0.000656
0.000645
0.000638
0.000636
0.000636
0.000634
0.000635
0.000642
0.000652
0.000656
0.000651
0.000644
0.000639
0.000637
0.000633
0.000625
0.000615
0.000607
0.000602
0.000601
0.000598
0.000594
0.000592
0.000597
0.000607
0.000611
0.000604
0.000592
0.000584
0.000587
0.000599
0.000614
0.000623
0.000621
0.000613
0.000606
0.000603
0.000598
0.000592
0.000587
0.000587
0.000587
0.000587
0.000587
0.000591
0.000595
0.000594
0.000590
0.000587
0.000582
0.000574
0.000565
0.000560
0.000558
0.000552
0.000542
0.000536
0.000538
0.000541
0.000538
0.000535
0.000542
0.000561
0.000583
0.000594
0.000592
0.000582
0.000575
0.000577
0.000582
0.000585
0.000584
0.000584
0.000584
0.000583
0.000579
0.000576
0.000573
0.000569
0.000566
0.000565
0.000571
0.000582
0.000595
0.000607
0.000615
0.000622
0.000628
0.000635
0.000638
0.000634
0.000625
0.000620
0.000624
0.000635
0.000646
0.000651
0.000651
0.000652
0.000658
0.000667
0.000672
0.000668
0.000655
0.000642
0.000633
0.000631
0.000631
0.000630
0.000628
0.000623
0.000616
0.000611
0.000611
0.000616
0.000623
0.000625
0.000616
0.000598
0.000574
0.000552
0.000540
0.000539
0.000548
0.000565
0.000585
0.000607
0.000629
0.000652
0.000672
0.000682
0.000679
0.000663
0.000640
0.000619
0.000608
0.000607
0.000611
0.000613
0.000611
0.000608
0.000604
0.000598
0.000593
0.000592
0.000595
0.000599
0.000599
0.000603
0.000617
0.000639
0.000662
0.000674
0.000673
0.000659
0.000638
0.000618
0.000605
0.000602
0.000605
0.000611
0.000623
0.000640
0.000655
0.000658
0.000648
0.000638
0.000636
0.000642
0.000649
0.000651
0.000646
0.000634
0.000613
0.000584
0.000555
0.000533
0.000523
0.000527
0.000543
0.000566
0.000587
0.000600
0.000608
0.000619
0.000637
0.000656
0.000668
0.000669
0.000663
0.000652
0.000642
0.000638
0.000643
0.000653
0.000661
0.000661
0.000653
0.000642
0.000632
0.000625
0.000620
0.000618
0.000620
0.000625
0.000632
0.000634
0.000626
0.000611
0.000594
0.000583
0.000582
0.000588
0.000597
0.000602
0.000600
0.000595
0.000593
0.000599
0.000610
0.000622
0.000631
0.000635
0.000634
0.000630
0.000623
0.000616
0.000611
0.000608
0.000609
0.000611
0.000613
0.000613
0.000610
0.000604
0.000596
0.000592
0.000595
0.000603
0.000606
0.000603
0.000596
0.000592
0.000591
0.000591
0.000589
0.000586
0.000586
0.000587
0.000593
0.000604
0.000622
0.000643
0.000662
0.000674
0.000680
0.000679
0.000674
0.000665
0.000654
0.000645
0.000639
0.000638
0.000639
0.000641
0.000643
0.000642
0.000633
0.000618
0.000608
0.000609
0.000621
0.000638
0.000652
0.000659
0.000653
0.000636
0.000616
0.000604
0.000606
0.000618
0.000629
0.000635
0.000637
0.000638
0.000635
0.000624
0.000609
0.000600
0.000606
0.000622
0.000635
0.000635
0.000625
0.000616
0.000613
0.000614
0.000615
0.000619
0.000626
0.000636
0.000647
0.000654
0.000656
0.000648
0.000635
0.000624
0.000623
0.000630
0.000641
0.000651
0.000663
0.000680
0.000697
0.000707
0.000706
0.000695
0.000684
0.000678
0.000677
0.000676
0.000671
0.000664
0.000660
0.000661
0.000663
0.000662
0.000658
0.000652
0.000641
0.000621
0.000594
0.000572
0.000562
0.000563
0.000568
0.000573
0.000579
0.000585
0.000587
0.000582
0.000575
0.000572
0.000577
0.000587
0.000601
0.000617
0.000630
0.000635
0.000631
0.000620
0.000605
0.000590
0.000578
0.000572
0.000577
0.000591
0.000607
0.000623
0.000636
0.000648
0.000659
0.000667
0.000671
0.000669
0.000659
0.000642
0.000620
0.000599
0.000582
0.000570
0.000566
0.000570
0.000577
0.000581
0.000583
0.000587
0.000596
0.000611
0.000628
0.000643
0.000648
0.000642
0.000627
0.000611
0.000600
0.000593
0.000590
0.000588
0.000586
0.000586
0.000587
0.000593
0.000607
0.000621
0.000628
0.000624
0.000615
0.000608
0.000606
0.000604
0.000601
0.000600
0.000604
0.000613
0.000622
0.000628
0.000630
0.000630
0.000633
0.000637
0.000641
0.000642
0.000639
0.000633
0.000624
0.000613
0.000600
0.000583
0.000568
0.000562
0.000572
0.000594
0.000616
0.000632
0.000641
0.000644
0.000640
0.000627
0.000610
0.000597
0.000594
0.000597
0.000597
0.000590
0.000571
0.000545
0.000520
0.000502
0.000492
0.000489
0.000492
0.000502
0.000518
0.000535
0.000548
0.000556
0.000563
0.000574
0.000589
0.000605
0.000616
0.000625
0.000635
0.000646
0.000654
0.000654
0.000646
0.000635
0.000625
0.000618
0.000615
0.000617
0.000620
0.000618
0.000611
0.000605
0.000604
0.000610
0.000622
0.000638
0.000652
0.000661
0.000664
0.000667
0.000672
0.000673
0.000668
0.000658
0.000645
0.000633
0.000622
0.000614
0.000609
0.000603
0.000595
0.000587
0.000584
0.000588
0.000596
0.000604
0.000609
0.000616
0.000626
0.000641
0.000657
0.000669
0.000677
0.000679
0.000676
0.000671
0.000673
0.000682
0.000692
0.000696
0.000690
0.000682
0.000676
0.000673
0.000669
0.000660
0.000645
0.000628
0.000611
0.000601
0.000601
0.000611
0.000628
0.000647
0.000663
0.000672
0.000677
0.000683
0.000687
0.000683
0.000668
0.000650
0.000638
0.000631
0.000625
0.000618
0.000616
0.000619
0.000623
0.000624
0.000621
0.000614
0.000604
0.000589
0.000572
0.000555
0.000547
0.000550
0.000563
0.000577
0.000588
0.000600
0.000614
0.000628
0.000637
0.000644
0.000652
0.000660
0.000666
0.000673
0.000684
0.000691
0.000690
0.000682
0.000676
0.000674
0.000671
0.000664
0.000659
0.000660
0.000663
0.000665
0.000665
0.000664
0.000664
0.000664
0.000665
0.000666
0.000665
0.000664
0.000668
0.000674
0.000674
0.000659
0.000639
0.000626
0.000628
0.000640
0.000654
0.000661
0.000655
0.000637
0.000612
0.000591
0.000576
0.000563
0.000555
0.000558
0.000574
0.000600
0.000629
0.000656
0.000676
0.000686
0.000690
0.000688
0.000681
0.000667
0.000648
0.000631
0.000617
0.000605
0.000594
0.000591
0.000597
0.000604
0.000605
0.000597
0.000585
0.000576
0.000573
0.000578
0.000587
0.000596
0.000601
0.000602
0.000601
0.000599
0.000600
0.000608
0.000625
0.000649
0.000674
0.000699
0.000717
0.000722
0.000713
0.000692
0.000668
0.000651
0.000642
0.000642
0.000645
0.000646
0.000640
0.000630
0.000619
0.000612
0.000607
0.000602
0.000595
0.000584
0.000573
0.000565
0.000565
0.000571
0.000578
0.000575
0.000563
0.000546
0.000535
0.000538
0.000550
0.000560
0.000556
0.000544
0.000537
0.000544
0.000559
0.000570
0.000573
0.000568
0.000559
0.000547
0.000535
0.000530
0.000539
0.000560
0.000582
0.000594
0.000594
0.000590
0.000591
0.000598
0.000603
0.000601
0.000593
0.000587
0.000586
0.000588
0.000591
0.000596
0.000606
0.000619
0.000627
0.000627
0.000617
0.000603
0.000589
0.000581
0.000583
0.000595
0.000614
0.000634
0.000649
0.000661
0.000670
0.000674
0.000674
0.000670
0.000666
0.000660
0.000649
0.000635
0.000621
0.000614
0.000613
0.000612
0.000607
0.000598
0.000589
0.000585
0.000586
0.000591
0.000599
0.000604
0.000602
0.000592
0.000582
0.000575
0.000573
0.000571
0.000564
0.000556
0.000552
0.000553
0.000558
0.000560
0.000559
0.000562
0.000571
0.000585
0.000598
0.000603
0.000604
0.000606
0.000616
0.000630
0.000644
0.000651
0.000656
0.000665
0.000680
0.000694
0.000699
0.000696
0.000690
0.000682
0.000668
0.000649
0.000636
0.000637
0.000645
0.000645
0.000631
0.000614
0.000605
0.000602
0.000597
0.000588
0.000580
0.000577
0.000577
0.000575
0.000570
0.000562
0.000552
0.000546
0.000548
0.000557
0.000565
0.000564
0.000556
0.000548
0.000547
0.000554
0.000567
0.000582
0.000594
0.000601
0.000602
0.000603
0.000608
0.000617
0.000629
0.000643
0.000656
0.000664
0.000663
0.000657
0.000651
0.000652
0.000657
0.000662
0.000666
0.000673
0.000681
0.000687
0.000687
0.000680
0.000667
0.000650
0.000632
0.000617
0.000608
0.000604
0.000601
0.000595
0.000588
0.000581
0.000579
0.000583
0.000591
0.000598
0.000599
0.000595
0.000591
0.000591
0.000592
0.000593
0.000594
0.000600
0.000610
0.000622
0.000630
0.000629
0.000618
0.000606
0.000601
0.000605
0.000612
0.000619
0.000624
0.000625
0.000619
0.000606
0.000594
0.000594
0.000608
0.000627
0.000639
0.000638
0.000627
0.000613
0.000602
0.000597
0.000599
0.000607
0.000619
0.000634
0.000645
0.000648
0.000643
0.000638
0.000634
0.000627
0.000611
0.000589
0.000571
0.000565
0.000565
0.000563
0.000561
0.000565
0.000575
0.000589
0.000602
0.000616
0.000634
0.000654
0.000668
0.000671
0.000664
0.000655
0.000654
0.000664
0.000680
0.000693
0.000704
0.000716
0.000730
0.000741
0.000741
0.000729
0.000708
0.000684
0.000664
0.000650
0.000645
0.000644
0.000645
0.000648
0.000652
0.000652
0.000642
0.000624
0.000607
0.000599
0.000601
0.000605
0.000609
0.000614
0.000621
0.000626
0.000628
0.000627
0.000621
0.000609
0.000596
0.000590
0.000597
0.000611
0.000623
0.000631
0.000636
0.000638
0.000637
0.000633
0.000631
0.000634
0.000642
0.000651
0.000652
0.000645
0.000636
0.000634
0.000644
0.000661
0.000676
0.000682
0.000682
0.000678
0.000670
0.000657
0.000642
0.000628
0.000619
0.000614
0.000611
0.000607
0.000600
0.000591
0.000589
0.000600
0.000616
0.000629
0.000637
0.000644
0.000652
0.000656
0.000651
0.000641
0.000632
0.000627
0.000626
0.000625
0.000626
0.000627
0.000623
0.000615
0.000610
0.000610
0.000608
0.000599
0.000584
0.000575
0.000579
0.000593
0.000608
0.000616
0.000620
0.000624
0.000632
0.000644
0.000655
0.000663
0.000665
0.000665
0.000663
0.000659
0.000652
0.000640
0.000627
0.000614
0.000598
0.000583
0.000573
0.000574
0.000583
0.000593
0.000599
0.000601
0.000601
0.000597
0.000590
0.000581
0.000577
0.000584
0.000598
0.000609
0.000610
0.000599
0.000586
0.000580
0.000584
0.000596
0.000609
0.000618
0.000622
0.000621
0.000619
0.000620
0.000625
0.000626
0.000618
0.000606
0.000597
0.000595
0.000597
0.000598
0.000600
0.000606
0.000611
0.000611
0.000609
0.000610
0.000613
0.000611
0.000599
0.000584
0.000574
0.000572
0.000574
0.000579
0.000590
0.000606
0.000619
0.000621
0.000614
0.000603
0.000590
0.000574
0.000558
0.000546
0.000544
0.000550
0.000559
0.000567
0.000570
0.000568
0.000563
0.000559
0.000559
0.000563
0.000572
0.000583
0.000591
0.000594
0.000595
0.000599
0.000604
0.000607
0.000607
0.000605
0.000603
0.000600
0.000599
0.000602
0.000610
0.000617
0.000621
0.000627
0.000638
0.000651
0.000655
0.000650
0.000638
0.000625
0.000614
0.000606
0.000601
0.000598
0.000597
0.000600
0.000604
0.000605
0.000602
0.000598
0.000597
0.000597
0.000589
0.000575
0.000565
0.000564
0.000567
0.000572
0.000578
0.000584
0.000584
0.000581
0.000582
0.000592
0.000605
0.000612
0.000611
0.000607
0.000604
0.000600
0.000594
0.000588
0.000586
0.000586
0.000586
0.000589
0.000597
0.000610
0.000626
0.000638
0.000639
0.000632
0.000623
0.000621
0.000628
0.000640
0.000657
0.000674
0.000686
0.000684
0.000669
0.000652
0.000646
0.000652
0.000666
0.000681
0.000691
0.000693
0.000687
0.000677
0.000669
0.000662
0.000654
0.000642
0.000626
0.000607
0.000585
0.000568
0.000562
0.000566
0.000574
0.000581
0.000584
0.000585
0.000583
0.000579
0.000572
0.000565
0.000560
0.000558
0.000556
0.000552
0.000552
0.000562
0.000582
0.000599
0.000604
0.000596
0.000585
0.000579
0.000580
0.000580
0.000575
0.000569
0.000566
0.000570
0.000577
0.000581
0.000583
0.000589
0.000601
0.000616
0.000625
0.000626
0.000617
0.000603
0.000588
0.000574
0.000562
0.000551
0.000541
0.000542
0.000559
0.000587
0.000617
0.000639
0.000651
0.000656
0.000658
0.000663
0.000673
0.000686
0.000695
0.000701
0.000702
0.000693
0.000673
0.000649
0.000636
0.000635
0.000635
0.000626
0.000614
0.000605
0.000599
0.000595
0.000594
0.000601
0.000614
0.000625
0.000630
0.000634
0.000639
0.000641
0.000638
0.000630
0.000624
0.000624
0.000629
0.000636
0.000641
0.000642
0.000643
0.000645
0.000647
0.000647
0.000649
0.000651
0.000649
0.000639
0.000623
0.000608
0.000601
0.000599
0.000604
0.000615
0.000631
0.000647
0.000657
0.000660
0.000657
0.000648
0.000638
0.000627
0.000615
0.000607
0.000609
0.000625
0.000647
0.000662
0.000665
0.000664
0.000669
0.000678
0.000684
0.000683
0.000675
0.000664
0.000654
0.000648
0.000646
0.000647
0.000648
0.000647
0.000643
0.000633
0.000618
0.000602
0.000592
0.000589
0.000593
0.000598
0.000601
0.000603
0.000606
0.000612
0.000617
0.000618
0.000618
0.000624
0.000639
0.000654
0.000661
0.000658
0.000653
0.000652
0.000658
0.000670
0.000687
0.000703
0.000712
0.000715
0.000713
0.000709
0.000700
0.000685
0.000668
0.000653
0.000639
0.000625
0.000609
0.000593
0.000583
0.000579
0.000578
0.000576
0.000572
0.000569
0.000571
0.000575
0.000581
0.000587
0.000596
0.000604
0.000611
0.000617
0.000624
0.000632
0.000636
0.000637
0.000636
0.000639
0.000646
0.000652
0.000653
0.000648
0.000642
0.000641
0.000645
0.000648
0.000645
0.000636
0.000627
0.000617
0.000609
0.000603
0.000601
0.000602
0.000602
0.000599
0.000598
0.000601
0.000604
0.000608
0.000619
0.000636
0.000650
0.000650
0.000636
0.000621
0.000613
0.000614
0.000618
0.000623
0.000629
0.000635
0.000639
0.000640
0.000638
0.000636
0.000637
0.000642
0.000648
0.000651
0.000649
0.000645
0.000641
0.000640
0.000644
0.000649
0.000649
0.000643
0.000638
0.000641
0.000648
0.000646
0.000630
0.000611
0.000602
0.000606
0.000613
0.000617
0.000618
0.000623
0.000635
0.000650
0.000660
0.000655
0.000638
0.000620
0.000612
0.000616
0.000626
0.000638
0.000652
0.000663
0.000665
0.000657
0.000648
0.000646
0.000652
0.000665
0.000679
0.000692
0.000699
0.000701
0.000699
0.000695
0.000687
0.000673
0.000657
0.000648
0.000648
0.000649
0.000642
0.000628
0.000613
0.000604
0.000606
0.000619
0.000638
0.000650
0.000652
0.000651
0.000655
0.000666
0.000674
0.000675
0.000673
0.000674
0.000678
0.000679
0.000674
0.000664
0.000654
0.000647
0.000638
0.000623
0.000605
0.000589
0.000583
0.000584
0.000582
0.000576
0.000567
0.000565
0.000573
0.000589
0.000605
0.000615
0.000619
0.000621
0.000625
0.000630
0.000635
0.000637
0.000637
0.000634
0.000631
0.000629
0.000632
0.000637
0.000643
0.000646
0.000645
0.000637
0.000620
0.000598
0.000579
0.000566
0.000557
0.000551
0.000550
0.000556
0.000569
0.000581
0.000590
0.000596
0.000604
0.000610
0.000609
0.000599
0.000583
0.000570
0.000563
0.000566
0.000580
0.000601
0.000626
0.000647
0.000661
0.000664
0.000659
0.000649
0.000638
0.000626
0.000615
0.000606
0.000601
0.000603
0.000608
0.000616
0.000626
0.000635
0.000639
0.000632
0.000617
0.000603
0.000598
0.000602
0.000605
0.000604
0.000600
0.000596
0.000598
0.000605
0.000616
0.000627
0.000634
0.000636
0.000632
0.000622
0.000611
0.000609
0.000619
0.000634
0.000642
0.000644
0.000646
0.000651
0.000652
0.000639
0.000618
0.000598
0.000587
0.000586
0.000595
0.000612
0.000631
0.000645
0.000659
0.000678
0.000699
0.000712
0.000709
0.000697
0.000684
0.000670
0.000652
0.000635
0.000624
0.000623
0.000633
0.000649
0.000666
0.000680
0.000686
0.000684
0.000675
0.000665
0.000662
0.000671
0.000689
0.000701
0.000695
0.000679
0.000666
0.000664
0.000665
0.000664
0.000659
0.000653
0.000644
0.000632
0.000617
0.000606
0.000603
0.000604
0.000604
0.000603
0.000603
0.000609
0.000621
0.000635
0.000645
0.000651
0.000653
0.000651
0.000645
0.000641
0.000643
0.000649
0.000652
0.000647
0.000637
0.000628
0.000620
0.000610
0.000599
0.000589
0.000578
0.000566
0.000551
0.000541
0.000537
0.000543
0.000555
0.000570
0.000583
0.000595
0.000608
0.000619
0.000624
0.000622
0.000624
0.000635
0.000648
0.000651
0.000639
0.000620
0.000604
0.000597
0.000599
0.000606
0.000616
0.000623
0.000625
0.000624
0.000619
0.000605
0.000586
0.000574
0.000576
0.000587
0.000595
0.000598
0.000604
0.000617
0.000630
0.000638
0.000637
0.000631
0.000622
0.000613
0.000609
0.000612
0.000617
0.000616
0.000611
0.000607
0.000611
0.000623
0.000634
0.000640
0.000638
0.000631
0.000627
0.000629
0.000635
0.000641
0.000642
0.000635
0.000619
0.000595
0.000572
0.000557
0.000555
0.000566
0.000584
0.000605
0.000620
0.000626
0.000627
0.000626
0.000623
0.000617
0.000612
0.000617
0.000633
0.000652
0.000662
0.000662
0.000656
0.000646
0.000634
0.000623
0.000615
0.000611
0.000609
0.000608
0.000608
0.000606
0.000601
0.000596
0.000596
0.000601
0.000609
0.000617
0.000628
0.000640
0.000647
0.000645
0.000636
0.000630
0.000633
0.000645
0.000662
0.000679
0.000687
0.000686
0.000675
0.000661
0.000652
0.000655
0.000668
0.000685
0.000695
0.000693
0.000686
0.000682
0.000682
0.000682
0.000679
0.000676
0.000677
0.000684
0.000692
0.000695
0.000689
0.000677
0.000666
0.000661
0.000663
0.000666
0.000664
0.000658
0.000654
0.000653
0.000655
0.000655
0.000651
0.000646
0.000644
0.000647
0.000653
0.000660
0.000664
0.000666
0.000664
0.000657
0.000649
0.000641
0.000638
0.000639
0.000642
0.000640
0.000630
0.000617
0.000608
0.000607
0.000611
0.000615
0.000618
0.000625
0.000636
0.000647
0.000652
0.000651
0.000646
0.000637
0.000631
0.000629
0.000625
0.000612
0.000593
0.000577
0.000573
0.000574
0.000570
0.000561
0.000556
0.000557
0.000558
0.000555
0.000548
0.000541
0.000541
0.000549
0.000558
0.000561
0.000555
0.000543
0.000534
0.000527
0.000520
0.000513
0.000515
0.000528
0.000544
0.000555
0.000561
0.000565
0.000567
0.000569
0.000576
0.000591
0.000610
0.000625
0.000630
0.000627
0.000619
0.000611
0.000605
0.000603
0.000605
0.000609
0.000618
0.000630
0.000640
0.000641
0.000635
0.000627
0.000621
0.000618
0.000614
0.000613
0.000617
0.000623
0.000626
0.000625
0.000621
0.000622
0.000627
0.000635
0.000642
0.000645
0.000644
0.000634
0.000616
0.000597
0.000586
0.000584
0.000585
0.000582
0.000580
0.000586
0.000595
0.000601
0.000605
0.000612
0.000622
0.000631
0.000637
0.000643
0.000652
0.000662
0.000668
0.000672
0.000676
0.000679
0.000679
0.000680
0.000683
0.000684
0.000680
0.000667
0.000649
0.000631
0.000617
0.000610
0.000606
0.000603
0.000599
0.000600
0.000606
0.000610
0.000605
0.000594
0.000585
0.000585
0.000592
0.000600
0.000609
0.000620
0.000632
0.000646
0.000657
0.000661
0.000654
0.000641
0.000634
0.000639
0.000652
0.000663
0.000667
0.000664
0.000657
0.000648
0.000640
0.000633
0.000628
0.000622
0.000617
0.000615
0.000617
0.000621
0.000625
0.000626
0.000626
0.000628
0.000635
0.000645
0.000656
0.000664
0.000667
0.000664
0.000657
0.000651
0.000648
0.000648
0.000646
0.000646
0.000652
0.000666
0.000680
0.000686
0.000683
0.000678
0.000675
0.000671
0.000663
0.000654
0.000644
0.000637
0.000631
0.000625
0.000617
0.000607
0.000595
0.000581
0.000564
0.000548
0.000542
0.000552
0.000572
0.000589
0.000596
0.000594
0.000588
0.000582
0.000576
0.000574
0.000577
0.000584
0.000592
0.000598
0.000601
0.000600
0.000598
0.000601
0.000611
0.000628
0.000645
0.000656
0.000658
0.000653
0.000645
0.000641
0.000644
0.000655
0.000666
0.000674
0.000674
0.000666
0.000655
0.000647
0.000645
0.000644
0.000638
0.000627
0.000615
0.000606
0.000603
0.000602
0.000604
0.000609
0.000617
0.000628
0.000638
0.000643
0.000643
0.000640
0.000640
0.000641
0.000642
0.000640
0.000638
0.000638
0.000641
0.000645
0.000650
0.000657
0.000662
0.000662
0.000660
0.000658
0.000657
0.000654
0.000646
0.000635
0.000626
0.000619
0.000612
0.000608
0.000607
0.000611
0.000616
0.000623
0.000636
0.000652
0.000660
0.000655
0.000644
0.000642
0.000651
0.000659
0.000656
0.000644
0.000631
0.000618
0.000607
0.000598
0.000595
0.000596
0.000595
0.000591
0.000588
0.000588
0.000593
0.000603
0.000617
0.000632
0.000640
0.000643
0.000644
0.000649
0.000655
0.000658
0.000655
0.000653
0.000654
0.000657
0.000659
0.000660
0.000656
0.000649
0.000639
0.000632
0.000629
0.000627
0.000619
0.000605
0.000593
0.000593
0.000601
0.000609
0.000611
0.000610
0.000612
0.000615
0.000618
0.000619
0.000619
0.000615
0.000606
0.000596
0.000590
0.000587
0.000588
0.000591
0.000596
0.000603
0.000608
0.000613
0.000620
0.000630
0.000639
0.000642
0.000640
0.000636
0.000631
0.000624
0.000616
0.000610
0.000609
0.000614
0.000621
0.000627
0.000630
0.000628
0.000626
0.000625
0.000624
0.000619
0.000612
0.000607
0.000609
0.000617
0.000623
0.000623
0.000621
0.000620
0.000622
0.000622
0.000616
0.000606
0.000594
0.000585
0.000579
0.000574
0.000566
0.000557
0.000550
0.000550
0.000557
0.000570
0.000585
0.000602
0.000612
0.000609
0.000592
0.000572
0.000558
0.000554
0.000559
0.000568
0.000582
0.000598
0.000615
0.000635
0.000660
0.000683
0.000699
0.000703
0.000699
0.000692
0.000684
0.000675
0.000668
0.000665
0.000661
0.000654
0.000647
0.000644
0.000647
0.000654
0.000659
0.000663
0.000665
0.000661
0.000651
0.000643
0.000647
0.000663
0.000682
0.000694
0.000695
0.000691
0.000688
0.000687
0.000683
0.000670
0.000648
0.000625
0.000611
0.000613
0.000629
0.000646
0.000656
0.000657
0.000654
0.000652
0.000652
0.000650
0.000647
0.000644
0.000641
0.000636
0.000626
0.000615
0.000611
0.000616
0.000623
0.000623
0.000613
0.000606
0.000610
0.000626
0.000646
0.000663
0.000678
0.000693
0.000705
0.000709
0.000703
0.000688
0.000668
0.000647
0.000631
0.000624
0.000623
0.000625
0.000629
0.000636
0.000644
0.000651
0.000652
0.000647
0.000634
0.000611
0.000582
0.000553
0.000530
0.000518
0.000521
0.000539
0.000567
0.000594
0.000614
0.000627
0.000635
0.000637
0.000627
0.000612
0.000603
0.000601
0.000601
0.000598
0.000594
0.000593
0.000592
0.000592
0.000597
0.000607
0.000618
0.000623
0.000619
0.000608
0.000593
0.000573
0.000554
0.000544
0.000544
0.000551
0.000558
0.000566
0.000572
0.000573
0.000566
0.000556
0.000548
0.000541
0.000529
0.000510
0.000494
0.000489
0.000498
0.000517
0.000544
0.000576
0.000604
0.000621
0.000630
0.000637
0.000645
0.000648
0.000643
0.000636
0.000632
0.000629
0.000620
0.000610
0.000608
0.000618
0.000631
0.000638
0.000637
0.000634
0.000633
0.000634
0.000636
0.000640
0.000645
0.000651
0.000654
0.000655
0.000654
0.000653
0.000653
0.000653
0.000648
0.000636
0.000620
0.000605
0.000594
0.000588
0.000586
0.000587
0.000594
0.000605
0.000618
0.000624
0.000623
0.000620
0.000621
0.000624
0.000624
0.000620
0.000615
0.000606
0.000590
0.000571
0.000563
0.000572
0.000589
0.000599
0.000598
0.000594
0.000592
0.000590
0.000582
0.000571
0.000564
0.000564
0.000572
0.000587
0.000606
0.000622
0.000632
0.000634
0.000633
0.000626
0.000613
0.000602
0.000604
0.000619
0.000634
0.000639
0.000631
0.000616
0.000603
0.000596
0.000597
0.000600
0.000599
0.000593
0.000590
0.000595
0.000607
0.000619
0.000627
0.000631
0.000630
0.000624
0.000617
0.000613
0.000612
0.000609
0.000602
0.000595
0.000592
0.000594
0.000595
0.000592
0.000587
0.000581
0.000578
0.000578
0.000581
0.000587
0.000594
0.000601
0.000607
0.000608
0.000607
0.000608
0.000611
0.000614
0.000615
0.000616
0.000622
0.000629
0.000633
0.000631
0.000628
0.000629
0.000633
0.000636
0.000637
0.000635
0.000635
0.000638
0.000644
0.000652
0.000657
0.000655
0.000649
0.000644
0.000645
0.000650
0.000654
0.000657
0.000666
0.000683
0.000704
0.000719
0.000720
0.000707
0.000685
0.000663
0.000649
0.000641
0.000634
0.000621
0.000606
0.000594
0.000591
0.000593
0.000596
0.000600
0.000606
0.000616
0.000633
0.000657
0.000681
0.000693
0.000684
0.000661
0.000638
0.000625
0.000624
0.000631
0.000638
0.000642
0.000644
0.000647
0.000650
0.000649
0.000642
0.000633
0.000623
0.000609
0.000590
0.000573
0.000567
0.000573
0.000584
0.000593
0.000602
0.000612
0.000618
0.000618
0.000614
0.000608
0.000599
0.000587
0.000581
0.000582
0.000588
0.000588
0.000585
0.000586
0.000595
0.000611
0.000624
0.000630
0.000629
0.000623
0.000616
0.000612
0.000607
0.000597
0.000579
0.000561
0.000550
0.000550
0.000554
0.000561
0.000572
0.000590
0.000611
0.000631
0.000648
0.000665
0.000680
0.000686
0.000678
0.000662
0.000645
0.000637
0.000638
0.000647
0.000658
0.000669
0.000679
0.000684
0.000680
0.000667
0.000651
0.000645
0.000651
0.000661
0.000665
0.000658
0.000645
0.000633
0.000624
0.000620
0.000621
0.000623
0.000623
0.000618
0.000612
0.000607
0.000604
0.000603
0.000604
0.000606
0.000606
0.000604
0.000604
0.000610
0.000620
0.000627
0.000630
0.000629
0.000624
0.000618
0.000610
0.000602
0.000594
0.000584
0.000578
0.000583
0.000601
0.000623
0.000641
0.000651
0.000656
0.000657
0.000649
0.000635
0.000622
0.000620
0.000627
0.000633
0.000636
0.000636
0.000635
0.000630
0.000621
0.000613
0.000613
0.000617
0.000615
0.000605
0.000589
0.000574
0.000563
0.000561
0.000568
0.000583
0.000599
0.000613
0.000625
0.000637
0.000645
0.000647
0.000643
0.000638
0.000638
0.000647
0.000658
0.000663
0.000660
0.000653
0.000655
0.000666
0.000681
0.000694
0.000705
0.000719
0.000734
0.000745
0.000751
0.000754
0.000754
0.000746
0.000733
0.000718
0.000707
0.000699
0.000690
0.000680
0.000666
0.000649
0.000629
0.000614
0.000613
0.000626
0.000641
0.000647
0.000644
0.000643
0.000650
0.000659
0.000664
0.000665
0.000664
0.000665
0.000667
0.000670
0.000677
0.000688
0.000696
0.000699
0.000695
0.000689
0.000684
0.000682
0.000683
0.000688
0.000695
0.000700
0.000701
0.000696
0.000685
0.000674
0.000668
0.000669
0.000671
0.000668
0.000667
0.000673
0.000686
0.000697
0.000703
0.000705
0.000705
0.000700
0.000691
0.000683
0.000675
0.000664
0.000650
0.000642
0.000647
0.000663
0.000680
0.000690
0.000690
0.000676
0.000653
0.000627
0.000609
0.000598
0.000592
0.000588
0.000586
0.000589
0.000595
0.000603
0.000614
0.000623
0.000626
0.000628
0.000635
0.000647
0.000656
0.000657
0.000655
0.000656
0.000662
0.000668
0.000672
0.000674
0.000671
0.000662
0.000652
0.000645
0.000649
0.000658
0.000667
0.000670
0.000666
0.000659
0.000651
0.000643
0.000634
0.000622
0.000613
0.000608
0.000609
0.000615
0.000620
0.000624
0.000626
0.000630
0.000637
0.000647
0.000658
0.000668
0.000673
0.000671
0.000665
0.000659
0.000658
0.000659
0.000659
0.000658
0.000652
0.000642
0.000627
0.000618
0.000621
0.000636
0.000650
0.000655
0.000653
0.000649
0.000646
0.000642
0.000636
0.000630
0.000625
0.000619
0.000608
0.000590
0.000567
0.000547
0.000537
0.000540
0.000552
0.000565
0.000576
0.000580
0.000575
0.000566
0.000562
0.000570
0.000585
0.000599
0.000606
0.000607
0.000606
0.000608
0.000614
0.000621
0.000626
0.000625
0.000622
0.000618
0.000612
0.000599
0.000581
0.000564
0.000550
0.000536
0.000525
0.000524
0.000538
0.000563
0.000588
0.000606
0.000618
0.000623
0.000625
0.000626
0.000628
0.000632
0.000636
0.000635
0.000629
0.000621
0.000617
0.000617
0.000617
0.000612
0.000600
0.000588
0.000578
0.000572
0.000566
0.000563
0.000561
0.000559
0.000556
0.000552
0.000552
0.000554
0.000554
0.000549
0.000544
0.000544
0.000552
0.000566
0.000579
0.000586
0.000586
0.000581
0.000575
0.000568
0.000563
0.000563
0.000568
0.000576
0.000585
0.000595
0.000607
0.000620
0.000627
0.000628
0.000626
0.000623
0.000617
0.000606
0.000596
0.000594
0.000598
0.000602
0.000599
0.000595
0.000593
0.000596
0.000602
0.000606
0.000610
0.000614
0.000620
0.000623
0.000617
0.000595
0.000565
0.000541
0.000532
0.000538
0.000549
0.000561
0.000576
0.000592
0.000606
0.000620
0.000634
0.000647
0.000653
0.000652
0.000647
0.000643
0.000639
0.000632
0.000626
0.000625
0.000628
0.000629
0.000624
0.000615
0.000607
0.000604
0.000604
0.000608
0.000614
0.000624
0.000636
0.000647
0.000653
0.000652
0.000649
0.000650
0.000655
0.000655
0.000643
0.000623
0.000603
0.000592
0.000591
0.000595
0.000600
0.000605
0.000608
0.000610
0.000607
0.000606
0.000610
0.000622
0.000635
0.000642
0.000638
0.000627
0.000614
0.000605
0.000602
0.000607
0.000618
0.000630
0.000639
0.000643
0.000646
0.000648
0.000643
0.000628
0.000612
0.000604
0.000605
0.000606
0.000595
0.000576
0.000559
0.000552
0.000552
0.000551
0.000550
0.000550
0.000556
0.000568
0.000588
0.000612
0.000637
0.000655
0.000661
0.000654
0.000638
0.000616
0.000599
0.000595
0.000607
0.000624
0.000638
0.000645
0.000643
0.000634
0.000621
0.000610
0.000606
0.000607
0.000608
0.000610
0.000615
0.000627
0.000640
0.000647
0.000643
0.000635
0.000628
0.000626
0.000625
0.000621
0.000612
0.000598
0.000584
0.000578
0.000585
0.000603
0.000624
0.000640
0.000651
0.000659
0.000664
0.000671
0.000682
0.000699
0.000716
0.000726
0.000728
0.000725
0.000722
0.000716
0.000706
0.000694
0.000684
0.000673
0.000661
0.000652
0.000651
0.000657
0.000655
0.000639
0.000614
0.000598
0.000598
0.000606
0.000612
0.000612
0.000611
0.000613
0.000615
0.000618
0.000625
0.000641
0.000662
0.000679
0.000683
0.000676
0.000664
0.000653
0.000644
0.000636
0.000630
0.000632
0.000640
0.000649
0.000648
0.000635
0.000613
0.000595
0.000590
0.000595
0.000604
0.000608
0.000606
0.000601
0.000599
0.000601
0.000604
0.000606
0.000605
0.000605
0.000608
0.000610
0.000608
0.000603
0.000601
0.000605
0.000612
0.000618
0.000621
0.000625
0.000630
0.000634
0.000633
0.000626
0.000619
0.000616
0.000617
0.000620
0.000620
0.000619
0.000621
0.000626
0.000631
0.000632
0.000632
0.000631
0.000631
0.000626
0.000617
0.000608
0.000607
0.000617
0.000633
0.000649
0.000664
0.000678
0.000686
0.000685
0.000675
0.000665
0.000659
0.000656
0.000650
0.000646
0.000648
0.000654
0.000657
0.000654
0.000651
0.000655
0.000661
0.000658
0.000642
0.000620
0.000599
0.000587
0.000583
0.000587
0.000590
0.000587
0.000577
0.000564
0.000551
0.000542
0.000542
0.000551
0.000565
0.000579
0.000592
0.000606
0.000620
0.000632
0.000640
0.000646
0.000645
0.000636
0.000623
0.000612
0.000605
0.000600
0.000595
0.000592
0.000594
0.000596
0.000593
0.000591
0.000600
0.000620
0.000637
0.000643
0.000643
0.000645
0.000650
0.000653
0.000650
0.000644
0.000636
0.000629
0.000621
0.000613
0.000608
0.000611
0.000623
0.000640
0.000651
0.000653
0.000650
0.000649
0.000654
0.000665
0.000680
0.000695
0.000706
0.000711
0.000710
0.000705
0.000696
0.000682
0.000665
0.000651
0.000640
0.000633
0.000629
0.000631
0.000638
0.000646
0.000651
0.000657
0.000666
0.000677
0.000686
0.000690
0.000688
0.000685
0.000687
0.000694
0.000703
0.000707
0.000698
0.000679
0.000656
0.000636
0.000625
0.000624
0.000630
0.000637
0.000643
0.000648
0.000653
0.000655
0.000657
0.000663
0.000673
0.000683
0.000688
0.000687
0.000685
0.000683
0.000683
0.000682
0.000681
0.000678
0.000670
0.000660
0.000651
0.000646
0.000644
0.000645
0.000653
0.000664
0.000676
0.000682
0.000685
0.000685
0.000681
0.000672
0.000656
0.000637
0.000624
0.000623
0.000635
0.000651
0.000660
0.000655
0.000641
0.000626
0.000615
0.000609
0.000612
0.000621
0.000628
0.000627
0.000622
0.000619
0.000618
0.000615
0.000607
0.000599
0.000600
0.000609
0.000620
0.000625
0.000620
0.000608
0.000595
0.000588
0.000587
0.000591
0.000598
0.000609
0.000616
0.000618
0.000613
0.000604
0.000595
0.000586
0.000581
0.000587
0.000605
0.000625
0.000633
0.000626
0.000609
0.000593
0.000582
0.000581
0.000589
0.000603
0.000616
0.000621
0.000617
0.000606
0.000592
0.000580
0.000574
0.000577
0.000589
0.000603
0.000615
0.000622
0.000623
0.000619
0.000612
0.000603
0.000596
0.000591
0.000587
0.000582
0.000580
0.000581
0.000585
0.000587
0.000586
0.000587
0.000595
0.000608
0.000617
0.000618
0.000612
0.000605
0.000601
0.000597
0.000595
0.000595
0.000602
0.000614
0.000627
0.000637
0.000642
0.000645
0.000647
0.000648
0.000651
0.000656
0.000664
0.000674
0.000683
0.000686
0.000677
0.000658
0.000638
0.000629
0.000634
0.000647
0.000660
0.000670
0.000674
0.000669
0.000655
0.000641
0.000635
0.000641
0.000654
0.000665
0.000673
0.000674
0.000668
0.000654
0.000636
0.000622
0.000615
0.000615
0.000616
0.000617
0.000619
0.000626
0.000641
0.000657
0.000668
0.000668
0.000660
0.000653
0.000651
0.000650
0.000649
0.000648
0.000646
0.000643
0.000637
0.000629
0.000622
0.000619
0.000619
0.000623
0.000626
0.000624
0.000616
0.000607
0.000605
0.000612
0.000627
0.000644
0.000659
0.000672
0.000682
0.000687
0.000690
0.000690
0.000687
0.000680
0.000671
0.000660
0.000647
0.000631
0.000616
0.000607
0.000607
0.000611
0.000617
0.000625
0.000635
0.000651
0.000669
0.000685
0.000694
0.000696
0.000695
0.000695
0.000695
0.000691
0.000678
0.000659
0.000641
0.000629
0.000623
0.000624
0.000630
0.000640
0.000651
0.000656
0.000652
0.000638
0.000622
0.000616
0.000625
0.000647
0.000671
0.000688
0.000695
0.000691
0.000681
0.000670
0.000660
0.000655
0.000654
0.000658
0.000663
0.000663
0.000652
0.000633
0.000615
0.000603
0.000601
0.000610
0.000626
0.000641
0.000648
0.000644
0.000635
0.000623
0.000612
0.000602
0.000595
0.000593
0.000596
0.000601
0.000603
0.000606
0.000614
0.000630
0.000650
0.000666
0.000673
0.000671
0.000667
0.000662
0.000656
0.000651
0.000647
0.000644
0.000642
0.000638
0.000636
0.000639
0.000646
0.000651
0.000651
0.000646
0.000643
0.000645
0.000652
0.000660
0.000667
0.000670
0.000667
0.000658
0.000643
0.000626
0.000610
0.000598
0.000594
0.000597
0.000606
0.000615
0.000623
0.000630
0.000640
0.000651
0.000658
0.000657
0.000648
0.000638
0.000628
0.000621
0.000617
0.000618
0.000621
0.000624
0.000623
0.000626
0.000638
0.000655
0.000671
0.000686
0.000700
0.000712
0.000718
0.000715
0.000709
0.000703
0.000697
0.000690
0.000683
0.000683
0.000687
0.000692
0.000691
0.000681
0.000664
0.000646
0.000637
0.000637
0.000643
0.000650
0.000654
0.000660
0.000668
0.000679
0.000687
0.000687
0.000677
0.000659
0.000643
0.000631
0.000624
0.000620
0.000622
0.000628
0.000634
0.000638
0.000641
0.000643
0.000643
0.000634
0.000620
0.000609
0.000607
0.000613
0.000624
0.000635
0.000640
0.000635
0.000621
0.000608
0.000604
0.000609
0.000619
0.000632
0.000643
0.000648
0.000644
0.000633
0.000620
0.000609
0.000605
0.000613
0.000630
0.000649
0.000661
0.000664
0.000665
0.000667
0.000669
0.000668
0.000663
0.000653
0.000643
0.000632
0.000623
0.000618
0.000619
0.000627
0.000639
0.000646
0.000645
0.000640
0.000638
0.000643
0.000649
0.000653
0.000653
0.000651
0.000647
0.000641
0.000634
0.000628
0.000626
0.000627
0.000628
0.000623
0.000607
0.000585
0.000566
0.000558
0.000564
0.000579
0.000599
0.000617
0.000626
0.000625
0.000618
0.000611
0.000609
0.000611
0.000617
0.000622
0.000622
0.000617
0.000610
0.000607
0.000607
0.000608
0.000609
0.000608
0.000607
0.000609
0.000615
0.000622
0.000624
0.000621
0.000618
0.000621
0.000626
0.000629
0.000629
0.000625
0.000619
0.000612
0.000611
0.000619
0.000631
0.000640
0.000641
0.000640
0.000643
0.000651
0.000659
0.000662
0.000661
0.000659
0.000661
0.000667
0.000674
0.000680
0.000683
0.000682
0.000679
0.000677
0.000678
0.000678
0.000674
0.000664
0.000653
0.000646
0.000644
0.000642
0.000636
0.000626
0.000617
0.000615
0.000622
0.000633
0.000638
0.000630
0.000616
0.000608
0.000613
0.000632
0.000659
0.000687
0.000708
0.000716
0.000710
0.000697
0.000683
0.000674
0.000672
0.000672
0.000668
0.000652
0.000629
0.000608
0.000599
0.000594
0.000585
0.000572
0.000563
0.000569
0.000586
0.000602
0.000608
0.000605
0.000597
0.000592
0.000591
0.000591
0.000585
0.000576
0.000567
0.000562
0.000564
0.000570
0.000577
0.000580
0.000578
0.000572
0.000563
0.000557
0.000554
0.000555
0.000557
0.000557
0.000553
0.000545
0.000539
0.000540
0.000547
0.000558
0.000570
0.000582
0.000598
0.000615
0.000629
0.000637
0.000642
0.000646
0.000650
0.000647
0.000637
0.000624
0.000614
0.000608
0.000606
0.000612
0.000626
0.000646
0.000663
0.000670
0.000668
0.000663
0.000661
0.000661
0.000655
0.000644
0.000630
0.000620
0.000613
0.000607
0.000600
0.000598
0.000601
0.000604
0.000605
0.000605
0.000607
0.000608
0.000606
0.000603
0.000607
0.000617
0.000627
0.000633
0.000635
0.000635
0.000631
0.000626
0.000624
0.000627
0.000632
0.000638
0.000645
0.000656
0.000665
0.000665
0.000655
0.000639
0.000620
0.000605
0.000598
0.000603
0.000618
0.000635
0.000644
0.000642
0.000629
0.000613
0.000604
0.000605
0.000612
0.000620
0.000627
0.000637
0.000649
0.000660
0.000665
0.000661
0.000650
0.000637
0.000624
0.000613
0.000603
0.000593
0.000584
0.000583
0.000592
0.000604
0.000612
0.000613
0.000608
0.000605
0.000605
0.000610
0.000620
0.000634
0.000649
0.000664
0.000674
0.000678
0.000677
0.000671
0.000664
0.000658
0.000655
0.000652
0.000648
0.000642
0.000634
0.000627
0.000622
0.000622
0.000621
0.000612
0.000592
0.000569
0.000559
0.000571
0.000597
0.000621
0.000630
0.000627
0.000623
0.000628
0.000640
0.000650
0.000649
0.000636
0.000623
0.000622
0.000632
0.000645
0.000650
0.000647
0.000641
0.000641
0.000649
0.000664
0.000683
0.000700
0.000710
0.000715
0.000719
0.000724
0.000730
0.000733
0.000730
0.000724
0.000714
0.000698
0.000675
0.000644
0.000614
0.000588
0.000571
0.000559
0.000548
0.000537
0.000530
0.000529
0.000538
0.000551
0.000561
0.000567
0.000572
0.000580
0.000592
0.000603
0.000611
0.000620
0.000627
0.000630
0.000626
0.000618
0.000613
0.000615
0.000621
0.000623
0.000616
0.000605
0.000593
0.000588
0.000589
0.000593
0.000598
0.000602
0.000605
0.000600
0.000583
0.000555
0.000527
0.000512
0.000510
0.000517
0.000527
0.000542
0.000563
0.000589
0.000618
0.000647
0.000675
0.000696
0.000709
0.000718
0.000724
0.000726
0.000721
0.000713
0.000704
0.000695
0.000682
0.000668
0.000661
0.000660
0.000661
0.000659
0.000659
0.000665
0.000672
0.000671
0.000661
0.000651
0.000648
0.000647
0.000644
0.000637
0.000629
0.000620
0.000613
0.000611
0.000615
0.000622
0.000630
0.000639
0.000653
0.000664
0.000667
0.000664
0.000663
0.000669
0.000680
0.000690
0.000699
0.000704
0.000703
0.000694
0.000682
0.000674
0.000674
0.000679
0.000681
0.000676
0.000664
0.000645
0.000623
0.000605
0.000596
0.000591
0.000586
0.000581
0.000578
0.000578
0.000580
0.000582
0.000585
0.000586
0.000583
0.000574
0.000561
0.000553
0.000553
0.000557
0.000561
0.000565
0.000573
0.000592
0.000622
0.000652
0.000673
0.000681
0.000678
0.000671
0.000662
0.000647
0.000631
0.000621
0.000623
0.000635
0.000645
0.000649
0.000647
0.000642
0.000631
0.000616
0.000600
0.000587
0.000580
0.000578
0.000581
0.000589
0.000599
0.000604
0.000603
0.000594
0.000582
0.000568
0.000556
0.000550
0.000552
0.000558
0.000565
0.000569
0.000572
0.000573
0.000574
0.000575
0.000576
0.000580
0.000589
0.000602
0.000615
0.000624
0.000631
0.000641
0.000655
0.000673
0.000688
0.000697
0.000700
0.000699
0.000694
0.000686
0.000677
0.000669
0.000664
0.000662
0.000661
0.000660
0.000656
0.000651
0.000647
0.000648
0.000652
0.000655
0.000649
0.000637
0.000622
0.000612
0.000605
0.000600
0.000599
0.000606
0.000621
0.000640
0.000658
0.000672
0.000683
0.000694
0.000700
0.000700
0.000693
0.000684
0.000678
0.000680
0.000687
0.000691
0.000688
0.000683
0.000681
0.000679
0.000674
0.000666
0.000665
0.000672
0.000677
0.000668
0.000649
0.000634
0.000631
0.000637
0.000647
0.000658
0.000670
0.000680
0.000684
0.000679
0.000667
0.000658
0.000654
0.000656
0.000656
0.000649
0.000634
0.000620
0.000611
0.000611
0.000617
0.000628
0.000638
0.000645
0.000648
0.000650
0.000650
0.000645
0.000633
0.000615
0.000595
0.000577
0.000565
0.000567
0.000582
0.000603
0.000620
0.000626
0.000620
0.000606
0.000590
0.000575
0.000563
0.000552
0.000542
0.000539
0.000547
0.000561
0.000572
0.000572
0.000561
0.000546
0.000536
0.000535
0.000543
0.000559
0.000578
0.000597
0.000614
0.000628
0.000638
0.000643
0.000640
0.000629
0.000614
0.000604
0.000598
0.000593
0.000590
0.000594
0.000609
0.000629
0.000645
0.000651
0.000650
0.000648
0.000643
0.000634
0.000618
0.000601
0.000590
0.000588
0.000592
0.000595
0.000592
0.000584
0.000577
0.000570
0.000566
0.000565
0.000571
0.000582
0.000594
0.000602
0.000603
0.000599
0.000597
0.000600
0.000603
0.000601
0.000592
0.000585
0.000581
0.000577
0.000574
0.000577
0.000589
0.000605
0.000615
0.000619
0.000623
0.000632
0.000643
0.000651
0.000655
0.000659
0.000665
0.000674
0.000683
0.000692
0.000697
0.000696
0.000688
0.000674
0.000659
0.000645
0.000635
0.000625
0.000614
0.000603
0.000594
0.000590
0.000592
0.000596
0.000595
0.000588
0.000581
0.000582
0.000588
0.000595
0.000602
0.000614
0.000632
0.000648
0.000658
0.000664
0.000671
0.000674
0.000668
0.000654
0.000638
0.000622
0.000605
0.000589
0.000580
0.000578
0.000572
0.000561
0.000549
0.000547
0.000555
0.000571
0.000591
0.000613
0.000633
0.000651
0.000668
0.000686
0.000699
0.000705
0.000707
0.000710
0.000710
0.000705
0.000700
0.000697
0.000694
0.000684
0.000666
0.000649
0.000641
0.000636
0.000626
0.000607
0.000583
0.000561
0.000549
0.000551
0.000565
0.000585
0.000606
0.000623
0.000634
0.000636
0.000631
0.000624
0.000623
0.000634
0.000650
0.000660
0.000657
0.000644
0.000633
0.000628
0.000627
0.000624
0.000620
0.000615
0.000609
0.000601
0.000598
0.000606
0.000621
0.000635
0.000646
0.000650
0.000644
0.000628
0.000610
0.000601
0.000602
0.000609
0.000613
0.000615
0.000615
0.000608
0.000595
0.000579
0.000567
0.000560
0.000558
0.000559
0.000565
0.000574
0.000581
0.000585
0.000587
0.000582
0.000568
0.000549
0.000534
0.000531
0.000539
0.000554
0.000570
0.000584
0.000592
0.000596
0.000597
0.000595
0.000593
0.000591
0.000591
0.000592
0.000593
0.000594
0.000596
0.000601
0.000608
0.000611
0.000604
0.000589
0.000571
0.000555
0.000543
0.000536
0.000534
0.000537
0.000547
0.000561
0.000576
0.000586
0.000588
0.000588
0.000593
0.000604
0.000618
0.000628
0.000636
0.000645
0.000650
0.000648
0.000643
0.000635
0.000623
0.000605
0.000586
0.000579
0.000587
0.000604
0.000616
0.000621
0.000617
0.000611
0.000608
0.000612
0.000617
0.000617
0.000608
0.000599
0.000597
0.000601
0.000607
0.000613
0.000622
0.000633
0.000639
0.000638
0.000634
0.000629
0.000626
0.000622
0.000618
0.000617
0.000619
0.000625
0.000633
0.000640
0.000645
0.000648
0.000646
0.000633
0.000613
0.000596
0.000591
0.000599
0.000613
0.000630
0.000648
0.000665
0.000680
0.000695
0.000708
0.000712
0.000698
0.000674
0.000650
0.000637
0.000633
0.000634
0.000637
0.000638
0.000635
0.000628
0.000622
0.000620
0.000623
0.000630
0.000639
0.000648
0.000659
0.000674
0.000693
0.000707
0.000707
0.000689
0.000664
0.000646
0.000637
0.000634
0.000635
0.000637
0.000635
0.000625
0.000607
0.000587
0.000571
0.000560
0.000554
0.000555
0.000560
0.000566
0.000569
0.000566
0.000562
0.000564
0.000577
0.000600
0.000623
0.000640
0.000651
0.000657
0.000659
0.000660
0.000659
0.000657
0.000651
0.000643
0.000638
0.000639
0.000646
0.000653
0.000658
0.000663
0.000667
0.000671
0.000675
0.000677
0.000674
0.000662
0.000643
0.000624
0.000609
0.000597
0.000587
0.000580
0.000574
0.000566
0.000558
0.000553
0.000555
0.000561
0.000563
0.000560
0.000556
0.000556
0.000562
0.000572
0.000584
0.000594
0.000598
0.000597
0.000595
0.000600
0.000613
0.000624
0.000627
0.000622
0.000614
0.000611
0.000612
0.000616
0.000621
0.000627
0.000631
0.000632
0.000634
0.000643
0.000660
0.000677
0.000683
0.000676
0.000665
0.000659
0.000659
0.000659
0.000657
0.000654
0.000652
0.000653
0.000655
0.000657
0.000656
0.000648
0.000633
0.000615
0.000603
0.000602
0.000613
0.000628
0.000640
0.000645
0.000641
0.000632
0.000620
0.000611
0.000609
0.000611
0.000612
0.000609
0.000606
0.000609
0.000618
0.000624
0.000620
0.000610
0.000601
0.000596
0.000592
0.000589
0.000590
0.000598
0.000609
0.000627
0.000652
0.000681
0.000700
0.000700
0.000683
0.000661
0.000643
0.000634
0.000631
0.000630
0.000628
0.000622
0.000617
0.000616
0.000620
0.000625
0.000629
0.000634
0.000639
0.000647
0.000656
0.000667
0.000678
0.000685
0.000686
0.000680
0.000667
0.000650
0.000633
0.000619
0.000607
0.000596
0.000587
0.000586
0.000594
0.000608
0.000620
0.000628
0.000633
0.000636
0.000636
0.000633
0.000624
0.000610
0.000592
0.000577
0.000568
0.000567
0.000573
0.000581
0.000589
0.000597
0.000606
0.000612
0.000612
0.000607
0.000603
0.000603
0.000602
0.000596
0.000588
0.000585
0.000591
0.000602
0.000611
0.000615
0.000620
0.000627
0.000634
0.000636
0.000629
0.000617
0.000606
0.000603
0.000610
0.000621
0.000632
0.000637
0.000634
0.000625
0.000616
0.000614
0.000617
0.000618
0.000611
0.000598
0.000586
0.000580
0.000580
0.000585
0.000595
0.000609
0.000626
0.000642
0.000650
0.000651
0.000643
0.000628
0.000608
0.000584
0.000565
0.000554
0.000550
0.000549
0.000547
0.000548
0.000554
0.000562
0.000569
0.000573
0.000577
0.000582
0.000587
0.000590
0.000591
0.000591
0.000590
0.000587
0.000583
0.000583
0.000588
0.000595
0.000600
0.000601
0.000603
0.000608
0.000615
0.000621
0.000627
0.000633
0.000635
0.000629
0.000621
0.000615
0.000614
0.000610
0.000601
0.000595
0.000592
0.000591
0.000585
0.000577
0.000577
0.000588
0.000604
0.000616
0.000619
0.000611
0.000595
0.000579
0.000570
0.000572
0.000579
0.000587
0.000596
0.000605
0.000614
0.000622
0.000629
0.000634
0.000640
0.000649
0.000663
0.000680
0.000697
0.000708
0.000713
0.000714
0.000713
0.000709
0.000700
0.000688
0.000675
0.000668
0.000673
0.000684
0.000695
0.000699
0.000694
0.000681
0.000661
0.000636
0.000609
0.000583
0.000562
0.000548
0.000541
0.000539
0.000545
0.000559
0.000576
0.000588
0.000591
0.000592
0.000597
0.000606
0.000616
0.000626
0.000635
0.000644
0.000656
0.000671
0.000687
0.000697
0.000693
0.000683
0.000678
0.000681
0.000686
0.000685
0.000677
0.000669
0.000662
0.000657
0.000650
0.000642
0.000635
0.000635
0.000641
0.000644
0.000635
0.000618
0.000607
0.000613
0.000627
0.000638
0.000642
0.000643
0.000644
0.000645
0.000645
0.000644
0.000645
0.000648
0.000653
0.000657
0.000652
0.000639
0.000622
0.000610
0.000608
0.000613
0.000621
0.000626
0.000624
0.000620
0.000618
0.000620
0.000624
0.000626
0.000628
0.000627
0.000621
0.000608
0.000597
0.000596
0.000601
0.000607
0.000612
0.000620
0.000632
0.000644
0.000651
0.000658
0.000672
0.000689
0.000701
0.000706
0.000704
0.000694
0.000675
0.000649
0.000625
0.000609
0.000603
0.000600
0.000599
0.000603
0.000613
0.000629
0.000648
0.000665
0.000679
0.000689
0.000696
0.000698
0.000693
0.000684
0.000672
0.000664
0.000656
0.000646
0.000633
0.000621
0.000612
0.000605
0.000598
0.000591
0.000587
0.000582
0.000577
0.000571
0.000566
0.000564
0.000564
0.000573
0.000589
0.000605
0.000612
0.000611
0.000615
0.000629
0.000646
0.000656
0.000662
0.000666
0.000669
0.000669
0.000670
0.000676
0.000686
0.000692
0.000691
0.000686
0.000679
0.000670
0.000658
0.000648
0.000640
0.000634
0.000631
0.000629
0.000628
0.000623
0.000614
0.000608
0.000610
0.000617
0.000627
0.000638
0.000653
0.000666
0.000672
0.000671
0.000665
0.000656
0.000645
0.000634
0.000627
0.000629
0.000638
0.000644
0.000643
0.000632
0.000619
0.000616
0.000629
0.000655
0.000678
0.000690
0.000688
0.000681
0.000672
0.000663
0.000653
0.000644
0.000640
0.000640
0.000644
0.000654
0.000667
0.000683
0.000695
0.000703
0.000711
0.000719
0.000719
0.000705
0.000682
0.000660
0.000647
0.000642
0.000638
0.000629
0.000620
0.000614
0.000613
0.000613
0.000612
0.000612
0.000616
0.000624
0.000634
0.000644
0.000655
0.000668
0.000679
0.000682
0.000677
0.000670
0.000662
0.000655
0.000648
0.000642
0.000636
0.000627
0.000615
0.000601
0.000589
0.000580
0.000578
0.000583
0.000590
0.000592
0.000585
0.000574
0.000567
0.000570
0.000583
0.000599
0.000614
0.000623
0.000625
0.000620
0.000610
0.000603
0.000607
0.000622
0.000643
0.000659
0.000664
0.000662
0.000657
0.000654
0.000652
0.000652
0.000651
0.000647
0.000643
0.000645
0.000655
0.000666
0.000668
0.000657
0.000639
0.000620
0.000603
0.000587
0.000576
0.000572
0.000572
0.000574
0.000574
0.000575
0.000576
0.000579
0.000585
0.000593
0.000601
0.000607
0.000608
0.000603
0.000595
0.000589
0.000587
0.000589
0.000588
0.000583
0.000573
0.000564
0.000560
0.000563
0.000573
0.000590
0.000612
0.000637
0.000657
0.000667
0.000663
0.000649
0.000636
0.000629
0.000626
0.000623
0.000619
0.000616
0.000613
0.000612
0.000613
0.000621
0.000631
0.000639
0.000641
0.000640
0.000641
0.000647
0.000656
0.000665
0.000671
0.000672
0.000669
0.000668
0.000671
0.000676
0.000678
0.000680
0.000684
0.000689
0.000688
0.000678
0.000666
0.000661
0.000664
0.000671
0.000676
0.000675
0.000668
0.000653
0.000635
0.000618
0.000610
0.000611
0.000620
0.000631
0.000640
0.000647
0.000653
0.000659
0.000665
0.000667
0.000661
0.000647
0.000627
0.000610
0.000603
0.000606
0.000617
0.000629
0.000638
0.000643
0.000642
0.000635
0.000625
0.000613
0.000599
0.000584
0.000571
0.000563
0.000562
0.000566
0.000575
0.000590
0.000612
0.000637
0.000662
0.000680
0.000686
0.000680
0.000665
0.000648
0.000627
0.000604
0.000581
0.000568
0.000563
0.000561
0.000559
0.000563
0.000573
0.000583
0.000585
0.000582
0.000583
0.000591
0.000599
0.000606
0.000617
0.000633
0.000649
0.000658
0.000659
0.000658
0.000659
0.000661
0.000662
0.000658
0.000649
0.000637
0.000626
0.000620
0.000620
0.000623
0.000626
0.000623
0.000615
0.000607
0.000603
0.000598
0.000593
0.000594
0.000609
0.000634
0.000653
0.000659
0.000662
0.000672
0.000685
0.000688
0.000678
0.000664
0.000656
0.000650
0.000645
0.000640
0.000640
0.000643
0.000645
0.000644
0.000646
0.000650
0.000654
0.000651
0.000638
0.000618
0.000594
0.000573
0.000559
0.000556
0.000562
0.000572
0.000582
0.000592
0.000604
0.000616
0.000626
0.000633
0.000634
0.000625
0.000606
0.000585
0.000573
0.000576
0.000585
0.000592
0.000591
0.000585
0.000575
0.000565
0.000559
0.000564
0.000576
0.000590
0.000604
0.000616
0.000628
0.000636
0.000641
0.000647
0.000654
0.000662
0.000666
0.000664
0.000652
0.000631
0.000609
0.000593
0.000585
0.000580
0.000576
0.000577
0.000586
0.000599
0.000608
0.000609
0.000607
0.000606
0.000609
0.000617
0.000630
0.000642
0.000646
0.000643
0.000642
0.000650
0.000659
0.000661
0.000655
0.000653
0.000659
0.000665
0.000661
0.000648
0.000635
0.000629
0.000630
0.000635
0.000644
0.000653
0.000661
0.000664
0.000660
0.000648
0.000634
0.000623
0.000621
0.000629
0.000639
0.000646
0.000649
0.000646
0.000639
0.000631
0.000627
0.000626
0.000624
0.000617
0.000605
0.000591
0.000579
0.000574
0.000579
0.000591
0.000607
0.000617
0.000618
0.000617
0.000621
0.000629
0.000638
0.000641
0.000640
0.000638
0.000637
0.000632
0.000619
0.000605
0.000597
0.000601
0.000614
0.000633
0.000652
0.000664
0.000662
0.000642
0.000616
0.000599
0.000595
0.000601
0.000611
0.000625
0.000644
0.000665
0.000682
0.000688
0.000684
0.000674
0.000667
0.000661
0.000655
0.000650
0.000650
0.000655
0.000657
0.000653
0.000649
0.000654
0.000664
0.000668
0.000665
0.000662
0.000668
0.000679
0.000688
0.000688
0.000683
0.000677
0.000674
0.000674
0.000672
0.000667
0.000663
0.000663
0.000658
0.000645
0.000631
0.000625
0.000626
0.000622
0.000609
0.000598
0.000596
0.000600
0.000604
0.000606
0.000614
0.000631
0.000653
0.000673
0.000684
0.000683
0.000672
0.000663
0.000663
0.000668
0.000671
0.000668
0.000663
0.000659
0.000654
0.000650
0.000644
0.000634
0.000616
0.000597
0.000584
0.000582
0.000589
0.000600
0.000612
0.000621
0.000623
0.000616
0.000609
0.000606
0.000606
0.000605
0.000601
0.000596
0.000592
0.000588
0.000587
0.000592
0.000606
0.000626
0.000643
0.000648
0.000637
0.000618
0.000603
0.000597
0.000594
0.000587
0.000576
0.000565
0.000564
0.000576
0.000600
0.000627
0.000648
0.000659
0.000659
0.000651
0.000639
0.000625
0.000613
0.000606
0.000603
0.000606
0.000612
0.000618
0.000624
0.000629
0.000632
0.000632
0.000623
0.000610
0.000600
0.000602
0.000612
0.000621
0.000624
0.000625
0.000626
0.000629
0.000632
0.000636
0.000647
0.000661
0.000671
0.000669
0.000656
0.000642
0.000631
0.000621
0.000609
0.000599
0.000595
0.000596
0.000597
0.000593
0.000586
0.000578
0.000571
0.000567
0.000570
0.000578
0.000586
0.000589
0.000584
0.000574
0.000564
0.000558
0.000557
0.000557
0.000555
0.000553
0.000552
0.000552
0.000552
0.000552
0.000557
0.000568
0.000579
0.000587
0.000593
0.000600
0.000608
0.000615
0.000622
0.000629
0.000634
0.000635
0.000636
0.000638
0.000639
0.000636
0.000630
0.000628
0.000634
0.000643
0.000645
0.000636
0.000620
0.000610
0.000613
0.000628
0.000647
0.000658
0.000660
0.000654
0.000646
0.000643
0.000649
0.000662
0.000673
0.000676
0.000676
0.000678
0.000682
0.000686
0.000687
0.000690
0.000692
0.000693
0.000694
0.000701
0.000711
0.000716
0.000712
0.000702
0.000689
0.000675
0.000661
0.000652
0.000652
0.000659
0.000666
0.000672
0.000676
0.000680
0.000685
0.000690
0.000692
0.000688
0.000678
0.000668
0.000662
0.000662
0.000663
0.000664
0.000666
0.000670
0.000674
0.000675
0.000675
0.000672
0.000669
0.000666
0.000667
0.000672
0.000680
0.000685
0.000683
0.000668
0.000644
0.000620
0.000606
0.000603
0.000606
0.000611
0.000617
0.000621
0.000621
0.000618
0.000615
0.000612
0.000608
0.000602
0.000596
0.000591
0.000589
0.000592
0.000603
0.000625
0.000652
0.000675
0.000687
0.000687
0.000682
0.000673
0.000662
0.000646
0.000629
0.000615
0.000610
0.000610
0.000613
0.000616
0.000619
0.000626
0.000637
0.000651
0.000665
0.000675
0.000674
0.000663
0.000645
0.000629
0.000621
0.000620
0.000622
0.000629
0.000639
0.000649
0.000654
0.000654
0.000654
0.000660
0.000669
0.000676
0.000680
0.000684
0.000688
0.000685
0.000675
0.000666
0.000662
0.000661
0.000660
0.000658
0.000658
0.000661
0.000665
0.000667
0.000666
0.000661
0.000655
0.000652
0.000656
0.000663
0.000668
0.000667
0.000664
0.000661
0.000654
0.000640
0.000624
0.000612
0.000608
0.000610
0.000616
0.000625
0.000636
0.000641
0.000633
0.000618
0.000607
0.000614
0.000634
0.000657
0.000671
0.000669
0.000654
0.000628
0.000599
0.000575
0.000561
0.000559
0.000564
0.000575
0.000592
0.000612
0.000631
0.000645
0.000657
0.000668
0.000678
0.000684
0.000685
0.000685
0.000686
0.000689
0.000692
0.000694
0.000696
0.000700
0.000701
0.000693
0.000674
0.000654
0.000644
0.000641
0.000637
0.000622
0.000600
0.000581
0.000570
0.000567
0.000569
0.000574
0.000581
0.000588
0.000592
0.000590
0.000584
0.000580
0.000584
0.000594
0.000604
0.000606
0.000598
0.000588
0.000584
0.000584
0.000583
0.000579
0.000578
0.000584
0.000593
0.000597
0.000594
0.000588
0.000587
0.000592
0.000595
0.000591
0.000586
0.000588
0.000602
0.000624
0.000643
0.000652
0.000654
0.000655
0.000662
0.000674
0.000686
0.000691
0.000683
0.000669
0.000657
0.000654
0.000663
0.000677
0.000690
0.000696
0.000695
0.000691
0.000690
0.000691
0.000691
0.000688
0.000683
0.000674
0.000657
0.000631
0.000605
0.000592
0.000592
0.000597
0.000599
0.000598
0.000600
0.000606
0.000610
0.000610
0.000612
0.000621
0.000638
0.000654
0.000663
0.000666
0.000665
0.000663
0.000661
0.000659
0.000657
0.000654
0.000647
0.000637
0.000625
0.000616
0.000606
0.000591
0.000570
0.000548
0.000530
0.000518
0.000516
0.000528
0.000554
0.000584
0.000607
0.000620
0.000625
0.000624
0.000621
0.000620
0.000630
0.000651
0.000669
0.000671
0.000653
0.000626
0.000605
0.000598
0.000602
0.000610
0.000615
0.000611
0.000601
0.000590
0.000585
0.000590
0.000599
0.000611
0.000625
0.000642
0.000658
0.000668
0.000671
0.000667
0.000665
0.000666
0.000671
0.000674
0.000670
0.000662
0.000655
0.000655
0.000664
0.000676
0.000684
0.000683
0.000672
0.000656
0.000641
0.000633
0.000632
0.000637
0.000645
0.000654
0.000663
0.000671
0.000678
0.000683
0.000688
0.000695
0.000702
0.000706
0.000706
0.000701
0.000696
0.000691
0.000685
0.000678
0.000668
0.000657
0.000647
0.000640
0.000636
0.000634
0.000630
0.000620
0.000604
0.000586
0.000580
0.000595
0.000628
0.000662
0.000682
0.000683
0.000671
0.000657
0.000645
0.000636
0.000631
0.000629
0.000631
0.000636
0.000645
0.000658
0.000668
0.000673
0.000673
0.000675
0.000681
0.000686
0.000684
0.000679
0.000677
0.000677
0.000669
0.000651
0.000630
0.000615
0.000609
0.000607
0.000602
0.000597
0.000599
0.000606
0.000614
0.000617
0.000618
0.000623
0.000638
0.000662
0.000689
0.000710
0.000721
0.000722
0.000716
0.000706
0.000695
0.000685
0.000675
0.000668
0.000666
0.000669
0.000675
0.000680
0.000681
0.000676
0.000671
0.000667
0.000665
0.000660
0.000650
0.000639
0.000633
0.000635
0.000645
0.000661
0.000679
0.000692
0.000692
0.000683
0.000671
0.000665
0.000662
0.000660
0.000658
0.000654
0.000645
0.000635
0.000629
0.000629
0.000631
0.000629
0.000624
0.000620
0.000619
0.000619
0.000623
0.000630
0.000638
0.000644
0.000651
0.000660
0.000666
0.000665
0.000659
0.000655
0.000654
0.000651
0.000643
0.000634
0.000628
0.000627
0.000628
0.000629
0.000631
0.000632
0.000636
0.000645
0.000653
0.000654
0.000647
0.000642
0.000644
0.000650
0.000649
0.000640
0.000628
0.000618
0.000611
0.000607
0.000610
0.000620
0.000634
0.000648
0.000660
0.000667
0.000669
0.000665
0.000658
0.000645
0.000626
0.000602
0.000583
0.000573
0.000574
0.000581
0.000590
0.000599
0.000607
0.000615
0.000630
0.000650
0.000671
0.000683
0.000689
0.000696
0.000707
0.000716
0.000717
0.000708
0.000697
0.000686
0.000675
0.000661
0.000649
0.000644
0.000642
0.000637
0.000623
0.000604
0.000586
0.000572
0.000562
0.000554
0.000545
0.000533
0.000520
0.000511
0.000511
0.000522
0.000542
0.000566
0.000591
0.000611
0.000621
0.000620
0.000614
0.000607
0.000603
0.000601
0.000600
0.000601
0.000603
0.000604
0.000604
0.000604
0.000608
0.000612
0.000614
0.000616
0.000622
0.000633
0.000646
0.000658
0.000669
0.000680
0.000689
0.000693
0.000690
0.000684
0.000680
0.000681
0.000686
0.000687
0.000678
0.000657
0.000634
0.000621
0.000621
0.000627
0.000632
0.000632
0.000630
0.000630
0.000632
0.000634
0.000636
0.000637
0.000639
0.000645
0.000652
0.000658
0.000657
0.000655
0.000655
0.000659
0.000664
0.000671
0.000680
0.000688
0.000685
0.000670
0.000655
0.000651
0.000655
0.000660
0.000662
0.000665
0.000669
0.000668
0.000656
0.000636
0.000615
0.000598
0.000586
0.000579
0.000577
0.000575
0.000573
0.000570
0.000570
0.000576
0.000585
0.000595
0.000601
0.000599
0.000587
0.000571
0.000561
0.000560
0.000564
0.000566
0.000564
0.000563
0.000568
0.000576
0.000581
0.000581
0.000576
0.000569
0.000567
0.000577
0.000593
0.000606
0.000604
0.000591
0.000580
0.000579
0.000582
0.000583
0.000581
0.000582
0.000586
0.000588
0.000585
0.000581
0.000579
0.000581
0.000587
0.000596
0.000605
0.000612
0.000612
0.000609
0.000603
0.000598
0.000598
0.000603
0.000608
0.000607
0.000601
0.000597
0.000598
0.000601
0.000600
0.000595
0.000596
0.000605
0.000618
0.000628
0.000638
0.000654
0.000674
0.000693
0.000701
0.000695
0.000680
0.000662
0.000649
0.000648
0.000657
0.000667
0.000668
0.000659
0.000644
0.000633
0.000625
0.000617
0.000607
0.000595
0.000583
0.000573
0.000564
0.000559
0.000560
0.000568
0.000583
0.000601
0.000620
0.000634
0.000643
0.000649
0.000652
0.000651
0.000644
0.000640
0.000645
0.000662
0.000683
0.000702
0.000717
0.000728
0.000734
0.000728
0.000706
0.000675
0.000647
0.000630
0.000626
0.000627
0.000627
0.000625
0.000626
0.000629
0.000631
0.000631
0.000632
0.000639
0.000647
0.000650
0.000645
0.000637
0.000630
0.000621
0.000611
0.000603
0.000600
0.000604
0.000614
0.000627
0.000638
0.000644
0.000643
0.000639
0.000637
0.000633
0.000624
0.000610
0.000601
0.000600
0.000599
0.000590
0.000573
0.000556
0.000547
0.000550
0.000559
0.000569
0.000577
0.000583
0.000589
0.000592
0.000592
0.000586
0.000578
0.000574
0.000574
0.000575
0.000569
0.000557
0.000543
0.000531
0.000524
0.000519
0.000518
0.000529
0.000552
0.000580
0.000601
0.000613
0.000621
0.000632
0.000646
0.000657
0.000663
0.000662
0.000658
0.000650
0.000642
0.000631
0.000612
0.000586
0.000562
0.000554
0.000563
0.000579
0.000588
0.000588
0.000589
0.000600
0.000618
0.000633
0.000641
0.000644
0.000647
0.000654
0.000662
0.000666
0.000664
0.000661
0.000658
0.000653
0.000642
0.000628
0.000619
0.000621
0.000631
0.000641
0.000646
0.000649
0.000654
0.000660
0.000665
0.000666
0.000663
0.000658
0.000655
0.000648
0.000634
0.000619
0.000609
0.000609
0.000614
0.000616
0.000616
0.000615
0.000615
0.000616
0.000618
0.000622
0.000624
0.000617
0.000604
0.000591
0.000584
0.000581
0.000578
0.000572
0.000562
0.000549
0.000537
0.000531
0.000533
0.000539
0.000547
0.000555
0.000563
0.000565
0.000563
0.000557
0.000550
0.000542
0.000535
0.000537
0.000549
0.000560
0.000561
0.000553
0.000549
0.000557
0.000574
0.000594
0.000616
0.000637
0.000654
0.000664
0.000667
0.000665
0.000663
0.000660
0.000659
0.000658
0.000657
0.000654
0.000654
0.000656
0.000661
0.000665
0.000664
0.000659
0.000651
0.000645
0.000643
0.000643
0.000642
0.000640
0.000640
0.000645
0.000653
0.000661
0.000665
0.000669
0.000676
0.000690
0.000704
0.000713
0.000710
0.000699
0.000690
0.000689
0.000696
0.000703
0.000706
0.000704
0.000700
0.000689
0.000671
0.000654
0.000646
0.000648
0.000650
0.000648
0.000644
0.000641
0.000636
0.000624
0.000607
0.000594
0.000595
0.000609
0.000632
0.000656
0.000676
0.000686
0.000681
0.000664
0.000641
0.000621
0.000611
0.000611
0.000619
0.000629
0.000635
0.000640
0.000650
0.000664
0.000678
0.000683
0.000682
0.000681
0.000685
0.000691
0.000696
0.000692
0.000683
0.000674
0.000669
0.000666
0.000660
0.000651
0.000642
0.000640
0.000644
0.000651
0.000659
0.000664
0.000667
0.000664
0.000655
0.000644
0.000633
0.000625
0.000622
0.000625
0.000633
0.000643
0.000649
0.000647
0.000638
0.000628
0.000628
0.000638
0.000648
0.000646
0.000627
0.000600
0.000574
0.000555
0.000543
0.000540
0.000547
0.000564
0.000584
0.000596
0.000598
0.000594
0.000593
0.000598
0.000601
0.000594
0.000580
0.000568
0.000567
0.000571
0.000574
0.000569
0.000560
0.000550
0.000545
0.000545
0.000553
0.000568
0.000586
0.000601
0.000609
0.000614
0.000618
0.000623
0.000629
0.000630
0.000627
0.000626
0.000631
0.000645
0.000662
0.000672
0.000673
0.000664
0.000651
0.000638
0.000623
0.000607
0.000599
0.000603
0.000616
0.000626
0.000624
0.000614
0.000602
0.000592
0.000583
0.000573
0.000564
0.000557
0.000555
0.000556
0.000558
0.000557
0.000555
0.000560
0.000572
0.000585
0.000592
0.000594
0.000598
0.000609
0.000624
0.000639
0.000654
0.000667
0.000675
0.000675
0.000670
0.000668
0.000671
0.000676
0.000683
0.000690
0.000697
0.000703
0.000706
0.000709
0.000710
0.000709
0.000703
0.000690
0.000671
0.000651
0.000635
0.000627
0.000621
0.000616
0.000613
0.000617
0.000630
0.000643
0.000652
0.000655
0.000656
0.000655
0.000654
0.000654
0.000653
0.000653
0.000653
0.000652
0.000648
0.000642
0.000635
0.000630
0.000623
0.000617
0.000617
0.000625
0.000635
0.000639
0.000634
0.000629
0.000631
0.000640
0.000650
0.000661
0.000671
0.000676
0.000676
0.000679
0.000689
0.000703
0.000712
0.000713
0.000712
0.000712
0.000711
0.000708
0.000705
0.000702
0.000701
0.000698
0.000693
0.000690
0.000692
0.000699
0.000711
0.000721
0.000724
0.000718
0.000705
0.000686
0.000661
0.000632
0.000603
0.000580
0.000564
0.000556
0.000556
0.000563
0.000576
0.000591
0.000602
0.000604
0.000597
0.000587
0.000579
0.000573
0.000563
0.000549
0.000537
0.000533
0.000539
0.000550
0.000562
0.000573
0.000581
0.000586
0.000590
0.000595
0.000596
0.000593
0.000587
0.000581
0.000579
0.000581
0.000587
0.000599
0.000615
0.000626
0.000627
0.000619
0.000611
0.000605
0.000599
0.000595
0.000594
0.000600
0.000613
0.000625
0.000630
0.000627
0.000620
0.000610
0.000599
0.000589
0.000580
0.000575
0.000575
0.000582
0.000594
0.000606
0.000610
0.000609
0.000607
0.000608
0.000613
0.000619
0.000629
0.000645
0.000662
0.000672
0.000670
0.000658
0.000646
0.000634
0.000620
0.000600
0.000580
0.000570
0.000576
0.000593
0.000608
0.000610
0.000602
0.000594
0.000595
0.000605
0.000617
0.000627
0.000629
0.000627
0.000624
0.000626
0.000636
0.000645
0.000647
0.000640
0.000630
0.000623
0.000618
0.000615
0.000611
0.000608
0.000605
0.000605
0.000612
0.000626
0.000645
0.000662
0.000671
0.000672
0.000670
0.000672
0.000679
0.000682
0.000674
0.000659
0.000649
0.000652
0.000664
0.000676
0.000679
0.000674
0.000665
0.000657
0.000652
0.000650
0.000651
0.000654
0.000655
0.000651
0.000640
0.000625
0.000611
0.000603
0.000600
0.000598
0.000592
0.000581
0.000568
0.000555
0.000547
0.000542
0.000540
0.000538
0.000533
0.000528
0.000528
0.000535
0.000551
0.000572
0.000595
0.000616
0.000636
0.000653
0.000665
0.000671
0.000670
0.000663
0.000655
0.000650
0.000646
0.000644
0.000645
0.000650
0.000660
0.000671
0.000680
0.000683
0.000680
0.000671
0.000662
0.000655
0.000650
0.000642
0.000630
0.000617
0.000613
0.000618
0.000627
0.000634
0.000635
0.000635
0.000639
0.000650
0.000663
0.000674
0.000681
0.000683
0.000680
0.000672
0.000662
0.000650
0.000639
0.000627
0.000616
0.000607
0.000602
0.000602
0.000611
0.000628
0.000646
0.000660
0.000664
0.000664
0.000666
0.000671
0.000680
0.000690
0.000696
0.000693
0.000680
0.000665
0.000658
0.000661
0.000668
0.000672
0.000674
0.000675
0.000673
0.000665
0.000653
0.000641
0.000631
0.000624
0.000620
0.000621
0.000623
0.000623
0.000619
0.000615
0.000615
0.000618
0.000622
0.000625
0.000625
0.000621
0.000615
0.000609
0.000604
0.000600
0.000596
0.000593
0.000594
0.000601
0.000612
0.000623
0.000630
0.000631
0.000630
0.000635
0.000646
0.000654
0.000651
0.000638
0.000626
0.000621
0.000624
0.000633
0.000646
0.000659
0.000668
0.000670
0.000667
0.000660
0.000648
0.000630
0.000608
0.000587
0.000571
0.000562
0.000560
0.000568
0.000580
0.000591
0.000600
0.000610
0.000619
0.000628
0.000636
0.000642
0.000643
0.000637
0.000623
0.000613
0.000616
0.000628
0.000641
0.000650
0.000654
0.000652
0.000642
0.000629
0.000615
0.000601
0.000582
0.000560
0.000547
0.000548
0.000560
0.000574
0.000585
0.000590
0.000592
0.000593
0.000598
0.000608
0.000621
0.000632
0.000641
0.000645
0.000642
0.000630
0.000617
0.000608
0.000601
0.000594
0.000588
0.000582
0.000578
0.000573
0.000571
0.000578
0.000591
0.000602
0.000604
0.000604
0.000607
0.000615
0.000623
0.000629
0.000637
0.000646
0.000650
0.000642
0.000629
0.000620
0.000620
0.000625
0.000629
0.000635
0.000646
0.000664
0.000679
0.000688
0.000690
0.000692
0.000693
0.000689
0.000680
0.000672
0.000667
0.000663
0.000655
0.000645
0.000631
0.000614
0.000599
0.000592
0.000591
0.000589
0.000579
0.000570
0.000573
0.000589
0.000606
0.000617
0.000620
0.000621
0.000623
0.000627
0.000634
0.000641
0.000646
0.000649
0.000655
0.000665
0.000676
0.000683
0.000686
0.000686
0.000685
0.000679
0.000666
0.000647
0.000624
0.000602
0.000585
0.000577
0.000578
0.000586
0.000594
0.000595
0.000588
0.000580
0.000580
0.000587
0.000592
0.000591
0.000586
0.000585
0.000589
0.000596
0.000605
0.000617
0.000630
0.000639
0.000643
0.000644
0.000642
0.000635
0.000623
0.000614
0.000612
0.000612
0.000607
0.000600
0.000597
0.000602
0.000615
0.000630
0.000640
0.000643
0.000636
0.000622
0.000610
0.000604
0.000608
0.000620
0.000639
0.000660
0.000677
0.000686
0.000687
0.000687
0.000690
0.000697
0.000701
0.000699
0.000695
0.000697
0.000705
0.000711
0.000706
0.000695
0.000685
0.000680
0.000676
0.000671
0.000668
0.000666
0.000661
0.000651
0.000643
0.000645
0.000657
0.000668
0.000668
0.000661
0.000657
0.000657
0.000656
0.000647
0.000633
0.000619
0.000608
0.000599
0.000593
0.000594
0.000605
0.000619
0.000629
0.000629
0.000622
0.000612
0.000599
0.000587
0.000583
0.000588
0.000596
0.000597
0.000593
0.000590
0.000592
0.000597
0.000600
0.000605
0.000612
0.000619
0.000621
0.000619
0.000616
0.000614
0.000613
0.000619
0.000633
0.000650
0.000659
0.000653
0.000639
0.000626
0.000617
0.000608
0.000598
0.000590
0.000584
0.000579
0.000571
0.000566
0.000570
0.000586
0.000605
0.000613
0.000605
0.000588
0.000578
0.000582
0.000594
0.000608
0.000624
0.000643
0.000662
0.000675
0.000677
0.000673
0.000667
0.000662
0.000657
0.000652
0.000647
0.000641
0.000636
0.000635
0.000643
0.000653
0.000653
0.000638
0.000614
0.000598
0.000600
0.000618
0.000642
0.000664
0.000679
0.000684
0.000678
0.000662
0.000641
0.000619
0.000601
0.000589
0.000585
0.000590
0.000600
0.000614
0.000629
0.000642
0.000651
0.000653
0.000652
0.000654
0.000657
0.000659
0.000655
0.000649
0.000640
0.000629
0.000616
0.000604
0.000597
0.000595
0.000594
0.000594
0.000597
0.000603
0.000606
0.000604
0.000597
0.000590
0.000586
0.000585
0.000584
0.000580
0.000575
0.000575
0.000584
0.000598
0.000610
0.000614
0.000612
0.000611
0.000613
0.000614
0.000611
0.000607
0.000607
0.000609
0.000608
0.000603
0.000602
0.000610
0.000627
0.000642
0.000649
0.000647
0.000640
0.000632
0.000627
0.000624
0.000623
0.000621
0.000616
0.000607
0.000596
0.000588
0.000590
0.000602
0.000620
0.000634
0.000642
0.000643
0.000643
0.000644
0.000645
0.000648
0.000653
0.000655
0.000653
0.000644
0.000630
0.000615
0.000605
0.000606
0.000618
0.000638
0.000658
0.000674
0.000684
0.000690
0.000691
0.000690
0.000686
0.000677
0.000667
0.000657
0.000652
0.000652
0.000656
0.000659
0.000661
0.000659
0.000653
0.000647
0.000644
0.000647
0.000651
0.000649
0.000641
0.000631
0.000625
0.000620
0.000616
0.000611
0.000607
0.000602
0.000597
0.000596
0.000602
0.000610
0.000616
0.000620
0.000623
0.000630
0.000637
0.000642
0.000642
0.000643
0.000648
0.000656
0.000663
0.000663
0.000659
0.000654
0.000650
0.000646
0.000638
0.000628
0.000616
0.000606
0.000600
0.000597
0.000596
0.000593
0.000587
0.000584
0.000588
0.000599
0.000609
0.000612
0.000607
0.000599
0.000594
0.000593
0.000594
0.000593
0.000590
0.000589
0.000593
0.000603
0.000614
0.000617
0.000610
0.000598
0.000588
0.000585
0.000587
0.000591
0.000596
0.000606
0.000623
0.000643
0.000661
0.000670
0.000671
0.000667
0.000664
0.000662
0.000659
0.000654
0.000652
0.000653
0.000651
0.000645
0.000636
0.000630
0.000630
0.000632
0.000634
0.000636
0.000638
0.000640
0.000643
0.000650
0.000658
0.000661
0.000650
0.000628
0.000605
0.000588
0.000580
0.000580
0.000587
0.000601
0.000620
0.000638
0.000650
0.000655
0.000657
0.000654
0.000646
0.000633
0.000623
0.000618
0.000618
0.000617
0.000615
0.000616
0.000622
0.000631
0.000639
0.000643
0.000644
0.000647
0.000655
0.000669
0.000685
0.000692
0.000685
0.000670
0.000659
0.000655
0.000652
0.000643
0.000633
0.000631
0.000639
0.000652
0.000662
0.000663
0.000655
0.000642
0.000628
0.000612
0.000596
0.000583
0.000579
0.000590
0.000608
0.000623
0.000630
0.000628
0.000625
0.000626
0.000629
0.000633
0.000635
0.000634
0.000631
0.000627
0.000620
0.000613
0.000607
0.000605
0.000609
0.000620
0.000637
0.000652
0.000659
0.000655
0.000646
0.000641
0.000642
0.000648
0.000654
0.000655
0.000651
0.000644
0.000640
0.000644
0.000651
0.000655
0.000655
0.000655
0.000661
0.000672
0.000682
0.000686
0.000691
0.000700
0.000711
0.000719
0.000716
0.000705
0.000691
0.000675
0.000656
0.000637
0.000624
0.000620
0.000622
0.000622
0.000619
0.000617
0.000619
0.000623
0.000627
0.000629
0.000631
0.000634
0.000639
0.000642
0.000637
0.000625
0.000610
0.000601
0.000596
0.000592
0.000589
0.000590
0.000598
0.000611
0.000622
0.000626
0.000624
0.000619
0.000617
0.000618
0.000620
0.000623
0.000627
0.000631
0.000630
0.000625
0.000620
0.000619
0.000626
0.000635
0.000640
0.000640
0.000632
0.000620
0.000611
0.000610
0.000614
0.000615
0.000611
0.000608
0.000610
0.000617
0.000628
0.000644
0.000659
0.000667
0.000662
0.000646
0.000628
0.000612
0.000602
0.000599
0.000603
0.000607
0.000607
0.000602
0.000595
0.000587
0.000579
0.000578
0.000591
0.000612
0.000629
0.000639
0.000644
0.000648
0.000649
0.000650
0.000658
0.000673
0.000683
0.000679
0.000662
0.000644
0.000634
0.000632
0.000632
0.000631
0.000629
0.000630
0.000636
0.000646
0.000656
0.000660
0.000656
0.000645
0.000629
0.000615
0.000611
0.000619
0.000634
0.000646
0.000653
0.000655
0.000653
0.000648
0.000643
0.000644
0.000648
0.000653
0.000655
0.000654
0.000651
0.000646
0.000641
0.000644
0.000655
0.000669
0.000682
0.000693
0.000701
0.000702
0.000697
0.000689
0.000684
0.000681
0.000680
0.000678
0.000677
0.000676
0.000679
0.000685
0.000692
0.000693
0.000687
0.000676
0.000668
0.000664
0.000658
0.000646
0.000631
0.000615
0.000600
0.000586
0.000572
0.000559
0.000548
0.000544
0.000548
0.000555
0.000555
0.000543
0.000528
0.000526
0.000541
0.000562
0.000575
0.000574
0.000563
0.000550
0.000540
0.000538
0.000542
0.000551
0.000565
0.000588
0.000618
0.000649
0.000672
0.000681
0.000680
0.000681
0.000691
0.000708
0.000719
0.000713
0.000691
0.000669
0.000654
0.000647
0.000642
0.000642
0.000651
0.000669
0.000688
0.000698
0.000700
0.000693
0.000685
0.000681
0.000687
0.000695
0.000699
0.000699
0.000700
0.000705
0.000708
0.000704
0.000699
0.000695
0.000688
0.000676
0.000660
0.000647
0.000637
0.000624
0.000611
0.000605
0.000609
0.000617
0.000622
0.000624
0.000628
0.000634
0.000641
0.000642
0.000637
0.000632
0.000632
0.000638
0.000640
0.000630
0.000611
0.000596
0.000588
0.000583
0.000577
0.000572
0.000572
0.000576
0.000581
0.000587
0.000597
0.000612
0.000628
0.000640
0.000644
0.000636
0.000616
0.000592
0.000574
0.000566
0.000568
0.000579
0.000594
0.000607
0.000614
0.000616
0.000613
0.000608
0.000600
0.000590
0.000584
0.000584
0.000587
0.000594
0.000602
0.000613
0.000628
0.000648
0.000667
0.000681
0.000683
0.000679
0.000676
0.000677
0.000676
0.000668
0.000653
0.000636
0.000619
0.000602
0.000587
0.000580
0.000583
0.000592
0.000603
0.000613
0.000625
0.000637
0.000642
0.000636
0.000620
0.000604
0.000596
0.000597
0.000605
0.000616
0.000630
0.000642
0.000645
0.000637
0.000618
0.000599
0.000594
0.000609
0.000637
0.000663
0.000679
0.000684
0.000683
0.000677
0.000663
0.000645
0.000632
0.000632
0.000645
0.000662
0.000674
0.000678
0.000675
0.000668
0.000657
0.000648
0.000645
0.000651
0.000661
0.000668
0.000668
0.000661
0.000653
0.000644
0.000637
0.000631
0.000627
0.000626
0.000630
0.000639
0.000653
0.000663
0.000668
0.000668
0.000667
0.000665
0.000658
0.000645
0.000631
0.000622
0.000618
0.000617
0.000619
0.000624
0.000632
0.000639
0.000640
0.000635
0.000625
0.000613
0.000599
0.000583
0.000567
0.000555
0.000550
0.000551
0.000554
0.000555
0.000556
0.000558
0.000566
0.000583
0.000609
0.000634
0.000645
0.000639
0.000624
0.000611
0.000604
0.000601
0.000599
0.000599
0.000601
0.000606
0.000612
0.000616
0.000617
0.000614
0.000608
0.000602
0.000601
0.000609
0.000626
0.000643
0.000651
0.000649
0.000644
0.000645
0.000651
0.000659
0.000667
0.000674
0.000685
0.000696
0.000703
0.000704
0.000701
0.000699
0.000698
0.000691
0.000676
0.000657
0.000642
0.000639
0.000648
0.000661
0.000674
0.000687
0.000703
0.000723
0.000741
0.000751
0.000748
0.000735
0.000718
0.000700
0.000683
0.000669
0.000656
0.000641
0.000622
0.000606
0.000602
0.000612
0.000627
0.000636
0.000638
0.000639
0.000640
0.000638
0.000628
0.000614
0.000607
0.000613
0.000626
0.000637
0.000642
0.000642
0.000642
0.000639
0.000628
0.000608
0.000586
0.000571
0.000569
0.000575
0.000582
0.000585
0.000584
0.000581
0.000579
0.000583
0.000591
0.000600
0.000605
0.000599
0.000586
0.000576
0.000577
0.000590
0.000604
0.000612
0.000616
0.000623
0.000631
0.000632
0.000628
0.000625
0.000629
0.000634
0.000635
0.000631
0.000626
0.000620
0.000613
0.000604
0.000596
0.000590
0.000582
0.000575
0.000577
0.000591
0.000613
0.000634
0.000646
0.000651
0.000646
0.000634
0.000619
0.000611
0.000611
0.000618
0.000624
0.000625
0.000622
0.000618
0.000618
0.000622
0.000625
0.000625
0.000622
0.000620
0.000620
0.000622
0.000625
0.000628
0.000630
0.000629
0.000622
0.000613
0.000608
0.000610
0.000615
0.000619
0.000617
0.000612
0.000604
0.000596
0.000592
0.000592
0.000597
0.000602
0.000601
0.000590
0.000574
0.000558
0.000548
0.000543
0.000540
0.000537
0.000534
0.000534
0.000541
0.000558
0.000580
0.000602
0.000622
0.000641
0.000658
0.000665
0.000660
0.000650
0.000645
0.000649
0.000651
0.000646
0.000636
0.000629
0.000627
0.000625
0.000619
0.000610
0.000602
0.000597
0.000599
0.000605
0.000613
0.000621
0.000627
0.000628
0.000621
0.000606
0.000592
0.000590
0.000599
0.000614
0.000630
0.000646
0.000658
0.000662
0.000659
0.000653
0.000650
0.000653
0.000662
0.000674
0.000682
0.000679
0.000667
0.000653
0.000641
0.000627
0.000609
0.000594
0.000589
0.000593
0.000598
0.000599
0.000601
0.000608
0.000614
0.000614
0.000610
0.000609
0.000616
0.000628
0.000639
0.000650
0.000660
0.000670
0.000676
0.000678
0.000678
0.000678
0.000681
0.000682
0.000677
0.000666
0.000654
0.000649
0.000653
0.000661
0.000666
0.000666
0.000663
0.000659
0.000654
0.000646
0.000638
0.000632
0.000628
0.000626
0.000626
0.000629
0.000632
0.000633
0.000633
0.000636
0.000644
0.000655
0.000665
0.000673
0.000678
0.000675
0.000668
0.000665
0.000673
0.000687
0.000698
0.000699
0.000697
0.000697
0.000697
0.000693
0.000686
0.000679
0.000672
0.000660
0.000640
0.000618
0.000605
0.000608
0.000622
0.000634
0.000631
0.000613
0.000591
0.000576
0.000570
0.000571
0.000575
0.000584
0.000598
0.000613
0.000623
0.000626
0.000625
0.000623
0.000623
0.000626
0.000635
0.000653
0.000676
0.000697
0.000707
0.000703
0.000688
0.000669
0.000649
0.000632
0.000618
0.000608
0.000602
0.000602
0.000608
0.000617
0.000623
0.000620
0.000606
0.000585
0.000566
0.000560
0.000568
0.000586
0.000605
0.000619
0.000628
0.000634
0.000637
0.000637
0.000635
0.000632
0.000628
0.000619
0.000612
0.000612
0.000622
0.000636
0.000647
0.000647
0.000637
0.000626
0.000623
0.000628
0.000632
0.000626
0.000616
0.000609
0.000611
0.000616
0.000615
0.000605
0.000593
0.000586
0.000590
0.000602
0.000612
0.000612
0.000605
0.000603
0.000613
0.000630
0.000643
0.000646
0.000644
0.000643
0.000648
0.000661
0.000683
0.000708
0.000729
0.000742
0.000747
0.000746
0.000740
0.000730
0.000717
0.000705
0.000699
0.000694
0.000690
0.000687
0.000688
0.000693
0.000699
0.000704
0.000709
0.000716
0.000717
0.000707
0.000690
0.000679
0.000680
0.000690
0.000697
0.000700
0.000700
0.000697
0.000686
0.000666
0.000643
0.000625
0.000617
0.000618
0.000621
0.000622
0.000616
0.000609
0.000605
0.000606
0.000607
0.000608
0.000609
0.000610
0.000614
0.000621
0.000629
0.000632
0.000624
0.000609
0.000595
0.000590
0.000595
0.000607
0.000621
0.000637
0.000651
0.000662
0.000667
0.000666
0.000658
0.000646
0.000636
0.000636
0.000644
0.000652
0.000652
0.000643
0.000631
0.000618
0.000609
0.000609
0.000622
0.000642
0.000653
0.000645
0.000627
0.000610
0.000599
0.000590
0.000580
0.000572
0.000566
0.000562
0.000561
0.000569
0.000587
0.000606
0.000615
0.000615
0.000613
0.000620
0.000637
0.000659
0.000674
0.000674
0.000661
0.000648
0.000645
0.000650
0.000652
0.000648
0.000642
0.000636
0.000629
0.000620
0.000613
0.000613
0.000618
0.000622
0.000617
0.000602
0.000577
0.000551
0.000538
0.000540
0.000549
0.000557
0.000562
0.000571
0.000584
0.000599
0.000612
0.000621
0.000626
0.000625
0.000621
0.000617
0.000616
0.000614
0.000606
0.000593
0.000576
0.000560
0.000548
0.000544
0.000547
0.000557
0.000572
0.000587
0.000595
0.000595
0.000589
0.000585
0.000584
0.000584
0.000587
0.000595
0.000611
0.000630
0.000644
0.000647
0.000640
0.000627
0.000618
0.000622
0.000636
0.000650
0.000654
0.000650
0.000644
0.000638
0.000633
0.000630
0.000630
0.000630
0.000628
0.000623
0.000620
0.000617
0.000614
0.000609
0.000601
0.000593
0.000586
0.000582
0.000580
0.000577
0.000576
0.000582
0.000595
0.000610
0.000617
0.000617
0.000612
0.000608
0.000602
0.000596
0.000595
0.000601
0.000606
0.000607
0.000606
0.000607
0.000610
0.000615
0.000622
0.000637
0.000656
0.000673
0.000678
0.000667
0.000646
0.000622
0.000603
0.000593
0.000591
0.000591
0.000592
0.000595
0.000603
0.000609
0.000610
0.000605
0.000597
0.000588
0.000581
0.000578
0.000583
0.000595
0.000610
0.000625
0.000641
0.000655
0.000665
0.000664
0.000653
0.000636
0.000623
0.000618
0.000615
0.000609
0.000599
0.000593
0.000598
0.000611
0.000627
0.000640
0.000646
0.000642
0.000629
0.000616
0.000607
0.000602
0.000592
0.000579
0.000569
0.000568
0.000572
0.000572
0.000567
0.000561
0.000558
0.000554
0.000550
0.000546
0.000547
0.000556
0.000571
0.000590
0.000608
0.000621
0.000628
0.000631
0.000629
0.000620
0.000606
0.000593
0.000583
0.000579
0.000582
0.000589
0.000597
0.000601
0.000602
0.000604
0.000611
0.000619
0.000624
0.000628
0.000631
0.000630
0.000618
0.000598
0.000580
0.000572
0.000575
0.000584
0.000594
0.000606
0.000618
0.000629
0.000629
0.000614
0.000582
0.000543
0.000509
0.000490
0.000488
0.000498
0.000510
0.000518
0.000519
0.000516
0.000515
0.000517
0.000523
0.000531
0.000544
0.000559
0.000572
0.000579
0.000582
0.000584
0.000586
0.000589
0.000591
0.000594
0.000599
0.000604
0.000608
0.000610
0.000608
0.000604
0.000598
0.000593
0.000591
0.000588
0.000582
0.000572
0.000562
0.000556
0.000554
0.000551
0.000548
0.000551
0.000561
0.000574
0.000583
0.000591
0.000607
0.000632
0.000657
0.000670
0.000671
0.000667
0.000659
0.000643
0.000620
0.000596
0.000579
0.000570
0.000565
0.000566
0.000571
0.000571
0.000561
0.000542
0.000523
0.000514
0.000518
0.000530
0.000545
0.000557
0.000563
0.000567
0.000569
0.000571
0.000576
0.000590
0.000613
0.000639
0.000656
0.000660
0.000652
0.000638
0.000627
0.000625
0.000629
0.000634
0.000633
0.000627
0.000621
0.000613
0.000598
0.000576
0.000555
0.000541
0.000538
0.000542
0.000552
0.000564
0.000576
0.000591
0.000610
0.000629
0.000637
0.000629
0.000610
0.000593
0.000582
0.000575
0.000571
0.000570
0.000574
0.000579
0.000584
0.000594
0.000608
0.000618
0.000614
0.000599
0.000583
0.000569
0.000557
0.000548
0.000545
0.000553
0.000567
0.000580
0.000585
0.000585
0.000579
0.000573
0.000570
0.000575
0.000587
0.000599
0.000606
0.000609
0.000612
0.000624
0.000642
0.000657
0.000662
0.000655
0.000643
0.000629
0.000617
0.000608
0.000603
0.000603
0.000604
0.000605
0.000605
0.000603
0.000599
0.000595
0.000592
0.000589
0.000586
0.000584
0.000587
0.000595
0.000605
0.000610
0.000609
0.000599
0.000580
0.000561
0.000551
0.000556
0.000570
0.000581
0.000585
0.000587
0.000588
0.000590
0.000590
0.000591
0.000593
0.000593
0.000589
0.000585
0.000581
0.000577
0.000571
0.000563
0.000553
0.000542
0.000530
0.000521
0.000518
0.000520
0.000524
0.000526
0.000526
0.000522
0.000512
0.000498
0.000490
0.000494
0.000508
0.000524
0.000538
0.000553
0.000567
0.000576
0.000573
0.000561
0.000551
0.000548
0.000552
0.000554
0.000552
0.000550
0.000549
0.000546
0.000541
0.000537
0.000541
0.000553
0.000567
0.000574
0.000575
0.000574
0.000579
0.000590
0.000600
0.000605
0.000605
0.000604
0.000604
0.000606
0.000606
0.000598
0.000583
0.000564
0.000547
0.000533
0.000523
0.000517
0.000517
0.000520
0.000520
0.000513
0.000507
0.000507
0.000513
0.000520
0.000522
0.000523
0.000529
0.000539
0.000546
0.000550
0.000553
0.000554
0.000551
0.000544
0.000535
0.000529
0.000524
0.000519
0.000514
0.000513
0.000516
0.000520
0.000522
0.000518
0.000509
0.000498
0.000494
0.000500
0.000515
0.000532
0.000542
0.000544
0.000541
0.000537
0.000535
0.000534
0.000536
0.000538
0.000541
0.000541
0.000541
0.000541
0.000543
0.000546
0.000549
0.000551
0.000553
0.000555
0.000555
0.000550
0.000544
0.000540
0.000538
0.000530
0.000514
0.000499
0.000494
0.000503
0.000520
0.000536
0.000545
0.000542
0.000532
0.000522
0.000515
0.000512
0.000512
0.000519
0.000533
0.000549
0.000561
0.000567
0.000575
0.000584
0.000587
0.000580
0.000566
0.000554
0.000548
0.000550
0.000552
0.000550
0.000538
0.000517
0.000493
0.000474
0.000462
0.000455
0.000447
0.000434
0.000421
0.000416
0.000421
0.000434
0.000446
0.000452
0.000455
0.000462
0.000472
0.000478
0.000478
0.000470
0.000460
0.000453
0.000450
0.000450
0.000452
0.000456
0.000461
0.000464
0.000463
0.000458
0.000456
0.000459
0.000467
0.000475
0.000483
0.000486
0.000486
0.000488
0.000498
0.000512
0.000517
0.000510
0.000500
0.000499
0.000501
0.000495
0.000481
0.000474
0.000479
0.000490
0.000498
0.000500
0.000500
0.000498
0.000494
0.000493
0.000497
0.000507
0.000514
0.000517
0.000516
0.000514
0.000506
0.000491
0.000471
0.000451
0.000435
0.000427
0.000424
0.000425
0.000428
0.000433
0.000434
0.000431
0.000423
0.000419
0.000423
0.000431
0.000436
0.000433
0.000422
0.000411
0.000403
0.000398
0.000398
0.000398
0.000399
0.000399
0.000403
0.000409
0.000415
0.000417
0.000416
0.000418
0.000425
0.000432
0.000436
0.000436
0.000434
0.000430
0.000424
0.000418
0.000417
0.000421
0.000428
0.000428
0.000418
0.000399
0.000380
0.000369
0.000366
0.000370
0.000378
0.000389
0.000404
0.000420
0.000431
0.000432
0.000424
0.000412
0.000400
0.000389
0.000382
0.000378
0.000375
0.000372
0.000368
0.000367
0.000370
0.000377
0.000386
0.000395
0.000403
0.000408
0.000412
0.000413
0.000414
0.000412
0.000410
0.000410
0.000414
0.000423
0.000435
0.000445
0.000453
0.000457
0.000459
0.000459
0.000456
0.000451
0.000443
0.000432
0.000420
0.000409
0.000401
0.000396
0.000390
0.000385
0.000386
0.000394
0.000408
0.000420
0.000424
0.000424
0.000424
0.000426
0.000426
0.000424
0.000419
0.000408
0.000395
0.000382
0.000373
0.000368
0.000366
0.000366
0.000367
0.000370
0.000371
0.000368
0.000363
0.000360
0.000361
0.000367
0.000375
0.000379
0.000377
0.000368
0.000358
0.000348
0.000338
0.000330
0.000329
0.000335
0.000343
0.000347
0.000345
0.000337
0.000329
0.000324
0.000324
0.000328
0.000330
0.000328
0.000327
0.000333
0.000346
0.000358
0.000365
0.000364
0.000359
0.000353
0.000350
0.000351
0.000351
0.000345
0.000334
0.000323
0.000315
0.000307
0.000300
0.000295
0.000300
0.000315
0.000333
0.000346
0.000347
0.000339
0.000329
0.000324
0.000325
0.000332
0.000341
0.000350
0.000356
0.000356
0.000352
0.000346
0.000342
0.000338
0.000332
0.000326
0.000325
0.000329
0.000332
0.000332
0.000328
0.000328
0.000330
0.000329
0.000322
0.000312
0.000303
0.000299
0.000297
0.000295
0.000294
0.000291
0.000282
0.000269
0.000261
0.000263
0.000273
0.000285
0.000298
0.000314
0.000331
0.000345
0.000352
0.000355
0.000358
0.000358
0.000354
0.000348
0.000341
0.000331
0.000317
0.000304
0.000298
0.000302
0.000308
0.000310
0.000308
0.000307
0.000309
0.000313
0.000317
0.000317
0.000313
0.000310
0.000312
0.000313
0.000306
0.000293
0.000280
0.000275
0.000275
0.000277
0.000285
0.000300
0.000315
0.000322
0.000321
0.000319
0.000319
0.000322
0.000328
0.000336
0.000343
0.000342
0.000333
0.000320
0.000306
0.000294
0.000283
0.000275
0.000273
0.000271
0.000266
0.000258
0.000251
0.000250
0.000253
0.000261
0.000272
0.000284
0.000294
0.000302
0.000309
0.000316
0.000320
0.000316
0.000307
0.000294
0.000285
0.000282
0.000283
0.000286
0.000291
0.000300
0.000315
0.000331
0.000340
0.000342
0.000342
0.000345
0.000349
0.000350
0.000347
0.000339
0.000329
0.000318
0.000306
0.000295
0.000287
0.000283
0.000284
0.000289
0.000294
0.000294
0.000292
0.000290
0.000290
0.000292
0.000294
0.000293
0.000289
0.000287
0.000289
0.000293
0.000293
0.000284
0.000271
0.000259
0.000250
0.000241
0.000234
0.000233
0.000239
0.000249
0.000258
0.000260
0.000258
0.000256
0.000257
0.000257
0.000253
0.000246
0.000238
0.000232
0.000224
0.000215
0.000206
0.000202
0.000203
0.000206
0.000209
0.000208
0.000207
0.000207
0.000210
0.000216
0.000221
0.000228
0.000236
0.000244
0.000248
0.000244
0.000236
0.000226
0.000214
0.000204
0.000203
0.000210
0.000220
0.000223
0.000219
0.000214
0.000210
0.000204
0.000195
0.000186
0.000176
0.000168
0.000163
0.000166
0.000174
0.000181
0.000184
0.000183
0.000182
0.000180
0.000178
0.000175
0.000169
0.000160
0.000152
0.000150
0.000154
0.000158
0.000158
0.000156
0.000154
0.000151
0.000145
0.000138
0.000133
0.000134
0.000141
0.000156
0.000177
0.000196
0.000208
0.000211
0.000205
0.000193
0.000179
0.000168
0.000162
0.000160
0.000157
0.000155
0.000156
0.000160
0.000160
0.000157
0.000154
0.000153
0.000153
0.000149
0.000142
0.000136
0.000133
0.000132
0.000130
0.000128
0.000127
0.000129
0.000135
0.000141
0.000142
0.000136
0.000123
0.000104
0.000086
0.000076
0.000076
0.000079
0.000079
0.000077
0.000077
0.000078
0.000080
0.000082
0.000089
0.000100
0.000105
0.000101
0.000092
0.000084
0.000080
0.000077
0.000072
0.000066
0.000058
0.000053
0.000054
0.000058
0.000061
0.000062
0.000062
0.000061
0.000057
0.000047
0.000033
0.000026
0.000032
0.000047
0.000064
0.000074
0.000073
0.000066
0.000058
0.000055
0.000057
0.000061
0.000064
0.000060
0.000051
0.000041
0.000039
0.000041
0.000045
0.000047
0.000049
0.000052
0.000051
0.000043
0.000029
0.000015
0.000007
0.000005
0.000008
0.000012
0.000012
0.000007
-0.000001
-0.000007
-0.000010
-0.000012
-0.000015
-0.000015
-0.000011
-0.000001
0.000009
0.000014
0.000010
0.000005
