0.000142
0.000156
0.000167
0.000171
0.000168
0.000161
0.000154
0.000150
0.000152
0.000153
0.000152
0.000152
0.000154
0.000158
0.000160
0.000156
0.000149
0.000142
0.000139
0.000141
0.000145
0.000148
0.000145
0.000139
0.000134
0.000132
0.000128
0.000119
0.000107
0.000097
0.000086
0.000077
0.000073
0.000079
0.000096
0.000117
0.000135
0.000146
0.000151
0.000153
0.000151
0.000148
0.000147
0.000151
0.000157
0.000157
0.000149
0.000136
0.000122
0.000114
0.000112
0.000111
0.000111
0.000109
0.000107
0.000108
0.000112
0.000117
0.000117
0.000111
0.000102
0.000097
0.000096
0.000095
0.000090
0.000083
0.000078
0.000081
0.000087
0.000090
0.000088
0.000083
0.000082
0.000084
0.000086
0.000081
0.000069
0.000054
0.000042
0.000037
0.000041
0.000051
0.000059
0.000057
0.000044
0.000024
0.000005
-0.000007
-0.000011
-0.000004
0.000010
0.000024
0.000032
0.000040
0.000053
0.000074
0.000097
0.000117
0.000135
0.000147
0.000152
0.000152
0.000155
0.000162
0.000165
0.000159
0.000151
0.000149
0.000151
0.000149
0.000147
0.000151
0.000160
0.000165
0.000164
0.000161
0.000164
0.000170
0.000171
0.000167
0.000162
0.000158
0.000152
0.000142
0.000126
0.000106
0.000089
0.000078
0.000075
0.000076
0.000079
0.000086
0.000097
0.000109
0.000118
0.000124
0.000127
0.000128
0.000128
0.000130
0.000138
0.000152
0.000164
0.000173
0.000180
0.000189
0.000196
0.000197
0.000189
0.000172
0.000148
0.000120
0.000094
0.000080
0.000083
0.000098
0.000111
0.000111
0.000099
0.000088
0.000089
0.000104
0.000122
0.000134
0.000137
0.000136
0.000139
0.000145
0.000155
0.000165
0.000172
0.000174
0.000170
0.000164
0.000157
0.000148
0.000132
0.000112
0.000095
0.000085
0.000078
0.000068
0.000061
0.000063
0.000077
0.000093
0.000103
0.000109
0.000118
0.000129
0.000140
0.000143
0.000142
0.000139
0.000141
0.000151
0.000164
0.000172
0.000173
0.000171
0.000172
0.000173
0.000169
0.000160
0.000152
0.000150
0.000149
0.000145
0.000135
0.000123
0.000113
0.000105
0.000100
0.000099
0.000101
0.000106
0.000111
0.000118
0.000128
0.000141
0.000152
0.000159
0.000162
0.000162
0.000160
0.000158
0.000160
0.000169
0.000177
0.000175
0.000163
0.000150
0.000145
0.000150
0.000159
0.000169
0.000178
0.000185
0.000190
0.000194
0.000198
0.000197
0.000189
0.000175
0.000160
0.000146
0.000130
0.000117
0.000111
0.000113
0.000121
0.000132
0.000149
0.000171
0.000194
0.000211
0.000218
0.000213
0.000198
0.000181
0.000167
0.000161
0.000156
0.000151
0.000150
0.000161
0.000181
0.000203
0.000216
0.000220
0.000218
0.000213
0.000207
0.000200
0.000196
0.000192
0.000187
0.000179
0.000166
0.000151
0.000138
0.000128
0.000123
0.000123
0.000126
0.000128
0.000127
0.000124
0.000122
0.000121
0.000119
0.000117
0.000119
0.000127
0.000139
0.000152
0.000163
0.000166
0.000160
0.000145
0.000128
0.000111
0.000096
0.000086
0.000085
0.000092
0.000100
0.000103
0.000098
0.000087
0.000077
0.000071
0.000075
0.000086
0.000097
0.000102
0.000101
0.000096
0.000083
0.000062
0.000039
0.000026
0.000027
0.000038
0.000052
0.000066
0.000078
0.000086
0.000094
0.000106
0.000116
0.000116
0.000100
0.000075
0.000051
0.000037
0.000034
0.000043
0.000060
0.000075
0.000081
0.000076
0.000066
0.000056
0.000052
0.000056
0.000069
0.000081
0.000085
0.000077
0.000061
0.000048
0.000048
0.000062
0.000080
0.000095
0.000103
0.000104
0.000099
0.000093
0.000093
0.000102
0.000116
0.000127
0.000134
0.000141
0.000148
0.000148
0.000143
0.000140
0.000145
0.000153
0.000159
0.000160
0.000161
0.000162
0.000160
0.000154
0.000147
0.000137
0.000123
0.000106
0.000090
0.000082
0.000083
0.000091
0.000103
0.000118
0.000132
0.000147
0.000163
0.000176
0.000185
0.000189
0.000190
0.000191
0.000192
0.000196
0.000202
0.000206
0.000203
0.000193
0.000179
0.000162
0.000142
0.000121
0.000107
0.000102
0.000103
0.000110
0.000123
0.000139
0.000150
0.000151
0.000146
0.000138
0.000129
0.000121
0.000118
0.000127
0.000144
0.000157
0.000157
0.000141
0.000121
0.000105
0.000092
0.000078
0.000063
0.000055
0.000060
0.000075
0.000089
0.000096
0.000098
0.000098
0.000095
0.000092
0.000096
0.000106
0.000118
0.000129
0.000144
0.000165
0.000184
0.000193
0.000193
0.000190
0.000186
0.000177
0.000162
0.000148
0.000138
0.000128
0.000119
0.000112
0.000112
0.000118
0.000128
0.000135
0.000139
0.000141
0.000147
0.000155
0.000163
0.000169
0.000172
0.000176
0.000184
0.000194
0.000204
0.000213
0.000219
0.000222
0.000222
0.000219
0.000211
0.000200
0.000190
0.000186
0.000187
0.000185
0.000174
0.000156
0.000138
0.000128
0.000129
0.000136
0.000145
0.000149
0.000151
0.000154
0.000156
0.000155
0.000153
0.000154
0.000161
0.000171
0.000183
0.000200
0.000219
0.000233
0.000232
0.000219
0.000203
0.000192
0.000183
0.000176
0.000171
0.000170
0.000170
0.000167
0.000158
0.000142
0.000121
0.000102
0.000095
0.000100
0.000111
0.000122
0.000132
0.000146
0.000164
0.000181
0.000193
0.000195
0.000185
0.000167
0.000147
0.000133
0.000121
0.000108
0.000099
0.000100
0.000113
0.000126
0.000132
0.000137
0.000153
0.000180
0.000209
0.000226
0.000223
0.000205
0.000184
0.000169
0.000163
0.000164
0.000171
0.000181
0.000185
0.000174
0.000146
0.000119
0.000108
0.000115
0.000125
0.000130
0.000137
0.000151
0.000168
0.000178
0.000181
0.000183
0.000185
0.000182
0.000171
0.000158
0.000148
0.000140
0.000130
0.000123
0.000127
0.000140
0.000153
0.000156
0.000150
0.000141
0.000130
0.000116
0.000105
0.000105
0.000113
0.000117
0.000111
0.000099
0.000091
0.000090
0.000097
0.000106
0.000119
0.000133
0.000142
0.000142
0.000133
0.000124
0.000124
0.000131
0.000137
0.000137
0.000135
0.000137
0.000144
0.000148
0.000151
0.000155
0.000164
0.000171
0.000171
0.000166
0.000158
0.000148
0.000135
0.000118
0.000103
0.000098
0.000109
0.000134
0.000160
0.000169
0.000155
0.000128
0.000103
0.000088
0.000085
0.000092
0.000107
0.000123
0.000132
0.000138
0.000147
0.000159
0.000166
0.000165
0.000159
0.000158
0.000162
0.000168
0.000174
0.000179
0.000179
0.000170
0.000152
0.000131
0.000112
0.000101
0.000102
0.000111
0.000118
0.000120
0.000120
0.000125
0.000133
0.000142
0.000147
0.000147
0.000144
0.000140
0.000139
0.000137
0.000133
0.000126
0.000121
0.000121
0.000127
0.000135
0.000139
0.000140
0.000139
0.000142
0.000152
0.000165
0.000176
0.000182
0.000188
0.000197
0.000208
0.000216
0.000216
0.000204
0.000180
0.000154
0.000136
0.000132
0.000137
0.000141
0.000142
0.000142
0.000140
0.000136
0.000136
0.000144
0.000159
0.000171
0.000173
0.000167
0.000160
0.000157
0.000161
0.000174
0.000192
0.000208
0.000218
0.000221
0.000220
0.000213
0.000199
0.000182
0.000166
0.000157
0.000158
0.000167
0.000179
0.000187
0.000191
0.000192
0.000195
0.000200
0.000207
0.000216
0.000224
0.000230
0.000234
0.000238
0.000242
0.000247
0.000249
0.000249
0.000245
0.000238
0.000231
0.000229
0.000231
0.000230
0.000224
0.000213
0.000203
0.000195
0.000189
0.000187
0.000189
0.000194
0.000195
0.000186
0.000163
0.000131
0.000098
0.000072
0.000056
0.000048
0.000048
0.000055
0.000067
0.000074
0.000075
0.000070
0.000067
0.000069
0.000072
0.000073
0.000068
0.000060
0.000056
0.000065
0.000090
0.000125
0.000156
0.000171
0.000166
0.000145
0.000120
0.000102
0.000095
0.000098
0.000107
0.000118
0.000127
0.000130
0.000127
0.000124
0.000125
0.000125
0.000118
0.000110
0.000112
0.000129
0.000155
0.000180
0.000199
0.000208
0.000206
0.000198
0.000190
0.000188
0.000186
0.000182
0.000180
0.000183
0.000186
0.000182
0.000174
0.000164
0.000154
0.000143
0.000136
0.000142
0.000162
0.000186
0.000202
0.000206
0.000199
0.000184
0.000169
0.000161
0.000162
0.000167
0.000166
0.000155
0.000136
0.000117
0.000106
0.000108
0.000123
0.000145
0.000161
0.000166
0.000161
0.000152
0.000141
0.000129
0.000120
0.000123
0.000140
0.000166
0.000187
0.000193
0.000187
0.000179
0.000176
0.000174
0.000168
0.000156
0.000145
0.000140
0.000142
0.000151
0.000168
0.000187
0.000204
0.000218
0.000229
0.000236
0.000237
0.000225
0.000203
0.000176
0.000154
0.000136
0.000118
0.000097
0.000079
0.000077
0.000093
0.000120
0.000147
0.000168
0.000184
0.000196
0.000202
0.000203
0.000207
0.000213
0.000216
0.000211
0.000205
0.000204
0.000207
0.000206
0.000199
0.000189
0.000176
0.000161
0.000145
0.000128
0.000106
0.000084
0.000069
0.000069
0.000078
0.000080
0.000074
0.000069
0.000074
0.000087
0.000103
0.000124
0.000152
0.000180
0.000199
0.000205
0.000202
0.000193
0.000180
0.000161
0.000142
0.000128
0.000121
0.000123
0.000129
0.000132
0.000132
0.000131
0.000129
0.000122
0.000107
0.000093
0.000087
0.000090
0.000094
0.000100
0.000111
0.000126
0.000142
0.000154
0.000164
0.000171
0.000167
0.000155
0.000146
0.000150
0.000158
0.000156
0.000145
0.000134
0.000132
0.000134
0.000131
0.000123
0.000113
0.000104
0.000095
0.000087
0.000081
0.000079
0.000080
0.000080
0.000078
0.000076
0.000076
0.000082
0.000093
0.000108
0.000124
0.000141
0.000159
0.000176
0.000188
0.000189
0.000179
0.000159
0.000134
0.000106
0.000084
0.000070
0.000068
0.000072
0.000079
0.000085
0.000095
0.000112
0.000136
0.000159
0.000174
0.000181
0.000189
0.000200
0.000208
0.000206
0.000197
0.000191
0.000195
0.000201
0.000198
0.000184
0.000166
0.000155
0.000153
0.000156
0.000156
0.000144
0.000124
0.000107
0.000101
0.000105
0.000116
0.000129
0.000139
0.000141
0.000133
0.000125
0.000129
0.000139
0.000144
0.000139
0.000131
0.000124
0.000117
0.000106
0.000096
0.000090
0.000091
0.000095
0.000103
0.000115
0.000129
0.000144
0.000159
0.000169
0.000171
0.000167
0.000167
0.000180
0.000200
0.000215
0.000218
0.000212
0.000204
0.000202
0.000208
0.000213
0.000203
0.000174
0.000140
0.000126
0.000139
0.000165
0.000181
0.000179
0.000169
0.000160
0.000156
0.000156
0.000159
0.000166
0.000171
0.000172
0.000169
0.000165
0.000166
0.000169
0.000168
0.000156
0.000133
0.000108
0.000091
0.000086
0.000090
0.000093
0.000097
0.000107
0.000125
0.000144
0.000155
0.000153
0.000142
0.000125
0.000109
0.000103
0.000111
0.000123
0.000126
0.000121
0.000121
0.000128
0.000135
0.000134
0.000130
0.000129
0.000132
0.000139
0.000150
0.000163
0.000169
0.000162
0.000150
0.000146
0.000150
0.000153
0.000152
0.000153
0.000159
0.000161
0.000153
0.000138
0.000124
0.000118
0.000123
0.000137
0.000153
0.000165
0.000169
0.000175
0.000188
0.000207
0.000226
0.000240
0.000247
0.000243
0.000225
0.000195
0.000166
0.000146
0.000141
0.000150
0.000164
0.000170
0.000161
0.000138
0.000111
0.000087
0.000071
0.000065
0.000066
0.000068
0.000065
0.000059
0.000057
0.000062
0.000070
0.000075
0.000074
0.000071
0.000068
0.000064
0.000064
0.000072
0.000093
0.000124
0.000154
0.000175
0.000186
0.000192
0.000198
0.000203
0.000202
0.000193
0.000179
0.000169
0.000165
0.000167
0.000168
0.000171
0.000179
0.000195
0.000212
0.000223
0.000228
0.000230
0.000230
0.000228
0.000226
0.000228
0.000232
0.000236
0.000236
0.000238
0.000242
0.000249
0.000257
0.000264
0.000266
0.000258
0.000240
0.000218
0.000197
0.000176
0.000156
0.000141
0.000136
0.000136
0.000132
0.000119
0.000103
0.000097
0.000107
0.000127
0.000148
0.000165
0.000176
0.000182
0.000182
0.000174
0.000158
0.000142
0.000131
0.000127
0.000128
0.000132
0.000136
0.000134
0.000128
0.000123
0.000124
0.000134
0.000147
0.000162
0.000178
0.000189
0.000194
0.000192
0.000189
0.000187
0.000187
0.000190
0.000196
0.000203
0.000208
0.000212
0.000216
0.000217
0.000215
0.000214
0.000219
0.000222
0.000212
0.000189
0.000165
0.000152
0.000150
0.000153
0.000153
0.000147
0.000136
0.000126
0.000126
0.000142
0.000165
0.000184
0.000191
0.000189
0.000185
0.000184
0.000190
0.000201
0.000208
0.000205
0.000195
0.000179
0.000157
0.000133
0.000109
0.000093
0.000087
0.000091
0.000105
0.000125
0.000145
0.000159
0.000168
0.000175
0.000176
0.000168
0.000152
0.000137
0.000128
0.000121
0.000112
0.000107
0.000108
0.000110
0.000109
0.000107
0.000115
0.000130
0.000140
0.000140
0.000140
0.000149
0.000164
0.000174
0.000177
0.000177
0.000178
0.000176
0.000172
0.000171
0.000177
0.000184
0.000184
0.000175
0.000161
0.000148
0.000141
0.000143
0.000158
0.000176
0.000186
0.000186
0.000183
0.000186
0.000193
0.000197
0.000196
0.000194
0.000192
0.000187
0.000180
0.000175
0.000177
0.000188
0.000202
0.000213
0.000216
0.000211
0.000205
0.000205
0.000213
0.000222
0.000221
0.000206
0.000184
0.000163
0.000150
0.000140
0.000127
0.000110
0.000097
0.000096
0.000110
0.000132
0.000154
0.000167
0.000169
0.000166
0.000160
0.000149
0.000128
0.000105
0.000092
0.000094
0.000106
0.000116
0.000122
0.000129
0.000138
0.000144
0.000140
0.000130
0.000117
0.000103
0.000087
0.000072
0.000062
0.000057
0.000051
0.000040
0.000033
0.000039
0.000057
0.000075
0.000083
0.000080
0.000077
0.000078
0.000082
0.000088
0.000098
0.000113
0.000127
0.000135
0.000132
0.000116
0.000094
0.000074
0.000067
0.000076
0.000095
0.000115
0.000135
0.000160
0.000192
0.000229
0.000259
0.000275
0.000279
0.000277
0.000276
0.000272
0.000262
0.000245
0.000231
0.000224
0.000226
0.000236
0.000251
0.000262
0.000262
0.000255
0.000250
0.000247
0.000235
0.000207
0.000175
0.000158
0.000162
0.000180
0.000206
0.000235
0.000261
0.000276
0.000282
0.000284
0.000288
0.000289
0.000283
0.000273
0.000260
0.000244
0.000223
0.000201
0.000184
0.000169
0.000159
0.000157
0.000164
0.000177
0.000189
0.000198
0.000203
0.000206
0.000204
0.000201
0.000198
0.000201
0.000206
0.000209
0.000204
0.000191
0.000177
0.000173
0.000180
0.000192
0.000200
0.000200
0.000191
0.000178
0.000170
0.000173
0.000186
0.000204
0.000227
0.000255
0.000281
0.000291
0.000274
0.000244
0.000219
0.000207
0.000206
0.000215
0.000235
0.000259
0.000277
0.000281
0.000271
0.000247
0.000219
0.000195
0.000185
0.000185
0.000185
0.000181
0.000176
0.000173
0.000171
0.000168
0.000168
0.000166
0.000155
0.000135
0.000115
0.000104
0.000102
0.000107
0.000116
0.000127
0.000136
0.000140
0.000145
0.000152
0.000155
0.000143
0.000117
0.000086
0.000060
0.000041
0.000029
0.000023
0.000021
0.000020
0.000027
0.000048
0.000078
0.000103
0.000113
0.000113
0.000113
0.000114
0.000115
0.000115
0.000120
0.000131
0.000145
0.000156
0.000168
0.000182
0.000198
0.000214
0.000230
0.000247
0.000262
0.000273
0.000274
0.000264
0.000246
0.000228
0.000216
0.000210
0.000208
0.000206
0.000205
0.000204
0.000201
0.000191
0.000175
0.000157
0.000140
0.000127
0.000115
0.000105
0.000099
0.000100
0.000107
0.000117
0.000126
0.000132
0.000138
0.000143
0.000150
0.000159
0.000167
0.000169
0.000164
0.000153
0.000142
0.000131
0.000123
0.000117
0.000113
0.000115
0.000119
0.000122
0.000116
0.000102
0.000085
0.000073
0.000071
0.000076
0.000088
0.000103
0.000114
0.000112
0.000092
0.000062
0.000037
0.000028
0.000040
0.000064
0.000092
0.000114
0.000127
0.000135
0.000138
0.000138
0.000137
0.000134
0.000128
0.000115
0.000100
0.000089
0.000087
0.000089
0.000087
0.000083
0.000082
0.000090
0.000106
0.000128
0.000153
0.000180
0.000206
0.000224
0.000232
0.000234
0.000233
0.000229
0.000222
0.000212
0.000203
0.000196
0.000189
0.000184
0.000182
0.000183
0.000183
0.000179
0.000169
0.000156
0.000143
0.000132
0.000126
0.000130
0.000143
0.000158
0.000165
0.000162
0.000151
0.000139
0.000132
0.000135
0.000149
0.000168
0.000182
0.000185
0.000178
0.000169
0.000166
0.000171
0.000173
0.000163
0.000140
0.000116
0.000105
0.000107
0.000114
0.000123
0.000134
0.000147
0.000160
0.000170
0.000176
0.000175
0.000168
0.000155
0.000142
0.000135
0.000136
0.000143
0.000152
0.000156
0.000153
0.000151
0.000157
0.000169
0.000178
0.000180
0.000181
0.000190
0.000207
0.000225
0.000235
0.000229
0.000211
0.000188
0.000170
0.000160
0.000152
0.000141
0.000127
0.000115
0.000110
0.000114
0.000126
0.000137
0.000141
0.000135
0.000131
0.000136
0.000145
0.000153
0.000159
0.000163
0.000163
0.000155
0.000142
0.000134
0.000135
0.000145
0.000161
0.000180
0.000196
0.000202
0.000198
0.000194
0.000196
0.000208
0.000227
0.000250
0.000266
0.000268
0.000260
0.000252
0.000249
0.000242
0.000226
0.000208
0.000202
0.000213
0.000231
0.000241
0.000237
0.000222
0.000204
0.000188
0.000182
0.000187
0.000203
0.000222
0.000230
0.000216
0.000182
0.000139
0.000102
0.000077
0.000067
0.000070
0.000079
0.000085
0.000083
0.000075
0.000064
0.000057
0.000060
0.000079
0.000107
0.000129
0.000138
0.000143
0.000155
0.000174
0.000189
0.000197
0.000206
0.000221
0.000233
0.000236
0.000229
0.000218
0.000205
0.000190
0.000176
0.000166
0.000164
0.000165
0.000163
0.000157
0.000154
0.000160
0.000170
0.000177
0.000177
0.000171
0.000165
0.000159
0.000158
0.000164
0.000177
0.000190
0.000202
0.000210
0.000211
0.000201
0.000185
0.000174
0.000172
0.000175
0.000174
0.000170
0.000167
0.000166
0.000165
0.000167
0.000177
0.000193
0.000207
0.000214
0.000219
0.000219
0.000212
0.000200
0.000192
0.000188
0.000182
0.000170
0.000157
0.000146
0.000130
0.000109
0.000091
0.000089
0.000100
0.000113
0.000120
0.000121
0.000122
0.000130
0.000146
0.000173
0.000205
0.000233
0.000249
0.000256
0.000260
0.000265
0.000269
0.000271
0.000269
0.000267
0.000264
0.000258
0.000248
0.000237
0.000224
0.000209
0.000196
0.000190
0.000192
0.000193
0.000187
0.000177
0.000174
0.000177
0.000181
0.000182
0.000190
0.000205
0.000218
0.000217
0.000201
0.000182
0.000165
0.000155
0.000154
0.000161
0.000169
0.000173
0.000174
0.000177
0.000182
0.000184
0.000180
0.000172
0.000167
0.000167
0.000176
0.000195
0.000216
0.000229
0.000226
0.000213
0.000196
0.000180
0.000164
0.000144
0.000118
0.000089
0.000067
0.000061
0.000069
0.000083
0.000099
0.000118
0.000142
0.000162
0.000173
0.000176
0.000176
0.000174
0.000167
0.000157
0.000149
0.000146
0.000145
0.000143
0.000146
0.000154
0.000163
0.000170
0.000177
0.000189
0.000203
0.000210
0.000201
0.000179
0.000156
0.000140
0.000131
0.000128
0.000127
0.000123
0.000118
0.000116
0.000121
0.000128
0.000129
0.000125
0.000125
0.000134
0.000146
0.000151
0.000149
0.000145
0.000145
0.000152
0.000166
0.000182
0.000191
0.000187
0.000179
0.000175
0.000173
0.000165
0.000153
0.000143
0.000139
0.000136
0.000133
0.000139
0.000159
0.000185
0.000201
0.000202
0.000193
0.000186
0.000186
0.000195
0.000206
0.000214
0.000216
0.000213
0.000202
0.000185
0.000167
0.000158
0.000163
0.000174
0.000185
0.000195
0.000203
0.000211
0.000221
0.000234
0.000247
0.000249
0.000235
0.000213
0.000194
0.000181
0.000172
0.000171
0.000183
0.000200
0.000211
0.000212
0.000210
0.000215
0.000222
0.000224
0.000217
0.000202
0.000185
0.000174
0.000170
0.000171
0.000168
0.000159
0.000145
0.000134
0.000127
0.000123
0.000121
0.000119
0.000114
0.000108
0.000104
0.000108
0.000122
0.000142
0.000161
0.000176
0.000185
0.000186
0.000180
0.000173
0.000170
0.000172
0.000176
0.000178
0.000182
0.000190
0.000199
0.000197
0.000181
0.000158
0.000140
0.000133
0.000138
0.000152
0.000168
0.000177
0.000181
0.000187
0.000198
0.000209
0.000211
0.000205
0.000200
0.000199
0.000198
0.000195
0.000194
0.000196
0.000201
0.000205
0.000209
0.000209
0.000202
0.000188
0.000178
0.000179
0.000185
0.000187
0.000185
0.000185
0.000189
0.000191
0.000183
0.000170
0.000160
0.000160
0.000166
0.000175
0.000183
0.000194
0.000206
0.000213
0.000211
0.000201
0.000194
0.000197
0.000206
0.000213
0.000212
0.000207
0.000205
0.000209
0.000214
0.000212
0.000199
0.000180
0.000168
0.000167
0.000173
0.000172
0.000160
0.000140
0.000117
0.000099
0.000090
0.000091
0.000100
0.000108
0.000114
0.000119
0.000126
0.000131
0.000129
0.000124
0.000122
0.000129
0.000142
0.000151
0.000150
0.000141
0.000129
0.000121
0.000117
0.000115
0.000116
0.000123
0.000140
0.000164
0.000191
0.000213
0.000222
0.000210
0.000181
0.000148
0.000127
0.000120
0.000116
0.000106
0.000093
0.000084
0.000076
0.000066
0.000058
0.000063
0.000083
0.000109
0.000132
0.000151
0.000171
0.000185
0.000182
0.000162
0.000136
0.000118
0.000108
0.000099
0.000092
0.000093
0.000103
0.000117
0.000127
0.000132
0.000131
0.000131
0.000132
0.000136
0.000136
0.000125
0.000106
0.000091
0.000088
0.000089
0.000087
0.000083
0.000088
0.000108
0.000132
0.000145
0.000141
0.000122
0.000098
0.000077
0.000060
0.000045
0.000035
0.000034
0.000046
0.000067
0.000088
0.000102
0.000111
0.000121
0.000136
0.000151
0.000161
0.000167
0.000169
0.000168
0.000166
0.000165
0.000166
0.000168
0.000172
0.000177
0.000183
0.000190
0.000198
0.000207
0.000214
0.000221
0.000230
0.000245
0.000261
0.000269
0.000262
0.000243
0.000222
0.000206
0.000197
0.000195
0.000199
0.000210
0.000224
0.000237
0.000243
0.000238
0.000223
0.000201
0.000179
0.000160
0.000145
0.000134
0.000127
0.000125
0.000123
0.000114
0.000101
0.000092
0.000097
0.000115
0.000137
0.000154
0.000167
0.000180
0.000195
0.000204
0.000208
0.000211
0.000220
0.000229
0.000229
0.000223
0.000218
0.000222
0.000231
0.000235
0.000229
0.000212
0.000182
0.000144
0.000110
0.000095
0.000102
0.000119
0.000132
0.000136
0.000137
0.000145
0.000160
0.000175
0.000182
0.000179
0.000172
0.000168
0.000167
0.000169
0.000172
0.000174
0.000170
0.000157
0.000136
0.000113
0.000094
0.000083
0.000079
0.000077
0.000074
0.000070
0.000068
0.000070
0.000075
0.000078
0.000078
0.000070
0.000055
0.000037
0.000030
0.000040
0.000063
0.000082
0.000085
0.000070
0.000046
0.000024
0.000015
0.000022
0.000042
0.000064
0.000082
0.000095
0.000108
0.000124
0.000140
0.000152
0.000155
0.000150
0.000145
0.000149
0.000164
0.000187
0.000211
0.000228
0.000231
0.000220
0.000201
0.000183
0.000172
0.000163
0.000154
0.000147
0.000148
0.000157
0.000163
0.000163
0.000164
0.000172
0.000185
0.000187
0.000172
0.000150
0.000133
0.000124
0.000117
0.000108
0.000100
0.000091
0.000078
0.000058
0.000043
0.000043
0.000058
0.000081
0.000105
0.000127
0.000142
0.000144
0.000138
0.000133
0.000130
0.000120
0.000101
0.000081
0.000070
0.000069
0.000072
0.000077
0.000090
0.000104
0.000107
0.000093
0.000075
0.000070
0.000078
0.000087
0.000083
0.000075
0.000079
0.000103
0.000137
0.000164
0.000176
0.000175
0.000167
0.000155
0.000144
0.000131
0.000118
0.000108
0.000107
0.000120
0.000139
0.000152
0.000153
0.000145
0.000136
0.000128
0.000124
0.000125
0.000130
0.000139
0.000148
0.000157
0.000165
0.000172
0.000178
0.000182
0.000180
0.000169
0.000154
0.000147
0.000150
0.000155
0.000148
0.000131
0.000112
0.000093
0.000075
0.000064
0.000066
0.000084
0.000118
0.000160
0.000201
0.000226
0.000221
0.000192
0.000158
0.000134
0.000120
0.000107
0.000091
0.000076
0.000065
0.000062
0.000071
0.000094
0.000127
0.000162
0.000194
0.000216
0.000223
0.000213
0.000194
0.000175
0.000163
0.000158
0.000155
0.000153
0.000153
0.000154
0.000155
0.000153
0.000157
0.000174
0.000199
0.000219
0.000223
0.000220
0.000227
0.000251
0.000280
0.000296
0.000292
0.000274
0.000251
0.000228
0.000210
0.000202
0.000206
0.000217
0.000226
0.000225
0.000217
0.000210
0.000208
0.000207
0.000201
0.000191
0.000186
0.000190
0.000202
0.000216
0.000226
0.000229
0.000223
0.000212
0.000204
0.000203
0.000206
0.000206
0.000205
0.000209
0.000217
0.000218
0.000205
0.000180
0.000157
0.000144
0.000138
0.000128
0.000111
0.000098
0.000099
0.000113
0.000126
0.000129
0.000126
0.000124
0.000125
0.000121
0.000112
0.000103
0.000099
0.000102
0.000113
0.000134
0.000157
0.000174
0.000178
0.000170
0.000161
0.000162
0.000178
0.000205
0.000233
0.000251
0.000259
0.000262
0.000261
0.000255
0.000243
0.000227
0.000214
0.000207
0.000208
0.000214
0.000221
0.000225
0.000228
0.000232
0.000234
0.000228
0.000215
0.000203
0.000193
0.000181
0.000162
0.000141
0.000122
0.000109
0.000100
0.000099
0.000108
0.000122
0.000128
0.000128
0.000132
0.000147
0.000170
0.000190
0.000206
0.000216
0.000218
0.000204
0.000177
0.000150
0.000133
0.000130
0.000135
0.000146
0.000158
0.000165
0.000158
0.000143
0.000131
0.000129
0.000135
0.000138
0.000137
0.000135
0.000137
0.000144
0.000156
0.000169
0.000175
0.000169
0.000157
0.000146
0.000143
0.000141
0.000136
0.000128
0.000122
0.000122
0.000129
0.000139
0.000152
0.000171
0.000195
0.000217
0.000230
0.000230
0.000224
0.000224
0.000235
0.000248
0.000254
0.000246
0.000228
0.000206
0.000190
0.000185
0.000187
0.000191
0.000190
0.000189
0.000193
0.000206
0.000225
0.000243
0.000258
0.000265
0.000268
0.000267
0.000263
0.000251
0.000235
0.000223
0.000222
0.000227
0.000228
0.000222
0.000212
0.000204
0.000200
0.000198
0.000201
0.000208
0.000213
0.000203
0.000181
0.000157
0.000148
0.000158
0.000179
0.000199
0.000206
0.000203
0.000196
0.000193
0.000195
0.000198
0.000199
0.000198
0.000200
0.000203
0.000209
0.000214
0.000213
0.000201
0.000184
0.000170
0.000167
0.000174
0.000182
0.000190
0.000198
0.000205
0.000205
0.000200
0.000193
0.000193
0.000197
0.000197
0.000191
0.000187
0.000190
0.000196
0.000196
0.000182
0.000157
0.000133
0.000121
0.000124
0.000137
0.000152
0.000163
0.000169
0.000175
0.000179
0.000181
0.000176
0.000164
0.000149
0.000133
0.000120
0.000106
0.000093
0.000082
0.000073
0.000066
0.000060
0.000059
0.000065
0.000077
0.000091
0.000108
0.000129
0.000150
0.000162
0.000158
0.000143
0.000127
0.000114
0.000103
0.000094
0.000088
0.000088
0.000092
0.000098
0.000107
0.000121
0.000133
0.000134
0.000118
0.000096
0.000085
0.000098
0.000131
0.000167
0.000187
0.000193
0.000194
0.000196
0.000193
0.000175
0.000147
0.000121
0.000103
0.000090
0.000077
0.000068
0.000068
0.000084
0.000112
0.000143
0.000165
0.000172
0.000167
0.000162
0.000161
0.000161
0.000154
0.000143
0.000135
0.000135
0.000138
0.000137
0.000130
0.000123
0.000121
0.000126
0.000135
0.000141
0.000138
0.000128
0.000119
0.000115
0.000115
0.000114
0.000112
0.000111
0.000110
0.000112
0.000119
0.000134
0.000151
0.000161
0.000164
0.000169
0.000182
0.000199
0.000211
0.000218
0.000223
0.000227
0.000226
0.000224
0.000226
0.000231
0.000231
0.000217
0.000199
0.000188
0.000187
0.000191
0.000192
0.000196
0.000209
0.000230
0.000246
0.000244
0.000226
0.000198
0.000168
0.000140
0.000122
0.000116
0.000116
0.000113
0.000104
0.000092
0.000085
0.000084
0.000089
0.000099
0.000112
0.000124
0.000133
0.000146
0.000166
0.000184
0.000185
0.000168
0.000147
0.000133
0.000129
0.000128
0.000128
0.000125
0.000118
0.000107
0.000098
0.000097
0.000108
0.000130
0.000159
0.000185
0.000194
0.000180
0.000151
0.000123
0.000103
0.000094
0.000091
0.000094
0.000100
0.000108
0.000120
0.000136
0.000154
0.000167
0.000171
0.000171
0.000170
0.000174
0.000179
0.000182
0.000180
0.000176
0.000172
0.000165
0.000151
0.000134
0.000120
0.000114
0.000114
0.000112
0.000104
0.000092
0.000081
0.000072
0.000063
0.000051
0.000041
0.000043
0.000068
0.000108
0.000146
0.000164
0.000163
0.000155
0.000148
0.000145
0.000144
0.000139
0.000126
0.000106
0.000088
0.000078
0.000076
0.000078
0.000081
0.000086
0.000088
0.000080
0.000066
0.000054
0.000049
0.000049
0.000056
0.000067
0.000081
0.000095
0.000111
0.000134
0.000163
0.000186
0.000195
0.000192
0.000184
0.000177
0.000173
0.000174
0.000175
0.000168
0.000155
0.000145
0.000147
0.000155
0.000158
0.000158
0.000166
0.000190
0.000222
0.000253
0.000276
0.000288
0.000288
0.000283
0.000280
0.000282
0.000281
0.000270
0.000258
0.000256
0.000267
0.000284
0.000292
0.000284
0.000261
0.000233
0.000205
0.000179
0.000159
0.000149
0.000153
0.000166
0.000175
0.000178
0.000187
0.000210
0.000238
0.000256
0.000258
0.000251
0.000239
0.000216
0.000179
0.000139
0.000109
0.000095
0.000093
0.000098
0.000107
0.000119
0.000132
0.000146
0.000161
0.000174
0.000177
0.000167
0.000153
0.000148
0.000153
0.000159
0.000156
0.000142
0.000123
0.000109
0.000106
0.000112
0.000120
0.000123
0.000122
0.000125
0.000130
0.000128
0.000114
0.000093
0.000077
0.000072
0.000076
0.000088
0.000109
0.000132
0.000152
0.000169
0.000183
0.000197
0.000209
0.000219
0.000228
0.000235
0.000241
0.000250
0.000265
0.000282
0.000291
0.000280
0.000251
0.000215
0.000184
0.000171
0.000177
0.000194
0.000210
0.000213
0.000204
0.000186
0.000168
0.000158
0.000163
0.000184
0.000212
0.000240
0.000263
0.000278
0.000279
0.000265
0.000237
0.000205
0.000178
0.000160
0.000153
0.000151
0.000143
0.000125
0.000107
0.000100
0.000105
0.000109
0.000103
0.000092
0.000089
0.000098
0.000113
0.000126
0.000137
0.000146
0.000155
0.000161
0.000160
0.000150
0.000131
0.000108
0.000086
0.000074
0.000076
0.000084
0.000087
0.000078
0.000065
0.000059
0.000069
0.000089
0.000112
0.000137
0.000159
0.000174
0.000180
0.000178
0.000176
0.000177
0.000180
0.000186
0.000191
0.000198
0.000205
0.000209
0.000204
0.000186
0.000161
0.000143
0.000142
0.000152
0.000163
0.000171
0.000179
0.000190
0.000198
0.000196
0.000182
0.000164
0.000151
0.000147
0.000150
0.000149
0.000138
0.000122
0.000113
0.000115
0.000120
0.000116
0.000104
0.000095
0.000096
0.000099
0.000097
0.000092
0.000096
0.000112
0.000132
0.000147
0.000152
0.000156
0.000164
0.000174
0.000183
0.000185
0.000181
0.000177
0.000173
0.000164
0.000154
0.000146
0.000143
0.000140
0.000131
0.000120
0.000116
0.000126
0.000143
0.000160
0.000171
0.000180
0.000190
0.000197
0.000197
0.000191
0.000185
0.000183
0.000186
0.000188
0.000185
0.000179
0.000175
0.000175
0.000174
0.000170
0.000164
0.000162
0.000168
0.000177
0.000185
0.000185
0.000178
0.000167
0.000154
0.000142
0.000132
0.000124
0.000117
0.000114
0.000121
0.000143
0.000178
0.000212
0.000231
0.000236
0.000232
0.000229
0.000225
0.000218
0.000212
0.000207
0.000203
0.000201
0.000202
0.000211
0.000221
0.000220
0.000204
0.000180
0.000163
0.000157
0.000158
0.000158
0.000153
0.000144
0.000133
0.000124
0.000121
0.000125
0.000134
0.000141
0.000145
0.000149
0.000155
0.000157
0.000152
0.000142
0.000134
0.000131
0.000131
0.000128
0.000122
0.000116
0.000117
0.000134
0.000165
0.000198
0.000216
0.000212
0.000194
0.000176
0.000165
0.000160
0.000157
0.000156
0.000153
0.000146
0.000135
0.000124
0.000118
0.000111
0.000098
0.000084
0.000079
0.000092
0.000120
0.000155
0.000186
0.000208
0.000216
0.000209
0.000189
0.000167
0.000156
0.000160
0.000169
0.000174
0.000179
0.000192
0.000210
0.000226
0.000234
0.000240
0.000244
0.000245
0.000248
0.000260
0.000278
0.000289
0.000289
0.000284
0.000285
0.000288
0.000280
0.000260
0.000231
0.000195
0.000160
0.000136
0.000132
0.000143
0.000152
0.000157
0.000163
0.000174
0.000183
0.000187
0.000190
0.000196
0.000201
0.000196
0.000184
0.000171
0.000160
0.000152
0.000147
0.000146
0.000147
0.000149
0.000150
0.000154
0.000160
0.000168
0.000178
0.000192
0.000208
0.000222
0.000229
0.000226
0.000212
0.000191
0.000168
0.000144
0.000120
0.000100
0.000093
0.000103
0.000120
0.000135
0.000149
0.000167
0.000182
0.000187
0.000180
0.000170
0.000164
0.000162
0.000162
0.000166
0.000176
0.000185
0.000185
0.000174
0.000158
0.000143
0.000131
0.000124
0.000121
0.000120
0.000117
0.000109
0.000097
0.000087
0.000082
0.000083
0.000086
0.000090
0.000097
0.000112
0.000131
0.000146
0.000156
0.000165
0.000174
0.000175
0.000161
0.000143
0.000132
0.000136
0.000147
0.000160
0.000174
0.000192
0.000211
0.000229
0.000245
0.000258
0.000261
0.000254
0.000236
0.000215
0.000199
0.000195
0.000203
0.000212
0.000209
0.000189
0.000156
0.000118
0.000079
0.000048
0.000030
0.000028
0.000034
0.000044
0.000060
0.000085
0.000117
0.000147
0.000174
0.000197
0.000216
0.000225
0.000224
0.000218
0.000214
0.000210
0.000202
0.000187
0.000172
0.000160
0.000158
0.000165
0.000176
0.000186
0.000195
0.000211
0.000237
0.000261
0.000272
0.000267
0.000257
0.000247
0.000238
0.000233
0.000232
0.000234
0.000232
0.000224
0.000215
0.000211
0.000207
0.000200
0.000197
0.000208
0.000235
0.000262
0.000271
0.000258
0.000229
0.000198
0.000174
0.000164
0.000172
0.000195
0.000225
0.000249
0.000259
0.000256
0.000246
0.000234
0.000217
0.000200
0.000188
0.000187
0.000189
0.000186
0.000177
0.000168
0.000167
0.000170
0.000171
0.000167
0.000158
0.000142
0.000123
0.000108
0.000103
0.000109
0.000120
0.000137
0.000158
0.000181
0.000198
0.000208
0.000219
0.000240
0.000266
0.000289
0.000298
0.000293
0.000281
0.000273
0.000271
0.000271
0.000266
0.000259
0.000256
0.000265
0.000283
0.000299
0.000305
0.000300
0.000290
0.000281
0.000273
0.000264
0.000258
0.000256
0.000257
0.000257
0.000250
0.000236
0.000215
0.000191
0.000172
0.000164
0.000168
0.000174
0.000175
0.000176
0.000187
0.000209
0.000231
0.000244
0.000251
0.000254
0.000252
0.000236
0.000208
0.000177
0.000156
0.000150
0.000157
0.000169
0.000182
0.000193
0.000197
0.000191
0.000173
0.000150
0.000127
0.000108
0.000093
0.000085
0.000083
0.000081
0.000074
0.000065
0.000066
0.000080
0.000102
0.000121
0.000136
0.000151
0.000166
0.000181
0.000194
0.000204
0.000209
0.000209
0.000205
0.000205
0.000210
0.000214
0.000210
0.000198
0.000182
0.000162
0.000142
0.000122
0.000107
0.000098
0.000094
0.000095
0.000096
0.000098
0.000100
0.000106
0.000116
0.000128
0.000141
0.000155
0.000173
0.000193
0.000210
0.000215
0.000205
0.000182
0.000153
0.000130
0.000119
0.000123
0.000138
0.000160
0.000178
0.000184
0.000179
0.000168
0.000163
0.000163
0.000167
0.000170
0.000174
0.000184
0.000198
0.000210
0.000214
0.000210
0.000199
0.000187
0.000172
0.000154
0.000137
0.000131
0.000137
0.000148
0.000154
0.000150
0.000142
0.000135
0.000129
0.000124
0.000122
0.000122
0.000123
0.000126
0.000135
0.000151
0.000167
0.000177
0.000181
0.000186
0.000193
0.000196
0.000187
0.000167
0.000142
0.000124
0.000117
0.000119
0.000124
0.000124
0.000119
0.000116
0.000121
0.000130
0.000138
0.000142
0.000149
0.000162
0.000179
0.000187
0.000181
0.000169
0.000165
0.000175
0.000188
0.000191
0.000178
0.000153
0.000126
0.000104
0.000094
0.000098
0.000113
0.000131
0.000146
0.000159
0.000170
0.000175
0.000169
0.000154
0.000140
0.000132
0.000127
0.000119
0.000108
0.000101
0.000103
0.000114
0.000131
0.000150
0.000166
0.000179
0.000188
0.000191
0.000189
0.000181
0.000166
0.000145
0.000127
0.000117
0.000119
0.000127
0.000138
0.000148
0.000158
0.000163
0.000167
0.000172
0.000183
0.000196
0.000204
0.000202
0.000193
0.000183
0.000180
0.000184
0.000197
0.000211
0.000218
0.000212
0.000196
0.000183
0.000183
0.000195
0.000205
0.000201
0.000186
0.000174
0.000176
0.000188
0.000199
0.000207
0.000208
0.000199
0.000179
0.000158
0.000148
0.000153
0.000159
0.000152
0.000135
0.000119
0.000117
0.000129
0.000147
0.000163
0.000171
0.000171
0.000166
0.000163
0.000161
0.000159
0.000156
0.000153
0.000153
0.000156
0.000159
0.000157
0.000147
0.000135
0.000127
0.000130
0.000140
0.000149
0.000156
0.000162
0.000170
0.000177
0.000176
0.000163
0.000145
0.000130
0.000122
0.000116
0.000110
0.000106
0.000110
0.000117
0.000121
0.000118
0.000120
0.000135
0.000159
0.000179
0.000188
0.000183
0.000168
0.000155
0.000151
0.000157
0.000164
0.000165
0.000168
0.000182
0.000208
0.000231
0.000240
0.000239
0.000237
0.000239
0.000241
0.000238
0.000230
0.000218
0.000203
0.000188
0.000176
0.000166
0.000159
0.000155
0.000160
0.000175
0.000201
0.000227
0.000242
0.000243
0.000234
0.000223
0.000214
0.000209
0.000211
0.000218
0.000221
0.000212
0.000195
0.000179
0.000169
0.000161
0.000152
0.000145
0.000146
0.000154
0.000163
0.000164
0.000157
0.000144
0.000130
0.000121
0.000120
0.000126
0.000135
0.000143
0.000146
0.000141
0.000133
0.000128
0.000133
0.000147
0.000162
0.000167
0.000158
0.000140
0.000122
0.000114
0.000118
0.000127
0.000132
0.000130
0.000118
0.000098
0.000077
0.000065
0.000067
0.000080
0.000097
0.000112
0.000125
0.000131
0.000126
0.000115
0.000115
0.000134
0.000164
0.000186
0.000194
0.000193
0.000191
0.000193
0.000194
0.000193
0.000186
0.000171
0.000149
0.000129
0.000122
0.000130
0.000140
0.000144
0.000140
0.000138
0.000144
0.000160
0.000180
0.000196
0.000202
0.000192
0.000170
0.000147
0.000133
0.000132
0.000138
0.000147
0.000154
0.000159
0.000161
0.000162
0.000162
0.000162
0.000163
0.000164
0.000158
0.000142
0.000117
0.000093
0.000077
0.000070
0.000072
0.000081
0.000093
0.000103
0.000106
0.000105
0.000110
0.000126
0.000148
0.000172
0.000193
0.000209
0.000217
0.000219
0.000210
0.000191
0.000165
0.000142
0.000126
0.000116
0.000110
0.000106
0.000110
0.000123
0.000142
0.000166
0.000186
0.000193
0.000180
0.000151
0.000122
0.000101
0.000085
0.000069
0.000054
0.000051
0.000060
0.000074
0.000089
0.000102
0.000111
0.000115
0.000113
0.000111
0.000115
0.000122
0.000126
0.000125
0.000126
0.000131
0.000136
0.000135
0.000129
0.000124
0.000124
0.000127
0.000126
0.000121
0.000112
0.000101
0.000094
0.000095
0.000105
0.000118
0.000130
0.000140
0.000151
0.000159
0.000166
0.000170
0.000171
0.000168
0.000158
0.000146
0.000137
0.000133
0.000135
0.000142
0.000150
0.000155
0.000154
0.000150
0.000150
0.000153
0.000156
0.000158
0.000162
0.000166
0.000160
0.000143
0.000117
0.000090
0.000066
0.000047
0.000036
0.000035
0.000037
0.000040
0.000047
0.000059
0.000074
0.000090
0.000110
0.000134
0.000157
0.000167
0.000166
0.000163
0.000162
0.000161
0.000153
0.000140
0.000126
0.000116
0.000112
0.000116
0.000124
0.000129
0.000127
0.000121
0.000118
0.000117
0.000115
0.000110
0.000108
0.000119
0.000144
0.000175
0.000199
0.000210
0.000214
0.000215
0.000212
0.000204
0.000198
0.000199
0.000199
0.000186
0.000157
0.000130
0.000121
0.000128
0.000139
0.000146
0.000148
0.000145
0.000138
0.000130
0.000126
0.000128
0.000127
0.000121
0.000115
0.000115
0.000122
0.000128
0.000125
0.000115
0.000102
0.000096
0.000100
0.000117
0.000142
0.000165
0.000175
0.000172
0.000166
0.000165
0.000167
0.000168
0.000164
0.000161
0.000160
0.000158
0.000150
0.000139
0.000130
0.000121
0.000111
0.000098
0.000088
0.000087
0.000096
0.000110
0.000119
0.000120
0.000116
0.000110
0.000102
0.000091
0.000084
0.000086
0.000100
0.000118
0.000134
0.000144
0.000147
0.000143
0.000135
0.000130
0.000127
0.000120
0.000107
0.000095
0.000092
0.000102
0.000117
0.000132
0.000147
0.000163
0.000181
0.000194
0.000200
0.000201
0.000206
0.000214
0.000219
0.000213
0.000194
0.000170
0.000154
0.000150
0.000153
0.000158
0.000160
0.000162
0.000167
0.000176
0.000183
0.000184
0.000180
0.000175
0.000170
0.000163
0.000153
0.000146
0.000145
0.000148
0.000150
0.000151
0.000152
0.000156
0.000163
0.000171
0.000179
0.000184
0.000185
0.000183
0.000183
0.000185
0.000188
0.000188
0.000186
0.000179
0.000168
0.000152
0.000136
0.000122
0.000118
0.000125
0.000140
0.000151
0.000154
0.000151
0.000145
0.000135
0.000123
0.000115
0.000114
0.000116
0.000113
0.000106
0.000100
0.000096
0.000091
0.000089
0.000099
0.000122
0.000147
0.000161
0.000159
0.000142
0.000110
0.000069
0.000031
0.000010
0.000007
0.000017
0.000032
0.000048
0.000066
0.000085
0.000106
0.000126
0.000143
0.000157
0.000171
0.000186
0.000195
0.000193
0.000180
0.000166
0.000157
0.000155
0.000154
0.000150
0.000145
0.000146
0.000159
0.000187
0.000221
0.000251
0.000268
0.000265
0.000238
0.000200
0.000169
0.000161
0.000169
0.000172
0.000159
0.000139
0.000128
0.000133
0.000145
0.000153
0.000153
0.000145
0.000131
0.000111
0.000088
0.000062
0.000036
0.000014
0.000003
0.000008
0.000029
0.000059
0.000091
0.000122
0.000148
0.000162
0.000160
0.000142
0.000116
0.000096
0.000087
0.000086
0.000092
0.000106
0.000131
0.000166
0.000203
0.000231
0.000244
0.000241
0.000229
0.000216
0.000209
0.000208
0.000213
0.000224
0.000244
0.000272
0.000301
0.000319
0.000318
0.000302
0.000279
0.000254
0.000230
0.000209
0.000199
0.000202
0.000214
0.000223
0.000224
0.000220
0.000218
0.000222
0.000230
0.000232
0.000223
0.000205
0.000189
0.000181
0.000181
0.000184
0.000186
0.000185
0.000176
0.000160
0.000143
0.000136
0.000141
0.000152
0.000160
0.000165
0.000172
0.000187
0.000208
0.000229
0.000242
0.000247
0.000246
0.000245
0.000244
0.000243
0.000239
0.000231
0.000221
0.000208
0.000197
0.000188
0.000182
0.000175
0.000166
0.000151
0.000131
0.000110
0.000094
0.000088
0.000093
0.000107
0.000128
0.000151
0.000166
0.000169
0.000167
0.000175
0.000191
0.000205
0.000205
0.000196
0.000187
0.000183
0.000188
0.000197
0.000204
0.000199
0.000186
0.000179
0.000185
0.000193
0.000191
0.000185
0.000188
0.000203
0.000218
0.000227
0.000234
0.000241
0.000243
0.000233
0.000219
0.000213
0.000216
0.000219
0.000213
0.000200
0.000187
0.000182
0.000193
0.000215
0.000230
0.000229
0.000216
0.000203
0.000191
0.000177
0.000160
0.000150
0.000152
0.000160
0.000160
0.000144
0.000116
0.000083
0.000059
0.000052
0.000061
0.000074
0.000088
0.000105
0.000129
0.000155
0.000175
0.000181
0.000177
0.000168
0.000157
0.000150
0.000149
0.000159
0.000179
0.000206
0.000231
0.000242
0.000234
0.000210
0.000182
0.000157
0.000140
0.000136
0.000144
0.000158
0.000164
0.000160
0.000153
0.000151
0.000151
0.000146
0.000133
0.000120
0.000113
0.000118
0.000131
0.000143
0.000149
0.000152
0.000164
0.000182
0.000196
0.000192
0.000177
0.000167
0.000167
0.000164
0.000154
0.000142
0.000144
0.000159
0.000174
0.000179
0.000170
0.000152
0.000131
0.000110
0.000093
0.000077
0.000063
0.000054
0.000060
0.000079
0.000102
0.000121
0.000136
0.000153
0.000168
0.000176
0.000178
0.000183
0.000192
0.000199
0.000195
0.000183
0.000173
0.000166
0.000159
0.000145
0.000128
0.000114
0.000107
0.000109
0.000117
0.000133
0.000149
0.000157
0.000154
0.000144
0.000134
0.000122
0.000108
0.000096
0.000096
0.000110
0.000127
0.000139
0.000149
0.000164
0.000187
0.000208
0.000219
0.000219
0.000211
0.000198
0.000188
0.000185
0.000189
0.000189
0.000179
0.000163
0.000154
0.000157
0.000162
0.000159
0.000151
0.000145
0.000146
0.000153
0.000162
0.000171
0.000175
0.000169
0.000158
0.000150
0.000149
0.000150
0.000150
0.000156
0.000171
0.000188
0.000196
0.000192
0.000177
0.000159
0.000143
0.000136
0.000140
0.000152
0.000162
0.000165
0.000160
0.000149
0.000135
0.000120
0.000111
0.000115
0.000132
0.000152
0.000162
0.000155
0.000136
0.000119
0.000115
0.000126
0.000147
0.000174
0.000206
0.000236
0.000253
0.000253
0.000243
0.000233
0.000227
0.000225
0.000223
0.000216
0.000200
0.000178
0.000154
0.000131
0.000108
0.000085
0.000065
0.000056
0.000063
0.000085
0.000110
0.000130
0.000143
0.000153
0.000165
0.000174
0.000177
0.000176
0.000181
0.000191
0.000200
0.000202
0.000204
0.000209
0.000212
0.000209
0.000205
0.000206
0.000212
0.000213
0.000205
0.000192
0.000183
0.000179
0.000180
0.000186
0.000195
0.000205
0.000215
0.000220
0.000218
0.000207
0.000193
0.000184
0.000180
0.000181
0.000180
0.000180
0.000182
0.000189
0.000199
0.000207
0.000203
0.000187
0.000167
0.000154
0.000151
0.000154
0.000165
0.000188
0.000218
0.000241
0.000243
0.000232
0.000221
0.000214
0.000205
0.000192
0.000176
0.000168
0.000169
0.000178
0.000187
0.000187
0.000176
0.000160
0.000148
0.000142
0.000137
0.000132
0.000127
0.000125
0.000129
0.000137
0.000145
0.000146
0.000138
0.000127
0.000125
0.000132
0.000146
0.000166
0.000188
0.000205
0.000212
0.000212
0.000213
0.000220
0.000224
0.000221
0.000217
0.000221
0.000233
0.000242
0.000247
0.000249
0.000252
0.000256
0.000258
0.000257
0.000253
0.000241
0.000223
0.000206
0.000190
0.000172
0.000151
0.000133
0.000129
0.000135
0.000140
0.000141
0.000145
0.000157
0.000168
0.000172
0.000170
0.000173
0.000181
0.000190
0.000199
0.000213
0.000233
0.000253
0.000264
0.000269
0.000271
0.000266
0.000250
0.000233
0.000223
0.000221
0.000214
0.000200
0.000189
0.000193
0.000210
0.000227
0.000234
0.000229
0.000217
0.000200
0.000186
0.000180
0.000181
0.000181
0.000178
0.000173
0.000171
0.000174
0.000177
0.000178
0.000178
0.000176
0.000172
0.000164
0.000155
0.000145
0.000136
0.000129
0.000124
0.000121
0.000121
0.000122
0.000124
0.000131
0.000141
0.000150
0.000152
0.000150
0.000155
0.000171
0.000184
0.000181
0.000163
0.000145
0.000140
0.000148
0.000158
0.000165
0.000167
0.000169
0.000170
0.000169
0.000164
0.000153
0.000139
0.000126
0.000117
0.000112
0.000110
0.000113
0.000121
0.000128
0.000125
0.000111
0.000091
0.000070
0.000046
0.000025
0.000014
0.000020
0.000033
0.000041
0.000045
0.000053
0.000073
0.000102
0.000128
0.000141
0.000141
0.000137
0.000133
0.000133
0.000132
0.000130
0.000128
0.000123
0.000113
0.000100
0.000090
0.000088
0.000088
0.000084
0.000083
0.000089
0.000102
0.000114
0.000118
0.000114
0.000106
0.000097
0.000093
0.000096
0.000100
0.000095
0.000081
0.000063
0.000048
0.000037
0.000030
0.000030
0.000043
0.000067
0.000094
0.000121
0.000141
0.000147
0.000136
0.000113
0.000088
0.000065
0.000047
0.000042
0.000055
0.000076
0.000093
0.000102
0.000111
0.000125
0.000135
0.000141
0.000150
0.000169
0.000188
0.000193
0.000183
0.000168
0.000152
0.000136
0.000124
0.000128
0.000147
0.000164
0.000167
0.000158
0.000149
0.000148
0.000152
0.000159
0.000172
0.000188
0.000197
0.000193
0.000173
0.000145
0.000124
0.000116
0.000119
0.000121
0.000113
0.000097
0.000083
0.000075
0.000074
0.000081
0.000095
0.000109
0.000114
0.000106
0.000085
0.000064
0.000055
0.000061
0.000074
0.000083
0.000086
0.000089
0.000095
0.000094
0.000079
0.000055
0.000033
0.000021
0.000017
0.000018
0.000024
0.000033
0.000045
0.000063
0.000092
0.000126
0.000152
0.000163
0.000161
0.000153
0.000144
0.000137
0.000128
0.000113
0.000092
0.000075
0.000078
0.000101
0.000125
0.000132
0.000121
0.000106
0.000101
0.000108
0.000121
0.000131
0.000133
0.000130
0.000127
0.000128
0.000131
0.000136
0.000143
0.000155
0.000165
0.000167
0.000166
0.000163
0.000153
0.000127
0.000090
0.000061
0.000055
0.000069
0.000090
0.000100
0.000096
0.000086
0.000084
0.000099
0.000126
0.000150
0.000154
0.000139
0.000117
0.000099
0.000088
0.000083
0.000081
0.000079
0.000073
0.000060
0.000045
0.000036
0.000040
0.000056
0.000076
0.000095
0.000110
0.000121
0.000126
0.000126
0.000123
0.000121
0.000118
0.000111
0.000101
0.000087
0.000071
0.000062
0.000070
0.000099
0.000139
0.000169
0.000175
0.000159
0.000129
0.000099
0.000078
0.000069
0.000065
0.000060
0.000057
0.000061
0.000070
0.000081
0.000092
0.000105
0.000121
0.000140
0.000161
0.000183
0.000200
0.000205
0.000198
0.000186
0.000181
0.000185
0.000197
0.000213
0.000223
0.000218
0.000199
0.000180
0.000174
0.000178
0.000182
0.000183
0.000184
0.000189
0.000192
0.000185
0.000173
0.000164
0.000165
0.000177
0.000192
0.000200
0.000197
0.000186
0.000169
0.000151
0.000133
0.000120
0.000116
0.000119
0.000126
0.000137
0.000153
0.000167
0.000177
0.000182
0.000187
0.000191
0.000194
0.000193
0.000188
0.000178
0.000159
0.000134
0.000107
0.000084
0.000070
0.000072
0.000085
0.000096
0.000091
0.000076
0.000069
0.000082
0.000109
0.000136
0.000155
0.000162
0.000156
0.000145
0.000138
0.000142
0.000154
0.000169
0.000179
0.000175
0.000156
0.000128
0.000106
0.000099
0.000106
0.000117
0.000126
0.000124
0.000111
0.000095
0.000090
0.000102
0.000119
0.000134
0.000151
0.000177
0.000207
0.000232
0.000246
0.000253
0.000252
0.000239
0.000216
0.000194
0.000179
0.000168
0.000158
0.000149
0.000142
0.000136
0.000132
0.000135
0.000143
0.000149
0.000149
0.000148
0.000152
0.000161
0.000168
0.000169
0.000167
0.000164
0.000161
0.000161
0.000169
0.000186
0.000209
0.000227
0.000228
0.000210
0.000184
0.000167
0.000165
0.000173
0.000182
0.000189
0.000193
0.000197
0.000204
0.000215
0.000229
0.000237
0.000232
0.000217
0.000204
0.000203
0.000213
0.000226
0.000233
0.000233
0.000229
0.000224
0.000216
0.000204
0.000192
0.000185
0.000184
0.000185
0.000185
0.000183
0.000180
0.000178
0.000178
0.000177
0.000169
0.000148
0.000120
0.000095
0.000082
0.000076
0.000073
0.000080
0.000102
0.000138
0.000175
0.000201
0.000208
0.000195
0.000165
0.000132
0.000108
0.000101
0.000109
0.000126
0.000148
0.000168
0.000180
0.000179
0.000171
0.000165
0.000167
0.000174
0.000180
0.000177
0.000166
0.000158
0.000162
0.000179
0.000198
0.000212
0.000221
0.000226
0.000226
0.000220
0.000215
0.000213
0.000209
0.000192
0.000161
0.000130
0.000113
0.000114
0.000126
0.000143
0.000160
0.000171
0.000174
0.000169
0.000161
0.000154
0.000152
0.000155
0.000155
0.000149
0.000139
0.000135
0.000138
0.000139
0.000130
0.000113
0.000097
0.000088
0.000083
0.000079
0.000074
0.000070
0.000060
0.000043
0.000027
0.000022
0.000033
0.000050
0.000064
0.000072
0.000077
0.000084
0.000088
0.000088
0.000084
0.000076
0.000062
0.000040
0.000020
0.000015
0.000030
0.000060
0.000095
0.000126
0.000152
0.000173
0.000190
0.000204
0.000215
0.000221
0.000217
0.000205
0.000190
0.000177
0.000167
0.000161
0.000159
0.000163
0.000169
0.000169
0.000159
0.000141
0.000123
0.000115
0.000119
0.000131
0.000145
0.000162
0.000179
0.000192
0.000196
0.000191
0.000183
0.000177
0.000171
0.000159
0.000145
0.000136
0.000137
0.000143
0.000147
0.000142
0.000129
0.000110
0.000086
0.000065
0.000051
0.000052
0.000063
0.000076
0.000084
0.000086
0.000087
0.000093
0.000104
0.000118
0.000132
0.000148
0.000162
0.000174
0.000183
0.000193
0.000206
0.000217
0.000220
0.000214
0.000204
0.000189
0.000170
0.000150
0.000142
0.000154
0.000177
0.000193
0.000194
0.000191
0.000193
0.000199
0.000201
0.000194
0.000184
0.000177
0.000172
0.000167
0.000165
0.000167
0.000171
0.000173
0.000171
0.000166
0.000164
0.000166
0.000169
0.000168
0.000161
0.000156
0.000159
0.000167
0.000171
0.000164
0.000153
0.000149
0.000156
0.000166
0.000171
0.000167
0.000154
0.000135
0.000115
0.000103
0.000099
0.000097
0.000093
0.000091
0.000097
0.000111
0.000130
0.000150
0.000168
0.000182
0.000189
0.000189
0.000181
0.000161
0.000132
0.000112
0.000119
0.000150
0.000187
0.000213
0.000231
0.000246
0.000254
0.000248
0.000229
0.000206
0.000187
0.000172
0.000159
0.000146
0.000138
0.000133
0.000133
0.000140
0.000152
0.000163
0.000170
0.000175
0.000186
0.000202
0.000219
0.000231
0.000235
0.000232
0.000226
0.000216
0.000209
0.000206
0.000208
0.000212
0.000210
0.000201
0.000192
0.000190
0.000194
0.000193
0.000180
0.000161
0.000149
0.000156
0.000177
0.000204
0.000228
0.000247
0.000257
0.000256
0.000247
0.000238
0.000237
0.000238
0.000235
0.000224
0.000213
0.000209
0.000207
0.000196
0.000176
0.000159
0.000160
0.000178
0.000199
0.000212
0.000214
0.000209
0.000202
0.000195
0.000190
0.000188
0.000186
0.000181
0.000176
0.000173
0.000172
0.000170
0.000170
0.000176
0.000186
0.000195
0.000200
0.000206
0.000217
0.000229
0.000237
0.000239
0.000236
0.000233
0.000234
0.000239
0.000247
0.000251
0.000249
0.000237
0.000214
0.000183
0.000150
0.000125
0.000117
0.000126
0.000147
0.000168
0.000180
0.000182
0.000180
0.000182
0.000188
0.000190
0.000183
0.000172
0.000166
0.000165
0.000164
0.000162
0.000162
0.000163
0.000162
0.000160
0.000166
0.000182
0.000202
0.000213
0.000210
0.000197
0.000179
0.000162
0.000152
0.000149
0.000150
0.000152
0.000153
0.000156
0.000162
0.000168
0.000175
0.000182
0.000189
0.000195
0.000201
0.000204
0.000201
0.000189
0.000167
0.000143
0.000128
0.000125
0.000134
0.000153
0.000176
0.000203
0.000227
0.000246
0.000257
0.000262
0.000261
0.000255
0.000241
0.000219
0.000196
0.000179
0.000175
0.000180
0.000185
0.000185
0.000180
0.000177
0.000177
0.000174
0.000169
0.000165
0.000169
0.000178
0.000187
0.000190
0.000188
0.000182
0.000179
0.000182
0.000194
0.000206
0.000210
0.000199
0.000180
0.000162
0.000145
0.000130
0.000116
0.000108
0.000105
0.000107
0.000113
0.000120
0.000126
0.000137
0.000161
0.000193
0.000220
0.000233
0.000234
0.000233
0.000230
0.000222
0.000210
0.000200
0.000190
0.000177
0.000163
0.000156
0.000161
0.000168
0.000168
0.000163
0.000157
0.000149
0.000138
0.000124
0.000114
0.000113
0.000118
0.000129
0.000139
0.000147
0.000151
0.000155
0.000158
0.000153
0.000138
0.000119
0.000109
0.000115
0.000130
0.000147
0.000164
0.000181
0.000195
0.000203
0.000204
0.000198
0.000186
0.000169
0.000152
0.000138
0.000129
0.000121
0.000115
0.000122
0.000146
0.000177
0.000198
0.000204
0.000201
0.000198
0.000194
0.000186
0.000175
0.000170
0.000173
0.000178
0.000182
0.000183
0.000183
0.000182
0.000180
0.000182
0.000192
0.000202
0.000206
0.000202
0.000195
0.000192
0.000193
0.000196
0.000197
0.000193
0.000185
0.000176
0.000173
0.000178
0.000186
0.000190
0.000183
0.000171
0.000160
0.000159
0.000173
0.000193
0.000210
0.000216
0.000214
0.000209
0.000202
0.000194
0.000189
0.000192
0.000206
0.000222
0.000232
0.000234
0.000231
0.000226
0.000222
0.000219
0.000214
0.000205
0.000187
0.000166
0.000147
0.000139
0.000139
0.000141
0.000138
0.000130
0.000120
0.000113
0.000112
0.000117
0.000125
0.000131
0.000131
0.000128
0.000129
0.000141
0.000163
0.000187
0.000203
0.000205
0.000194
0.000177
0.000165
0.000162
0.000170
0.000184
0.000200
0.000212
0.000218
0.000219
0.000220
0.000223
0.000226
0.000228
0.000227
0.000227
0.000227
0.000224
0.000214
0.000197
0.000181
0.000169
0.000157
0.000142
0.000130
0.000125
0.000127
0.000129
0.000127
0.000124
0.000125
0.000127
0.000128
0.000130
0.000138
0.000148
0.000152
0.000147
0.000138
0.000130
0.000125
0.000122
0.000119
0.000117
0.000121
0.000137
0.000163
0.000189
0.000207
0.000214
0.000213
0.000200
0.000177
0.000149
0.000123
0.000098
0.000071
0.000046
0.000038
0.000050
0.000075
0.000099
0.000118
0.000132
0.000136
0.000129
0.000118
0.000116
0.000126
0.000137
0.000141
0.000140
0.000139
0.000138
0.000136
0.000132
0.000128
0.000126
0.000130
0.000142
0.000156
0.000160
0.000153
0.000140
0.000131
0.000126
0.000122
0.000117
0.000119
0.000132
0.000151
0.000167
0.000179
0.000192
0.000207
0.000222
0.000230
0.000227
0.000213
0.000193
0.000173
0.000159
0.000155
0.000159
0.000165
0.000168
0.000167
0.000164
0.000164
0.000170
0.000180
0.000188
0.000192
0.000195
0.000201
0.000213
0.000227
0.000239
0.000242
0.000235
0.000222
0.000211
0.000209
0.000213
0.000218
0.000220
0.000219
0.000216
0.000210
0.000199
0.000186
0.000175
0.000173
0.000180
0.000192
0.000195
0.000185
0.000167
0.000152
0.000146
0.000143
0.000137
0.000128
0.000120
0.000112
0.000104
0.000100
0.000105
0.000116
0.000125
0.000126
0.000122
0.000121
0.000129
0.000144
0.000158
0.000164
0.000159
0.000149
0.000145
0.000145
0.000139
0.000118
0.000088
0.000059
0.000036
0.000017
-0.000001
-0.000019
-0.000037
-0.000053
-0.000067
-0.000074
-0.000070
-0.000053
-0.000029
-0.000005
0.000014
0.000033
0.000061
0.000099
0.000139
0.000164
0.000164
0.000145
0.000124
0.000110
0.000107
0.000115
0.000126
0.000134
0.000136
0.000137
0.000138
0.000138
0.000132
0.000125
0.000128
0.000143
0.000163
0.000177
0.000190
0.000208
0.000225
0.000230
0.000219
0.000201
0.000184
0.000170
0.000160
0.000160
0.000171
0.000183
0.000190
0.000197
0.000210
0.000222
0.000221
0.000208
0.000195
0.000191
0.000186
0.000172
0.000147
0.000119
0.000096
0.000084
0.000085
0.000092
0.000093
0.000083
0.000073
0.000076
0.000094
0.000116
0.000134
0.000143
0.000145
0.000140
0.000132
0.000131
0.000138
0.000146
0.000149
0.000146
0.000136
0.000120
0.000097
0.000071
0.000049
0.000032
0.000025
0.000029
0.000047
0.000070
0.000090
0.000102
0.000114
0.000127
0.000135
0.000124
0.000098
0.000072
0.000063
0.000075
0.000098
0.000120
0.000135
0.000139
0.000136
0.000129
0.000124
0.000127
0.000141
0.000167
0.000200
0.000230
0.000247
0.000246
0.000234
0.000224
0.000224
0.000233
0.000240
0.000238
0.000227
0.000213
0.000202
0.000191
0.000181
0.000175
0.000178
0.000187
0.000196
0.000209
0.000228
0.000248
0.000254
0.000241
0.000219
0.000205
0.000207
0.000216
0.000220
0.000213
0.000196
0.000181
0.000177
0.000183
0.000189
0.000189
0.000187
0.000193
0.000212
0.000239
0.000259
0.000265
0.000258
0.000246
0.000237
0.000227
0.000213
0.000193
0.000172
0.000154
0.000141
0.000134
0.000138
0.000151
0.000163
0.000162
0.000150
0.000139
0.000132
0.000126
0.000121
0.000121
0.000127
0.000133
0.000129
0.000114
0.000096
0.000081
0.000074
0.000073
0.000074
0.000073
0.000070
0.000069
0.000075
0.000091
0.000116
0.000144
0.000167
0.000178
0.000171
0.000151
0.000122
0.000092
0.000069
0.000057
0.000056
0.000064
0.000080
0.000107
0.000143
0.000176
0.000192
0.000189
0.000176
0.000160
0.000146
0.000129
0.000109
0.000092
0.000086
0.000096
0.000118
0.000140
0.000153
0.000155
0.000154
0.000153
0.000156
0.000167
0.000188
0.000212
0.000229
0.000236
0.000239
0.000246
0.000253
0.000252
0.000242
0.000227
0.000213
0.000202
0.000191
0.000181
0.000173
0.000170
0.000175
0.000190
0.000210
0.000226
0.000230
0.000224
0.000216
0.000210
0.000203
0.000191
0.000178
0.000167
0.000160
0.000155
0.000150
0.000144
0.000135
0.000123
0.000108
0.000091
0.000076
0.000068
0.000072
0.000088
0.000109
0.000127
0.000138
0.000148
0.000157
0.000160
0.000154
0.000145
0.000141
0.000143
0.000145
0.000143
0.000137
0.000129
0.000122
0.000120
0.000128
0.000139
0.000142
0.000138
0.000133
0.000134
0.000134
0.000129
0.000125
0.000128
0.000134
0.000134
0.000125
0.000112
0.000104
0.000104
0.000111
0.000121
0.000128
0.000135
0.000151
0.000176
0.000201
0.000213
0.000216
0.000217
0.000221
0.000221
0.000217
0.000211
0.000208
0.000201
0.000190
0.000180
0.000179
0.000186
0.000195
0.000202
0.000206
0.000207
0.000208
0.000210
0.000216
0.000226
0.000237
0.000247
0.000248
0.000238
0.000224
0.000218
0.000221
0.000227
0.000225
0.000217
0.000205
0.000186
0.000155
0.000116
0.000083
0.000065
0.000063
0.000070
0.000081
0.000094
0.000104
0.000108
0.000110
0.000114
0.000118
0.000117
0.000107
0.000085
0.000057
0.000034
0.000028
0.000039
0.000053
0.000055
0.000042
0.000022
0.000005
-0.000007
-0.000011
-0.000006
0.000007
0.000025
0.000042
0.000057
0.000069
0.000073
0.000071
0.000069
0.000077
0.000099
0.000123
0.000136
0.000140
0.000147
0.000162
0.000177
0.000172
0.000147
0.000118
0.000104
0.000109
0.000122
0.000133
0.000135
0.000125
0.000112
0.000104
0.000109
0.000125
0.000142
0.000152
0.000152
0.000146
0.000140
0.000140
0.000149
0.000165
0.000182
0.000200
0.000217
0.000229
0.000230
0.000223
0.000219
0.000221
0.000225
0.000225
0.000220
0.000211
0.000199
0.000182
0.000161
0.000145
0.000143
0.000160
0.000190
0.000229
0.000264
0.000285
0.000281
0.000256
0.000222
0.000199
0.000189
0.000186
0.000184
0.000188
0.000200
0.000216
0.000223
0.000220
0.000213
0.000206
0.000202
0.000204
0.000219
0.000243
0.000257
0.000249
0.000222
0.000192
0.000167
0.000148
0.000137
0.000140
0.000159
0.000185
0.000204
0.000205
0.000191
0.000172
0.000160
0.000157
0.000159
0.000159
0.000157
0.000154
0.000150
0.000145
0.000140
0.000137
0.000136
0.000135
0.000132
0.000133
0.000141
0.000154
0.000163
0.000155
0.000131
0.000105
0.000093
0.000101
0.000113
0.000114
0.000101
0.000084
0.000075
0.000080
0.000096
0.000114
0.000124
0.000123
0.000119
0.000120
0.000126
0.000132
0.000135
0.000136
0.000137
0.000141
0.000146
0.000151
0.000151
0.000147
0.000142
0.000144
0.000151
0.000159
0.000169
0.000184
0.000202
0.000213
0.000211
0.000195
0.000169
0.000142
0.000122
0.000111
0.000103
0.000088
0.000077
0.000087
0.000124
0.000171
0.000206
0.000221
0.000218
0.000201
0.000180
0.000165
0.000160
0.000158
0.000152
0.000149
0.000159
0.000181
0.000206
0.000226
0.000242
0.000256
0.000263
0.000263
0.000257
0.000246
0.000234
0.000226
0.000228
0.000235
0.000239
0.000237
0.000233
0.000229
0.000216
0.000193
0.000167
0.000152
0.000150
0.000159
0.000172
0.000190
0.000211
0.000231
0.000242
0.000239
0.000220
0.000192
0.000171
0.000167
0.000178
0.000193
0.000204
0.000211
0.000218
0.000228
0.000236
0.000233
0.000222
0.000210
0.000205
0.000199
0.000186
0.000171
0.000164
0.000172
0.000186
0.000195
0.000197
0.000195
0.000189
0.000182
0.000175
0.000167
0.000156
0.000144
0.000141
0.000151
0.000164
0.000169
0.000167
0.000164
0.000161
0.000153
0.000138
0.000120
0.000104
0.000095
0.000096
0.000111
0.000131
0.000146
0.000149
0.000146
0.000144
0.000153
0.000174
0.000201
0.000222
0.000229
0.000224
0.000217
0.000211
0.000205
0.000197
0.000191
0.000189
0.000186
0.000181
0.000175
0.000169
0.000163
0.000155
0.000145
0.000137
0.000135
0.000142
0.000156
0.000174
0.000190
0.000201
0.000212
0.000218
0.000211
0.000186
0.000154
0.000129
0.000117
0.000113
0.000112
0.000114
0.000123
0.000137
0.000151
0.000163
0.000169
0.000169
0.000161
0.000144
0.000124
0.000113
0.000120
0.000142
0.000163
0.000174
0.000177
0.000182
0.000190
0.000192
0.000187
0.000182
0.000187
0.000197
0.000200
0.000194
0.000188
0.000192
0.000206
0.000220
0.000224
0.000221
0.000218
0.000224
0.000236
0.000249
0.000256
0.000257
0.000255
0.000251
0.000244
0.000229
0.000209
0.000189
0.000177
0.000169
0.000157
0.000139
0.000126
0.000128
0.000140
0.000149
0.000143
0.000130
0.000121
0.000123
0.000130
0.000132
0.000126
0.000113
0.000098
0.000081
0.000062
0.000045
0.000040
0.000050
0.000068
0.000080
0.000082
0.000078
0.000075
0.000076
0.000082
0.000095
0.000113
0.000132
0.000147
0.000157
0.000161
0.000164
0.000173
0.000192
0.000213
0.000224
0.000221
0.000212
0.000208
0.000205
0.000196
0.000177
0.000155
0.000135
0.000117
0.000102
0.000090
0.000079
0.000067
0.000059
0.000062
0.000075
0.000087
0.000092
0.000092
0.000094
0.000101
0.000108
0.000114
0.000123
0.000137
0.000151
0.000160
0.000164
0.000172
0.000187
0.000202
0.000205
0.000196
0.000184
0.000180
0.000186
0.000195
0.000204
0.000210
0.000208
0.000194
0.000167
0.000140
0.000125
0.000127
0.000136
0.000144
0.000149
0.000153
0.000162
0.000173
0.000182
0.000181
0.000170
0.000152
0.000134
0.000119
0.000110
0.000107
0.000108
0.000108
0.000107
0.000114
0.000135
0.000163
0.000183
0.000183
0.000172
0.000172
0.000191
0.000221
0.000244
0.000249
0.000241
0.000229
0.000220
0.000214
0.000208
0.000197
0.000181
0.000161
0.000143
0.000129
0.000119
0.000113
0.000110
0.000105
0.000096
0.000082
0.000074
0.000079
0.000098
0.000120
0.000132
0.000134
0.000135
0.000144
0.000161
0.000175
0.000178
0.000171
0.000159
0.000142
0.000121
0.000102
0.000092
0.000092
0.000095
0.000101
0.000111
0.000126
0.000140
0.000143
0.000133
0.000117
0.000103
0.000093
0.000088
0.000085
0.000082
0.000079
0.000083
0.000099
0.000124
0.000148
0.000165
0.000173
0.000175
0.000170
0.000162
0.000156
0.000153
0.000147
0.000139
0.000139
0.000154
0.000178
0.000195
0.000194
0.000179
0.000155
0.000128
0.000100
0.000073
0.000055
0.000050
0.000061
0.000082
0.000102
0.000113
0.000113
0.000106
0.000092
0.000070
0.000044
0.000028
0.000027
0.000041
0.000060
0.000081
0.000103
0.000124
0.000138
0.000147
0.000155
0.000168
0.000183
0.000194
0.000197
0.000191
0.000179
0.000169
0.000163
0.000161
0.000160
0.000160
0.000162
0.000170
0.000185
0.000205
0.000218
0.000212
0.000187
0.000159
0.000149
0.000161
0.000176
0.000180
0.000172
0.000163
0.000159
0.000153
0.000139
0.000122
0.000112
0.000114
0.000126
0.000147
0.000173
0.000203
0.000235
0.000263
0.000282
0.000289
0.000283
0.000264
0.000235
0.000202
0.000176
0.000164
0.000170
0.000189
0.000209
0.000218
0.000209
0.000191
0.000184
0.000199
0.000231
0.000261
0.000276
0.000270
0.000248
0.000216
0.000185
0.000164
0.000149
0.000135
0.000121
0.000112
0.000111
0.000113
0.000116
0.000120
0.000126
0.000128
0.000122
0.000114
0.000116
0.000129
0.000142
0.000146
0.000145
0.000150
0.000163
0.000174
0.000176
0.000168
0.000157
0.000147
0.000139
0.000133
0.000131
0.000135
0.000144
0.000150
0.000152
0.000152
0.000156
0.000164
0.000172
0.000181
0.000189
0.000194
0.000192
0.000185
0.000181
0.000190
0.000208
0.000227
0.000238
0.000238
0.000232
0.000221
0.000209
0.000198
0.000184
0.000162
0.000136
0.000120
0.000124
0.000143
0.000163
0.000181
0.000202
0.000233
0.000265
0.000287
0.000297
0.000298
0.000295
0.000289
0.000276
0.000258
0.000241
0.000227
0.000217
0.000211
0.000202
0.000192
0.000184
0.000186
0.000196
0.000206
0.000211
0.000209
0.000204
0.000192
0.000173
0.000151
0.000133
0.000126
0.000131
0.000144
0.000158
0.000166
0.000163
0.000152
0.000142
0.000136
0.000129
0.000114
0.000096
0.000085
0.000086
0.000094
0.000104
0.000117
0.000135
0.000153
0.000167
0.000181
0.000200
0.000221
0.000234
0.000234
0.000226
0.000220
0.000218
0.000218
0.000214
0.000203
0.000188
0.000174
0.000165
0.000162
0.000167
0.000178
0.000192
0.000198
0.000190
0.000178
0.000184
0.000215
0.000248
0.000258
0.000243
0.000223
0.000217
0.000222
0.000229
0.000230
0.000227
0.000218
0.000204
0.000191
0.000186
0.000187
0.000189
0.000185
0.000175
0.000160
0.000143
0.000132
0.000134
0.000147
0.000162
0.000169
0.000171
0.000176
0.000187
0.000200
0.000208
0.000210
0.000210
0.000211
0.000212
0.000214
0.000216
0.000220
0.000224
0.000223
0.000211
0.000192
0.000177
0.000179
0.000197
0.000222
0.000239
0.000243
0.000239
0.000231
0.000221
0.000209
0.000197
0.000185
0.000171
0.000151
0.000127
0.000102
0.000081
0.000065
0.000063
0.000075
0.000100
0.000130
0.000160
0.000187
0.000205
0.000209
0.000202
0.000194
0.000193
0.000196
0.000199
0.000199
0.000198
0.000199
0.000206
0.000222
0.000242
0.000257
0.000260
0.000250
0.000230
0.000200
0.000163
0.000124
0.000093
0.000074
0.000069
0.000076
0.000090
0.000108
0.000120
0.000123
0.000114
0.000097
0.000076
0.000057
0.000044
0.000041
0.000051
0.000073
0.000101
0.000124
0.000137
0.000143
0.000150
0.000158
0.000163
0.000168
0.000172
0.000173
0.000168
0.000161
0.000165
0.000186
0.000213
0.000231
0.000234
0.000229
0.000223
0.000222
0.000223
0.000222
0.000217
0.000210
0.000203
0.000194
0.000183
0.000176
0.000176
0.000180
0.000181
0.000178
0.000179
0.000188
0.000198
0.000199
0.000189
0.000175
0.000169
0.000174
0.000189
0.000210
0.000231
0.000248
0.000259
0.000262
0.000257
0.000250
0.000241
0.000233
0.000230
0.000234
0.000243
0.000252
0.000253
0.000246
0.000238
0.000230
0.000219
0.000205
0.000192
0.000183
0.000178
0.000175
0.000177
0.000185
0.000195
0.000197
0.000191
0.000183
0.000180
0.000182
0.000189
0.000198
0.000207
0.000212
0.000214
0.000213
0.000213
0.000220
0.000235
0.000253
0.000261
0.000253
0.000238
0.000231
0.000238
0.000245
0.000243
0.000233
0.000225
0.000220
0.000208
0.000189
0.000170
0.000161
0.000162
0.000171
0.000183
0.000193
0.000192
0.000176
0.000153
0.000137
0.000136
0.000142
0.000144
0.000141
0.000138
0.000137
0.000132
0.000116
0.000089
0.000060
0.000036
0.000027
0.000038
0.000066
0.000098
0.000124
0.000140
0.000145
0.000141
0.000133
0.000123
0.000113
0.000100
0.000084
0.000073
0.000078
0.000101
0.000126
0.000145
0.000158
0.000170
0.000178
0.000176
0.000162
0.000143
0.000124
0.000108
0.000092
0.000073
0.000050
0.000031
0.000027
0.000041
0.000069
0.000102
0.000133
0.000159
0.000173
0.000174
0.000165
0.000152
0.000140
0.000131
0.000127
0.000133
0.000147
0.000165
0.000183
0.000198
0.000205
0.000199
0.000182
0.000164
0.000151
0.000140
0.000128
0.000116
0.000109
0.000110
0.000116
0.000122
0.000126
0.000131
0.000139
0.000147
0.000150
0.000144
0.000129
0.000111
0.000097
0.000092
0.000093
0.000101
0.000114
0.000131
0.000145
0.000152
0.000146
0.000132
0.000114
0.000094
0.000077
0.000068
0.000073
0.000090
0.000111
0.000128
0.000139
0.000144
0.000142
0.000133
0.000122
0.000117
0.000121
0.000134
0.000154
0.000175
0.000193
0.000206
0.000213
0.000212
0.000203
0.000187
0.000168
0.000150
0.000130
0.000108
0.000088
0.000081
0.000088
0.000100
0.000108
0.000112
0.000115
0.000121
0.000125
0.000127
0.000132
0.000145
0.000160
0.000171
0.000171
0.000166
0.000165
0.000172
0.000188
0.000212
0.000236
0.000251
0.000250
0.000233
0.000207
0.000179
0.000150
0.000121
0.000096
0.000075
0.000057
0.000046
0.000045
0.000053
0.000065
0.000077
0.000087
0.000093
0.000091
0.000084
0.000079
0.000084
0.000096
0.000103
0.000100
0.000092
0.000087
0.000091
0.000102
0.000115
0.000124
0.000130
0.000133
0.000139
0.000147
0.000158
0.000167
0.000167
0.000158
0.000147
0.000151
0.000171
0.000199
0.000217
0.000215
0.000199
0.000175
0.000153
0.000140
0.000139
0.000144
0.000150
0.000154
0.000158
0.000161
0.000157
0.000147
0.000136
0.000131
0.000133
0.000135
0.000135
0.000131
0.000123
0.000114
0.000109
0.000109
0.000113
0.000120
0.000134
0.000155
0.000178
0.000193
0.000196
0.000190
0.000188
0.000198
0.000213
0.000223
0.000219
0.000208
0.000200
0.000197
0.000193
0.000191
0.000197
0.000211
0.000223
0.000223
0.000212
0.000194
0.000175
0.000157
0.000152
0.000163
0.000181
0.000191
0.000187
0.000178
0.000175
0.000181
0.000194
0.000209
0.000223
0.000233
0.000237
0.000233
0.000222
0.000206
0.000191
0.000182
0.000175
0.000166
0.000159
0.000162
0.000176
0.000194
0.000207
0.000215
0.000218
0.000215
0.000201
0.000184
0.000172
0.000171
0.000174
0.000177
0.000177
0.000174
0.000168
0.000163
0.000163
0.000172
0.000180
0.000180
0.000170
0.000158
0.000149
0.000141
0.000130
0.000121
0.000121
0.000130
0.000135
0.000128
0.000112
0.000098
0.000092
0.000094
0.000101
0.000112
0.000128
0.000144
0.000154
0.000157
0.000160
0.000167
0.000175
0.000180
0.000184
0.000195
0.000211
0.000217
0.000205
0.000185
0.000174
0.000172
0.000173
0.000173
0.000181
0.000198
0.000212
0.000212
0.000202
0.000198
0.000211
0.000241
0.000280
0.000315
0.000329
0.000320
0.000301
0.000285
0.000273
0.000261
0.000245
0.000228
0.000215
0.000210
0.000212
0.000213
0.000208
0.000191
0.000171
0.000153
0.000139
0.000129
0.000128
0.000143
0.000168
0.000191
0.000204
0.000210
0.000214
0.000214
0.000210
0.000201
0.000186
0.000166
0.000152
0.000155
0.000173
0.000188
0.000184
0.000168
0.000158
0.000156
0.000155
0.000148
0.000140
0.000134
0.000132
0.000140
0.000157
0.000179
0.000192
0.000187
0.000169
0.000149
0.000139
0.000144
0.000161
0.000186
0.000208
0.000220
0.000223
0.000223
0.000226
0.000232
0.000237
0.000236
0.000232
0.000229
0.000229
0.000229
0.000226
0.000219
0.000210
0.000199
0.000184
0.000167
0.000153
0.000146
0.000140
0.000133
0.000122
0.000110
0.000098
0.000085
0.000071
0.000059
0.000050
0.000049
0.000056
0.000069
0.000085
0.000098
0.000107
0.000112
0.000114
0.000115
0.000120
0.000132
0.000148
0.000163
0.000172
0.000177
0.000183
0.000191
0.000198
0.000198
0.000187
0.000169
0.000147
0.000124
0.000101
0.000079
0.000060
0.000047
0.000042
0.000043
0.000044
0.000042
0.000037
0.000039
0.000050
0.000065
0.000077
0.000082
0.000080
0.000075
0.000070
0.000065
0.000065
0.000072
0.000084
0.000097
0.000106
0.000115
0.000128
0.000146
0.000164
0.000176
0.000179
0.000176
0.000168
0.000160
0.000154
0.000149
0.000139
0.000120
0.000105
0.000105
0.000120
0.000138
0.000153
0.000167
0.000180
0.000188
0.000187
0.000185
0.000188
0.000191
0.000186
0.000179
0.000178
0.000176
0.000163
0.000136
0.000111
0.000100
0.000104
0.000116
0.000136
0.000161
0.000185
0.000199
0.000203
0.000201
0.000202
0.000213
0.000231
0.000245
0.000244
0.000231
0.000217
0.000207
0.000200
0.000193
0.000188
0.000183
0.000173
0.000156
0.000138
0.000124
0.000111
0.000099
0.000091
0.000092
0.000097
0.000103
0.000111
0.000125
0.000142
0.000158
0.000169
0.000177
0.000186
0.000200
0.000220
0.000243
0.000255
0.000247
0.000225
0.000201
0.000181
0.000165
0.000155
0.000155
0.000166
0.000178
0.000184
0.000184
0.000177
0.000163
0.000145
0.000133
0.000131
0.000133
0.000129
0.000118
0.000110
0.000117
0.000142
0.000176
0.000205
0.000216
0.000211
0.000196
0.000179
0.000163
0.000153
0.000151
0.000151
0.000147
0.000137
0.000132
0.000137
0.000147
0.000152
0.000150
0.000143
0.000136
0.000129
0.000128
0.000136
0.000151
0.000161
0.000159
0.000143
0.000120
0.000101
0.000091
0.000088
0.000086
0.000081
0.000079
0.000087
0.000105
0.000127
0.000147
0.000165
0.000181
0.000196
0.000208
0.000215
0.000216
0.000214
0.000210
0.000199
0.000179
0.000154
0.000139
0.000139
0.000143
0.000138
0.000126
0.000117
0.000119
0.000129
0.000144
0.000161
0.000175
0.000181
0.000179
0.000173
0.000162
0.000147
0.000133
0.000131
0.000140
0.000154
0.000164
0.000173
0.000182
0.000185
0.000183
0.000184
0.000190
0.000195
0.000185
0.000161
0.000132
0.000109
0.000092
0.000079
0.000070
0.000067
0.000070
0.000080
0.000099
0.000122
0.000139
0.000146
0.000145
0.000142
0.000138
0.000132
0.000125
0.000123
0.000128
0.000139
0.000152
0.000165
0.000179
0.000193
0.000203
0.000205
0.000199
0.000190
0.000182
0.000174
0.000163
0.000151
0.000145
0.000149
0.000157
0.000160
0.000158
0.000157
0.000163
0.000171
0.000170
0.000161
0.000154
0.000161
0.000180
0.000202
0.000218
0.000228
0.000234
0.000236
0.000233
0.000224
0.000209
0.000192
0.000177
0.000169
0.000171
0.000180
0.000192
0.000203
0.000211
0.000212
0.000201
0.000179
0.000156
0.000144
0.000145
0.000152
0.000158
0.000161
0.000164
0.000166
0.000168
0.000171
0.000174
0.000178
0.000179
0.000176
0.000171
0.000165
0.000162
0.000163
0.000168
0.000176
0.000179
0.000176
0.000166
0.000157
0.000155
0.000159
0.000165
0.000168
0.000173
0.000180
0.000187
0.000185
0.000170
0.000149
0.000136
0.000136
0.000144
0.000149
0.000145
0.000136
0.000130
0.000136
0.000154
0.000178
0.000198
0.000206
0.000205
0.000204
0.000205
0.000201
0.000188
0.000171
0.000162
0.000164
0.000172
0.000181
0.000186
0.000181
0.000166
0.000145
0.000131
0.000131
0.000140
0.000149
0.000150
0.000141
0.000129
0.000119
0.000116
0.000115
0.000113
0.000110
0.000110
0.000117
0.000131
0.000143
0.000150
0.000148
0.000140
0.000133
0.000131
0.000130
0.000125
0.000118
0.000117
0.000130
0.000154
0.000178
0.000196
0.000207
0.000212
0.000210
0.000199
0.000173
0.000139
0.000110
0.000100
0.000108
0.000123
0.000139
0.000159
0.000184
0.000206
0.000217
0.000216
0.000208
0.000194
0.000177
0.000169
0.000178
0.000196
0.000208
0.000203
0.000190
0.000179
0.000173
0.000174
0.000181
0.000188
0.000184
0.000168
0.000152
0.000152
0.000170
0.000193
0.000204
0.000201
0.000183
0.000152
0.000116
0.000088
0.000079
0.000088
0.000103
0.000115
0.000127
0.000145
0.000168
0.000190
0.000203
0.000210
0.000214
0.000218
0.000220
0.000222
0.000224
0.000225
0.000221
0.000213
0.000202
0.000191
0.000181
0.000172
0.000166
0.000162
0.000158
0.000155
0.000151
0.000145
0.000133
0.000121
0.000123
0.000141
0.000167
0.000188
0.000193
0.000183
0.000163
0.000144
0.000137
0.000143
0.000150
0.000149
0.000149
0.000156
0.000166
0.000164
0.000148
0.000135
0.000140
0.000159
0.000177
0.000183
0.000178
0.000167
0.000157
0.000152
0.000155
0.000164
0.000178
0.000196
0.000217
0.000234
0.000241
0.000238
0.000231
0.000224
0.000214
0.000197
0.000170
0.000138
0.000111
0.000097
0.000098
0.000107
0.000120
0.000135
0.000151
0.000168
0.000183
0.000191
0.000191
0.000185
0.000175
0.000164
0.000152
0.000139
0.000132
0.000132
0.000137
0.000134
0.000120
0.000100
0.000086
0.000082
0.000090
0.000105
0.000121
0.000137
0.000151
0.000164
0.000170
0.000162
0.000137
0.000108
0.000091
0.000093
0.000107
0.000119
0.000126
0.000129
0.000131
0.000132
0.000134
0.000137
0.000148
0.000166
0.000188
0.000201
0.000201
0.000191
0.000179
0.000173
0.000175
0.000182
0.000187
0.000186
0.000173
0.000152
0.000136
0.000136
0.000154
0.000178
0.000197
0.000206
0.000211
0.000216
0.000211
0.000193
0.000170
0.000159
0.000167
0.000185
0.000198
0.000207
0.000216
0.000225
0.000226
0.000217
0.000199
0.000177
0.000158
0.000147
0.000150
0.000162
0.000174
0.000179
0.000184
0.000194
0.000207
0.000220
0.000233
0.000246
0.000260
0.000275
0.000289
0.000296
0.000288
0.000265
0.000237
0.000218
0.000210
0.000206
0.000199
0.000190
0.000182
0.000176
0.000171
0.000169
0.000171
0.000177
0.000185
0.000194
0.000200
0.000205
0.000213
0.000226
0.000243
0.000262
0.000281
0.000294
0.000299
0.000297
0.000295
0.000293
0.000288
0.000275
0.000257
0.000241
0.000229
0.000217
0.000200
0.000187
0.000179
0.000170
0.000151
0.000122
0.000093
0.000072
0.000055
0.000037
0.000021
0.000017
0.000029
0.000052
0.000076
0.000094
0.000105
0.000109
0.000112
0.000121
0.000132
0.000140
0.000140
0.000139
0.000142
0.000152
0.000161
0.000162
0.000152
0.000132
0.000107
0.000085
0.000074
0.000069
0.000065
0.000056
0.000049
0.000050
0.000065
0.000092
0.000122
0.000140
0.000140
0.000127
0.000120
0.000131
0.000155
0.000181
0.000197
0.000201
0.000198
0.000196
0.000199
0.000207
0.000214
0.000220
0.000221
0.000217
0.000208
0.000200
0.000200
0.000204
0.000200
0.000189
0.000180
0.000182
0.000185
0.000177
0.000160
0.000145
0.000137
0.000133
0.000128
0.000122
0.000115
0.000106
0.000096
0.000095
0.000103
0.000117
0.000129
0.000140
0.000151
0.000163
0.000172
0.000173
0.000167
0.000156
0.000153
0.000167
0.000197
0.000233
0.000261
0.000274
0.000271
0.000251
0.000219
0.000184
0.000158
0.000150
0.000157
0.000167
0.000166
0.000154
0.000143
0.000139
0.000141
0.000143
0.000145
0.000151
0.000154
0.000144
0.000129
0.000126
0.000140
0.000153
0.000147
0.000130
0.000118
0.000118
0.000121
0.000124
0.000131
0.000148
0.000174
0.000204
0.000232
0.000252
0.000259
0.000255
0.000245
0.000234
0.000222
0.000209
0.000199
0.000195
0.000192
0.000179
0.000155
0.000130
0.000118
0.000124
0.000140
0.000159
0.000178
0.000193
0.000196
0.000181
0.000157
0.000143
0.000147
0.000160
0.000167
0.000165
0.000164
0.000170
0.000177
0.000176
0.000166
0.000158
0.000161
0.000175
0.000193
0.000207
0.000215
0.000223
0.000232
0.000246
0.000265
0.000284
0.000292
0.000285
0.000274
0.000268
0.000263
0.000244
0.000209
0.000175
0.000163
0.000171
0.000183
0.000188
0.000182
0.000171
0.000156
0.000141
0.000129
0.000122
0.000119
0.000125
0.000139
0.000154
0.000160
0.000161
0.000164
0.000171
0.000174
0.000168
0.000160
0.000157
0.000154
0.000147
0.000134
0.000125
0.000122
0.000127
0.000137
0.000153
0.000171
0.000189
0.000206
0.000221
0.000230
0.000233
0.000237
0.000246
0.000253
0.000247
0.000225
0.000194
0.000167
0.000144
0.000126
0.000109
0.000100
0.000099
0.000102
0.000102
0.000093
0.000080
0.000070
0.000068
0.000077
0.000092
0.000104
0.000106
0.000100
0.000094
0.000097
0.000107
0.000113
0.000118
0.000127
0.000144
0.000161
0.000167
0.000160
0.000148
0.000138
0.000135
0.000137
0.000141
0.000143
0.000143
0.000141
0.000140
0.000139
0.000139
0.000141
0.000143
0.000147
0.000156
0.000170
0.000187
0.000199
0.000203
0.000201
0.000196
0.000187
0.000174
0.000163
0.000161
0.000167
0.000172
0.000173
0.000170
0.000162
0.000144
0.000122
0.000107
0.000109
0.000123
0.000142
0.000154
0.000155
0.000142
0.000121
0.000105
0.000102
0.000115
0.000134
0.000154
0.000171
0.000180
0.000181
0.000174
0.000167
0.000165
0.000171
0.000180
0.000188
0.000192
0.000194
0.000196
0.000195
0.000190
0.000186
0.000190
0.000198
0.000196
0.000179
0.000163
0.000163
0.000184
0.000211
0.000230
0.000238
0.000236
0.000224
0.000204
0.000184
0.000171
0.000166
0.000161
0.000148
0.000132
0.000119
0.000111
0.000106
0.000106
0.000113
0.000129
0.000149
0.000164
0.000174
0.000177
0.000175
0.000169
0.000162
0.000158
0.000154
0.000149
0.000147
0.000148
0.000148
0.000145
0.000145
0.000155
0.000171
0.000188
0.000202
0.000214
0.000221
0.000214
0.000189
0.000151
0.000114
0.000086
0.000070
0.000069
0.000080
0.000094
0.000107
0.000116
0.000123
0.000128
0.000129
0.000133
0.000147
0.000167
0.000181
0.000181
0.000171
0.000160
0.000151
0.000141
0.000130
0.000122
0.000128
0.000148
0.000171
0.000185
0.000191
0.000202
0.000220
0.000234
0.000226
0.000198
0.000165
0.000140
0.000127
0.000122
0.000126
0.000134
0.000140
0.000138
0.000129
0.000123
0.000125
0.000131
0.000130
0.000119
0.000110
0.000119
0.000147
0.000175
0.000190
0.000193
0.000190
0.000181
0.000161
0.000141
0.000133
0.000139
0.000147
0.000150
0.000154
0.000159
0.000158
0.000147
0.000135
0.000131
0.000136
0.000146
0.000165
0.000195
0.000224
0.000240
0.000238
0.000228
0.000215
0.000199
0.000182
0.000171
0.000166
0.000163
0.000155
0.000145
0.000143
0.000150
0.000163
0.000178
0.000192
0.000206
0.000212
0.000209
0.000203
0.000206
0.000224
0.000247
0.000263
0.000263
0.000249
0.000225
0.000200
0.000177
0.000155
0.000133
0.000114
0.000104
0.000112
0.000131
0.000148
0.000153
0.000149
0.000141
0.000133
0.000123
0.000112
0.000104
0.000101
0.000107
0.000127
0.000154
0.000172
0.000174
0.000164
0.000149
0.000134
0.000122
0.000118
0.000126
0.000136
0.000136
0.000125
0.000118
0.000122
0.000132
0.000139
0.000139
0.000137
0.000139
0.000148
0.000166
0.000190
0.000209
0.000215
0.000209
0.000199
0.000191
0.000190
0.000193
0.000193
0.000190
0.000186
0.000186
0.000187
0.000182
0.000173
0.000165
0.000162
0.000164
0.000170
0.000178
0.000185
0.000183
0.000173
0.000164
0.000167
0.000182
0.000199
0.000207
0.000205
0.000195
0.000180
0.000164
0.000150
0.000141
0.000136
0.000132
0.000127
0.000120
0.000114
0.000114
0.000118
0.000123
0.000127
0.000129
0.000132
0.000138
0.000148
0.000159
0.000165
0.000166
0.000163
0.000161
0.000161
0.000160
0.000163
0.000174
0.000187
0.000188
0.000173
0.000150
0.000133
0.000119
0.000106
0.000097
0.000104
0.000129
0.000159
0.000179
0.000186
0.000182
0.000175
0.000167
0.000159
0.000149
0.000141
0.000139
0.000145
0.000155
0.000158
0.000150
0.000138
0.000133
0.000139
0.000146
0.000142
0.000128
0.000117
0.000121
0.000136
0.000149
0.000153
0.000151
0.000145
0.000136
0.000126
0.000125
0.000131
0.000135
0.000131
0.000130
0.000146
0.000171
0.000186
0.000182
0.000168
0.000156
0.000152
0.000151
0.000149
0.000143
0.000134
0.000122
0.000113
0.000107
0.000111
0.000128
0.000158
0.000192
0.000216
0.000226
0.000230
0.000230
0.000222
0.000204
0.000179
0.000153
0.000124
0.000094
0.000071
0.000063
0.000065
0.000070
0.000074
0.000081
0.000092
0.000106
0.000123
0.000145
0.000172
0.000198
0.000212
0.000206
0.000178
0.000143
0.000119
0.000118
0.000135
0.000157
0.000182
0.000208
0.000233
0.000253
0.000266
0.000275
0.000273
0.000254
0.000223
0.000194
0.000177
0.000172
0.000173
0.000178
0.000185
0.000189
0.000190
0.000188
0.000188
0.000191
0.000202
0.000223
0.000253
0.000281
0.000295
0.000292
0.000278
0.000262
0.000250
0.000244
0.000244
0.000245
0.000248
0.000252
0.000261
0.000273
0.000284
0.000293
0.000295
0.000284
0.000259
0.000222
0.000189
0.000169
0.000167
0.000173
0.000177
0.000175
0.000171
0.000167
0.000165
0.000162
0.000154
0.000146
0.000144
0.000154
0.000174
0.000197
0.000215
0.000223
0.000223
0.000216
0.000205
0.000197
0.000195
0.000194
0.000189
0.000179
0.000171
0.000171
0.000176
0.000177
0.000173
0.000166
0.000161
0.000157
0.000150
0.000147
0.000152
0.000167
0.000184
0.000196
0.000199
0.000196
0.000191
0.000183
0.000161
0.000122
0.000076
0.000040
0.000028
0.000033
0.000039
0.000040
0.000039
0.000040
0.000046
0.000059
0.000078
0.000098
0.000110
0.000113
0.000115
0.000123
0.000138
0.000156
0.000176
0.000197
0.000216
0.000227
0.000229
0.000229
0.000229
0.000225
0.000216
0.000205
0.000195
0.000185
0.000173
0.000160
0.000151
0.000149
0.000149
0.000146
0.000143
0.000146
0.000158
0.000168
0.000169
0.000162
0.000157
0.000154
0.000149
0.000137
0.000124
0.000123
0.000136
0.000153
0.000164
0.000165
0.000162
0.000157
0.000152
0.000143
0.000131
0.000119
0.000108
0.000103
0.000105
0.000113
0.000122
0.000133
0.000146
0.000159
0.000171
0.000184
0.000204
0.000228
0.000243
0.000240
0.000224
0.000205
0.000193
0.000186
0.000179
0.000169
0.000154
0.000137
0.000116
0.000095
0.000082
0.000084
0.000105
0.000136
0.000166
0.000190
0.000206
0.000212
0.000206
0.000187
0.000166
0.000152
0.000148
0.000147
0.000146
0.000141
0.000134
0.000125
0.000119
0.000122
0.000130
0.000136
0.000136
0.000129
0.000120
0.000110
0.000105
0.000112
0.000135
0.000165
0.000192
0.000211
0.000223
0.000228
0.000223
0.000209
0.000197
0.000198
0.000210
0.000221
0.000220
0.000210
0.000201
0.000201
0.000201
0.000195
0.000183
0.000174
0.000170
0.000162
0.000148
0.000135
0.000130
0.000132
0.000133
0.000134
0.000137
0.000144
0.000151
0.000161
0.000173
0.000184
0.000187
0.000181
0.000169
0.000157
0.000145
0.000135
0.000130
0.000129
0.000131
0.000134
0.000138
0.000146
0.000160
0.000185
0.000219
0.000248
0.000257
0.000243
0.000220
0.000202
0.000191
0.000181
0.000173
0.000176
0.000189
0.000202
0.000206
0.000205
0.000210
0.000228
0.000253
0.000274
0.000280
0.000274
0.000260
0.000241
0.000222
0.000204
0.000187
0.000170
0.000157
0.000148
0.000141
0.000132
0.000122
0.000115
0.000117
0.000121
0.000124
0.000132
0.000150
0.000172
0.000185
0.000187
0.000187
0.000191
0.000194
0.000193
0.000188
0.000186
0.000186
0.000188
0.000192
0.000196
0.000198
0.000195
0.000195
0.000204
0.000220
0.000235
0.000238
0.000226
0.000201
0.000170
0.000144
0.000129
0.000127
0.000135
0.000154
0.000178
0.000191
0.000182
0.000157
0.000134
0.000127
0.000132
0.000144
0.000163
0.000189
0.000217
0.000238
0.000249
0.000249
0.000237
0.000212
0.000184
0.000164
0.000155
0.000150
0.000143
0.000136
0.000138
0.000151
0.000169
0.000185
0.000192
0.000192
0.000190
0.000186
0.000181
0.000175
0.000170
0.000169
0.000172
0.000175
0.000172
0.000158
0.000135
0.000111
0.000099
0.000103
0.000119
0.000140
0.000156
0.000165
0.000167
0.000164
0.000152
0.000125
0.000087
0.000057
0.000047
0.000055
0.000069
0.000083
0.000101
0.000124
0.000146
0.000158
0.000160
0.000159
0.000159
0.000158
0.000155
0.000150
0.000140
0.000124
0.000106
0.000094
0.000089
0.000086
0.000077
0.000062
0.000045
0.000032
0.000029
0.000041
0.000067
0.000096
0.000117
0.000127
0.000130
0.000134
0.000141
0.000152
0.000167
0.000183
0.000194
0.000196
0.000190
0.000185
0.000186
0.000192
0.000198
0.000200
0.000198
0.000192
0.000186
0.000183
0.000177
0.000167
0.000156
0.000153
0.000158
0.000162
0.000156
0.000146
0.000137
0.000133
0.000131
0.000134
0.000145
0.000158
0.000158
0.000140
0.000115
0.000095
0.000087
0.000087
0.000093
0.000105
0.000122
0.000138
0.000145
0.000141
0.000130
0.000125
0.000130
0.000144
0.000161
0.000174
0.000179
0.000174
0.000160
0.000146
0.000136
0.000131
0.000129
0.000133
0.000146
0.000167
0.000186
0.000197
0.000200
0.000203
0.000207
0.000212
0.000214
0.000209
0.000193
0.000169
0.000144
0.000124
0.000110
0.000099
0.000097
0.000109
0.000129
0.000145
0.000154
0.000159
0.000166
0.000175
0.000184
0.000192
0.000204
0.000215
0.000220
0.000212
0.000196
0.000178
0.000161
0.000144
0.000126
0.000114
0.000116
0.000131
0.000152
0.000171
0.000189
0.000205
0.000218
0.000226
0.000227
0.000223
0.000214
0.000203
0.000193
0.000182
0.000168
0.000151
0.000141
0.000140
0.000146
0.000152
0.000156
0.000157
0.000150
0.000135
0.000118
0.000112
0.000117
0.000129
0.000146
0.000161
0.000165
0.000156
0.000144
0.000145
0.000159
0.000172
0.000175
0.000174
0.000175
0.000176
0.000171
0.000166
0.000167
0.000175
0.000182
0.000185
0.000186
0.000183
0.000175
0.000159
0.000142
0.000134
0.000143
0.000167
0.000190
0.000199
0.000197
0.000194
0.000193
0.000185
0.000160
0.000124
0.000088
0.000057
0.000034
0.000023
0.000026
0.000043
0.000062
0.000071
0.000061
0.000034
0.000005
-0.000009
-0.000006
0.000006
0.000020
0.000038
0.000061
0.000083
0.000100
0.000116
0.000138
0.000165
0.000188
0.000204
0.000216
0.000220
0.000213
0.000199
0.000187
0.000183
0.000185
0.000189
0.000196
0.000200
0.000194
0.000179
0.000167
0.000166
0.000169
0.000168
0.000162
0.000157
0.000152
0.000143
0.000129
0.000121
0.000124
0.000136
0.000151
0.000162
0.000163
0.000152
0.000129
0.000099
0.000075
0.000069
0.000082
0.000104
0.000120
0.000128
0.000136
0.000150
0.000169
0.000182
0.000184
0.000176
0.000160
0.000146
0.000141
0.000145
0.000146
0.000138
0.000126
0.000117
0.000110
0.000101
0.000091
0.000090
0.000107
0.000134
0.000156
0.000164
0.000157
0.000138
0.000113
0.000089
0.000075
0.000078
0.000099
0.000132
0.000166
0.000192
0.000201
0.000197
0.000186
0.000177
0.000174
0.000174
0.000174
0.000176
0.000183
0.000195
0.000206
0.000208
0.000203
0.000195
0.000188
0.000184
0.000179
0.000174
0.000171
0.000172
0.000180
0.000193
0.000203
0.000202
0.000189
0.000170
0.000152
0.000143
0.000143
0.000149
0.000153
0.000153
0.000150
0.000142
0.000130
0.000115
0.000103
0.000097
0.000095
0.000093
0.000088
0.000082
0.000082
0.000092
0.000114
0.000141
0.000164
0.000176
0.000182
0.000186
0.000185
0.000174
0.000154
0.000129
0.000106
0.000090
0.000081
0.000084
0.000095
0.000110
0.000123
0.000131
0.000136
0.000134
0.000129
0.000123
0.000117
0.000113
0.000108
0.000103
0.000101
0.000102
0.000106
0.000107
0.000098
0.000081
0.000067
0.000066
0.000081
0.000107
0.000134
0.000160
0.000178
0.000181
0.000169
0.000151
0.000138
0.000138
0.000150
0.000166
0.000174
0.000172
0.000165
0.000162
0.000164
0.000165
0.000161
0.000155
0.000153
0.000152
0.000150
0.000147
0.000148
0.000153
0.000160
0.000164
0.000164
0.000158
0.000153
0.000154
0.000164
0.000177
0.000186
0.000188
0.000184
0.000174
0.000157
0.000139
0.000129
0.000130
0.000143
0.000163
0.000186
0.000204
0.000211
0.000209
0.000207
0.000209
0.000211
0.000211
0.000214
0.000221
0.000228
0.000233
0.000243
0.000266
0.000296
0.000317
0.000315
0.000295
0.000267
0.000241
0.000218
0.000196
0.000176
0.000164
0.000166
0.000177
0.000187
0.000185
0.000176
0.000174
0.000185
0.000198
0.000198
0.000179
0.000153
0.000135
0.000133
0.000145
0.000163
0.000186
0.000211
0.000233
0.000245
0.000243
0.000227
0.000204
0.000180
0.000160
0.000154
0.000163
0.000181
0.000198
0.000204
0.000199
0.000189
0.000179
0.000168
0.000155
0.000138
0.000123
0.000117
0.000124
0.000140
0.000157
0.000169
0.000177
0.000181
0.000179
0.000171
0.000161
0.000154
0.000147
0.000141
0.000137
0.000136
0.000134
0.000126
0.000115
0.000111
0.000122
0.000144
0.000169
0.000187
0.000193
0.000185
0.000171
0.000158
0.000152
0.000151
0.000147
0.000137
0.000127
0.000123
0.000127
0.000137
0.000144
0.000145
0.000143
0.000143
0.000145
0.000147
0.000148
0.000153
0.000165
0.000183
0.000200
0.000207
0.000205
0.000201
0.000196
0.000188
0.000172
0.000148
0.000128
0.000123
0.000132
0.000148
0.000163
0.000178
0.000189
0.000198
0.000203
0.000206
0.000205
0.000198
0.000188
0.000182
0.000188
0.000202
0.000218
0.000233
0.000243
0.000245
0.000236
0.000223
0.000218
0.000227
0.000248
0.000274
0.000298
0.000314
0.000316
0.000307
0.000295
0.000285
0.000276
0.000263
0.000244
0.000224
0.000206
0.000185
0.000155
0.000114
0.000071
0.000042
0.000031
0.000036
0.000050
0.000068
0.000085
0.000095
0.000096
0.000090
0.000081
0.000070
0.000060
0.000060
0.000077
0.000109
0.000141
0.000162
0.000170
0.000169
0.000161
0.000149
0.000139
0.000134
0.000134
0.000140
0.000150
0.000159
0.000158
0.000144
0.000126
0.000121
0.000137
0.000164
0.000185
0.000194
0.000194
0.000195
0.000202
0.000211
0.000211
0.000196
0.000168
0.000138
0.000114
0.000100
0.000098
0.000109
0.000131
0.000154
0.000166
0.000162
0.000142
0.000114
0.000087
0.000067
0.000054
0.000048
0.000051
0.000066
0.000090
0.000114
0.000125
0.000114
0.000087
0.000057
0.000039
0.000038
0.000050
0.000069
0.000094
0.000120
0.000137
0.000138
0.000127
0.000116
0.000118
0.000128
0.000136
0.000131
0.000117
0.000097
0.000079
0.000068
0.000066
0.000075
0.000092
0.000111
0.000126
0.000135
0.000145
0.000157
0.000163
0.000154
0.000133
0.000117
0.000116
0.000124
0.000130
0.000127
0.000118
0.000109
0.000100
0.000090
0.000080
0.000072
0.000074
0.000087
0.000109
0.000128
0.000135
0.000138
0.000148
0.000168
0.000185
0.000186
0.000171
0.000148
0.000123
0.000104
0.000091
0.000082
0.000064
0.000031
-0.000010
-0.000046
-0.000064
-0.000063
-0.000042
-0.000008
0.000029
0.000058
0.000077
0.000090
0.000102
0.000113
0.000120
0.000124
0.000128
0.000135
0.000145
0.000159
0.000173
0.000181
0.000179
0.000173
0.000166
0.000160
0.000152
0.000146
0.000147
0.000156
0.000165
0.000167
0.000155
0.000134
0.000112
0.000101
0.000109
0.000131
0.000153
0.000161
0.000155
0.000141
0.000125
0.000106
0.000084
0.000068
0.000069
0.000089
0.000119
0.000146
0.000163
0.000174
0.000181
0.000184
0.000183
0.000178
0.000169
0.000155
0.000139
0.000128
0.000126
0.000128
0.000131
0.000135
0.000147
0.000164
0.000177
0.000180
0.000173
0.000159
0.000144
0.000130
0.000123
0.000123
0.000123
0.000114
0.000104
0.000100
0.000110
0.000129
0.000153
0.000179
0.000202
0.000212
0.000206
0.000185
0.000158
0.000132
0.000118
0.000118
0.000130
0.000144
0.000146
0.000134
0.000115
0.000096
0.000082
0.000073
0.000073
0.000084
0.000107
0.000131
0.000143
0.000141
0.000132
0.000126
0.000125
0.000127
0.000130
0.000140
0.000157
0.000175
0.000182
0.000176
0.000167
0.000166
0.000175
0.000187
0.000196
0.000201
0.000202
0.000199
0.000193
0.000182
0.000172
0.000165
0.000162
0.000164
0.000172
0.000182
0.000186
0.000181
0.000170
0.000159
0.000154
0.000156
0.000166
0.000179
0.000188
0.000186
0.000175
0.000166
0.000168
0.000177
0.000182
0.000180
0.000180
0.000187
0.000199
0.000205
0.000199
0.000182
0.000163
0.000149
0.000143
0.000141
0.000141
0.000139
0.000138
0.000134
0.000126
0.000116
0.000111
0.000117
0.000135
0.000155
0.000166
0.000159
0.000136
0.000112
0.000099
0.000098
0.000100
0.000101
0.000104
0.000114
0.000127
0.000138
0.000148
0.000164
0.000184
0.000198
0.000199
0.000194
0.000190
0.000189
0.000189
0.000188
0.000186
0.000182
0.000175
0.000165
0.000151
0.000133
0.000111
0.000089
0.000071
0.000057
0.000046
0.000041
0.000046
0.000061
0.000076
0.000081
0.000078
0.000076
0.000087
0.000108
0.000132
0.000145
0.000144
0.000132
0.000125
0.000132
0.000153
0.000176
0.000195
0.000205
0.000210
0.000214
0.000216
0.000213
0.000201
0.000182
0.000161
0.000144
0.000134
0.000127
0.000125
0.000127
0.000132
0.000133
0.000127
0.000117
0.000106
0.000099
0.000098
0.000103
0.000114
0.000130
0.000147
0.000162
0.000170
0.000166
0.000154
0.000140
0.000132
0.000127
0.000123
0.000121
0.000125
0.000132
0.000133
0.000129
0.000130
0.000147
0.000176
0.000204
0.000221
0.000225
0.000219
0.000206
0.000188
0.000170
0.000156
0.000148
0.000148
0.000154
0.000162
0.000168
0.000169
0.000168
0.000166
0.000168
0.000173
0.000181
0.000188
0.000190
0.000196
0.000210
0.000228
0.000237
0.000229
0.000213
0.000200
0.000195
0.000191
0.000187
0.000187
0.000189
0.000187
0.000173
0.000155
0.000139
0.000129
0.000123
0.000120
0.000124
0.000133
0.000144
0.000151
0.000153
0.000151
0.000149
0.000151
0.000156
0.000160
0.000161
0.000157
0.000145
0.000123
0.000092
0.000062
0.000042
0.000036
0.000040
0.000048
0.000057
0.000067
0.000076
0.000083
0.000092
0.000107
0.000131
0.000159
0.000181
0.000187
0.000176
0.000160
0.000151
0.000152
0.000154
0.000150
0.000145
0.000146
0.000154
0.000164
0.000174
0.000183
0.000188
0.000187
0.000186
0.000191
0.000200
0.000205
0.000201
0.000191
0.000182
0.000175
0.000170
0.000165
0.000160
0.000146
0.000121
0.000091
0.000072
0.000076
0.000096
0.000121
0.000139
0.000151
0.000160
0.000164
0.000163
0.000157
0.000149
0.000140
0.000129
0.000117
0.000114
0.000123
0.000139
0.000150
0.000153
0.000157
0.000169
0.000185
0.000193
0.000191
0.000180
0.000164
0.000140
0.000116
0.000102
0.000106
0.000119
0.000127
0.000124
0.000117
0.000112
0.000110
0.000104
0.000091
0.000071
0.000047
0.000022
0.000002
-0.000011
-0.000016
-0.000014
-0.000004
0.000012
0.000032
0.000047
0.000049
0.000044
0.000040
0.000043
0.000051
0.000060
0.000070
0.000088
0.000109
0.000125
0.000133
0.000140
0.000157
0.000177
0.000185
0.000174
0.000153
0.000135
0.000126
0.000119
0.000114
0.000117
0.000131
0.000153
0.000172
0.000181
0.000180
0.000179
0.000185
0.000201
0.000221
0.000235
0.000241
0.000240
0.000232
0.000210
0.000173
0.000133
0.000102
0.000090
0.000094
0.000109
0.000128
0.000144
0.000151
0.000147
0.000141
0.000142
0.000155
0.000179
0.000204
0.000220
0.000224
0.000220
0.000221
0.000232
0.000248
0.000257
0.000254
0.000242
0.000228
0.000219
0.000220
0.000231
0.000243
0.000248
0.000241
0.000225
0.000208
0.000195
0.000186
0.000176
0.000160
0.000144
0.000133
0.000132
0.000137
0.000141
0.000140
0.000132
0.000118
0.000106
0.000104
0.000116
0.000132
0.000139
0.000135
0.000130
0.000133
0.000143
0.000153
0.000157
0.000157
0.000154
0.000149
0.000144
0.000137
0.000131
0.000125
0.000115
0.000095
0.000072
0.000056
0.000056
0.000067
0.000081
0.000092
0.000103
0.000115
0.000128
0.000147
0.000175
0.000202
0.000212
0.000200
0.000177
0.000157
0.000148
0.000148
0.000154
0.000163
0.000164
0.000154
0.000145
0.000150
0.000166
0.000184
0.000193
0.000193
0.000183
0.000166
0.000145
0.000126
0.000112
0.000100
0.000092
0.000095
0.000113
0.000142
0.000169
0.000184
0.000181
0.000165
0.000149
0.000145
0.000154
0.000163
0.000162
0.000149
0.000134
0.000121
0.000110
0.000097
0.000081
0.000066
0.000059
0.000070
0.000096
0.000132
0.000167
0.000193
0.000203
0.000196
0.000179
0.000166
0.000165
0.000172
0.000182
0.000189
0.000194
0.000197
0.000198
0.000196
0.000187
0.000173
0.000160
0.000154
0.000154
0.000154
0.000154
0.000160
0.000174
0.000186
0.000184
0.000170
0.000153
0.000137
0.000125
0.000120
0.000125
0.000135
0.000141
0.000140
0.000140
0.000145
0.000153
0.000157
0.000159
0.000160
0.000162
0.000163
0.000166
0.000174
0.000181
0.000183
0.000179
0.000173
0.000167
0.000158
0.000148
0.000140
0.000138
0.000139
0.000141
0.000148
0.000161
0.000180
0.000199
0.000212
0.000218
0.000220
0.000222
0.000222
0.000211
0.000187
0.000157
0.000135
0.000129
0.000134
0.000140
0.000146
0.000153
0.000159
0.000162
0.000166
0.000176
0.000188
0.000193
0.000190
0.000189
0.000195
0.000201
0.000195
0.000176
0.000153
0.000134
0.000120
0.000109
0.000105
0.000114
0.000135
0.000160
0.000176
0.000180
0.000176
0.000174
0.000176
0.000177
0.000171
0.000159
0.000146
0.000131
0.000110
0.000086
0.000076
0.000084
0.000101
0.000110
0.000105
0.000091
0.000076
0.000064
0.000056
0.000055
0.000060
0.000067
0.000072
0.000071
0.000067
0.000058
0.000044
0.000029
0.000021
0.000023
0.000032
0.000046
0.000065
0.000091
0.000121
0.000150
0.000172
0.000188
0.000195
0.000192
0.000178
0.000158
0.000138
0.000119
0.000101
0.000091
0.000094
0.000108
0.000126
0.000144
0.000159
0.000170
0.000173
0.000172
0.000171
0.000171
0.000170
0.000166
0.000163
0.000160
0.000158
0.000155
0.000151
0.000146
0.000141
0.000141
0.000146
0.000148
0.000137
0.000117
0.000101
0.000098
0.000101
0.000100
0.000097
0.000100
0.000106
0.000109
0.000105
0.000096
0.000078
0.000054
0.000032
0.000024
0.000026
0.000030
0.000037
0.000056
0.000085
0.000109
0.000123
0.000132
0.000143
0.000151
0.000150
0.000142
0.000132
0.000124
0.000117
0.000116
0.000119
0.000121
0.000125
0.000138
0.000164
0.000190
0.000206
0.000211
0.000215
0.000221
0.000230
0.000239
0.000244
0.000236
0.000211
0.000176
0.000145
0.000123
0.000107
0.000094
0.000090
0.000097
0.000111
0.000124
0.000131
0.000127
0.000115
0.000105
0.000107
0.000118
0.000128
0.000137
0.000148
0.000163
0.000172
0.000172
0.000164
0.000149
0.000131
0.000115
0.000108
0.000113
0.000126
0.000142
0.000162
0.000184
0.000199
0.000202
0.000198
0.000197
0.000204
0.000213
0.000218
0.000215
0.000209
0.000205
0.000208
0.000215
0.000212
0.000194
0.000165
0.000138
0.000115
0.000094
0.000078
0.000071
0.000074
0.000080
0.000087
0.000097
0.000110
0.000124
0.000137
0.000153
0.000173
0.000196
0.000215
0.000224
0.000219
0.000204
0.000189
0.000183
0.000185
0.000187
0.000182
0.000170
0.000154
0.000137
0.000128
0.000131
0.000147
0.000166
0.000184
0.000200
0.000218
0.000236
0.000242
0.000228
0.000198
0.000164
0.000143
0.000143
0.000158
0.000179
0.000195
0.000205
0.000210
0.000215
0.000220
0.000224
0.000224
0.000220
0.000219
0.000225
0.000234
0.000235
0.000222
0.000202
0.000183
0.000168
0.000149
0.000125
0.000102
0.000091
0.000099
0.000120
0.000143
0.000164
0.000185
0.000204
0.000217
0.000220
0.000217
0.000216
0.000222
0.000230
0.000238
0.000243
0.000248
0.000254
0.000256
0.000250
0.000238
0.000230
0.000228
0.000225
0.000213
0.000194
0.000176
0.000164
0.000154
0.000143
0.000136
0.000137
0.000142
0.000141
0.000134
0.000127
0.000121
0.000116
0.000107
0.000095
0.000079
0.000061
0.000047
0.000043
0.000051
0.000065
0.000081
0.000099
0.000124
0.000158
0.000198
0.000235
0.000256
0.000256
0.000241
0.000221
0.000200
0.000172
0.000136
0.000097
0.000065
0.000045
0.000042
0.000058
0.000087
0.000116
0.000135
0.000140
0.000132
0.000113
0.000087
0.000065
0.000052
0.000045
0.000038
0.000030
0.000027
0.000029
0.000034
0.000042
0.000055
0.000075
0.000097
0.000124
0.000156
0.000193
0.000227
0.000251
0.000260
0.000253
0.000235
0.000216
0.000207
0.000203
0.000197
0.000189
0.000187
0.000195
0.000202
0.000198
0.000188
0.000182
0.000183
0.000183
0.000178
0.000170
0.000163
0.000156
0.000144
0.000131
0.000121
0.000115
0.000113
0.000115
0.000123
0.000140
0.000165
0.000189
0.000205
0.000210
0.000204
0.000192
0.000182
0.000178
0.000180
0.000184
0.000182
0.000174
0.000163
0.000152
0.000140
0.000131
0.000126
0.000125
0.000123
0.000121
0.000125
0.000140
0.000160
0.000171
0.000169
0.000162
0.000153
0.000143
0.000130
0.000120
0.000118
0.000124
0.000133
0.000144
0.000157
0.000171
0.000177
0.000168
0.000146
0.000120
0.000103
0.000101
0.000115
0.000139
0.000161
0.000172
0.000165
0.000147
0.000130
0.000124
0.000131
0.000143
0.000150
0.000151
0.000154
0.000167
0.000185
0.000194
0.000189
0.000174
0.000164
0.000160
0.000159
0.000159
0.000159
0.000156
0.000146
0.000135
0.000136
0.000155
0.000181
0.000199
0.000204
0.000201
0.000194
0.000182
0.000165
0.000148
0.000141
0.000143
0.000150
0.000153
0.000147
0.000136
0.000127
0.000124
0.000125
0.000130
0.000138
0.000149
0.000154
0.000151
0.000146
0.000146
0.000156
0.000167
0.000176
0.000180
0.000182
0.000185
0.000191
0.000197
0.000200
0.000197
0.000191
0.000187
0.000182
0.000168
0.000141
0.000114
0.000103
0.000115
0.000142
0.000170
0.000188
0.000194
0.000191
0.000188
0.000190
0.000197
0.000202
0.000197
0.000182
0.000163
0.000150
0.000143
0.000136
0.000126
0.000114
0.000108
0.000107
0.000113
0.000125
0.000145
0.000167
0.000184
0.000195
0.000205
0.000215
0.000223
0.000224
0.000220
0.000221
0.000228
0.000234
0.000233
0.000222
0.000203
0.000180
0.000156
0.000136
0.000123
0.000120
0.000132
0.000160
0.000196
0.000221
0.000224
0.000211
0.000204
0.000211
0.000224
0.000230
0.000225
0.000218
0.000212
0.000204
0.000191
0.000172
0.000152
0.000137
0.000132
0.000142
0.000163
0.000183
0.000191
0.000186
0.000171
0.000149
0.000119
0.000088
0.000061
0.000043
0.000033
0.000031
0.000036
0.000048
0.000062
0.000070
0.000073
0.000074
0.000076
0.000077
0.000078
0.000082
0.000091
0.000104
0.000120
0.000137
0.000156
0.000174
0.000186
0.000185
0.000170
0.000150
0.000139
0.000145
0.000165
0.000187
0.000204
0.000217
0.000228
0.000236
0.000238
0.000234
0.000230
0.000228
0.000225
0.000216
0.000201
0.000184
0.000165
0.000141
0.000115
0.000092
0.000077
0.000069
0.000064
0.000063
0.000072
0.000091
0.000110
0.000124
0.000133
0.000145
0.000162
0.000180
0.000190
0.000190
0.000181
0.000167
0.000154
0.000142
0.000130
0.000118
0.000111
0.000113
0.000122
0.000134
0.000147
0.000163
0.000181
0.000197
0.000208
0.000211
0.000207
0.000196
0.000185
0.000184
0.000188
0.000187
0.000171
0.000144
0.000116
0.000096
0.000089
0.000098
0.000124
0.000157
0.000183
0.000196
0.000199
0.000199
0.000194
0.000185
0.000172
0.000159
0.000151
0.000147
0.000143
0.000136
0.000127
0.000118
0.000115
0.000118
0.000123
0.000125
0.000122
0.000115
0.000109
0.000108
0.000115
0.000130
0.000151
0.000176
0.000201
0.000224
0.000242
0.000257
0.000270
0.000281
0.000285
0.000282
0.000273
0.000265
0.000261
0.000257
0.000246
0.000224
0.000198
0.000182
0.000184
0.000194
0.000196
0.000182
0.000164
0.000158
0.000167
0.000180
0.000184
0.000177
0.000162
0.000147
0.000138
0.000139
0.000148
0.000162
0.000177
0.000192
0.000202
0.000205
0.000201
0.000199
0.000206
0.000219
0.000228
0.000228
0.000221
0.000213
0.000206
0.000198
0.000188
0.000178
0.000168
0.000158
0.000150
0.000143
0.000133
0.000118
0.000103
0.000100
0.000112
0.000133
0.000150
0.000157
0.000155
0.000153
0.000151
0.000145
0.000128
0.000102
0.000076
0.000058
0.000053
0.000057
0.000067
0.000078
0.000087
0.000092
0.000088
0.000077
0.000067
0.000065
0.000075
0.000089
0.000102
0.000113
0.000126
0.000142
0.000153
0.000153
0.000141
0.000124
0.000107
0.000099
0.000102
0.000111
0.000115
0.000107
0.000094
0.000088
0.000093
0.000101
0.000106
0.000104
0.000100
0.000100
0.000109
0.000129
0.000154
0.000173
0.000181
0.000186
0.000189
0.000188
0.000178
0.000162
0.000145
0.000130
0.000116
0.000104
0.000102
0.000109
0.000124
0.000142
0.000161
0.000176
0.000189
0.000203
0.000220
0.000233
0.000227
0.000203
0.000177
0.000161
0.000153
0.000143
0.000130
0.000121
0.000122
0.000134
0.000149
0.000161
0.000166
0.000163
0.000153
0.000138
0.000121
0.000105
0.000093
0.000086
0.000083
0.000087
0.000104
0.000131
0.000159
0.000178
0.000188
0.000196
0.000205
0.000210
0.000209
0.000199
0.000185
0.000170
0.000158
0.000150
0.000144
0.000134
0.000122
0.000108
0.000093
0.000073
0.000054
0.000044
0.000053
0.000075
0.000098
0.000106
0.000096
0.000078
0.000066
0.000068
0.000083
0.000097
0.000100
0.000093
0.000083
0.000079
0.000085
0.000098
0.000113
0.000125
0.000130
0.000131
0.000129
0.000126
0.000123
0.000121
0.000118
0.000111
0.000103
0.000101
0.000112
0.000132
0.000155
0.000177
0.000194
0.000204
0.000204
0.000192
0.000174
0.000155
0.000139
0.000131
0.000133
0.000146
0.000165
0.000182
0.000194
0.000203
0.000211
0.000217
0.000219
0.000215
0.000207
0.000199
0.000192
0.000186
0.000181
0.000179
0.000181
0.000184
0.000181
0.000166
0.000138
0.000107
0.000083
0.000077
0.000094
0.000128
0.000168
0.000202
0.000222
0.000227
0.000220
0.000208
0.000199
0.000194
0.000191
0.000191
0.000195
0.000200
0.000196
0.000179
0.000159
0.000148
0.000147
0.000146
0.000142
0.000143
0.000153
0.000159
0.000151
0.000131
0.000114
0.000109
0.000116
0.000125
0.000130
0.000129
0.000127
0.000127
0.000129
0.000129
0.000126
0.000121
0.000118
0.000123
0.000139
0.000167
0.000195
0.000210
0.000210
0.000207
0.000207
0.000206
0.000201
0.000197
0.000204
0.000219
0.000233
0.000241
0.000247
0.000252
0.000250
0.000235
0.000210
0.000186
0.000168
0.000157
0.000152
0.000148
0.000141
0.000138
0.000146
0.000171
0.000201
0.000224
0.000235
0.000237
0.000235
0.000230
0.000216
0.000191
0.000161
0.000142
0.000141
0.000151
0.000155
0.000148
0.000142
0.000145
0.000155
0.000165
0.000177
0.000198
0.000225
0.000249
0.000259
0.000250
0.000228
0.000202
0.000186
0.000186
0.000196
0.000201
0.000198
0.000190
0.000182
0.000173
0.000163
0.000153
0.000143
0.000132
0.000128
0.000137
0.000154
0.000169
0.000177
0.000183
0.000192
0.000198
0.000194
0.000185
0.000176
0.000170
0.000168
0.000176
0.000197
0.000226
0.000252
0.000272
0.000283
0.000283
0.000271
0.000255
0.000241
0.000233
0.000226
0.000218
0.000212
0.000211
0.000209
0.000198
0.000180
0.000163
0.000157
0.000161
0.000171
0.000183
0.000196
0.000208
0.000219
0.000225
0.000224
0.000217
0.000203
0.000190
0.000184
0.000192
0.000212
0.000228
0.000230
0.000221
0.000212
0.000207
0.000198
0.000180
0.000161
0.000151
0.000151
0.000157
0.000166
0.000182
0.000203
0.000221
0.000236
0.000250
0.000265
0.000272
0.000264
0.000245
0.000226
0.000216
0.000218
0.000227
0.000234
0.000235
0.000227
0.000211
0.000193
0.000175
0.000162
0.000154
0.000150
0.000148
0.000145
0.000142
0.000138
0.000132
0.000125
0.000120
0.000125
0.000144
0.000173
0.000194
0.000197
0.000184
0.000168
0.000163
0.000173
0.000189
0.000200
0.000206
0.000210
0.000217
0.000224
0.000225
0.000215
0.000199
0.000180
0.000159
0.000134
0.000107
0.000086
0.000078
0.000086
0.000101
0.000113
0.000114
0.000108
0.000098
0.000092
0.000097
0.000112
0.000127
0.000130
0.000114
0.000087
0.000063
0.000052
0.000060
0.000083
0.000113
0.000142
0.000161
0.000168
0.000164
0.000154
0.000140
0.000130
0.000130
0.000137
0.000145
0.000148
0.000145
0.000139
0.000138
0.000145
0.000157
0.000171
0.000183
0.000194
0.000205
0.000212
0.000211
0.000206
0.000205
0.000211
0.000218
0.000223
0.000225
0.000224
0.000216
0.000203
0.000195
0.000198
0.000204
0.000203
0.000193
0.000183
0.000186
0.000201
0.000215
0.000217
0.000203
0.000180
0.000165
0.000167
0.000179
0.000190
0.000192
0.000188
0.000184
0.000185
0.000190
0.000194
0.000192
0.000180
0.000165
0.000153
0.000147
0.000140
0.000130
0.000125
0.000131
0.000146
0.000159
0.000166
0.000170
0.000169
0.000160
0.000139
0.000116
0.000103
0.000104
0.000114
0.000128
0.000140
0.000145
0.000142
0.000131
0.000115
0.000100
0.000088
0.000084
0.000090
0.000106
0.000125
0.000144
0.000158
0.000167
0.000173
0.000181
0.000190
0.000197
0.000197
0.000187
0.000174
0.000162
0.000154
0.000153
0.000160
0.000168
0.000172
0.000165
0.000148
0.000128
0.000113
0.000108
0.000112
0.000119
0.000125
0.000135
0.000158
0.000189
0.000213
0.000217
0.000200
0.000179
0.000166
0.000164
0.000166
0.000169
0.000168
0.000163
0.000154
0.000142
0.000128
0.000116
0.000110
0.000111
0.000116
0.000121
0.000126
0.000131
0.000137
0.000142
0.000149
0.000164
0.000184
0.000200
0.000204
0.000199
0.000199
0.000211
0.000231
0.000249
0.000260
0.000262
0.000257
0.000244
0.000222
0.000195
0.000167
0.000146
0.000139
0.000145
0.000156
0.000164
0.000169
0.000175
0.000187
0.000199
0.000210
0.000220
0.000233
0.000249
0.000257
0.000248
0.000225
0.000198
0.000179
0.000173
0.000180
0.000197
0.000220
0.000241
0.000251
0.000247
0.000230
0.000207
0.000187
0.000177
0.000176
0.000181
0.000187
0.000191
0.000193
0.000190
0.000181
0.000173
0.000169
0.000163
0.000154
0.000154
0.000172
0.000202
0.000226
0.000239
0.000249
0.000255
0.000250
0.000236
0.000228
0.000238
0.000252
0.000255
0.000244
0.000236
0.000236
0.000239
0.000240
0.000240
0.000240
0.000235
0.000224
0.000214
0.000209
0.000212
0.000220
0.000236
0.000255
0.000270
0.000273
0.000268
0.000263
0.000262
0.000262
0.000260
0.000254
0.000247
0.000242
0.000240
0.000236
0.000224
0.000200
0.000172
0.000156
0.000159
0.000176
0.000190
0.000188
0.000172
0.000154
0.000146
0.000148
0.000155
0.000162
0.000168
0.000172
0.000172
0.000168
0.000161
0.000155
0.000152
0.000156
0.000170
0.000184
0.000186
0.000175
0.000163
0.000156
0.000150
0.000139
0.000130
0.000127
0.000129
0.000130
0.000131
0.000138
0.000148
0.000155
0.000158
0.000158
0.000161
0.000162
0.000161
0.000158
0.000154
0.000155
0.000164
0.000179
0.000189
0.000187
0.000177
0.000171
0.000173
0.000178
0.000183
0.000190
0.000201
0.000209
0.000214
0.000222
0.000237
0.000248
0.000245
0.000229
0.000214
0.000207
0.000206
0.000208
0.000217
0.000232
0.000244
0.000244
0.000232
0.000216
0.000197
0.000177
0.000160
0.000158
0.000170
0.000184
0.000186
0.000174
0.000157
0.000143
0.000135
0.000134
0.000141
0.000152
0.000162
0.000166
0.000164
0.000159
0.000154
0.000151
0.000149
0.000145
0.000139
0.000135
0.000141
0.000156
0.000172
0.000176
0.000171
0.000167
0.000172
0.000181
0.000187
0.000183
0.000167
0.000142
0.000114
0.000095
0.000091
0.000100
0.000112
0.000121
0.000129
0.000138
0.000146
0.000146
0.000137
0.000126
0.000125
0.000139
0.000160
0.000175
0.000183
0.000188
0.000196
0.000205
0.000215
0.000225
0.000235
0.000242
0.000242
0.000236
0.000231
0.000235
0.000251
0.000278
0.000303
0.000316
0.000318
0.000314
0.000309
0.000302
0.000290
0.000279
0.000270
0.000260
0.000243
0.000225
0.000213
0.000212
0.000213
0.000210
0.000203
0.000197
0.000196
0.000200
0.000205
0.000209
0.000209
0.000209
0.000214
0.000219
0.000219
0.000208
0.000193
0.000183
0.000182
0.000184
0.000185
0.000188
0.000196
0.000208
0.000213
0.000205
0.000185
0.000169
0.000168
0.000184
0.000207
0.000224
0.000231
0.000231
0.000225
0.000214
0.000200
0.000193
0.000199
0.000219
0.000238
0.000244
0.000233
0.000219
0.000214
0.000217
0.000218
0.000211
0.000199
0.000191
0.000189
0.000190
0.000188
0.000181
0.000165
0.000143
0.000121
0.000109
0.000113
0.000128
0.000149
0.000171
0.000192
0.000208
0.000214
0.000210
0.000198
0.000183
0.000170
0.000164
0.000170
0.000183
0.000194
0.000198
0.000200
0.000207
0.000220
0.000233
0.000237
0.000226
0.000201
0.000173
0.000154
0.000153
0.000165
0.000182
0.000196
0.000203
0.000201
0.000195
0.000193
0.000200
0.000207
0.000203
0.000189
0.000177
0.000175
0.000180
0.000182
0.000179
0.000175
0.000173
0.000174
0.000178
0.000186
0.000196
0.000204
0.000213
0.000226
0.000239
0.000242
0.000234
0.000223
0.000219
0.000226
0.000236
0.000245
0.000244
0.000230
0.000208
0.000186
0.000170
0.000159
0.000149
0.000138
0.000128
0.000125
0.000131
0.000144
0.000158
0.000165
0.000166
0.000166
0.000168
0.000164
0.000151
0.000135
0.000129
0.000140
0.000162
0.000184
0.000196
0.000200
0.000199
0.000198
0.000198
0.000200
0.000205
0.000211
0.000212
0.000202
0.000187
0.000176
0.000178
0.000188
0.000199
0.000212
0.000225
0.000233
0.000230
0.000221
0.000217
0.000220
0.000220
0.000203
0.000172
0.000140
0.000117
0.000106
0.000104
0.000104
0.000098
0.000083
0.000063
0.000050
0.000046
0.000049
0.000053
0.000055
0.000053
0.000047
0.000042
0.000040
0.000045
0.000051
0.000055
0.000055
0.000055
0.000054
0.000053
0.000054
0.000054
0.000053
0.000052
0.000053
0.000057
0.000062
0.000068
0.000075
0.000084
0.000091
0.000093
0.000091
0.000091
0.000094
0.000098
0.000104
0.000114
0.000128
0.000134
0.000131
0.000124
0.000127
0.000139
0.000153
0.000161
0.000162
0.000160
0.000156
0.000156
0.000162
0.000169
0.000170
0.000161
0.000150
0.000144
0.000142
0.000139
0.000139
0.000148
0.000166
0.000183
0.000193
0.000194
0.000192
0.000186
0.000176
0.000165
0.000161
0.000161
0.000154
0.000133
0.000102
0.000075
0.000063
0.000062
0.000063
0.000060
0.000055
0.000050
0.000046
0.000048
0.000058
0.000077
0.000099
0.000117
0.000129
0.000134
0.000133
0.000130
0.000134
0.000152
0.000178
0.000198
0.000209
0.000214
0.000220
0.000226
0.000231
0.000233
0.000229
0.000215
0.000196
0.000187
0.000192
0.000198
0.000189
0.000167
0.000150
0.000151
0.000167
0.000185
0.000195
0.000199
0.000202
0.000211
0.000229
0.000249
0.000260
0.000255
0.000237
0.000217
0.000200
0.000189
0.000184
0.000184
0.000189
0.000199
0.000217
0.000239
0.000261
0.000279
0.000289
0.000293
0.000294
0.000292
0.000284
0.000267
0.000246
0.000228
0.000222
0.000227
0.000239
0.000255
0.000272
0.000288
0.000300
0.000307
0.000310
0.000309
0.000303
0.000293
0.000279
0.000261
0.000239
0.000215
0.000197
0.000192
0.000196
0.000203
0.000205
0.000197
0.000179
0.000158
0.000145
0.000145
0.000156
0.000170
0.000183
0.000191
0.000194
0.000197
0.000211
0.000235
0.000254
0.000256
0.000247
0.000240
0.000236
0.000226
0.000207
0.000187
0.000173
0.000164
0.000163
0.000177
0.000204
0.000230
0.000240
0.000232
0.000216
0.000199
0.000184
0.000177
0.000182
0.000192
0.000197
0.000199
0.000201
0.000203
0.000202
0.000200
0.000204
0.000213
0.000218
0.000212
0.000203
0.000201
0.000203
0.000205
0.000207
0.000215
0.000224
0.000226
0.000222
0.000219
0.000222
0.000223
0.000212
0.000191
0.000170
0.000163
0.000168
0.000176
0.000172
0.000154
0.000130
0.000113
0.000107
0.000100
0.000087
0.000069
0.000059
0.000064
0.000079
0.000099
0.000115
0.000126
0.000133
0.000142
0.000158
0.000176
0.000191
0.000198
0.000195
0.000182
0.000161
0.000138
0.000124
0.000120
0.000119
0.000117
0.000118
0.000125
0.000133
0.000133
0.000127
0.000121
0.000118
0.000113
0.000105
0.000105
0.000120
0.000141
0.000152
0.000147
0.000135
0.000128
0.000125
0.000119
0.000109
0.000102
0.000108
0.000123
0.000135
0.000132
0.000119
0.000107
0.000099
0.000094
0.000095
0.000106
0.000125
0.000141
0.000145
0.000140
0.000134
0.000134
0.000136
0.000133
0.000121
0.000104
0.000091
0.000091
0.000105
0.000121
0.000131
0.000137
0.000147
0.000160
0.000168
0.000166
0.000162
0.000164
0.000173
0.000180
0.000181
0.000179
0.000182
0.000190
0.000200
0.000209
0.000217
0.000225
0.000228
0.000214
0.000185
0.000150
0.000128
0.000123
0.000129
0.000136
0.000138
0.000138
0.000140
0.000146
0.000156
0.000163
0.000166
0.000169
0.000174
0.000176
0.000171
0.000166
0.000172
0.000192
0.000216
0.000233
0.000240
0.000237
0.000227
0.000216
0.000209
0.000210
0.000212
0.000213
0.000213
0.000214
0.000215
0.000218
0.000228
0.000243
0.000256
0.000256
0.000244
0.000227
0.000208
0.000190
0.000180
0.000183
0.000196
0.000203
0.000202
0.000199
0.000196
0.000189
0.000175
0.000161
0.000156
0.000162
0.000177
0.000194
0.000209
0.000219
0.000222
0.000227
0.000238
0.000252
0.000262
0.000264
0.000258
0.000248
0.000237
0.000228
0.000226
0.000227
0.000224
0.000212
0.000194
0.000177
0.000165
0.000159
0.000154
0.000151
0.000150
0.000155
0.000162
0.000166
0.000161
0.000149
0.000134
0.000125
0.000126
0.000135
0.000147
0.000154
0.000155
0.000154
0.000159
0.000170
0.000176
0.000171
0.000159
0.000154
0.000163
0.000179
0.000189
0.000187
0.000181
0.000177
0.000180
0.000185
0.000186
0.000184
0.000178
0.000172
0.000166
0.000156
0.000142
0.000128
0.000121
0.000126
0.000142
0.000165
0.000189
0.000207
0.000213
0.000208
0.000199
0.000192
0.000190
0.000186
0.000178
0.000165
0.000151
0.000141
0.000136
0.000133
0.000124
0.000104
0.000086
0.000086
0.000104
0.000125
0.000131
0.000127
0.000127
0.000138
0.000153
0.000164
0.000172
0.000184
0.000200
0.000213
0.000215
0.000208
0.000201
0.000195
0.000185
0.000165
0.000139
0.000121
0.000122
0.000139
0.000163
0.000186
0.000205
0.000216
0.000214
0.000203
0.000199
0.000207
0.000225
0.000241
0.000249
0.000249
0.000243
0.000232
0.000218
0.000204
0.000197
0.000199
0.000207
0.000216
0.000217
0.000204
0.000186
0.000176
0.000178
0.000180
0.000170
0.000151
0.000144
0.000157
0.000182
0.000204
0.000213
0.000211
0.000203
0.000193
0.000181
0.000168
0.000159
0.000157
0.000162
0.000172
0.000179
0.000180
0.000179
0.000180
0.000182
0.000177
0.000163
0.000146
0.000135
0.000131
0.000130
0.000131
0.000131
0.000131
0.000136
0.000145
0.000157
0.000166
0.000169
0.000169
0.000165
0.000155
0.000136
0.000113
0.000096
0.000086
0.000083
0.000089
0.000105
0.000126
0.000138
0.000134
0.000124
0.000123
0.000136
0.000158
0.000181
0.000195
0.000196
0.000186
0.000179
0.000181
0.000190
0.000193
0.000183
0.000164
0.000142
0.000123
0.000111
0.000109
0.000117
0.000128
0.000134
0.000128
0.000113
0.000095
0.000084
0.000082
0.000089
0.000102
0.000116
0.000127
0.000128
0.000118
0.000100
0.000084
0.000078
0.000089
0.000113
0.000143
0.000169
0.000181
0.000183
0.000179
0.000176
0.000172
0.000165
0.000156
0.000146
0.000141
0.000145
0.000157
0.000175
0.000195
0.000211
0.000219
0.000222
0.000226
0.000239
0.000259
0.000279
0.000289
0.000286
0.000275
0.000265
0.000261
0.000260
0.000256
0.000249
0.000243
0.000245
0.000252
0.000256
0.000254
0.000248
0.000242
0.000231
0.000213
0.000189
0.000169
0.000160
0.000164
0.000177
0.000191
0.000202
0.000208
0.000208
0.000203
0.000195
0.000185
0.000177
0.000167
0.000148
0.000118
0.000086
0.000063
0.000056
0.000061
0.000068
0.000069
0.000063
0.000057
0.000060
0.000069
0.000073
0.000064
0.000048
0.000044
0.000058
0.000079
0.000092
0.000094
0.000091
0.000088
0.000089
0.000093
0.000100
0.000109
0.000115
0.000115
0.000114
0.000110
0.000102
0.000092
0.000088
0.000100
0.000126
0.000153
0.000171
0.000179
0.000189
0.000203
0.000219
0.000232
0.000243
0.000254
0.000263
0.000264
0.000252
0.000235
0.000219
0.000209
0.000201
0.000196
0.000195
0.000196
0.000196
0.000192
0.000190
0.000195
0.000207
0.000214
0.000211
0.000202
0.000192
0.000178
0.000160
0.000144
0.000137
0.000139
0.000140
0.000130
0.000111
0.000086
0.000061
0.000041
0.000034
0.000040
0.000052
0.000060
0.000061
0.000059
0.000063
0.000079
0.000106
0.000137
0.000156
0.000154
0.000143
0.000139
0.000147
0.000159
0.000166
0.000168
0.000168
0.000164
0.000158
0.000160
0.000176
0.000199
0.000215
0.000215
0.000207
0.000203
0.000205
0.000201
0.000181
0.000150
0.000123
0.000112
0.000116
0.000123
0.000128
0.000130
0.000133
0.000135
0.000135
0.000138
0.000146
0.000150
0.000145
0.000135
0.000138
0.000160
0.000191
0.000211
0.000209
0.000194
0.000178
0.000171
0.000175
0.000184
0.000192
0.000196
0.000196
0.000196
0.000193
0.000186
0.000177
0.000174
0.000185
0.000207
0.000229
0.000239
0.000233
0.000222
0.000217
0.000220
0.000222
0.000215
0.000199
0.000176
0.000155
0.000138
0.000127
0.000123
0.000118
0.000109
0.000092
0.000072
0.000055
0.000047
0.000050
0.000060
0.000071
0.000080
0.000086
0.000090
0.000091
0.000091
0.000095
0.000106
0.000126
0.000151
0.000177
0.000197
0.000208
0.000209
0.000207
0.000205
0.000203
0.000196
0.000186
0.000181
0.000186
0.000194
0.000197
0.000188
0.000170
0.000152
0.000144
0.000150
0.000166
0.000184
0.000197
0.000203
0.000204
0.000198
0.000184
0.000163
0.000138
0.000115
0.000097
0.000091
0.000098
0.000115
0.000135
0.000151
0.000157
0.000155
0.000145
0.000128
0.000103
0.000073
0.000049
0.000046
0.000071
0.000111
0.000148
0.000169
0.000175
0.000169
0.000155
0.000136
0.000116
0.000098
0.000082
0.000075
0.000079
0.000095
0.000116
0.000138
0.000159
0.000176
0.000176
0.000156
0.000129
0.000111
0.000108
0.000107
0.000101
0.000095
0.000099
0.000112
0.000127
0.000138
0.000150
0.000165
0.000185
0.000210
0.000237
0.000263
0.000282
0.000288
0.000276
0.000248
0.000210
0.000174
0.000150
0.000144
0.000151
0.000160
0.000163
0.000161
0.000164
0.000181
0.000208
0.000225
0.000223
0.000208
0.000197
0.000195
0.000191
0.000177
0.000155
0.000133
0.000119
0.000116
0.000117
0.000116
0.000107
0.000096
0.000095
0.000107
0.000122
0.000124
0.000107
0.000079
0.000055
0.000046
0.000048
0.000053
0.000059
0.000069
0.000091
0.000121
0.000149
0.000170
0.000181
0.000184
0.000179
0.000170
0.000160
0.000155
0.000153
0.000157
0.000164
0.000175
0.000186
0.000196
0.000203
0.000199
0.000179
0.000142
0.000101
0.000076
0.000074
0.000088
0.000107
0.000122
0.000133
0.000145
0.000158
0.000167
0.000168
0.000165
0.000162
0.000157
0.000149
0.000139
0.000138
0.000152
0.000174
0.000192
0.000197
0.000196
0.000201
0.000210
0.000211
0.000198
0.000178
0.000167
0.000168
0.000168
0.000154
0.000131
0.000116
0.000118
0.000133
0.000148
0.000157
0.000160
0.000161
0.000166
0.000177
0.000192
0.000203
0.000203
0.000193
0.000181
0.000172
0.000170
0.000174
0.000180
0.000182
0.000172
0.000152
0.000131
0.000117
0.000114
0.000120
0.000128
0.000132
0.000135
0.000143
0.000157
0.000174
0.000187
0.000194
0.000192
0.000184
0.000177
0.000178
0.000189
0.000202
0.000211
0.000219
0.000231
0.000249
0.000261
0.000259
0.000242
0.000222
0.000208
0.000206
0.000211
0.000218
0.000222
0.000224
0.000226
0.000227
0.000224
0.000213
0.000193
0.000166
0.000140
0.000124
0.000120
0.000125
0.000127
0.000120
0.000105
0.000088
0.000078
0.000078
0.000084
0.000091
0.000095
0.000102
0.000114
0.000125
0.000128
0.000126
0.000125
0.000131
0.000136
0.000138
0.000142
0.000156
0.000177
0.000195
0.000203
0.000203
0.000201
0.000202
0.000209
0.000223
0.000239
0.000254
0.000262
0.000258
0.000243
0.000221
0.000200
0.000184
0.000170
0.000152
0.000129
0.000108
0.000094
0.000094
0.000108
0.000132
0.000154
0.000164
0.000161
0.000155
0.000153
0.000153
0.000150
0.000152
0.000168
0.000194
0.000214
0.000218
0.000208
0.000196
0.000187
0.000180
0.000174
0.000175
0.000182
0.000191
0.000198
0.000204
0.000207
0.000207
0.000203
0.000196
0.000190
0.000184
0.000179
0.000182
0.000196
0.000216
0.000234
0.000240
0.000233
0.000217
0.000202
0.000197
0.000204
0.000218
0.000231
0.000236
0.000233
0.000223
0.000206
0.000186
0.000171
0.000166
0.000170
0.000184
0.000205
0.000225
0.000234
0.000227
0.000212
0.000198
0.000188
0.000185
0.000194
0.000212
0.000231
0.000241
0.000242
0.000240
0.000237
0.000232
0.000227
0.000232
0.000249
0.000267
0.000269
0.000252
0.000222
0.000189
0.000159
0.000135
0.000114
0.000096
0.000090
0.000102
0.000132
0.000167
0.000195
0.000208
0.000207
0.000195
0.000179
0.000165
0.000159
0.000156
0.000155
0.000159
0.000177
0.000204
0.000230
0.000246
0.000253
0.000258
0.000263
0.000264
0.000257
0.000248
0.000240
0.000238
0.000239
0.000239
0.000236
0.000232
0.000227
0.000223
0.000217
0.000210
0.000203
0.000196
0.000188
0.000180
0.000174
0.000169
0.000159
0.000145
0.000132
0.000128
0.000130
0.000133
0.000129
0.000122
0.000116
0.000114
0.000120
0.000133
0.000150
0.000163
0.000169
0.000168
0.000168
0.000174
0.000185
0.000195
0.000199
0.000197
0.000194
0.000196
0.000206
0.000218
0.000228
0.000232
0.000230
0.000223
0.000214
0.000202
0.000185
0.000164
0.000141
0.000120
0.000107
0.000106
0.000119
0.000138
0.000156
0.000164
0.000162
0.000153
0.000143
0.000133
0.000123
0.000116
0.000117
0.000126
0.000141
0.000160
0.000182
0.000205
0.000226
0.000242
0.000246
0.000234
0.000211
0.000190
0.000178
0.000176
0.000178
0.000179
0.000178
0.000176
0.000169
0.000160
0.000152
0.000150
0.000155
0.000165
0.000180
0.000196
0.000207
0.000207
0.000200
0.000195
0.000196
0.000197
0.000190
0.000179
0.000173
0.000177
0.000179
0.000167
0.000143
0.000123
0.000117
0.000123
0.000132
0.000141
0.000157
0.000177
0.000190
0.000183
0.000159
0.000133
0.000120
0.000124
0.000135
0.000143
0.000149
0.000158
0.000170
0.000175
0.000168
0.000157
0.000155
0.000165
0.000180
0.000191
0.000196
0.000197
0.000195
0.000196
0.000206
0.000221
0.000229
0.000225
0.000219
0.000223
0.000241
0.000262
0.000277
0.000281
0.000270
0.000244
0.000212
0.000189
0.000179
0.000175
0.000171
0.000165
0.000158
0.000150
0.000137
0.000120
0.000105
0.000095
0.000092
0.000095
0.000102
0.000108
0.000112
0.000116
0.000125
0.000141
0.000157
0.000166
0.000166
0.000163
0.000165
0.000176
0.000190
0.000200
0.000201
0.000199
0.000197
0.000197
0.000197
0.000195
0.000187
0.000171
0.000151
0.000134
0.000130
0.000136
0.000145
0.000150
0.000150
0.000148
0.000148
0.000150
0.000153
0.000154
0.000153
0.000153
0.000155
0.000159
0.000165
0.000168
0.000166
0.000157
0.000146
0.000140
0.000147
0.000162
0.000171
0.000168
0.000157
0.000145
0.000137
0.000130
0.000121
0.000109
0.000102
0.000101
0.000099
0.000090
0.000073
0.000059
0.000055
0.000061
0.000068
0.000075
0.000085
0.000099
0.000113
0.000122
0.000125
0.000124
0.000124
0.000124
0.000123
0.000122
0.000124
0.000131
0.000142
0.000149
0.000149
0.000142
0.000135
0.000134
0.000146
0.000166
0.000184
0.000191
0.000183
0.000169
0.000157
0.000150
0.000146
0.000143
0.000144
0.000150
0.000161
0.000172
0.000180
0.000182
0.000181
0.000177
0.000169
0.000155
0.000131
0.000101
0.000074
0.000056
0.000053
0.000063
0.000081
0.000100
0.000116
0.000129
0.000139
0.000148
0.000161
0.000179
0.000199
0.000212
0.000214
0.000209
0.000204
0.000193
0.000173
0.000144
0.000121
0.000113
0.000122
0.000142
0.000163
0.000177
0.000182
0.000176
0.000165
0.000152
0.000141
0.000134
0.000132
0.000133
0.000136
0.000140
0.000148
0.000159
0.000176
0.000195
0.000211
0.000218
0.000221
0.000227
0.000239
0.000251
0.000252
0.000241
0.000226
0.000216
0.000216
0.000226
0.000246
0.000271
0.000296
0.000316
0.000330
0.000334
0.000327
0.000312
0.000298
0.000287
0.000274
0.000255
0.000234
0.000215
0.000197
0.000179
0.000164
0.000157
0.000155
0.000153
0.000152
0.000155
0.000161
0.000165
0.000166
0.000170
0.000180
0.000194
0.000206
0.000211
0.000214
0.000223
0.000240
0.000257
0.000263
0.000256
0.000243
0.000232
0.000223
0.000210
0.000192
0.000171
0.000148
0.000122
0.000099
0.000090
0.000098
0.000115
0.000134
0.000155
0.000179
0.000201
0.000213
0.000215
0.000215
0.000220
0.000231
0.000234
0.000223
0.000201
0.000181
0.000169
0.000166
0.000166
0.000172
0.000183
0.000191
0.000193
0.000188
0.000182
0.000178
0.000174
0.000178
0.000194
0.000219
0.000236
0.000237
0.000227
0.000223
0.000224
0.000220
0.000206
0.000188
0.000180
0.000182
0.000189
0.000195
0.000198
0.000202
0.000208
0.000216
0.000227
0.000241
0.000252
0.000255
0.000249
0.000241
0.000235
0.000230
0.000220
0.000203
0.000182
0.000162
0.000146
0.000133
0.000121
0.000114
0.000110
0.000110
0.000116
0.000131
0.000153
0.000172
0.000179
0.000171
0.000156
0.000146
0.000149
0.000165
0.000188
0.000209
0.000223
0.000231
0.000240
0.000252
0.000262
0.000258
0.000236
0.000207
0.000187
0.000183
0.000187
0.000191
0.000190
0.000184
0.000173
0.000160
0.000153
0.000157
0.000169
0.000184
0.000202
0.000223
0.000243
0.000253
0.000251
0.000247
0.000242
0.000231
0.000205
0.000172
0.000149
0.000147
0.000159
0.000169
0.000165
0.000146
0.000123
0.000108
0.000113
0.000134
0.000159
0.000172
0.000169
0.000158
0.000151
0.000155
0.000166
0.000177
0.000186
0.000193
0.000201
0.000208
0.000209
0.000201
0.000186
0.000174
0.000170
0.000172
0.000172
0.000172
0.000175
0.000182
0.000189
0.000194
0.000203
0.000218
0.000235
0.000245
0.000251
0.000257
0.000261
0.000254
0.000234
0.000208
0.000188
0.000179
0.000179
0.000184
0.000191
0.000198
0.000203
0.000205
0.000204
0.000204
0.000206
0.000209
0.000210
0.000204
0.000196
0.000190
0.000194
0.000201
0.000204
0.000203
0.000205
0.000213
0.000221
0.000221
0.000217
0.000216
0.000219
0.000221
0.000219
0.000222
0.000233
0.000243
0.000243
0.000234
0.000225
0.000220
0.000216
0.000211
0.000203
0.000192
0.000179
0.000170
0.000172
0.000186
0.000201
0.000205
0.000195
0.000176
0.000158
0.000145
0.000134
0.000125
0.000117
0.000116
0.000123
0.000136
0.000149
0.000154
0.000151
0.000149
0.000157
0.000175
0.000195
0.000205
0.000200
0.000188
0.000176
0.000167
0.000157
0.000145
0.000136
0.000131
0.000130
0.000131
0.000133
0.000138
0.000145
0.000157
0.000169
0.000175
0.000174
0.000172
0.000177
0.000188
0.000195
0.000197
0.000201
0.000210
0.000216
0.000211
0.000195
0.000176
0.000157
0.000139
0.000122
0.000105
0.000081
0.000050
0.000021
0.000011
0.000019
0.000033
0.000047
0.000066
0.000096
0.000129
0.000152
0.000163
0.000169
0.000174
0.000175
0.000169
0.000161
0.000153
0.000147
0.000143
0.000146
0.000157
0.000171
0.000181
0.000182
0.000173
0.000157
0.000139
0.000127
0.000124
0.000127
0.000129
0.000126
0.000123
0.000121
0.000121
0.000122
0.000127
0.000135
0.000142
0.000144
0.000141
0.000140
0.000145
0.000152
0.000155
0.000151
0.000140
0.000124
0.000107
0.000094
0.000090
0.000098
0.000115
0.000133
0.000144
0.000142
0.000127
0.000106
0.000083
0.000062
0.000049
0.000056
0.000086
0.000132
0.000174
0.000197
0.000200
0.000196
0.000199
0.000213
0.000229
0.000241
0.000247
0.000251
0.000256
0.000257
0.000251
0.000235
0.000215
0.000196
0.000187
0.000196
0.000215
0.000230
0.000230
0.000225
0.000227
0.000237
0.000239
0.000231
0.000222
0.000222
0.000222
0.000212
0.000194
0.000182
0.000181
0.000180
0.000170
0.000150
0.000130
0.000113
0.000103
0.000100
0.000107
0.000120
0.000133
0.000145
0.000155
0.000166
0.000172
0.000171
0.000170
0.000176
0.000188
0.000195
0.000189
0.000173
0.000154
0.000134
0.000110
0.000085
0.000070
0.000072
0.000085
0.000097
0.000104
0.000108
0.000114
0.000124
0.000135
0.000141
0.000141
0.000143
0.000154
0.000174
0.000194
0.000207
0.000213
0.000216
0.000211
0.000198
0.000181
0.000172
0.000172
0.000174
0.000176
0.000185
0.000203
0.000221
0.000227
0.000220
0.000201
0.000178
0.000152
0.000128
0.000107
0.000092
0.000084
0.000090
0.000112
0.000144
0.000176
0.000198
0.000210
0.000215
0.000220
0.000222
0.000223
0.000221
0.000219
0.000214
0.000206
0.000196
0.000189
0.000192
0.000203
0.000212
0.000211
0.000200
0.000182
0.000163
0.000147
0.000136
0.000134
0.000142
0.000157
0.000174
0.000184
0.000186
0.000191
0.000207
0.000224
0.000229
0.000220
0.000208
0.000200
0.000197
0.000197
0.000205
0.000222
0.000239
0.000245
0.000243
0.000243
0.000248
0.000248
0.000239
0.000225
0.000210
0.000191
0.000168
0.000145
0.000133
0.000128
0.000125
0.000121
0.000122
0.000129
0.000133
0.000127
0.000114
0.000102
0.000099
0.000097
0.000094
0.000093
0.000100
0.000109
0.000110
0.000106
0.000110
0.000130
0.000159
0.000180
0.000185
0.000177
0.000168
0.000170
0.000184
0.000202
0.000212
0.000209
0.000199
0.000194
0.000194
0.000195
0.000197
0.000203
0.000208
0.000206
0.000194
0.000179
0.000170
0.000166
0.000164
0.000161
0.000160
0.000156
0.000148
0.000134
0.000123
0.000119
0.000120
0.000124
0.000130
0.000141
0.000157
0.000168
0.000168
0.000154
0.000131
0.000100
0.000065
0.000033
0.000017
0.000023
0.000044
0.000068
0.000087
0.000101
0.000112
0.000119
0.000127
0.000143
0.000169
0.000195
0.000211
0.000215
0.000215
0.000217
0.000222
0.000224
0.000222
0.000217
0.000215
0.000213
0.000211
0.000211
0.000215
0.000216
0.000207
0.000187
0.000166
0.000157
0.000165
0.000183
0.000205
0.000227
0.000241
0.000242
0.000232
0.000223
0.000221
0.000222
0.000219
0.000206
0.000186
0.000163
0.000140
0.000121
0.000105
0.000094
0.000092
0.000099
0.000105
0.000101
0.000096
0.000102
0.000121
0.000139
0.000138
0.000123
0.000109
0.000110
0.000122
0.000135
0.000138
0.000132
0.000125
0.000127
0.000138
0.000153
0.000166
0.000175
0.000179
0.000179
0.000178
0.000184
0.000200
0.000219
0.000231
0.000234
0.000231
0.000226
0.000219
0.000208
0.000196
0.000187
0.000185
0.000190
0.000199
0.000207
0.000204
0.000189
0.000165
0.000139
0.000120
0.000114
0.000120
0.000135
0.000151
0.000164
0.000173
0.000182
0.000197
0.000217
0.000230
0.000224
0.000198
0.000168
0.000150
0.000146
0.000147
0.000151
0.000160
0.000170
0.000176
0.000175
0.000175
0.000183
0.000196
0.000207
0.000211
0.000210
0.000204
0.000194
0.000182
0.000173
0.000172
0.000172
0.000168
0.000162
0.000163
0.000177
0.000196
0.000210
0.000214
0.000206
0.000190
0.000167
0.000149
0.000147
0.000162
0.000181
0.000190
0.000190
0.000187
0.000182
0.000173
0.000161
0.000150
0.000143
0.000139
0.000138
0.000139
0.000141
0.000146
0.000155
0.000171
0.000183
0.000182
0.000172
0.000166
0.000171
0.000178
0.000175
0.000159
0.000140
0.000127
0.000125
0.000133
0.000145
0.000157
0.000166
0.000174
0.000184
0.000193
0.000201
0.000207
0.000211
0.000206
0.000194
0.000183
0.000181
0.000185
0.000183
0.000175
0.000168
0.000170
0.000173
0.000171
0.000169
0.000179
0.000206
0.000240
0.000268
0.000284
0.000288
0.000285
0.000279
0.000274
0.000273
0.000274
0.000274
0.000271
0.000270
0.000275
0.000283
0.000291
0.000293
0.000288
0.000279
0.000268
0.000256
0.000244
0.000232
0.000224
0.000222
0.000226
0.000227
0.000220
0.000204
0.000183
0.000163
0.000144
0.000123
0.000099
0.000074
0.000058
0.000060
0.000078
0.000105
0.000130
0.000154
0.000177
0.000199
0.000210
0.000208
0.000196
0.000182
0.000171
0.000162
0.000153
0.000146
0.000151
0.000176
0.000210
0.000235
0.000237
0.000226
0.000217
0.000217
0.000221
0.000222
0.000223
0.000228
0.000233
0.000231
0.000227
0.000231
0.000245
0.000260
0.000263
0.000249
0.000223
0.000193
0.000168
0.000151
0.000143
0.000142
0.000147
0.000157
0.000171
0.000186
0.000194
0.000189
0.000166
0.000135
0.000107
0.000092
0.000090
0.000101
0.000124
0.000152
0.000175
0.000185
0.000186
0.000185
0.000177
0.000161
0.000143
0.000134
0.000135
0.000137
0.000137
0.000140
0.000148
0.000160
0.000172
0.000187
0.000204
0.000220
0.000227
0.000224
0.000215
0.000205
0.000196
0.000193
0.000194
0.000201
0.000212
0.000229
0.000249
0.000261
0.000256
0.000237
0.000218
0.000210
0.000211
0.000215
0.000215
0.000216
0.000221
0.000232
0.000246
0.000255
0.000257
0.000250
0.000235
0.000213
0.000188
0.000169
0.000165
0.000173
0.000180
0.000178
0.000168
0.000159
0.000156
0.000160
0.000167
0.000176
0.000187
0.000197
0.000197
0.000185
0.000165
0.000142
0.000123
0.000106
0.000094
0.000087
0.000087
0.000092
0.000098
0.000105
0.000112
0.000120
0.000130
0.000145
0.000161
0.000177
0.000185
0.000183
0.000171
0.000160
0.000163
0.000184
0.000214
0.000238
0.000246
0.000239
0.000226
0.000219
0.000220
0.000225
0.000220
0.000200
0.000173
0.000154
0.000151
0.000158
0.000164
0.000168
0.000174
0.000185
0.000204
0.000230
0.000252
0.000255
0.000233
0.000200
0.000179
0.000180
0.000192
0.000200
0.000202
0.000207
0.000214
0.000222
0.000226
0.000230
0.000228
0.000215
0.000189
0.000157
0.000136
0.000132
0.000138
0.000143
0.000142
0.000137
0.000135
0.000139
0.000142
0.000139
0.000132
0.000131
0.000140
0.000150
0.000151
0.000141
0.000134
0.000141
0.000159
0.000173
0.000177
0.000179
0.000184
0.000187
0.000180
0.000164
0.000148
0.000138
0.000131
0.000124
0.000116
0.000105
0.000089
0.000070
0.000060
0.000072
0.000106
0.000145
0.000169
0.000173
0.000166
0.000159
0.000157
0.000160
0.000165
0.000168
0.000165
0.000157
0.000151
0.000149
0.000148
0.000140
0.000129
0.000122
0.000126
0.000137
0.000147
0.000154
0.000160
0.000168
0.000176
0.000183
0.000185
0.000178
0.000163
0.000146
0.000135
0.000135
0.000143
0.000154
0.000164
0.000171
0.000178
0.000188
0.000202
0.000218
0.000229
0.000233
0.000228
0.000218
0.000205
0.000193
0.000181
0.000166
0.000150
0.000140
0.000144
0.000159
0.000176
0.000189
0.000202
0.000216
0.000232
0.000244
0.000254
0.000265
0.000275
0.000279
0.000277
0.000275
0.000278
0.000277
0.000261
0.000231
0.000201
0.000188
0.000195
0.000210
0.000215
0.000208
0.000198
0.000193
0.000192
0.000192
0.000192
0.000194
0.000196
0.000195
0.000193
0.000194
0.000198
0.000203
0.000208
0.000217
0.000229
0.000236
0.000234
0.000224
0.000209
0.000191
0.000170
0.000152
0.000145
0.000155
0.000175
0.000195
0.000206
0.000211
0.000211
0.000209
0.000204
0.000200
0.000198
0.000199
0.000199
0.000198
0.000199
0.000208
0.000221
0.000233
0.000241
0.000245
0.000246
0.000241
0.000232
0.000221
0.000213
0.000208
0.000200
0.000192
0.000188
0.000185
0.000180
0.000170
0.000164
0.000165
0.000165
0.000156
0.000143
0.000134
0.000131
0.000126
0.000117
0.000116
0.000129
0.000149
0.000159
0.000158
0.000150
0.000137
0.000116
0.000091
0.000074
0.000069
0.000069
0.000063
0.000051
0.000037
0.000021
0.000007
0.000001
0.000012
0.000035
0.000057
0.000072
0.000082
0.000088
0.000091
0.000096
0.000115
0.000153
0.000199
0.000233
0.000249
0.000251
0.000247
0.000238
0.000221
0.000201
0.000184
0.000177
0.000180
0.000189
0.000198
0.000203
0.000206
0.000211
0.000217
0.000218
0.000213
0.000209
0.000212
0.000217
0.000211
0.000188
0.000157
0.000135
0.000127
0.000131
0.000142
0.000160
0.000182
0.000199
0.000201
0.000186
0.000165
0.000152
0.000152
0.000157
0.000156
0.000149
0.000147
0.000158
0.000179
0.000196
0.000200
0.000189
0.000164
0.000129
0.000091
0.000065
0.000052
0.000044
0.000037
0.000040
0.000063
0.000098
0.000130
0.000150
0.000162
0.000170
0.000170
0.000157
0.000135
0.000113
0.000099
0.000096
0.000104
0.000115
0.000114
0.000105
0.000101
0.000113
0.000134
0.000148
0.000159
0.000180
0.000211
0.000237
0.000245
0.000245
0.000254
0.000273
0.000289
0.000290
0.000272
0.000238
0.000195
0.000160
0.000147
0.000154
0.000165
0.000168
0.000167
0.000167
0.000164
0.000152
0.000134
0.000120
0.000112
0.000102
0.000089
0.000082
0.000082
0.000084
0.000080
0.000074
0.000073
0.000080
0.000091
0.000105
0.000121
0.000139
0.000157
0.000173
0.000186
0.000193
0.000187
0.000171
0.000153
0.000144
0.000147
0.000159
0.000174
0.000182
0.000183
0.000184
0.000192
0.000202
0.000200
0.000181
0.000155
0.000138
0.000137
0.000151
0.000176
0.000210
0.000244
0.000261
0.000251
0.000219
0.000183
0.000160
0.000157
0.000165
0.000178
0.000191
0.000203
0.000212
0.000215
0.000214
0.000211
0.000206
0.000196
0.000178
0.000154
0.000137
0.000136
0.000148
0.000162
0.000166
0.000158
0.000141
0.000120
0.000099
0.000088
0.000094
0.000115
0.000140
0.000161
0.000177
0.000191
0.000205
0.000216
0.000224
0.000231
0.000231
0.000221
0.000206
0.000198
0.000203
0.000220
0.000237
0.000245
0.000238
0.000214
0.000183
0.000158
0.000145
0.000142
0.000144
0.000148
0.000153
0.000159
0.000163
0.000161
0.000154
0.000143
0.000131
0.000124
0.000124
0.000128
0.000133
0.000137
0.000139
0.000142
0.000149
0.000165
0.000191
0.000214
0.000224
0.000221
0.000212
0.000200
0.000183
0.000166
0.000160
0.000170
0.000188
0.000205
0.000217
0.000226
0.000232
0.000237
0.000237
0.000233
0.000224
0.000215
0.000213
0.000217
0.000219
0.000222
0.000233
0.000254
0.000269
0.000265
0.000244
0.000224
0.000217
0.000220
0.000227
0.000231
0.000229
0.000218
0.000200
0.000180
0.000161
0.000145
0.000133
0.000130
0.000131
0.000131
0.000129
0.000130
0.000143
0.000166
0.000185
0.000189
0.000178
0.000162
0.000153
0.000154
0.000161
0.000169
0.000178
0.000188
0.000193
0.000188
0.000175
0.000158
0.000138
0.000117
0.000100
0.000097
0.000109
0.000125
0.000133
0.000132
0.000133
0.000143
0.000155
0.000160
0.000159
0.000159
0.000166
0.000180
0.000194
0.000200
0.000202
0.000203
0.000209
0.000222
0.000242
0.000265
0.000280
0.000285
0.000284
0.000287
0.000295
0.000301
0.000296
0.000282
0.000266
0.000255
0.000247
0.000241
0.000239
0.000243
0.000249
0.000251
0.000246
0.000233
0.000222
0.000220
0.000231
0.000247
0.000254
0.000243
0.000222
0.000202
0.000189
0.000182
0.000172
0.000160
0.000144
0.000132
0.000128
0.000137
0.000157
0.000176
0.000181
0.000168
0.000143
0.000124
0.000126
0.000148
0.000169
0.000172
0.000157
0.000139
0.000132
0.000130
0.000122
0.000108
0.000096
0.000090
0.000089
0.000091
0.000101
0.000124
0.000149
0.000162
0.000153
0.000127
0.000100
0.000084
0.000087
0.000106
0.000134
0.000161
0.000175
0.000174
0.000164
0.000153
0.000145
0.000137
0.000130
0.000128
0.000132
0.000137
0.000139
0.000140
0.000145
0.000152
0.000159
0.000165
0.000171
0.000174
0.000167
0.000152
0.000143
0.000148
0.000162
0.000174
0.000179
0.000179
0.000171
0.000155
0.000135
0.000124
0.000130
0.000150
0.000172
0.000186
0.000188
0.000179
0.000166
0.000163
0.000175
0.000197
0.000214
0.000222
0.000221
0.000216
0.000211
0.000211
0.000217
0.000229
0.000239
0.000239
0.000227
0.000210
0.000196
0.000187
0.000184
0.000182
0.000177
0.000168
0.000155
0.000145
0.000144
0.000151
0.000159
0.000161
0.000159
0.000160
0.000168
0.000182
0.000198
0.000211
0.000217
0.000214
0.000204
0.000191
0.000178
0.000168
0.000161
0.000159
0.000163
0.000170
0.000181
0.000197
0.000217
0.000238
0.000257
0.000270
0.000276
0.000271
0.000263
0.000260
0.000263
0.000266
0.000262
0.000255
0.000258
0.000272
0.000285
0.000288
0.000282
0.000268
0.000247
0.000220
0.000192
0.000169
0.000154
0.000147
0.000149
0.000159
0.000170
0.000176
0.000179
0.000180
0.000184
0.000189
0.000193
0.000194
0.000196
0.000200
0.000207
0.000210
0.000208
0.000202
0.000195
0.000188
0.000179
0.000167
0.000154
0.000142
0.000129
0.000117
0.000111
0.000110
0.000109
0.000106
0.000104
0.000110
0.000123
0.000138
0.000152
0.000165
0.000169
0.000155
0.000127
0.000101
0.000090
0.000091
0.000094
0.000097
0.000103
0.000114
0.000127
0.000145
0.000170
0.000197
0.000211
0.000204
0.000178
0.000146
0.000125
0.000125
0.000144
0.000165
0.000172
0.000164
0.000155
0.000157
0.000172
0.000191
0.000205
0.000208
0.000201
0.000191
0.000185
0.000185
0.000186
0.000186
0.000181
0.000174
0.000169
0.000170
0.000180
0.000193
0.000204
0.000211
0.000214
0.000216
0.000210
0.000195
0.000180
0.000175
0.000182
0.000188
0.000178
0.000153
0.000128
0.000122
0.000139
0.000166
0.000188
0.000200
0.000209
0.000217
0.000222
0.000217
0.000205
0.000196
0.000194
0.000197
0.000204
0.000212
0.000219
0.000224
0.000226
0.000226
0.000222
0.000211
0.000194
0.000178
0.000163
0.000146
0.000128
0.000110
0.000096
0.000085
0.000076
0.000075
0.000087
0.000113
0.000144
0.000173
0.000195
0.000208
0.000211
0.000208
0.000203
0.000205
0.000213
0.000222
0.000222
0.000209
0.000188
0.000172
0.000166
0.000170
0.000176
0.000180
0.000179
0.000174
0.000171
0.000177
0.000194
0.000211
0.000216
0.000205
0.000190
0.000181
0.000180
0.000181
0.000181
0.000180
0.000180
0.000178
0.000171
0.000158
0.000148
0.000146
0.000155
0.000166
0.000175
0.000179
0.000182
0.000182
0.000178
0.000172
0.000169
0.000169
0.000169
0.000167
0.000165
0.000166
0.000166
0.000161
0.000153
0.000150
0.000157
0.000171
0.000182
0.000188
0.000189
0.000187
0.000187
0.000192
0.000208
0.000228
0.000241
0.000236
0.000209
0.000170
0.000134
0.000116
0.000116
0.000125
0.000132
0.000138
0.000149
0.000167
0.000185
0.000197
0.000204
0.000214
0.000225
0.000233
0.000233
0.000228
0.000222
0.000220
0.000226
0.000241
0.000261
0.000274
0.000269
0.000249
0.000227
0.000212
0.000205
0.000197
0.000186
0.000177
0.000183
0.000202
0.000224
0.000235
0.000233
0.000225
0.000220
0.000217
0.000212
0.000204
0.000198
0.000201
0.000213
0.000226
0.000235
0.000238
0.000241
0.000245
0.000245
0.000241
0.000234
0.000228
0.000224
0.000221
0.000221
0.000227
0.000235
0.000238
0.000232
0.000221
0.000210
0.000202
0.000196
0.000194
0.000195
0.000194
0.000186
0.000174
0.000166
0.000164
0.000168
0.000171
0.000169
0.000161
0.000153
0.000154
0.000166
0.000178
0.000182
0.000177
0.000173
0.000177
0.000185
0.000191
0.000193
0.000194
0.000193
0.000187
0.000172
0.000146
0.000120
0.000107
0.000112
0.000119
0.000115
0.000099
0.000089
0.000095
0.000110
0.000120
0.000124
0.000122
0.000117
0.000110
0.000105
0.000105
0.000110
0.000118
0.000130
0.000148
0.000167
0.000182
0.000198
0.000223
0.000254
0.000278
0.000282
0.000264
0.000237
0.000215
0.000205
0.000206
0.000214
0.000222
0.000226
0.000225
0.000218
0.000205
0.000196
0.000198
0.000213
0.000238
0.000268
0.000304
0.000341
0.000364
0.000363
0.000340
0.000306
0.000272
0.000241
0.000218
0.000204
0.000195
0.000187
0.000175
0.000166
0.000161
0.000161
0.000158
0.000149
0.000139
0.000133
0.000132
0.000132
0.000131
0.000133
0.000140
0.000144
0.000137
0.000119
0.000098
0.000081
0.000073
0.000073
0.000082
0.000095
0.000104
0.000107
0.000108
0.000111
0.000117
0.000126
0.000135
0.000144
0.000149
0.000151
0.000152
0.000155
0.000161
0.000169
0.000181
0.000198
0.000219
0.000238
0.000250
0.000253
0.000243
0.000221
0.000190
0.000155
0.000124
0.000105
0.000103
0.000113
0.000127
0.000141
0.000161
0.000191
0.000221
0.000232
0.000216
0.000186
0.000159
0.000143
0.000134
0.000130
0.000131
0.000138
0.000153
0.000173
0.000196
0.000211
0.000216
0.000213
0.000209
0.000207
0.000205
0.000202
0.000199
0.000198
0.000200
0.000205
0.000211
0.000217
0.000221
0.000221
0.000218
0.000209
0.000195
0.000179
0.000168
0.000163
0.000153
0.000131
0.000104
0.000089
0.000098
0.000119
0.000139
0.000147
0.000150
0.000154
0.000164
0.000174
0.000180
0.000178
0.000170
0.000162
0.000160
0.000166
0.000176
0.000189
0.000200
0.000209
0.000216
0.000218
0.000213
0.000202
0.000191
0.000183
0.000176
0.000168
0.000164
0.000171
0.000188
0.000205
0.000214
0.000217
0.000221
0.000228
0.000233
0.000234
0.000235
0.000237
0.000238
0.000234
0.000224
0.000212
0.000203
0.000195
0.000186
0.000172
0.000157
0.000146
0.000143
0.000142
0.000140
0.000145
0.000165
0.000194
0.000212
0.000211
0.000203
0.000204
0.000213
0.000213
0.000196
0.000172
0.000157
0.000161
0.000179
0.000195
0.000196
0.000181
0.000164
0.000160
0.000175
0.000199
0.000222
0.000240
0.000252
0.000257
0.000254
0.000245
0.000235
0.000227
0.000226
0.000236
0.000254
0.000265
0.000260
0.000239
0.000214
0.000194
0.000180
0.000170
0.000160
0.000146
0.000127
0.000112
0.000109
0.000119
0.000135
0.000149
0.000158
0.000166
0.000175
0.000180
0.000175
0.000157
0.000133
0.000116
0.000114
0.000125
0.000143
0.000163
0.000183
0.000199
0.000206
0.000205
0.000202
0.000206
0.000215
0.000220
0.000214
0.000202
0.000196
0.000205
0.000223
0.000242
0.000257
0.000266
0.000272
0.000275
0.000275
0.000271
0.000261
0.000242
0.000215
0.000187
0.000164
0.000149
0.000143
0.000149
0.000169
0.000196
0.000220
0.000233
0.000230
0.000218
0.000202
0.000186
0.000172
0.000162
0.000158
0.000157
0.000159
0.000160
0.000157
0.000150
0.000140
0.000135
0.000142
0.000164
0.000191
0.000218
0.000242
0.000266
0.000287
0.000296
0.000294
0.000292
0.000296
0.000298
0.000286
0.000258
0.000227
0.000202
0.000185
0.000174
0.000173
0.000183
0.000197
0.000207
0.000211
0.000217
0.000229
0.000245
0.000261
0.000272
0.000271
0.000258
0.000236
0.000214
0.000195
0.000180
0.000171
0.000169
0.000174
0.000179
0.000180
0.000173
0.000163
0.000153
0.000147
0.000143
0.000143
0.000144
0.000147
0.000151
0.000156
0.000169
0.000190
0.000221
0.000252
0.000275
0.000284
0.000283
0.000275
0.000261
0.000242
0.000228
0.000228
0.000243
0.000259
0.000264
0.000259
0.000256
0.000259
0.000260
0.000252
0.000238
0.000222
0.000204
0.000183
0.000165
0.000167
0.000191
0.000221
0.000242
0.000252
0.000257
0.000257
0.000252
0.000243
0.000240
0.000247
0.000255
0.000256
0.000250
0.000244
0.000245
0.000253
0.000262
0.000267
0.000258
0.000234
0.000200
0.000168
0.000146
0.000134
0.000126
0.000119
0.000111
0.000108
0.000112
0.000121
0.000133
0.000150
0.000174
0.000198
0.000212
0.000213
0.000204
0.000190
0.000173
0.000151
0.000134
0.000133
0.000149
0.000174
0.000199
0.000220
0.000236
0.000240
0.000232
0.000219
0.000212
0.000218
0.000228
0.000230
0.000219
0.000199
0.000182
0.000175
0.000176
0.000180
0.000176
0.000162
0.000140
0.000116
0.000101
0.000104
0.000126
0.000156
0.000182
0.000194
0.000190
0.000172
0.000148
0.000124
0.000112
0.000116
0.000137
0.000168
0.000197
0.000211
0.000207
0.000190
0.000173
0.000160
0.000151
0.000143
0.000139
0.000141
0.000146
0.000149
0.000152
0.000162
0.000180
0.000198
0.000205
0.000197
0.000179
0.000163
0.000164
0.000187
0.000226
0.000264
0.000285
0.000290
0.000289
0.000291
0.000292
0.000289
0.000275
0.000254
0.000230
0.000206
0.000186
0.000170
0.000162
0.000160
0.000161
0.000159
0.000151
0.000143
0.000139
0.000144
0.000157
0.000179
0.000207
0.000229
0.000239
0.000237
0.000229
0.000222
0.000216
0.000211
0.000208
0.000207
0.000206
0.000203
0.000204
0.000211
0.000221
0.000227
0.000229
0.000229
0.000224
0.000206
0.000176
0.000147
0.000134
0.000140
0.000158
0.000181
0.000203
0.000221
0.000220
0.000196
0.000156
0.000123
0.000116
0.000138
0.000177
0.000215
0.000237
0.000236
0.000216
0.000185
0.000158
0.000145
0.000148
0.000158
0.000169
0.000176
0.000181
0.000183
0.000181
0.000169
0.000147
0.000124
0.000114
0.000127
0.000154
0.000179
0.000185
0.000173
0.000157
0.000149
0.000148
0.000150
0.000156
0.000168
0.000183
0.000190
0.000180
0.000154
0.000123
0.000098
0.000086
0.000093
0.000120
0.000160
0.000198
0.000222
0.000231
0.000230
0.000222
0.000210
0.000204
0.000210
0.000227
0.000245
0.000256
0.000260
0.000262
0.000263
0.000258
0.000246
0.000233
0.000224
0.000221
0.000219
0.000216
0.000210
0.000203
0.000198
0.000191
0.000179
0.000164
0.000156
0.000161
0.000178
0.000197
0.000209
0.000212
0.000207
0.000198
0.000189
0.000179
0.000171
0.000165
0.000168
0.000183
0.000207
0.000227
0.000231
0.000221
0.000206
0.000191
0.000175
0.000155
0.000137
0.000127
0.000125
0.000127
0.000135
0.000153
0.000177
0.000197
0.000204
0.000200
0.000196
0.000199
0.000206
0.000209
0.000205
0.000196
0.000188
0.000183
0.000187
0.000207
0.000242
0.000280
0.000303
0.000302
0.000282
0.000254
0.000225
0.000198
0.000174
0.000156
0.000149
0.000155
0.000173
0.000194
0.000203
0.000196
0.000181
0.000170
0.000168
0.000171
0.000176
0.000185
0.000192
0.000192
0.000180
0.000161
0.000142
0.000128
0.000126
0.000135
0.000151
0.000163
0.000166
0.000168
0.000175
0.000187
0.000200
0.000210
0.000218
0.000219
0.000212
0.000198
0.000186
0.000181
0.000183
0.000190
0.000201
0.000215
0.000223
0.000218
0.000199
0.000170
0.000139
0.000113
0.000092
0.000076
0.000063
0.000055
0.000058
0.000073
0.000097
0.000124
0.000149
0.000171
0.000188
0.000202
0.000212
0.000214
0.000206
0.000193
0.000189
0.000198
0.000216
0.000232
0.000240
0.000241
0.000233
0.000217
0.000198
0.000184
0.000181
0.000188
0.000202
0.000221
0.000242
0.000260
0.000268
0.000269
0.000273
0.000283
0.000294
0.000296
0.000284
0.000264
0.000246
0.000228
0.000206
0.000179
0.000158
0.000150
0.000153
0.000158
0.000163
0.000166
0.000167
0.000163
0.000159
0.000164
0.000181
0.000205
0.000224
0.000230
0.000221
0.000206
0.000197
0.000198
0.000207
0.000217
0.000222
0.000220
0.000211
0.000202
0.000200
0.000208
0.000222
0.000231
0.000230
0.000224
0.000220
0.000219
0.000220
0.000222
0.000224
0.000225
0.000225
0.000230
0.000243
0.000258
0.000259
0.000243
0.000218
0.000200
0.000190
0.000186
0.000183
0.000182
0.000183
0.000184
0.000181
0.000172
0.000160
0.000148
0.000145
0.000154
0.000170
0.000186
0.000197
0.000202
0.000204
0.000208
0.000214
0.000224
0.000239
0.000257
0.000277
0.000297
0.000315
0.000323
0.000319
0.000306
0.000290
0.000278
0.000272
0.000267
0.000257
0.000241
0.000228
0.000227
0.000235
0.000237
0.000226
0.000206
0.000189
0.000179
0.000172
0.000168
0.000169
0.000177
0.000185
0.000191
0.000197
0.000202
0.000204
0.000199
0.000193
0.000194
0.000203
0.000213
0.000218
0.000222
0.000230
0.000243
0.000255
0.000263
0.000263
0.000252
0.000232
0.000209
0.000192
0.000181
0.000169
0.000155
0.000143
0.000141
0.000148
0.000160
0.000172
0.000181
0.000189
0.000198
0.000208
0.000215
0.000216
0.000213
0.000213
0.000216
0.000217
0.000213
0.000207
0.000201
0.000198
0.000195
0.000194
0.000197
0.000202
0.000205
0.000198
0.000183
0.000167
0.000160
0.000170
0.000187
0.000197
0.000191
0.000176
0.000163
0.000157
0.000157
0.000161
0.000172
0.000189
0.000206
0.000217
0.000221
0.000223
0.000230
0.000246
0.000267
0.000285
0.000295
0.000298
0.000297
0.000296
0.000295
0.000293
0.000288
0.000283
0.000280
0.000285
0.000299
0.000322
0.000347
0.000369
0.000384
0.000388
0.000381
0.000372
0.000369
0.000370
0.000366
0.000352
0.000333
0.000315
0.000303
0.000294
0.000286
0.000278
0.000267
0.000251
0.000233
0.000216
0.000204
0.000194
0.000191
0.000196
0.000210
0.000227
0.000237
0.000233
0.000212
0.000184
0.000160
0.000152
0.000163
0.000185
0.000209
0.000227
0.000236
0.000240
0.000239
0.000235
0.000228
0.000224
0.000226
0.000233
0.000239
0.000240
0.000236
0.000231
0.000227
0.000225
0.000230
0.000244
0.000263
0.000279
0.000294
0.000311
0.000326
0.000330
0.000317
0.000295
0.000275
0.000263
0.000254
0.000247
0.000243
0.000243
0.000245
0.000244
0.000235
0.000227
0.000226
0.000238
0.000258
0.000281
0.000307
0.000339
0.000372
0.000390
0.000390
0.000380
0.000374
0.000378
0.000386
0.000394
0.000398
0.000395
0.000384
0.000371
0.000366
0.000373
0.000389
0.000407
0.000432
0.000467
0.000510
0.000551
0.000592
0.000647
0.000737
0.000873
0.001050
0.001256
0.001486
0.001726
0.001945
0.002096
0.002142
0.002074
0.001914
0.001699
0.001468
0.001256
0.001085
0.000957
0.000857
0.000771
0.000698
0.000647
0.000617
0.000600
0.000583
0.000563
0.000544
0.000526
0.000503
0.000471
0.000433
0.000404
0.000393
0.000398
0.000409
0.000418
0.000424
0.000424
0.000415
0.000397
0.000375
0.000356
0.000343
0.000336
0.000336
0.000344
0.000358
0.000371
0.000374
0.000363
0.000340
0.000315
0.000297
0.000287
0.000280
0.000273
0.000272
0.000281
0.000299
0.000314
0.000319
0.000315
0.000306
0.000298
0.000293
0.000286
0.000275
0.000261
0.000248
0.000244
0.000252
0.000271
0.000296
0.000324
0.000354
0.000381
0.000402
0.000415
0.000420
0.000421
0.000415
0.000405
0.000396
0.000393
0.000393
0.000384
0.000362
0.000339
0.000330
0.000339
0.000355
0.000366
0.000370
0.000372
0.000379
0.000390
0.000400
0.000405
0.000408
0.000411
0.000416
0.000422
0.000424
0.000422
0.000416
0.000412
0.000412
0.000419
0.000430
0.000438
0.000440
0.000439
0.000436
0.000432
0.000424
0.000413
0.000399
0.000383
0.000366
0.000360
0.000371
0.000394
0.000412
0.000416
0.000416
0.000426
0.000450
0.000478
0.000503
0.000524
0.000545
0.000561
0.000568
0.000570
0.000573
0.000579
0.000586
0.000596
0.000612
0.000636
0.000662
0.000680
0.000688
0.000689
0.000692
0.000697
0.000706
0.000717
0.000726
0.000725
0.000715
0.000707
0.000712
0.000732
0.000755
0.000775
0.000792
0.000810
0.000825
0.000836
0.000849
0.000871
0.000898
0.000921
0.000937
0.000950
0.000959
0.000962
0.000958
0.000953
0.000955
0.000964
0.000980
0.001001
0.001029
0.001060
0.001085
0.001100
0.001108
0.001116
0.001126
0.001135
0.001147
0.001169
0.001208
0.001254
0.001294
0.001321
0.001343
0.001371
0.001403
0.001430
0.001444
0.001452
0.001463
0.001475
0.001483
0.001487
0.001492
0.001504
0.001524
0.001552
0.001585
0.001619
0.001642
0.001649
0.001645
0.001641
0.001650
0.001670
0.001689
0.001696
0.001692
0.001684
0.001677
0.001672
0.001672
0.001681
0.001696
0.001705
0.001698
0.001678
0.001651
0.001620
0.001582
0.001541
0.001504
0.001477
0.001458
0.001446
0.001438
0.001435
0.001432
0.001424
0.001417
0.001411
0.001404
0.001391
0.001370
0.001344
0.001318
0.001291
0.001266
0.001244
0.001221
0.001189
0.001144
0.001093
0.001046
0.001010
0.000985
0.000972
0.000974
0.000989
0.001005
0.001012
0.001005
0.000988
0.000964
0.000931
0.000887
0.000844
0.000817
0.000812
0.000818
0.000822
0.000818
0.000806
0.000785
0.000756
0.000722
0.000693
0.000671
0.000651
0.000631
0.000616
0.000608
0.000605
0.000608
0.000617
0.000632
0.000642
0.000639
0.000626
0.000611
0.000601
0.000595
0.000589
0.000582
0.000571
0.000556
0.000535
0.000513
0.000496
0.000483
0.000474
0.000469
0.000469
0.000469
0.000464
0.000448
0.000425
0.000406
0.000399
0.000407
0.000426
0.000448
0.000466
0.000478
0.000484
0.000486
0.000482
0.000474
0.000465
0.000459
0.000457
0.000457
0.000456
0.000452
0.000445
0.000441
0.000444
0.000452
0.000457
0.000451
0.000437
0.000426
0.000426
0.000439
0.000456
0.000471
0.000484
0.000494
0.000496
0.000488
0.000475
0.000466
0.000463
0.000458
0.000445
0.000428
0.000414
0.000403
0.000390
0.000372
0.000352
0.000336
0.000328
0.000325
0.000326
0.000328
0.000337
0.000356
0.000381
0.000401
0.000409
0.000404
0.000390
0.000372
0.000354
0.000342
0.000339
0.000342
0.000348
0.000355
0.000362
0.000364
0.000361
0.000354
0.000341
0.000321
0.000295
0.000271
0.000257
0.000252
0.000250
0.000248
0.000248
0.000247
0.000245
0.000243
0.000247
0.000256
0.000264
0.000269
0.000276
0.000285
0.000292
0.000296
0.000302
0.000311
0.000315
0.000307
0.000291
0.000273
0.000254
0.000236
0.000225
0.000224
0.000225
0.000221
0.000210
0.000197
0.000182
0.000164
0.000150
0.000152
0.000172
0.000199
0.000222
0.000240
0.000253
0.000264
0.000270
0.000274
0.000278
0.000283
0.000285
0.000279
0.000262
0.000239
0.000219
0.000210
0.000211
0.000214
0.000216
0.000216
0.000216
0.000220
0.000231
0.000249
0.000264
0.000270
0.000267
0.000261
0.000253
0.000244
0.000236
0.000234
0.000237
0.000237
0.000233
0.000232
0.000234
0.000230
0.000215
0.000198
0.000192
0.000201
0.000217
0.000231
0.000238
0.000233
0.000221
0.000214
0.000219
0.000233
0.000251
0.000267
0.000281
0.000284
0.000275
0.000263
0.000258
0.000255
0.000238
0.000206
0.000175
0.000162
0.000163
0.000162
0.000149
0.000130
0.000115
0.000111
0.000119
0.000133
0.000145
0.000155
0.000168
0.000187
0.000208
0.000231
0.000256
0.000282
0.000303
0.000313
0.000317
0.000325
0.000333
0.000330
0.000310
0.000283
0.000262
0.000251
0.000250
0.000255
0.000261
0.000262
0.000253
0.000242
0.000236
0.000237
0.000242
0.000242
0.000241
0.000239
0.000239
0.000241
0.000245
0.000253
0.000261
0.000266
0.000269
0.000274
0.000280
0.000279
0.000267
0.000251
0.000240
0.000233
0.000223
0.000206
0.000188
0.000179
0.000178
0.000177
0.000173
0.000166
0.000161
0.000162
0.000171
0.000187
0.000202
0.000209
0.000212
0.000217
0.000225
0.000226
0.000212
0.000192
0.000177
0.000170
0.000160
0.000143
0.000127
0.000120
0.000126
0.000139
0.000158
0.000180
0.000196
0.000198
0.000190
0.000184
0.000188
0.000199
0.000205
0.000202
0.000187
0.000170
0.000164
0.000174
0.000189
0.000192
0.000183
0.000181
0.000199
0.000231
0.000256
0.000266
0.000265
0.000262
0.000256
0.000247
0.000237
0.000228
0.000220
0.000213
0.000212
0.000218
0.000231
0.000243
0.000249
0.000249
0.000248
0.000249
0.000252
0.000254
0.000255
0.000257
0.000257
0.000247
0.000225
0.000199
0.000185
0.000186
0.000198
0.000213
0.000226
0.000237
0.000246
0.000256
0.000266
0.000272
0.000268
0.000258
0.000249
0.000248
0.000251
0.000251
0.000246
0.000240
0.000238
0.000241
0.000245
0.000247
0.000244
0.000239
0.000239
0.000247
0.000259
0.000268
0.000271
0.000273
0.000274
0.000274
0.000271
0.000268
0.000266
0.000264
0.000258
0.000253
0.000258
0.000275
0.000301
0.000323
0.000329
0.000318
0.000296
0.000271
0.000249
0.000235
0.000230
0.000230
0.000231
0.000232
0.000237
0.000247
0.000263
0.000278
0.000290
0.000297
0.000301
0.000303
0.000306
0.000310
0.000310
0.000306
0.000299
0.000290
0.000279
0.000267
0.000257
0.000252
0.000249
0.000241
0.000228
0.000215
0.000207
0.000203
0.000197
0.000185
0.000170
0.000154
0.000144
0.000143
0.000150
0.000157
0.000158
0.000150
0.000138
0.000130
0.000129
0.000136
0.000143
0.000146
0.000144
0.000142
0.000144
0.000154
0.000164
0.000164
0.000149
0.000129
0.000118
0.000125
0.000145
0.000168
0.000187
0.000209
0.000238
0.000270
0.000292
0.000295
0.000281
0.000262
0.000248
0.000243
0.000245
0.000250
0.000248
0.000236
0.000223
0.000221
0.000236
0.000256
0.000262
0.000248
0.000225
0.000209
0.000206
0.000212
0.000214
0.000206
0.000195
0.000196
0.000212
0.000232
0.000240
0.000233
0.000227
0.000232
0.000241
0.000242
0.000235
0.000224
0.000214
0.000199
0.000180
0.000167
0.000165
0.000169
0.000169
0.000165
0.000166
0.000176
0.000192
0.000200
0.000193
0.000176
0.000164
0.000170
0.000188
0.000207
0.000214
0.000214
0.000214
0.000222
0.000235
0.000248
0.000256
0.000258
0.000260
0.000264
0.000267
0.000263
0.000251
0.000239
0.000232
0.000229
0.000229
0.000235
0.000247
0.000257
0.000259
0.000259
0.000262
0.000267
0.000267
0.000265
0.000267
0.000275
0.000276
0.000258
0.000224
0.000189
0.000163
0.000147
0.000141
0.000147
0.000165
0.000187
0.000203
0.000208
0.000211
0.000222
0.000243
0.000263
0.000274
0.000274
0.000266
0.000254
0.000240
0.000231
0.000233
0.000239
0.000240
0.000231
0.000216
0.000205
0.000198
0.000191
0.000185
0.000183
0.000185
0.000187
0.000190
0.000193
0.000194
0.000184
0.000165
0.000148
0.000148
0.000167
0.000191
0.000209
0.000214
0.000204
0.000190
0.000183
0.000189
0.000202
0.000207
0.000196
0.000174
0.000151
0.000140
0.000144
0.000162
0.000186
0.000210
0.000231
0.000250
0.000266
0.000275
0.000280
0.000286
0.000293
0.000296
0.000294
0.000294
0.000299
0.000306
0.000311
0.000318
0.000331
0.000344
0.000343
0.000329
0.000317
0.000310
0.000304
0.000292
0.000281
0.000274
0.000262
0.000239
0.000211
0.000190
0.000179
0.000168
0.000153
0.000137
0.000126
0.000122
0.000127
0.000140
0.000155
0.000162
0.000157
0.000146
0.000134
0.000129
0.000134
0.000154
0.000185
0.000216
0.000240
0.000256
0.000265
0.000272
0.000279
0.000290
0.000299
0.000303
0.000304
0.000307
0.000312
0.000309
0.000296
0.000281
0.000272
0.000267
0.000254
0.000231
0.000206
0.000188
0.000181
0.000184
0.000194
0.000203
0.000207
0.000204
0.000202
0.000206
0.000216
0.000228
0.000235
0.000236
0.000231
0.000227
0.000229
0.000236
0.000242
0.000248
0.000256
0.000266
0.000272
0.000260
0.000228
0.000182
0.000141
0.000123
0.000132
0.000161
0.000196
0.000225
0.000243
0.000247
0.000239
0.000230
0.000231
0.000245
0.000263
0.000278
0.000285
0.000290
0.000294
0.000298
0.000299
0.000298
0.000295
0.000290
0.000284
0.000274
0.000257
0.000234
0.000214
0.000203
0.000202
0.000206
0.000213
0.000223
0.000235
0.000244
0.000246
0.000240
0.000228
0.000213
0.000195
0.000178
0.000166
0.000166
0.000173
0.000174
0.000160
0.000140
0.000131
0.000142
0.000169
0.000199
0.000218
0.000220
0.000206
0.000190
0.000184
0.000192
0.000207
0.000220
0.000231
0.000241
0.000250
0.000257
0.000263
0.000270
0.000276
0.000278
0.000275
0.000267
0.000256
0.000244
0.000233
0.000226
0.000221
0.000217
0.000210
0.000197
0.000173
0.000143
0.000117
0.000104
0.000104
0.000109
0.000112
0.000112
0.000109
0.000110
0.000121
0.000143
0.000174
0.000208
0.000241
0.000266
0.000279
0.000278
0.000270
0.000264
0.000261
0.000257
0.000251
0.000250
0.000258
0.000269
0.000272
0.000271
0.000274
0.000288
0.000309
0.000323
0.000322
0.000306
0.000283
0.000263
0.000247
0.000231
0.000210
0.000186
0.000169
0.000164
0.000173
0.000187
0.000200
0.000207
0.000211
0.000219
0.000231
0.000247
0.000260
0.000270
0.000278
0.000286
0.000300
0.000318
0.000334
0.000335
0.000315
0.000283
0.000254
0.000240
0.000237
0.000242
0.000256
0.000276
0.000294
0.000302
0.000298
0.000289
0.000276
0.000259
0.000236
0.000206
0.000175
0.000149
0.000139
0.000150
0.000175
0.000199
0.000212
0.000212
0.000206
0.000198
0.000191
0.000189
0.000194
0.000200
0.000200
0.000189
0.000169
0.000150
0.000142
0.000141
0.000141
0.000138
0.000135
0.000142
0.000161
0.000186
0.000206
0.000220
0.000232
0.000251
0.000272
0.000285
0.000279
0.000255
0.000225
0.000205
0.000201
0.000212
0.000226
0.000236
0.000236
0.000232
0.000229
0.000228
0.000220
0.000204
0.000187
0.000182
0.000185
0.000184
0.000172
0.000155
0.000146
0.000145
0.000148
0.000156
0.000168
0.000181
0.000184
0.000177
0.000167
0.000159
0.000155
0.000155
0.000167
0.000195
0.000223
0.000236
0.000230
0.000218
0.000212
0.000213
0.000217
0.000223
0.000232
0.000240
0.000246
0.000251
0.000258
0.000266
0.000271
0.000272
0.000271
0.000264
0.000245
0.000214
0.000183
0.000166
0.000164
0.000169
0.000174
0.000180
0.000191
0.000209
0.000232
0.000256
0.000281
0.000306
0.000331
0.000352
0.000359
0.000345
0.000319
0.000293
0.000277
0.000268
0.000256
0.000241
0.000227
0.000220
0.000221
0.000228
0.000237
0.000242
0.000239
0.000222
0.000198
0.000179
0.000174
0.000183
0.000197
0.000209
0.000218
0.000227
0.000239
0.000250
0.000258
0.000265
0.000272
0.000281
0.000291
0.000300
0.000303
0.000296
0.000279
0.000260
0.000246
0.000239
0.000231
0.000219
0.000202
0.000184
0.000169
0.000161
0.000163
0.000175
0.000190
0.000200
0.000203
0.000202
0.000196
0.000186
0.000173
0.000165
0.000165
0.000175
0.000193
0.000217
0.000249
0.000282
0.000308
0.000318
0.000310
0.000288
0.000259
0.000227
0.000198
0.000183
0.000190
0.000214
0.000237
0.000247
0.000244
0.000234
0.000225
0.000220
0.000226
0.000245
0.000262
0.000260
0.000240
0.000221
0.000218
0.000227
0.000231
0.000232
0.000239
0.000255
0.000273
0.000289
0.000306
0.000324
0.000330
0.000319
0.000298
0.000280
0.000266
0.000251
0.000236
0.000226
0.000225
0.000232
0.000242
0.000248
0.000247
0.000234
0.000213
0.000195
0.000185
0.000185
0.000187
0.000185
0.000181
0.000181
0.000187
0.000192
0.000186
0.000170
0.000158
0.000161
0.000175
0.000183
0.000180
0.000179
0.000193
0.000217
0.000239
0.000246
0.000242
0.000236
0.000236
0.000243
0.000254
0.000259
0.000255
0.000250
0.000250
0.000254
0.000255
0.000249
0.000238
0.000228
0.000224
0.000221
0.000217
0.000211
0.000209
0.000218
0.000233
0.000244
0.000242
0.000234
0.000230
0.000232
0.000233
0.000233
0.000241
0.000264
0.000293
0.000314
0.000319
0.000310
0.000293
0.000277
0.000264
0.000254
0.000241
0.000223
0.000205
0.000194
0.000191
0.000194
0.000200
0.000207
0.000214
0.000219
0.000224
0.000234
0.000250
0.000269
0.000281
0.000281
0.000272
0.000263
0.000262
0.000270
0.000281
0.000290
0.000300
0.000320
0.000347
0.000372
0.000386
0.000391
0.000393
0.000400
0.000411
0.000423
0.000434
0.000443
0.000451
0.000460
0.000473
0.000492
0.000516
0.000545
0.000579
0.000617
0.000662
0.000716
0.000779
0.000845
0.000907
0.000968
0.001033
0.001104
0.001171
0.001219
0.001247
0.001266
0.001290
0.001316
0.001330
0.001321
0.001289
0.001243
0.001187
0.001122
0.001051
0.000985
0.000932
0.000892
0.000857
0.000823
0.000794
0.000774
0.000762
0.000750
0.000735
0.000715
0.000696
0.000680
0.000666
0.000654
0.000642
0.000631
0.000621
0.000618
0.000623
0.000632
0.000637
0.000637
0.000640
0.000653
0.000672
0.000692
0.000712
0.000737
0.000766
0.000798
0.000837
0.000889
0.000955
0.001030
0.001113
0.001211
0.001323
0.001440
0.001554
0.001673
0.001812
0.001976
0.002158
0.002352
0.002552
0.002747
0.002914
0.003032
0.003087
0.003075
0.003001
0.002878
0.002725
0.002556
0.002379
0.002199
0.002021
0.001852
0.001696
0.001553
0.001424
0.001307
0.001200
0.001104
0.001022
0.000951
0.000885
0.000820
0.000763
0.000719
0.000686
0.000657
0.000628
0.000600
0.000573
0.000543
0.000513
0.000487
0.000467
0.000446
0.000423
0.000403
0.000391
0.000387
0.000383
0.000376
0.000365
0.000352
0.000339
0.000330
0.000326
0.000326
0.000321
0.000311
0.000300
0.000293
0.000289
0.000284
0.000281
0.000285
0.000299
0.000320
0.000341
0.000354
0.000354
0.000344
0.000333
0.000333
0.000342
0.000355
0.000360
0.000359
0.000356
0.000352
0.000349
0.000349
0.000355
0.000360
0.000355
0.000340
0.000325
0.000320
0.000315
0.000296
0.000265
0.000234
0.000214
0.000200
0.000191
0.000191
0.000208
0.000233
0.000251
0.000254
0.000252
0.000256
0.000269
0.000285
0.000293
0.000286
0.000261
0.000232
0.000211
0.000203
0.000199
0.000192
0.000187
0.000188
0.000192
0.000195
0.000196
0.000195
0.000194
0.000192
0.000194
0.000200
0.000206
0.000214
0.000230
0.000259
0.000293
0.000315
0.000323
0.000325
0.000329
0.000335
0.000339
0.000335
0.000327
0.000316
0.000305
0.000293
0.000280
0.000267
0.000259
0.000255
0.000256
0.000261
0.000271
0.000280
0.000278
0.000258
0.000237
0.000233
0.000250
0.000272
0.000282
0.000279
0.000276
0.000281
0.000299
0.000324
0.000340
0.000336
0.000318
0.000298
0.000282
0.000266
0.000245
0.000235
0.000252
0.000293
0.000336
0.000359
0.000357
0.000336
0.000313
0.000301
0.000302
0.000310
0.000319
0.000326
0.000335
0.000345
0.000352
0.000356
0.000360
0.000361
0.000359
0.000358
0.000364
0.000369
0.000364
0.000349
0.000334
0.000322
0.000310
0.000299
0.000293
0.000293
0.000291
0.000284
0.000279
0.000280
0.000283
0.000281
0.000280
0.000283
0.000290
0.000297
0.000301
0.000304
0.000304
0.000303
0.000306
0.000311
0.000308
0.000298
0.000289
0.000291
0.000299
0.000303
0.000298
0.000290
0.000282
0.000277
0.000282
0.000301
0.000323
0.000329
0.000312
0.000284
0.000266
0.000268
0.000288
0.000314
0.000328
0.000320
0.000300
0.000285
0.000286
0.000296
0.000307
0.000316
0.000317
0.000309
0.000295
0.000286
0.000287
0.000290
0.000291
0.000296
0.000315
0.000348
0.000385
0.000422
0.000462
0.000508
0.000557
0.000609
0.000669
0.000736
0.000804
0.000869
0.000933
0.000996
0.001062
0.001129
0.001201
0.001274
0.001347
0.001420
0.001498
0.001579
0.001650
0.001698
0.001724
0.001737
0.001741
0.001729
0.001697
0.001649
0.001594
0.001532
0.001462
0.001381
0.001291
0.001192
0.001088
0.000985
0.000889
0.000800
0.000717
0.000643
0.000585
0.000542
0.000506
0.000469
0.000435
0.000411
0.000393
0.000378
0.000366
0.000359
0.000357
0.000352
0.000345
0.000340
0.000334
0.000321
0.000305
0.000297
0.000298
0.000300
0.000300
0.000306
0.000323
0.000339
0.000339
0.000326
0.000309
0.000297
0.000290
0.000289
0.000292
0.000292
0.000286
0.000275
0.000260
0.000239
0.000212
0.000187
0.000172
0.000167
0.000166
0.000168
0.000180
0.000196
0.000203
0.000196
0.000184
0.000182
0.000194
0.000216
0.000243
0.000263
0.000267
0.000253
0.000237
0.000228
0.000224
0.000216
0.000201
0.000188
0.000187
0.000200
0.000220
0.000235
0.000238
0.000227
0.000210
0.000194
0.000180
0.000170
0.000162
0.000159
0.000159
0.000165
0.000179
0.000195
0.000202
0.000197
0.000188
0.000182
0.000180
0.000182
0.000189
0.000200
0.000209
0.000215
0.000226
0.000246
0.000267
0.000275
0.000270
0.000259
0.000250
0.000243
0.000241
0.000245
0.000253
0.000259
0.000262
0.000266
0.000264
0.000249
0.000222
0.000197
0.000188
0.000191
0.000196
0.000195
0.000186
0.000167
0.000144
0.000128
0.000129
0.000146
0.000169
0.000193
0.000214
0.000229
0.000234
0.000229
0.000223
0.000220
0.000221
0.000221
0.000218
0.000212
0.000207
0.000204
0.000202
0.000199
0.000190
0.000177
0.000164
0.000155
0.000155
0.000162
0.000169
0.000166
0.000155
0.000143
0.000137
0.000140
0.000154
0.000182
0.000223
0.000262
0.000283
0.000284
0.000276
0.000274
0.000277
0.000276
0.000266
0.000250
0.000237
0.000233
0.000234
0.000232
0.000228
0.000225
0.000227
0.000229
0.000228
0.000227
0.000230
0.000239
0.000251
0.000262
0.000269
0.000271
0.000266
0.000255
0.000239
0.000221
0.000209
0.000208
0.000219
0.000235
0.000245
0.000245
0.000237
0.000226
0.000218
0.000218
0.000232
0.000254
0.000273
0.000275
0.000264
0.000252
0.000246
0.000244
0.000237
0.000225
0.000210
0.000199
0.000193
0.000190
0.000185
0.000175
0.000167
0.000170
0.000183
0.000198
0.000209
0.000219
0.000230
0.000236
0.000231
0.000221
0.000216
0.000224
0.000237
0.000251
0.000265
0.000279
0.000292
0.000299
0.000300
0.000295
0.000288
0.000282
0.000278
0.000276
0.000273
0.000271
0.000276
0.000287
0.000295
0.000293
0.000287
0.000285
0.000285
0.000277
0.000258
0.000238
0.000225
0.000221
0.000222
0.000226
0.000237
0.000252
0.000268
0.000282
0.000292
0.000291
0.000278
0.000258
0.000238
0.000222
0.000211
0.000208
0.000212
0.000218
0.000219
0.000211
0.000203
0.000205
0.000218
0.000236
0.000250
0.000255
0.000253
0.000250
0.000249
0.000249
0.000248
0.000249
0.000255
0.000259
0.000255
0.000248
0.000248
0.000254
0.000255
0.000245
0.000235
0.000238
0.000251
0.000259
0.000253
0.000237
0.000222
0.000214
0.000214
0.000222
0.000234
0.000248
0.000266
0.000288
0.000310
0.000325
0.000328
0.000327
0.000328
0.000336
0.000345
0.000352
0.000358
0.000362
0.000362
0.000354
0.000338
0.000321
0.000308
0.000302
0.000295
0.000280
0.000255
0.000230
0.000213
0.000207
0.000204
0.000202
0.000200
0.000202
0.000209
0.000218
0.000229
0.000243
0.000259
0.000271
0.000275
0.000277
0.000287
0.000310
0.000335
0.000351
0.000358
0.000362
0.000365
0.000364
0.000359
0.000352
0.000344
0.000334
0.000326
0.000327
0.000340
0.000355
0.000363
0.000366
0.000369
0.000370
0.000359
0.000333
0.000298
0.000265
0.000242
0.000235
0.000243
0.000260
0.000277
0.000289
0.000294
0.000291
0.000280
0.000261
0.000240
0.000220
0.000201
0.000183
0.000168
0.000160
0.000160
0.000168
0.000182
0.000204
0.000227
0.000247
0.000256
0.000253
0.000243
0.000236
0.000241
0.000253
0.000262
0.000262
0.000256
0.000252
0.000256
0.000267
0.000275
0.000272
0.000257
0.000237
0.000224
0.000223
0.000229
0.000239
0.000247
0.000250
0.000240
0.000221
0.000205
0.000203
0.000216
0.000237
0.000258
0.000273
0.000276
0.000267
0.000254
0.000244
0.000237
0.000230
0.000225
0.000225
0.000227
0.000228
0.000231
0.000243
0.000264
0.000283
0.000291
0.000288
0.000276
0.000258
0.000242
0.000241
0.000255
0.000273
0.000282
0.000284
0.000286
0.000288
0.000280
0.000265
0.000256
0.000265
0.000289
0.000321
0.000353
0.000381
0.000401
0.000413
0.000425
0.000441
0.000459
0.000470
0.000471
0.000468
0.000464
0.000461
0.000454
0.000444
0.000435
0.000436
0.000450
0.000475
0.000506
0.000537
0.000567
0.000595
0.000622
0.000652
0.000693
0.000752
0.000834
0.000937
0.001055
0.001184
0.001326
0.001493
0.001698
0.001944
0.002230
0.002552
0.002911
0.003304
0.003724
0.004161
0.004603
0.005044
0.005477
0.005899
0.006303
0.006680
0.007026
0.007335
0.007595
0.007789
0.007897
0.007915
0.007846
0.007700
0.007481
0.007201
0.006871
0.006501
0.006100
0.005677
0.005239
0.004792
0.004339
0.003887
0.003451
0.003043
0.002669
0.002335
0.002045
0.001800
0.001594
0.001421
0.001281
0.001169
0.001073
0.000988
0.000917
0.000866
0.000824
0.000775
0.000718
0.000661
0.000617
0.000584
0.000556
0.000526
0.000494
0.000465
0.000449
0.000448
0.000451
0.000449
0.000442
0.000446
0.000468
0.000498
0.000522
0.000536
0.000539
0.000533
0.000520
0.000504
0.000491
0.000479
0.000464
0.000443
0.000418
0.000394
0.000373
0.000356
0.000340
0.000323
0.000309
0.000304
0.000307
0.000309
0.000307
0.000306
0.000313
0.000330
0.000353
0.000376
0.000390
0.000387
0.000365
0.000334
0.000311
0.000304
0.000303
0.000295
0.000277
0.000258
0.000244
0.000235
0.000229
0.000226
0.000224
0.000223
0.000217
0.000209
0.000204
0.000206
0.000212
0.000221
0.000237
0.000260
0.000284
0.000300
0.000306
0.000308
0.000309
0.000306
0.000297
0.000290
0.000289
0.000289
0.000278
0.000256
0.000232
0.000217
0.000213
0.000215
0.000221
0.000230
0.000242
0.000252
0.000260
0.000266
0.000271
0.000274
0.000272
0.000263
0.000249
0.000237
0.000242
0.000266
0.000298
0.000320
0.000321
0.000306
0.000290
0.000288
0.000304
0.000324
0.000334
0.000329
0.000318
0.000311
0.000307
0.000304
0.000300
0.000297
0.000298
0.000304
0.000310
0.000312
0.000307
0.000295
0.000282
0.000275
0.000276
0.000283
0.000293
0.000299
0.000302
0.000304
0.000305
0.000302
0.000291
0.000274
0.000255
0.000241
0.000235
0.000243
0.000261
0.000280
0.000294
0.000303
0.000314
0.000328
0.000340
0.000347
0.000356
0.000365
0.000368
0.000361
0.000353
0.000354
0.000359
0.000361
0.000358
0.000355
0.000352
0.000344
0.000328
0.000310
0.000298
0.000293
0.000294
0.000305
0.000322
0.000334
0.000334
0.000324
0.000314
0.000307
0.000302
0.000294
0.000283
0.000274
0.000271
0.000276
0.000288
0.000297
0.000296
0.000281
0.000259
0.000241
0.000233
0.000233
0.000234
0.000230
0.000225
0.000224
0.000228
0.000230
0.000232
0.000242
0.000259
0.000278
0.000295
0.000312
0.000335
0.000358
0.000375
0.000386
0.000394
0.000399
0.000389
0.000365
0.000336
0.000315
0.000308
0.000315
0.000336
0.000366
0.000395
0.000413
0.000415
0.000402
0.000382
0.000360
0.000344
0.000335
0.000331
0.000324
0.000315
0.000312
0.000320
0.000334
0.000343
0.000343
0.000341
0.000349
0.000369
0.000389
0.000401
0.000404
0.000400
0.000390
0.000373
0.000355
0.000346
0.000350
0.000361
0.000369
0.000371
0.000369
0.000369
0.000371
0.000373
0.000374
0.000373
0.000368
0.000359
0.000346
0.000330
0.000318
0.000315
0.000322
0.000335
0.000348
0.000356
0.000357
0.000355
0.000353
0.000353
0.000353
0.000351
0.000350
0.000349
0.000352
0.000359
0.000372
0.000388
0.000399
0.000401
0.000399
0.000401
0.000410
0.000423
0.000434
0.000437
0.000427
0.000401
0.000370
0.000351
0.000353
0.000370
0.000389
0.000404
0.000416
0.000425
0.000424
0.000414
0.000402
0.000396
0.000398
0.000401
0.000402
0.000405
0.000411
0.000419
0.000423
0.000420
0.000413
0.000409
0.000411
0.000416
0.000420
0.000419
0.000419
0.000427
0.000443
0.000459
0.000469
0.000476
0.000490
0.000516
0.000545
0.000567
0.000583
0.000600
0.000623
0.000643
0.000650
0.000638
0.000611
0.000577
0.000543
0.000517
0.000499
0.000486
0.000472
0.000457
0.000440
0.000425
0.000413
0.000408
0.000415
0.000434
0.000452
0.000457
0.000445
0.000424
0.000402
0.000385
0.000370
0.000349
0.000320
0.000289
0.000265
0.000253
0.000245
0.000236
0.000227
0.000228
0.000250
0.000291
0.000338
0.000375
0.000395
0.000396
0.000386
0.000374
0.000367
0.000370
0.000384
0.000405
0.000425
0.000436
0.000433
0.000419
0.000398
0.000375
0.000354
0.000342
0.000349
0.000369
0.000389
0.000394
0.000381
0.000357
0.000333
0.000324
0.000338
0.000368
0.000398
0.000414
0.000420
0.000431
0.000448
0.000466
0.000477
0.000479
0.000475
0.000461
0.000441
0.000422
0.000408
0.000399
0.000396
0.000405
0.000431
0.000463
0.000481
0.000474
0.000452
0.000433
0.000428
0.000431
0.000431
0.000420
0.000399
0.000384
0.000382
0.000393
0.000406
0.000413
0.000411
0.000405
0.000400
0.000399
0.000402
0.000411
0.000429
0.000456
0.000488
0.000518
0.000537
0.000542
0.000538
0.000535
0.000539
0.000545
0.000543
0.000529
0.000505
0.000481
0.000466
0.000464
0.000470
0.000473
0.000463
0.000439
0.000412
0.000394
0.000389
0.000390
0.000392
0.000400
0.000418
0.000442
0.000464
0.000482
0.000498
0.000512
0.000524
0.000536
0.000550
0.000567
0.000583
0.000596
0.000603
0.000609
0.000615
0.000626
0.000645
0.000673
0.000704
0.000736
0.000773
0.000818
0.000873
0.000942
0.001029
0.001133
0.001242
0.001341
0.001417
0.001471
0.001507
0.001529
0.001540
0.001542
0.001536
0.001518
0.001485
0.001437
0.001381
0.001326
0.001276
0.001229
0.001181
0.001133
0.001089
0.001053
0.001025
0.001009
0.001002
0.000996
0.000983
0.000969
0.000964
0.000979
0.001014
0.001060
0.001110
0.001155
0.001194
0.001236
0.001291
0.001358
0.001420
0.001465
0.001495
0.001518
0.001534
0.001541
0.001540
0.001534
0.001519
0.001491
0.001450
0.001407
0.001365
0.001315
0.001253
0.001189
0.001140
0.001114
0.001096
0.001075
0.001044
0.001013
0.000987
0.000971
0.000960
0.000951
0.000943
0.000934
0.000926
0.000920
0.000911
0.000897
0.000878
0.000857
0.000839
0.000824
0.000812
0.000800
0.000789
0.000782
0.000779
0.000780
0.000787
0.000799
0.000813
0.000828
0.000842
0.000856
0.000869
0.000882
0.000894
0.000907
0.000923
0.000946
0.000978
0.001015
0.001048
0.001076
0.001104
0.001131
0.001144
0.001131
0.001097
0.001060
0.001032
0.001013
0.001003
0.001010
0.001037
0.001075
0.001107
0.001121
0.001120
0.001109
0.001092
0.001062
0.001012
0.000944
0.000871
0.000808
0.000759
0.000716
0.000674
0.000641
0.000624
0.000623
0.000626
0.000624
0.000612
0.000590
0.000560
0.000526
0.000496
0.000473
0.000460
0.000455
0.000457
0.000460
0.000458
0.000452
0.000444
0.000436
0.000432
0.000437
0.000459
0.000495
0.000533
0.000558
0.000565
0.000564
0.000569
0.000588
0.000616
0.000640
0.000648
0.000636
0.000608
0.000574
0.000543
0.000522
0.000515
0.000517
0.000520
0.000513
0.000497
0.000479
0.000465
0.000461
0.000466
0.000474
0.000476
0.000465
0.000444
0.000418
0.000397
0.000386
0.000388
0.000400
0.000415
0.000423
0.000423
0.000417
0.000415
0.000421
0.000433
0.000442
0.000444
0.000439
0.000434
0.000433
0.000435
0.000437
0.000440
0.000442
0.000444
0.000446
0.000448
0.000448
0.000439
0.000420
0.000400
0.000393
0.000402
0.000415
0.000418
0.000407
0.000397
0.000399
0.000410
0.000421
0.000429
0.000441
0.000458
0.000473
0.000483
0.000497
0.000532
0.000594
0.000670
0.000744
0.000808
0.000866
0.000923
0.000974
0.001015
0.001045
0.001074
0.001110
0.001153
0.001198
0.001235
0.001258
0.001266
0.001262
0.001251
0.001234
0.001209
0.001175
0.001136
0.001100
0.001072
0.001045
0.001011
0.000971
0.000931
0.000897
0.000870
0.000850
0.000837
0.000829
0.000821
0.000810
0.000795
0.000780
0.000766
0.000756
0.000751
0.000753
0.000763
0.000780
0.000799
0.000814
0.000822
0.000828
0.000841
0.000867
0.000900
0.000937
0.000980
0.001031
0.001090
0.001147
0.001197
0.001239
0.001278
0.001312
0.001338
0.001349
0.001343
0.001320
0.001287
0.001251
0.001221
0.001198
0.001178
0.001154
0.001123
0.001085
0.001039
0.000983
0.000916
0.000837
0.000753
0.000677
0.000621
0.000587
0.000565
0.000545
0.000520
0.000490
0.000463
0.000441
0.000422
0.000404
0.000389
0.000382
0.000382
0.000379
0.000367
0.000348
0.000332
0.000323
0.000324
0.000338
0.000365
0.000394
0.000410
0.000405
0.000389
0.000378
0.000378
0.000379
0.000369
0.000343
0.000305
0.000265
0.000237
0.000231
0.000243
0.000260
0.000271
0.000281
0.000298
0.000321
0.000341
0.000352
0.000359
0.000368
0.000372
0.000365
0.000351
0.000338
0.000333
0.000335
0.000345
0.000361
0.000376
0.000379
0.000366
0.000351
0.000343
0.000342
0.000339
0.000335
0.000333
0.000338
0.000348
0.000357
0.000360
0.000357
0.000357
0.000368
0.000391
0.000411
0.000416
0.000411
0.000415
0.000443
0.000488
0.000538
0.000586
0.000632
0.000672
0.000699
0.000709
0.000710
0.000710
0.000710
0.000710
0.000716
0.000734
0.000767
0.000815
0.000879
0.000966
0.001084
0.001233
0.001409
0.001614
0.001849
0.002111
0.002388
0.002662
0.002926
0.003178
0.003421
0.003665
0.003916
0.004169
0.004401
0.004576
0.004668
0.004678
0.004621
0.004520
0.004394
0.004261
0.004131
0.004003
0.003865
0.003704
0.003510
0.003281
0.003034
0.002794
0.002592
0.002444
0.002357
0.002335
0.002378
0.002482
0.002636
0.002830
0.003059
0.003323
0.003614
0.003923
0.004238
0.004556
0.004875
0.005197
0.005525
0.005860
0.006199
0.006530
0.006835
0.007097
0.007306
0.007459
0.007566
0.007640
0.007691
0.007711
0.007683
0.007588
0.007421
0.007194
0.006927
0.006643
0.006369
0.006124
0.005915
0.005730
0.005549
0.005364
0.005184
0.005029
0.004912
0.004842
0.004825
0.004859
0.004931
0.005018
0.005101
0.005174
0.005237
0.005288
0.005324
0.005336
0.005313
0.005240
0.005105
0.004904
0.004648
0.004358
0.004055
0.003754
0.003461
0.003183
0.002924
0.002686
0.002464
0.002248
0.002039
0.001846
0.001674
0.001523
0.001385
0.001256
0.001138
0.001034
0.000942
0.000857
0.000778
0.000712
0.000668
0.000647
0.000638
0.000631
0.000620
0.000610
0.000606
0.000609
0.000617
0.000625
0.000625
0.000612
0.000587
0.000560
0.000540
0.000527
0.000515
0.000503
0.000494
0.000492
0.000495
0.000498
0.000494
0.000483
0.000469
0.000460
0.000458
0.000462
0.000466
0.000469
0.000472
0.000475
0.000477
0.000482
0.000492
0.000505
0.000514
0.000512
0.000500
0.000484
0.000470
0.000464
0.000468
0.000480
0.000494
0.000504
0.000512
0.000518
0.000524
0.000528
0.000527
0.000520
0.000509
0.000497
0.000485
0.000477
0.000474
0.000475
0.000476
0.000472
0.000463
0.000453
0.000447
0.000442
0.000436
0.000426
0.000415
0.000404
0.000392
0.000381
0.000374
0.000373
0.000379
0.000388
0.000397
0.000409
0.000426
0.000443
0.000450
0.000442
0.000424
0.000406
0.000397
0.000396
0.000402
0.000417
0.000441
0.000467
0.000487
0.000502
0.000519
0.000540
0.000558
0.000568
0.000571
0.000576
0.000579
0.000573
0.000550
0.000514
0.000477
0.000447
0.000433
0.000435
0.000449
0.000465
0.000479
0.000489
0.000499
0.000505
0.000503
0.000495
0.000487
0.000485
0.000490
0.000499
0.000506
0.000509
0.000509
0.000514
0.000527
0.000546
0.000567
0.000584
0.000596
0.000606
0.000619
0.000641
0.000677
0.000728
0.000791
0.000862
0.000940
0.001029
0.001127
0.001223
0.001300
0.001338
0.001333
0.001288
0.001207
0.001102
0.000987
0.000881
0.000790
0.000715
0.000650
0.000600
0.000565
0.000540
0.000518
0.000497
0.000483
0.000476
0.000472
0.000463
0.000447
0.000431
0.000420
0.000414
0.000410
0.000407
0.000408
0.000415
0.000429
0.000444
0.000454
0.000453
0.000444
0.000432
0.000418
0.000404
0.000388
0.000375
0.000368
0.000366
0.000363
0.000358
0.000354
0.000353
0.000353
0.000349
0.000342
0.000340
0.000344
0.000347
0.000350
0.000357
0.000372
0.000388
0.000397
0.000396
0.000392
0.000386
0.000377
0.000358
0.000329
0.000295
0.000258
0.000218
0.000177
0.000141
0.000121
0.000117
0.000122
0.000130
0.000145
0.000175
0.000218
0.000260
0.000294
0.000321
0.000349
0.000375
0.000393
0.000395
0.000383
0.000357
0.000329
0.000311
0.000312
0.000321
0.000321
0.000307
0.000293
0.000288
0.000291
0.000295
0.000303
0.000321
0.000340
0.000352
0.000357
0.000364
0.000376
0.000387
0.000395
0.000399
0.000400
0.000395
0.000385
0.000376
0.000377
0.000389
0.000409
0.000426
0.000440
0.000456
0.000481
0.000512
0.000536
0.000545
0.000545
0.000548
0.000555
0.000558
0.000553
0.000548
0.000548
0.000550
0.000547
0.000541
0.000537
0.000533
0.000525
0.000511
0.000494
0.000470
0.000435
0.000397
0.000368
0.000354
0.000352
0.000355
0.000359
0.000361
0.000358
0.000348
0.000337
0.000334
0.000342
0.000354
0.000360
0.000356
0.000347
0.000342
0.000343
0.000348
0.000353
0.000356
0.000362
0.000375
0.000390
0.000400
0.000400
0.000389
0.000371
0.000355
0.000347
0.000349
0.000356
0.000365
0.000368
0.000362
0.000350
0.000341
0.000345
0.000361
0.000379
0.000391
0.000401
0.000417
0.000435
0.000444
0.000432
0.000410
0.000396
0.000404
0.000428
0.000450
0.000461
0.000466
0.000477
0.000499
0.000529
0.000564
0.000604
0.000651
0.000698
0.000735
0.000751
0.000747
0.000737
0.000739
0.000761
0.000795
0.000822
0.000827
0.000807
0.000770
0.000721
0.000669
0.000623
0.000589
0.000566
0.000548
0.000530
0.000519
0.000525
0.000547
0.000577
0.000602
0.000621
0.000639
0.000664
0.000697
0.000730
0.000753
0.000761
0.000762
0.000773
0.000805
0.000850
0.000882
0.000881
0.000845
0.000788
0.000731
0.000682
0.000646
0.000620
0.000602
0.000590
0.000580
0.000572
0.000563
0.000557
0.000557
0.000567
0.000579
0.000584
0.000575
0.000551
0.000517
0.000477
0.000438
0.000412
0.000407
0.000419
0.000436
0.000448
0.000453
0.000457
0.000464
0.000471
0.000476
0.000476
0.000472
0.000465
0.000457
0.000444
0.000427
0.000407
0.000391
0.000380
0.000372
0.000363
0.000354
0.000349
0.000352
0.000361
0.000374
0.000391
0.000413
0.000437
0.000453
0.000456
0.000450
0.000445
0.000443
0.000441
0.000440
0.000446
0.000466
0.000493
0.000516
0.000527
0.000527
0.000520
0.000507
0.000490
0.000475
0.000468
0.000471
0.000482
0.000495
0.000501
0.000493
0.000473
0.000449
0.000424
0.000400
0.000377
0.000359
0.000351
0.000353
0.000360
0.000366
0.000373
0.000385
0.000404
0.000428
0.000452
0.000469
0.000475
0.000472
0.000467
0.000467
0.000473
0.000480
0.000483
0.000478
0.000468
0.000456
0.000448
0.000450
0.000463
0.000484
0.000500
0.000502
0.000492
0.000478
0.000470
0.000472
0.000487
0.000508
0.000519
0.000509
0.000481
0.000453
0.000438
0.000434
0.000433
0.000433
0.000437
0.000446
0.000450
0.000436
0.000406
0.000375
0.000360
0.000368
0.000390
0.000414
0.000434
0.000456
0.000487
0.000526
0.000570
0.000612
0.000646
0.000667
0.000676
0.000682
0.000695
0.000717
0.000740
0.000755
0.000753
0.000736
0.000706
0.000670
0.000638
0.000620
0.000623
0.000647
0.000682
0.000714
0.000739
0.000766
0.000808
0.000870
0.000937
0.000991
0.001017
0.001017
0.000999
0.000971
0.000938
0.000901
0.000862
0.000820
0.000778
0.000740
0.000710
0.000690
0.000680
0.000675
0.000669
0.000655
0.000636
0.000624
0.000624
0.000639
0.000663
0.000693
0.000724
0.000750
0.000764
0.000765
0.000756
0.000743
0.000728
0.000714
0.000703
0.000697
0.000698
0.000708
0.000725
0.000743
0.000747
0.000729
0.000693
0.000655
0.000623
0.000597
0.000570
0.000541
0.000512
0.000486
0.000464
0.000448
0.000441
0.000440
0.000441
0.000437
0.000425
0.000407
0.000391
0.000386
0.000396
0.000415
0.000441
0.000470
0.000500
0.000524
0.000536
0.000541
0.000544
0.000547
0.000546
0.000538
0.000530
0.000527
0.000530
0.000531
0.000526
0.000513
0.000502
0.000497
0.000496
0.000489
0.000473
0.000458
0.000454
0.000460
0.000469
0.000474
0.000479
0.000486
0.000492
0.000491
0.000482
0.000472
0.000469
0.000479
0.000502
0.000532
0.000568
0.000608
0.000652
0.000695
0.000734
0.000771
0.000812
0.000850
0.000869
0.000854
0.000808
0.000752
0.000708
0.000687
0.000683
0.000685
0.000676
0.000655
0.000632
0.000622
0.000627
0.000639
0.000654
0.000668
0.000680
0.000684
0.000684
0.000689
0.000701
0.000716
0.000728
0.000740
0.000753
0.000764
0.000765
0.000757
0.000743
0.000721
0.000691
0.000660
0.000641
0.000636
0.000637
0.000638
0.000648
0.000672
0.000702
0.000724
0.000736
0.000746
0.000765
0.000789
0.000812
0.000828
0.000840
0.000852
0.000872
0.000903
0.000940
0.000968
0.000978
0.000976
0.000977
0.000988
0.001005
0.001016
0.001013
0.000999
0.000979
0.000958
0.000936
0.000915
0.000894
0.000872
0.000854
0.000848
0.000856
0.000871
0.000888
0.000906
0.000924
0.000936
0.000935
0.000923
0.000913
0.000911
0.000920
0.000937
0.000966
0.001001
0.001032
0.001050
0.001055
0.001057
0.001065
0.001079
0.001097
0.001108
0.001109
0.001106
0.001110
0.001125
0.001142
0.001152
0.001158
0.001168
0.001181
0.001187
0.001180
0.001164
0.001148
0.001139
0.001140
0.001150
0.001169
0.001192
0.001217
0.001245
0.001276
0.001312
0.001353
0.001396
0.001431
0.001455
0.001472
0.001496
0.001533
0.001576
0.001608
0.001626
0.001642
0.001670
0.001709
0.001751
0.001791
0.001832
0.001878
0.001926
0.001976
0.002027
0.002084
0.002145
0.002204
0.002252
0.002289
0.002316
0.002338
0.002361
0.002394
0.002438
0.002491
0.002550
0.002622
0.002716
0.002827
0.002941
0.003047
0.003147
0.003250
0.003356
0.003460
0.003561
0.003664
0.003774
0.003889
0.004006
0.004121
0.004231
0.004328
0.004410
0.004482
0.004553
0.004628
0.004704
0.004779
0.004859
0.004945
0.005035
0.005129
0.005236
0.005361
0.005499
0.005635
0.005759
0.005868
0.005957
0.006024
0.006073
0.006120
0.006176
0.006233
0.006275
0.006306
0.006340
0.006385
0.006436
0.006489
0.006547
0.006618
0.006696
0.006764
0.006816
0.006852
0.006881
0.006910
0.006944
0.006984
0.007025
0.007061
0.007086
0.007100
0.007104
0.007097
0.007082
0.007059
0.007031
0.006995
0.006954
0.006908
0.006857
0.006794
0.006718
0.006636
0.006557
0.006483
0.006413
0.006343
0.006268
0.006185
0.006096
0.006009
0.005929
0.005856
0.005787
0.005720
0.005650
0.005570
0.005479
0.005384
0.005302
0.005234
0.005169
0.005091
0.004995
0.004886
0.004772
0.004660
0.004549
0.004437
0.004322
0.004206
0.004093
0.003985
0.003883
0.003785
0.003687
0.003589
0.003491
0.003400
0.003317
0.003242
0.003176
0.003119
0.003066
0.003008
0.002941
0.002876
0.002823
0.002778
0.002726
0.002666
0.002612
0.002585
0.002589
0.002619
0.002669
0.002735
0.002808
0.002870
0.002906
0.002901
0.002849
0.002755
0.002636
0.002512
0.002394
0.002285
0.002186
0.002099
0.002025
0.001958
0.001890
0.001820
0.001755
0.001708
0.001683
0.001669
0.001647
0.001615
0.001584
0.001565
0.001559
0.001559
0.001563
0.001577
0.001606
0.001643
0.001677
0.001708
0.001743
0.001794
0.001861
0.001940
0.002027
0.002122
0.002227
0.002338
0.002461
0.002615
0.002824
0.003106
0.003467
0.003927
0.004517
0.005263
0.006153
0.007125
0.008078
0.008894
0.009472
0.009749
0.009726
0.009466
0.009074
0.008673
0.008374
0.008254
0.008346
0.008631
0.009043
0.009472
0.009781
0.009853
0.009627
0.009116
0.008389
0.007536
0.006649
0.005804
0.005053
0.004413
0.003882
0.003447
0.003094
0.002808
0.002571
0.002375
0.002217
0.002097
0.002010
0.001946
0.001894
0.001845
0.001795
0.001750
0.001717
0.001697
0.001683
0.001672
0.001665
0.001664
0.001670
0.001679
0.001698
0.001729
0.001771
0.001810
0.001839
0.001860
0.001877
0.001885
0.001875
0.001844
0.001797
0.001743
0.001687
0.001636
0.001600
0.001591
0.001615
0.001669
0.001739
0.001811
0.001873
0.001924
0.001956
0.001960
0.001930
0.001866
0.001779
0.001680
0.001581
0.001490
0.001414
0.001350
0.001290
0.001231
0.001175
0.001130
0.001098
0.001079
0.001070
0.001067
0.001067
0.001076
0.001104
0.001157
0.001228
0.001311
0.001402
0.001503
0.001601
0.001681
0.001729
0.001748
0.001740
0.001706
0.001648
0.001576
0.001500
0.001429
0.001363
0.001306
0.001260
0.001226
0.001201
0.001182
0.001170
0.001160
0.001152
0.001150
0.001156
0.001167
0.001182
0.001194
0.001203
0.001206
0.001200
0.001186
0.001169
0.001155
0.001148
0.001149
0.001157
0.001174
0.001201
0.001241
0.001288
0.001333
0.001371
0.001403
0.001428
0.001445
0.001453
0.001449
0.001430
0.001400
0.001368
0.001342
0.001322
0.001302
0.001277
0.001248
0.001221
0.001203
0.001197
0.001208
0.001231
0.001261
0.001289
0.001316
0.001342
0.001368
0.001394
0.001422
0.001459
0.001504
0.001551
0.001594
0.001634
0.001669
0.001703
0.001738
0.001778
0.001822
0.001870
0.001917
0.001955
0.001983
0.002009
0.002043
0.002089
0.002139
0.002187
0.002237
0.002303
0.002392
0.002508
0.002653
0.002836
0.003061
0.003339
0.003679
0.004087
0.004566
0.005136
0.005832
0.006702
0.007801
0.009228
0.011142
0.013745
0.017252
0.021896
0.027887
0.035169
0.043018
0.049886
0.053871
0.053695
0.049476
0.042655
0.035131
0.028315
0.022762
0.018424
0.015062
0.012469
0.010478
0.008941
0.007739
0.006797
0.006062
0.005478
0.005000
0.004603
0.004268
0.003976
0.003712
0.003474
0.003266
0.003089
0.002936
0.002798
0.002667
0.002536
0.002405
0.002279
0.002170
0.002089
0.002035
0.002004
0.001986
0.001976
0.001977
0.001989
0.002003
0.002004
0.001986
0.001961
0.001944
0.001938
0.001935
0.001924
0.001907
0.001896
0.001898
0.001911
0.001923
0.001918
0.001884
0.001823
0.001741
0.001647
0.001547
0.001448
0.001356
0.001276
0.001216
0.001179
0.001159
0.001145
0.001131
0.001115
0.001095
0.001069
0.001042
0.001026
0.001027
0.001039
0.001052
0.001056
0.001048
0.001031
0.001012
0.000999
0.000994
0.000991
0.000984
0.000975
0.000971
0.000972
0.000975
0.000980
0.000985
0.000983
0.000968
0.000942
0.000920
0.000911
0.000915
0.000924
0.000930
0.000933
0.000938
0.000952
0.000972
0.000985
0.000976
0.000947
0.000914
0.000891
0.000886
0.000895
0.000913
0.000934
0.000949
0.000956
0.000958
0.000958
0.000957
0.000954
0.000949
0.000946
0.000949
0.000959
0.000974
0.000992
0.001009
0.001028
0.001050
0.001077
0.001111
0.001146
0.001170
0.001177
0.001172
0.001161
0.001147
0.001123
0.001087
0.001049
0.001019
0.001000
0.000989
0.000984
0.000984
0.000981
0.000967
0.000941
0.000909
0.000878
0.000847
0.000820
0.000808
0.000817
0.000843
0.000872
0.000891
0.000898
0.000895
0.000889
0.000884
0.000879
0.000882
0.000903
0.000945
0.001000
0.001052
0.001091
0.001115
0.001126
0.001122
0.001107
0.001083
0.001054
0.001018
0.000981
0.000954
0.000941
0.000935
0.000929
0.000922
0.000918
0.000920
0.000924
0.000929
0.000932
0.000929
0.000917
0.000896
0.000870
0.000843
0.000823
0.000809
0.000799
0.000788
0.000777
0.000773
0.000779
0.000789
0.000795
0.000797
0.000799
0.000806
0.000818
0.000830
0.000839
0.000842
0.000840
0.000839
0.000840
0.000843
0.000849
0.000867
0.000897
0.000931
0.000952
0.000953
0.000940
0.000920
0.000900
0.000879
0.000855
0.000829
0.000807
0.000799
0.000803
0.000805
0.000797
0.000784
0.000780
0.000783
0.000780
0.000764
0.000743
0.000731
0.000738
0.000759
0.000788
0.000815
0.000839
0.000865
0.000903
0.000948
0.000993
0.001030
0.001059
0.001078
0.001085
0.001077
0.001057
0.001029
0.001002
0.000982
0.000974
0.000973
0.000973
0.000970
0.000969
0.000974
0.000980
0.000982
0.000982
0.000985
0.000984
0.000975
0.000957
0.000936
0.000920
0.000915
0.000925
0.000948
0.000976
0.001008
0.001045
0.001084
0.001117
0.001135
0.001142
0.001144
0.001142
0.001134
0.001124
0.001120
0.001127
0.001140
0.001156
0.001171
0.001184
0.001192
0.001199
0.001215
0.001241
0.001264
0.001276
0.001289
0.001319
0.001375
0.001446
0.001521
0.001593
0.001662
0.001718
0.001755
0.001775
0.001788
0.001804
0.001827
0.001852
0.001877
0.001896
0.001906
0.001904
0.001894
0.001873
0.001839
0.001792
0.001748
0.001725
0.001728
0.001745
0.001768
0.001802
0.001852
0.001911
0.001961
0.001989
0.001993
0.001971
0.001923
0.001858
0.001795
0.001743
0.001697
0.001643
0.001583
0.001531
0.001499
0.001481
0.001465
0.001441
0.001413
0.001383
0.001355
0.001328
0.001308
0.001299
0.001303
0.001320
0.001347
0.001384
0.001427
0.001476
0.001531
0.001595
0.001671
0.001765
0.001880
0.002020
0.002178
0.002338
0.002478
0.002583
0.002652
0.002694
0.002722
0.002746
0.002769
0.002788
0.002790
0.002757
0.002683
0.002578
0.002465
0.002361
0.002273
0.002200
0.002146
0.002110
0.002084
0.002057
0.002022
0.001976
0.001918
0.001851
0.001783
0.001727
0.001682
0.001641
0.001599
0.001564
0.001540
0.001523
0.001502
0.001475
0.001449
0.001431
0.001414
0.001393
0.001375
0.001372
0.001396
0.001444
0.001501
0.001552
0.001595
0.001643
0.001702
0.001769
0.001831
0.001877
0.001904
0.001908
0.001887
0.001838
0.001762
0.001668
0.001577
0.001510
0.001475
0.001459
0.001444
0.001426
0.001409
0.001399
0.001397
0.001403
0.001411
0.001411
0.001397
0.001377
0.001365
0.001359
0.001346
0.001319
0.001287
0.001260
0.001242
0.001227
0.001214
0.001202
0.001184
0.001158
0.001132
0.001118
0.001121
0.001133
0.001152
0.001180
0.001217
0.001256
0.001285
0.001297
0.001292
0.001275
0.001256
0.001247
0.001251
0.001262
0.001272
0.001279
0.001284
0.001287
0.001290
0.001293
0.001295
0.001292
0.001281
0.001264
0.001244
0.001229
0.001230
0.001249
0.001282
0.001320
0.001357
0.001396
0.001438
0.001485
0.001531
0.001570
0.001601
0.001622
0.001637
0.001646
0.001650
0.001657
0.001675
0.001704
0.001739
0.001775
0.001824
0.001897
0.001995
0.002109
0.002235
0.002378
0.002542
0.002719
0.002890
0.003033
0.003131
0.003171
0.003152
0.003083
0.002980
0.002861
0.002745
0.002651
0.002600
0.002604
0.002656
0.002739
0.002831
0.002915
0.002981
0.003021
0.003022
0.002970
0.002865
0.002724
0.002570
0.002426
0.002302
0.002202
0.002129
0.002084
0.002071
0.002090
0.002136
0.002199
0.002263
0.002315
0.002339
0.002331
0.002296
0.002243
0.002178
0.002105
0.002028
0.001955
0.001898
0.001861
0.001841
0.001835
0.001843
0.001863
0.001884
0.001885
0.001858
0.001807
0.001748
0.001696
0.001659
0.001634
0.001619
0.001606
0.001594
0.001580
0.001566
0.001549
0.001529
0.001512
0.001505
0.001507
0.001507
0.001494
0.001469
0.001443
0.001423
0.001405
0.001385
0.001365
0.001347
0.001329
0.001312
0.001299
0.001296
0.001303
0.001311
0.001310
0.001299
0.001287
0.001283
0.001282
0.001276
0.001260
0.001242
0.001231
0.001234
0.001249
0.001271
0.001298
0.001325
0.001349
0.001368
0.001383
0.001391
0.001388
0.001374
0.001354
0.001334
0.001311
0.001283
0.001248
0.001210
0.001174
0.001147
0.001135
0.001139
0.001148
0.001155
0.001157
0.001157
0.001159
0.001166
0.001181
0.001206
0.001236
0.001262
0.001278
0.001284
0.001288
0.001299
0.001314
0.001322
0.001321
0.001320
0.001334
0.001363
0.001399
0.001440
0.001492
0.001557
0.001619
0.001666
0.001697
0.001719
0.001737
0.001755
0.001779
0.001805
0.001815
0.001789
0.001730
0.001658
0.001588
0.001526
0.001476
0.001441
0.001420
0.001403
0.001386
0.001375
0.001375
0.001382
0.001393
0.001416
0.001459
0.001522
0.001592
0.001653
0.001693
0.001711
0.001712
0.001703
0.001694
0.001688
0.001681
0.001663
0.001628
0.001579
0.001528
0.001485
0.001453
0.001431
0.001422
0.001428
0.001449
0.001477
0.001509
0.001548
0.001592
0.001639
0.001687
0.001739
0.001790
0.001829
0.001841
0.001829
0.001804
0.001780
0.001767
0.001771
0.001796
0.001837
0.001885
0.001935
0.001988
0.002035
0.002067
0.002080
0.002082
0.002078
0.002067
0.002050
0.002040
0.002048
0.002077
0.002124
0.002185
0.002268
0.002375
0.002500
0.002632
0.002757
0.002847
0.002873
0.002824
0.002718
0.002593
0.002478
0.002382
0.002298
0.002222
0.002154
0.002100
0.002059
0.002027
0.002002
0.001983
0.001971
0.001960
0.001944
0.001917
0.001886
0.001865
0.001866
0.001887
0.001918
0.001950
0.001976
0.001991
0.001995
0.001997
0.002005
0.002017
0.002030
0.002045
0.002075
0.002133
0.002223
0.002339
0.002473
0.002616
0.002765
0.002922
0.003090
0.003267
0.003444
0.003616
0.003781
0.003932
0.004055
0.004144
0.004203
0.004243
0.004266
0.004270
0.004258
0.004233
0.004202
0.004169
0.004150
0.004159
0.004208
0.004308
0.004469
0.004713
0.005070
0.005578
0.006267
0.007143
0.008173
0.009273
0.010312
0.011118
0.011512
0.011397
0.010812
0.009918
0.008916
0.007963
0.007145
0.006493
0.005994
0.005611
0.005298
0.005023
0.004765
0.004518
0.004286
0.004088
0.003941
0.003854
0.003819
0.003832
0.003890
0.003987
0.004117
0.004273
0.004443
0.004597
0.004694
0.004695
0.004584
0.004371
0.004085
0.003762
0.003440
0.003142
0.002882
0.002663
0.002488
0.002354
0.002253
0.002175
0.002111
0.002063
0.002033
0.002015
0.001999
0.001976
0.001950
0.001929
0.001915
0.001905
0.001895
0.001890
0.001895
0.001904
0.001911
0.001918
0.001928
0.001944
0.001963
0.001989
0.002033
0.002102
0.002187
0.002268
0.002331
0.002379
0.002422
0.002459
0.002477
0.002470
0.002444
0.002412
0.002380
0.002335
0.002268
0.002186
0.002102
0.002028
0.001961
0.001898
0.001844
0.001804
0.001775
0.001749
0.001720
0.001697
0.001691
0.001704
0.001726
0.001747
0.001760
0.001767
0.001770
0.001770
0.001771
0.001776
0.001781
0.001784
0.001783
0.001780
0.001777
0.001771
0.001764
0.001755
0.001743
0.001723
0.001698
0.001671
0.001644
0.001616
0.001591
0.001582
0.001593
0.001615
0.001629
0.001630
0.001623
0.001618
0.001624
0.001647
0.001687
0.001737
0.001787
0.001837
0.001896
0.001968
0.002048
0.002130
0.002218
0.002320
0.002440
0.002572
0.002707
0.002831
0.002927
0.002988
0.003023
0.003050
0.003088
0.003143
0.003214
0.003293
0.003374
0.003451
0.003528
0.003605
0.003674
0.003720
0.003728
0.003693
0.003626
0.003542
0.003456
0.003376
0.003299
0.003216
0.003125
0.003030
0.002942
0.002862
0.002790
0.002721
0.002657
0.002602
0.002561
0.002529
0.002503
0.002479
0.002455
0.002433
0.002414
0.002402
0.002398
0.002402
0.002411
0.002426
0.002447
0.002469
0.002486
0.002492
0.002494
0.002498
0.002505
0.002514
0.002519
0.002521
0.002523
0.002524
0.002517
0.002491
0.002441
0.002378
0.002323
0.002294
0.002289
0.002298
0.002312
0.002328
0.002347
0.002369
0.002391
0.002415
0.002443
0.002474
0.002504
0.002525
0.002537
0.002543
0.002543
0.002534
0.002514
0.002488
0.002460
0.002427
0.002382
0.002325
0.002268
0.002222
0.002187
0.002159
0.002135
0.002121
0.002124
0.002150
0.002200
0.002273
0.002361
0.002453
0.002538
0.002605
0.002649
0.002672
0.002680
0.002677
0.002665
0.002648
0.002630
0.002609
0.002578
0.002531
0.002476
0.002426
0.002391
0.002369
0.002356
0.002346
0.002336
0.002325
0.002318
0.002319
0.002327
0.002339
0.002349
0.002353
0.002351
0.002339
0.002317
0.002286
0.002250
0.002212
0.002179
0.002153
0.002133
0.002120
0.002117
0.002118
0.002115
0.002096
0.002062
0.002027
0.002005
0.001997
0.002000
0.002012
0.002036
0.002069
0.002104
0.002139
0.002178
0.002231
0.002298
0.002374
0.002450
0.002521
0.002581
0.002625
0.002654
0.002677
0.002701
0.002728
0.002750
0.002757
0.002751
0.002744
0.002746
0.002760
0.002783
0.002811
0.002842
0.002881
0.002933
0.002991
0.003043
0.003076
0.003085
0.003075
0.003057
0.003036
0.003017
0.003005
0.003003
0.003016
0.003046
0.003091
0.003147
0.003213
0.003297
0.003413
0.003563
0.003742
0.003946
0.004181
0.004458
0.004785
0.005167
0.005606
0.006089
0.006579
0.007026
0.007379
0.007598
0.007656
0.007553
0.007321
0.007017
0.006693
0.006374
0.006070
0.005788
0.005537
0.005329
0.005168
0.005062
0.005018
0.005045
0.005152
0.005345
0.005629
0.006011
0.006491
0.007039
0.007583
0.008021
0.008258
0.008245
0.007992
0.007558
0.007024
0.006473
0.005963
0.005526
0.005169
0.004886
0.004659
0.004472
0.004316
0.004190
0.004089
0.003999
0.003912
0.003829
0.003757
0.003694
0.003632
0.003573
0.003520
0.003475
0.003433
0.003400
0.003389
0.003408
0.003445
0.003483
0.003518
0.003559
0.003610
0.003669
0.003735
0.003814
0.003912
0.004028
0.004159
0.004312
0.004506
0.004765
0.005104
0.005530
0.006039
0.006619
0.007236
0.007821
0.008271
0.008484
0.008405
0.008060
0.007532
0.006929
0.006340
0.005821
0.005389
0.005034
0.004737
0.004486
0.004272
0.004087
0.003923
0.003781
0.003668
0.003590
0.003541
0.003512
0.003497
0.003491
0.003485
0.003478
0.003472
0.003468
0.003458
0.003433
0.003395
0.003364
0.003362
0.003394
0.003450
0.003519
0.003593
0.003674
0.003769
0.003885
0.004021
0.004177
0.004354
0.004552
0.004766
0.004990
0.005214
0.005428
0.005617
0.005765
0.005863
0.005908
0.005897
0.005828
0.005701
0.005531
0.005339
0.005144
0.004960
0.004799
0.004670
0.004571
0.004493
0.004428
0.004372
0.004323
0.004283
0.004260
0.004263
0.004293
0.004346
0.004417
0.004510
0.004631
0.004783
0.004966
0.005174
0.005402
0.005649
0.005916
0.006200
0.006482
0.006740
0.006959
0.007145
0.007304
0.007438
0.007551
0.007651
0.007751
0.007851
0.007936
0.007995
0.008023
0.008015
0.007966
0.007866
0.007712
0.007510
0.007270
0.007006
0.006730
0.006458
0.006208
0.005988
0.005801
0.005644
0.005514
0.005410
0.005330
0.005272
0.005237
0.005225
0.005230
0.005244
0.005263
0.005293
0.005341
0.005411
0.005508
0.005637
0.005800
0.005988
0.006186
0.006382
0.006560
0.006709
0.006818
0.006887
0.006918
0.006916
0.006887
0.006850
0.006826
0.006826
0.006849
0.006896
0.006974
0.007077
0.007173
0.007220
0.007196
0.007107
0.006979
0.006841
0.006718
0.006633
0.006595
0.006594
0.006605
0.006594
0.006534
0.006413
0.006234
0.006017
0.005790
0.005581
0.005410
0.005279
0.005185
0.005118
0.005073
0.005050
0.005044
0.005052
0.005075
0.005121
0.005193
0.005284
0.005387
0.005502
0.005641
0.005814
0.006024
0.006278
0.006594
0.006998
0.007500
0.008069
0.008628
0.009082
0.009354
0.009425
0.009333
0.009151
0.008957
0.008813
0.008754
0.008790
0.008896
0.009026
0.009129
0.009162
0.009108
0.008973
0.008783
0.008573
0.008374
0.008207
0.008087
0.008020
0.008009
0.008045
0.008116
0.008217
0.008357
0.008557
0.008828
0.009158
0.009495
0.009765
0.009903
0.009892
0.009761
0.009569
0.009369
0.009194
0.009059
0.008960
0.008891
0.008846
0.008823
0.008817
0.008815
0.008804
0.008781
0.008751
0.008721
0.008692
0.008663
0.008632
0.008594
0.008543
0.008478
0.008407
0.008343
0.008292
0.008251
0.008218
0.008195
0.008185
0.008182
0.008180
0.008182
0.008193
0.008209
0.008221
0.008226
0.008231
0.008249
0.008286
0.008338
0.008398
0.008457
0.008519
0.008595
0.008695
0.008817
0.008938
0.009030
0.009069
0.009042
0.008955
0.008829
0.008698
0.008586
0.008505
0.008463
0.008463
0.008504
0.008568
0.008634
0.008692
0.008744
0.008801
0.008868
0.008950
0.009046
0.009149
0.009250
0.009342
0.009415
0.009466
0.009499
0.009527
0.009559
0.009589
0.009599
0.009582
0.009553
0.009529
0.009514
0.009506
0.009502
0.009503
0.009507
0.009502
0.009482
0.009455
0.009436
0.009435
0.009453
0.009482
0.009523
0.009583
0.009659
0.009733
0.009785
0.009799
0.009767
0.009682
0.009546
0.009380
0.009216
0.009078
0.008971
0.008888
0.008819
0.008756
0.008694
0.008633
0.008577
0.008527
0.008475
0.008414
0.008345
0.008277
0.008218
0.008173
0.008146
0.008136
0.008140
0.008156
0.008184
0.008223
0.008272
0.008326
0.008375
0.008415
0.008443
0.008464
0.008489
0.008521
0.008551
0.008567
0.008570
0.008570
0.008572
0.008573
0.008572
0.008570
0.008568
0.008563
0.008552
0.008537
0.008523
0.008508
0.008484
0.008442
0.008379
0.008301
0.008219
0.008144
0.008081
0.008037
0.008011
0.007994
0.007974
0.007946
0.007913
0.007883
0.007856
0.007831
0.007813
0.007809
0.007823
0.007850
0.007888
0.007943
0.008016
0.008098
0.008169
0.008222
0.008256
0.008270
0.008254
0.008204
0.008128
0.008037
0.007939
0.007841
0.007752
0.007682
0.007629
0.007583
0.007532
0.007477
0.007419
0.007356
0.007285
0.007212
0.007144
0.007089
0.007043
0.007004
0.006979
0.006968
0.006966
0.006964
0.006963
0.006970
0.006992
0.007025
0.007066
0.007112
0.007159
0.007208
0.007264
0.007337
0.007426
0.007524
0.007624
0.007725
0.007827
0.007923
0.008015
0.008113
0.008231
0.008368
0.008509
0.008638
0.008747
0.008831
0.008889
0.008926
0.008947
0.008958
0.008964
0.008972
0.008984
0.008997
0.009000
0.008991
0.008976
0.008961
0.008948
0.008938
0.008940
0.008962
0.009006
0.009070
0.009151
0.009249
0.009368
0.009514
0.009695
0.009907
0.010136
0.010362
0.010573
0.010765
0.010937
0.011094
0.011247
0.011407
0.011585
0.011792
0.012045
0.012357
0.012728
0.013148
0.013612
0.014118
0.014662
0.015219
0.015752
0.016234
0.016668
0.017081
0.017512
0.017986
0.018506
0.019064
0.019655
0.020281
0.020950
0.021661
0.022406
0.023179
0.023975
0.024793
0.025631
0.026488
0.027359
0.028227
0.029055
0.029789
0.030371
0.030750
0.030900
0.030836
0.030605
0.030270
0.029885
0.029472
0.029016
0.028474
0.027813
0.027043
0.026217
0.025398
0.024624
0.023906
0.023250
0.022670
0.022172
0.021761
0.021441
0.021225
0.021124
0.021136
0.021251
0.021463
0.021762
0.022132
0.022548
0.022976
0.023384
0.023744
0.024044
0.024292
0.024508
0.024703
0.024871
0.024993
0.025053
0.025051
0.024984
0.024846
0.024621
0.024302
0.023897
0.023420
0.022889
0.022314
0.021705
0.021075
0.020441
0.019819
0.019216
0.018633
0.018065
0.017505
0.016948
0.016394
0.015843
0.015296
0.014753
0.014221
0.013712
0.013231
0.012774
0.012328
0.011884
0.011443
0.011014
0.010606
0.010220
0.009858
0.009519
0.009210
0.008928
0.008666
0.008414
0.008168
0.007940
0.007741
0.007574
0.007430
0.007295
0.007158
0.007018
0.006879
0.006749
0.006632
0.006530
0.006442
0.006368
0.006303
0.006242
0.006181
0.006120
0.006061
0.006005
0.005947
0.005882
0.005810
0.005738
0.005672
0.005617
0.005576
0.005555
0.005562
0.005594
0.005642
0.005690
0.005726
0.005735
0.005705
0.005632
0.005531
0.005421
0.005318
0.005223
0.005137
0.005063
0.005001
0.004946
0.004895
0.004844
0.004789
0.004722
0.004637
0.004541
0.004450
0.004374
0.004314
0.004261
0.004212
0.004163
0.004114
0.004066
0.004022
0.003981
0.003943
0.003914
0.003901
0.003904
0.003916
0.003929
0.003951
0.003995
0.004063
0.004135
0.004189
0.004222
0.004243
0.004258
0.004271
0.004292
0.004331
0.004387
0.004445
0.004492
0.004525
0.004543
0.004533
0.004480
0.004385
0.004264
0.004133
0.004006
0.003891
0.003791
0.003699
0.003605
0.003511
0.003429
0.003365
0.003308
0.003247
0.003182
0.003121
0.003076
0.003048
0.003029
0.003010
0.002982
0.002949
0.002921
0.002904
0.002899
0.002898
0.002902
0.002913
0.002935
0.002964
0.002993
0.003017
0.003034
0.003048
0.003072
0.003115
0.003172
0.003230
0.003276
0.003308
0.003331
0.003350
0.003370
0.003393
0.003417
0.003440
0.003462
0.003486
0.003514
0.003546
0.003578
0.003613
0.003656
0.003709
0.003771
0.003835
0.003895
0.003953
0.004014
0.004083
0.004159
0.004236
0.004299
0.004332
0.004324
0.004276
0.004204
0.004118
0.004020
0.003913
0.003806
0.003713
0.003641
0.003588
0.003553
0.003536
0.003535
0.003542
0.003551
0.003562
0.003584
0.003621
0.003676
0.003748
0.003829
0.003916
0.004011
0.004115
0.004225
0.004333
0.004432
0.004514
0.004567
0.004578
0.004546
0.004489
0.004431
0.004391
0.004372
0.004367
0.004358
0.004334
0.004298
0.004260
0.004231
0.004207
0.004182
0.004153
0.004123
0.004100
0.004083
0.004069
0.004058
0.004051
0.004052
0.004058
0.004064
0.004065
0.004063
0.004062
0.004064
0.004075
0.004100
0.004146
0.004213
0.004297
0.004394
0.004498
0.004598
0.004687
0.004766
0.004845
0.004928
0.005009
0.005085
0.005154
0.005214
0.005256
0.005272
0.005260
0.005216
0.005139
0.005039
0.004941
0.004873
0.004845
0.004848
0.004873
0.004913
0.004962
0.005017
0.005077
0.005142
0.005209
0.005275
0.005340
0.005411
0.005487
0.005566
0.005654
0.005765
0.005904
0.006061
0.006222
0.006377
0.006532
0.006693
0.006873
0.007081
0.007321
0.007591
0.007888
0.008214
0.008573
0.008972
0.009417
0.009912
0.010453
0.011032
0.011645
0.012287
0.012949
0.013618
0.014282
0.014947
0.015645
0.016433
0.017380
0.018553
0.020010
0.021800
0.023957
0.026463
0.029231
0.032158
0.035247
0.038695
0.042874
0.048259
0.055337
0.064510
0.075918
0.089185
0.103285
0.116752
0.128233
0.137094
0.143603
0.148486
0.152164
0.154272
0.153917
0.150451
0.144108
0.135955
0.127263
0.118858
0.110939
0.103331
0.095802
0.088198
0.080462
0.072658
0.065021
0.057909
0.051662
0.046473
0.042376
0.039310
0.037190
0.035942
0.035518
0.035911
0.037146
0.039272
0.042315
0.046207
0.050701
0.055406
0.059979
0.064384
0.069050
0.074790
0.082509
0.092821
0.105718
0.120428
0.135495
0.149038
0.159157
0.164464
0.164664
0.160886
0.155382
0.150485
0.147359
0.145377
0.142618
0.137168
0.128278
0.116620
0.103663
0.090786
0.078794
0.067984
0.058442
0.050217
0.043317
0.037662
0.033101
0.029467
0.026611
0.024399
0.022696
0.021363
0.020253
0.019223
0.018167
0.017039
0.015864
0.014714
0.013671
0.012807
0.012164
0.011751
0.011541
0.011476
0.011467
0.011414
0.011227
0.010858
0.010314
0.009651
0.008948
0.008274
0.007675
0.007175
0.006777
0.006470
0.006238
0.006066
0.005945
0.005870
0.005829
0.005813
0.005810
0.005810
0.005810
0.005824
0.005878
0.006006
0.006233
0.006564
0.006985
0.007456
0.007910
0.008254
0.008405
0.008324
0.008046
0.007663
0.007281
0.006989
0.006841
0.006859
0.007038
0.007335
0.007672
0.007945
0.008060
0.007961
0.007648
0.007163
0.006581
0.005982
0.005435
0.004972
0.004598
0.004299
0.004064
0.003883
0.003744
0.003631
0.003535
0.003461
0.003412
0.003377
0.003342
0.003305
0.003278
0.003274
0.003294
0.003336
0.003401
0.003485
0.003570
0.003633
0.003661
0.003655
0.003624
0.003573
0.003510
0.003449
0.003400
0.003360
0.003324
0.003289
0.003266
0.003258
0.003256
0.003251
0.003241
0.003235
0.003233
0.003222
0.003192
0.003143
0.003091
0.003047
0.003009
0.002971
0.002933
0.002906
0.002896
0.002902
0.002914
0.002920
0.002916
0.002905
0.002892
0.002877
0.002861
0.002846
0.002837
0.002836
0.002841
0.002845
0.002845
0.002835
0.002815
0.002784
0.002748
0.002710
0.002669
0.002624
0.002579
0.002545
0.002526
0.002516
0.002512
0.002511
0.002513
0.002520
0.002534
0.002556
0.002587
0.002622
0.002659
0.002704
0.002764
0.002839
0.002931
0.003043
0.003182
0.003355
0.003564
0.003813
0.004106
0.004443
0.004817
0.005226
0.005671
0.006141
0.006619
0.007090
0.007554
0.008009
0.008439
0.008810
0.009081
0.009206
0.009138
0.008851
0.008368
0.007760
0.007111
0.006478
0.005901
0.005407
0.005012
0.004704
0.004454
0.004243
0.004068
0.003931
0.003834
0.003784
0.003790
0.003856
0.003969
0.004121
0.004313
0.004550
0.004829
0.005129
0.005413
0.005632
0.005740
0.005723
0.005614
0.005469
0.005331
0.005222
0.005159
0.005155
0.005212
0.005314
0.005432
0.005542
0.005615
0.005624
0.005550
0.005396
0.005187
0.004950
0.004711
0.004490
0.004298
0.004141
0.004018
0.003928
0.003872
0.003844
0.003841
0.003862
0.003915
0.004004
0.004122
0.004255
0.004386
0.004504
0.004602
0.004678
0.004738
0.004793
0.004864
0.004970
0.005126
0.005337
0.005605
0.005932
0.006311
0.006714
0.007093
0.007392
0.007569
0.007604
0.007503
0.007294
0.007017
0.006717
0.006422
0.006147
0.005893
0.005659
0.005439
0.005222
0.004998
0.004769
0.004549
0.004358
0.004202
0.004069
0.003949
0.003837
0.003744
0.003672
0.003616
0.003565
0.003515
0.003471
0.003439
0.003416
0.003395
0.003369
0.003335
0.003299
0.003262
0.003227
0.003197
0.003176
0.003164
0.003156
0.003148
0.003137
0.003126
0.003119
0.003122
0.003142
0.003185
0.003256
0.003350
0.003457
0.003576
0.003703
0.003837
0.003968
0.004087
0.004189
0.004272
0.004331
0.004364
0.004373
0.004358
0.004318
0.004259
0.004197
0.004147
0.004111
0.004072
0.004014
0.003936
0.003845
0.003745
0.003632
0.003507
0.003381
0.003267
0.003170
0.003090
0.003026
0.002971
0.002919
0.002859
0.002788
0.002712
0.002646
0.002604
0.002589
0.002594
0.002610
0.002636
0.002673
0.002720
0.002769
0.002817
0.002868
0.002925
0.002981
0.003030
0.003064
0.003079
0.003077
0.003059
0.003027
0.002980
0.002919
0.002852
0.002794
0.002753
0.002726
0.002710
0.002704
0.002712
0.002733
0.002763
0.002802
0.002858
0.002937
0.003042
0.003173
0.003326
0.003491
0.003657
0.003820
0.003982
0.004149
0.004334
0.004560
0.004856
0.005246
0.005739
0.006341
0.007060
0.007903
0.008860
0.009903
0.010971
0.011990
0.012895
0.013660
0.014294
0.014799
0.015140
0.015249
0.015079
0.014653
0.014058
0.013383
0.012669
0.011899
0.011058
0.010180
0.009345
0.008628
0.008046
0.007577
0.007192
0.006881
0.006639
0.006455
0.006312
0.006204
0.006128
0.006082
0.006057
0.006043
0.006037
0.006034
0.006026
0.006004
0.005965
0.005928
0.005933
0.006021
0.006218
0.006538
0.007001
0.007632
0.008440
0.009390
0.010396
0.011367
0.012242
0.013013
0.013687
0.014249
0.014639
0.014783
0.014652
0.014286
0.013770
0.013162
0.012465
0.011654
0.010730
0.009754
0.008816
0.007991
0.007310
0.006771
0.006357
0.006049
0.005830
0.005675
0.005559
0.005466
0.005392
0.005335
0.005291
0.005255
0.005229
0.005219
0.005224
0.005232
0.005235
0.005228
0.005213
0.005197
0.005191
0.005205
0.005250
0.005335
0.005476
0.005693
0.006001
0.006414
0.006958
0.007680
0.008639
0.009889
0.011479
0.013446
0.015782
0.018370
0.020974
0.023294
0.025073
0.026177
0.026575
0.026280
0.025302
0.023669
0.021498
0.019024
0.016539
0.014283
0.012370
0.010803
0.009537
0.008520
0.007702
0.007035
0.006486
0.006030
0.005648
0.005322
0.005043
0.004816
0.004645
0.004529
0.004450
0.004389
0.004330
0.004263
0.004188
0.004111
0.004037
0.003972
0.003925
0.003902
0.003910
0.003951
0.004024
0.004116
0.004209
0.004291
0.004357
0.004409
0.004444
0.004455
0.004444
0.004432
0.004441
0.004490
0.004584
0.004721
0.004892
0.005086
0.005290
0.005490
0.005675
0.005836
0.005971
0.006083
0.006192
0.006326
0.006514
0.006786
0.007173
0.007707
0.008410
0.009286
0.010323
0.011512
0.012862
0.014385
0.016065
0.017817
0.019500
0.020980
0.022229
0.023389
0.024695
0.026291
0.028038
0.029516
0.030250
0.030003
0.028932
0.027473
0.026056
0.024861
0.023763
0.022509
0.020946
0.019133
0.017284
0.015619
0.014264
0.013240
0.012511
0.012025
0.011739
0.011628
0.011673
0.011858
0.012180
0.012665
0.013361
0.014328
0.015620
0.017293
0.019397
0.021951
0.024899
0.028089
0.031333
0.034536
0.037831
0.041552
0.046041
0.051412
0.057454
0.063698
0.069519
0.074183
0.076938
0.077251
0.075071
0.070889
0.065530
0.059826
0.054418
0.049691
0.045757
0.042451
0.039413
0.036299
0.032986
0.029618
0.026466
0.023738
0.021504
0.019733
0.018365
0.017343
0.016615
0.016136
0.015883
0.015855
0.016078
0.016606
0.017504
0.018846
0.020704
0.023171
0.026349
0.030273
0.034804
0.039590
0.044196
0.048334
0.052047
0.055667
0.059512
0.063495
0.066964
0.068978
0.068875
0.066717
0.063240
0.059363
0.055638
0.052045
0.048218
0.043854
0.038984
0.033957
0.029223
0.025104
0.021705
0.018978
0.016812
0.015100
0.013751
0.012686
0.011846
0.011193
0.010696
0.010325
0.010053
0.009853
0.009710
0.009614
0.009566
0.009578
0.009675
0.009889
0.010251
0.010791
0.011534
0.012495
0.013671
0.015026
0.016487
0.017960
0.019360
0.020639
0.021771
0.022711
0.023377
0.023677
0.023571
0.023099
0.022344
0.021379
0.020237
0.018929
0.017483
0.015958
0.014433
0.012987
0.011687
0.010576
0.009671
0.008963
0.008431
0.008044
0.007765
0.007547
0.007345
0.007126
0.006881
0.006618
0.006352
0.006089
0.005831
0.005574
0.005317
0.005064
0.004825
0.004612
0.004433
0.004287
0.004174
0.004091
0.004031
0.003973
0.003896
0.003791
0.003670
0.003554
0.003459
0.003390
0.003346
0.003327
0.003329
0.003351
0.003393
0.003451
0.003520
0.003594
0.003674
0.003760
0.003843
0.003910
0.003960
0.003995
0.004012
0.003996
0.003938
0.003853
0.003768
0.003705
0.003668
0.003649
0.003642
0.003646
0.003661
0.003682
0.003701
0.003713
0.003718
0.003724
0.003741
0.003767
0.003790
0.003798
0.003794
0.003789
0.003792
0.003802
0.003815
0.003829
0.003846
0.003873
0.003911
0.003962
0.004026
0.004102
0.004190
0.004288
0.004394
0.004508
0.004629
0.004757
0.004887
0.005016
0.005147
0.005276
0.005397
0.005494
0.005560
0.005596
0.005610
0.005608
0.005593
0.005571
0.005555
0.005555
0.005566
0.005575
0.005574
0.005567
0.005563
0.005562
0.005559
0.005555
0.005561
0.005592
0.005653
0.005734
0.005829
0.005935
0.006058
0.006202
0.006366
0.006554
0.006770
0.007018
0.007301
0.007621
0.007977
0.008368
0.008792
0.009244
0.009725
0.010238
0.010785
0.011371
0.012011
0.012725
0.013535
0.014471
0.015579
0.016931
0.018613
0.020717
0.023317
0.026443
0.030051
0.034064
0.038475
0.043484
0.049505
0.056997
0.066158
0.076657
0.087545
0.097411
0.104770
0.108539
0.108401
0.104873
0.099041
0.092147
0.085244
0.079007
0.073662
0.068985
0.064463
0.059614
0.054300
0.048801
0.043596
0.039071
0.035383
0.032519
0.030393
0.028901
0.027929
0.027367
0.027133
0.027185
0.027527
0.028222
0.029387
0.031173
0.033741
0.037266
0.041918
0.047819
0.055000
0.063384
0.072800
0.083021
0.093810
0.104968
0.116330
0.127692
0.138710
0.148842
0.157357
0.163363
0.165888
0.164098
0.157673
0.147151
0.133940
0.119890
0.106614
0.094971
0.084996
0.076240
0.068212
0.060667
0.053626
0.047259
0.041732
0.037126
0.033419
0.030521
0.028318
0.026704
0.025590
0.024919
0.024677
0.024881
0.025550
0.026685
0.028267
0.030277
0.032692
0.035431
0.038293
0.040990
0.043314
0.045342
0.047473
0.050225
0.053934
0.058573
0.063758
0.068849
0.073055
0.075608
0.075983
0.074055
0.070096
0.064638
0.058347
0.051910
0.045904
0.040630
0.036068
0.032019
0.028311
0.024920
0.021921
0.019384
0.017314
0.015668
0.014383
0.013393
0.012632
0.012043
0.011595
0.011294
0.011154
0.011167
0.011292
0.011460
0.011591
0.011611
0.011475
0.011190
0.010818
0.010435
0.010089
0.009795
0.009554
0.009361
0.009205
0.009064
0.008913
0.008734
0.008519
0.008267
0.007991
0.007706
0.007430
0.007183
0.006983
0.006841
0.006754
0.006708
0.006690
0.006690
0.006694
0.006697
0.006706
0.006742
0.006825
0.006959
0.007133
0.007326
0.007509
0.007636
0.007666
0.007587
0.007431
0.007254
0.007109
0.007034
0.007048
0.007151
0.007319
0.007513
0.007698
0.007851
0.007976
0.008088
0.008215
0.008383
0.008614
0.008932
0.009365
0.009939
0.010663
0.011529
0.012523
0.013626
0.014800
0.015979
0.017089
0.018087
0.018967
0.019713
0.020250
0.020471
0.020321
0.019847
0.019158
0.018346
0.017458
0.016536
0.015659
0.014923
0.014386
0.014046
0.013878
0.013875
0.014068
0.014510
0.015250
0.016309
0.017648
0.019170
0.020759
0.022326
0.023814
0.025138
0.026144
0.026649
0.026547
0.025877
0.024788
0.023440
0.021941
0.020370
0.018837
0.017485
0.016431
0.015724
0.015357
0.015317
0.015594
0.016139
0.016855
0.017641
0.018453
0.019288
0.020108
0.020790
0.021177
0.021183
0.020838
0.020232
0.019422
0.018417
0.017238
0.015993
0.014854
0.013982
0.013459
0.013303
0.013509
0.014074
0.014986
0.016211
0.017685
0.019314
0.020983
0.022593
0.024096
0.025470
0.026647
0.027480
0.027817
0.027605
0.026919
0.025865
0.024499
0.022834
0.020929
0.018927
0.017000
0.015277
0.013810
0.012595
0.011607
0.010810
0.010168
0.009643
0.009198
0.008802
0.008444
0.008132
0.007879
0.007686
0.007542
0.007444
0.007390
0.007375
0.007387
0.007422
0.007481
0.007564
0.007662
0.007765
0.007867
0.007965
0.008059
0.008156
0.008277
0.008436
0.008633
0.008859
0.009118
0.009432
0.009817
0.010251
0.010674
0.011007
0.011205
0.011272
0.011251
0.011188
0.011099
0.010962
0.010745
0.010431
0.010030
0.009571
0.009087
0.008602
0.008140
0.007731
0.007400
0.007161
0.007010
0.006939
0.006935
0.006973
0.007021
0.007057
0.007070
0.007057
0.007010
0.006936
0.006860
0.006816
0.006818
0.006864
0.006945
0.007056
0.007189
0.007321
0.007428
0.007499
0.007538
0.007562
0.007602
0.007700
0.007886
0.008159
0.008487
0.008822
0.009111
0.009293
0.009307
0.009125
0.008767
0.008296
0.007786
0.007293
0.006850
0.006472
0.006166
0.005933
0.005764
0.005639
0.005539
0.005445
0.005349
0.005252
0.005165
0.005100
0.005057
0.005033
0.005023
0.005023
0.005029
0.005041
0.005064
0.005102
0.005149
0.005192
0.005224
0.005250
0.005280
0.005320
0.005377
0.005457
0.005564
0.005691
0.005821
0.005940
0.006031
0.006075
0.006056
0.005977
0.005861
0.005730
0.005600
0.005484
0.005397
0.005348
0.005336
0.005345
0.005360
0.005376
0.005393
0.005418
0.005458
0.005513
0.005579
0.005653
0.005736
0.005838
0.005966
0.006118
0.006284
0.006453
0.006621
0.006790
0.006960
0.007131
0.007301
0.007481
0.007685
0.007928
0.008231
0.008621
0.009129
0.009775
0.010549
0.011414
0.012307
0.013162
0.013918
0.014529
0.014954
0.015163
0.015133
0.014870
0.014416
0.013839
0.013225
0.012649
0.012158
0.011760
0.011436
0.011149
0.010866
0.010563
0.010246
0.009947
0.009710
0.009562
0.009508
0.009543
0.009661
0.009854
0.010114
0.010438
0.010836
0.011339
0.011990
0.012832
0.013883
0.015109
0.016429
0.017742
0.018973
0.020079
0.021041
0.021853
0.022535
0.023149
0.023803
0.024633
0.025758
0.027216
0.028891
0.030489
0.031614
0.031919
0.031268
0.029803
0.027878
0.025887
0.024103
0.022610
0.021354
0.020246
0.019230
0.018305
0.017496
0.016833
0.016340
0.016023
0.015866
0.015839
0.015920
0.016126
0.016506
0.017124
0.018024
0.019223
0.020703
0.022406
0.024219
0.025982
0.027527
0.028738
0.029604
0.030233
0.030801
0.031472
0.032329
0.033338
0.034360
0.035190
0.035621
0.035515
0.034840
0.033655
0.032058
0.030147
0.028033
0.025848
0.023730
0.021784
0.020053
0.018531
0.017194
0.016031
0.015046
0.014253
0.013668
0.013294
0.013125
0.013150
0.013368
0.013779
0.014374
0.015126
0.015989
0.016913
0.017843
0.018712
0.019443
0.019987
0.020363
0.020662
0.020998
0.021444
0.021996
0.022571
0.023036
0.023264
0.023175
0.022759
0.022057
0.021130
0.020039
0.018841
0.017590
0.016347
0.015176
0.014131
0.013240
0.012505
0.011915
0.011452
0.011095
0.010811
0.010566
0.010339
0.010124
0.009924
0.009745
0.009585
0.009445
0.009329
0.009248
0.009220
0.009258
0.009364
0.009544
0.009819
0.010219
0.010759
0.011427
0.012171
0.012898
0.013481
0.013791
0.013756
0.013398
0.012823
0.012166
0.011545
0.011030
0.010642
0.010363
0.010163
0.010011
0.009887
0.009779
0.009679
0.009586
0.009503
0.009442
0.009422
0.009461
0.009569
0.009740
0.009958
0.010206
0.010460
0.010701
0.010915
0.011106
0.011292
0.011489
0.011715
0.011986
0.012323
0.012738
0.013222
0.013748
0.014292
0.014849
0.015438
0.016086
0.016799
0.017555
0.018312
0.019037
0.019724
0.020398
0.021103
0.021870
0.022676
0.023417
0.023930
0.024067
0.023761
0.023047
0.022040
0.020889
0.019738
0.018696
0.017821
0.017128
0.016616
0.016281
0.016112
0.016087
0.016184
0.016395
0.016726
0.017191
0.017810
0.018597
0.019571
0.020758
0.022197
0.023933
0.026011
0.028474
0.031371
0.034754
0.038659
0.043064
0.047853
0.052794
0.057563
0.061816
0.065289
0.067877
0.069631
0.070685
0.071144
0.071028
0.070259
0.068718
0.066304
0.062999
0.058909
0.054253
0.049318
0.044409
0.039791
0.035658
0.032106
0.029140
0.026700
0.024698
0.023048
0.021681
0.020553
0.019643
0.018944
0.018456
0.018179
0.018118
0.018288
0.018702
0.019355
0.020208
0.021198
0.022250
0.023309
0.024362
0.025447
0.026641
0.028027
0.029658
0.031514
0.033481
0.035364
0.036936
0.037994
0.038412
0.038160
0.037300
0.035971
0.034347
0.032593
0.030820
0.029080
0.027381
0.025709
0.024055
0.022427
0.020858
0.019399
0.018105
0.017016
0.016149
0.015500
0.015060
0.014820
0.014770
0.014886
0.015136
0.015489
0.015919
0.016396
0.016882
0.017333
0.017733
0.018116
0.018552
0.019095
0.019731
0.020362
0.020850
0.021090
0.021047
0.020746
0.020239
0.019595
0.018910
0.018299
0.017851
0.017584
0.017434
0.017287
0.017025
0.016573
0.015915
0.015094
0.014184
0.013263
0.012399
0.011643
0.011030
0.010576
0.010286
0.010157
0.010164
0.010268
0.010429
0.010633
0.010885
0.011199
0.011574
0.012008
0.012503
0.013060
0.013665
0.014288
0.014894
0.015466
0.016005
0.016516
0.016979
0.017359
0.017635
0.017815
0.017929
0.017988
0.017974
0.017861
0.017649
0.017380
0.017110
0.016884
0.016704
0.016543
0.016360
0.016132
0.015850
0.015509
0.015104
0.014630
0.014089
0.013491
0.012846
0.012171
0.011492
0.010843
0.010259
0.009760
0.009352
0.009023
0.008758
0.008547
0.008394
0.008310
0.008300
0.008356
0.008464
0.008609
0.008793
0.009024
0.009304
0.009631
0.010007
0.010449
0.010974
0.011578
0.012246
0.012967
0.013735
0.014530
0.015315
0.016050
0.016698
0.017219
0.017572
0.017735
0.017714
0.017532
0.017204
0.016746
0.016202
0.015635
0.015099
0.014611
0.014163
0.013733
0.013303
0.012858
0.012403
0.011961
0.011559
0.011210
0.010893
0.010576
0.010233
0.009864
0.009497
0.009165
0.008894
0.008696
0.008574
0.008527
0.008548
0.008631
0.008784
0.009021
0.009347
0.009751
0.010211
0.010707
0.011218
0.011728
0.012226
0.012713
0.013202
0.013716
0.014278
0.014907
0.015598
0.016313
0.016982
0.017520
0.017860
0.017967
0.017855
0.017580
0.017216
0.016837
0.016512
0.016293
0.016216
0.016298
0.016551
0.016974
0.017550
0.018231
0.018949
0.019637
0.020228
0.020667
0.020931
0.021061
0.021168
0.021402
0.021886
0.022671
0.023710
0.024866
0.025947
0.026761
0.027161
0.027087
0.026583
0.025783
0.024857
0.023932
0.023042
0.022146
0.021181
0.020123
0.018995
0.017855
0.016771
0.015802
0.014981
0.014329
0.013855
0.013557
0.013421
0.013433
0.013591
0.013912
0.014410
0.015086
0.015935
0.016947
0.018093
0.019301
0.020481
0.021565
0.022568
0.023580
0.024711
0.026014
0.027446
0.028890
0.030223
0.031381
0.032366
0.033220
0.033979
0.034654
0.035238
0.035693
0.035946
0.035885
0.035421
0.034555
0.033400
0.032131
0.030893
0.029754
0.028708
0.027716
0.026749
0.025810
0.024933
0.024159
0.023523
0.023046
0.022744
0.022613
0.022603
0.022623
0.022588
0.022479
0.022367
0.022363
0.022557
0.022974
0.023580
0.024299
0.025022
0.025631
0.026031
0.026194
0.026168
0.026059
0.025972
0.025972
0.026062
0.026195
0.026310
0.026351
0.026290
0.026136
0.025938
0.025752
0.025585
0.025366
0.024961
0.024259
0.023236
0.021976
0.020628
0.019340
0.018226
0.017350
0.016740
0.016393
0.016283
0.016355
0.016526
0.016704
0.016811
0.016812
0.016708
0.016520
0.016275
0.015991
0.015667
0.015285
0.014829
0.014308
0.013761
0.013244
0.012799
0.012454
0.012223
0.012108
0.012097
0.012173
0.012314
0.012489
0.012654
0.012756
0.012762
0.012677
0.012550
0.012434
0.012353
0.012298
0.012244
0.012176
0.012096
0.012014
0.011927
0.011820
0.011663
0.011438
0.011154
0.010850
0.010570
0.010346
0.010195
0.010139
0.010217
0.010469
0.010913
0.011542
0.012324
0.013205
0.014100
0.014897
0.015482
0.015774
0.015738
0.015391
0.014794
0.014041
0.013246
0.012519
0.011954
0.011602
0.011462
0.011487
0.011598
0.011709
0.011749
0.011679
0.011506
0.011276
0.011049
0.010877
0.010792
0.010802
0.010903
0.011071
0.011271
0.011462
0.011609
0.011697
0.011727
0.011704
0.011629
0.011504
0.011348
0.011192
0.011084
0.011068
0.011180
0.011443
0.011863
0.012423
0.013079
0.013762
0.014390
0.014891
0.015211
0.015330
0.015256
0.015016
0.014649
0.014206
0.013742
0.013303
0.012923
0.012620
0.012393
0.012229
0.012106
0.011996
0.011875
0.011729
0.011554
0.011357
0.011157
0.010982
0.010857
0.010788
0.010755
0.010735
0.010722
0.010737
0.010811
0.010969
0.011228
0.011615
0.012156
0.012863
0.013727
0.014741
0.015889
0.017117
0.018306
0.019305
0.020013
0.020433
0.020641
0.020692
0.020567
0.020193
0.019535
0.018641
0.017631
0.016629
0.015718
0.014927
0.014256
0.013693
0.013229
0.012862
0.012595
0.012424
0.012325
0.012259
0.012193
0.012120
0.012063
0.012058
0.012129
0.012281
0.012502
0.012775
0.013100
0.013493
0.013994
0.014660
0.015567
0.016793
0.018390
0.020357
0.022633
0.025122
0.027721
0.030327
0.032811
0.035005
0.036725
0.037841
0.038327
0.038247
0.037675
0.036641
0.035139
0.033214
0.031019
0.028785
0.026730
0.024984
0.023587
0.022518
0.021723
0.021128
0.020658
0.020249
0.019859
0.019470
0.019083
0.018707
0.018356
0.018041
0.017763
0.017526
0.017326
0.017162
0.017050
0.017043
0.017228
0.017701
0.018544
0.019819
0.021558
0.023734
0.026229
0.028846
0.031372
0.033640
0.035543
0.036992
0.037884
0.038118
0.037659
0.036571
0.034989
0.033048
0.030866
0.028565
0.026308
0.024266
0.022563
0.021249
0.020318
0.019729
0.019415
0.019278
0.019212
0.019128
0.018979
0.018762
0.018509
0.018264
0.018062
0.017916
0.017823
0.017773
0.017751
0.017740
0.017719
0.017671
0.017593
0.017507
0.017463
0.017531
0.017778
0.018245
0.018917
0.019707
0.020463
0.021032
0.021338
0.021409
0.021320
0.021102
0.020727
0.020164
0.019454
0.018715
0.018095
0.017703
0.017583
0.017713
0.018032
0.018462
0.018923
0.019338
0.019654
0.019842
0.019904
0.019844
0.019667
0.019390
0.019058
0.018741
0.018492
0.018320
0.018185
0.018027
0.017808
0.017519
0.017184
0.016835
0.016486
0.016130
0.015751
0.015346
0.014927
0.014520
0.014148
0.013838
0.013621
0.013524
0.013561
0.013728
0.014003
0.014357
0.014748
0.015135
0.015487
0.015788
0.016031
0.016207
0.016316
0.016380
0.016446
0.016571
0.016800
0.017153
0.017617
0.018138
0.018629
0.018984
0.019120
0.018989
0.018580
0.017919
0.017071
0.016140
0.015241
0.014470
0.013874
0.013451
0.013167
0.012973
0.012824
0.012687
0.012544
0.012402
0.012285
0.012232
0.012273
0.012416
0.012649
0.012932
0.013207
0.013408
0.013487
0.013429
0.013262
0.013035
0.012796
0.012580
0.012400
0.012245
0.012083
0.011876
0.011609
0.011295
0.010976
0.010696
0.010484
0.010356
0.010310
0.010348
0.010467
0.010652
0.010862
0.011030
0.011085
0.010989
0.010749
0.010417
0.010061
0.009736
0.009471
0.009275
0.009141
0.009056
0.008990
0.008913
0.008805
0.008660
0.008481
0.008275
0.008049
0.007818
0.007599
0.007412
0.007276
0.007207
0.007211
0.007285
0.007417
0.007595
0.007806
0.008036
0.008271
0.008498
0.008704
0.008873
0.008989
0.009039
0.009018
0.008926
0.008777
0.008599
0.008429
0.008297
0.008220
0.008197
0.008215
0.008264
0.008339
0.008436
0.008545
0.008645
0.008715
0.008746
0.008737
0.008690
0.008606
0.008487
0.008346
0.008199
0.008067
0.007972
0.007943
0.008008
0.008185
0.008477
0.008886
0.009419
0.010081
0.010851
0.011671
0.012453
0.013100
0.013538
0.013737
0.013720
0.013552
0.013318
0.013097
0.012946
0.012891
0.012923
0.013007
0.013093
0.013135
0.013099
0.012966
0.012736
0.012427
0.012085
0.011764
0.011505
0.011313
0.011173
0.011072
0.011010
0.010995
0.011026
0.011090
0.011173
0.011264
0.011354
0.011443
0.011541
0.011658
0.011795
0.011932
0.012050
0.012147
0.012238
0.012341
0.012466
0.012624
0.012838
0.013129
0.013504
0.013939
0.014385
0.014772
0.015022
0.015065
0.014864
0.014430
0.013820
0.013112
0.012389
0.011711
0.011112
0.010598
0.010158
0.009778
0.009447
0.009165
0.008934
0.008758
0.008629
0.008534
0.008456
0.008391
0.008337
0.008293
0.008250
0.008198
0.008140
0.008090
0.008069
0.008092
0.008168
0.008300
0.008476
0.008674
0.008870
0.009044
0.009187
0.009291
0.009359
0.009396
0.009420
0.009445
0.009475
0.009501
0.009515
0.009520
0.009524
0.009523
0.009503
0.009454
0.009389
0.009333
0.009303
0.009303
0.009331
0.009394
0.009506
0.009673
0.009893
0.010160
0.010478
0.010869
0.011365
0.011999
0.012779
0.013674
0.014603
0.015445
0.016067
0.016370
0.016321
0.015970
0.015425
0.014814
0.014246
0.013794
0.013485
0.013305
0.013212
0.013142
0.013022
0.012792
0.012419
0.011913
0.011318
0.010690
0.010080
0.009518
0.009023
0.008602
0.008253
0.007965
0.007728
0.007532
0.007372
0.007244
0.007146
0.007081
0.007068
0.007120
0.007242
0.007420
0.007635
0.007875
0.008141
0.008442
0.008796
0.009231
0.009783
0.010492
0.011392
0.012482
0.013707
0.014926
0.015938
0.016541
0.016605
0.016133
0.015254
0.014170
0.013085
0.012139
0.011396
0.010851
0.010469
0.010205
0.010010
0.009836
0.009643
0.009417
0.009163
0.008897
0.008629
0.008366
0.008119
0.007901
0.007725
0.007603
0.007543
0.007553
0.007637
0.007794
0.008029
0.008352
0.008772
0.009274
0.009815
0.010324
0.010721
0.010947
0.010990
0.010904
0.010770
0.010656
0.010589
0.010573
0.010612
0.010727
0.010932
0.011224
0.011565
0.011879
0.012062
0.012022
0.011728
0.011218
0.010588
0.009950
0.009407
0.009032
0.008850
0.008842
0.008957
0.009141
0.009347
0.009549
0.009731
0.009888
0.010018
0.010116
0.010178
0.010202
0.010186
0.010131
0.010041
0.009931
0.009832
0.009779
0.009803
0.009932
0.010185
0.010576
0.011111
0.011778
0.012540
0.013319
0.014002
0.014460
0.014587
0.014342
0.013778
0.013020
0.012208
0.011450
0.010798
0.010263
0.009842
0.009522
0.009281
0.009090
0.008924
0.008772
0.008627
0.008487
0.008363
0.008272
0.008231
0.008232
0.008248
0.008266
0.008300
0.008376
0.008501
0.008645
0.008758
0.008787
0.008694
0.008475
0.008162
0.007807
0.007465
0.007176
0.006958
0.006808
0.006703
0.006613
0.006518
0.006414
0.006306
0.006195
0.006079
0.005957
0.005834
0.005720
0.005625
0.005552
0.005496
0.005451
0.005415
0.005387
0.005367
0.005356
0.005362
0.005394
0.005456
0.005542
0.005646
0.005772
0.005920
0.006088
0.006265
0.006437
0.006592
0.006727
0.006849
0.006974
0.007113
0.007267
0.007431
0.007595
0.007750
0.007889
0.008010
0.008119
0.008226
0.008337
0.008469
0.008643
0.008874
0.009157
0.009469
0.009793
0.010119
0.010451
0.010789
0.011132
0.011466
0.011770
0.012029
0.012247
0.012447
0.012663
0.012935
0.013308
0.013826
0.014520
0.015393
0.016410
0.017470
0.018409
0.019042
0.019239
0.018981
0.018355
0.017510
0.016601
0.015749
0.015022
0.014438
0.013978
0.013605
0.013261
0.012897
0.012490
0.012062
0.011655
0.011308
0.011047
0.010882
0.010801
0.010774
0.010770
0.010771
0.010768
0.010757
0.010740
0.010730
0.010749
0.010818
0.010956
0.011179
0.011498
0.011902
0.012360
0.012830
0.013257
0.013585
0.013785
0.013878
0.013941
0.014068
0.014339
0.014799
0.015453
0.016254
0.017092
0.017802
0.018203
0.018152
0.017604
0.016635
0.015413
0.014123
0.012905
0.011832
0.010928
0.010199
0.009641
0.009245
0.009000
0.008883
0.008859
0.008881
0.008899
0.008871
0.008771
0.008595
0.008359
0.008089
0.007814
0.007558
0.007340
0.007167
0.007032
0.006923
0.006830
0.006757
0.006706
0.006673
0.006643
0.006595
0.006523
0.006431
0.006331
0.006233
0.006144
0.006072
0.006022
0.005990
0.005954
0.005895
0.005805
0.005692
0.005568
0.005446
0.005339
0.005269
0.005246
0.005267
0.005313
0.005363
0.005396
0.005406
0.005402
0.005410
0.005452
0.005531
0.005627
0.005712
0.005766
0.005787
0.005785
0.005780
0.005792
0.005842
0.005946
0.006105
0.006304
0.006515
0.006715
0.006901
0.007088
0.007286
0.007472
0.007594
0.007598
0.007475
0.007256
0.006999
0.006752
0.006544
0.006386
0.006273
0.006190
0.006119
0.006045
0.005960
0.005871
0.005787
0.005719
0.005667
0.005622
0.005577
0.005534
0.005501
0.005488
0.005500
0.005536
0.005593
0.005668
0.005760
0.005864
0.005973
0.006086
0.006211
0.006359
0.006532
0.006713
0.006874
0.006990
0.007046
0.007042
0.006988
0.006912
0.006842
0.006803
0.006810
0.006867
0.006975
0.007129
0.007307
0.007464
0.007537
0.007476
0.007275
0.006979
0.006657
0.006364
0.006129
0.005973
0.005907
0.005938
0.006059
0.006251
0.006478
0.006691
0.006841
0.006896
0.006854
0.006735
0.006566
0.006374
0.006178
0.005990
0.005817
0.005660
0.005522
0.005406
0.005311
0.005238
0.005184
0.005144
0.005111
0.005084
0.005070
0.005069
0.005069
0.005055
0.005029
0.005013
0.005034
0.005111
0.005251
0.005452
0.005707
0.005997
0.006298
0.006580
0.006816
0.006986
0.007085
0.007128
0.007154
0.007210
0.007328
0.007511
0.007737
0.007970
0.008181
0.008348
0.008454
0.008485
0.008428
0.008282
0.008060
0.007789
0.007490
0.007172
0.006839
0.006503
0.006186
0.005911
0.005691
0.005531
0.005426
0.005370
0.005347
0.005335
0.005321
0.005303
0.005289
0.005289
0.005302
0.005322
0.005335
0.005325
0.005285
0.005227
0.005169
0.005122
0.005084
0.005045
0.005003
0.004966
0.004942
0.004932
0.004939
0.004973
0.005044
0.005154
0.005292
0.005449
0.005619
0.005799
0.005990
0.006187
0.006380
0.006546
0.006654
0.006683
0.006637
0.006537
0.006407
0.006266
0.006137
0.006044
0.006002
0.006009
0.006051
0.006105
0.006149
0.006158
0.006121
0.006051
0.005976
0.005914
0.005869
0.005834
0.005808
0.005790
0.005773
0.005748
0.005706
0.005642
0.005554
0.005454
0.005369
0.005321
0.005313
0.005335
0.005378
0.005447
0.005545
0.005667
0.005797
0.005916
0.006006
0.006054
0.006063
0.006045
0.006024
0.006017
0.006037
0.006089
0.006161
0.006237
0.006302
0.006353
0.006393
0.006421
0.006434
0.006432
0.006425
0.006420
0.006428
0.006447
0.006464
0.006455
0.006403
0.006310
0.006194
0.006073
0.005962
0.005879
0.005839
0.005847
0.005894
0.005971
0.006076
0.006204
0.006344
0.006479
0.006591
0.006672
0.006718
0.006734
0.006733
0.006729
0.006726
0.006720
0.006707
0.006695
0.006694
0.006709
0.006734
0.006755
0.006760
0.006748
0.006725
0.006704
0.006701
0.006737
0.006829
0.006976
0.007149
0.007307
0.007416
0.007465
0.007457
0.007410
0.007347
0.007292
0.007267
0.007281
0.007328
0.007401
0.007493
0.007594
0.007686
0.007754
0.007794
0.007810
0.007807
0.007780
0.007723
0.007639
0.007541
0.007445
0.007358
0.007276
0.007186
0.007070
0.006925
0.006766
0.006619
0.006500
0.006415
0.006363
0.006350
0.006382
0.006455
0.006562
0.006696
0.006851
0.007018
0.007197
0.007403
0.007660
0.007973
0.008320
0.008650
0.008905
0.009042
0.009048
0.008947
0.008787
0.008615
0.008461
0.008338
0.008250
0.008190
0.008146
0.008099
0.008031
0.007935
0.007815
0.007690
0.007582
0.007503
0.007453
0.007429
0.007441
0.007501
0.007616
0.007795
0.008046
0.008378
0.008790
0.009273
0.009813
0.010400
0.010997
0.011535
0.011911
0.012043
0.011909
0.011566
0.011114
0.010649
0.010244
0.009938
0.009753
0.009703
0.009803
0.010069
0.010497
0.011055
0.011691
0.012362
0.013061
0.013817
0.014652
0.015544
0.016406
0.017104
0.017517
0.017597
0.017392
0.017021
0.016616
0.016278
0.016062
0.015985
0.016022
0.016108
0.016157
0.016093
0.015884
0.015545
0.015107
0.014610
0.014093
0.013600
0.013164
0.012802
0.012515
0.012300
0.012168
0.012130
0.012195
0.012353
0.012561
0.012746
0.012829
0.012765
0.012573
0.012323
0.012097
0.011947
0.011882
0.011888
0.011950
0.012078
0.012304
0.012659
0.013161
0.013805
0.014572
0.015423
0.016291
0.017085
0.017707
0.018082
0.018191
0.018084
0.017844
0.017538
0.017175
0.016713
0.016109
0.015349
0.014466
0.013529
0.012620
0.011809
0.011133
0.010589
0.010150
0.009781
0.009444
0.009112
0.008775
0.008443
0.008131
0.007846
0.007593
0.007379
0.007200
0.007041
0.006883
0.006716
0.006548
0.006389
0.006252
0.006148
0.006087
0.006066
0.006072
0.006097
0.006138
0.006199
0.006269
0.006332
0.006378
0.006411
0.006450
0.006525
0.006664
0.006886
0.007192
0.007565
0.007967
0.008333
0.008590
0.008678
0.008568
0.008274
0.007850
0.007373
0.006922
0.006548
0.006263
0.006060
0.005934
0.005884
0.005900
0.005961
0.006041
0.006110
0.006126
0.006059
0.005906
0.005697
0.005472
0.005256
0.005054
0.004869
0.004704
0.004561
0.004450
0.004373
0.004327
0.004298
0.004270
0.004235
0.004191
0.004140
0.004094
0.004069
0.004071
0.004082
0.004083
0.004071
0.004055
0.004035
0.003998
0.003935
0.003854
0.003768
0.003683
0.003601
0.003529
0.003476
0.003442
0.003420
0.003402
0.003386
0.003372
0.003362
0.003353
0.003341
0.003319
0.003291
0.003264
0.003244
0.003229
0.003218
0.003213
0.003211
0.003211
0.003207
0.003200
0.003194
0.003189
0.003185
0.003185
0.003191
0.003200
0.003207
0.003212
0.003216
0.003219
0.003214
0.003201
0.003180
0.003156
0.003133
0.003116
0.003105
0.003099
0.003095
0.003087
0.003073
0.003051
0.003023
0.002997
0.002977
0.002957
0.002932
0.002907
0.002894
0.002897
0.002906
0.002905
0.002890
0.002873
0.002863
0.002856
0.002841
0.002810
0.002763
0.002711
0.002669
0.002647
0.002643
0.002649
0.002664
0.002691
0.002729
0.002776
0.002827
0.002883
0.002949
0.003029
0.003125
0.003235
0.003356
0.003484
0.003621
0.003780
0.003968
0.004178
0.004391
0.004593
0.004788
0.004990
0.005211
0.005455
0.005727
0.006024
0.006332
0.006629
0.006898
0.007126
0.007302
0.007422
0.007493
0.007541
0.007595
0.007682
0.007816
0.008002
0.008229
0.008468
0.008690
0.008873
0.008998
0.009055
0.009037
0.008953
0.008819
0.008658
0.008492
0.008343
0.008225
0.008134
0.008052
0.007956
0.007825
0.007644
0.007403
0.007114
0.006804
0.006501
0.006226
0.005990
0.005793
0.005631
0.005496
0.005383
0.005294
0.005221
0.005154
0.005085
0.005022
0.004978
0.004958
0.004958
0.004965
0.004966
0.004948
0.004898
0.004807
0.004678
0.004525
0.004358
0.004188
0.004017
0.003848
0.003691
0.003556
0.003448
0.003363
0.003297
0.003247
0.003209
0.003182
0.003166
0.003164
0.003171
0.003181
0.003191
0.003197
0.003196
0.003183
0.003161
0.003142
0.003139
0.003158
0.003191
0.003230
0.003267
0.003299
0.003329
0.003363
0.003399
0.003431
0.003452
0.003466
0.003478
0.003488
0.003494
0.003502
0.003521
0.003549
0.003568
0.003566
0.003549
0.003533
0.003529
0.003537
0.003564
0.003616
0.003695
0.003793
0.003900
0.004019
0.004158
0.004321
0.004510
0.004734
0.005013
0.005356
0.005758
0.006206
0.006689
0.007204
0.007733
0.008237
0.008666
0.008982
0.009166
0.009226
0.009185
0.009077
0.008932
0.008771
0.008607
0.008456
0.008333
0.008235
0.008140
0.008021
0.007858
0.007646
0.007383
0.007071
0.006723
0.006354
0.005976
0.005595
0.005217
0.004856
0.004524
0.004229
0.003977
0.003771
0.003611
0.003490
0.003402
0.003348
0.003333
0.003348
0.003371
0.003394
0.003431
0.003504
0.003618
0.003766
0.003943
0.004151
0.004389
0.004636
0.004869
0.005075
0.005254
0.005411
0.005550
0.005668
0.005752
0.005783
0.005759
0.005698
0.005631
0.005579
0.005548
0.005535
0.005527
0.005506
0.005457
0.005380
0.005282
0.005168
0.005032
0.004873
0.004687
0.004470
0.004226
0.003970
0.003724
0.003502
0.003304
0.003127
0.002978
0.002855
0.002752
0.002661
0.002582
0.002519
0.002467
0.002423
0.002387
0.002364
0.002352
0.002348
0.002351
0.002366
0.002390
0.002418
0.002453
0.002499
0.002556
0.002615
0.002678
0.002755
0.002863
0.003005
0.003173
0.003353
0.003531
0.003693
0.003825
0.003910
0.003930
0.003873
0.003746
0.003582
0.003412
0.003256
0.003117
0.002999
0.002908
0.002844
0.002799
0.002760
0.002720
0.002676
0.002631
0.002588
0.002548
0.002514
0.002477
0.002426
0.002359
0.002289
0.002229
0.002180
0.002135
0.002090
0.002048
0.002016
0.001993
0.001978
0.001975
0.001989
0.002015
0.002042
0.002073
0.002116
0.002181
0.002265
0.002360
0.002460
0.002563
0.002666
0.002764
0.002850
0.002921
0.002975
0.003017
0.003047
0.003065
0.003074
0.003081
0.003103
0.003153
0.003236
0.003354
0.003503
0.003666
0.003815
0.003908
0.003908
0.003802
0.003615
0.003394
0.003187
0.003013
0.002867
0.002736
0.002619
0.002525
0.002460
0.002422
0.002408
0.002415
0.002441
0.002477
0.002518
0.002560
0.002605
0.002653
0.002706
0.002763
0.002819
0.002869
0.002906
0.002920
0.002905
0.002863
0.002806
0.002749
0.002706
0.002687
0.002696
0.002729
0.002773
0.002812
0.002836
0.002840
0.002827
0.002800
0.002765
0.002734
0.002721
0.002736
0.002785
0.002869
0.002991
0.003147
0.003321
0.003488
0.003617
0.003681
0.003665
0.003570
0.003417
0.003235
0.003050
0.002878
0.002731
0.002620
0.002552
0.002518
0.002510
0.002520
0.002551
0.002606
0.002681
0.002776
0.002898
0.003069
0.003323
0.003692
0.004192
0.004831
0.005615
0.006542
0.007565
0.008559
0.009334
0.009713
0.009612
0.009081
0.008265
0.007334
0.006423
0.005614
0.004944
0.004416
0.004010
0.003693
0.003434
0.003221
0.003047
0.002908
0.002799
0.002717
0.002658
0.002619
0.002598
0.002602
0.002636
0.002695
0.002775
0.002878
0.003018
0.003203
0.003427
0.003679
0.003955
0.004260
0.004600
0.004988
0.005446
0.005995
0.006650
0.007421
0.008293
0.009193
0.009970
0.010438
0.010474
0.010082
0.009390
0.008579
0.007805
0.007157
0.006660
0.006292
0.006017
0.005785
0.005548
0.005274
0.004962
0.004638
0.004328
0.004050
0.003811
0.003620
0.003481
0.003389
0.003339
0.003328
0.003351
0.003394
0.003432
0.003441
0.003408
0.003328
0.003212
0.003077
0.002941
0.002818
0.002718
0.002651
0.002627
0.002646
0.002699
0.002768
0.002845
0.002925
0.003007
0.003084
0.003148
0.003191
0.003209
0.003210
0.003207
0.003219
0.003259
0.003330
0.003431
0.003563
0.003728
0.003920
0.004123
0.004309
0.004446
0.004500
0.004450
0.004294
0.004056
0.003780
0.003513
0.003289
0.003123
0.003012
0.002946
0.002916
0.002924
0.002967
0.003037
0.003111
0.003169
0.003193
0.003177
0.003124
0.003050
0.002978
0.002931
0.002925
0.002965
0.003040
0.003139
0.003253
0.003375
0.003490
0.003586
0.003658
0.003717
0.003783
0.003873
0.004006
0.004201
0.004468
0.004793
0.005143
0.005498
0.005858
0.006229
0.006601
0.006943
0.007216
0.007388
0.007433
0.007341
0.007127
0.006827
0.006489
0.006150
0.005824
0.005515
0.005233
0.004995
0.004801
0.004623
0.004419
0.004179
0.003935
0.003734
0.003604
0.003548
0.003558
0.003611
0.003670
0.003697
0.003679
0.003630
0.003572
0.003513
0.003449
0.003373
0.003279
0.003167
0.003043
0.002919
0.002808
0.002718
0.002651
0.002609
0.002596
0.002609
0.002638
0.002666
0.002681
0.002675
0.002652
0.002621
0.002589
0.002558
0.002525
0.002490
0.002465
0.002468
0.002502
0.002559
0.002624
0.002699
0.002797
0.002936
0.003131
0.003395
0.003737
0.004156
0.004633
0.005123
0.005564
0.005885
0.006023
0.005960
0.005731
0.005412
0.005083
0.004800
0.004596
0.004491
0.004500
0.004629
0.004877
0.005229
0.005641
0.006040
0.006332
0.006440
0.006330
0.006020
0.005568
0.005051
0.004541
0.004091
0.003728
0.003448
0.003229
0.003046
0.002891
0.002761
0.002652
0.002551
0.002451
0.002357
0.002279
0.002220
0.002171
0.002122
0.002069
0.002020
0.001982
0.001960
0.001950
0.001948
0.001951
0.001959
0.001972
0.001988
0.002014
0.002052
0.002097
0.002135
0.002154
0.002161
0.002178
0.002220
0.002288
0.002374
0.002471
0.002575
0.002681
0.002775
0.002844
0.002881
0.002884
0.002857
0.002806
0.002738
0.002667
0.002608
0.002574
0.002574
0.002613
0.002683
0.002767
0.002842
0.002895
0.002924
0.002927
0.002904
0.002863
0.002819
0.002796
0.002814
0.002883
0.003007
0.003181
0.003392
0.003618
0.003846
0.004065
0.004265
0.004426
0.004526
0.004548
0.004486
0.004345
0.004137
0.003884
0.003609
0.003328
0.003054
0.002797
0.002573
0.002391
0.002253
0.002150
0.002066
0.001989
0.001914
0.001845
0.001785
0.001732
0.001682
0.001633
0.001590
0.001558
0.001541
0.001532
0.001530
0.001531
0.001537
0.001546
0.001557
0.001567
0.001575
0.001580
0.001583
0.001585
0.001590
0.001600
0.001619
0.001641
0.001656
0.001661
0.001661
0.001669
0.001684
0.001699
0.001708
0.001716
0.001727
0.001735
0.001733
0.001726
0.001722
0.001722
0.001719
0.001713
0.001716
0.001737
0.001766
0.001795
0.001821
0.001851
0.001885
0.001915
0.001937
0.001952
0.001963
0.001970
0.001980
0.002002
0.002038
0.002078
0.002110
0.002136
0.002162
0.002193
0.002218
0.002229
0.002225
0.002206
0.002172
0.002126
0.002078
0.002034
0.001997
0.001969
0.001958
0.001968
0.001995
0.002028
0.002061
0.002101
0.002158
0.002235
0.002330
0.002440
0.002548
0.002626
0.002652
0.002626
0.002572
0.002516
0.002470
0.002440
0.002428
0.002434
0.002450
0.002468
0.002484
0.002507
0.002543
0.002591
0.002640
0.002682
0.002716
0.002751
0.002794
0.002842
0.002883
0.002909
0.002920
0.002930
0.002958
0.003020
0.003126
0.003272
0.003450
0.003646
0.003856
0.004087
0.004355
0.004686
0.005104
0.005616
0.006187
0.006726
0.007117
0.007276
0.007196
0.006952
0.006647
0.006366
0.006155
0.006019
0.005931
0.005854
0.005754
0.005627
0.005485
0.005352
0.005242
0.005169
0.005143
0.005168
0.005234
0.005325
0.005424
0.005517
0.005586
0.005626
0.005645
0.005668
0.005720
0.005812
0.005928
0.006023
0.006032
0.005897
0.005602
0.005185
0.004722
0.004286
0.003917
0.003620
0.003383
0.003190
0.003037
0.002924
0.002850
0.002805
0.002772
0.002738
0.002703
0.002673
0.002651
0.002633
0.002611
0.002587
0.002568
0.002561
0.002570
0.002601
0.002658
0.002745
0.002852
0.002967
0.003080
0.003186
0.003285
0.003368
0.003419
0.003426
0.003386
0.003312
0.003225
0.003147
0.003091
0.003055
0.003032
0.003023
0.003041
0.003097
0.003193
0.003317
0.003468
0.003655
0.003886
0.004159
0.004487
0.004911
0.005483
0.006246
0.007218
0.008409
0.009793
0.011256
0.012556
0.013381
0.013493
0.012860
0.011680
0.010279
0.008949
0.007849
0.006997
0.006348
0.005857
0.005497
0.005247
0.005083
0.004989
0.004959
0.004991
0.005085
0.005235
0.005436
0.005672
0.005920
0.006153
0.006353
0.006523
0.006695
0.006912
0.007219
0.007656
0.008255
0.009013
0.009859
0.010637
0.011154
0.011266
0.010948
0.010290
0.009449
0.008576
0.007775
0.007097
0.006552
0.006131
0.005811
0.005555
0.005325
0.005103
0.004900
0.004742
0.004645
0.004614
0.004648
0.004747
0.004918
0.005160
0.005462
0.005809
0.006184
0.006570
0.006942
0.007269
0.007513
0.007650
0.007669
0.007573
0.007382
0.007125
0.006827
0.006500
0.006146
0.005786
0.005457
0.005195
0.005020
0.004935
0.004940
0.005041
0.005235
0.005513
0.005853
0.006226
0.006587
0.006888
0.007080
0.007125
0.006997
0.006706
0.006300
0.005855
0.005435
0.005076
0.004782
0.004547
0.004364
0.004231
0.004144
0.004099
0.004088
0.004099
0.004115
0.004118
0.004097
0.004052
0.004000
0.003964
0.003968
0.004021
0.004110
0.004203
0.004280
0.004347
0.004436
0.004589
0.004832
0.005184
0.005667
0.006302
0.007082
0.007940
0.008742
0.009317
0.009526
0.009323
0.008779
0.008040
0.007262
0.006558
0.005981
0.005539
0.005210
0.004962
0.004769
0.004618
0.004502
0.004412
0.004343
0.004287
0.004238
0.004189
0.004137
0.004076
0.004007
0.003937
0.003886
0.003883
0.003949
0.004091
0.004306
0.004583
0.004891
0.005171
0.005352
0.005388
0.005288
0.005098
0.004871
0.004634
0.004395
0.004156
0.003928
0.003723
0.003554
0.003431
0.003362
0.003342
0.003359
0.003399
0.003460
0.003543
0.003641
0.003737
0.003807
0.003832
0.003803
0.003729
0.003638
0.003565
0.003529
0.003524
0.003525
0.003509
0.003463
0.003389
0.003298
0.003207
0.003132
0.003088
0.003083
0.003114
0.003179
0.003278
0.003422
0.003623
0.003885
0.004196
0.004520
0.004798
0.004967
0.004989
0.004883
0.004712
0.004539
0.004406
0.004334
0.004337
0.004426
0.004595
0.004822
0.005078
0.005337
0.005569
0.005735
0.005792
0.005706
0.005481
0.005162
0.004817
0.004499
0.004228
0.004002
0.003814
0.003659
0.003530
0.003423
0.003340
0.003283
0.003250
0.003235
0.003242
0.003276
0.003327
0.003385
0.003451
0.003544
0.003678
0.003849
0.004050
0.004286
0.004556
0.004847
0.005133
0.005400
0.005639
0.005827
0.005921
0.005886
0.005718
0.005454
0.005152
0.004873
0.004659
0.004519
0.004434
0.004388
0.004376
0.004411
0.004503
0.004642
0.004797
0.004913
0.004934
0.004826
0.004603
0.004317
0.004025
0.003765
0.003552
0.003385
0.003259
0.003169
0.003103
0.003046
0.002988
0.002922
0.002855
0.002797
0.002757
0.002739
0.002739
0.002745
0.002744
0.002729
0.002705
0.002683
0.002668
0.002662
0.002662
0.002669
0.002683
0.002705
0.002735
0.002773
0.002811
0.002840
0.002856
0.002862
0.002861
0.002856
0.002856
0.002869
0.002898
0.002933
0.002965
0.002988
0.003002
0.003009
0.003006
0.002999
0.002996
0.002998
0.003002
0.003007
0.003022
0.003048
0.003081
0.003110
0.003128
0.003137
0.003145
0.003165
0.003208
0.003276
0.003367
0.003486
0.003633
0.003796
0.003943
0.004039
0.004065
0.004023
0.003927
0.003799
0.003665
0.003545
0.003451
0.003387
0.003351
0.003334
0.003324
0.003313
0.003298
0.003274
0.003232
0.003175
0.003124
0.003094
0.003080
0.003064
0.003041
0.003023
0.003021
0.003030
0.003040
0.003050
0.003062
0.003071
0.003071
0.003064
0.003054
0.003043
0.003028
0.003011
0.002999
0.002996
0.003007
0.003026
0.003045
0.003052
0.003047
0.003038
0.003033
0.003033
0.003035
0.003043
0.003061
0.003083
0.003101
0.003110
0.003116
0.003121
0.003121
0.003107
0.003080
0.003054
0.003041
0.003045
0.003057
0.003066
0.003071
0.003077
0.003086
0.003088
0.003074
0.003051
0.003039
0.003051
0.003083
0.003128
0.003182
0.003250
0.003331
0.003412
0.003482
0.003536
0.003576
0.003599
0.003601
0.003578
0.003537
0.003489
0.003445
0.003410
0.003394
0.003404
0.003439
0.003484
0.003516
0.003524
0.003507
0.003470
0.003422
0.003372
0.003329
0.003300
0.003284
0.003278
0.003280
0.003287
0.003294
0.003294
0.003289
0.003284
0.003286
0.003290
0.003286
0.003273
0.003258
0.003255
0.003271
0.003300
0.003334
0.003369
0.003400
0.003426
0.003452
0.003481
0.003513
0.003536
0.003539
0.003527
0.003522
0.003542
0.003593
0.003664
0.003748
0.003841
0.003950
0.004081
0.004236
0.004401
0.004546
0.004643
0.004684
0.004686
0.004682
0.004699
0.004757
0.004866
0.005037
0.005270
0.005554
0.005856
0.006128
0.006321
0.006402
0.006367
0.006235
0.006043
0.005826
0.005611
0.005421
0.005275
0.005197
0.005201
0.005291
0.005465
0.005725
0.006081
0.006537
0.007088
0.007709
0.008354
0.008957
0.009444
0.009757
0.009869
0.009786
0.009540
0.009182
0.008778
0.008401
0.008109
0.007927
0.007844
0.007822
0.007818
0.007786
0.007686
0.007492
0.007199
0.006824
0.006400
0.005968
0.005570
0.005235
0.004970
0.004757
0.004578
0.004427
0.004303
0.004206
0.004130
0.004078
0.004044
0.004014
0.003970
0.003906
0.003839
0.003784
0.003742
0.003700
0.003650
0.003599
0.003561
0.003541
0.003537
0.003544
0.003560
0.003583
0.003611
0.003642
0.003682
0.003744
0.003835
0.003953
0.004088
0.004220
0.004328
0.004384
0.004372
0.004301
0.004196
0.004087
0.003993
0.003921
0.003871
0.003835
0.003803
0.003767
0.003730
0.003691
0.003646
0.003593
0.003544
0.003517
0.003524
0.003560
0.003606
0.003647
0.003675
0.003699
0.003736
0.003799
0.003881
0.003966
0.004049
0.004136
0.004225
0.004299
0.004340
0.004345
0.004327
0.004308
0.004304
0.004321
0.004354
0.004392
0.004433
0.004480
0.004534
0.004582
0.004606
0.004596
0.004559
0.004512
0.004478
0.004476
0.004516
0.004582
0.004653
0.004705
0.004730
0.004724
0.004685
0.004623
0.004554
0.004493
0.004452
0.004435
0.004450
0.004493
0.004551
0.004601
0.004631
0.004634
0.004610
0.004567
0.004515
0.004464
0.004421
0.004388
0.004366
0.004351
0.004338
0.004327
0.004319
0.004317
0.004319
0.004324
0.004333
0.004347
0.004366
0.004384
0.004400
0.004416
0.004437
0.004464
0.004496
0.004530
0.004566
0.004606
0.004651
0.004700
0.004745
0.004781
0.004807
0.004829
0.004850
0.004865
0.004868
0.004856
0.004833
0.004811
0.004800
0.004799
0.004805
0.004814
0.004831
0.004859
0.004893
0.004924
0.004953
0.004988
0.005031
0.005073
0.005107
0.005127
0.005133
0.005126
0.005108
0.005083
0.005057
0.005034
0.005016
0.005004
0.004998
0.004994
0.004993
0.004997
0.005009
0.005025
0.005039
0.005044
0.005043
0.005039
0.005033
0.005023
0.005005
0.004985
0.004971
0.004963
0.004954
0.004943
0.004937
0.004943
0.004960
0.004979
0.004997
0.005021
0.005053
0.005085
0.005108
0.005120
0.005122
0.005115
0.005103
0.005092
0.005078
0.005055
0.005024
0.004995
0.004977
0.004969
0.004966
0.004968
0.004973
0.004974
0.004957
0.004925
0.004886
0.004849
0.004814
0.004780
0.004749
0.004727
0.004711
0.004699
0.004687
0.004678
0.004677
0.004687
0.004703
0.004715
0.004719
0.004725
0.004744
0.004776
0.004810
0.004842
0.004871
0.004894
0.004900
0.004881
0.004846
0.004809
0.004778
0.004758
0.004752
0.004756
0.004761
0.004757
0.004745
0.004735
0.004723
0.004699
0.004656
0.004601
0.004547
0.004502
0.004470
0.004450
0.004435
0.004414
0.004383
0.004351
0.004332
0.004327
0.004330
0.004337
0.004356
0.004394
0.004448
0.004501
0.004543
0.004573
0.004589
0.004586
0.004563
0.004527
0.004498
0.004488
0.004495
0.004506
0.004508
0.004501
0.004489
0.004477
0.004461
0.004438
0.004412
0.004394
0.004388
0.004386
0.004379
0.004363
0.004339
0.004304
0.004259
0.004209
0.004167
0.004139
0.004120
0.004103
0.004086
0.004073
0.004070
0.004079
0.004102
0.004139
0.004185
0.004231
0.004269
0.004293
0.004298
0.004282
0.004242
0.004179
0.004096
0.004006
0.003923
0.003855
0.003802
0.003762
0.003737
0.003724
0.003722
0.003732
0.003758
0.003802
0.003852
0.003900
0.003946
0.004005
0.004090
0.004206
0.004356
0.004537
0.004727
0.004890
0.004986
0.004998
0.004938
0.004837
0.004736
0.004666
0.004642
0.004663
0.004710
0.004758
0.004798
0.004835
0.004887
0.004965
0.005074
0.005224
0.005427
0.005707
0.006079
0.006547
0.007082
0.007610
0.008015
0.008183
0.008059
0.007672
0.007124
0.006535
0.005993
0.005536
0.005160
0.004848
0.004587
0.004373
0.004199
0.004057
0.003944
0.003856
0.003791
0.003744
0.003715
0.003702
0.003697
0.003691
0.003682
0.003673
0.003662
0.003640
0.003596
0.003536
0.003470
0.003409
0.003353
0.003304
0.003256
0.003206
0.003153
0.003101
0.003051
0.003001
0.002948
0.002902
0.002876
0.002871
0.002875
0.002874
0.002866
0.002857
0.002849
0.002842
0.002830
0.002808
0.002781
0.002755
0.002738
0.002734
0.002737
0.002743
0.002747
0.002752
0.002754
0.002746
0.002724
0.002697
0.002679
0.002677
0.002685
0.002694
0.002702
0.002709
0.002711
0.002706
0.002700
0.002702
0.002711
0.002720
0.002730
0.002744
0.002762
0.002775
0.002778
0.002776
0.002773
0.002762
0.002738
0.002706
0.002677
0.002654
0.002635
0.002617
0.002603
0.002594
0.002588
0.002581
0.002572
0.002564
0.002554
0.002539
0.002522
0.002509
0.002503
0.002503
0.002505
0.002507
0.002514
0.002526
0.002537
0.002540
0.002535
0.002529
0.002532
0.002547
0.002574
0.002611
0.002651
0.002685
0.002704
0.002708
0.002706
0.002705
0.002705
0.002700
0.002685
0.002660
0.002638
0.002629
0.002638
0.002654
0.002665
0.002668
0.002665
0.002661
0.002656
0.002655
0.002662
0.002673
0.002681
0.002683
0.002680
0.002678
0.002678
0.002682
0.002692
0.002713
0.002748
0.002791
0.002829
0.002854
0.002872
0.002891
0.002910
0.002909
0.002883
0.002848
0.002826
0.002817
0.002803
0.002776
0.002747
0.002730
0.002724
0.002722
0.002721
0.002727
0.002744
0.002771
0.002808
0.002845
0.002874
0.002891
0.002898
0.002902
0.002899
0.002891
0.002887
0.002894
0.002903
0.002898
0.002875
0.002842
0.002814
0.002794
0.002782
0.002772
0.002760
0.002746
0.002737
0.002739
0.002752
0.002767
0.002780
0.002791
0.002801
0.002806
0.002803
0.002797
0.002802
0.002833
0.002890
0.002956
0.003007
0.003025
0.003017
0.003000
0.002988
0.002988
0.003002
0.003025
0.003047
0.003059
0.003059
0.003053
0.003045
0.003033
0.003022
0.003024
0.003048
0.003100
0.003176
0.003271
0.003381
0.003504
0.003641
0.003787
0.003922
0.004009
0.004017
0.003946
0.003821
0.003678
0.003544
0.003432
0.003341
0.003267
0.003203
0.003147
0.003095
0.003044
0.002999
0.002967
0.002949
0.002938
0.002931
0.002932
0.002944
0.002962
0.002976
0.002988
0.003003
0.003026
0.003049
0.003065
0.003072
0.003073
0.003076
0.003089
0.003114
0.003146
0.003176
0.003202
0.003226
0.003255
0.003288
0.003327
0.003367
0.003401
0.003423
0.003433
0.003439
0.003443
0.003442
0.003438
0.003441
0.003459
0.003488
0.003519
0.003560
0.003623
0.003717
0.003840
0.003992
0.004170
0.004353
0.004496
0.004550
0.004499
0.004365
0.004192
0.004020
0.003871
0.003752
0.003662
0.003592
0.003529
0.003465
0.003397
0.003333
0.003279
0.003238
0.003208
0.003186
0.003170
0.003165
0.003176
0.003199
0.003220
0.003223
0.003204
0.003171
0.003136
0.003102
0.003066
0.003029
0.002994
0.002968
0.002954
0.002954
0.002970
0.002998
0.003032
0.003064
0.003093
0.003125
0.003161
0.003199
0.003235
0.003265
0.003288
0.003304
0.003315
0.003321
0.003323
0.003320
0.003312
0.003298
0.003278
0.003257
0.003242
0.003237
0.003244
0.003257
0.003274
0.003294
0.003314
0.003330
0.003347
0.003369
0.003396
0.003419
0.003432
0.003440
0.003451
0.003470
0.003494
0.003518
0.003544
0.003570
0.003596
0.003620
0.003643
0.003671
0.003704
0.003736
0.003761
0.003775
0.003781
0.003784
0.003790
0.003799
0.003810
0.003820
0.003833
0.003860
0.003911
0.003988
0.004083
0.004181
0.004261
0.004313
0.004333
0.004329
0.004308
0.004277
0.004240
0.004205
0.004186
0.004188
0.004207
0.004228
0.004240
0.004239
0.004231
0.004223
0.004217
0.004208
0.004188
0.004157
0.004121
0.004094
0.004082
0.004086
0.004096
0.004107
0.004118
0.004134
0.004159
0.004190
0.004223
0.004256
0.004292
0.004340
0.004400
0.004462
0.004511
0.004539
0.004547
0.004537
0.004513
0.004482
0.004454
0.004434
0.004423
0.004415
0.004407
0.004397
0.004386
0.004374
0.004367
0.004372
0.004390
0.004411
0.004424
0.004428
0.004436
0.004460
0.004505
0.004574
0.004661
0.004756
0.004844
0.004919
0.004979
0.005023
0.005048
0.005055
0.005052
0.005047
0.005041
0.005029
0.005011
0.004993
0.004984
0.004990
0.005014
0.005061
0.005133
0.005228
0.005339
0.005457
0.005564
0.005645
0.005688
0.005694
0.005669
0.005617
0.005551
0.005489
0.005442
0.005411
0.005394
0.005392
0.005416
0.005467
0.005529
0.005585
0.005625
0.005651
0.005666
0.005675
0.005680
0.005683
0.005683
0.005684
0.005690
0.005708
0.005738
0.005773
0.005813
0.005860
0.005915
0.005969
0.006017
0.006060
0.006104
0.006144
0.006170
0.006181
0.006186
0.006201
0.006237
0.006293
0.006367
0.006450
0.006532
0.006606
0.006675
0.006746
0.006815
0.006872
0.006917
0.006960
0.007012
0.007070
0.007130
0.007197
0.007281
0.007379
0.007473
0.007553
0.007622
0.007692
0.007766
0.007840
0.007920
0.008014
0.008125
0.008246
0.008368
0.008487
0.008605
0.008723
0.008838
0.008951
0.009061
0.009173
0.009295
0.009431
0.009578
0.009727
0.009871
0.010012
0.010155
0.010306
0.010465
0.010628
0.010793
0.010966
0.011153
0.011353
0.011551
0.011733
0.011898
0.012065
0.012252
0.012469
0.012709
0.012960
0.013213
0.013466
0.013718
0.013966
0.014211
0.014455
0.014707
0.014974
0.015256
0.015550
0.015856
0.016180
0.016523
0.016877
0.017232
0.017591
0.017967
0.018374
0.018814
0.019276
0.019753
0.020245
0.020751
0.021264
0.021776
0.022285
0.022799
0.023325
0.023868
0.024430
0.025020
0.025644
0.026304
0.026996
0.027716
0.028464
0.029242
0.030050
0.030890
0.031757
0.032650
0.033572
0.034533
0.035541
0.036595
0.037690
0.038818
0.039977
0.041169
0.042398
0.043667
0.044978
0.046321
0.047682
0.049048
0.050405
0.051742
0.053049
0.054324
0.055569
0.056789
0.057984
0.059156
0.060301
0.061411
0.062478
0.063491
0.064449
0.065342
0.066153
0.066865
0.067467
0.067955
0.068324
0.068569
0.068690
0.068692
0.068578
0.068345
0.067990
0.067516
0.066936
0.066256
0.065481
0.064616
0.063672
0.062659
0.061589
0.060472
0.059317
0.058132
0.056923
0.055700
0.054474
0.053253
0.052044
0.050851
0.049670
0.048485
0.047274
0.046022
0.044734
0.043429
0.042132
0.040864
0.039643
0.038477
0.037367
0.036303
0.035280
0.034298
0.033359
0.032461
0.031599
0.030772
0.029980
0.029222
0.028490
0.027780
0.027096
0.026447
0.025835
0.025251
0.024687
0.024138
0.023606
0.023091
0.022592
0.022110
0.021647
0.021206
0.020788
0.020393
0.020019
0.019663
0.019322
0.018993
0.018683
0.018392
0.018117
0.017843
0.017559
0.017260
0.016947
0.016620
0.016282
0.015938
0.015605
0.015298
0.015024
0.014781
0.014564
0.014368
0.014184
0.014003
0.013822
0.013648
0.013490
0.013349
0.013217
0.013079
0.012931
0.012780
0.012637
0.012507
0.012387
0.012276
0.012168
0.012059
0.011945
0.011831
0.011727
0.011641
0.011570
0.011500
0.011423
0.011339
0.011248
0.011145
0.011031
0.010914
0.010811
0.010730
0.010667
0.010609
0.010542
0.010461
0.010372
0.010286
0.010211
0.010150
0.010100
0.010057
0.010016
0.009976
0.009934
0.009887
0.009832
0.009775
0.009721
0.009680
0.009651
0.009628
0.009608
0.009588
0.009568
0.009547
0.009530
0.009524
0.009523
0.009517
0.009501
0.009478
0.009461
0.009450
0.009446
0.009445
0.009448
0.009458
0.009475
0.009499
0.009525
0.009545
0.009553
0.009557
0.009565
0.009573
0.009576
0.009574
0.009576
0.009591
0.009618
0.009646
0.009664
0.009659
0.009622
0.009559
0.009486
0.009414
0.009342
0.009268
0.009200
0.009151
0.009124
0.009109
0.009097
0.009087
0.009078
0.009068
0.009054
0.009036
0.009018
0.008999
0.008982
0.008969
0.008968
0.008978
0.008991
0.009000
0.009007
0.009022
0.009052
0.009089
0.009124
0.009155
0.009186
0.009222
0.009262
0.009306
0.009360
0.009429
0.009505
0.009575
0.009633
0.009678
0.009712
0.009727
0.009718
0.009684
0.009635
0.009584
0.009544
0.009521
0.009514
0.009517
0.009523
0.009527
0.009524
0.009516
0.009511
0.009518
0.009536
0.009556
0.009572
0.009587
0.009605
0.009628
0.009649
0.009666
0.009681
0.009696
0.009712
0.009731
0.009760
0.009800
0.009844
0.009883
0.009913
0.009944
0.009983
0.010032
0.010087
0.010144
0.010201
0.010259
0.010314
0.010364
0.010405
0.010439
0.010467
0.010493
0.010521
0.010553
0.010591
0.010630
0.010665
0.010694
0.010718
0.010739
0.010756
0.010772
0.010788
0.010804
0.010820
0.010833
0.010846
0.010864
0.010888
0.010916
0.010942
0.010962
0.010977
0.010986
0.010994
0.011006
0.011024
0.011052
0.011088
0.011128
0.011167
0.011201
0.011234
0.011268
0.011309
0.011357
0.011410
0.011463
0.011508
0.011544
0.011579
0.011620
0.011673
0.011735
0.011799
0.011861
0.011923
0.011984
0.012045
0.012101
0.012151
0.012200
0.012257
0.012329
0.012418
0.012527
0.012665
0.012839
0.013054
0.013310
0.013602
0.013900
0.014148
0.014277
0.014260
0.014123
0.013930
0.013739
0.013576
0.013449
0.013356
0.013288
0.013237
0.013198
0.013176
0.013174
0.013192
0.013229
0.013284
0.013352
0.013424
0.013492
0.013558
0.013622
0.013683
0.013736
0.013780
0.013823
0.013872
0.013931
0.014001
0.014085
0.014187
0.014309
0.014456
0.014635
0.014846
0.015080
0.015330
0.015594
0.015861
0.016095
0.016243
0.016266
0.016172
0.016009
0.015834
0.015682
0.015566
0.015485
0.015434
0.015405
0.015390
0.015390
0.015409
0.015451
0.015510
0.015570
0.015623
0.015671
0.015720
0.015774
0.015828
0.015882
0.015942
0.016012
0.016088
0.016160
0.016227
0.016295
0.016364
0.016432
0.016495
0.016558
0.016624
0.016685
0.016737
0.016785
0.016843
0.016915
0.016995
0.017076
0.017158
0.017243
0.017333
0.017431
0.017539
0.017654
0.017761
0.017850
0.017916
0.017969
0.018028
0.018107
0.018209
0.018321
0.018428
0.018521
0.018605
0.018689
0.018781
0.018884
0.018999
0.019121
0.019244
0.019364
0.019475
0.019571
0.019646
0.019702
0.019753
0.019810
0.019872
0.019937
0.020002
0.020071
0.020144
0.020220
0.020301
0.020391
0.020485
0.020575
0.020660
0.020745
0.020831
0.020917
0.021004
0.021103
0.021224
0.021367
0.021518
0.021665
0.021804
0.021937
0.022069
0.022202
0.022331
0.022457
0.022582
0.022713
0.022851
0.022986
0.023116
0.023244
0.023373
0.023498
0.023608
0.023700
0.023782
0.023866
0.023957
0.024055
0.024159
0.024270
0.024393
0.024529
0.024676
0.024827
0.024982
0.025143
0.025313
0.025494
0.025677
0.025852
0.026009
0.026147
0.026267
0.026377
0.026485
0.026596
0.026717
0.026846
0.026975
0.027097
0.027213
0.027330
0.027460
0.027604
0.027758
0.027913
0.028060
0.028200
0.028339
0.028481
0.028626
0.028778
0.028944
0.029131
0.029334
0.029530
0.029699
0.029847
0.029993
0.030146
0.030297
0.030437
0.030572
0.030709
0.030851
0.030990
0.031126
0.031268
0.031427
0.031606
0.031804
0.032015
0.032234
0.032450
0.032654
0.032844
0.033026
0.033208
0.033395
0.033588
0.033787
0.033991
0.034199
0.034408
0.034612
0.034813
0.035011
0.035211
0.035409
0.035601
0.035787
0.035970
0.036153
0.036339
0.036533
0.036742
0.036966
0.037195
0.037423
0.037657
0.037908
0.038176
0.038448
0.038710
0.038962
0.039210
0.039453
0.039682
0.039891
0.040090
0.040298
0.040532
0.040792
0.041065
0.041337
0.041608
0.041883
0.042168
0.042461
0.042761
0.043070
0.043384
0.043692
0.043986
0.044277
0.044583
0.044907
0.045236
0.045551
0.045847
0.046126
0.046395
0.046666
0.046954
0.047263
0.047587
0.047915
0.048250
0.048598
0.048961
0.049334
0.049716
0.050109
0.050511
0.050918
0.051329
0.051749
0.052175
0.052596
0.053006
0.053401
0.053783
0.054150
0.054505
0.054858
0.055219
0.055585
0.055948
0.056303
0.056646
0.056975
0.057293
0.057609
0.057934
0.058267
0.058597
0.058915
0.059224
0.059536
0.059854
0.060174
0.060487
0.060792
0.061099
0.061422
0.061763
0.062112
0.062459
0.062804
0.063156
0.063525
0.063906
0.064288
0.064665
0.065041
0.065427
0.065825
0.066231
0.066641
0.067061
0.067499
0.067951
0.068412
0.068875
0.069340
0.069803
0.070259
0.070710
0.071166
0.071633
0.072106
0.072579
0.073057
0.073549
0.074056
0.074569
0.075085
0.075608
0.076143
0.076691
0.077249
0.077815
0.078388
0.078966
0.079546
0.080124
0.080698
0.081272
0.081857
0.082461
0.083081
0.083711
0.084352
0.085006
0.085670
0.086337
0.087007
0.087697
0.088416
0.089160
0.089923
0.090706
0.091522
0.092381
0.093288
0.094240
0.095226
0.096229
0.097229
0.098211
0.099167
0.100078
0.100922
0.101680
0.102352
0.102951
0.103500
0.104026
0.104552
0.105095
0.105658
0.106241
0.106848
0.107488
0.108164
0.108876
0.109619
0.110386
0.111173
0.111982
0.112816
0.113682
0.114581
0.115508
0.116456
0.117420
0.118399
0.119399
0.120423
0.121482
0.122585
0.123738
0.124941
0.126184
0.127454
0.128727
0.129973
0.131159
0.132259
0.133264
0.134179
0.135022
0.135822
0.136610
0.137407
0.138223
0.139065
0.139942
0.140864
0.141833
0.142840
0.143867
0.144902
0.145948
0.147015
0.148109
0.149227
0.150359
0.151498
0.152646
0.153810
0.154990
0.156179
0.157366
0.158544
0.159718
0.160901
0.162104
0.163327
0.164560
0.165793
0.167033
0.168286
0.169551
0.170817
0.172086
0.173374
0.174698
0.176052
0.177408
0.178736
0.180022
0.181264
0.182480
0.183693
0.184923
0.186175
0.187438
0.188698
0.189942
0.191167
0.192374
0.193565
0.194751
0.195942
0.197146
0.198361
0.199580
0.200801
0.202025
0.203252
0.204473
0.205681
0.206874
0.208064
0.209264
0.210479
0.211703
0.212923
0.214135
0.215333
0.216515
0.217679
0.218827
0.219963
0.221088
0.222202
0.223314
0.224430
0.225555
0.226683
0.227807
0.228919
0.230010
0.231069
0.232087
0.233059
0.233987
0.234883
0.235760
0.236623
0.237462
0.238255
0.238987
0.239659
0.240289
0.240896
0.241490
0.242071
0.242636
0.243186
0.243718
0.244230
0.244718
0.245184
0.245630
0.246058
0.246469
0.246864
0.247237
0.247580
0.247888
0.248160
0.248399
0.248604
0.248774
0.248910
0.249018
0.249101
0.249158
0.249184
0.249179
0.249146
0.249087
0.248999
0.248881
0.248738
0.248580
0.248412
0.248227
0.248016
0.247773
0.247500
0.247200
0.246874
0.246519
0.246128
0.245693
0.245207
0.244667
0.244079
0.243456
0.242805
0.242130
0.241428
0.240704
0.239967
0.239221
0.238459
0.237671
0.236848
0.235994
0.235121
0.234238
0.233352
0.232468
0.231589
0.230720
0.229866
0.229029
0.228214
0.227423
0.226652
0.225885
0.225087
0.224205
0.223191
0.222025
0.220740
0.219402
0.218070
0.216765
0.215481
0.214205
0.212934
0.211674
0.210426
0.209182
0.207932
0.206674
0.205412
0.204153
0.202894
0.201622
0.200332
0.199028
0.197727
0.196434
0.195150
0.193873
0.192602
0.191338
0.190078
0.188826
0.187593
0.186385
0.185195
0.184013
0.182837
0.181679
0.180546
0.179442
0.178366
0.177317
0.176297
0.175288
0.174251
0.173133
0.171895
0.170544
0.169121
0.167677
0.166246
0.164843
0.163469
0.162129
0.160816
0.159530
0.158276
0.157064
0.155893
0.154744
0.153600
0.152457
0.151321
0.150191
0.149054
0.147904
0.146742
0.145576
0.144412
0.143261
0.142135
0.141042
0.139983
0.138953
0.137950
0.136975
0.136028
0.135107
0.134208
0.133334
0.132485
0.131651
0.130801
0.129893
0.128891
0.127785
0.126598
0.125376
0.124172
0.123023
0.121937
0.120901
0.119902
0.118936
0.118001
0.117086
0.116179
0.115278
0.114396
0.113540
0.112709
0.111899
0.111109
0.110333
0.109555
0.108757
0.107933
0.107083
0.106213
0.105328
0.104435
0.103544
0.102661
0.101790
0.100939
0.100119
0.099338
0.098590
0.097867
0.097169
0.096510
0.095899
0.095332
0.094791
0.094255
0.093713
0.093167
0.092620
0.092073
0.091536
0.091034
0.090590
0.090216
0.089903
0.089629
0.089358
0.089041
0.088624
0.088064
0.087345
0.086486
0.085529
0.084531
0.083542
0.082596
0.081709
0.080885
0.080125
0.079420
0.078758
0.078133
0.077544
0.076992
0.076467
0.075956
0.075449
0.074954
0.074486
0.074059
0.073687
0.073376
0.073133
0.072958
0.072838
0.072748
0.072655
0.072527
0.072330
0.072023
0.071569
0.070962
0.070236
0.069450
0.068658
0.067896
0.067176
0.066492
0.065838
0.065213
0.064629
0.064088
0.063579
0.063096
0.062640
0.062220
0.061831
0.061458
0.061094
0.060746
0.060423
0.060119
0.059813
0.059491
0.059154
0.058812
0.058476
0.058145
0.057813
0.057479
0.057146
0.056811
0.056466
0.056100
0.055718
0.055334
0.054955
0.054582
0.054212
0.053844
0.053472
0.053086
0.052683
0.052272
0.051862
0.051456
0.051056
0.050669
0.050302
0.049946
0.049595
0.049249
0.048916
0.048589
0.048256
0.047910
0.047560
0.047215
0.046875
0.046539
0.046219
0.045922
0.045645
0.045377
0.045112
0.044853
0.044598
0.044341
0.044071
0.043788
0.043498
0.043207
0.042916
0.042621
0.042324
0.042025
0.041726
0.041424
0.041120
0.040818
0.040525
0.040247
0.039984
0.039729
0.039478
0.039230
0.038983
0.038736
0.038491
0.038253
0.038032
0.037835
0.037666
0.037514
0.037366
0.037207
0.037032
0.036838
0.036628
0.036401
0.036161
0.035915
0.035672
0.035441
0.035222
0.035013
0.034813
0.034623
0.034443
0.034265
0.034081
0.033884
0.033676
0.033458
0.033231
0.033005
0.032795
0.032612
0.032448
0.032292
0.032140
0.031990
0.031833
0.031666
0.031498
0.031344
0.031203
0.031061
0.030912
0.030763
0.030625
0.030494
0.030365
0.030238
0.030118
0.030007
0.029907
0.029818
0.029742
0.029671
0.029600
0.029526
0.029446
0.029360
0.029280
0.029225
0.029207
0.029229
0.029294
0.029407
0.029566
0.029777
0.030064
0.030472
0.031035
0.031772
0.032700
0.033826
0.035081
0.036300
0.037300
0.038014
0.038544
0.039111
0.039934
0.041099
0.042433
0.043509
0.043856
0.043274
0.041978
0.040437
0.039071
0.038046
0.037275
0.036524
0.035561
0.034289
0.032794
0.031271
0.029885
0.028699
0.027706
0.026886
0.026209
0.025640
0.025142
0.024704
0.024328
0.024016
0.023760
0.023551
0.023372
0.023203
0.023034
0.022867
0.022707
0.022547
0.022376
0.022198
0.022028
0.021876
0.021741
0.021617
0.021500
0.021390
0.021287
0.021192
0.021100
0.021005
0.020902
0.020797
0.020691
0.020580
0.020462
0.020343
0.020229
0.020122
0.020019
0.019918
0.019821
0.019726
0.019630
0.019537
0.019452
0.019373
0.019296
0.019222
0.019156
0.019099
0.019042
0.018976
0.018897
0.018808
0.018710
0.018604
0.018491
0.018373
0.018249
0.018114
0.017965
0.017811
0.017668
0.017550
0.017455
0.017367
0.017278
0.017188
0.017100
0.017015
0.016931
0.016852
0.016780
0.016714
0.016650
0.016585
0.016517
0.016443
0.016360
0.016276
0.016196
0.016116
0.016030
0.015939
0.015853
0.015774
0.015700
0.015630
0.015566
0.015507
0.015451
0.015400
0.015360
0.015331
0.015307
0.015282
0.015252
0.015212
0.015155
0.015083
0.015005
0.014930
0.014855
0.014775
0.014692
0.014609
0.014528
0.014450
0.014376
0.014309
0.014247
0.014184
0.014120
0.014059
0.014005
0.013958
0.013918
0.013889
0.013870
0.013854
0.013837
0.013816
0.013789
0.013754
0.013705
0.013643
0.013572
0.013504
0.013445
0.013392
0.013340
0.013287
0.013239
0.013200
0.013169
0.013139
0.013114
0.013098
0.013092
0.013089
0.013085
0.013083
0.013090
0.013111
0.013139
0.013165
0.013175
0.013160
0.013114
0.013039
0.012937
0.012814
0.012685
0.012569
0.012476
0.012400
0.012331
0.012263
0.012195
0.012131
0.012072
0.012020
0.011972
0.011923
0.011871
0.011817
0.011765
0.011716
0.011671
0.011631
0.011598
0.011574
0.011555
0.011538
0.011517
0.011494
0.011468
0.011442
0.011413
0.011376
0.011331
0.011282
0.011238
0.011206
0.011185
0.011173
0.011167
0.011157
0.011140
0.011124
0.011120
0.011138
0.011172
0.011212
0.011255
0.011305
0.011364
0.011425
0.011477
0.011512
0.011525
0.011514
0.011478
0.011419
0.011340
0.011242
0.011132
0.011019
0.010915
0.010821
0.010735
0.010650
0.010570
0.010506
0.010470
0.010457
0.010451
0.010436
0.010407
0.010363
0.010310
0.010257
0.010213
0.010182
0.010153
0.010112
0.010057
0.009997
0.009948
0.009914
0.009892
0.009875
0.009859
0.009839
0.009810
0.009770
0.009719
0.009660
0.009598
0.009542
0.009499
0.009470
0.009451
0.009436
0.009427
0.009426
0.009431
0.009434
0.009421
0.009386
0.009332
0.009271
0.009215
0.009167
0.009122
0.009078
0.009032
0.008987
0.008947
0.008911
0.008875
0.008833
0.008781
0.008728
0.008685
0.008659
0.008643
0.008627
0.008606
0.008584
0.008563
0.008545
0.008531
0.008517
0.008499
0.008471
0.008433
0.008392
0.008352
0.008314
0.008278
0.008248
0.008229
0.008220
0.008215
0.008207
0.008193
0.008172
0.008144
0.008106
0.008064
0.008022
0.007986
0.007962
0.007953
0.007958
0.007973
0.007990
0.008003
0.008009
0.008005
0.007990
0.007968
0.007943
0.007922
0.007908
0.007899
0.007897
0.007908
0.007932
0.007966
0.007999
0.008019
0.008017
0.007995
0.007961
0.007919
0.007871
0.007819
0.007770
0.007737
0.007723
0.007723
0.007734
0.007750
0.007762
0.007758
0.007734
0.007699
0.007665
0.007633
0.007595
0.007549
0.007501
0.007461
0.007431
0.007407
0.007385
0.007361
0.007339
0.007329
0.007335
0.007347
0.007350
0.007339
0.007324
0.007314
0.007313
0.007317
0.007325
0.007327
0.007313
0.007280
0.007238
0.007204
0.007183
0.007174
0.007177
0.007190
0.007203
0.007202
0.007186
0.007167
0.007162
0.007167
0.007171
0.007168
0.007161
0.007149
0.007128
0.007100
0.007073
0.007054
0.007040
0.007022
0.007001
0.006984
0.006975
0.006970
0.006966
0.006958
0.006945
0.006922
0.006888
0.006847
0.006803
0.006760
0.006722
0.006694
0.006680
0.006681
0.006693
0.006712
0.006736
0.006765
0.006801
0.006845
0.006895
0.006942
0.006975
0.006990
0.006986
0.006970
0.006953
0.006944
0.006943
0.006937
0.006915
0.006876
0.006831
0.006791
0.006762
0.006741
0.006727
0.006718
0.006712
0.006713
0.006723
0.006737
0.006745
0.006736
0.006715
0.006695
0.006685
0.006684
0.006690
0.006703
0.006719
0.006727
0.006719
0.006703
0.006690
0.006684
0.006673
0.006646
0.006601
0.006547
0.006498
0.006464
0.006449
0.006447
0.006446
0.006436
0.006420
0.006409
0.006404
0.006401
0.006394
0.006381
0.006363
0.006344
0.006327
0.006319
0.006321
0.006330
0.006341
0.006357
0.006385
0.006425
0.006475
0.006532
0.006594
0.006663
0.006741
0.006828
0.006915
0.006986
0.007028
0.007037
0.007014
0.006962
0.006892
0.006816
0.006740
0.006666
0.006591
0.006518
0.006453
0.006396
0.006351
0.006323
0.006315
0.006321
0.006330
0.006333
0.006324
0.006295
0.006242
0.006168
0.006084
0.006001
0.005922
0.005852
0.005797
0.005761
0.005738
0.005724
0.005716
0.005714
0.005719
0.005728
0.005743
0.005759
0.005767
0.005761
0.005744
0.005721
0.005690
0.005650
0.005603
0.005556
0.005510
0.005464
0.005414
0.005364
0.005318
0.005276
0.005236
0.005201
0.005176
0.005167
0.005171
0.005185
0.005201
0.005217
0.005227
0.005229
0.005222
0.005207
0.005184
0.005158
0.005138
0.005130
0.005126
0.005115
0.005093
0.005071
0.005057
0.005045
0.005028
0.005011
0.005011
0.005031
0.005062
0.005094
0.005129
0.005170
0.005202
0.005211
0.005196
0.005174
0.005161
0.005158
0.005161
0.005161
0.005151
0.005129
0.005100
0.005075
0.005065
0.005067
0.005072
0.005070
0.005057
0.005035
0.005011
0.004992
0.004982
0.004981
0.004992
0.005011
0.005034
0.005057
0.005082
0.005111
0.005141
0.005173
0.005210
0.005251
0.005292
0.005325
0.005352
0.005380
0.005412
0.005449
0.005496
0.005552
0.005613
0.005673
0.005733
0.005799
0.005868
0.005928
0.005974
0.006014
0.006058
0.006102
0.006143
0.006186
0.006242
0.006311
0.006388
0.006469
0.006559
0.006657
0.006753
0.006831
0.006880
0.006890
0.006861
0.006800
0.006722
0.006634
0.006536
0.006424
0.006300
0.006170
0.006036
0.005899
0.005760
0.005624
0.005497
0.005381
0.005274
0.005174
0.005082
0.005002
0.004937
0.004890
0.004858
0.004831
0.004796
0.004748
0.004693
0.004645
0.004611
0.004587
0.004562
0.004535
0.004514
0.004504
0.004503
0.004505
0.004504
0.004506
0.004519
0.004543
0.004568
0.004582
0.004579
0.004560
0.004526
0.004487
0.004452
0.004429
0.004411
0.004389
0.004356
0.004318
0.004276
0.004229
0.004174
0.004114
0.004055
0.004006
0.003973
0.003960
0.003960
0.003958
0.003947
0.003935
0.003921
0.003896
0.003854
0.003805
0.003770
0.003755
0.003748
0.003744
0.003743
0.003753
0.003774
0.003803
0.003833
0.003856
0.003868
0.003874
0.003885
0.003900
0.003910
0.003907
0.003889
0.003856
0.003808
0.003751
0.003702
0.003672
0.003658
0.003651
0.003646
0.003641
0.003631
0.003614
0.003593
0.003576
0.003568
0.003564
0.003566
0.003579
0.003600
0.003620
0.003633
0.003637
0.003637
0.003633
0.003624
0.003613
0.003604
0.003596
0.003588
0.003582
0.003582
0.003589
0.003603
0.003624
0.003651
0.003684
0.003719
0.003749
0.003766
0.003770
0.003764
0.003753
0.003736
0.003711
0.003684
0.003660
0.003647
0.003646
0.003656
0.003675
0.003697
0.003719
0.003742
0.003768
0.003799
0.003823
0.003835
0.003837
0.003835
0.003828
0.003813
0.003796
0.003792
0.003814
0.003855
0.003899
0.003939
0.003979
0.004018
0.004048
0.004066
0.004077
0.004089
0.004104
0.004118
0.004129
0.004139
0.004150
0.004168
0.004195
0.004229
0.004262
0.004291
0.004320
0.004351
0.004378
0.004394
0.004403
0.004416
0.004432
0.004440
0.004438
0.004440
0.004456
0.004480
0.004499
0.004511
0.004520
0.004528
0.004524
0.004509
0.004489
0.004473
0.004462
0.004455
0.004451
0.004450
0.004450
0.004452
0.004460
0.004474
0.004490
0.004506
0.004522
0.004545
0.004576
0.004607
0.004633
0.004655
0.004683
0.004723
0.004778
0.004849
0.004944
0.005071
0.005231
0.005400
0.005531
0.005576
0.005512
0.005351
0.005136
0.004917
0.004723
0.004565
0.004438
0.004336
0.004256
0.004193
0.004145
0.004113
0.004097
0.004096
0.004103
0.004117
0.004139
0.004176
0.004233
0.004312
0.004404
0.004490
0.004555
0.004596
0.004617
0.004627
0.004630
0.004626
0.004622
0.004623
0.004636
0.004673
0.004738
0.004827
0.004924
0.005014
0.005082
0.005117
0.005121
0.005106
0.005089
0.005077
0.005065
0.005052
0.005037
0.005018
0.004985
0.004935
0.004884
0.004848
0.004835
0.004843
0.004873
0.004930
0.005010
0.005097
0.005175
0.005231
0.005259
0.005256
0.005221
0.005159
0.005077
0.004991
0.004916
0.004862
0.004827
0.004799
0.004774
0.004758
0.004759
0.004780
0.004819
0.004875
0.004941
0.005009
0.005077
0.005150
0.005241
0.005350
0.005474
0.005614
0.005777
0.005972
0.006204
0.006472
0.006771
0.007085
0.007387
0.007648
0.007851
0.007995
0.008088
0.008148
0.008193
0.008236
0.008283
0.008331
0.008372
0.008395
0.008394
0.008374
0.008351
0.008343
0.008365
0.008426
0.008531
0.008676
0.008849
0.009037
0.009224
0.009396
0.009546
0.009673
0.009779
0.009866
0.009937
0.010004
0.010093
0.010226
0.010418
0.010674
0.010983
0.011319
0.011639
0.011905
0.012105
0.012252
0.012369
0.012470
0.012567
0.012673
0.012800
0.012940
0.013062
0.013137
0.013150
0.013116
0.013064
0.013024
0.013009
0.013025
0.013077
0.013177
0.013339
0.013560
0.013830
0.014137
0.014475
0.014841
0.015234
0.015655
0.016105
0.016579
0.017062
0.017551
0.018053
0.018593
0.019191
0.019859
0.020597
0.021401
0.022278
0.023239
0.024297
0.025453
0.026700
0.028037
0.029476
0.031037
0.032739
0.034590
0.036601
0.038786
0.041169
0.043773
0.046616
0.049715
0.053094
0.056791
0.060848
0.065306
0.070201
0.075583
0.081512
0.088046
0.095241
0.103165
0.111903
0.121554
0.132209
0.143957
0.156878
0.171045
0.186501
0.203233
0.221144
0.240037
0.259584
0.279303
0.298548
0.316518
0.332309
0.345006
0.353784
0.358022
0.357394
0.351938
0.342054
0.328439
0.311964
0.293550
0.274068
0.254275
0.234776
0.216013
0.198278
0.181734
0.166451
0.152434
0.139643
0.128009
0.117443
0.107858
0.099166
0.091280
0.084117
0.077608
0.071704
0.066354
0.061495
0.057066
0.053025
0.049351
0.046020
0.042998
0.040247
0.037737
0.035440
0.033327
0.031377
0.029583
0.027939
0.026431
0.025042
0.023759
0.022574
0.021472
0.020438
0.019464
0.018547
0.017687
0.016877
0.016116
0.015405
0.014745
0.014134
0.013571
0.013050
0.012552
0.012064
0.011586
0.011132
0.010716
0.010341
0.009999
0.009679
0.009372
0.009079
0.008802
0.008550
0.008319
0.008100
0.007885
0.007675
0.007470
0.007269
0.007068
0.006875
0.006705
0.006566
0.006459
0.006373
0.006294
0.006212
0.006124
0.006029
0.005921
0.005799
0.005670
0.005554
0.005466
0.005405
0.005350
0.005284
0.005204
0.005118
0.005033
0.004964
0.004924
0.004915
0.004923
0.004929
0.004926
0.004925
0.004933
0.004945
0.004952
0.004944
0.004921
0.004887
0.004841
0.004776
0.004683
0.004568
0.004448
0.004342
0.004256
0.004182
0.004114
0.004059
0.004020
0.003989
0.003958
0.003931
0.003921
0.003928
0.003943
0.003958
0.003976
0.003995
0.004001
0.003981
0.003937
0.003881
0.003815
0.003739
0.003654
0.003571
0.003501
0.003444
0.003394
0.003346
0.003294
0.003241
0.003194
0.003155
0.003121
0.003092
0.003074
0.003068
0.003065
0.003053
0.003024
0.002983
0.002940
0.002903
0.002880
0.002876
0.002888
0.002902
0.002903
0.002891
0.002874
0.002866
0.002870
0.002878
0.002881
0.002869
0.002848
0.002828
0.002816
0.002808
0.002799
0.002788
0.002780
0.002776
0.002775
0.002776
0.002777
0.002780
0.002790
0.002815
0.002850
0.002884
0.002912
0.002943
0.002990
0.003056
0.003137
0.003228
0.003330
0.003442
0.003559
0.003670
0.003761
0.003813
0.003818
0.003781
0.003717
0.003642
0.003567
0.003501
0.003452
0.003414
0.003381
0.003357
0.003348
0.003359
0.003378
0.003398
0.003417
0.003437
0.003458
0.003477
0.003502
0.003550
0.003638
0.003771
0.003946
0.004157
0.004395
0.004651
0.004918
0.005201
0.005504
0.005820
0.006134
0.006421
0.006654
0.006810
0.006878
0.006868
0.006802
0.006708
0.006612
0.006529
0.006467
0.006421
0.006371
0.006299
0.006194
0.006064
0.005919
0.005769
0.005620
0.005479
0.005354
0.005256
0.005198
0.005191
0.005238
0.005336
0.005477
0.005648
0.005836
0.006025
0.006200
0.006348
0.006466
0.006560
0.006638
0.006702
0.006757
0.006814
0.006893
0.007008
0.007148
0.007279
0.007367
0.007397
0.007365
0.007276
0.007137
0.006975
0.006816
0.006676
0.006557
0.006454
0.006366
0.006284
0.006192
0.006078
0.005936
0.005765
0.005567
0.005347
0.005124
0.004910
0.004708
0.004515
0.004334
0.004175
0.004049
0.003959
0.003903
0.003882
0.003893
0.003929
0.003987
0.004059
0.004129
0.004174
0.004178
0.004139
0.004071
0.003988
0.003899
0.003809
0.003722
0.003639
0.003562
0.003498
0.003451
0.003423
0.003407
0.003401
0.003410
0.003440
0.003488
0.003544
0.003596
0.003638
0.003672
0.003699
0.003717
0.003724
0.003721
0.003716
0.003718
0.003733
0.003757
0.003783
0.003801
0.003808
0.003809
0.003810
0.003820
0.003840
0.003868
0.003897
0.003923
0.003951
0.003987
0.004036
0.004103
0.004192
0.004306
0.004444
0.004596
0.004749
0.004894
0.005027
0.005142
0.005227
0.005275
0.005289
0.005283
0.005268
0.005246
0.005219
0.005191
0.005160
0.005115
0.005041
0.004938
0.004823
0.004717
0.004633
0.004569
0.004521
0.004489
0.004473
0.004468
0.004466
0.004462
0.004464
0.004485
0.004528
0.004590
0.004667
0.004759
0.004865
0.004984
0.005113
0.005255
0.005420
0.005615
0.005850
0.006135
0.006480
0.006896
0.007387
0.007962
0.008628
0.009379
0.010182
0.010977
0.011685
0.012231
0.012554
0.012629
0.012467
0.012108
0.011613
0.011055
0.010506
0.010024
0.009640
0.009368
0.009211
0.009172
0.009252
0.009458
0.009799
0.010282
0.010902
0.011635
0.012430
0.013214
0.013902
0.014404
0.014646
0.014590
0.014257
0.013718
0.013071
0.012408
0.011811
0.011343
0.011040
0.010911
0.010946
0.011134
0.011469
0.011943
0.012536
0.013213
0.013929
0.014621
0.015208
0.015613
0.015785
0.015704
0.015380
0.014848
0.014168
0.013410
0.012640
0.011906
0.011241
0.010669
0.010214
0.009898
0.009732
0.009707
0.009793
0.009956
0.010158
0.010368
0.010544
0.010644
0.010633
0.010499
0.010255
0.009931
0.009565
0.009195
0.008846
0.008529
0.008246
0.008004
0.007811
0.007681
0.007629
0.007667
0.007795
0.007994
0.008219
0.008406
0.008490
0.008434
0.008257
0.008022
0.007796
0.007613
0.007466
0.007326
0.007161
0.006947
0.006674
0.006353
0.006006
0.005655
0.005312
0.004984
0.004680
0.004413
0.004191
0.004014
0.003881
0.003786
0.003723
0.003688
0.003673
0.003667
0.003661
0.003652
0.003644
0.003645
0.003657
0.003678
0.003705
0.003739
0.003783
0.003836
0.003894
0.003952
0.004012
0.004088
0.004187
0.004306
0.004434
0.004563
0.004697
0.004841
0.004991
0.005130
0.005242
0.005314
0.005339
0.005311
0.005232
0.005116
0.004991
0.004887
0.004823
0.004808
0.004843
0.004924
0.005041
0.005177
0.005307
0.005411
0.005476
0.005507
0.005513
0.005508
0.005496
0.005473
0.005440
0.005401
0.005364
0.005339
0.005335
0.005361
0.005427
0.005544
0.005729
0.006002
0.006375
0.006849
0.007422
0.008102
0.008903
0.009828
0.010855
0.011929
0.012953
0.013791
0.014298
0.014374
0.014005
0.013272
0.012313
0.011274
0.010281
0.009416
0.008722
0.008209
0.007876
0.007717
0.007734
0.007938
0.008344
0.008954
0.009740
0.010642
0.011556
0.012343
0.012851
0.012959
0.012628
0.011918
0.010961
0.009911
0.008896
0.007997
0.007240
0.006617
0.006101
0.005672
0.005313
0.005009
0.004748
0.004532
0.004365
0.004246
0.004161
0.004089
0.004025
0.003978
0.003958
0.003968
0.004000
0.004045
0.004095
0.004145
0.004194
0.004230
0.004244
0.004232
0.004200
0.004155
0.004099
0.004032
0.003957
0.003876
0.003786
0.003692
0.003608
0.003548
0.003514
0.003489
0.003465
0.003447
0.003447
0.003471
0.003516
0.003583
0.003682
0.003824
0.004014
0.004255
0.004548
0.004882
0.005217
0.005495
0.005672
0.005748
0.005757
0.005751
0.005765
0.005816
0.005895
0.005973
0.006003
0.005948
0.005794
0.005555
0.005261
0.004945
0.004632
0.004338
0.004068
0.003824
0.003617
0.003454
0.003335
0.003251
0.003194
0.003163
0.003154
0.003160
0.003178
0.003208
0.003253
0.003307
0.003369
0.003443
0.003540
0.003663
0.003805
0.003956
0.004110
0.004259
0.004393
0.004506
0.004598
0.004676
0.004748
0.004817
0.004869
0.004883
0.004841
0.004749
0.004623
0.004482
0.004330
0.004172
0.004017
0.003869
0.003730
0.003604
0.003498
0.003419
0.003361
0.003314
0.003270
0.003228
0.003186
0.003146
0.003111
0.003086
0.003080
0.003093
0.003120
0.003149
0.003172
0.003191
0.003221
0.003272
0.003344
0.003425
0.003503
0.003571
0.003622
0.003647
0.003640
0.003604
0.003550
0.003493
0.003445
0.003409
0.003381
0.003355
0.003328
0.003307
0.003301
0.003312
0.003336
0.003361
0.003381
0.003402
0.003436
0.003489
0.003557
0.003639
0.003731
0.003826
0.003911
0.003979
0.004035
0.004091
0.004161
0.004250
0.004367
0.004517
0.004698
0.004897
0.005096
0.005274
0.005420
0.005538
0.005639
0.005726
0.005796
0.005837
0.005852
0.005855
0.005860
0.005875
0.005903
0.005943
0.005989
0.006029
0.006050
0.006041
0.005994
0.005903
0.005775
0.005635
0.005503
0.005388
0.005291
0.005212
0.005154
0.005115
0.005093
0.005094
0.005126
0.005188
0.005269
0.005355
0.005443
0.005535
0.005632
0.005733
0.005838
0.005953
0.006087
0.006246
0.006431
0.006637
0.006850
0.007052
0.007237
0.007407
0.007564
0.007709
0.007837
0.007947
0.008045
0.008138
0.008227
0.008311
0.008389
0.008456
0.008505
0.008529
0.008533
0.008533
0.008532
0.008521
0.008481
0.008404
0.008293
0.008152
0.007989
0.007821
0.007670
0.007549
0.007453
0.007372
0.007303
0.007254
0.007226
0.007210
0.007193
0.007165
0.007116
0.007039
0.006934
0.006813
0.006694
0.006586
0.006493
0.006420
0.006370
0.006342
0.006324
0.006306
0.006279
0.006241
0.006193
0.006140
0.006088
0.006045
0.006009
0.005984
0.005974
0.005988
0.006023
0.006073
0.006125
0.006169
0.006198
0.006207
0.006196
0.006173
0.006148
0.006132
0.006134
0.006157
0.006199
0.006255
0.006307
0.006333
0.006313
0.006240
0.006122
0.005980
0.005831
0.005689
0.005567
0.005480
0.005439
0.005447
0.005500
0.005595
0.005729
0.005900
0.006107
0.006344
0.006600
0.006861
0.007114
0.007347
0.007531
0.007636
0.007639
0.007552
0.007403
0.007227
0.007052
0.006893
0.006757
0.006640
0.006539
0.006457
0.006391
0.006333
0.006266
0.006188
0.006107
0.006042
0.006002
0.005994
0.006016
0.006065
0.006127
0.006186
0.006232
0.006268
0.006300
0.006332
0.006366
0.006401
0.006436
0.006477
0.006528
0.006602
0.006711
0.006865
0.007065
0.007299
0.007547
0.007782
0.007980
0.008116
0.008173
0.008148
0.008058
0.007934
0.007813
0.007723
0.007679
0.007692
0.007768
0.007911
0.008109
0.008338
0.008578
0.008821
0.009068
0.009307
0.009514
0.009666
0.009752
0.009774
0.009737
0.009655
0.009552
0.009449
0.009363
0.009303
0.009274
0.009268
0.009258
0.009206
0.009083
0.008879
0.008600
0.008261
0.007892
0.007529
0.007203
0.006934
0.006724
0.006573
0.006475
0.006416
0.006381
0.006358
0.006339
0.006316
0.006284
0.006245
0.006212
0.006207
0.006247
0.006342
0.006495
0.006706
0.006968
0.007255
0.007524
0.007724
0.007821
0.007808
0.007704
0.007544
0.007363
0.007195
0.007071
0.007013
0.007034
0.007131
0.007290
0.007485
0.007685
0.007851
0.007938
0.007913
0.007764
0.007510
0.007195
0.006868
0.006573
0.006334
0.006159
0.006038
0.005956
0.005894
0.005839
0.005778
0.005702
0.005607
0.005496
0.005380
0.005262
0.005140
0.005015
0.004893
0.004779
0.004671
0.004569
0.004476
0.004402
0.004351
0.004314
0.004279
0.004238
0.004189
0.004130
0.004063
0.003993
0.003923
0.003856
0.003790
0.003727
0.003668
0.003611
0.003558
0.003513
0.003487
0.003481
0.003485
0.003484
0.003473
0.003455
0.003432
0.003409
0.003393
0.003392
0.003405
0.003428
0.003458
0.003495
0.003542
0.003599
0.003662
0.003727
0.003792
0.003853
0.003901
0.003927
0.003931
0.003916
0.003890
0.003860
0.003834
0.003820
0.003825
0.003852
0.003898
0.003963
0.004046
0.004134
0.004204
0.004236
0.004223
0.004175
0.004107
0.004040
0.003990
0.003971
0.003986
0.004026
0.004074
0.004111
0.004124
0.004103
0.004044
0.003949
0.003827
0.003696
0.003574
0.003472
0.003391
0.003332
0.003293
0.003276
0.003278
0.003296
0.003331
0.003379
0.003432
0.003479
0.003515
0.003534
0.003527
0.003498
0.003460
0.003431
0.003414
0.003403
0.003398
0.003415
0.003463
0.003531
0.003596
0.003644
0.003676
0.003698
0.003710
0.003714
0.003712
0.003710
0.003711
0.003716
0.003724
0.003727
0.003707
0.003652
0.003566
0.003470
0.003387
0.003321
0.003264
0.003211
0.003174
0.003167
0.003194
0.003240
0.003292
0.003347
0.003413
0.003499
0.003612
0.003758
0.003931
0.004107
0.004249
0.004329
0.004334
0.004275
0.004173
0.004057
0.003951
0.003873
0.003831
0.003821
0.003838
0.003871
0.003906
0.003928
0.003934
0.003923
0.003902
0.003883
0.003875
0.003883
0.003902
0.003930
0.003966
0.004022
0.004108
0.004223
0.004349
0.004466
0.004561
0.004634
0.004703
0.004783
0.004889
0.005031
0.005210
0.005417
0.005631
0.005815
0.005935
0.005968
0.005915
0.005801
0.005659
0.005516
0.005381
0.005253
0.005131
0.005017
0.004906
0.004792
0.004674
0.004560
0.004460
0.004380
0.004316
0.004267
0.004233
0.004220
0.004231
0.004263
0.004306
0.004353
0.004406
0.004474
0.004567
0.004681
0.004807
0.004933
0.005060
0.005194
0.005343
0.005521
0.005744
0.006026
0.006367
0.006751
0.007150
0.007542
0.007903
0.008208
0.008428
0.008530
0.008491
0.008306
0.007999
0.007618
0.007227
0.006876
0.006590
0.006377
0.006235
0.006153
0.006115
0.006102
0.006091
0.006064
0.006009
0.005932
0.005839
0.005736
0.005615
0.005469
0.005299
0.005118
0.004940
0.004772
0.004617
0.004473
0.004345
0.004238
0.004161
0.004116
0.004101
0.004109
0.004137
0.004186
0.004259
0.004355
0.004482
0.004649
0.004867
0.005138
0.005452
0.005789
0.006123
0.006419
0.006633
0.006732
0.006699
0.006552
0.006333
0.006094
0.005872
0.005684
0.005540
0.005449
0.005411
0.005424
0.005479
0.005567
0.005675
0.005781
0.005862
0.005904
0.005905
0.005869
0.005808
0.005738
0.005669
0.005601
0.005517
0.005410
0.005290
0.005176
0.005084
0.005024
0.005004
0.005032
0.005109
0.005231
0.005390
0.005581
0.005798
0.006039
0.006301
0.006572
0.006813
0.006968
0.006995
0.006894
0.006699
0.006456
0.006206
0.005982
0.005803
0.005670
0.005571
0.005498
0.005449
0.005423
0.005412
0.005412
0.005418
0.005424
0.005416
0.005383
0.005316
0.005214
0.005082
0.004932
0.004783
0.004653
0.004552
0.004481
0.004442
0.004435
0.004455
0.004495
0.004553
0.004625
0.004706
0.004778
0.004828
0.004849
0.004843
0.004818
0.004779
0.004732
0.004677
0.004612
0.004544
0.004480
0.004424
0.004373
0.004329
0.004296
0.004283
0.004287
0.004300
0.004318
0.004342
0.004372
0.004409
0.004453
0.004512
0.004590
0.004688
0.004805
0.004934
0.005074
0.005226
0.005391
0.005576
0.005790
0.006055
0.006409
0.006893
0.007539
0.008374
0.009423
0.010691
0.012123
0.013586
0.014878
0.015775
0.016101
0.015787
0.014898
0.013613
0.012151
0.010708
0.009410
0.008314
0.007420
0.006706
0.006144
0.005714
0.005394
0.005157
0.004981
0.004854
0.004768
0.004711
0.004664
0.004613
0.004556
0.004503
0.004465
0.004450
0.004461
0.004499
0.004570
0.004683
0.004842
0.005040
0.005259
0.005489
0.005722
0.005949
0.006158
0.006347
0.006517
0.006671
0.006801
0.006893
0.006931
0.006903
0.006795
0.006607
0.006358
0.006077
0.005800
0.005553
0.005357
0.005223
0.005145
0.005113
0.005118
0.005155
0.005220
0.005308
0.005413
0.005530
0.005651
0.005766
0.005867
0.005952
0.006024
0.006082
0.006129
0.006172
0.006225
0.006293
0.006381
0.006493
0.006645
0.006851
0.007103
0.007362
0.007573
0.007682
0.007666
0.007529
0.007294
0.006990
0.006646
0.006294
0.005962
0.005671
0.005424
0.005209
0.005014
0.004839
0.004688
0.004568
0.004478
0.004415
0.004370
0.004339
0.004323
0.004325
0.004344
0.004372
0.004401
0.004419
0.004418
0.004392
0.004346
0.004289
0.004227
0.004163
0.004101
0.004045
0.003998
0.003961
0.003935
0.003923
0.003925
0.003934
0.003941
0.003943
0.003946
0.003945
0.003934
0.003909
0.003873
0.003832
0.003792
0.003759
0.003744
0.003745
0.003751
0.003750
0.003747
0.003753
0.003771
0.003797
0.003830
0.003875
0.003930
0.003984
0.004029
0.004065
0.004100
0.004137
0.004171
0.004203
0.004234
0.004262
0.004283
0.004295
0.004302
0.004309
0.004314
0.004312
0.004299
0.004274
0.004238
0.004201
0.004173
0.004162
0.004167
0.004184
0.004206
0.004226
0.004232
0.004220
0.004197
0.004175
0.004154
0.004128
0.004092
0.004058
0.004039
0.004039
0.004044
0.004039
0.004011
0.003958
0.003883
0.003795
0.003704
0.003621
0.003548
0.003488
0.003440
0.003399
0.003365
0.003342
0.003337
0.003349
0.003371
0.003398
0.003433
0.003479
0.003531
0.003581
0.003629
0.003676
0.003726
0.003780
0.003838
0.003901
0.003969
0.004046
0.004135
0.004238
0.004353
0.004474
0.004597
0.004719
0.004834
0.004933
0.005015
0.005091
0.005174
0.005272
0.005388
0.005523
0.005678
0.005847
0.006012
0.006158
0.006275
0.006363
0.006424
0.006458
0.006468
0.006466
0.006460
0.006456
0.006451
0.006443
0.006429
0.006408
0.006386
0.006371
0.006364
0.006354
0.006331
0.006295
0.006254
0.006212
0.006166
0.006115
0.006069
0.006033
0.006006
0.005982
0.005960
0.005940
0.005915
0.005880
0.005835
0.005789
0.005745
0.005701
0.005661
0.005635
0.005631
0.005650
0.005688
0.005744
0.005817
0.005906
0.006011
0.006133
0.006280
0.006464
0.006695
0.006965
0.007257
0.007563
0.007893
0.008262
0.008666
0.009083
0.009500
0.009922
0.010359
0.010815
0.011289
0.011783
0.012298
0.012824
0.013354
0.013884
0.014407
0.014914
0.015396
0.015851
0.016284
0.016690
0.017060
0.017395
0.017700
0.017979
0.018229
0.018449
0.018643
0.018819
0.018975
0.019100
0.019180
0.019207
0.019178
0.019095
0.018962
0.018788
0.018576
0.018332
0.018058
0.017757
0.017434
0.017090
0.016728
0.016351
0.015978
0.015638
0.015356
0.015136
0.014980
0.014897
0.014905
0.015017
0.015237
0.015570
0.016028
0.016630
0.017386
0.018302
0.019384
0.020638
0.022067
0.023677
0.025471
0.027448
0.029593
0.031883
0.034293
0.036799
0.039376
0.042001
0.044656
0.047323
0.049981
0.052602
0.055166
0.057656
0.060065
0.062389
0.064628
0.066780
0.068845
0.070817
0.072683
0.074431
0.076052
0.077535
0.078875
0.080070
0.081124
0.082042
0.082811
0.083408
0.083807
0.083990
0.083942
0.083647
0.083096
0.082290
0.081239
0.079950
0.078432
0.076709
0.074817
0.072792
0.070661
0.068444
0.066163
0.063837
0.061487
0.059138
0.056823
0.054581
0.052447
0.050456
0.048644
0.047039
0.045655
0.044506
0.043612
0.043000
0.042691
0.042708
0.043077
0.043832
0.045011
0.046640
0.048745
0.051346
0.054466
0.058134
0.062382
0.067237
0.072721
0.078853
0.085665
0.093211
0.101577
0.110879
0.121276
0.132963
0.146190
0.161274
0.178583
0.198516
0.221473
0.247857
0.278066
0.312493
0.351530
0.395560
0.444842
0.499269
0.558133
0.620016
0.682825
0.743849
0.799856
0.847348
0.882948
0.903755
0.907570
0.893134
0.860528
0.811575
0.749854
0.680137
0.607457
0.536223
0.469668
0.409706
0.357103
0.311811
0.273289
0.240733
0.213232
0.189899
0.169971
0.152844
0.138039
0.125181
0.113985
0.104234
0.095737
0.088311
0.081792
0.076067
0.071061
0.066714
0.062945
0.059671
0.056830
0.054396
0.052352
0.050668
0.049292
0.048180
0.047303
0.046643
0.046180
0.045899
0.045798
0.045869
0.046093
0.046446
0.046917
0.047509
0.048217
0.049024
0.049916
0.050887
0.051924
0.053007
0.054119
0.055261
0.056441
0.057660
0.058908
0.060176
0.061445
0.062692
0.063893
0.065034
0.066102
0.067076
0.067926
0.068631
0.069185
0.069590
0.069842
0.069939
0.069876
0.069652
0.069267
0.068728
0.068046
0.067227
0.066271
0.065174
0.063943
0.062594
0.061138
0.059584
0.057944
0.056234
0.054470
0.052664
0.050823
0.048954
0.047059
0.045138
0.043191
0.041228
0.039261
0.037300
0.035358
0.033450
0.031585
0.029765
0.027985
0.026244
0.024544
0.022887
0.021278
0.019730
0.018265
0.016895
0.015617
0.014418
0.013297
0.012262
0.011321
0.010483
0.009758
0.009159
0.008687
0.008335
0.008089
0.007949
0.007917
0.007995
0.008179
0.008462
0.008836
0.009296
0.009837
0.010451
0.011124
0.011844
0.012604
0.013404
0.014232
0.015069
0.015897
0.016703
0.017484
0.018234
0.018947
0.019621
0.020255
0.020841
0.021370
0.021837
0.022240
0.022577
0.022840
0.023023
0.023132
0.023182
0.023187
0.023145
0.023039
0.022856
0.022600
0.022284
0.021922
0.021520
0.021085
0.020623
0.020134
0.019612
0.019055
0.018476
0.017890
0.017303
0.016720
0.016147
0.015594
0.015056
0.014519
0.013975
0.013429
0.012894
0.012373
0.011862
0.011361
0.010882
0.010441
0.010050
0.009710
0.009413
0.009149
0.008907
0.008688
0.008498
0.008348
0.008235
0.008145
0.008066
0.008004
0.007977
0.008000
0.008068
0.008168
0.008289
0.008430
0.008592
0.008774
0.008973
0.009179
0.009384
0.009579
0.009765
0.009949
0.010133
0.010315
0.010492
0.010662
0.010824
0.010973
0.011108
0.011229
0.011333
0.011410
0.011459
0.011487
0.011499
0.011488
0.011451
0.011393
0.011325
0.011255
0.011182
0.011103
0.011015
0.010916
0.010802
0.010673
0.010535
0.010386
0.010225
0.010050
0.009866
0.009680
0.009495
0.009312
0.009135
0.008962
0.008787
0.008604
0.008418
0.008237
0.008064
0.007901
0.007757
0.007650
0.007592
0.007576
0.007582
0.007597
0.007620
0.007657
0.007702
0.007743
0.007766
0.007758
0.007709
0.007622
0.007507
0.007383
0.007265
0.007156
0.007061
0.006987
0.006948
0.006948
0.006976
0.007016
0.007057
0.007098
0.007142
0.007188
0.007237
0.007298
0.007378
0.007476
0.007578
0.007675
0.007771
0.007873
0.007976
0.008067
0.008136
0.008184
0.008214
0.008231
0.008243
0.008258
0.008269
0.008261
0.008224
0.008167
0.008105
0.008043
0.007977
0.007900
0.007815
0.007725
0.007627
0.007520
0.007407
0.007293
0.007180
0.007067
0.006955
0.006853
0.006768
0.006699
0.006638
0.006574
0.006508
0.006447
0.006398
0.006357
0.006317
0.006282
0.006259
0.006251
0.006253
0.006258
0.006266
0.006279
0.006301
0.006327
0.006356
0.006390
0.006435
0.006492
0.006555
0.006609
0.006646
0.006663
0.006663
0.006641
0.006599
0.006550
0.006512
0.006495
0.006492
0.006487
0.006477
0.006474
0.006492
0.006535
0.006593
0.006651
0.006699
0.006739
0.006772
0.006796
0.006810
0.006810
0.006804
0.006795
0.006785
0.006776
0.006773
0.006786
0.006821
0.006870
0.006915
0.006937
0.006929
0.006893
0.006838
0.006772
0.006699
0.006621
0.006541
0.006461
0.006386
0.006323
0.006279
0.006254
0.006244
0.006239
0.006228
0.006206
0.006181
0.006162
0.006147
0.006132
0.006118
0.006111
0.006113
0.006115
0.006109
0.006102
0.006107
0.006130
0.006172
0.006238
0.006339
0.006462
0.006578
0.006662
0.006706
0.006716
0.006704
0.006683
0.006671
0.006680
0.006716
0.006775
0.006853
0.006946
0.007050
0.007165
0.007297
0.007447
0.007617
0.007806
0.008022
0.008268
0.008540
0.008841
0.009187
0.009601
0.010099
0.010697
0.011424
0.012311
0.013375
0.014602
0.015952
0.017352
0.018695
0.019856
0.020734
0.021274
0.021471
0.021358
0.020998
0.020458
0.019787
0.019000
0.018098
0.017094
0.016027
0.014949
0.013923
0.013004
0.012228
0.011600
0.011107
0.010733
0.010464
0.010281
0.010166
0.010115
0.010136
0.010239
0.010421
0.010677
0.011003
0.011405
0.011890
0.012456
0.013084
0.013731
0.014335
0.014837
0.015193
0.015374
0.015365
0.015154
0.014740
0.014141
0.013405
0.012595
0.011784
0.011031
0.010372
0.009821
0.009370
0.009002
0.008701
0.008459
0.008267
0.008114
0.007997
0.007923
0.007900
0.007926
0.007985
0.008062
0.008150
0.008246
0.008346
0.008447
0.008549
0.008657
0.008776
0.008915
0.009083
0.009283
0.009516
0.009774
0.010052
0.010343
0.010653
0.010994
0.011386
0.011858
0.012457
0.013252
0.014316
0.015705
0.017455
0.019569
0.021983
0.024506
0.026794
0.028431
0.029100
0.028747
0.027617
0.026142
0.024751
0.023719
0.023133
0.022922
0.022934
0.022999
0.022999
0.022908
0.022765
0.022598
0.022364
0.021966
0.021330
0.020461
0.019444
0.018401
0.017445
0.016646
0.016022
0.015567
0.015281
0.015170
0.015241
0.015482
0.015886
0.016460
0.017221
0.018192
0.019396
0.020843
0.022493
0.024194
0.025662
0.026554
0.026611
0.025796
0.024317
0.022525
0.020751
0.019203
0.017972
0.017085
0.016549
0.016366
0.016524
0.016999
0.017732
0.018604
0.019460
0.020158
0.020634
0.020904
0.021004
0.020929
0.020614
0.019980
0.019019
0.017821
0.016551
0.015366
0.014367
0.013596
0.013053
0.012714
0.012538
0.012481
0.012494
0.012528
0.012528
0.012448
0.012275
0.012037
0.011778
0.011529
0.011298
0.011073
0.010841
0.010594
0.010337
0.010074
0.009810
0.009557
0.009334
0.009160
0.009037
0.008952
0.008883
0.008819
0.008754
0.008683
0.008603
0.008514
0.008420
0.008315
0.008193
0.008061
0.007935
0.007831
0.007749
0.007683
0.007625
0.007574
0.007530
0.007493
0.007464
0.007443
0.007430
0.007429
0.007445
0.007488
0.007558
0.007644
0.007734
0.007830
0.007950
0.008111
0.008323
0.008590
0.008914
0.009282
0.009667
0.010035
0.010364
0.010642
0.010877
0.011098
0.011354
0.011697
0.012143
0.012664
0.013188
0.013612
0.013834
0.013784
0.013462
0.012934
0.012306
0.011669
0.011080
0.010570
0.010152
0.009825
0.009579
0.009401
0.009279
0.009203
0.009159
0.009141
0.009152
0.009200
0.009290
0.009415
0.009563
0.009730
0.009919
0.010141
0.010405
0.010711
0.011052
0.011423
0.011827
0.012271
0.012760
0.013296
0.013862
0.014414
0.014872
0.015136
0.015133
0.014849
0.014345
0.013721
0.013074
0.012471
0.011953
0.011536
0.011228
0.011022
0.010899
0.010840
0.010825
0.010838
0.010866
0.010901
0.010948
0.011019
0.011132
0.011305
0.011548
0.011863
0.012237
0.012647
0.013055
0.013415
0.013678
0.013801
0.013774
0.013622
0.013400
0.013163
0.012949
0.012778
0.012657
0.012582
0.012555
0.012577
0.012654
0.012790
0.012986
0.013248
0.013584
0.013986
0.014427
0.014861
0.015240
0.015526
0.015695
0.015751
0.015731
0.015699
0.015720
0.015852
0.016136
0.016592
0.017210
0.017960
0.018808
0.019731
0.020720
0.021788
0.022983
0.024363
0.025939
0.027588
0.029027
0.029885
0.029847
0.028800
0.026901
0.024508
0.022022
0.019739
0.017790
0.016186
0.014888
0.013847
0.013011
0.012330
0.011770
0.011315
0.010961
0.010707
0.010543
0.010452
0.010417
0.010430
0.010498
0.010630
0.010826
0.011077
0.011373
0.011699
0.012035
0.012357
0.012640
0.012879
0.013093
0.013334
0.013669
0.014167
0.014894
0.015914
0.017302
0.019125
0.021414
0.024109
0.027018
0.029801
0.032028
0.033330
0.033554
0.032840
0.031535
0.030029
0.028602
0.027385
0.026392
0.025580
0.024890
0.024268
0.023669
0.023064
0.022433
0.021761
0.021044
0.020285
0.019512
0.018766
0.018089
0.017512
0.017055
0.016741
0.016588
0.016589
0.016687
0.016794
0.016835
0.016777
0.016637
0.016448
0.016235
0.015997
0.015713
0.015365
0.014952
0.014486
0.013984
0.013456
0.012921
0.012409
0.011950
0.011560
0.011250
0.011026
0.010892
0.010844
0.010879
0.010999
0.011213
0.011531
0.011955
0.012489
0.013131
0.013870
0.014683
0.015536
0.016379
0.017152
0.017795
0.018273
0.018582
0.018746
0.018808
0.018847
0.018962
0.019235
0.019670
0.020171
0.020568
0.020685
0.020417
0.019770
0.018851
0.017815
0.016815
0.015967
0.015341
0.014968
0.014852
0.014986
0.015357
0.015950
0.016741
0.017712
0.018855
0.020165
0.021618
0.023165
0.024731
0.026224
0.027545
0.028614
0.029397
0.029896
0.030134
0.030123
0.029862
0.029336
0.028538
0.027476
0.026192
0.024745
0.023202
0.021628
0.020086
0.018632
0.017301
0.016104
0.015043
0.014124
0.013356
0.012744
0.012282
0.011952
0.011726
0.011569
0.011449
0.011340
0.011220
0.011067
0.010870
0.010637
0.010393
0.010161
0.009956
0.009781
0.009640
0.009538
0.009471
0.009423
0.009374
0.009317
0.009258
0.009208
0.009176
0.009166
0.009189
0.009252
0.009357
0.009505
0.009709
0.009997
0.010395
0.010927
0.011609
0.012457
0.013467
0.014600
0.015765
0.016813
0.017569
0.017880
0.017697
0.017098
0.016258
0.015365
0.014558
0.013907
0.013428
0.013109
0.012928
0.012856
0.012856
0.012884
0.012913
0.012939
0.012982
0.013068
0.013213
0.013406
0.013600
0.013722
0.013721
0.013600
0.013415
0.013241
0.013137
0.013132
0.013224
0.013379
0.013545
0.013663
0.013695
0.013645
0.013568
0.013556
0.013696
0.014040
0.014601
0.015357
0.016243
0.017132
0.017836
0.018165
0.018005
0.017365
0.016365
0.015192
0.014020
0.012967
0.012076
0.011341
0.010743
0.010259
0.009872
0.009574
0.009359
0.009218
0.009136
0.009096
0.009090
0.009122
0.009191
0.009296
0.009429
0.009576
0.009715
0.009823
0.009890
0.009922
0.009927
0.009913
0.009877
0.009814
0.009723
0.009609
0.009485
0.009373
0.009295
0.009262
0.009269
0.009300
0.009346
0.009409
0.009500
0.009623
0.009776
0.009955
0.010157
0.010378
0.010602
0.010808
0.010976
0.011100
0.011192
0.011279
0.011397
0.011576
0.011832
0.012171
0.012598
0.013121
0.013737
0.014430
0.015187
0.015993
0.016827
0.017660
0.018454
0.019191
0.019881
0.020557
0.021251
0.021983
0.022748
0.023517
0.024239
0.024845
0.025268
0.025465
0.025431
0.025194
0.024800
0.024298
0.023743
0.023184
0.022656
0.022164
0.021678
0.021151
0.020538
0.019816
0.018992
0.018093
0.017160
0.016233
0.015346
0.014521
0.013780
0.013139
0.012605
0.012170
0.011823
0.011560
0.011380
0.011266
0.011190
0.011132
0.011086
0.011055
0.011031
0.011001
0.010951
0.010877
0.010780
0.010672
0.010574
0.010505
0.010466
0.010443
0.010426
0.010406
0.010377
0.010337
0.010296
0.010276
0.010288
0.010328
0.010388
0.010468
0.010565
0.010671
0.010772
0.010858
0.010926
0.010967
0.010970
0.010938
0.010887
0.010850
0.010854
0.010925
0.011074
0.011308
0.011625
0.012034
0.012547
0.013170
0.013897
0.014709
0.015584
0.016494
0.017410
0.018305
0.019157
0.019964
0.020740
0.021523
0.022357
0.023277
0.024285
0.025332
0.026332
0.027178
0.027771
0.028035
0.027934
0.027483
0.026746
0.025819
0.024809
0.023811
0.022893
0.022082
0.021362
0.020677
0.019968
0.019199
0.018367
0.017493
0.016611
0.015763
0.014992
0.014326
0.013772
0.013320
0.012960
0.012683
0.012477
0.012321
0.012196
0.012090
0.011998
0.011921
0.011863
0.011824
0.011803
0.011796
0.011806
0.011846
0.011933
0.012079
0.012287
0.012550
0.012857
0.013199
0.013575
0.013999
0.014494
0.015080
0.015757
0.016501
0.017264
0.017979
0.018581
0.019015
0.019242
0.019244
0.019028
0.018631
0.018108
0.017517
0.016911
0.016339
0.015840
0.015432
0.015107
0.014845
0.014634
0.014468
0.014348
0.014276
0.014259
0.014310
0.014445
0.014687
0.015057
0.015565
0.016203
0.016946
0.017762
0.018600
0.019401
0.020109
0.020692
0.021144
0.021488
0.021753
0.021968
0.022131
0.022203
0.022122
0.021834
0.021325
0.020622
0.019791
0.018918
0.018091
0.017374
0.016795
0.016359
0.016055
0.015858
0.015733
0.015647
0.015585
0.015552
0.015572
0.015675
0.015890
0.016220
0.016641
0.017116
0.017617
0.018131
0.018660
0.019219
0.019842
0.020594
0.021545
0.022762
0.024301
0.026219
0.028586
0.031469
0.034901
0.038846
0.043173
0.047651
0.051939
0.055607
0.058199
0.059338
0.058838
0.056751
0.053343
0.049017
0.044237
0.039434
0.034946
0.030977
0.027609
0.024830
0.022574
0.020751
0.019275
0.018073
0.017089
0.016271
0.015582
0.014991
0.014482
0.014044
0.013672
0.013364
0.013106
0.012873
0.012640
0.012396
0.012143
0.011892
0.011663
0.011478
0.011358
0.011307
0.011318
0.011394
0.011546
0.011783
0.012096
0.012461
0.012849
0.013214
0.013494
0.013623
0.013572
0.013366
0.013076
0.012779
0.012522
0.012322
0.012177
0.012083
0.012043
0.012064
0.012149
0.012300
0.012500
0.012719
0.012920
0.013066
0.013131
0.013101
0.012981
0.012801
0.012607
0.012435
0.012290
0.012162
0.012050
0.011964
0.011910
0.011875
0.011846
0.011817
0.011786
0.011748
0.011698
0.011643
0.011602
0.011590
0.011597
0.011604
0.011598
0.011582
0.011571
0.011579
0.011617
0.011683
0.011775
0.011884
0.012006
0.012143
0.012305
0.012498
0.012722
0.012970
0.013231
0.013506
0.013805
0.014147
0.014550
0.015013
0.015509
0.015986
0.016374
0.016604
0.016619
0.016401
0.015989
0.015473
0.014958
0.014518
0.014176
0.013923
0.013731
0.013577
0.013446
0.013330
0.013219
0.013101
0.012963
0.012809
0.012654
0.012508
0.012371
0.012249
0.012159
0.012118
0.012133
0.012198
0.012309
0.012467
0.012672
0.012925
0.013237
0.013623
0.014096
0.014668
0.015362
0.016220
0.017294
0.018616
0.020157
0.021795
0.023303
0.024397
0.024835
0.024513
0.023507
0.022037
0.020378
0.018769
0.017361
0.016211
0.015307
0.014602
0.014038
0.013568
0.013163
0.012814
0.012515
0.012252
0.012018
0.011816
0.011659
0.011550
0.011485
0.011460
0.011470
0.011509
0.011560
0.011614
0.011670
0.011737
0.011821
0.011919
0.012021
0.012115
0.012184
0.012214
0.012194
0.012122
0.012006
0.011868
0.011731
0.011615
0.011534
0.011497
0.011506
0.011551
0.011604
0.011631
0.011606
0.011517
0.011371
0.011190
0.011007
0.010856
0.010753
0.010693
0.010659
0.010638
0.010626
0.010624
0.010626
0.010625
0.010614
0.010593
0.010568
0.010553
0.010559
0.010592
0.010642
0.010704
0.010780
0.010885
0.011028
0.011212
0.011434
0.011689
0.011970
0.012257
0.012523
0.012744
0.012900
0.012984
0.012996
0.012953
0.012882
0.012800
0.012715
0.012621
0.012519
0.012418
0.012329
0.012258
0.012207
0.012174
0.012159
0.012168
0.012195
0.012228
0.012260
0.012293
0.012335
0.012390
0.012462
0.012555
0.012675
0.012813
0.012948
0.013066
0.013165
0.013258
0.013350
0.013441
0.013525
0.013605
0.013698
0.013837
0.014057
0.014380
0.014804
0.015307
0.015856
0.016408
0.016918
0.017360
0.017736
0.018071
0.018390
0.018695
0.018969
0.019177
0.019280
0.019249
0.019081
0.018800
0.018444
0.018053
0.017662
0.017296
0.016978
0.016725
0.016539
0.016394
0.016238
0.016017
0.015711
0.015337
0.014936
0.014543
0.014184
0.013872
0.013620
0.013436
0.013321
0.013267
0.013258
0.013286
0.013353
0.013469
0.013640
0.013864
0.014137
0.014448
0.014771
0.015060
0.015267
0.015362
0.015351
0.015271
0.015169
0.015080
0.015018
0.014975
0.014937
0.014893
0.014826
0.014715
0.014545
0.014321
0.014063
0.013801
0.013557
0.013347
0.013177
0.013047
0.012954
0.012893
0.012864
0.012866
0.012895
0.012944
0.013012
0.013094
0.013191
0.013309
0.013456
0.013636
0.013851
0.014099
0.014383
0.014713
0.015105
0.015567
0.016104
0.016720
0.017427
0.018239
0.019155
0.020146
0.021141
0.022042
0.022755
0.023222
0.023444
0.023470
0.023372
0.023212
0.023022
0.022822
0.022635
0.022495
0.022438
0.022490
0.022661
0.022943
0.023301
0.023661
0.023917
0.023967
0.023755
0.023296
0.022670
0.021992
0.021371
0.020884
0.020556
0.020373
0.020291
0.020266
0.020262
0.020257
0.020245
0.020228
0.020209
0.020180
0.020122
0.020019
0.019867
0.019689
0.019524
0.019408
0.019361
0.019388
0.019492
0.019680
0.019965
0.020353
0.020844
0.021433
0.022119
0.022916
0.023844
0.024897
0.025997
0.026997
0.027732
0.028091
0.028056
0.027699
0.027147
0.026544
0.026003
0.025584
0.025296
0.025124
0.025046
0.025042
0.025098
0.025218
0.025404
0.025629
0.025820
0.025882
0.025735
0.025358
0.024787
0.024102
0.023388
0.022709
0.022111
0.021625
0.021276
0.021069
0.020982
0.020993
0.021095
0.021303
0.021632
0.022085
0.022657
0.023331
0.024083
0.024879
0.025674
0.026417
0.027049
0.027505
0.027736
0.027732
0.027536
0.027228
0.026909
0.026683
0.026645
0.026857
0.027322
0.027971
0.028680
0.029318
0.029787
0.030059
0.030181
0.030262
0.030409
0.030678
0.031037
0.031387
0.031625
0.031696
0.031629
0.031526
0.031515
0.031693
0.032075
0.032580
0.033048
0.033292
0.033153
0.032562
0.031558
0.030273
0.028873
0.027505
0.026268
0.025203
0.024312
0.023578
0.022980
0.022498
0.022105
0.021769
0.021466
0.021185
0.020937
0.020745
0.020637
0.020640
0.020769
0.021024
0.021382
0.021810
0.022269
0.022718
0.023108
0.023377
0.023461
0.023318
0.022955
0.022433
0.021840
0.021268
0.020784
0.020414
0.020132
0.019863
0.019510
0.019004
0.018350
0.017626
0.016939
0.016370
0.015950
0.015673
0.015520
0.015464
0.015472
0.015505
0.015536
0.015559
0.015584
0.015620
0.015668
0.015725
0.015792
0.015868
0.015953
0.016044
0.016138
0.016237
0.016349
0.016484
0.016647
0.016837
0.017049
0.017282
0.017546
0.017869
0.018280
0.018797
0.019417
0.020116
0.020849
0.021541
0.022094
0.022418
0.022478
0.022322
0.022052
0.021772
0.021531
0.021316
0.021075
0.020762
0.020360
0.019888
0.019382
0.018874
0.018379
0.017896
0.017422
0.016959
0.016511
0.016071
0.015636
0.015209
0.014806
0.014439
0.014111
0.013817
0.013556
0.013327
0.013134
0.012977
0.012860
0.012787
0.012757
0.012767
0.012815
0.012900
0.013020
0.013161
0.013305
0.013421
0.013482
0.013474
0.013407
0.013299
0.013169
0.013033
0.012906
0.012798
0.012703
0.012609
0.012509
0.012402
0.012293
0.012186
0.012096
0.012039
0.012018
0.012026
0.012061
0.012132
0.012240
0.012375
0.012523
0.012679
0.012827
0.012938
0.012981
0.012962
0.012909
0.012847
0.012777
0.012697
0.012621
0.012567
0.012545
0.012551
0.012574
0.012609
0.012647
0.012686
0.012726
0.012770
0.012828
0.012910
0.013023
0.013155
0.013290
0.013420
0.013547
0.013677
0.013804
0.013917
0.014016
0.014109
0.014200
0.014290
0.014373
0.014435
0.014465
0.014456
0.014419
0.014375
0.014338
0.014313
0.014299
0.014297
0.014307
0.014337
0.014395
0.014481
0.014582
0.014669
0.014714
0.014696
0.014607
0.014448
0.014237
0.014002
0.013769
0.013557
0.013377
0.013238
0.013143
0.013084
0.013050
0.013032
0.013029
0.013046
0.013087
0.013148
0.013228
0.013326
0.013441
0.013560
0.013664
0.013742
0.013804
0.013873
0.013971
0.014107
0.014290
0.014526
0.014809
0.015110
0.015389
0.015604
0.015716
0.015702
0.015567
0.015357
0.015125
0.014903
0.014693
0.014493
0.014316
0.014173
0.014060
0.013959
0.013856
0.013749
0.013651
0.013578
0.013545
0.013555
0.013592
0.013631
0.013648
0.013635
0.013593
0.013524
0.013433
0.013326
0.013212
0.013099
0.012999
0.012924
0.012877
0.012850
0.012836
0.012833
0.012847
0.012877
0.012916
0.012952
0.012979
0.012999
0.013014
0.013033
0.013067
0.013118
0.013187
0.013272
0.013368
0.013471
0.013571
0.013663
0.013748
0.013830
0.013918
0.014016
0.014131
0.014261
0.014401
0.014543
0.014682
0.014818
0.014951
0.015077
0.015193
0.015307
0.015425
0.015554
0.015700
0.015880
0.016117
0.016437
0.016857
0.017383
0.018009
0.018720
0.019470
0.020183
0.020761
0.021117
0.021213
0.021067
0.020745
0.020331
0.019894
0.019479
0.019109
0.018793
0.018538
0.018347
0.018222
0.018164
0.018172
0.018237
0.018342
0.018461
0.018571
0.018649
0.018671
0.018630
0.018539
0.018438
0.018373
0.018382
0.018489
0.018714
0.019071
0.019563
0.020163
0.020819
0.021451
0.021970
0.022307
0.022435
0.022371
0.022161
0.021859
0.021519
0.021189
0.020915
0.020734
0.020680
0.020781
0.021051
0.021481
0.022034
0.022645
0.023232
0.023702
0.023975
0.024008
0.023810
0.023437
0.022967
0.022474
0.022020
0.021643
0.021361
0.021174
0.021068
0.021019
0.020994
0.020961
0.020897
0.020783
0.020609
0.020375
0.020102
0.019841
0.019654
0.019591
0.019691
0.019978
0.020476
0.021195
0.022133
0.023260
0.024509
0.025770
0.026896
0.027741
0.028204
0.028264
0.027990
0.027515
0.026981
0.026499
0.026135
0.025922
0.025870
0.025967
0.026183
0.026483
0.026828
0.027173
0.027460
0.027636
0.027678
0.027603
0.027464
0.027322
0.027228
0.027206
0.027257
0.027366
0.027512
0.027690
0.027916
0.028220
0.028610
0.029061
0.029509
0.029874
0.030083
0.030084
0.029864
0.029457
0.028936
0.028377
0.027834
0.027344
0.026947
0.026696
0.026629
0.026750
0.027036
0.027454
0.027968
0.028528
0.029078
0.029576
0.030023
0.030459
0.030953
0.031589
0.032442
0.033546
0.034877
0.036351
0.037850
0.039250
0.040431
0.041279
0.041722
0.041761
0.041482
0.041034
0.040566
0.040183
0.039915
0.039712
0.039462
0.039040
0.038361
0.037421
0.036304
0.035152
0.034121
0.033338
0.032869
0.032710
0.032805
0.033065
0.033401
0.033736
0.034028
0.034281
0.034544
0.034878
0.035325
0.035881
0.036499
0.037108
0.037645
0.038092
0.038481
0.038873
0.039314
0.039784
0.040191
0.040393
0.040242
0.039652
0.038644
0.037346
0.035936
0.034569
0.033347
0.032326
0.031528
0.030942
0.030539
0.030283
0.030151
0.030126
0.030195
0.030349
0.030587
0.030912
0.031335
0.031871
0.032540
0.033351
0.034275
0.035239
0.036123
0.036790
0.037124
0.037070
0.036651
0.035953
0.035082
0.034146
0.033237
0.032421
0.031735
0.031191
0.030799
0.030566
0.030497
0.030592
0.030858
0.031307
0.031954
0.032809
0.033882
0.035175
0.036671
0.038311
0.040002
0.041625
0.043060
0.044196
0.044964
0.045359
0.045452
0.045382
0.045326
0.045470
0.045980
0.046980
0.048536
0.050637
0.053190
0.056008
0.058825
0.061327
0.063229
0.064376
0.064810
0.064747
0.064466
0.064188
0.064005
0.063890
0.063734
0.063389
0.062727
0.061687
0.060305
0.058707
0.057061
0.055525
0.054222
0.053234
0.052625
0.052463
0.052820
0.053762
0.055318
0.057459
0.060082
0.063001
0.065955
0.068655
0.070840
0.072343
0.073110
0.073175
0.072591
0.071398
0.069627
0.067349
0.064701
0.061870
0.059054
0.056428
0.054130
0.052249
0.050830
0.049880
0.049384
0.049302
0.049543
0.049960
0.050368
0.050601
0.050573
0.050311
0.049949
0.049682
0.049698
0.050110
0.050927
0.052034
0.053211
0.054161
0.054591
0.054312
0.053313
0.051751
0.049872
0.047926
0.046122
0.044625
0.043546
0.042930
0.042743
0.042897
0.043269
0.043714
0.044082
0.044253
0.044179
0.043896
0.043503
0.043137
0.042935
0.043008
0.043413
0.044134
0.045098
0.046174
0.047167
0.047825
0.047905
0.047264
0.045934
0.044105
0.042060
0.040076
0.038359
0.037020
0.036076
0.035481
0.035160
0.035030
0.035023
0.035077
0.035131
0.035117
0.034979
0.034707
0.034353
0.034012
0.033771
0.033674
0.033709
0.033836
0.034011
0.034208
0.034406
0.034570
0.034638
0.034537
0.034223
0.033707
0.033042
0.032291
0.031512
0.030747
0.030035
0.029415
0.028923
0.028580
0.028389
0.028343
0.028431
0.028639
0.028949
0.029332
0.029755
0.030194
0.030637
0.031096
0.031613
0.032246
0.033037
0.033980
0.034999
0.035970
0.036747
0.037207
0.037293
0.037018
0.036459
0.035713
0.034872
0.034018
0.033216
0.032511
0.031928
0.031472
0.031129
0.030862
0.030624
0.030365
0.030053
0.029675
0.029243
0.028793
0.028369
0.028000
0.027690
0.027435
0.027244
0.027128
0.027083
0.027085
0.027109
0.027143
0.027189
0.027251
0.027332
0.027444
0.027599
0.027801
0.028043
0.028309
0.028592
0.028896
0.029235
0.029616
0.030039
0.030494
0.030958
0.031401
0.031790
0.032105
0.032359
0.032581
0.032811
0.033083
0.033418
0.033818
0.034268
0.034742
0.035216
0.035669
0.036070
0.036378
0.036562
0.036614
0.036550
0.036410
0.036247
0.036112
0.036041
0.036039
0.036087
0.036158
0.036229
0.036291
0.036347
0.036420
0.036539
0.036734
0.037030
0.037439
0.037961
0.038594
0.039347
0.040251
0.041345
0.042670
0.044281
0.046259
0.048694
0.051648
0.055147
0.059213
0.063905
0.069377
0.075926
0.084033
0.094353
0.107643
0.124623
0.145769
0.171019
0.199426
0.228942
0.256520
0.278650
0.292172
0.295101
0.287165
0.269858
0.246007
0.218984
0.191880
0.166908
0.145215
0.127061
0.112158
0.099995
0.090051
0.081902
0.075243
0.069859
0.065570
0.062197
0.059563
0.057496
0.055833
0.054430
0.053195
0.052108
0.051209
0.050547
0.050146
0.049997
0.050061
0.050285
0.050621
0.051044
0.051535
0.052049
0.052494
0.052751
0.052711
0.052320
0.051589
0.050604
0.049507
0.048456
0.047570
0.046903
0.046458
0.046219
0.046175
0.046318
0.046636
0.047087
0.047589
0.048034
0.048328
0.048430
0.048376
0.048261
0.048198
0.048287
0.048585
0.049106
0.049833
0.050745
0.051820
0.053042
0.054375
0.055732
0.056960
0.057845
0.058174
0.057820
0.056800
0.055282
0.053518
0.051764
0.050218
0.049007
0.048194
0.047775
0.047691
0.047839
0.048097
0.048342
0.048471
0.048417
0.048159
0.047719
0.047145
0.046481
0.045745
0.044936
0.044056
0.043128
0.042192
0.041286
0.040431
0.039637
0.038921
0.038299
0.037772
0.037317
0.036904
0.036506
0.036109
0.035701
0.035283
0.034878
0.034523
0.034255
0.034091
0.034034
0.034089
0.034262
0.034555
0.034950
0.035411
0.035882
0.036301
0.036605
0.036748
0.036707
0.036477
0.036061
0.035468
0.034726
0.033898
0.033081
0.032366
0.031802
0.031389
0.031097
0.030894
0.030764
0.030701
0.030720
0.030842
0.031097
0.031501
0.032055
0.032738
0.033507
0.034295
0.035017
0.035606
0.036047
0.036377
0.036657
0.036935
0.037237
0.037585
0.038006
0.038534
0.039209
0.040069
0.041126
0.042331
0.043560
0.044634
0.045377
0.045686
0.045565
0.045100
0.044396
0.043518
0.042488
0.041334
0.040132
0.038987
0.037992
0.037198
0.036616
0.036239
0.036046
0.036003
0.036079
0.036250
0.036520
0.036903
0.037414
0.038050
0.038799
0.039633
0.040503
0.041323
0.041984
0.042406
0.042567
0.042514
0.042334
0.042135
0.042015
0.042032
0.042183
0.042413
0.042647
0.042835
0.042976
0.043117
0.043330
0.043672
0.044151
0.044736
0.045380
0.046044
0.046709
0.047387
0.048126
0.048986
0.050008
0.051192
0.052520
0.053985
0.055601
0.057404
0.059449
0.061806
0.064536
0.067693
0.071357
0.075690
0.080939
0.087401
0.095389
0.105230
0.117293
0.131982
0.149655
0.170401
0.193649
0.217733
0.239778
0.256238
0.264057
0.261906
0.250733
0.233291
0.212978
0.192705
0.174353
0.158810
0.146303
0.136681
0.129618
0.124722
0.121620
0.119986
0.119554
0.120135
0.121633
0.124056
0.127501
0.132126
0.138120
0.145681
0.154971
0.166081
0.179025
0.193753
0.210165
0.228017
0.246645
0.264577
0.279362
0.287975
0.287865
0.278140
0.260137
0.236917
0.212035
0.188330
0.167396
0.149736
0.135236
0.123559
0.114325
0.107111
0.101408
0.096620
0.092165
0.087654
0.083004
0.078397
0.074120
0.070392
0.067280
0.064735
0.062660
0.060972
0.059611
0.058538
0.057721
0.057141
0.056780
0.056611
0.056586
0.056647
0.056758
0.056912
0.057133
0.057449
0.057879
0.058432
0.059088
0.059777
0.060346
0.060600
0.060380
0.059658
0.058564
0.057328
0.056205
0.055396
0.055006
0.055026
0.055354
0.055825
0.056247
0.056423
0.056184
0.055446
0.054244
0.052729
0.051112
0.049595
0.048319
0.047338
0.046622
0.046085
0.045626
0.045167
0.044690
0.044230
0.043845
0.043568
0.043393
0.043297
0.043262
0.043289
0.043385
0.043565
0.043849
0.044265
0.044836
0.045577
0.046483
0.047510
0.048543
0.049412
0.049944
0.050030
0.049663
0.048936
0.047998
0.047009
0.046086
0.045279
0.044579
0.043963
0.043426
0.042993
0.042712
0.042633
0.042792
0.043209
0.043868
0.044705
0.045605
0.046418
0.047000
0.047268
0.047237
0.047030
0.046836
0.046849
0.047217
0.048026
0.049298
0.050993
0.053021
0.055249
0.057526
0.059704
0.061661
0.063284
0.064443
0.064977
0.064731
0.063638
0.061795
0.059452
0.056940
0.054575
0.052591
0.051124
0.050229
0.049931
0.050275
0.051337
0.053208
0.055968
0.059664
0.064263
0.069551
0.075030
0.079931
0.083428
0.084982
0.084600
0.082813
0.080371
0.077886
0.075641
0.073645
0.071783
0.069948
0.068096
0.066254
0.064496
0.062894
0.061484
0.060259
0.059189
0.058237
0.057357
0.056496
0.055609
0.054665
0.053657
0.052609
0.051585
0.050680
0.049976
0.049519
0.049307
0.049306
0.049461
0.049716
0.050040
0.050442
0.050963
0.051647
0.052521
0.053585
0.054810
0.056130
0.057454
0.058712
0.059897
0.061093
0.062448
0.064122
0.066225
0.068785
0.071737
0.074941
0.078213
0.081337
0.084074
0.086160
0.087336
0.087431
0.086457
0.084645
0.082373
0.080012
0.077808
0.075838
0.074070
0.072445
0.070934
0.069559
0.068386
0.067506
0.067013
0.066972
0.067399
0.068234
0.069327
0.070462
0.071406
0.071997
0.072201
0.072112
0.071876
0.071611
0.071349
0.071052
0.070665
0.070162
0.069581
0.069016
0.068583
0.068380
0.068466
0.068843
0.069447
0.070149
0.070796
0.071271
0.071540
0.071636
0.071616
0.071519
0.071378
0.071233
0.071156
0.071245
0.071608
0.072341
0.073505
0.075124
0.077182
0.079634
0.082400
0.085362
0.088369
0.091270
0.093970
0.096505
0.099080
0.102041
0.105752
0.110438
0.115990
0.121834
0.126940
0.130087
0.130320
0.127370
0.121766
0.114579
0.106982
0.099877
0.093759
0.088784
0.084926
0.082092
0.080172
0.079020
0.078450
0.078246
0.078216
0.078241
0.078280
0.078323
0.078314
0.078110
0.077535
0.076482
0.074985
0.073208
0.071361
0.069622
0.068105
0.066876
0.065977
0.065431
0.065223
0.065272
0.065439
0.065566
0.065528
0.065276
0.064835
0.064274
0.063660
0.063015
0.062316
0.061542
0.060716
0.059926
0.059287
0.058902
0.058818
0.058998
0.059331
0.059659
0.059851
0.059836
0.059616
0.059240
0.058784
0.058351
0.058052
0.057985
0.058222
0.058808
0.059770
0.061117
0.062842
0.064913
0.067251
0.069673
0.071865
0.073437
0.074078
0.073692
0.072440
0.070662
0.068742
0.067001
0.065655
0.064820
0.064544
0.064830
0.065636
0.066883
0.068490
0.070408
0.072614
0.075061
0.077613
0.080013
0.081922
0.083013
0.083096
0.082198
0.080548
0.078474
0.076281
0.074186
0.072326
0.070768
0.069519
0.068519
0.067660
0.066826
0.065946
0.065025
0.064132
0.063352
0.062744
0.062330
0.062101
0.062033
0.062096
0.062277
0.062598
0.063118
0.063907
0.065018
0.066469
0.068224
0.070181
0.072186
0.074089
0.075800
0.077332
0.078792
0.080360
0.082253
0.084679
0.087753
0.091386
0.095172
0.098412
0.100335
0.100444
0.098780
0.095882
0.092498
0.089235
0.086391
0.083996
0.081964
0.080215
0.078715
0.077445
0.076368
0.075408
0.074464
0.073430
0.072224
0.070829
0.069311
0.067803
0.066454
0.065368
0.064574
0.064032
0.063665
0.063402
0.063206
0.063072
0.063003
0.062986
0.063004
0.063046
0.063102
0.063148
0.063148
0.063082
0.062971
0.062887
0.062921
0.063140
0.063533
0.063991
0.064334
0.064383
0.064046
0.063362
0.062483
0.061615
0.060953
0.060622
0.060640
0.060905
0.061219
0.061344
0.061108
0.060483
0.059605
0.058709
0.058038
0.057759
0.057925
0.058468
0.059235
0.060051
0.060778
0.061345
0.061735
0.061964
0.062059
0.062040
0.061915
0.061703
0.061465
0.061310
0.061353
0.061667
0.062253
0.063041
0.063909
0.064719
0.065355
0.065737
0.065834
0.065660
0.065295
0.064872
0.064526
0.064344
0.064346
0.064518
0.064848
0.065342
0.066025
0.066933
0.068089
0.069466
0.070960
0.072375
0.073443
0.073887
0.073532
0.072386
0.070638
0.068545
0.066315
0.064049
0.061771
0.059502
0.057307
0.055297
0.053588
0.052246
0.051288
0.050698
0.050455
0.050528
0.050875
0.051449
0.052206
0.053095
0.054051
0.055010
0.055934
0.056813
0.057644
0.058403
0.059032
0.059443
0.059552
0.059336
0.058864
0.058269
0.057693
0.057251
0.057016
0.057041
0.057370
0.058047
0.059127
0.060670
0.062729
0.065316
0.068364
0.071709
0.075099
0.078287
0.081144
0.083732
0.086287
0.089098
0.092341
0.095930
0.099449
0.102246
0.103658
0.103291
0.101176
0.097726
0.093521
0.089076
0.084725
0.080655
0.076986
0.073804
0.071133
0.068919
0.067063
0.065485
0.064166
0.063133
0.062430
0.062083
0.062073
0.062335
0.062787
0.063364
0.064044
0.064839
0.065778
0.066882
0.068154
0.069571
0.071069
0.072516
0.073709
0.074419
0.074491
0.073932
0.072913
0.071686
0.070476
0.069429
0.068624
0.068104
0.067898
0.068008
0.068402
0.069017
0.069784
0.070658
0.071625
0.072713
0.074000
0.075585
0.077533
0.079801
0.082201
0.084442
0.086223
0.087343
0.087772
0.087656
0.087242
0.086788
0.086486
0.086440
0.086669
0.087118
0.087670
0.088170
0.088456
0.088372
0.087787
0.086626
0.084910
0.082779
0.080458
0.078186
0.076146
0.074427
0.073032
0.071895
0.070919
0.070020
0.069163
0.068364
0.067679
0.067180
0.066943
0.067030
0.067471
0.068259
0.069347
0.070664
0.072122
0.073640
0.075181
0.076778
0.078520
0.080516
0.082848
0.085544
0.088558
0.091762
0.094968
0.097994
0.100724
0.103138
0.105305
0.107382
0.109596
0.112152
0.115084
0.118087
0.120506
0.121537
0.120570
0.117487
0.112734
0.107131
0.101544
0.096603
0.092595
0.089530
0.087271
0.085651
0.084523
0.083778
0.083346
0.083198
0.083352
0.083866
0.084819
0.086267
0.088209
0.090581
0.093296
0.096290
0.099546
0.103099
0.107017
0.111393
0.116325
0.121836
0.127760
0.133606
0.138555
0.141649
0.142136
0.139765
0.134867
0.128162
0.120460
0.112438
0.104594
0.097289
0.090801
0.085302
0.080820
0.077256
0.074442
0.072220
0.070485
0.069182
0.068275
0.067713
0.067406
0.067245
0.067139
0.067048
0.066965
0.066872
0.066715
0.066413
0.065893
0.065136
0.064188
0.063164
0.062209
0.061460
0.061022
0.060941
0.061197
0.061699
0.062316
0.062927
0.063461
0.063899
0.064243
0.064481
0.064588
0.064533
0.064311
0.063950
0.063507
0.063045
0.062621
0.062267
0.061991
0.061783
0.061643
0.061602
0.061693
0.061905
0.062167
0.062379
0.062477
0.062468
0.062438
0.062498
0.062721
0.063089
0.063482
0.063734
0.063710
0.063374
0.062814
0.062207
0.061740
0.061536
0.061633
0.062006
0.062603
0.063341
0.064133
0.064921
0.065733
0.066687
0.067971
0.069794
0.072308
0.075493
0.079063
0.082475
0.085097
0.086449
0.086386
0.085140
0.083187
0.081021
0.078966
0.077131
0.075489
0.073997
0.072666
0.071572
0.070828
0.070534
0.070724
0.071341
0.072254
0.073296
0.074311
0.075199
0.075954
0.076666
0.077447
0.078335
0.079225
0.079880
0.080017
0.079425
0.078058
0.076043
0.073624
0.071064
0.068578
0.066323
0.064405
0.062890
0.061808
0.061144
0.060863
0.060916
0.061255
0.061813
0.062489
0.063152
0.063672
0.063948
0.063938
0.063675
0.063272
0.062902
0.062730
0.062858
0.063296
0.063989
0.064848
0.065769
0.066655
0.067444
0.068139
0.068802
0.069521
0.070341
0.071205
0.071939
0.072303
0.072104
0.071285
0.069954
0.068341
0.066728
0.065390
0.064546
0.064330
0.064772
0.065798
0.067243
0.068892
0.070526
0.071978
0.073162
0.074090
0.074841
0.075513
0.076156
0.076754
0.077255
0.077629
0.077884
0.078035
0.078071
0.077954
0.077645
0.077126
0.076407
0.075521
0.074539
0.073583
0.072820
0.072425
0.072523
0.073139
0.074199
0.075571
0.077127
0.078775
0.080461
0.082145
0.083786
0.085337
0.086756
0.088051
0.089307
0.090672
0.092270
0.094127
0.096150
0.098176
0.100035
0.101569
0.102645
0.103167
0.103103
0.102475
0.101331
0.099727
0.097750
0.095549
0.093326
0.091273
0.089502
0.088046
0.086913
0.086160
0.085919
0.086346
0.087538
0.089460
0.091904
0.094509
0.096842
0.098520
0.099309
0.099180
0.098287
0.096909
0.095372
0.093966
0.092887
0.092240
0.092097
0.092563
0.093801
0.096008
0.099391
0.104110
0.110201
0.117509
0.125679
0.134237
0.142701
0.150619
0.157534
0.162936
0.166281
0.167112
0.165217
0.160727
0.154108
0.146048
0.137322
0.128668
0.120699
0.113821
0.108199
0.103785
0.100426
0.098001
0.096480
0.095884
0.096155
0.097053
0.098161
0.099029
0.099369
0.099149
0.098533
0.097719
0.096827
0.095888
0.094912
0.093930
0.093003
0.092179
0.091470
0.090838
0.090218
0.089537
0.088736
0.087779
0.086676
0.085497
0.084371
0.083467
0.082956
0.082986
0.083625
0.084801
0.086273
0.087702
0.088796
0.089422
0.089617
0.089501
0.089175
0.088678
0.088018
0.087235
0.086440
0.085796
0.085460
0.085531
0.086044
0.086989
0.088308
0.089881
0.091536
0.093138
0.094680
0.096286
0.098124
0.100280
0.102690
0.105162
0.107445
0.109311
0.110626
0.111406
0.111809
0.112058
0.112306
0.112538
0.112584
0.112222
0.111327
0.109962
0.108357
0.106825
0.105647
0.105020
0.105052
0.105782
0.107159
0.108967
0.110769
0.111972
0.112053
0.110816
0.108510
0.105688
0.102920
0.100551
0.098640
0.097068
0.095673
0.094328
0.092950
0.091490
0.089930
0.088302
0.086693
0.085231
0.084056
0.083271
0.082911
0.082944
0.083302
0.083921
0.084771
0.085856
0.087193
0.088792
0.090637
0.092682
0.094860
0.097083
0.099235
0.101161
0.102670
0.103585
0.103826
0.103448
0.102623
0.101545
0.100332
0.099014
0.097591
0.096116
0.094723
0.093569
0.092764
0.092337
0.092265
0.092520
0.093083
0.093934
0.095024
0.096266
0.097533
0.098691
0.099635
0.100333
0.100842
0.101285
0.101789
0.102415
0.103127
0.103801
0.104284
0.104454
0.104269
0.103786
0.103147
0.102494
0.101882
0.101239
0.100417
0.099305
0.097905
0.096327
0.094709
0.093153
0.091695
0.090328
0.089037
0.087827
0.086727
0.085784
0.085053
0.084561
0.084292
0.084182
0.084133
0.084042
0.083818
0.083397
0.082754
0.081912
0.080941
0.079938
0.078998
0.078195
0.077590
0.077239
0.077188
0.077457
0.078007
0.078751
0.079579
0.080406
0.081173
0.081831
0.082311
0.082534
0.082446
0.082055
0.081442
0.080742
0.080104
0.079654
0.079476
0.079591
0.079937
0.080366
0.080692
0.080767
0.080556
0.080131
0.079623
0.079157
0.078816
0.078634
0.078623
0.078785
0.079115
0.079581
0.080105
0.080577
0.080892
0.080991
0.080876
0.080585
0.080144
0.079529
0.078660
0.077448
0.075858
0.073963
0.071922
0.069918
0.068087
0.066495
0.065159
0.064074
0.063236
0.062650
0.062321
0.062229
0.062306
0.062433
0.062483
0.062386
0.062170
0.061948
0.061879
0.062117
0.062775
0.063913
0.065530
0.067571
0.069952
0.072602
0.075504
0.078684
0.082122
0.085609
0.088676
0.090689
0.091101
0.089723
0.086835
0.083062
0.079096
0.075453
0.072390
0.069979
0.068201
0.066982
0.066169
0.065543
0.064870
0.063978
0.062788
0.061321
0.059683
0.058007
0.056397
0.054879
0.053419
0.051969
0.050515
0.049083
0.047727
0.046499
0.045436
0.044548
0.043838
0.043306
0.042963
0.042829
0.042925
0.043252
0.043759
0.044347
0.044921
0.045436
0.045909
0.046388
0.046917
0.047511
0.048148
0.048760
0.049249
0.049514
0.049493
0.049171
0.048581
0.047797
0.046916
0.046050
0.045297
0.044727
0.044367
0.044217
0.044256
0.044458
0.044783
0.045180
0.045600
0.046008
0.046385
0.046711
0.046956
0.047076
0.047039
0.046851
0.046577
0.046321
0.046183
0.046226
0.046503
0.047087
0.048084
0.049616
0.051811
0.054772
0.058452
0.062454
0.065945
0.067889
0.067542
0.064874
0.060592
0.055738
0.051192
0.047400
0.044428
0.042159
0.040442
0.039136
0.038126
0.037325
0.036680
0.036158
0.035735
0.035388
0.035112
0.034905
0.034772
0.034712
0.034719
0.034780
0.034871
0.034965
0.035036
0.035055
0.034997
0.034851
0.034624
0.034339
0.034020
0.033701
0.033419
0.033207
0.033092
0.033097
0.033249
0.033552
0.033961
0.034387
0.034737
0.034956
0.035051
0.035076
0.035087
0.035104
0.035095
0.035007
0.034807
0.034509
0.034167
0.033858
0.033668
0.033674
0.033928
0.034441
0.035189
0.036127
0.037184
0.038254
0.039202
0.039892
0.040233
0.040213
0.039910
0.039460
0.039016
0.038693
0.038548
0.038580
0.038748
0.038980
0.039190
0.039295
0.039249
0.039072
0.038840
0.038655
0.038606
0.038730
0.038988
0.039269
0.039420
0.039326
0.038967
0.038423
0.037830
0.037315
0.036969
0.036844
0.036954
0.037274
0.037743
0.038283
0.038839
0.039392
0.039964
0.040596
0.041317
0.042109
0.042884
0.043496
0.043784
0.043656
0.043142
0.042389
0.041598
0.040940
0.040513
0.040339
0.040400
0.040661
0.041081
0.041599
0.042149
0.042684
0.043198
0.043716
0.044275
0.044912
0.045645
0.046450
0.047244
0.047908
0.048341
0.048508
0.048456
0.048297
0.048176
0.048223
0.048504
0.048993
0.049556
0.049992
0.050099
0.049761
0.048997
0.047940
0.046756
0.045567
0.044434
0.043373
0.042377
0.041439
0.040576
0.039834
0.039265
0.038901
0.038745
0.038781
0.038986
0.039327
0.039760
0.040233
0.040707
0.041159
0.041590
0.042011
0.042434
0.042874
0.043353
0.043904
0.044544
0.045271
0.046056
0.046848
0.047579
0.048177
0.048593
0.048830
0.048924
0.048905
0.048758
0.048439
0.047925
0.047253
0.046513
0.045797
0.045154
0.044580
0.044049
0.043547
0.043087
0.042699
0.042413
0.042228
0.042082
0.041856
0.041414
0.040668
0.039620
0.038357
0.037025
0.035781
0.034740
0.033944
0.033367
0.032950
0.032634
0.032381
0.032182
0.032059
0.032056
0.032214
0.032554
0.033078
0.033765
0.034565
0.035394
0.036139
0.036695
0.036997
0.037050
0.036917
0.036693
0.036474
0.036338
0.036351
0.036546
0.036905
0.037334
0.037684
0.037803
0.037592
0.037045
0.036244
0.035322
0.034414
0.033615
0.032959
0.032429
0.031978
0.031573
0.031205
0.030888
0.030634
0.030436
0.030267
0.030093
0.029904
0.029713
0.029554
0.029450
0.029406
0.029419
0.029492
0.029633
0.029831
0.030040
0.030191
0.030226
0.030138
0.029996
0.029923
0.030042
0.030443
0.031171
0.032240
0.033614
0.035181
0.036764
0.038163
0.039208
0.039773
0.039783
0.039229
0.038192
0.036851
0.035452
0.034234
0.033351
0.032818
0.032519
0.032270
0.031893
0.031272
0.030398
0.029347
0.028229
0.027125
0.026071
0.025096
0.024239
0.023537
0.023006
0.022644
0.022443
0.022384
0.022428
0.022531
0.022656
0.022778
0.022864
0.022878
0.022794
0.022600
0.022302
0.021921
0.021504
0.021108
0.020778
0.020537
0.020395
0.020352
0.020402
0.020532
0.020720
0.020924
0.021084
0.021137
0.021058
0.020874
0.020644
0.020429
0.020272
0.020188
0.020172
0.020217
0.020320
0.020478
0.020672
0.020875
0.021073
0.021278
0.021518
0.021812
0.022154
0.022508
0.022816
0.023017
0.023074
0.022981
0.022760
0.022444
0.022082
0.021727
0.021425
0.021198
0.021057
0.021004
0.021039
0.021143
0.021279
0.021402
0.021486
0.021530
0.021559
0.021603
0.021682
0.021797
0.021942
0.022107
0.022296
0.022516
0.022782
0.023110
0.023516
0.024027
0.024675
0.025483
0.026457
0.027577
0.028802
0.030063
0.031249
0.032217
0.032837
0.033047
0.032885
0.032471
0.031951
0.031442
0.031000
0.030628
0.030314
0.030062
0.029900
0.029870
0.030007
0.030340
0.030881
0.031635
0.032599
0.033757
0.035076
0.036512
0.038026
0.039595
0.041220
0.042911
0.044659
0.046406
0.048041
0.049419
0.050406
0.050893
0.050800
0.050094
0.048815
0.047101
0.045161
0.043219
0.041464
0.040025
0.038964
0.038288
0.037968
0.037960
0.038232
0.038789
0.039680
0.040993
0.042795
0.045077
0.047707
0.050445
0.053009
0.055192
0.056988
0.058642
0.060602
0.063375
0.067345
0.072574
0.078654
0.084704
0.089555
0.092116
0.091732
0.088409
0.082770
0.075817
0.068585
0.061852
0.056018
0.051157
0.047163
0.043879
0.041162
0.038901
0.037016
0.035457
0.034203
0.033251
0.032609
0.032292
0.032323
0.032722
0.033514
0.034739
0.036467
0.038793
0.041840
0.045783
0.050870
0.057400
0.065678
0.075955
0.088350
0.102666
0.118121
0.133166
0.145666
0.153489
0.155240
0.150751
0.141069
0.128026
0.113635
0.099565
0.086862
0.075945
0.066813
0.059298
0.053222
0.048428
0.044744
0.041991
0.040013
0.038682
0.037890
0.037535
0.037534
0.037824
0.038344
0.039035
0.039862
0.040850
0.042078
0.043667
0.045774
0.048591
0.052330
0.057194
0.063345
0.070807
0.079277
0.087938
0.095448
0.100258
0.101163
0.097805
0.090839
0.081653
0.071825
0.062618
0.054744
0.048417
0.043552
0.039953
0.037412
0.035730
0.034704
0.034132
0.033829
0.033648
0.033486
0.033272
0.032963
0.032543
0.032017
0.031421
0.030811
0.030246
0.029760
0.029341
0.028940
0.028491
0.027929
0.027207
0.026322
0.025324
0.024285
0.023264
0.022289
0.021374
0.020538
0.019800
0.019170
0.018650
0.018228
0.017885
0.017593
0.017326
0.017067
0.016801
0.016514
0.016194
0.015838
0.015458
0.015079
0.014730
0.014435
0.014198
0.014006
0.013842
0.013697
0.013575
0.013482
0.013433
0.013441
0.013516
0.013661
0.013877
0.014156
0.014472
0.014769
0.014986
0.015080
0.015039
0.014881
0.014644
0.014370
0.014096
0.013847
0.013631
0.013452
0.013310
0.013209
0.013147
0.013115
0.013101
0.013109
0.013168
0.013311
0.013546
0.013860
0.014225
0.014610
0.014973
0.015262
0.015443
0.015514
0.015513
0.015489
0.015483
0.015511
0.015565
0.015624
0.015674
0.015704
0.015701
0.015642
0.015499
0.015257
0.014922
0.014524
0.014109
0.013722
0.013391
0.013124
0.012923
0.012786
0.012713
0.012695
0.012722
0.012788
0.012889
0.013027
0.013202
0.013403
0.013597
0.013734
0.013771
0.013696
0.013529
0.013304
0.013063
0.012843
0.012662
0.012523
0.012426
0.012377
0.012380
0.012432
0.012526
0.012658
0.012828
0.013034
0.013280
0.013574
0.013924
0.014337
0.014817
0.015344
0.015869
0.016316
0.016619
0.016749
0.016709
0.016522
0.016224
0.015870
0.015519
0.015227
0.015038
0.014969
0.015014
0.015154
0.015375
0.015666
0.016004
0.016346
0.016653
0.016917
0.017160
0.017422
0.017756
0.018223
0.018854
0.019614
0.020390
0.021037
0.021456
0.021660
0.021782
0.022026
0.022573
0.023551
0.025051
0.027158
0.029945
0.033429
0.037516
0.041892
0.045936
0.048774
0.049596
0.048077
0.044586
0.039996
0.035248
0.030981
0.027441
0.024603
0.022353
0.020584
0.019207
0.018141
0.017322
0.016706
0.016263
0.015955
0.015743
0.015607
0.015541
0.015544
0.015619
0.015783
0.016059
0.016450
0.016937
0.017494
0.018090
0.018679
0.019200
0.019596
0.019840
0.019934
0.019901
0.019772
0.019584
0.019371
0.019147
0.018905
0.018622
0.018277
0.017860
0.017385
0.016885
0.016401
0.015971
0.015630
0.015399
0.015289
0.015299
0.015424
0.015661
0.016011
0.016501
0.017183
0.018112
0.019311
0.020738
0.022283
0.023756
0.024917
0.025549
0.025561
0.025011
0.024063
0.022905
0.021695
0.020542
0.019507
0.018611
0.017858
0.017246
0.016763
0.016388
0.016109
0.015931
0.015865
0.015917
0.016071
0.016296
0.016536
0.016716
0.016768
0.016651
0.016370
0.015965
0.015504
0.015061
0.014694
0.014434
0.014291
0.014253
0.014287
0.014357
0.014442
0.014538
0.014641
0.014734
0.014808
0.014869
0.014936
0.015022
0.015137
0.015290
0.015485
0.015721
0.016001
0.016341
0.016764
0.017292
0.017947
0.018765
0.019784
0.021036
0.022537
0.024269
0.026158
0.028066
0.029823
0.031283
0.032360
0.033009
0.033192
0.032859
0.031971
0.030553
0.028744
0.026769
0.024861
0.023181
0.021793
0.020695
0.019850
0.019210
0.018733
0.018382
0.018116
0.017890
0.017669
0.017438
0.017190
0.016925
0.016665
0.016450
0.016322
0.016301
0.016389
0.016577
0.016855
0.017204
0.017614
0.018080
0.018592
0.019130
0.019671
0.020192
0.020673
0.021090
0.021431
0.021694
0.021877
0.021981
0.022023
0.022032
0.022022
0.021976
0.021877
0.021742
0.021614
0.021544
0.021575
0.021737
0.022027
0.022414
0.022873
0.023422
0.024105
0.024964
0.026013
0.027212
0.028442
0.029526
0.030305
0.030731
0.030884
0.030917
0.031000
0.031274
0.031811
0.032609
0.033632
0.034862
0.036303
0.037960
0.039833
0.041931
0.044233
0.046643
0.048974
0.050989
0.052440
0.053112
0.052882
0.051772
0.049936
0.047603
0.045015
0.042395
0.039909
0.037639
0.035618
0.033871
0.032433
0.031318
0.030500
0.029917
0.029476
0.029072
0.028642
0.028206
0.027843
0.027612
0.027511
0.027504
0.027540
0.027572
0.027571
0.027549
0.027538
0.027555
0.027613
0.027749
0.028023
0.028477
0.029132
0.030019
0.031188
0.032690
0.034593
0.037015
0.040119
0.044060
0.048975
0.054984
0.062119
0.070159
0.078496
0.086145
0.091917
0.094740
0.094054
0.090077
0.083723
0.076222
0.068712
0.061996
0.056464
0.052141
0.048846
0.046380
0.044604
0.043388
0.042612
0.042220
0.042232
0.042664
0.043498
0.044735
0.046433
0.048638
0.051364
0.054655
0.058592
0.063226
0.068580
0.074773
0.082062
0.090739
0.101073
0.113376
0.127948
0.144757
0.163189
0.182168
0.200493
0.217152
0.231780
0.245311
0.260291
0.280363
0.309411
0.351067
0.408089
0.480186
0.560600
0.634521
0.682725
0.689954
0.652931
0.582174
0.496174
0.412247
0.340353
0.282848
0.238073
0.203666
0.177667
0.158374
0.144365
0.134734
0.128982
0.126623
0.127030
0.129515
0.133336
0.137607
0.141410
0.144051
0.145106
0.144265
0.141268
0.136017
0.128675
0.119622
0.109421
0.098819
0.088616
0.079422
0.071523
0.064943
0.059562
0.055164
0.051514
0.048455
0.045931
0.043890
0.042214
0.040772
0.039467
0.038240
0.037080
0.036050
0.035268
0.034805
0.034624
0.034633
0.034750
0.034928
0.035164
0.035520
0.036093
0.036932
0.038000
0.039207
0.040418
0.041398
0.041835
0.041475
0.040262
0.038352
0.036029
0.033616
0.031391
0.029512
0.028003
0.026825
0.025927
0.025247
0.024712
0.024271
0.023926
0.023691
0.023556
0.023510
0.023562
0.023728
0.023998
0.024359
0.024811
0.025362
0.026010
0.026769
0.027686
0.028787
0.030041
0.031363
0.032649
0.033769
0.034565
0.034909
0.034769
0.034230
0.033458
0.032674
0.032107
0.031925
0.032177
0.032785
0.033574
0.034302
0.034730
0.034746
0.034441
0.034048
0.033788
0.033743
0.033824
0.033805
0.033436
0.032573
0.031263
0.029700
0.028108
0.026662
0.025459
0.024518
0.023795
0.023222
0.022743
0.022322
0.021936
0.021591
0.021325
0.021172
0.021127
0.021166
0.021281
0.021477
0.021747
0.022073
0.022460
0.022933
0.023497
0.024136
0.024818
0.025502
0.026124
0.026617
0.026956
0.027161
0.027269
0.027315
0.027334
0.027365
0.027435
0.027577
0.027844
0.028284
0.028890
0.029552
0.030085
0.030273
0.029958
0.029115
0.027890
0.026521
0.025210
0.024066
0.023114
0.022346
0.021721
0.021183
0.020689
0.020220
0.019760
0.019290
0.018806
0.018329
0.017887
0.017501
0.017179
0.016935
0.016780
0.016720
0.016749
0.016849
0.016986
0.017134
0.017290
0.017461
0.017639
0.017807
0.017974
0.018172
0.018434
0.018770
0.019185
0.019667
0.020151
0.020523
0.020684
0.020605
0.020331
0.019934
0.019493
0.019073
0.018707
0.018392
0.018112
0.017863
0.017653
0.017495
0.017400
0.017379
0.017423
0.017505
0.017605
0.017732
0.017895
0.018087
0.018280
0.018448
0.018570
0.018637
0.018659
0.018673
0.018718
0.018812
0.018969
0.019210
0.019564
0.020043
0.020642
0.021338
0.022101
0.022883
0.023624
0.024270
0.024798
0.025211
0.025534
0.025804
0.026056
0.026320
0.026615
0.026944
0.027285
0.027606
0.027871
0.028043
0.028072
0.027912
0.027556
0.027051
0.026479
0.025922
0.025440
0.025056
0.024745
0.024437
0.024070
0.023617
0.023086
0.022509
0.021932
0.021411
0.020996
0.020715
0.020582
0.020606
0.020789
0.021123
0.021603
0.022236
0.023012
0.023884
0.024791
0.025688
0.026559
0.027409
0.028254
0.029105
0.029944
0.030720
0.031380
0.031894
0.032240
0.032381
0.032273
0.031900
0.031267
0.030391
0.029288
0.028001
0.026595
0.025141
0.023699
0.022330
0.021086
0.019994
0.019058
0.018281
0.017668
0.017216
0.016909
0.016731
0.016678
0.016753
0.016956
0.017288
0.017766
0.018398
0.019168
0.020027
0.020899
0.021687
0.022299
0.022684
0.022853
0.022871
0.022827
0.022809
0.022882
0.023076
0.023376
0.023722
0.024015
0.024143
0.024017
0.023603
0.022933
0.022078
0.021132
0.020192
0.019341
0.018622
0.018043
0.017590
0.017250
0.017008
0.016850
0.016764
0.016747
0.016807
0.016954
0.017205
0.017578
0.018077
0.018672
0.019280
0.019764
0.019962
0.019768
0.019206
0.018422
0.017612
0.016926
0.016437
0.016150
0.016029
0.016014
0.016053
0.016124
0.016246
0.016445
0.016741
0.017164
0.017765
0.018605
0.019753
0.021300
0.023394
0.026234
0.030035
0.035015
0.041364
0.049070
0.057566
0.065492
0.070986
0.072512
0.069718
0.063643
0.056108
0.048772
0.042518
0.037467
0.033370
0.029978
0.027168
0.024890
0.023104
0.021760
0.020813
0.020207
0.019875
0.019743
0.019737
0.019785
0.019815
0.019783
0.019688
0.019548
0.019371
0.019146
0.018866
0.018535
0.018164
0.017767
0.017353
0.016924
0.016478
0.016029
0.015611
0.015254
0.014963
0.014721
0.014523
0.014376
0.014280
0.014229
0.014226
0.014281
0.014403
0.014588
0.014840
0.015167
0.015569
0.016031
0.016536
0.017077
0.017639
0.018175
0.018610
0.018861
0.018878
0.018677
0.018334
0.017945
0.017572
0.017237
0.016947
0.016704
0.016501
0.016323
0.016166
0.016038
0.015948
0.015897
0.015888
0.015926
0.016004
0.016104
0.016216
0.016360
0.016562
0.016842
0.017213
0.017683
0.018251
0.018901
0.019618
0.020393
0.021201
0.021984
0.022676
0.023216
0.023559
0.023670
0.023544
0.023218
0.022755
0.022219
0.021668
0.021164
0.020757
0.020480
0.020349
0.020372
0.020549
0.020856
0.021261
0.021748
0.022318
0.022974
0.023716
0.024562
0.025545
0.026702
0.028083
0.029768
0.031883
0.034575
0.037990
0.042259
0.047432
0.053341
0.059459
0.064949
0.068970
0.071106
0.071620
0.071310
0.071041
0.071242
0.071651
0.071474
0.069849
0.066370
0.061321
0.055503
0.049796
0.044804
0.040769
0.037693
0.035456
0.033888
0.032800
0.032018
0.031413
0.030902
0.030452
0.030082
0.029829
0.029722
0.029767
0.029965
0.030320
0.030841
0.031537
0.032418
0.033486
0.034717
0.036080
0.037566
0.039187
0.040960
0.042889
0.044962
0.047159
0.049460
0.051845
0.054300
0.056805
0.059323
0.061786
0.064103
0.066168
0.067881
0.069167
0.069997
0.070369
0.070302
0.069835
0.069033
0.067967
0.066695
0.065266
0.063737
0.062178
0.060642
0.059151
0.057707
0.056292
0.054879
0.053459
0.052067
0.050772
0.049639
0.048693
0.047922
0.047285
0.046738
0.046263
0.045879
0.045624
0.045533
0.045637
0.045991
0.046670
0.047738
0.049235
0.051185
0.053592
0.056423
0.059604
0.063043
0.066646
0.070301
0.073869
0.077173
0.080011
0.082184
0.083545
0.084043
0.083727
0.082692
0.081034
0.078843
0.076223
0.073305
0.070246
0.067221
0.064388
0.061858
0.059677
0.057838
0.056313
0.055071
0.054086
0.053356
0.052906
0.052776
0.053006
0.053647
0.054744
0.056332
0.058419
0.060999
0.064042
0.067470
0.071140
0.074852
0.078383
0.081514
0.084070
0.085946
0.087095
0.087487
0.087084
0.085843
0.083758
0.080891
0.077391
0.073470
0.069354
0.065229
0.061226
0.057443
0.053957
0.050810
0.048002
0.045521
0.043355
0.041485
0.039876
0.038503
0.037369
0.036495
0.035906
0.035614
0.035624
0.035917
0.036438
0.037113
0.037873
0.038676
0.039510
0.040378
0.041270
0.042130
0.042861
0.043359
0.043547
0.043384
0.042849
0.041953
0.040738
0.039260
0.037580
0.035771
0.033924
0.032129
0.030452
0.028930
0.027586
0.026423
0.025421
0.024557
0.023817
0.023196
0.022683
0.022265
0.021937
0.021699
0.021552
0.021500
0.021551
0.021702
0.021932
0.022217
0.022537
0.022879
0.023225
0.023575
0.023949
0.024366
0.024826
0.025313
0.025806
0.026282
0.026705
0.027040
0.027265
0.027361
0.027309
0.027115
0.026826
0.026504
0.026196
0.025936
0.025746
0.025625
0.025532
0.025417
0.025255
0.025047
0.024799
0.024532
0.024288
0.024126
0.024088
0.024187
0.024407
0.024704
0.025015
0.025279
0.025466
0.025567
0.025576
0.025508
0.025409
0.025339
0.025329
0.025383
0.025498
0.025665
0.025858
0.026044
0.026215
0.026394
0.026603
0.026867
0.027213
0.027675
0.028275
0.029022
0.029925
0.030991
0.032211
0.033566
0.035054
0.036691
0.038504
0.040545
0.042900
0.045691
0.049057
0.053165
0.058227
0.064517
0.072381
0.082269
0.094783
0.110707
0.131032
0.156904
0.189372
0.228816
0.274204
0.322480
0.368471
0.405640
0.427726
0.430775
0.414597
0.382795
0.341359
0.296665
0.253814
0.215843
0.183837
0.157585
0.136317
0.119196
0.105502
0.094663
0.086241
0.079883
0.075277
0.072168
0.070377
0.069772
0.070234
0.071692
0.074177
0.077810
0.082793
0.089492
0.098520
0.110662
0.126723
0.147423
0.173079
0.202830
0.233747
0.260804
0.278256
0.281877
0.270805
0.247953
0.218731
0.188737
0.161789
0.139383
0.121488
0.107551
0.096924
0.088906
0.082851
0.078325
0.075049
0.072766
0.071283
0.070560
0.070636
0.071502
0.073159
0.075719
0.079313
0.083989
0.089823
0.097090
0.106199
0.117622
0.132112
0.150955
0.175826
0.208457
0.250508
0.303176
0.365648
0.432870
0.494712
0.538274
0.552737
0.534167
0.487475
0.424278
0.357710
0.297336
0.247162
0.207123
0.175703
0.151354
0.132609
0.118041
0.106542
0.097420
0.090193
0.084454
0.079961
0.076618
0.074312
0.072877
0.072236
0.072425
0.073466
0.075354
0.078204
0.082279
0.087880
0.095343
0.105175
0.118036
0.134606
0.155540
0.181384
0.211894
0.244858
0.275516
0.297545
0.305398
0.296720
0.273489
0.241201
0.206465
0.174399
0.147400
0.125674
0.108493
0.094978
0.084253
0.075486
0.068068
0.061686
0.056186
0.051461
0.047444
0.044105
0.041381
0.039177
0.037432
0.036126
0.035198
0.034530
0.033995
0.033492
0.032930
0.032243
0.031439
0.030583
0.029724
0.028877
0.028061
0.027314
0.026647
0.026032
0.025459
0.024944
0.024502
0.024123
0.023805
0.023565
0.023404
0.023305
0.023259
0.023290
0.023412
0.023606
0.023830
0.024032
0.024144
0.024091
0.023835
0.023389
0.022802
0.022148
0.021519
0.021000
0.020627
0.020386
0.020256
0.020234
0.020319
0.020499
0.020758
0.021071
0.021384
0.021628
0.021758
0.021783
0.021727
0.021613
0.021466
0.021320
0.021191
0.021064
0.020922
0.020769
0.020622
0.020496
0.020409
0.020381
0.020431
0.020560
0.020758
0.021012
0.021298
0.021589
0.021863
0.022109
0.022304
0.022415
0.022412
0.022283
0.022027
0.021646
0.021154
0.020573
0.019925
0.019233
0.018538
0.017886
0.017304
0.016796
0.016369
0.016032
0.015788
0.015619
0.015508
0.015453
0.015452
0.015489
0.015553
0.015641
0.015760
0.015919
0.016135
0.016426
0.016783
0.017157
0.017489
0.017734
0.017876
0.017918
0.017892
0.017838
0.017792
0.017768
0.017770
0.017799
0.017842
0.017873
0.017872
0.017821
0.017686
0.017414
0.016982
0.016423
0.015805
0.015193
0.014622
0.014106
0.013641
0.013226
0.012871
0.012601
0.012433
0.012356
0.012345
0.012379
0.012429
0.012460
0.012450
0.012403
0.012346
0.012304
0.012296
0.012331
0.012401
0.012479
0.012540
0.012572
0.012571
0.012530
0.012447
0.012338
0.012225
0.012123
0.012041
0.011988
0.011958
0.011925
0.011857
0.011748
0.011618
0.011487
0.011373
0.011289
0.011243
0.011233
0.011255
0.011317
0.011429
0.011592
0.011814
0.012109
0.012473
0.012862
0.013204
0.013449
0.013580
0.013598
0.013522
0.013396
0.013278
0.013205
0.013182
0.013200
0.013250
0.013328
0.013425
0.013542
0.013690
0.013870
0.014077
0.014312
0.014588
0.014901
0.015225
0.015528
0.015784
0.015966
0.016045
0.016003
0.015843
0.015589
0.015271
0.014929
0.014602
0.014312
0.014054
0.013823
0.013624
0.013476
0.013389
0.013365
0.013403
0.013495
0.013629
0.013804
0.014037
0.014348
0.014752
0.015263
0.015898
0.016676
0.017618
0.018763
0.020172
0.021916
0.024067
0.026739
0.030129
0.034513
0.040206
0.047523
0.056712
0.067726
0.079822
0.091273
0.099642
0.102735
0.099726
0.091636
0.080759
0.069486
0.059389
0.051055
0.044455
0.039365
0.035549
0.032798
0.030928
0.029760
0.029065
0.028544
0.027875
0.026833
0.025384
0.023678
0.021955
0.020423
0.019183
0.018242
0.017566
0.017123
0.016883
0.016798
0.016804
0.016825
0.016795
0.016662
0.016410
0.016057
0.015657
0.015269
0.014937
0.014668
0.014449
0.014259
0.014092
0.013949
0.013831
0.013733
0.013644
0.013548
0.013441
0.013341
0.013295
0.013350
0.013532
0.013842
0.014273
0.014795
0.015347
0.015845
0.016215
0.016427
0.016495
0.016461
0.016378
0.016295
0.016250
0.016263
0.016335
0.016439
0.016520
0.016521
0.016407
0.016192
0.015931
0.015695
0.015542
0.015493
0.015525
0.015595
0.015661
0.015689
0.015661
0.015581
0.015472
0.015360
0.015261
0.015175
0.015098
0.015032
0.014989
0.014996
0.015087
0.015278
0.015546
0.015834
0.016093
0.016308
0.016499
0.016691
0.016906
0.017153
0.017423
0.017689
0.017909
0.018044
0.018069
0.017976
0.017773
0.017479
0.017112
0.016704
0.016298
0.015936
0.015654
0.015473
0.015406
0.015454
0.015601
0.015814
0.016053
0.016284
0.016478
0.016613
0.016685
0.016691
0.016632
0.016506
0.016330
0.016135
0.015951
0.015803
0.015709
0.015682
0.015716
0.015778
0.015811
0.015766
0.015623
0.015411
0.015203
0.015086
0.015120
0.015324
0.015687
0.016182
0.016765
0.017369
0.017909
0.018312
0.018533
0.018576
0.018490
0.018338
0.018167
0.017971
0.017710
0.017351
0.016901
0.016416
0.015979
0.015659
0.015489
0.015459
0.015531
0.015650
0.015771
0.015869
0.015941
0.015993
0.016010
0.015948
0.015763
0.015435
0.014975
0.014421
0.013831
0.013277
0.012817
0.012479
0.012258
0.012137
0.012101
0.012143
0.012251
0.012409
0.012589
0.012766
0.012920
0.013046
0.013152
0.013245
0.013325
0.013388
0.013426
0.013440
0.013439
0.013439
0.013445
0.013453
0.013448
0.013424
0.013378
0.013309
0.013214
0.013100
0.012986
0.012896
0.012846
0.012845
0.012896
0.013000
0.013157
0.013364
0.013609
0.013869
0.014105
0.014276
0.014349
0.014306
0.014150
0.013911
0.013630
0.013346
0.013086
0.012858
0.012661
0.012484
0.012319
0.012163
0.012016
0.011880
0.011760
0.011659
0.011592
0.011568
0.011595
0.011663
0.011761
0.011881
0.012028
0.012208
0.012424
0.012669
0.012937
0.013225
0.013532
0.013855
0.014189
0.014533
0.014882
0.015225
0.015555
0.015862
0.016128
0.016322
0.016410
0.016378
0.016226
0.015961
0.015595
0.015146
0.014645
0.014130
0.013640
0.013210
0.012859
0.012596
0.012415
0.012312
0.012282
0.012316
0.012393
0.012492
0.012597
0.012694
0.012783
0.012880
0.013018
0.013223
0.013502
0.013843
0.014236
0.014675
0.015162
0.015694
0.016271
0.016887
0.017530
0.018188
0.018860
0.019547
0.020233
0.020878
0.021435
0.021876
0.022199
0.022411
0.022515
0.022504
0.022366
0.022094
0.021691
0.021181
0.020595
0.019963
0.019308
0.018651
0.018017
0.017431
0.016909
0.016456
0.016071
0.015755
0.015502
0.015291
0.015098
0.014911
0.014736
0.014589
0.014492
0.014464
0.014519
0.014651
0.014841
0.015078
0.015377
0.015774
0.016296
0.016957
0.017760
0.018715
0.019834
0.021112
0.022517
0.024004
0.025550
0.027187
0.029003
0.031109
0.033590
0.036482
0.039783
0.043459
0.047386
0.051240
0.054455
0.056349
0.056419
0.054615
0.051386
0.047455
0.043495
0.039921
0.036877
0.034352
0.032274
0.030564
0.029140
0.027933
0.026885
0.025952
0.025091
0.024269
0.023466
0.022691
0.021965
0.021311
0.020743
0.020271
0.019893
0.019600
0.019374
0.019203
0.019081
0.018996
0.018930
0.018857
0.018758
0.018624
0.018459
0.018284
0.018127
0.018005
0.017916
0.017848
0.017787
0.017723
0.017656
0.017588
0.017524
0.017470
0.017414
0.017337
0.017218
0.017047
0.016829
0.016578
0.016314
0.016047
0.015779
0.015515
0.015265
0.015035
0.014826
0.014632
0.014463
0.014342
0.014285
0.014295
0.014366
0.014494
0.014679
0.014913
0.015184
0.015474
0.015762
0.016029
0.016266
0.016471
0.016644
0.016789
0.016918
0.017055
0.017221
0.017420
0.017640
0.017873
0.018116
0.018366
0.018612
0.018847
0.019073
0.019303
0.019554
0.019838
0.020167
0.020567
0.021095
0.021826
0.022785
0.023866
0.024817
0.025346
0.025289
0.024718
0.023896
0.023114
0.022549
0.022231
0.022099
0.022078
0.022102
0.022122
0.022118
0.022112
0.022166
0.022349
0.022708
0.023268
0.024034
0.024987
0.026067
0.027174
0.028178
0.028950
0.029385
0.029429
0.029090
0.028432
0.027559
0.026595
0.025662
0.024856
0.024234
0.023810
0.023571
0.023484
0.023498
0.023542
0.023535
0.023410
0.023144
0.022769
0.022372
0.022059
0.021928
0.022035
0.022385
0.022939
0.023630
0.024379
0.025115
0.025787
0.026377
0.026894
0.027359
0.027782
0.028161
0.028511
0.028892
0.029410
0.030160
0.031162
0.032312
0.033393
0.034125
0.034272
0.033740
0.032620
0.031143
0.029581
0.028158
0.027019
0.026226
0.025771
0.025577
0.025515
0.025448
0.025277
0.024972
0.024563
0.024108
0.023659
0.023243
0.022860
0.022491
0.022128
0.021785
0.021499
0.021292
0.021148
0.021021
0.020865
0.020658
0.020409
0.020153
0.019938
0.019809
0.019804
0.019951
0.020279
0.020802
0.021487
0.022228
0.022875
0.023291
0.023391
0.023165
0.022678
0.022055
0.021438
0.020936
0.020602
0.020448
0.020467
0.020639
0.020926
0.021268
0.021595
0.021845
0.021980
0.022007
0.021967
0.021920
0.021921
0.022015
0.022232
0.022590
0.023085
0.023675
0.024269
0.024732
0.024946
0.024880
0.024627
0.024362
0.024270
0.024474
0.024983
0.025658
0.026241
0.026455
0.026143
0.025340
0.024243
0.023101
0.022102
0.021334
0.020798
0.020459
0.020280
0.020231
0.020281
0.020392
0.020526
0.020644
0.020724
0.020770
0.020816
0.020901
0.021050
0.021273
0.021590
0.022030
0.022614
0.023354
0.024259
0.025341
0.026579
0.027898
0.029189
0.030376
0.031481
0.032611
0.033866
0.035207
0.036398
0.037094
0.037037
0.036213
0.034861
0.033326
0.031896
0.030705
0.029747
0.028954
0.028265
0.027650
0.027090
0.026571
0.026090
0.025673
0.025362
0.025189
0.025144
0.025172
0.025188
0.025118
0.024938
0.024684
0.024426
0.024228
0.024133
0.024156
0.024295
0.024529
0.024838
0.025209
0.025634
0.026111
0.026647
0.027262
0.027984
0.028826
0.029790
0.030856
0.031984
0.033145
0.034351
0.035677
0.037219
0.039080
0.041373
0.044241
0.047856
0.052440
0.058357
0.066146
0.076438
0.089857
0.106984
0.128114
0.152427
0.176946
0.196551
0.205896
0.202306
0.187420
0.166175
0.143994
0.124450
0.108759
0.096685
0.087575
0.080830
0.075943
0.072486
0.070128
0.068639
0.067856
0.067687
0.068103
0.069112
0.070696
0.072790
0.075324
0.078271
0.081674
0.085634
0.090281
0.095749
0.102157
0.109617
0.118249
0.128219
0.139754
0.153149
0.168783
0.187136
0.208815
0.234543
0.265135
0.301459
0.344353
0.394428
0.451759
0.515434
0.582976
0.649783
0.709082
0.752948
0.774458
0.770066
0.740903
0.692216
0.631402
0.565768
0.501027
0.440799
0.386857
0.339676
0.298988
0.264177
0.234517
0.209290
0.187840
0.169587
0.154014
0.140665
0.129158
0.119187
0.110517
0.102960
0.096368
0.090633
0.085680
0.081449
0.077880
0.074913
0.072495
0.070581
0.069116
0.068000
0.067076
0.066153
0.065088
0.063844
0.062506
0.061232
0.060175
0.059427
0.059021
0.058951
0.059209
0.059788
0.060685
0.061901
0.063436
0.065270
0.067333
0.069503
0.071633
0.073617
0.075440
0.077193
0.079018
0.081042
0.083332
0.085908
0.088797
0.092073
0.095857
0.100292
0.105514
0.111632
0.118737
0.126913
0.136267
0.146950
0.159162
0.173161
0.189267
0.207880
0.229519
0.254869
0.284808
0.320396
0.362823
0.413337
0.473095
0.542902
0.622797
0.711493
0.805665
0.899259
0.983349
1.047278
1.081285
1.079708
1.043065
0.977783
0.893809
0.801508
0.709323
0.622835
0.544956
0.476650
0.417705
0.367308
0.324403
0.287890
0.256744
0.230077
0.207154
0.187377
0.170253
0.155376
0.142401
0.131027
0.121011
0.112170
0.104385
0.097575
0.091674
0.086616
0.082304
0.078584
0.075235
0.072007
0.068705
0.065264
0.061766
0.058378
0.055252
0.052462
0.050013
0.047888
0.046076
0.044574
0.043378
0.042485
0.041888
0.041556
0.041398
0.041267
0.040974
0.040357
0.039348
0.038020
0.036548
0.035126
0.033892
0.032911
0.032202
0.031763
0.031587
0.031657
0.031937
0.032367
0.032856
0.033293
0.033567
0.033585
0.033288
0.032667
0.031764
0.030665
0.029476
0.028302
0.027223
0.026273
0.025447
0.024725
0.024085
0.023507
0.022973
0.022478
0.022033
0.021652
0.021338
0.021087
0.020904
0.020799
0.020780
0.020847
0.021011
0.021291
0.021705
0.022267
0.022982
0.023844
0.024821
0.025845
0.026821
0.027643
0.028217
0.028479
0.028422
0.028095
0.027580
0.026956
0.026279
0.025587
0.024906
0.024264
0.023681
0.023170
0.022729
0.022352
0.022030
0.021760
0.021538
0.021363
0.021231
0.021132
0.021042
0.020924
0.020755
0.020533
0.020277
0.020004
0.019720
0.019423
0.019108
0.018781
0.018460
0.018178
0.017970
0.017858
0.017846
0.017921
0.018057
0.018221
0.018382
0.018523
0.018647
0.018768
0.018913
0.019107
0.019377
0.019744
0.020228
0.020845
0.021592
0.022438
0.023322
0.024160
0.024851
0.025300
0.025441
0.025272
0.024844
0.024238
0.023536
0.022803
0.022082
0.021397
0.020755
0.020167
0.019647
0.019208
0.018858
0.018592
0.018403
0.018273
0.018177
0.018096
0.018027
0.017976
0.017945
0.017926
0.017913
0.017917
0.017960
0.018063
0.018227
0.018434
0.018648
0.018828
0.018945
0.018996
0.019009
0.019021
0.019059
0.019140
0.019291
0.019549
0.019938
0.020435
0.020977
0.021476
0.021851
0.022046
0.022042
0.021866
0.021575
0.021227
0.020855
0.020465
0.020066
0.019685
0.019370
0.019168
0.019097
0.019144
0.019283
0.019480
0.019695
0.019883
0.020004
0.020032
0.019967
0.019825
0.019636
0.019442
0.019292
0.019222
0.019232
0.019292
0.019366
0.019457
0.019608
0.019885
0.020348
0.021048
0.022032
0.023359
0.025094
0.027310
0.030083
0.033416
0.037088
0.040531
0.042933
0.043597
0.042348
0.039641
0.036297
0.033063
0.030353
0.028259
0.026718
0.025638
0.024927
0.024497
0.024268
0.024183
0.024194
0.024253
0.024316
0.024353
0.024349
0.024297
0.024195
0.024050
0.023879
0.023705
0.023543
0.023394
0.023236
0.023040
0.022777
0.022433
0.022015
0.021549
0.021078
0.020643
0.020258
0.019920
0.019624
0.019377
0.019192
0.019077
0.019032
0.019054
0.019127
0.019213
0.019267
0.019265
0.019216
0.019147
0.019085
0.019053
0.019062
0.019111
0.019188
0.019288
0.019416
0.019587
0.019807
0.020082
0.020413
0.020798
0.021207
0.021578
0.021827
0.021875
0.021688
0.021298
0.020788
0.020255
0.019775
0.019391
0.019112
0.018933
0.018843
0.018835
0.018903
0.019033
0.019202
0.019381
0.019552
0.019707
0.019851
0.019992
0.020144
0.020313
0.020505
0.020727
0.020995
0.021321
0.021712
0.022170
0.022707
0.023330
0.024020
0.024723
0.025367
0.025893
0.026277
0.026522
0.026643
0.026665
0.026623
0.026562
0.026527
0.026558
0.026693
0.026953
0.027346
0.027858
0.028472
0.029176
0.029954
0.030778
0.031612
0.032426
0.033202
0.033935
0.034620
0.035259
0.035850
0.036394
0.036894
0.037363
0.037822
0.038290
0.038783
0.039319
0.039918
0.040602
0.041390
0.042300
0.043345
0.044519
0.045810
0.047211
0.048726
0.050361
0.052128
0.054047
0.056143
0.058438
0.060949
0.063704
0.066753
0.070159
0.073985
0.078291
0.083135
0.088573
0.094648
0.101387
0.108822
0.117013
0.126084
0.136224
0.147669
0.160679
0.175532
0.192537
0.212071
0.234637
0.260943
0.291946
0.328852
0.373075
0.426162
0.489615
0.564518
0.650991
0.747411
0.849432
0.949110
1.035036
1.094454
1.117141
1.099233
1.044691
0.963518
0.868000
0.769131
0.674709
0.589129
0.514150
0.449881
0.395565
0.350056
0.312071
0.280319
0.253587
0.230811
0.211117
0.193854
0.178587
0.165020
0.152910
0.142017
0.132125
0.123071
0.114762
0.107148
0.100202
0.093893
0.088180
0.083029
0.078424
0.074360
0.070822
0.067768
0.065143
0.062894
0.060973
0.059348
0.057998
0.056918
0.056119
0.055619
0.055439
0.055587
0.056046
0.056770
0.057677
0.058650
0.059552
0.060271
0.060771
0.061102
0.061363
0.061662
0.062089
0.062722
0.063629
0.064881
0.066540
0.068649
0.071224
0.074281
0.077846
0.081969
0.086721
0.092209
0.098586
0.106022
0.114678
0.124705
0.136278
0.149632
0.165095
0.183136
0.204410
0.229774
0.260257
0.297031
0.341318
0.394170
0.456066
0.526377
0.602646
0.679782
0.749727
0.802506
0.828991
0.824303
0.789812
0.732440
0.661805
0.587048
0.514889
0.449225
0.391681
0.342406
0.300762
0.265785
0.236449
0.211783
0.190919
0.173112
0.157736
0.144285
0.132384
0.121777
0.112297
0.103815
0.096224
0.089430
0.083348
0.077896
0.073004
0.068634
0.064776
0.061418
0.058533
0.056073
0.053981
0.052210
0.050727
0.049518
0.048554
0.047775
0.047095
0.046436
0.045770
0.045141
0.044639
0.044356
0.044311
0.044426
0.044540
0.044467
0.044043
0.043170
0.041846
0.040169
0.038300
0.036415
0.034666
0.033167
0.031975
0.031073
0.030381
0.029806
0.029278
0.028757
0.028236
0.027746
0.027339
0.027057
0.026901
0.026832
0.026787
0.026702
0.026532
0.026273
0.025961
0.025647
0.025374
0.025174
0.025066
0.025052
0.025116
0.025239
0.025392
0.025533
0.025593
0.025511
0.025267
0.024896
0.024464
0.024036
0.023643
0.023286
0.022947
0.022620
0.022319
0.022068
0.021889
0.021798
0.021794
0.021840
0.021863
0.021789
0.021575
0.021229
0.020801
0.020368
0.020001
0.019731
0.019556
0.019463
0.019464
0.019579
0.019820
0.020191
0.020702
0.021368
0.022187
0.023139
0.024175
0.025212
0.026126
0.026785
0.027102
0.027067
0.026740
0.026236
0.025696
0.025254
0.025000
0.024974
0.025185
0.025618
0.026238
0.026983
0.027780
0.028557
0.029240
0.029751
0.030012
0.029952
0.029526
0.028739
0.027670
0.026451
0.025229
0.024120
0.023195
0.022478
0.021956
0.021593
0.021342
0.021155
0.020994
0.020853
0.020761
0.020773
0.020933
0.021277
0.021833
0.022617
0.023618
0.024775
0.025980
0.027092
0.027992
0.028652
0.029176
0.029741
0.030489
0.031450
0.032547
0.033668
0.034730
0.035708
0.036619
0.037491
0.038340
0.039181
0.040043
0.040966
0.041970
0.043034
0.044093
0.045076
0.045959
0.046779
0.047592
0.048358
0.048893
0.048925
0.048265
0.046935
0.045180
0.043352
0.041739
0.040468
0.039503
0.038739
0.038075
0.037438
0.036786
0.036125
0.035500
0.034963
0.034534
0.034214
0.034016
0.033956
0.034028
0.034215
0.034513
0.034932
0.035481
0.036183
0.037098
0.038309
0.039881
0.041847
0.044218
0.046974
0.050056
0.053390
0.056909
0.060546
0.064244
0.068027
0.072080
0.076743
0.082483
0.089942
0.099974
0.113549
0.131586
0.154848
0.183682
0.217230
0.252345
0.283276
0.303129
0.306765
0.293376
0.266934
0.234167
0.201459
0.172716
0.149155
0.130426
0.115735
0.104306
0.095438
0.088569
0.083340
0.079526
0.076933
0.075418
0.074947
0.075518
0.077077
0.079544
0.082893
0.087130
0.092268
0.098408
0.105821
0.114915
0.126235
0.140669
0.159621
0.184850
0.218153
0.261225
0.315249
0.379360
0.448207
0.510813
0.553042
0.563467
0.539167
0.487337
0.421467
0.354867
0.295933
0.247485
0.208983
0.178861
0.155516
0.137408
0.123149
0.111685
0.102287
0.094418
0.087730
0.082107
0.077543
0.073977
0.071298
0.069473
0.068552
0.068578
0.069583
0.071668
0.074998
0.079758
0.086224
0.094899
0.106494
0.121759
0.141375
0.165798
0.194699
0.225974
0.255131
0.276050
0.283249
0.274504
0.252070
0.221572
0.189303
0.159777
0.134948
0.114934
0.099123
0.086776
0.077170
0.069643
0.063654
0.058784
0.054698
0.051141
0.047970
0.045128
0.042610
0.040443
0.038686
0.037397
0.036604
0.036298
0.036422
0.036845
0.037370
0.037793
0.037950
0.037721
0.037046
0.035946
0.034532
0.032967
0.031417
0.030020
0.028872
0.028014
0.027448
0.027159
0.027120
0.027284
0.027588
0.027984
0.028440
0.028919
0.029406
0.029941
0.030617
0.031525
0.032727
0.034249
0.036046
0.037956
0.039719
0.041073
0.041829
0.041910
0.041380
0.040467
0.039486
0.038716
0.038335
0.038448
0.039123
0.040380
0.042235
0.044780
0.048190
0.052673
0.058504
0.066147
0.076263
0.089573
0.106776
0.128537
0.155074
0.185060
0.214577
0.237459
0.247578
0.241915
0.222269
0.194323
0.164714
0.138202
0.116656
0.099891
0.087018
0.077176
0.069601
0.063616
0.058771
0.054912
0.052039
0.050147
0.049172
0.048972
0.049256
0.049598
0.049572
0.048928
0.047630
0.045819
0.043735
0.041617
0.039597
0.037666
0.035768
0.033893
0.032083
0.030402
0.028922
0.027715
0.026821
0.026213
0.025825
0.025583
0.025417
0.025275
0.025148
0.025078
0.025116
0.025274
0.025538
0.025906
0.026393
0.026996
0.027669
0.028324
0.028856
0.029187
0.029322
0.029359
0.029437
0.029671
0.030120
0.030780
0.031567
0.032329
0.032900
0.033173
0.033140
0.032883
0.032519
0.032133
0.031724
0.031217
0.030532
0.029648
0.028626
0.027586
0.026678
0.026022
0.025672
0.025617
0.025821
0.026248
0.026825
0.027426
0.027908
0.028186
0.028269
0.028237
0.028202
0.028245
0.028378
0.028551
0.028698
0.028785
0.028824
0.028881
0.029079
0.029534
0.030243
0.031008
0.031516
0.031506
0.030899
0.029802
0.028429
0.026997
0.025646
0.024424
0.023329
0.022364
0.021535
0.020845
0.020285
0.019852
0.019550
0.019380
0.019347
0.019475
0.019787
0.020265
0.020841
0.021405
0.021839
0.022049
0.022019
0.021817
0.021563
0.021361
0.021273
0.021337
0.021580
0.022014
0.022634
0.023430
0.024375
0.025409
0.026423
0.027268
0.027786
0.027858
0.027454
0.026649
0.025581
0.024388
0.023185
0.022064
0.021098
0.020327
0.019756
0.019367
0.019130
0.019004
0.018946
0.018929
0.018932
0.018928
0.018880
0.018769
0.018598
0.018379
0.018128
0.017872
0.017649
0.017485
0.017385
0.017340
0.017338
0.017364
0.017400
0.017432
0.017452
0.017451
0.017425
0.017383
0.017336
0.017292
0.017257
0.017246
0.017279
0.017371
0.017529
0.017767
0.018096
0.018497
0.018923
0.019328
0.019689
0.019997
0.020241
0.020414
0.020520
0.020567
0.020558
0.020501
0.020410
0.020304
0.020208
0.020161
0.020210
0.020389
0.020701
0.021126
0.021626
0.022144
0.022600
0.022927
0.023090
0.023099
0.022999
0.022869
0.022800
0.022860
0.023072
0.023435
0.023943
0.024576
0.025272
0.025925
0.026418
0.026660
0.026614
0.026313
0.025847
0.025317
0.024801
0.024348
0.023987
0.023720
0.023519
0.023351
0.023204
0.023092
0.023039
0.023070
0.023199
0.023420
0.023702
0.023994
0.024258
0.024471
0.024612
0.024656
0.024591
0.024435
0.024243
0.024092
0.024059
0.024187
0.024457
0.024801
0.025136
0.025404
0.025580
0.025671
0.025704
0.025724
0.025785
0.025930
0.026180
0.026515
0.026879
0.027189
0.027352
0.027291
0.026974
0.026446
0.025822
0.025237
0.024797
0.024553
0.024521
0.024692
0.025033
0.025495
0.026009
0.026499
0.026884
0.027097
0.027105
0.026908
0.026544
0.026081
0.025607
0.025209
0.024950
0.024861
0.024947
0.025178
0.025489
0.025802
0.026065
0.026261
0.026408
0.026528
0.026637
0.026736
0.026808
0.026819
0.026725
0.026481
0.026052
0.025444
0.024706
0.023923
0.023174
0.022509
0.021952
0.021507
0.021169
0.020923
0.020754
0.020655
0.020629
0.020693
0.020869
0.021176
0.021613
0.022163
0.022799
0.023472
0.024092
0.024549
0.024757
0.024706
0.024448
0.024051
0.023561
0.023006
0.022418
0.021844
0.021338
0.020938
0.020651
0.020467
0.020369
0.020343
0.020380
0.020475
0.020634
0.020866
0.021171
0.021532
0.021920
0.022293
0.022599
0.022792
0.022851
0.022791
0.022654
0.022479
0.022292
0.022106
0.021921
0.021724
0.021503
0.021252
0.020991
0.020754
0.020587
0.020526
0.020588
0.020770
0.021066
0.021473
0.021989
0.022599
0.023271
0.023963
0.024636
0.025257
0.025794
0.026213
0.026493
0.026646
0.026731
0.026827
0.027003
0.027282
0.027647
0.028057
0.028464
0.028818
0.029070
0.029175
0.029106
0.028862
0.028456
0.027912
0.027265
0.026572
0.025898
0.025294
0.024773
0.024327
0.023939
0.023602
0.023321
0.023118
0.023033
0.023113
0.023379
0.023817
0.024386
0.025024
0.025640
0.026114
0.026331
0.026220
0.025788
0.025108
0.024295
0.023467
0.022708
0.022063
0.021546
0.021160
0.020898
0.020756
0.020729
0.020815
0.021013
0.021313
0.021700
0.022156
0.022658
0.023179
0.023694
0.024172
0.024579
0.024880
0.025058
0.025120
0.025088
0.024977
0.024783
0.024489
0.024086
0.023594
0.023057
0.022520
0.022013
0.021547
0.021135
0.020793
0.020540
0.020386
0.020343
0.020422
0.020614
0.020887
0.021182
0.021443
0.021627
0.021732
0.021792
0.021869
0.022013
0.022245
0.022557
0.022928
0.023318
0.023662
0.023882
0.023922
0.023781
0.023508
0.023180
0.022880
0.022675
0.022618
0.022738
0.023040
0.023501
0.024068
0.024669
0.025226
0.025666
0.025935
0.026010
0.025915
0.025720
0.025533
0.025467
0.025622
0.026051
0.026753
0.027666
0.028674
0.029615
0.030308
0.030603
0.030427
0.029813
0.028885
0.027811
0.026753
0.025826
0.025089
0.024560
0.024237
0.024109
0.024163
0.024387
0.024773
0.025304
0.025951
0.026665
0.027395
0.028093
0.028734
0.029332
0.029950
0.030680
0.031604
0.032766
0.034162
0.035763
0.037513
0.039328
0.041094
0.042690
0.044029
0.045091
0.045938
0.046701
0.047537
0.048566
0.049787
0.051040
0.052025
0.052416
0.051994
0.050738
0.048825
0.046543
0.044179
0.041936
0.039920
0.038186
0.036765
0.035671
0.034891
0.034401
0.034191
0.034247
0.034530
0.034960
0.035448
0.035942
0.036447
0.037022
0.037757
0.038737
0.040005
0.041542
0.043269
0.045082
0.046907
0.048739
0.050635
0.052660
0.054808
0.056973
0.058977
0.060632
0.061787
0.062369
0.062379
0.061875
0.060925
0.059587
0.057932
0.056077
0.054202
0.052498
0.051095
0.050010
0.049142
0.048335
0.047470
0.046514
0.045503
0.044484
0.043472
0.042449
0.041387
0.040271
0.039102
0.037907
0.036731
0.035639
0.034700
0.033970
0.033480
0.033240
0.033252
0.033513
0.034017
0.034757
0.035721
0.036898
0.038280
0.039869
0.041677
0.043714
0.045955
0.048317
0.050646
0.052731
0.054336
0.055263
0.055410
0.054810
0.053609
0.052005
0.050190
0.048323
0.046531
0.044917
0.043557
0.042492
0.041700
0.041096
0.040554
0.039958
0.039244
0.038413
0.037521
0.036639
0.035818
0.035083
0.034439
0.033889
0.033443
0.033109
0.032889
0.032792
0.032838
0.033049
0.033444
0.034032
0.034832
0.035876
0.037213
0.038894
0.040963
0.043459
0.046417
0.049827
0.053556
0.057254
0.060357
0.062236
0.062453
0.060984
0.058240
0.054874
0.051511
0.048569
0.046226
0.044496
0.043303
0.042545
0.042115
0.041905
0.041805
0.041711
0.041552
0.041308
0.041009
0.040709
0.040460
0.040298
0.040235
0.040274
0.040437
0.040781
0.041387
0.042328
0.043631
0.045256
0.047096
0.049009
0.050858
0.052522
0.053876
0.054769
0.055063
0.054701
0.053774
0.052496
0.051118
0.049817
0.048642
0.047538
0.046424
0.045262
0.044084
0.042969
0.042014
0.041294
0.040845
0.040663
0.040725
0.041001
0.041441
0.041955
0.042423
0.042733
0.042829
0.042724
0.042486
0.042213
0.041993
0.041881
0.041905
0.042091
0.042494
0.043190
0.044246
0.045670
0.047383
0.049202
0.050868
0.052105
0.052708
0.052617
0.051943
0.050924
0.049836
0.048896
0.048212
0.047777
0.047497
0.047224
0.046797
0.046087
0.045031
0.043647
0.042022
0.040285
0.038580
0.037029
0.035716
0.034689
0.033980
0.033608
0.033585
0.033909
0.034565
0.035516
0.036690
0.037968
0.039202
0.040249
0.041032
0.041564
0.041948
0.042354
0.042961
0.043904
0.045225
0.046840
0.048549
0.050069
0.051099
0.051404
0.050888
0.049622
0.047816
0.045759
0.043739
0.041966
0.040532
0.039397
0.038435
0.037491
0.036436
0.035204
0.033806
0.032316
0.030845
0.029499
0.028356
0.027461
0.026832
0.026475
0.026392
0.026591
0.027081
0.027844
0.028824
0.029919
0.030998
0.031913
0.032529
0.032759
0.032589
0.032097
0.031432
0.030775
0.030292
0.030077
0.030129
0.030350
0.030571
0.030606
0.030314
0.029653
0.028686
0.027543
0.026359
0.025238
0.024235
0.023374
0.022661
0.022095
0.021669
0.021375
0.021200
0.021140
0.021187
0.021319
0.021493
0.021654
0.021758
0.021788
0.021758
0.021705
0.021686
0.021758
0.021956
0.022286
0.022725
0.023219
0.023691
0.024054
0.024247
0.024259
0.024127
0.023918
0.023703
0.023535
0.023440
0.023413
0.023430
0.023474
0.023542
0.023638
0.023757
0.023887
0.024006
0.024096
0.024135
0.024108
0.024015
0.023879
0.023732
0.023596
0.023484
0.023403
0.023365
0.023385
0.023465
0.023601
0.023788
0.024025
0.024315
0.024660
0.025053
0.025489
0.025966
0.026489
0.027053
0.027634
0.028197
0.028722
0.029219
0.029723
0.030273
0.030890
0.031572
0.032288
0.032980
0.033574
0.033992
0.034175
0.034087
0.033726
0.033133
0.032371
0.031515
0.030623
0.029732
0.028865
0.028039
0.027276
0.026602
0.026038
0.025597
0.025286
0.025111
0.025071
0.025136
0.025257
0.025386
0.025507
0.025634
0.025789
0.025987
0.026232
0.026524
0.026865
0.027262
0.027718
0.028222
0.028741
0.029216
0.029578
0.029760
0.029718
0.029449
0.029002
0.028458
0.027900
0.027382
0.026927
0.026545
0.026234
0.025976
0.025744
0.025527
0.025345
0.025219
0.025152
0.025113
0.025068
0.024995
0.024888
0.024740
0.024552
0.024327
0.024068
0.023775
0.023457
0.023141
0.022872
0.022689
0.022619
0.022678
0.022878
0.023210
0.023630
0.024055
0.024401
0.024620
0.024714
0.024724
0.024699
0.024674
0.024662
0.024668
0.024705
0.024790
0.024927
0.025085
0.025199
0.025202
0.025060
0.024783
0.024422
0.024029
0.023647
0.023306
0.023021
0.022800
0.022632
0.022493
0.022359
0.022215
0.022058
0.021897
0.021747
0.021626
0.021539
0.021477
0.021426
0.021383
0.021358
0.021359
0.021391
0.021454
0.021547
0.021665
0.021797
0.021935
0.022087
0.022265
0.022479
0.022732
0.023024
0.023362
0.023757
0.024223
0.024778
0.025423
0.026118
0.026775
0.027288
0.027577
0.027623
0.027460
0.027156
0.026773
0.026345
0.025892
0.025442
0.025036
0.024712
0.024493
0.024388
0.024407
0.024558
0.024854
0.025305
0.025908
0.026632
0.027400
0.028093
0.028582
0.028761
0.028590
0.028111
0.027435
0.026690
0.025975
0.025339
0.024797
0.024345
0.023976
0.023684
0.023476
0.023366
0.023354
0.023418
0.023522
0.023645
0.023775
0.023908
0.024035
0.024146
0.024229
0.024271
0.024267
0.024218
0.024131
0.024019
0.023895
0.023777
0.023692
0.023667
0.023717
0.023839
0.024011
0.024204
0.024390
0.024539
0.024632
0.024662
0.024639
0.024580
0.024501
0.024424
0.024379
0.024392
0.024477
0.024637
0.024871
0.025182
0.025571
0.026041
0.026606
0.027287
0.028086
0.028974
0.029878
0.030688
0.031287
0.031605
0.031656
0.031543
0.031397
0.031322
0.031368
0.031543
0.031847
0.032288
0.032886
0.033663
0.034636
0.035803
0.037118
0.038463
0.039648
0.040469
0.040800
0.040648
0.040133
0.039432
0.038714
0.038113
0.037715
0.037559
0.037653
0.037986
0.038538
0.039288
0.040210
0.041265
0.042401
0.043570
0.044749
0.045948
0.047200
0.048554
0.050067
0.051799
0.053785
0.056033
0.058504
0.061110
0.063700
0.066108
0.068228
0.070064
0.071677
0.073106
0.074315
0.075213
0.075694
0.075663
0.075079
0.073983
0.072503
0.070786
0.068925
0.066937
0.064806
0.062541
0.060212
0.057934
0.055821
0.053947
0.052331
0.050964
0.049829
0.048910
0.048186
0.047621
0.047171
0.046798
0.046488
0.046249
0.046107
0.046094
0.046231
0.046513
0.046900
0.047330
0.047746
0.048121
0.048465
0.048818
0.049221
0.049677
0.050135
0.050510
0.050737
0.050805
0.050767
0.050707
0.050711
0.050839
0.051109
0.051499
0.051963
0.052457
0.052948
0.053430
0.053938
0.054536
0.055263
0.056091
0.056940
0.057736
0.058454
0.059127
0.059832
0.060673
0.061749
0.063132
0.064873
0.067027
0.069674
0.072919
0.076875
0.081639
0.087266
0.093737
0.100918
0.108526
0.116142
0.123330
0.129846
0.135782
0.141516
0.147485
0.153984
0.161126
0.168971
0.177733
0.187975
0.200698
0.217256
0.239136
0.267661
0.303579
0.346351
0.393210
0.438634
0.475072
0.495176
0.494590
0.473689
0.437204
0.392046
0.344771
0.300006
0.260221
0.226288
0.198125
0.175135
0.156496
0.141404
0.129210
0.119437
0.111720
0.105735
0.101131
0.097500
0.094414
0.091521
0.088636
0.085751
0.082999
0.080583
0.078703
0.077465
0.076830
0.076612
0.076530
0.076278
0.075609
0.074406
0.072709
0.070676
0.068496
0.066332
0.064292
0.062418
0.060687
0.059016
0.057307
0.055505
0.053642
0.051837
0.050242
0.048973
0.048059
0.047433
0.046965
0.046499
0.045907
0.045147
0.044275
0.043416
0.042702
0.042226
0.042035
0.042130
0.042477
0.043005
0.043617
0.044212
0.044701
0.045038
0.045242
0.045406
0.045687
0.046274
0.047359
0.049093
0.051543
0.054657
0.058252
0.062039
0.065651
0.068697
0.070830
0.071837
0.071701
0.070603
0.068831
0.066658
0.064256
0.061709
0.059071
0.056422
0.053871
0.051525
0.049457
0.047701
0.046264
0.045136
0.044298
0.043726
0.043385
0.043228
0.043205
0.043267
0.043376
0.043495
0.043587
0.043620
0.043585
0.043518
0.043503
0.043654
0.044076
0.044804
0.045753
0.046702
0.047351
0.047424
0.046778
0.045451
0.043634
0.041587
0.039540
0.037643
0.035968
0.034541
0.033363
0.032426
0.031716
0.031216
0.030911
0.030784
0.030812
0.030974
0.031252
0.031633
0.032115
0.032711
0.033446
0.034333
0.035380
0.036598
0.038021
0.039718
0.041788
0.044355
0.047547
0.051438
0.055974
0.060886
0.065644
0.069529
0.071845
0.072214
0.070763
0.068068
0.064896
0.061922
0.059566
0.057968
0.057035
0.056516
0.056082
0.055438
0.054411
0.052989
0.051293
0.049499
0.047741
0.046072
0.044471
0.042895
0.041321
0.039764
0.038263
0.036864
0.035605
0.034500
0.033541
0.032708
0.031978
0.031332
0.030754
0.030221
0.029714
0.029222
0.028735
0.028241
0.027722
0.027172
0.026603
0.026033
0.025472
0.024926
0.024409
0.023942
0.023532
0.023175
0.022862
0.022594
0.022376
0.022199
0.022045
0.021900
0.021765
0.021650
0.021558
0.021486
0.021425
0.021365
0.021301
0.021232
0.021158
0.021077
0.020995
0.020917
0.020847
0.020782
0.020718
0.020665
0.020635
0.020638
0.020669
0.020722
0.020792
0.020871
0.020947
0.021010
0.021057
0.021091
0.021117
0.021140
0.021167
0.021196
0.021213
0.021202
0.021158
0.021087
0.020988
0.020853
0.020679
0.020476
0.020272
0.020093
0.019960
0.019877
0.019835
0.019821
0.019826
0.019850
0.019893
0.019951
0.020015
0.020077
0.020128
0.020158
0.020157
0.020121
0.020054
0.019971
0.019886
0.019811
0.019752
0.019710
0.019684
0.019678
0.019695
0.019739
0.019801
0.019867
0.019915
0.019929
0.019903
0.019839
0.019740
0.019616
0.019485
0.019371
0.019288
0.019236
0.019196
0.019150
0.019088
0.019012
0.018930
0.018850
0.018774
0.018701
0.018625
0.018542
0.018454
0.018367
0.018295
0.018253
0.018260
0.018327
0.018458
0.018649
0.018899
0.019209
0.019572
0.019966
0.020369
0.020767
0.021161
0.021551
0.021920
0.022241
0.022495
0.022698
0.022896
0.023131
0.023409
0.023689
0.023901
0.023980
0.023902
0.023694
0.023413
0.023120
0.022848
0.022600
0.022365
0.022143
0.021944
0.021782
0.021674
0.021624
0.021633
0.021693
0.021793
0.021921
0.022057
0.022174
0.022251
0.022280
0.022277
0.022273
0.022306
0.022400
0.022562
0.022771
0.022994
0.023202
0.023391
0.023571
0.023761
0.023972
0.024205
0.024453
0.024723
0.025046
0.025484
0.026113
0.027005
0.028229
0.029842
0.031829
0.034002
0.035967
0.037217
0.037357
0.036315
0.034383
0.032057
0.029782
0.027799
0.026155
0.024808
0.023714
0.022840
0.022154
0.021618
0.021207
0.020908
0.020712
0.020609
0.020587
0.020631
0.020719
0.020832
0.020958
0.021091
0.021219
0.021326
0.021403
0.021450
0.021466
0.021447
0.021386
0.021281
0.021135
0.020960
0.020771
0.020579
0.020389
0.020203
0.020029
0.019878
0.019758
0.019668
0.019600
0.019552
0.019515
0.019478
0.019427
0.019364
0.019302
0.019256
0.019231
0.019223
0.019224
0.019229
0.019236
0.019243
0.019245
0.019243
0.019241
0.019250
0.019281
0.019338
0.019405
0.019461
0.019493
0.019504
0.019506
0.019508
0.019510
0.019510
0.019502
0.019479
0.019431
0.019358
0.019270
0.019176
0.019079
0.018981
0.018888
0.018809
0.018747
0.018698
0.018657
0.018620
0.018583
0.018538
0.018485
0.018428
0.018372
0.018317
0.018271
0.018254
0.018284
0.018365
0.018483
0.018625
0.018788
0.018968
0.019162
0.019361
0.019558
0.019738
0.019876
0.019952
0.019959
0.019913
0.019834
0.019742
0.019653
0.019575
0.019507
0.019441
0.019372
0.019300
0.019231
0.019169
0.019122
0.019103
0.019131
0.019212
0.019338
0.019493
0.019660
0.019824
0.019954
0.020015
0.019976
0.019839
0.019628
0.019381
0.019131
0.018898
0.018688
0.018497
0.018314
0.018132
0.017953
0.017782
0.017619
0.017464
0.017320
0.017193
0.017091
0.017019
0.016979
0.016964
0.016972
0.016999
0.017046
0.017108
0.017179
0.017259
0.017354
0.017466
0.017590
0.017721
0.017855
0.017996
0.018141
0.018283
0.018420
0.018564
0.018736
0.018955
0.019222
0.019514
0.019798
0.020036
0.020203
0.020294
0.020319
0.020296
0.020237
0.020154
0.020056
0.019946
0.019819
0.019664
0.019479
0.019280
0.019090
0.018922
0.018781
0.018667
0.018578
0.018515
0.018486
0.018497
0.018547
0.018620
0.018705
0.018802
0.018918
0.019054
0.019199
0.019340
0.019466
0.019562
0.019612
0.019611
0.019571
0.019516
0.019468
0.019445
0.019458
0.019515
0.019611
0.019732
0.019851
0.019932
0.019946
0.019895
0.019809
0.019727
0.019673
0.019653
0.019672
0.019725
0.019801
0.019883
0.019958
0.020019
0.020058
0.020065
0.020032
0.019965
0.019877
0.019787
0.019717
0.019684
0.019694
0.019742
0.019820
0.019929
0.020077
0.020275
0.020523
0.020798
0.021062
0.021286
0.021464
0.021609
0.021730
0.021837
0.021946
0.022078
0.022248
0.022453
0.022695
0.022984
0.023328
0.023720
0.024133
0.024525
0.024843
0.025041
0.025094
0.025015
0.024839
0.024615
0.024390
0.024201
0.024056
0.023932
0.023792
0.023617
0.023409
0.023181
0.022952
0.022752
0.022604
0.022515
0.022468
0.022445
0.022430
0.022420
0.022418
0.022444
0.022527
0.022686
0.022923
0.023237
0.023637
0.024125
0.024687
0.025296
0.025949
0.026663
0.027466
0.028370
0.029377
0.030470
0.031601
0.032679
0.033580
0.034184
0.034414
0.034252
0.033746
0.032993
0.032107
0.031191
0.030316
0.029509
0.028770
0.028091
0.027475
0.026938
0.026491
0.026134
0.025866
0.025688
0.025590
0.025547
0.025524
0.025502
0.025472
0.025433
0.025384
0.025341
0.025332
0.025390
0.025544
0.025814
0.026229
0.026814
0.027590
0.028569
0.029740
0.031060
0.032443
0.033779
0.034950
0.035851
0.036399
0.036552
0.036319
0.035761
0.034977
0.034085
0.033191
0.032366
0.031634
0.030997
0.030460
0.030022
0.029674
0.029401
0.029192
0.029047
0.028957
0.028910
0.028901
0.028941
0.029053
0.029250
0.029525
0.029842
0.030143
0.030373
0.030499
0.030519
0.030463
0.030376
0.030314
0.030327
0.030453
0.030711
0.031111
0.031649
0.032287
0.032947
0.033522
0.033910
0.034046
0.033939
0.033660
0.033309
0.032968
0.032684
0.032487
0.032390
0.032383
0.032419
0.032434
0.032369
0.032183
0.031858
0.031412
0.030906
0.030421
0.030027
0.029763
0.029652
0.029704
0.029901
0.030197
0.030526
0.030827
0.031062
0.031221
0.031326
0.031406
0.031486
0.031585
0.031724
0.031927
0.032211
0.032572
0.032996
0.033452
0.033895
0.034260
0.034488
0.034547
0.034448
0.034230
0.033960
0.033711
0.033547
0.033508
0.033600
0.033800
0.034063
0.034331
0.034564
0.034755
0.034932
0.035137
0.035406
0.035764
0.036239
0.036853
0.037596
0.038402
0.039159
0.039752
0.040107
0.040212
0.040103
0.039852
0.039539
0.039219
0.038914
0.038622
0.038336
0.038058
0.037792
0.037545
0.037317
0.037100
0.036870
0.036601
0.036286
0.035952
0.035640
0.035386
0.035208
0.035105
0.035059
0.035035
0.034987
0.034872
0.034669
0.034398
0.034109
0.033872
0.033761
0.033846
0.034183
0.034805
0.035714
0.036870
0.038187
0.039535
0.040757
0.041701
0.042271
0.042453
0.042306
0.041943
0.041486
0.041043
0.040673
0.040373
0.040098
0.039783
0.039382
0.038874
0.038264
0.037583
0.036882
0.036229
0.035687
0.035302
0.035098
0.035079
0.035227
0.035499
0.035832
0.036157
0.036415
0.036562
0.036581
0.036480
0.036295
0.036075
0.035865
0.035702
0.035614
0.035603
0.035640
0.035672
0.035647
0.035532
0.035311
0.034990
0.034605
0.034211
0.033865
0.033610
0.033474
0.033468
0.033575
0.033729
0.033837
0.033808
0.033583
0.033146
0.032519
0.031763
0.030960
0.030188
0.029493
0.028892
0.028378
0.027939
0.027564
0.027247
0.026984
0.026778
0.026632
0.026557
0.026564
0.026669
0.026883
0.027208
0.027627
0.028108
0.028603
0.029045
0.029356
0.029467
0.029340
0.028982
0.028431
0.027745
0.026993
0.026238
0.025523
0.024866
0.024275
0.023761
0.023325
0.022959
0.022643
0.022362
0.022110
0.021879
0.021660
0.021450
0.021248
0.021058
0.020875
0.020696
0.020516
0.020332
0.020156
0.020009
0.019910
0.019859
0.019846
0.019863
0.019912
0.019997
0.020113
0.020246
0.020382
0.020513
0.020641
0.020778
0.020941
0.021133
0.021350
0.021590
0.021855
0.022146
0.022448
0.022747
0.023026
0.023270
0.023454
0.023558
0.023577
0.023522
0.023413
0.023269
0.023109
0.022956
0.022830
0.022743
0.022702
0.022704
0.022742
0.022813
0.022917
0.023061
0.023247
0.023477
0.023752
0.024080
0.024473
0.024937
0.025463
0.026017
0.026535
0.026935
0.027146
0.027133
0.026920
0.026574
0.026180
0.025806
0.025492
0.025260
0.025116
0.025049
0.025038
0.025053
0.025072
0.025077
0.025051
0.024988
0.024899
0.024799
0.024696
0.024590
0.024487
0.024405
0.024361
0.024369
0.024434
0.024557
0.024733
0.024953
0.025205
0.025479
0.025761
0.026032
0.026278
0.026498
0.026707
0.026926
0.027166
0.027423
0.027675
0.027895
0.028048
0.028100
0.028026
0.027825
0.027532
0.027205
0.026895
0.026632
0.026428
0.026285
0.026189
0.026122
0.026071
0.026034
0.026013
0.025999
0.025987
0.025983
0.025998
0.026034
0.026081
0.026130
0.026188
0.026260
0.026349
0.026447
0.026552
0.026665
0.026785
0.026911
0.027040
0.027170
0.027293
0.027398
0.027476
0.027529
0.027564
0.027596
0.027629
0.027660
0.027672
0.027647
0.027572
0.027435
0.027234
0.026982
0.026700
0.026414
0.026137
0.025872
0.025626
0.025412
0.025242
0.025119
0.025040
0.025006
0.025021
0.025083
0.025189
0.025336
0.025522
0.025741
0.025977
0.026218
0.026460
0.026713
0.026988
0.027294
0.027628
0.027987
0.028374
0.028802
0.029284
0.029823
0.030411
0.031032
0.031671
0.032296
0.032855
0.033288
0.033549
0.033616
0.033493
0.033209
0.032812
0.032353
0.031878
0.031417
0.030993
0.030626
0.030326
0.030098
0.029939
0.029843
0.029801
0.029808
0.029855
0.029937
0.030045
0.030170
0.030308
0.030469
0.030666
0.030912
0.031219
0.031606
0.032088
0.032669
0.033332
0.034047
0.034775
0.035468
0.036079
0.036567
0.036915
0.037131
0.037260
0.037366
0.037521
0.037780
0.038173
0.038716
0.039413
0.040253
0.041197
0.042165
0.043047
0.043716
0.044051
0.043975
0.043470
0.042591
0.041443
0.040151
0.038836
0.037596
0.036497
0.035572
0.034837
0.034303
0.033972
0.033830
0.033849
0.034000
0.034257
0.034599
0.035010
0.035484
0.036039
0.036701
0.037492
0.038417
0.039472
0.040636
0.041875
0.043147
0.044414
0.045638
0.046769
0.047737
0.048459
0.048856
0.048879
0.048533
0.047889
0.047084
0.046271
0.045566
0.045027
0.044664
0.044461
0.044396
0.044435
0.044535
0.044646
0.044721
0.044722
0.044617
0.044387
0.044025
0.043547
0.042992
0.042416
0.041869
0.041380
0.040957
0.040588
0.040257
0.039954
0.039686
0.039469
0.039325
0.039273
0.039334
0.039533
0.039893
0.040422
0.041120
0.041977
0.042982
0.044106
0.045298
0.046488
0.047601
0.048576
0.049367
0.049930
0.050213
0.050160
0.049724
0.048896
0.047717
0.046278
0.044702
0.043107
0.041593
0.040223
0.039028
0.038010
0.037160
0.036471
0.035945
0.035586
0.035392
0.035358
0.035483
0.035770
0.036211
0.036783
0.037453
0.038189
0.038959
0.039731
0.040455
0.041063
0.041481
0.041648
0.041535
0.041158
0.040569
0.039856
0.039117
0.038446
0.037910
0.037542
0.037348
0.037325
0.037457
0.037715
0.038062
0.038455
0.038858
0.039236
0.039558
0.039787
0.039890
0.039833
0.039599
0.039187
0.038631
0.037992
0.037338
0.036714
0.036143
0.035639
0.035216
0.034880
0.034621
0.034418
0.034252
0.034109
0.033982
0.033867
0.033771
0.033717
0.033727
0.033814
0.033985
0.034251
0.034618
0.035075
0.035582
0.036067
0.036442
0.036624
0.036560
0.036247
0.035727
0.035067
0.034345
0.033632
0.032987
0.032441
0.032001
0.031659
0.031400
0.031215
0.031092
0.031021
0.030993
0.031008
0.031072
0.031188
0.031349
0.031539
0.031738
0.031939
0.032142
0.032354
0.032576
0.032792
0.032981
0.033128
0.033234
0.033304
0.033346
0.033372
0.033403
0.033460
0.033558
0.033698
0.033866
0.034033
0.034154
0.034192
0.034138
0.034012
0.033857
0.033712
0.033611
0.033570
0.033582
0.033620
0.033646
0.033630
0.033549
0.033387
0.033130
0.032776
0.032334
0.031820
0.031260
0.030684
0.030125
0.029615
0.029175
0.028818
0.028552
0.028377
0.028289
0.028277
0.028326
0.028415
0.028526
0.028646
0.028770
0.028897
0.029031
0.029179
0.029349
0.029550
0.029777
0.030009
0.030212
0.030348
0.030402
0.030383
0.030321
0.030258
0.030220
0.030224
0.030272
0.030361
0.030487
0.030635
0.030792
0.030948
0.031098
0.031229
0.031318
0.031339
0.031280
0.031142
0.030937
0.030690
0.030432
0.030198
0.030006
0.029857
0.029751
0.029683
0.029641
0.029597
0.029523
0.029422
0.029315
0.029229
0.029182
0.029189
0.029265
0.029426
0.029685
0.030051
0.030529
0.031128
0.031872
0.032809
0.034011
0.035553
0.037505
0.039897
0.042655
0.045500
0.047941
0.049414
0.049541
0.048321
0.046131
0.043511
0.040927
0.038628
0.036674
0.035025
0.033625
0.032428
0.031398
0.030505
0.029731
0.029058
0.028475
0.027965
0.027513
0.027102
0.026717
0.026347
0.025995
0.025673
0.025403
0.025203
0.025077
0.025011
0.024976
0.024946
0.024909
0.024863
0.024800
0.024716
0.024617
0.024518
0.024433
0.024372
0.024339
0.024342
0.024390
0.024490
0.024649
0.024862
0.025115
0.025378
0.025619
0.025816
0.025954
0.026026
0.026036
0.026007
0.025974
0.025965
0.025996
0.026072
0.026199
0.026377
0.026597
0.026849
0.027124
0.027417
0.027722
0.028040
0.028375
0.028732
0.029107
0.029476
0.029808
0.030065
0.030216
0.030248
0.030169
0.030001
0.029771
0.029502
0.029221
0.028956
0.028728
0.028539
0.028382
0.028255
0.028163
0.028106
0.028080
0.028073
0.028083
0.028107
0.028144
0.028191
0.028250
0.028328
0.028438
0.028590
0.028788
0.029035
0.029335
0.029695
0.030121
0.030610
0.031143
0.031694
0.032242
0.032784
0.033329
0.033893
0.034481
0.035079
0.035652
0.036157
0.036552
0.036812
0.036919
0.036869
0.036671
0.036353
0.035966
0.035566
0.035206
0.034918
0.034709
0.034572
0.034494
0.034463
0.034463
0.034470
0.034466
0.034442
0.034395
0.034326
0.034239
0.034146
0.034053
0.033961
0.033871
0.033801
0.033776
0.033820
0.033953
0.034193
0.034552
0.035030
0.035602
0.036234
0.036884
0.037507
0.038046
0.038448
0.038666
0.038672
0.038476
0.038131
0.037710
0.037268
0.036817
0.036350
0.035876
0.035426
0.035033
0.034713
0.034472
0.034305
0.034196
0.034131
0.034092
0.034063
0.034026
0.033972
0.033901
0.033816
0.033708
0.033555
0.033346
0.033092
0.032816
0.032545
0.032300
0.032091
0.031920
0.031779
0.031667
0.031587
0.031541
0.031528
0.031544
0.031582
0.031628
0.031657
0.031652
0.031614
0.031555
0.031483
0.031400
0.031305
0.031197
0.031069
0.030911
0.030715
0.030489
0.030246
0.029999
0.029755
0.029512
0.029262
0.028997
0.028714
0.028424
0.028145
0.027884
0.027642
0.027415
0.027204
0.027012
0.026843
0.026694
0.026564
0.026457
0.026381
0.026342
0.026338
0.026354
0.026376
0.026385
0.026373
0.026339
0.026299
0.026274
0.026276
0.026298
0.026331
0.026380
0.026459
0.026582
0.026747
0.026949
0.027187
0.027458
0.027746
0.028023
0.028255
0.028421
0.028512
0.028528
0.028482
0.028399
0.028314
0.028248
0.028212
0.028208
0.028240
0.028307
0.028404
0.028525
0.028662
0.028816
0.028996
0.029214
0.029485
0.029813
0.030188
0.030593
0.031007
0.031423
0.031852
0.032319
0.032851
0.033460
0.034149
0.034908
0.035720
0.036560
0.037399
0.038216
0.038996
0.039716
0.040345
0.040854
0.041229
0.041469
0.041583
0.041578
0.041468
0.041267
0.040991
0.040670
0.040333
0.040002
0.039686
0.039382
0.039097
0.038846
0.038636
0.038468
0.038345
0.038281
0.038298
0.038416
0.038649
0.039016
0.039538
0.040233
0.041108
0.042146
0.043314
0.044576
0.045902
0.047262
0.048612
0.049902
0.051084
0.052126
0.053013
0.053750
0.054351
0.054828
0.055180
0.055390
0.055436
0.055306
0.055000
0.054539
0.053959
0.053297
0.052578
0.051818
0.051046
0.050300
0.049614
0.049002
0.048475
0.048051
0.047761
0.047628
0.047674
0.047935
0.048462
0.049324
0.050601
0.052386
0.054780
0.057882
0.061765
0.066445
0.071817
0.077554
0.083027
0.087372
0.089766
0.089799
0.087691
0.084178
0.080152
0.076308
0.073000
0.070303
0.068140
0.066374
0.064858
0.063463
0.062095
0.060696
0.059237
0.057705
0.056107
0.054476
0.052866
0.051341
0.049946
0.048705
0.047630
0.046734
0.046030
0.045536
0.045276
0.045283
0.045596
0.046250
0.047293
0.048805
0.050891
0.053655
0.057172
0.061441
0.066291
0.071272
0.075643
0.078546
0.079345
0.077920
0.074730
0.070570
0.066215
0.062154
0.058558
0.055409
0.052627
0.050125
0.047822
0.045655
0.043591
0.041622
0.039754
0.037999
0.036366
0.034860
0.033472
0.032191
0.031014
0.029947
0.028998
0.028179
0.027500
0.026962
0.026550
0.026246
0.026047
0.025959
0.025987
0.026117
0.026326
0.026589
0.026876
0.027158
0.027414
0.027640
0.027846
0.028050
0.028256
0.028447
0.028586
0.028622
0.028514
0.028240
0.027801
0.027215
0.026519
0.025760
0.024986
0.024233
0.023527
0.022883
0.022308
0.021800
0.021361
0.020997
0.020709
0.020479
0.020276
0.020074
0.019876
0.019701
0.019571
0.019496
0.019478
0.019513
0.019602
0.019740
0.019925
0.020161
0.020460
0.020832
0.021267
0.021740
0.022215
0.022655
0.023024
0.023290
0.023434
0.023455
0.023373
0.023202
0.022943
0.022596
0.022173
0.021705
0.021234
0.020793
0.020407
0.020095
0.019868
0.019727
0.019662
0.019659
0.019702
0.019767
0.019827
0.019855
0.019838
0.019772
0.019671
0.019559
0.019464
0.019403
0.019376
0.019377
0.019399
0.019438
0.019488
0.019543
0.019607
0.019687
0.019782
0.019880
0.019962
0.020012
0.020021
0.019989
0.019927
0.019866
0.019835
0.019841
0.019880
0.019952
0.020076
0.020267
0.020521
0.020814
0.021124
0.021438
0.021749
0.022047
0.022324
0.022581
0.022825
0.023059
0.023290
0.023531
0.023797
0.024104
0.024461
0.024878
0.025353
0.025855
0.026308
0.026612
0.026679
0.026477
0.026045
0.025472
0.024856
0.024274
0.023765
0.023343
0.023003
0.022731
0.022509
0.022323
0.022172
0.022061
0.021993
0.021963
0.021961
0.021971
0.021975
0.021965
0.021951
0.021953
0.021981
0.022031
0.022098
0.022187
0.022319
0.022512
0.022771
0.023090
0.023455
0.023845
0.024239
0.024605
0.024914
0.025140
0.025271
0.025309
0.025267
0.025163
0.025020
0.024853
0.024669
0.024469
0.024260
0.024050
0.023847
0.023662
0.023508
0.023400
0.023339
0.023313
0.023301
0.023279
0.023235
0.023164
0.023068
0.022949
0.022812
0.022669
0.022539
0.022442
0.022390
0.022384
0.022427
0.022522
0.022669
0.022857
0.023081
0.023338
0.023629
0.023937
0.024237
0.024509
0.024752
0.024978
0.025211
0.025493
0.025863
0.026339
0.026896
0.027473
0.027996
0.028411
0.028711
0.028951
0.029243
0.029719
0.030495
0.031653
0.033228
0.035156
0.037198
0.038917
0.039815
0.039564
0.038191
0.036055
0.033655
0.031396
0.029484
0.027958
0.026778
0.025890
0.025238
0.024761
0.024393
0.024079
0.023797
0.023560
0.023399
0.023341
0.023401
0.023589
0.023906
0.024347
0.024898
0.025541
0.026249
0.026980
0.027678
0.028299
0.028845
0.029365
0.029938
0.030631
0.031488
0.032536
0.033807
0.035305
0.036939
0.038439
0.039396
0.039428
0.038385
0.036451
0.034044
0.031615
0.029471
0.027734
0.026400
0.025413
0.024704
0.024199
0.023819
0.023502
0.023221
0.022987
0.022824
0.022752
0.022784
0.022925
0.023173
0.023519
0.023951
0.024455
0.025017
0.025622
0.026257
0.026909
0.027574
0.028251
0.028933
0.029592
0.030167
0.030588
0.030825
0.030915
0.030942
0.030997
0.031137
0.031386
0.031750
0.032221
0.032784
0.033413
0.034074
0.034712
0.035264
0.035676
0.035926
0.036013
0.035945
0.035731
0.035382
0.034921
0.034390
0.033851
0.033386
0.033067
0.032933
0.032992
0.033226
0.033600
0.034057
0.034531
0.034971
0.035357
0.035700
0.036022
0.036341
0.036679
0.037061
0.037526
0.038122
0.038888
0.039851
0.041016
0.042372
0.043893
0.045534
0.047254
0.049031
0.050872
0.052800
0.054842
0.057010
0.059293
0.061609
0.063783
0.065554
0.066647
0.066886
0.066273
0.065009
0.063410
0.061785
0.060315
0.059015
0.057781
0.056484
0.055065
0.053577
0.052161
0.050972
0.050101
0.049559
0.049307
0.049301
0.049499
0.049865
0.050357
0.050933
0.051551
0.052179
0.052796
0.053388
0.053941
0.054436
0.054849
0.055163
0.055379
0.055518
0.055623
0.055756
0.055973
0.056308
0.056761
0.057304
0.057889
0.058456
0.058941
0.059291
0.059480
0.059504
0.059375
0.059109
0.058724
0.058246
0.057705
0.057133
0.056544
0.055934
0.055288
0.054600
0.053889
0.053192
0.052551
0.051997
0.051537
0.051154
0.050809
0.050466
0.050118
0.049797
0.049552
0.049424
0.049430
0.049575
0.049868
0.050313
0.050909
0.051653
0.052557
0.053648
0.054939
0.056385
0.057864
0.059217
0.060315
0.061124
0.061693
0.062101
0.062371
0.062449
0.062250
0.061742
0.060981
0.060082
0.059146
0.058204
0.057224
0.056135
0.054862
0.053359
0.051625
0.049724
0.047769
0.045889
0.044184
0.042710
0.041489
0.040523
0.039804
0.039312
0.039015
0.038875
0.038865
0.038986
0.039258
0.039713
0.040392
0.041340
0.042568
0.044002
0.045470
0.046746
0.047649
0.048106
0.048145
0.047849
0.047307
0.046609
0.045853
0.045146
0.044571
0.044163
0.043912
0.043783
0.043749
0.043795
0.043918
0.044127
0.044442
0.044881
0.045450
0.046135
0.046893
0.047651
0.048317
0.048820
0.049155
0.049402
0.049706
0.050229
0.051095
0.052336
0.053851
0.055400
0.056647
0.057270
0.057074
0.056063
0.054421
0.052407
0.050262
0.048161
0.046218
0.044513
0.043099
0.042004
0.041223
0.040718
0.040425
0.040277
0.040228
0.040254
0.040334
0.040451
0.040591
0.040755
0.040945
0.041166
0.041432
0.041776
0.042230
0.042808
0.043505
0.044324
0.045280
0.046401
0.047717
0.049269
0.051091
0.053195
0.055538
0.058005
0.060375
0.062343
0.063591
0.063903
0.063254
0.061809
0.059842
0.057634
0.055395
0.053246
0.051233
0.049367
0.047653
0.046101
0.044717
0.043502
0.042453
0.041562
0.040814
0.040184
0.039647
0.039189
0.038810
0.038521
0.038336
0.038258
0.038277
0.038377
0.038537
0.038732
0.038924
0.039063
0.039099
0.038995
0.038742
0.038353
0.037860
0.037299
0.036704
0.036103
0.035517
0.034966
0.034469
0.034038
0.033679
0.033381
0.033121
0.032868
0.032592
0.032280
0.031935
0.031575
0.031221
0.030899
0.030625
0.030404
0.030221
0.030065
0.029941
0.029860
0.029814
0.029782
0.029743
0.029691
0.029624
0.029524
0.029373
0.029168
0.028930
0.028683
0.028446
0.028230
0.028034
0.027844
0.027644
0.027423
0.027182
0.026923
0.026643
0.026336
0.026011
0.025689
0.025382
0.025090
0.024801
0.024504
0.024201
0.023899
0.023606
0.023327
0.023068
0.022838
0.022647
0.022501
0.022405
0.022361
0.022373
0.022430
0.022504
0.022553
0.022545
0.022469
0.022335
0.022171
0.022010
0.021875
0.021775
0.021707
0.021668
0.021668
0.021730
0.021884
0.022161
0.022576
0.023120
0.023744
0.024355
0.024833
0.025066
0.024984
0.024589
0.023954
0.023209
0.022495
0.021927
0.021557
0.021365
0.021281
0.021213
0.021083
0.020850
0.020511
0.020091
0.019622
0.019129
0.018630
0.018140
0.017672
0.017243
0.016867
0.016546
0.016272
0.016032
0.015821
0.015640
0.015491
0.015372
0.015289
0.015247
0.015253
0.015307
0.015410
0.015566
0.015781
0.016060
0.016403
0.016802
0.017239
0.017699
0.018171
0.018650
0.019117
0.019537
0.019867
0.020084
0.020186
0.020203
0.020193
0.020243
0.020442
0.020854
0.021507
0.022395
0.023473
0.024635
0.025699
0.026442
0.026677
0.026340
0.025527
0.024454
0.023361
0.022434
0.021773
0.021410
0.021334
0.021490
0.021779
0.022063
0.022201
0.022105
0.021781
0.021325
0.020863
0.020489
0.020238
0.020096
0.020035
0.020031
0.020078
0.020201
0.020447
0.020847
0.021396
0.022048
0.022741
0.023432
0.024115
0.024808
0.025516
0.026180
0.026655
0.026760
0.026371
0.025495
0.024272
0.022922
0.021651
0.020592
0.019789
0.019227
0.018875
0.018705
0.018697
0.018833
0.019099
0.019470
0.019891
0.020262
0.020462
0.020402
0.020065
0.019513
0.018852
0.018189
0.017608
0.017161
0.016867
0.016707
0.016637
0.016594
0.016522
0.016377
0.016147
0.015846
0.015509
0.015174
0.014874
0.014631
0.014462
0.014376
0.014376
0.014448
0.014568
0.014706
0.014847
0.014986
0.015123
0.015242
0.015316
0.015330
0.015295
0.015251
0.015242
0.015305
0.015454
0.015680
0.015943
0.016184
0.016354
0.016430
0.016423
0.016355
0.016243
0.016098
0.015936
0.015785
0.015657
0.015544
0.015418
0.015262
0.015086
0.014916
0.014789
0.014731
0.014754
0.014843
0.014969
0.015106
0.015251
0.015416
0.015618
0.015872
0.016195
0.016600
0.017091
0.017661
0.018297
0.018989
0.019731
0.020517
0.021336
0.022165
0.022962
0.023660
0.024162
0.024357
0.024158
0.023563
0.022667
0.021632
0.020618
0.019733
0.019016
0.018453
0.018009
0.017643
0.017330
0.017061
0.016834
0.016646
0.016490
0.016355
0.016234
0.016123
0.016034
0.015982
0.015986
0.016060
0.016215
0.016455
0.016786
0.017209
0.017717
0.018300
0.018950
0.019667
0.020464
0.021359
0.022357
0.023418
0.024441
0.025281
0.025816
0.026000
0.025873
0.025512
0.024990
0.024356
0.023662
0.022982
0.022399
0.021981
0.021756
0.021702
0.021754
0.021824
0.021812
0.021643
0.021289
0.020793
0.020251
0.019769
0.019426
0.019256
0.019249
0.019356
0.019516
0.019677
0.019825
0.019978
0.020166
0.020422
0.020779
0.021264
0.021878
0.022573
0.023241
0.023729
0.023888
0.023634
0.023003
0.022140
0.021244
0.020488
0.019967
0.019686
0.019591
0.019609
0.019670
0.019711
0.019686
0.019575
0.019392
0.019179
0.018980
0.018828
0.018741
0.018723
0.018765
0.018847
0.018948
0.019037
0.019082
0.019062
0.018977
0.018846
0.018694
0.018543
0.018424
0.018373
0.018427
0.018613
0.018957
0.019488
0.020234
0.021230
0.022496
0.023993
0.025552
0.026874
0.027615
0.027547
0.026667
0.025192
0.023446
0.021729
0.020217
0.018969
0.017975
0.017209
0.016646
0.016246
0.015953
0.015715
0.015497
0.015285
0.015086
0.014921
0.014817
0.014783
0.014808
0.014874
0.014970
0.015097
0.015260
0.015455
0.015669
0.015893
0.016129
0.016383
0.016665
0.016988
0.017373
0.017835
0.018368
0.018941
0.019519
0.020083
0.020619
0.021096
0.021448
0.021592
0.021457
0.021028
0.020368
0.019608
0.018892
0.018305
0.017845
0.017450
0.017048
0.016595
0.016089
0.015555
0.015034
0.014556
0.014135
0.013760
0.013417
0.013093
0.012792
0.012523
0.012296
0.012107
0.011948
0.011809
0.011686
0.011580
0.011497
0.011445
0.011421
0.011417
0.011421
0.011432
0.011450
0.011474
0.011502
0.011544
0.011623
0.011764
0.011987
0.012294
0.012661
0.013033
0.013340
0.013529
0.013592
0.013556
0.013464
0.013363
0.013290
0.013270
0.013306
0.013388
0.013497
0.013610
0.013701
0.013755
0.013773
0.013760
0.013732
0.013717
0.013751
0.013851
0.013983
0.014071
0.014041
0.013859
0.013547
0.013164
0.012785
0.012476
0.012267
0.012149
0.012081
0.012019
0.011929
0.011802
0.011646
0.011476
0.011304
0.011143
0.011012
0.010933
0.010921
0.010978
0.011102
0.011287
0.011522
0.011791
0.012079
0.012375
0.012669
0.012948
0.013203
0.013438
0.013686
0.013994
0.014396
0.014892
0.015443
0.015998
0.016515
0.016960
0.017279
0.017390
0.017204
0.016672
0.015829
0.014788
0.013700
0.012691
0.011828
0.011123
0.010554
0.010094
0.009718
0.009410
0.009161
0.008963
0.008800
0.008653
0.008511
0.008370
0.008226
0.008075
0.007921
0.007775
0.007650
0.007550
0.007475
0.007424
0.007399
0.007399
0.007427
0.007491
0.007600
0.007766
0.007993
0.008280
0.008612
0.008950
0.009233
0.009399
0.009410
0.009274
0.009039
0.008772
0.008530
0.008339
0.008204
0.008122
0.008087
0.008094
0.008138
0.008213
0.008318
0.008446
0.008593
0.008754
0.008922
0.009086
0.009225
0.009308
0.009308
0.009214
0.009042
0.008832
0.008629
0.008462
0.008337
0.008257
0.008238
0.008308
0.008494
0.008808
0.009251
0.009804
0.010416
0.010990
0.011400
0.011541
0.011381
0.010969
0.010406
0.009804
0.009253
0.008801
0.008452
0.008183
0.007965
0.007784
0.007640
0.007542
0.007492
0.007490
0.007534
0.007622
0.007744
0.007875
0.007981
0.008034
0.008030
0.007983
0.007918
0.007863
0.007846
0.007892
0.008011
0.008209
0.008497
0.008896
0.009409
0.009993
0.010562
0.011008
0.011240
0.011210
0.010938
0.010508
0.010026
0.009581
0.009224
0.008978
0.008849
0.008830
0.008903
0.009056
0.009295
0.009635
0.010092
0.010672
0.011363
0.012112
0.012813
0.013324
0.013512
0.013313
0.012751
0.011934
0.011005
0.010099
0.009307
0.008665
0.008162
0.007772
0.007469
0.007243
0.007083
0.006976
0.006912
0.006891
0.006914
0.006983
0.007094
0.007246
0.007438
0.007662
0.007902
0.008146
0.008391
0.008628
0.008837
0.008997
0.009113
0.009215
0.009350
0.009567
0.009911
0.010413
0.011072
0.011839
0.012605
0.013221
0.013539
0.013466
0.013010
0.012270
0.011393
0.010519
0.009740
0.009097
0.008595
0.008219
0.007950
0.007766
0.007655
0.007617
0.007654
0.007768
0.007966
0.008254
0.008630
0.009064
0.009494
0.009838
0.010029
0.010039
0.009893
0.009650
0.009375
0.009108
0.008857
0.008619
0.008396
0.008199
0.008032
0.007895
0.007787
0.007708
0.007654
0.007620
0.007593
0.007559
0.007507
0.007436
0.007350
0.007256
0.007157
0.007058
0.006968
0.006894
0.006832
0.006778
0.006744
0.006748
0.006799
0.006893
0.007027
0.007213
0.007468
0.007795
0.008165
0.008514
0.008756
0.008824
0.008708
0.008462
0.008161
0.007867
0.007615
0.007424
0.007304
0.007250
0.007247
0.007283
0.007355
0.007462
0.007604
0.007774
0.007968
0.008176
0.008389
0.008601
0.008802
0.008967
0.009056
0.009034
0.008902
0.008693
0.008454
0.008226
0.008038
0.007913
0.007866
0.007902
0.008022
0.008223
0.008499
0.008839
0.009226
0.009634
0.010024
0.010340
0.010534
0.010585
0.010512
0.010359
0.010177
0.010010
0.009901
0.009881
0.009962
0.010131
0.010351
0.010569
0.010727
0.010794
0.010780
0.010729
0.010693
0.010696
0.010730
0.010763
0.010751
0.010662
0.010487
0.010241
0.009954
0.009657
0.009374
0.009121
0.008914
0.008766
0.008686
0.008683
0.008756
0.008901
0.009101
0.009328
0.009539
0.009697
0.009781
0.009786
0.009732
0.009652
0.009586
0.009567
0.009601
0.009682
0.009808
0.009979
0.010176
0.010342
0.010408
0.010332
0.010123
0.009828
0.009502
0.009191
0.008924
0.008715
0.008563
0.008453
0.008370
0.008302
0.008245
0.008204
0.008177
0.008165
0.008173
0.008212
0.008292
0.008410
0.008554
0.008715
0.008889
0.009072
0.009254
0.009414
0.009535
0.009608
0.009637
0.009625
0.009578
0.009511
0.009452
0.009423
0.009432
0.009470
0.009541
0.009661
0.009838
0.010061
0.010307
0.010570
0.010842
0.011100
0.011301
0.011410
0.011422
0.011356
0.011235
0.011087
0.010938
0.010806
0.010695
0.010605
0.010542
0.010512
0.010507
0.010511
0.010515
0.010519
0.010522
0.010515
0.010496
0.010472
0.010462
0.010481
0.010539
0.010634
0.010744
0.010831
0.010857
0.010807
0.010687
0.010513
0.010307
0.010090
0.009885
0.009712
0.009580
0.009486
0.009420
0.009372
0.009336
0.009313
0.009299
0.009289
0.009272
0.009250
0.009232
0.009239
0.009292
0.009400
0.009556
0.009745
0.009957
0.010198
0.010493
0.010871
0.011345
0.011921
0.012608
0.013417
0.014351
0.015389
0.016470
0.017502
0.018370
0.018960
0.019184
0.019012
0.018480
0.017683
0.016746
0.015785
0.014881
0.014078
0.013391
0.012826
0.012381
0.012054
0.011842
0.011737
0.011724
0.011781
0.011887
0.012032
0.012216
0.012444
0.012723
0.013052
0.013405
0.013735
0.013979
0.014084
0.014019
0.013793
0.013453
0.013066
0.012691
0.012355
0.012057
0.011789
0.011549
0.011347
0.011188
0.011063
0.010956
0.010849
0.010738
0.010622
0.010507
0.010393
0.010286
0.010194
0.010126
0.010092
0.010095
0.010132
0.010198
0.010286
0.010398
0.010541
0.010726
0.010960
0.011252
0.011613
0.012042
0.012526
0.013031
0.013518
0.013941
0.014246
0.014394
0.014388
0.014279
0.014133
0.014005
0.013926
0.013920
0.013999
0.014163
0.014396
0.014671
0.014951
0.015190
0.015343
0.015385
0.015319
0.015164
0.014953
0.014724
0.014515
0.014346
0.014225
0.014154
0.014133
0.014160
0.014228
0.014338
0.014499
0.014727
0.015024
0.015381
0.015778
0.016196
0.016616
0.017034
0.017467
0.017950
0.018522
0.019209
0.020024
0.020981
0.022100
0.023392
0.024841
0.026413
0.028055
0.029699
0.031244
0.032555
0.033489
0.033938
0.033850
0.033245
0.032203
0.030857
0.029360
0.027849
0.026421
0.025126
0.023984
0.022998
0.022169
0.021493
0.020964
0.020580
0.020345
0.020266
0.020349
0.020591
0.020985
0.021516
0.022150
0.022833
0.023507
0.024137
0.024725
0.025288
0.025849
0.026426
0.027039
0.027705
0.028430
0.029200
0.029969
0.030657
0.031168
0.031409
0.031322
0.030893
0.030157
0.029184
0.028065
0.026881
0.025688
0.024523
0.023420
0.022414
0.021540
0.020818
0.020257
0.019843
0.019550
0.019348
0.019222
0.019169
0.019192
0.019298
0.019493
0.019779
0.020144
0.020555
0.020967
0.021336
0.021628
0.021829
0.021940
0.021978
0.021978
0.021984
0.022041
0.022184
0.022437
0.022821
0.023368
0.024127
0.025153
0.026492
0.028173
0.030192
0.032503
0.034998
0.037509
0.039841
0.041836
0.043426
0.044614
0.045395
0.045672
0.045260
0.044004
0.041914
0.039221
0.036296
0.033499
0.031059
0.029052
0.027461
0.026234
0.025316
0.024648
0.024173
0.023846
0.023644
0.023552
0.023561
0.023661
0.023852
0.024141
0.024543
0.025078
0.025763
0.026620
0.027678
0.028972
0.030536
0.032380
0.034477
0.036790
0.039316
0.042113
0.045260
0.048760
0.052414
0.055789
0.058303
0.059417
0.058855
0.056715
0.053418
0.049517
0.045509
0.041723
0.038335
0.035421
0.032997
0.031039
0.029489
0.028263
0.027269
0.026419
0.025644
0.024911
0.024214
0.023570
0.023011
0.022569
0.022262
0.022092
0.022051
0.022145
0.022384
0.022771
0.023313
0.024026
0.024918
0.025920
0.026859
0.027511
0.027714
0.027453
0.026868
0.026174
0.025571
0.025167
0.024959
0.024860
0.024757
0.024557
0.024213
0.023723
0.023120
0.022458
0.021788
0.021154
0.020587
0.020101
0.019688
0.019332
0.019022
0.018768
0.018589
0.018502
0.018514
0.018619
0.018795
0.018996
0.019171
0.019291
0.019362
0.019421
0.019509
0.019666
0.019930
0.020343
0.020934
0.021691
0.022540
0.023350
0.023976
0.024316
0.024350
0.024138
0.023779
0.023367
0.022965
0.022608
0.022300
0.022028
0.021772
0.021526
0.021301
0.021121
0.021006
0.020969
0.021016
0.021149
0.021371
0.021684
0.022092
0.022587
0.023151
0.023767
0.024443
0.025214
0.026136
0.027266
0.028639
0.030269
0.032142
0.034228
0.036490
0.038896
0.041405
0.043940
0.046367
0.048505
0.050155
0.051152
0.051407
0.050923
0.049792
0.048179
0.046288
0.044339
0.042539
0.041057
0.040007
0.039436
0.039317
0.039540
0.039916
0.040196
0.040124
0.039519
0.038340
0.036696
0.034796
0.032866
0.031086
0.029566
0.028346
0.027421
0.026768
0.026365
0.026203
0.026272
0.026538
0.026923
0.027308
0.027566
0.027615
0.027457
0.027182
0.026916
0.026766
0.026780
0.026945
0.027202
0.027452
0.027580
0.027490
0.027140
0.026552
0.025790
0.024935
0.024070
0.023275
0.022605
0.022088
0.021726
0.021512
0.021427
0.021445
0.021529
0.021648
0.021775
0.021884
0.021946
0.021949
0.021900
0.021814
0.021696
0.021550
0.021395
0.021261
0.021178
0.021152
0.021167
0.021179
0.021129
0.020957
0.020636
0.020192
0.019678
0.019144
0.018620
0.018129
0.017691
0.017321
0.017015
0.016761
0.016559
0.016410
0.016305
0.016224
0.016147
0.016073
0.016011
0.015978
0.015985
0.016032
0.016100
0.016162
0.016187
0.016155
0.016056
0.015884
0.015644
0.015347
0.015008
0.014650
0.014292
0.013953
0.013642
0.013361
0.013105
0.012868
0.012649
0.012443
0.012248
0.012063
0.011892
0.011744
0.011627
0.011541
0.011466
0.011368
0.011222
0.011024
0.010798
0.010567
0.010346
0.010130
0.009911
0.009685
0.009458
0.009236
0.009027
0.008835
0.008666
0.008525
0.008406
0.008300
0.008196
0.008091
0.007981
0.007861
0.007728
0.007580
0.007424
0.007264
0.007106
0.006960
0.006833
0.006724
0.006623
0.006521
0.006419
0.006323
0.006241
0.006178
0.006135
0.006102
0.006067
0.006018
0.005945
0.005843
0.005710
0.005558
0.005406
0.005271
0.005158
0.005057
0.004961
0.004868
0.004782
0.004706
0.004641
0.004590
0.004559
0.004552
0.004564
0.004581
0.004592
0.004587
0.004558
0.004501
0.004421
0.004328
0.004233
0.004143
0.004063
0.003997
0.003942
0.003892
0.003841
0.003793
0.003748
0.003700
0.003644
0.003585
0.003537
0.003506
0.003481
0.003441
0.003383
0.003317
0.003261
0.003225
0.003211
0.003210
0.003210
0.003204
0.003193
0.003182
0.003172
0.003160
0.003148
0.003147
0.003169
0.003220
0.003298
0.003386
0.003461
0.003504
0.003507
0.003473
0.003408
0.003327
0.003243
0.003167
0.003101
0.003041
0.002986
0.002946
0.002921
0.002901
0.002877
0.002852
0.002841
0.002850
0.002869
0.002885
0.002889
0.002885
0.002872
0.002850
0.002823
0.002801
0.002786
0.002771
0.002743
0.002707
0.002673
0.002650
0.002629
0.002601
0.002567
0.002538
0.002521
0.002513
0.002515
0.002530
0.002558
0.002590
0.002612
0.002614
0.002594
0.002552
0.002495
0.002435
0.002390
0.002371
0.002367
0.002364
0.002352
0.002334
0.002317
0.002307
0.002310
0.002330
0.002370
0.002428
0.002500
0.002584
0.002670
0.002748
0.002809
0.002850
0.002868
0.002858
0.002814
0.002741
0.002657
0.002578
0.002510
0.002444
0.002370
0.002287
0.002207
0.002147
0.002117
0.002112
0.002118
0.002123
0.002121
0.002109
0.002087
0.002062
0.002045
0.002040
0.002045
0.002050
0.002048
0.002038
0.002027
0.002026
0.002045
0.002082
0.002131
0.002188
0.002254
0.002329
0.002407
0.002482
0.002552
0.002615
0.002668
0.002708
0.002734
0.002748
0.002754
0.002758
0.002760
0.002755
0.002734
0.002697
0.002658
0.002633
0.002626
0.002631
0.002639
0.002643
0.002637
0.002624
0.002616
0.002621
0.002639
0.002663
0.002697
0.002748
0.002814
0.002875
0.002914
0.002933
0.002943
0.002958
0.002986
0.003030
0.003084
0.003132
0.003158
0.003155
0.003133
0.003105
0.003078
0.003055
0.003031
0.003002
0.002965
0.002919
0.002867
0.002814
0.002763
0.002716
0.002673
0.002625
0.002573
0.002523
0.002484
0.002458
0.002445
0.002441
0.002451
0.002474
0.002510
0.002561
0.002626
0.002703
0.002783
0.002865
0.002953
0.003059
0.003184
0.003321
0.003461
0.003609
0.003775
0.003963
0.004163
0.004351
0.004507
0.004615
0.004662
0.004640
0.004557
0.004431
0.004281
0.004115
0.003935
0.003744
0.003556
0.003389
0.003254
0.003157
0.003093
0.003052
0.003028
0.003025
0.003048
0.003098
0.003164
0.003238
0.003316
0.003395
0.003461
0.003496
0.003493
0.003453
0.003389
0.003312
0.003240
0.003191
0.003182
0.003215
0.003282
0.003374
0.003491
0.003624
0.003757
0.003866
0.003931
0.003938
0.003882
0.003767
0.003617
0.003460
0.003317
0.003194
0.003098
0.003038
0.003018
0.003026
0.003047
0.003074
0.003118
0.003192
0.003303
0.003447
0.003615
0.003795
0.003981
0.004180
0.004404
0.004656
0.004931
0.005222
0.005527
0.005832
0.006107
0.006318
0.006439
0.006459
0.006379
0.006210
0.005974
0.005703
0.005427
0.005167
0.004931
0.004716
0.004516
0.004326
0.004144
0.003970
0.003802
0.003635
0.003466
0.003295
0.003127
0.002968
0.002819
0.002683
0.002564
0.002476
0.002422
0.002393
0.002375
0.002365
0.002373
0.002401
0.002445
0.002500
0.002566
0.002640
0.002712
0.002772
0.002818
0.002855
0.002890
0.002930
0.002981
0.003042
0.003119
0.003218
0.003354
0.003538
0.003770
0.004047
0.004380
0.004787
0.005283
0.005876
0.006569
0.007358
0.008230
0.009144
0.010027
0.010785
0.011320
0.011562
0.011488
0.011127
0.010547
0.009835
0.009077
0.008348
0.007698
0.007150
0.006696
0.006314
0.005975
0.005655
0.005339
0.005023
0.004706
0.004391
0.004091
0.003819
0.003587
0.003394
0.003235
0.003099
0.002981
0.002878
0.002793
0.002724
0.002667
0.002609
0.002543
0.002471
0.002399
0.002327
0.002252
0.002178
0.002116
0.002069
0.002030
0.001992
0.001960
0.001943
0.001944
0.001956
0.001976
0.002000
0.002025
0.002046
0.002057
0.002061
0.002064
0.002069
0.002084
0.002113
0.002152
0.002194
0.002234
0.002275
0.002321
0.002373
0.002434
0.002509
0.002605
0.002720
0.002851
0.002998
0.003165
0.003358
0.003577
0.003816
0.004061
0.004275
0.004417
0.004457
0.004400
0.004266
0.004078
0.003858
0.003633
0.003427
0.003254
0.003112
0.002994
0.002894
0.002806
0.002734
0.002688
0.002676
0.002695
0.002733
0.002780
0.002839
0.002912
0.002995
0.003088
0.003194
0.003323
0.003478
0.003651
0.003833
0.004013
0.004182
0.004331
0.004459
0.004567
0.004662
0.004751
0.004841
0.004947
0.005081
0.005249
0.005452
0.005692
0.005973
0.006304
0.006693
0.007156
0.007709
0.008362
0.009118
0.009986
0.010991
0.012166
0.013538
0.015121
0.016928
0.018972
0.021243
0.023684
0.026181
0.028569
0.030647
0.032196
0.033027
0.033034
0.032232
0.030746
0.028775
0.026550
0.024283
0.022138
0.020215
0.018541
0.017094
0.015822
0.014673
0.013604
0.012580
0.011582
0.010608
0.009674
0.008798
0.007988
0.007250
0.006595
0.006027
0.005535
0.005099
0.004709
0.004370
0.004088
0.003859
0.003669
0.003500
0.003342
0.003190
0.003047
0.002925
0.002830
0.002764
0.002718
0.002679
0.002633
0.002574
0.002510
0.002455
0.002419
0.002396
0.002382
0.002374
0.002372
0.002367
0.002351
0.002322
0.002289
0.002262
0.002252
0.002266
0.002308
0.002375
0.002459
0.002556
0.002666
0.002785
0.002903
0.002999
0.003053
0.003052
0.002995
0.002888
0.002739
0.002559
0.002367
0.002183
0.002017
0.001868
0.001731
0.001608
0.001501
0.001407
0.001318
0.001231
0.001154
0.001095
0.001052
0.001022
0.001001
0.000986
0.000970
0.000951
0.000930
0.000917
0.000915
0.000925
0.000940
0.000955
0.000965
0.000972
0.000976
0.000975
0.000961
0.000930
0.000884
0.000830
0.000779
0.000737
0.000704
0.000679
0.000658
0.000642
0.000628
0.000620
0.000615
0.000611
0.000608
0.000604
0.000601
0.000599
0.000593
0.000578
0.000555
0.000529
0.000507
0.000489
0.000473
0.000458
0.000444
0.000432
0.000425
0.000422
0.000423
0.000425
0.000432
0.000444
0.000461
0.000478
0.000489
0.000494
0.000496
0.000497
0.000497
0.000500
0.000512
0.000534
0.000560
0.000585
0.000607
0.000628
0.000652
0.000678
0.000702
0.000717
0.000722
0.000721
0.000723
0.000729
0.000734
0.000738
0.000741
0.000742
0.000737
0.000728
0.000722
0.000722
0.000721
0.000706
0.000682
0.000659
0.000646
0.000637
0.000632
0.000631
0.000633
0.000628
0.000609
0.000582
0.000557
0.000540
0.000530
0.000519
0.000507
0.000496
0.000483
0.000468
0.000450
0.000435
0.000425
0.000418
0.000415
0.000418
0.000427
0.000437
0.000438
0.000428
0.000413
0.000399
0.000390
0.000382
0.000376
0.000370
0.000359
0.000343
0.000327
0.000313
0.000298
0.000275
0.000247
0.000225
0.000217
0.000223
0.000237
0.000255
0.000271
0.000284
0.000293
0.000297
0.000301
0.000305
0.000307
0.000303
0.000292
0.000277
0.000266
0.000269
0.000285
0.000303
0.000311
0.000304
0.000288
0.000272
0.000257
0.000242
0.000228
0.000220
0.000216
0.000214
0.000210
0.000206
0.000206
0.000208
0.000209
0.000204
0.000193
0.000178
0.000165
0.000159
0.000160
0.000162
0.000162
0.000164
0.000173
0.000183
0.000189
0.000188
0.000187
0.000188
0.000186
0.000174
0.000159
0.000147
0.000140
0.000139
0.000144
0.000159
0.000180
0.000201
0.000218
0.000229
0.000233
0.000235
0.000238
0.000245
0.000251
0.000256
0.000259
0.000258
0.000249
0.000231
0.000213
0.000205
0.000207
0.000212
0.000216
0.000222
0.000230
0.000231
0.000220
0.000200
0.000182
0.000170
0.000162
0.000157
0.000157
0.000164
0.000179
0.000197
0.000212
0.000223
0.000232
0.000244
0.000260
0.000280
0.000304
0.000334
0.000365
0.000390
0.000401
0.000399
0.000394
0.000396
0.000408
0.000422
0.000427
0.000420
0.000410
0.000405
0.000405
0.000400
0.000384
0.000363
0.000344
0.000329
0.000317
0.000309
0.000309
0.000312
0.000313
0.000312
0.000312
0.000313
0.000314
0.000318
0.000330
0.000352
0.000379
0.000415
0.000464
0.000530
0.000606
0.000687
0.000775
0.000871
0.000975
0.001078
0.001176
0.001263
0.001326
0.001355
0.001350
0.001322
0.001278
0.001219
0.001146
0.001065
0.000981
0.000899
0.000818
0.000740
0.000668
0.000605
0.000556
0.000524
0.000509
0.000502
0.000487
0.000459
0.000421
0.000381
0.000344
0.000315
0.000297
0.000292
0.000295
0.000297
0.000293
0.000284
0.000274
0.000267
0.000267
0.000271
0.000275
0.000276
0.000277
0.000281
0.000282
0.000273
0.000256
0.000238
0.000222
0.000208
0.000194
0.000182
0.000179
0.000190
0.000215
0.000246
0.000270
0.000282
0.000283
0.000278
0.000269
0.000255
0.000247
0.000254
0.000277
0.000312
0.000352
0.000395
0.000436
0.000475
0.000509
0.000540
0.000572
0.000608
0.000656
0.000714
0.000766
0.000789
0.000776
0.000743
0.000704
0.000665
0.000620
0.000571
0.000521
0.000477
0.000440
0.000417
0.000410
0.000419
0.000432
0.000439
0.000437
0.000424
0.000400
0.000367
0.000334
0.000311
0.000305
0.000309
0.000305
0.000285
0.000260
0.000245
0.000244
0.000249
0.000256
0.000270
0.000293
0.000312
0.000313
0.000297
0.000274
0.000253
0.000238
0.000234
0.000239
0.000245
0.000242
0.000232
0.000222
0.000215
0.000205
0.000192
0.000180
0.000177
0.000181
0.000183
0.000179
0.000169
0.000153
0.000136
0.000119
0.000106
0.000096
0.000091
0.000089
0.000088
0.000093
0.000113
0.000152
0.000199
0.000241
0.000281
0.000323
0.000367
0.000399
0.000414
0.000415
0.000410
0.000399
0.000392
0.000408
0.000456
0.000522
0.000583
0.000632
0.000680
0.000735
0.000783
0.000805
0.000794
0.000756
0.000706
0.000656
0.000606
0.000552
0.000496
0.000449
0.000420
0.000403
0.000379
0.000339
0.000290
0.000247
0.000216
0.000192
0.000166
0.000140
0.000119
0.000106
0.000094
0.000083
0.000074
0.000075
0.000083
0.000094
0.000102
0.000106
0.000103
0.000095
0.000086
0.000081
0.000081
0.000079
0.000074
0.000073
0.000084
0.000108
0.000140
0.000170
0.000186
0.000178
0.000148
0.000111
0.000083
0.000064
0.000051
0.000039
0.000029
0.000021
0.000013
0.000008
0.000007
0.000005
-0.000003
-0.000018
-0.000030
-0.000032
-0.000027
-0.000020
-0.000015
-0.000012
-0.000011
-0.000008
-0.000001
0.000011
0.000020
0.000022
0.000018
0.000010
-0.000000
-0.000014
-0.000033
-0.000059
-0.000084
-0.000095
-0.000085
-0.000062
-0.000038
-0.000019
-0.000004
0.000006
0.000014
0.000025
0.000044
0.000061
0.000059
0.000034
0.000001
-0.000017
-0.000015
-0.000001
0.000014
0.000024
0.000028
0.000028
0.000030
0.000035
0.000039
0.000034
0.000024
0.000018
0.000019
0.000030
0.000053
0.000085
0.000114
0.000126
0.000116
0.000093
0.000071
0.000060
0.000058
0.000059
0.000058
0.000051
0.000035
0.000007
-0.000027
-0.000057
-0.000074
-0.000081
-0.000087
-0.000095
-0.000098
-0.000091
-0.000077
-0.000061
-0.000043
-0.000023
-0.000003
0.000007
0.000008
0.000008
0.000012
0.000019
0.000021
0.000017
0.000009
0.000003
0.000001
-0.000000
-0.000002
0.000000
0.000015
0.000037
0.000055
0.000061
0.000062
0.000062
0.000054
0.000033
0.000007
-0.000002
0.000009
0.000025
0.000036
0.000045
0.000055
0.000057
0.000046
0.000033
0.000029
0.000037
0.000048
0.000055
0.000057
0.000054
0.000046
0.000038
0.000040
0.000050
0.000054
0.000045
0.000029
0.000018
0.000013
0.000012
0.000013
0.000019
0.000027
0.000033
0.000030
0.000018
0.000004
-0.000010
-0.000021
-0.000032
-0.000043
-0.000050
-0.000047
-0.000034
-0.000019
-0.000010
-0.000005
0.000000
0.000005
0.000009
0.000012
0.000016
0.000018
0.000017
0.000015
0.000012
0.000010
0.000006
0.000001
-0.000002
0.000001
0.000011
0.000024
0.000034
0.000034
0.000026
0.000019
0.000020
0.000032
0.000046
0.000053
0.000056
0.000060
0.000071
0.000086
0.000092
0.000083
0.000062
0.000041
0.000027
0.000021
0.000017
0.000008
-0.000011
-0.000037
-0.000056
-0.000055
-0.000035
-0.000014
-0.000011
-0.000027
-0.000049
-0.000061
-0.000062
-0.000057
-0.000051
-0.000047
-0.000046
-0.000044
-0.000037
-0.000023
-0.000008
0.000005
0.000012
0.000017
0.000015
0.000004
-0.000013
-0.000028
-0.000034
-0.000036
-0.000039
-0.000048
-0.000064
-0.000081
-0.000093
-0.000093
-0.000082
-0.000065
-0.000048
-0.000030
-0.000014
-0.000006
-0.000009
-0.000018
-0.000025
-0.000029
-0.000035
-0.000040
-0.000041
-0.000037
-0.000034
-0.000036
-0.000035
-0.000021
0.000001
0.000013
0.000008
-0.000008
-0.000023
-0.000030
-0.000027
-0.000012
0.000016
0.000046
0.000061
0.000057
0.000041
0.000025
0.000017
0.000020
0.000032
0.000043
0.000043
0.000033
0.000023
0.000015
0.000007
0.000002
0.000006
0.000022
0.000036
0.000033
0.000012
-0.000014
-0.000036
-0.000054
-0.000069
-0.000080
-0.000091
-0.000109
-0.000133
-0.000146
-0.000135
-0.000108
-0.000083
-0.000072
-0.000068
-0.000058
-0.000032
0.000004
0.000031
0.000037
0.000023
0.000002
-0.000012
-0.000024
-0.000040
-0.000059
-0.000075
-0.000085
-0.000095
-0.000103
-0.000099
-0.000077
-0.000043
-0.000010
0.000015
0.000034
0.000047
0.000057
0.000060
0.000056
0.000044
0.000026
0.000008
-0.000005
-0.000010
-0.000007
-0.000002
-0.000004
-0.000019
-0.000040
-0.000052
-0.000055
-0.000058
-0.000063
-0.000057
-0.000029
0.000012
0.000044
0.000054
0.000049
0.000040
0.000030
0.000020
0.000012
0.000009
0.000009
0.000007
0.000002
-0.000005
-0.000012
-0.000017
-0.000019
-0.000017
-0.000016
-0.000020
-0.000025
-0.000029
-0.000030
-0.000028
-0.000025
-0.000021
-0.000019
-0.000018
-0.000022
-0.000031
-0.000041
-0.000049
-0.000055
-0.000060
-0.000062
-0.000059
-0.000050
-0.000037
-0.000024
-0.000008
0.000010
0.000029
0.000042
0.000050
0.000054
0.000056
0.000059
0.000064
0.000076
0.000093
0.000112
0.000130
0.000146
0.000156
0.000156
0.000146
0.000130
0.000110
0.000086
0.000058
0.000035
0.000022
0.000024
0.000037
0.000056
0.000075
0.000088
0.000093
0.000093
0.000090
0.000085
0.000080
0.000077
0.000077
0.000078
0.000081
0.000086
0.000092
0.000097
0.000099
0.000094
0.000082
0.000063
0.000045
0.000040
0.000054
0.000079
0.000100
0.000111
0.000113
0.000107
0.000098
0.000092
0.000096
0.000109
0.000123
0.000129
0.000125
0.000112
0.000090
0.000061
0.000033
0.000015
0.000015
0.000030
0.000051
0.000070
0.000083
0.000092
0.000097
0.000094
0.000080
0.000059
0.000039
0.000026
0.000013
-0.000003
-0.000018
-0.000029
-0.000038
-0.000047
-0.000056
-0.000061
-0.000062
-0.000063
-0.000060
-0.000050
-0.000038
-0.000029
-0.000023
-0.000013
0.000002
0.000017
0.000029
0.000044
0.000066
0.000089
0.000100
0.000095
0.000083
0.000073
0.000065
0.000053
0.000035
0.000017
0.000004
-0.000004
-0.000008
-0.000009
-0.000006
0.000001
0.000010
0.000013
0.000009
0.000005
0.000006
0.000011
0.000013
0.000007
-0.000001
-0.000005
-0.000002
0.000005
0.000015
0.000033
0.000058
0.000081
0.000094
0.000099
0.000101
0.000104
0.000106
0.000109
0.000116
0.000128
0.000133
0.000124
0.000103
0.000077
0.000054
0.000038
0.000030
0.000027
0.000025
0.000022
0.000024
0.000035
0.000047
0.000052
0.000051
0.000054
0.000067
0.000085
0.000098
0.000097
0.000077
0.000040
-0.000002
-0.000032
-0.000039
-0.000027
-0.000009
0.000001
-0.000003
-0.000020
-0.000038
-0.000042
-0.000030
-0.000011
0.000004
0.000011
0.000012
0.000008
0.000006
0.000012
0.000024
0.000031
0.000025
0.000015
0.000010
0.000006
-0.000006
-0.000024
-0.000036
-0.000038
-0.000038
-0.000048
-0.000066
-0.000085
-0.000098
-0.000098
-0.000085
-0.000066
-0.000046
-0.000028
-0.000010
0.000007
0.000020
0.000026
0.000028
0.000025
0.000020
0.000015
0.000017
0.000025
0.000026
0.000016
-0.000000
-0.000008
-0.000006
-0.000003
-0.000010
-0.000025
-0.000043
-0.000057
-0.000065
-0.000066
-0.000061
-0.000051
-0.000035
-0.000014
0.000003
0.000011
0.000007
-0.000004
-0.000015
-0.000018
-0.000006
0.000018
0.000045
0.000059
0.000055
0.000040
0.000021
0.000004
-0.000005
-0.000006
0.000001
0.000011
0.000017
0.000021
0.000029
0.000046
0.000068
0.000088
0.000094
0.000080
0.000054
0.000029
0.000014
0.000010
0.000009
0.000004
-0.000008
-0.000021
-0.000028
-0.000025
-0.000020
-0.000023
-0.000035
-0.000045
-0.000050
-0.000055
-0.000068
-0.000083
-0.000090
-0.000086
-0.000074
-0.000060
-0.000043
-0.000023
-0.000008
-0.000003
-0.000005
-0.000011
-0.000018
-0.000029
-0.000042
-0.000051
-0.000058
-0.000063
-0.000065
-0.000057
-0.000039
-0.000020
-0.000011
-0.000016
-0.000024
-0.000025
-0.000021
-0.000016
-0.000013
-0.000015
-0.000025
-0.000042
-0.000057
-0.000059
-0.000050
-0.000041
-0.000041
-0.000048
-0.000054
-0.000059
-0.000069
-0.000080
-0.000087
-0.000086
-0.000076
-0.000055
-0.000030
-0.000009
0.000001
0.000006
0.000015
0.000032
0.000052
0.000065
0.000071
0.000075
0.000078
0.000082
0.000087
0.000092
0.000094
0.000088
0.000074
0.000059
0.000046
0.000033
0.000017
-0.000005
-0.000027
-0.000044
-0.000053
-0.000055
-0.000052
-0.000046
-0.000037
-0.000028
-0.000022
-0.000021
-0.000020
-0.000017
-0.000009
0.000005
0.000026
0.000047
0.000061
0.000061
0.000049
0.000033
0.000024
0.000024
0.000030
0.000035
0.000030
0.000018
0.000009
0.000010
0.000022
0.000040
0.000062
0.000082
0.000095
0.000098
0.000095
0.000093
0.000096
0.000103
0.000112
0.000122
0.000128
0.000126
0.000115
0.000103
0.000093
0.000083
0.000070
0.000056
0.000046
0.000040
0.000035
0.000027
0.000015
0.000004
0.000002
0.000008
0.000017
0.000022
0.000024
0.000031
0.000042
0.000044
0.000030
0.000008
-0.000001
0.000011
0.000035
0.000059
0.000075
0.000085
0.000088
0.000085
0.000083
0.000092
0.000108
0.000120
0.000119
0.000106
0.000092
0.000081
0.000067
0.000045
0.000018
-0.000004
-0.000013
-0.000013
-0.000013
-0.000022
-0.000038
-0.000054
-0.000062
-0.000063
-0.000059
-0.000054
-0.000046
-0.000034
-0.000020
-0.000012
-0.000011
-0.000008
0.000009
0.000038
0.000065
0.000076
0.000073
0.000069
0.000071
0.000075
0.000078
0.000077
0.000073
0.000065
0.000052
0.000036
0.000022
0.000015
0.000011
0.000010
0.000009
0.000007
0.000007
0.000006
0.000005
0.000005
0.000006
0.000009
0.000010
0.000006
-0.000001
-0.000006
-0.000011
-0.000018
-0.000029
-0.000039
-0.000041
-0.000037
-0.000027
-0.000012
0.000007
0.000024
0.000033
0.000035
0.000037
0.000042
0.000044
0.000041
0.000036
0.000039
0.000045
0.000046
0.000038
0.000027
0.000021
0.000013
-0.000007
-0.000040
-0.000071
-0.000086
-0.000085
-0.000078
-0.000074
-0.000069
-0.000056
-0.000036
-0.000014
0.000002
0.000010
0.000015
0.000021
0.000034
0.000054
0.000077
0.000093
0.000093
0.000075
0.000047
0.000023
0.000013
0.000015
0.000025
0.000037
0.000048
0.000057
0.000061
0.000057
0.000044
0.000024
0.000003
-0.000015
-0.000022
-0.000017
-0.000005
0.000003
0.000002
-0.000009
-0.000022
-0.000033
-0.000035
-0.000025
-0.000003
0.000024
0.000044
0.000048
0.000039
0.000029
0.000025
0.000027
0.000031
0.000029
0.000023
0.000017
0.000017
0.000025
0.000036
0.000044
0.000044
0.000038
0.000032
0.000032
0.000039
0.000047
0.000048
0.000045
0.000041
0.000038
0.000032
0.000022
0.000016
0.000020
0.000031
0.000040
0.000043
0.000045
0.000052
0.000057
0.000052
0.000032
0.000006
-0.000015
-0.000028
-0.000034
-0.000039
-0.000041
-0.000042
-0.000045
-0.000052
-0.000055
-0.000050
-0.000038
-0.000027
-0.000017
-0.000003
0.000017
0.000035
0.000043
0.000045
0.000053
0.000066
0.000075
0.000072
0.000063
0.000055
0.000048
0.000037
0.000026
0.000021
0.000022
0.000021
0.000016
0.000013
0.000024
0.000045
0.000064
0.000065
0.000049
0.000027
0.000017
0.000025
0.000046
0.000067
0.000077
0.000076
0.000069
0.000061
0.000051
0.000036
0.000013
-0.000011
-0.000025
-0.000021
-0.000004
0.000010
0.000013
0.000003
-0.000012
-0.000022
-0.000020
-0.000004
0.000020
0.000044
0.000062
0.000074
0.000080
0.000081
0.000077
0.000072
0.000069
0.000066
0.000060
0.000055
0.000053
0.000056
0.000056
0.000049
0.000033
0.000016
0.000010
0.000017
0.000030
0.000039
0.000042
0.000045
0.000052
0.000059
0.000066
0.000078
0.000096
0.000110
0.000107
0.000092
0.000080
0.000075
0.000070
0.000059
0.000046
0.000039
0.000035
0.000032
0.000029
0.000030
0.000037
0.000044
0.000043
0.000032
0.000016
0.000003
0.000000
0.000004
0.000005
-0.000001
-0.000013
-0.000024
-0.000031
-0.000032
-0.000031
-0.000031
-0.000033
-0.000037
-0.000040
-0.000043
-0.000049
-0.000056
-0.000060
-0.000056
-0.000044
-0.000026
-0.000005
0.000017
0.000032
0.000035
0.000029
0.000023
0.000022
0.000020
0.000012
-0.000001
-0.000014
-0.000025
-0.000035
-0.000045
-0.000054
-0.000059
-0.000057
-0.000052
-0.000048
-0.000045
-0.000042
-0.000035
-0.000025
-0.000016
-0.000013
-0.000015
-0.000014
-0.000006
0.000005
0.000007
-0.000003
-0.000014
-0.000015
-0.000011
-0.000015
-0.000032
-0.000048
-0.000055
-0.000057
-0.000062
-0.000069
-0.000068
-0.000055
-0.000035
-0.000010
0.000021
0.000054
0.000078
0.000084
0.000073
0.000057
0.000047
0.000047
0.000055
0.000062
0.000062
0.000052
0.000039
0.000026
0.000017
0.000016
0.000023
0.000035
0.000047
0.000055
0.000062
0.000068
0.000070
0.000063
0.000051
0.000038
0.000027
0.000012
-0.000006
-0.000023
-0.000029
-0.000018
0.000006
0.000028
0.000036
0.000029
0.000015
0.000000
-0.000017
-0.000036
-0.000051
-0.000058
-0.000064
-0.000076
-0.000092
-0.000105
-0.000112
-0.000118
-0.000124
-0.000121
-0.000104
-0.000074
-0.000041
-0.000015
-0.000005
-0.000008
-0.000015
-0.000016
-0.000010
-0.000004
-0.000002
0.000002
0.000016
0.000034
0.000049
0.000057
0.000057
0.000048
0.000031
0.000011
-0.000007
-0.000024
-0.000042
-0.000057
-0.000063
-0.000056
-0.000039
-0.000021
-0.000012
-0.000014
-0.000027
-0.000050
-0.000073
-0.000089
-0.000088
-0.000065
-0.000023
0.000034
0.000104
0.000180
0.000254
0.000319
0.000374
0.000421
0.000454
0.000459
0.000426
0.000360
0.000279
0.000204
0.000149
0.000116
0.000096
0.000080
0.000061
0.000047
0.000039
0.000037
0.000035
0.000029
0.000022
0.000019
0.000023
0.000034
0.000043
0.000043
0.000031
0.000016
0.000007
0.000004
0.000004
0.000005
0.000007
0.000012
0.000022
0.000040
0.000061
0.000074
0.000069
0.000053
0.000036
0.000021
0.000007
-0.000005
-0.000010
-0.000006
-0.000005
-0.000009
-0.000012
-0.000004
0.000011
0.000020
0.000012
-0.000007
-0.000028
-0.000044
-0.000050
-0.000045
-0.000032
-0.000018
-0.000009
-0.000011
-0.000023
-0.000034
-0.000035
-0.000026
-0.000017
-0.000021
-0.000036
-0.000049
-0.000046
-0.000029
-0.000012
-0.000004
-0.000007
-0.000017
-0.000030
-0.000047
-0.000066
-0.000088
-0.000107
-0.000121
-0.000132
-0.000143
-0.000153
-0.000160
-0.000158
-0.000144
-0.000119
-0.000086
-0.000054
-0.000029
-0.000014
-0.000009
-0.000012
-0.000024
-0.000043
-0.000064
-0.000082
-0.000092
-0.000093
-0.000087
-0.000077
-0.000064
-0.000050
-0.000035
-0.000023
-0.000014
-0.000011
-0.000013
-0.000014
-0.000012
-0.000010
-0.000015
-0.000030
-0.000047
-0.000056
-0.000055
-0.000050
-0.000043
-0.000032
-0.000021
-0.000017
-0.000020
-0.000020
-0.000014
-0.000008
-0.000007
-0.000005
0.000004
0.000018
0.000025
0.000020
0.000006
-0.000010
-0.000028
-0.000042
-0.000046
-0.000040
-0.000027
-0.000009
0.000011
0.000025
0.000031
0.000033
0.000041
0.000052
0.000054
0.000040
0.000021
0.000011
0.000009
0.000004
-0.000008
-0.000022
-0.000030
-0.000031
-0.000027
-0.000015
0.000010
0.000043
0.000068
0.000073
0.000058
0.000039
0.000027
0.000022
0.000020
0.000020
0.000024
0.000030
0.000032
0.000029
0.000024
0.000020
0.000018
0.000019
0.000026
0.000038
0.000049
0.000052
0.000051
0.000054
0.000066
0.000077
0.000073
0.000049
0.000017
-0.000004
-0.000008
-0.000004
-0.000003
-0.000008
-0.000013
-0.000014
-0.000011
-0.000006
-0.000005
-0.000008
-0.000012
-0.000008
0.000006
0.000020
0.000022
0.000013
-0.000002
-0.000021
-0.000042
-0.000058
-0.000064
-0.000059
-0.000051
-0.000041
-0.000027
-0.000012
-0.000001
0.000003
0.000007
0.000013
0.000012
0.000001
-0.000013
-0.000019
-0.000016
-0.000010
0.000001
0.000013
0.000017
0.000003
-0.000020
-0.000032
-0.000021
0.000006
0.000039
0.000075
0.000114
0.000151
0.000186
0.000224
0.000271
0.000324
0.000373
0.000406
0.000416
0.000403
0.000366
0.000313
0.000249
0.000184
0.000128
0.000089
0.000066
0.000053
0.000048
0.000048
0.000055
0.000063
0.000069
0.000073
0.000075
0.000077
0.000079
0.000083
0.000088
0.000089
0.000087
0.000086
0.000085
0.000084
0.000079
0.000073
0.000068
0.000064
0.000062
0.000067
0.000078
0.000089
0.000096
0.000096
0.000094
0.000093
0.000091
0.000088
0.000080
0.000067
0.000053
0.000046
0.000044
0.000045
0.000045
0.000051
0.000062
0.000071
0.000066
0.000048
0.000029
0.000024
0.000036
0.000061
0.000089
0.000111
0.000127
0.000141
0.000154
0.000163
0.000159
0.000143
0.000122
0.000104
0.000094
0.000092
0.000096
0.000108
0.000129
0.000157
0.000183
0.000194
0.000184
0.000163
0.000140
0.000120
0.000100
0.000081
0.000069
0.000062
0.000060
0.000060
0.000063
0.000062
0.000053
0.000039
0.000025
0.000010
-0.000010
-0.000038
-0.000063
-0.000078
-0.000082
-0.000076
-0.000063
-0.000046
-0.000031
-0.000020
-0.000014
-0.000014
-0.000019
-0.000024
-0.000022
-0.000015
-0.000011
-0.000018
-0.000030
-0.000038
-0.000034
-0.000015
0.000017
0.000051
0.000071
0.000070
0.000055
0.000041
0.000037
0.000042
0.000051
0.000058
0.000055
0.000037
0.000006
-0.000028
-0.000055
-0.000073
-0.000078
-0.000072
-0.000061
-0.000055
-0.000057
-0.000055
-0.000043
-0.000020
0.000006
0.000027
0.000039
0.000043
0.000040
0.000036
0.000031
0.000025
0.000020
0.000019
0.000021
0.000023
0.000018
0.000013
0.000018
0.000039
0.000066
0.000085
0.000092
0.000088
0.000080
0.000075
0.000076
0.000086
0.000100
0.000110
0.000108
0.000095
0.000078
0.000064
0.000056
0.000058
0.000070
0.000086
0.000101
0.000108
0.000108
0.000106
0.000105
0.000102
0.000100
0.000100
0.000101
0.000100
0.000096
0.000095
0.000101
0.000111
0.000115
0.000113
0.000113
0.000119
0.000124
0.000120
0.000109
0.000097
0.000089
0.000088
0.000090
0.000097
0.000107
0.000117
0.000127
0.000140
0.000153
0.000158
0.000146
0.000119
0.000085
0.000058
0.000045
0.000046
0.000054
0.000060
0.000065
0.000071
0.000082
0.000096
0.000108
0.000115
0.000119
0.000120
0.000119
0.000115
0.000111
0.000117
0.000139
0.000170
0.000194
0.000200
0.000194
0.000196
0.000211
0.000229
0.000236
0.000231
0.000222
0.000220
0.000226
0.000239
0.000255
0.000271
0.000286
0.000296
0.000299
0.000297
0.000297
0.000309
0.000329
0.000344
0.000347
0.000346
0.000355
0.000370
0.000378
0.000378
0.000379
0.000388
0.000398
0.000401
0.000402
0.000406
0.000415
0.000428
0.000449
0.000474
0.000494
0.000506
0.000517
0.000538
0.000570
0.000607
0.000644
0.000676
0.000700
0.000715
0.000727
0.000742
0.000762
0.000791
0.000832
0.000882
0.000937
0.000991
0.001047
0.001107
0.001172
0.001242
0.001321
0.001414
0.001519
0.001635
0.001764
0.001915
0.002099
0.002329
0.002613
0.002951
0.003341
0.003787
0.004288
0.004823
0.005341
0.005800
0.006201
0.006587
0.007026
0.007606
0.008418
0.009547
0.011073
0.013113
0.015859
0.019549
0.024419
0.030707
0.038641
0.048221
0.058782
0.068687
0.075620
0.077571
0.073923
0.065837
0.055603
0.045451
0.036691
0.029639
0.024084
0.019733
0.016350
0.013729
0.011686
0.010089
0.008862
0.007946
0.007275
0.006773
0.006355
0.005930
0.005441
0.004889
0.004319
0.003780
0.003300
0.002895
0.002561
0.002285
0.002052
0.001858
0.001704
0.001581
0.001473
0.001375
0.001289
0.001215
0.001149
0.001089
0.001039
0.000994
0.000949
0.000907
0.000876
0.000850
0.000814
0.000760
0.000701
0.000649
0.000607
0.000573
0.000553
0.000549
0.000551
0.000543
0.000524
0.000498
0.000467
0.000430
0.000392
0.000359
0.000335
0.000320
0.000312
0.000312
0.000318
0.000331
0.000353
0.000380
0.000400
0.000399
0.000372
0.000331
0.000292
0.000265
0.000252
0.000249
0.000253
0.000259
0.000264
0.000262
0.000253
0.000243
0.000239
0.000236
0.000224
0.000203
0.000182
0.000174
0.000178
0.000183
0.000181
0.000168
0.000146
0.000124
0.000109
0.000103
0.000099
0.000092
0.000089
0.000093
0.000104
0.000115
0.000123
0.000128
0.000131
0.000129
0.000127
0.000131
0.000141
0.000151
0.000160
0.000171
0.000183
0.000191
0.000193
0.000191
0.000183
0.000165
0.000143
0.000130
0.000129
0.000131
0.000121
0.000099
0.000076
0.000061
0.000055
0.000053
0.000050
0.000049
0.000049
0.000049
0.000040
0.000018
-0.000011
-0.000035
-0.000048
-0.000055
-0.000062
-0.000071
-0.000075
-0.000073
-0.000069
-0.000068
-0.000069
-0.000067
-0.000057
-0.000040
-0.000023
-0.000010
-0.000005
-0.000003
-0.000004
-0.000008
-0.000017
-0.000033
-0.000055
-0.000072
-0.000076
-0.000065
-0.000047
-0.000031
-0.000015
0.000008
0.000035
0.000056
0.000066
0.000070
0.000071
0.000067
0.000055
0.000042
0.000037
0.000041
0.000045
0.000047
0.000050
0.000056
0.000061
0.000060
0.000052
0.000040
0.000030
0.000027
0.000028
0.000027
0.000020
0.000011
0.000005
0.000009
0.000019
0.000031
0.000037
0.000031
0.000012
-0.000012
-0.000032
-0.000043
-0.000052
-0.000060
-0.000061
-0.000045
-0.000017
0.000011
0.000029
0.000040
0.000049
0.000055
0.000056
0.000054
0.000055
0.000061
0.000069
0.000073
0.000075
0.000077
0.000080
0.000080
0.000078
0.000076
0.000075
0.000074
0.000066
0.000047
0.000022
-0.000001
-0.000018
-0.000030
-0.000033
-0.000023
0.000001
0.000029
0.000046
0.000049
0.000044
0.000040
0.000042
0.000047
0.000046
0.000034
0.000012
-0.000008
-0.000014
-0.000005
0.000008
0.000020
0.000028
0.000032
0.000031
0.000029
0.000028
0.000029
0.000029
0.000028
0.000029
0.000033
0.000038
0.000041
0.000046
0.000052
0.000049
0.000033
0.000014
0.000009
0.000019
0.000030
0.000035
0.000036
0.000043
0.000055
0.000069
0.000087
0.000107
0.000123
0.000125
0.000116
0.000103
0.000096
0.000095
0.000094
0.000090
0.000080
0.000067
0.000056
0.000050
0.000046
0.000038
0.000028
0.000018
0.000011
0.000007
0.000006
0.000008
0.000013
0.000018
0.000020
0.000014
0.000004
-0.000004
-0.000003
0.000011
0.000031
0.000051
0.000069
0.000083
0.000092
0.000093
0.000088
0.000079
0.000069
0.000057
0.000044
0.000033
0.000023
0.000016
0.000013
0.000015
0.000023
0.000034
0.000044
0.000056
0.000075
0.000108
0.000159
0.000224
0.000291
0.000346
0.000381
0.000401
0.000409
0.000408
0.000392
0.000361
0.000317
0.000264
0.000212
0.000166
0.000129
0.000102
0.000084
0.000070
0.000057
0.000038
0.000015
-0.000003
-0.000007
0.000002
0.000015
0.000022
0.000022
0.000023
0.000032
0.000046
0.000057
0.000058
0.000053
0.000054
0.000064
0.000078
0.000085
0.000085
0.000080
0.000074
0.000066
0.000053
0.000038
0.000027
0.000022
0.000024
0.000028
0.000031
0.000035
0.000044
0.000062
0.000085
0.000103
0.000112
0.000114
0.000110
0.000100
0.000088
0.000080
0.000077
0.000072
0.000055
0.000031
0.000014
0.000016
0.000029
0.000038
0.000036
0.000030
0.000030
0.000032
0.000026
0.000011
-0.000005
-0.000012
-0.000006
0.000009
0.000029
0.000046
0.000056
0.000059
0.000054
0.000045
0.000040
0.000041
0.000048
0.000053
0.000056
0.000062
0.000078
0.000098
0.000112
0.000116
0.000116
0.000116
0.000110
0.000096
0.000078
0.000058
0.000039
0.000022
0.000010
0.000009
0.000015
0.000021
0.000026
0.000033
0.000041
0.000045
0.000043
0.000038
0.000032
0.000026
0.000016
0.000004
-0.000006
-0.000011
-0.000010
-0.000004
0.000003
0.000008
0.000008
0.000005
0.000000
-0.000002
-0.000003
-0.000003
-0.000006
-0.000009
-0.000004
0.000013
0.000035
0.000048
0.000047
0.000040
0.000041
0.000054
0.000076
0.000098
0.000118
0.000132
0.000140
0.000137
0.000120
0.000087
0.000042
-0.000002
-0.000034
-0.000048
-0.000043
-0.000018
0.000019
0.000049
0.000060
0.000056
0.000054
0.000061
0.000067
0.000063
0.000052
0.000045
0.000045
0.000043
0.000034
0.000023
0.000017
0.000014
0.000014
0.000016
0.000021
0.000028
0.000032
0.000029
0.000019
0.000007
0.000001
0.000007
0.000024
0.000040
0.000049
0.000054
0.000059
0.000063
0.000067
0.000072
0.000080
0.000089
0.000096
0.000094
0.000083
0.000062
0.000034
0.000009
-0.000007
-0.000010
-0.000004
0.000010
0.000029
0.000046
0.000055
0.000053
0.000050
0.000048
0.000046
0.000042
0.000038
0.000039
0.000047
0.000062
0.000079
0.000095
0.000102
0.000098
0.000083
0.000061
0.000038
0.000017
0.000003
-0.000007
-0.000015
-0.000020
-0.000018
-0.000005
0.000011
0.000022
0.000022
0.000016
0.000008
0.000008
0.000023
0.000053
0.000088
0.000116
0.000132
0.000140
0.000141
0.000132
0.000114
0.000096
0.000089
0.000095
0.000106
0.000115
0.000117
0.000109
0.000094
0.000081
0.000078
0.000086
0.000091
0.000081
0.000061
0.000043
0.000039
0.000045
0.000051
0.000050
0.000044
0.000039
0.000041
0.000052
0.000066
0.000070
0.000061
0.000044
0.000026
0.000010
-0.000003
-0.000009
0.000002
0.000028
0.000058
0.000081
0.000093
0.000090
0.000071
0.000042
0.000015
0.000007
0.000017
0.000037
0.000058
0.000075
0.000086
0.000084
0.000070
0.000050
0.000033
0.000026
0.000027
0.000032
0.000037
0.000044
0.000050
0.000050
0.000041
0.000030
0.000025
0.000031
0.000046
0.000062
0.000075
0.000081
0.000076
0.000060
0.000041
0.000029
0.000023
0.000016
0.000014
0.000021
0.000037
0.000050
0.000049
0.000037
0.000023
0.000010
-0.000001
-0.000008
-0.000008
-0.000003
0.000001
-0.000002
-0.000012
-0.000025
-0.000037
-0.000044
-0.000047
-0.000053
-0.000065
-0.000078
-0.000084
-0.000076
-0.000057
-0.000035
-0.000021
-0.000023
-0.000035
-0.000044
-0.000039
-0.000024
-0.000005
0.000008
0.000016
0.000016
0.000009
0.000001
0.000002
0.000016
0.000034
0.000044
0.000045
0.000047
0.000058
0.000075
0.000092
0.000107
0.000118
0.000120
0.000105
0.000075
0.000046
0.000032
0.000034
0.000041
0.000045
0.000046
0.000046
0.000046
0.000049
0.000058
0.000072
0.000084
0.000085
0.000074
0.000049
0.000016
-0.000017
-0.000039
-0.000045
-0.000043
-0.000041
-0.000035
-0.000018
0.000014
0.000052
0.000085
0.000104
0.000110
0.000106
0.000104
0.000106
0.000110
0.000106
0.000091
0.000068
0.000040
0.000009
-0.000022
-0.000045
-0.000056
-0.000060
-0.000064
-0.000071
-0.000076
-0.000077
-0.000073
-0.000072
-0.000080
-0.000094
-0.000105
-0.000107
-0.000095
-0.000074
-0.000046
-0.000016
0.000009
0.000022
0.000019
0.000003
-0.000015
-0.000031
-0.000044
-0.000057
-0.000066
-0.000067
-0.000059
-0.000047
-0.000040
-0.000042
-0.000048
-0.000048
-0.000036
-0.000017
0.000002
0.000016
0.000027
0.000034
0.000035
0.000031
0.000027
0.000029
0.000033
0.000034
0.000030
0.000026
0.000027
0.000027
0.000017
0.000000
-0.000015
-0.000021
-0.000019
-0.000011
0.000000
0.000012
0.000017
0.000012
0.000001
-0.000008
-0.000010
-0.000004
0.000007
0.000020
0.000030
0.000033
0.000035
0.000040
0.000049
0.000061
0.000071
0.000077
0.000079
0.000075
0.000068
0.000060
0.000051
0.000045
0.000047
0.000055
0.000063
0.000065
0.000061
0.000050
0.000029
-0.000008
-0.000046
-0.000068
-0.000064
-0.000047
-0.000033
-0.000024
-0.000016
-0.000009
-0.000006
-0.000008
-0.000009
-0.000006
0.000002
0.000012
0.000021
0.000029
0.000034
0.000034
0.000025
0.000012
0.000002
0.000004
0.000016
0.000026
0.000026
0.000025
0.000037
0.000060
0.000076
0.000075
0.000064
0.000062
0.000074
0.000083
0.000073
0.000048
0.000027
0.000020
0.000019
0.000011
-0.000005
-0.000016
-0.000018
-0.000018
-0.000025
-0.000039
-0.000057
-0.000079
-0.000104
-0.000119
-0.000116
-0.000096
-0.000075
-0.000065
-0.000063
-0.000063
-0.000065
-0.000072
-0.000080
-0.000080
-0.000062
-0.000033
-0.000008
0.000003
0.000006
0.000016
0.000034
0.000048
0.000041
0.000012
-0.000021
-0.000043
-0.000055
-0.000059
-0.000056
-0.000041
-0.000016
0.000017
0.000053
0.000091
0.000119
0.000130
0.000125
0.000113
0.000102
0.000094
0.000083
0.000066
0.000045
0.000026
0.000018
0.000025
0.000044
0.000067
0.000086
0.000094
0.000092
0.000086
0.000084
0.000085
0.000082
0.000071
0.000059
0.000055
0.000061
0.000073
0.000080
0.000082
0.000080
0.000077
0.000074
0.000070
0.000061
0.000047
0.000028
0.000014
0.000012
0.000023
0.000037
0.000044
0.000039
0.000027
0.000014
0.000001
-0.000014
-0.000027
-0.000033
-0.000028
-0.000019
-0.000010
-0.000002
0.000009
0.000021
0.000031
0.000033
0.000030
0.000020
0.000003
-0.000021
-0.000047
-0.000067
-0.000079
-0.000087
-0.000097
-0.000109
-0.000112
-0.000098
-0.000071
-0.000043
-0.000023
-0.000008
0.000005
0.000013
0.000013
0.000010
0.000014
0.000028
0.000046
0.000067
0.000089
0.000108
0.000117
0.000117
0.000120
0.000129
0.000137
0.000138
0.000131
0.000123
0.000113
0.000099
0.000080
0.000065
0.000061
0.000065
0.000075
0.000086
0.000103
0.000130
0.000162
0.000187
0.000193
0.000176
0.000145
0.000111
0.000082
0.000061
0.000047
0.000038
0.000032
0.000023
0.000011
-0.000004
-0.000019
-0.000028
-0.000026
-0.000013
0.000004
0.000019
0.000032
0.000045
0.000055
0.000060
0.000060
0.000060
0.000061
0.000058
0.000043
0.000021
0.000002
-0.000006
-0.000004
0.000000
-0.000000
-0.000009
-0.000026
-0.000042
-0.000045
-0.000032
-0.000012
0.000002
0.000005
0.000006
0.000013
0.000024
0.000030
0.000030
0.000026
0.000019
0.000008
-0.000006
-0.000018
-0.000025
-0.000034
-0.000051
-0.000074
-0.000092
-0.000097
-0.000088
-0.000070
-0.000048
-0.000027
-0.000008
0.000008
0.000021
0.000024
0.000013
-0.000006
-0.000023
-0.000029
-0.000025
-0.000015
-0.000004
0.000002
-0.000004
-0.000023
-0.000044
-0.000048
-0.000029
0.000004
0.000038
0.000064
0.000077
0.000075
0.000060
0.000039
0.000021
0.000011
0.000010
0.000012
0.000012
0.000007
-0.000002
-0.000008
-0.000011
-0.000012
-0.000015
-0.000016
-0.000013
-0.000004
0.000008
0.000023
0.000040
0.000055
0.000067
0.000073
0.000075
0.000081
0.000092
0.000106
0.000116
0.000115
0.000105
0.000094
0.000083
0.000069
0.000047
0.000025
0.000017
0.000032
0.000056
0.000071
0.000070
0.000056
0.000038
0.000023
0.000013
0.000014
0.000024
0.000034
0.000038
0.000037
0.000036
0.000033
0.000025
0.000017
0.000017
0.000024
0.000033
0.000037
0.000039
0.000037
0.000030
0.000022
0.000020
0.000025
0.000027
0.000016
-0.000002
-0.000015
-0.000022
-0.000033
-0.000049
-0.000059
-0.000051
-0.000033
-0.000019
-0.000015
-0.000012
-0.000003
0.000010
0.000023
0.000035
0.000051
0.000072
0.000091
0.000103
0.000103
0.000096
0.000083
0.000063
0.000037
0.000010
-0.000007
-0.000007
0.000005
0.000019
0.000025
0.000025
0.000020
0.000014
0.000007
0.000001
-0.000004
-0.000009
-0.000012
-0.000011
-0.000004
-0.000000
-0.000009
-0.000030
-0.000052
-0.000061
-0.000057
-0.000049
-0.000047
-0.000053
-0.000063
-0.000072
-0.000082
-0.000092
-0.000100
-0.000103
-0.000100
-0.000096
-0.000093
-0.000089
-0.000081
-0.000068
-0.000053
-0.000039
-0.000028
-0.000023
-0.000024
-0.000030
-0.000035
-0.000036
-0.000028
-0.000014
0.000005
0.000023
0.000035
0.000037
0.000034
0.000034
0.000043
0.000061
0.000078
0.000086
0.000081
0.000066
0.000043
0.000022
0.000008
0.000005
0.000010
0.000017
0.000023
0.000027
0.000028
0.000025
0.000020
0.000018
0.000025
0.000032
0.000034
0.000033
0.000037
0.000046
0.000046
0.000029
0.000005
-0.000008
-0.000004
0.000009
0.000020
0.000027
0.000034
0.000043
0.000054
0.000065
0.000071
0.000067
0.000053
0.000033
0.000017
0.000006
-0.000003
-0.000016
-0.000035
-0.000050
-0.000051
-0.000035
-0.000011
0.000005
0.000005
-0.000005
-0.000014
-0.000015
-0.000015
-0.000017
-0.000019
-0.000013
0.000003
0.000024
0.000043
0.000055
0.000060
0.000057
0.000051
0.000047
0.000048
0.000050
0.000048
0.000045
0.000044
0.000052
0.000065
0.000077
0.000087
0.000098
0.000107
0.000112
0.000108
0.000094
0.000073
0.000050
0.000030
0.000022
0.000027
0.000037
0.000042
0.000038
0.000027
0.000015
0.000005
0.000002
0.000007
0.000015
0.000020
0.000023
0.000029
0.000036
0.000035
0.000022
0.000006
0.000002
0.000013
0.000028
0.000038
0.000043
0.000048
0.000053
0.000057
0.000056
0.000048
0.000032
0.000012
-0.000003
-0.000008
-0.000005
0.000001
0.000007
0.000014
0.000025
0.000041
0.000060
0.000077
0.000087
0.000088
0.000087
0.000090
0.000097
0.000105
0.000110
0.000109
0.000108
0.000108
0.000108
0.000108
0.000105
0.000098
0.000085
0.000069
0.000054
0.000041
0.000029
0.000019
0.000017
0.000026
0.000039
0.000044
0.000037
0.000025
0.000017
0.000012
0.000001
-0.000015
-0.000027
-0.000025
-0.000014
-0.000005
0.000000
0.000002
0.000002
-0.000001
-0.000008
-0.000014
-0.000017
-0.000013
-0.000006
0.000001
0.000000
-0.000007
-0.000014
-0.000013
-0.000003
0.000010
0.000017
0.000019
0.000018
0.000018
0.000018
0.000019
0.000024
0.000029
0.000030
0.000022
0.000011
0.000007
0.000011
0.000019
0.000027
0.000033
0.000036
0.000035
0.000034
0.000040
0.000056
0.000075
0.000086
0.000084
0.000078
0.000074
0.000074
0.000076
0.000079
0.000086
0.000098
0.000113
0.000124
0.000124
0.000111
0.000093
0.000080
0.000077
0.000080
0.000085
0.000086
0.000085
0.000080
0.000071
0.000064
0.000060
0.000060
0.000057
0.000051
0.000044
0.000038
0.000034
0.000030
0.000033
0.000044
0.000059
0.000073
0.000085
0.000092
0.000089
0.000075
0.000059
0.000052
0.000056
0.000054
0.000034
-0.000001
-0.000035
-0.000055
-0.000055
-0.000036
-0.000007
0.000022
0.000039
0.000041
0.000034
0.000026
0.000021
0.000016
0.000010
0.000001
-0.000009
-0.000019
-0.000021
-0.000013
-0.000000
0.000008
0.000006
0.000002
0.000004
0.000013
0.000023
0.000026
0.000020
0.000009
-0.000002
-0.000009
-0.000008
0.000000
0.000013
0.000027
0.000039
0.000046
0.000046
0.000039
0.000035
0.000040
0.000051
0.000064
0.000075
0.000087
0.000103
0.000117
0.000118
0.000103
0.000076
0.000043
0.000014
-0.000006
-0.000013
-0.000010
-0.000004
0.000002
0.000008
0.000009
-0.000000
-0.000025
-0.000055
-0.000073
-0.000069
-0.000050
-0.000034
-0.000031
-0.000038
-0.000049
-0.000066
-0.000090
-0.000111
-0.000116
-0.000101
-0.000082
-0.000076
-0.000084
-0.000095
-0.000098
-0.000094
-0.000081
-0.000060
-0.000031
-0.000002
0.000013
0.000008
-0.000014
-0.000045
-0.000073
-0.000085
-0.000075
-0.000049
-0.000018
0.000005
0.000018
0.000025
0.000033
0.000040
0.000042
0.000038
0.000032
0.000031
0.000039
0.000054
0.000074
0.000096
0.000115
0.000129
0.000134
0.000129
0.000118
0.000104
0.000094
0.000090
0.000091
0.000093
0.000091
0.000082
0.000067
0.000051
0.000040
0.000036
0.000037
0.000039
0.000039
0.000036
0.000028
0.000021
0.000023
0.000035
0.000052
0.000069
0.000084
0.000096
0.000103
0.000101
0.000093
0.000081
0.000070
0.000059
0.000050
0.000046
0.000049
0.000056
0.000063
0.000069
0.000073
0.000078
0.000086
0.000092
0.000093
0.000082
0.000063
0.000041
0.000022
0.000014
0.000019
0.000036
0.000056
0.000068
0.000066
0.000058
0.000054
0.000062
0.000075
0.000087
0.000088
0.000076
0.000053
0.000028
0.000010
0.000003
0.000005
0.000013
0.000027
0.000040
0.000046
0.000042
0.000031
0.000019
0.000007
-0.000004
-0.000009
-0.000003
0.000015
0.000035
0.000045
0.000042
0.000033
0.000027
0.000025
0.000027
0.000025
0.000023
0.000023
0.000029
0.000034
0.000030
0.000015
-0.000002
-0.000012
-0.000015
-0.000017
-0.000016
-0.000010
0.000007
0.000028
0.000044
0.000049
0.000046
0.000039
0.000034
0.000033
0.000033
0.000033
0.000038
0.000055
0.000083
0.000111
0.000127
0.000129
0.000125
0.000121
0.000115
0.000105
0.000087
0.000064
0.000037
0.000008
-0.000025
-0.000054
-0.000075
-0.000083
-0.000084
-0.000076
-0.000054
-0.000011
0.000045
0.000092
0.000117
0.000119
0.000111
0.000100
0.000088
0.000077
0.000073
0.000075
0.000078
0.000076
0.000073
0.000074
0.000081
0.000091
0.000097
0.000098
0.000095
0.000093
0.000093
0.000095
0.000096
0.000095
0.000094
0.000094
0.000094
0.000091
0.000087
0.000081
0.000074
0.000070
0.000070
0.000068
0.000061
0.000052
0.000053
0.000072
0.000103
0.000131
0.000148
0.000151
0.000143
0.000129
0.000116
0.000112
0.000114
0.000114
0.000109
0.000104
0.000101
0.000096
0.000088
0.000079
0.000075
0.000072
0.000064
0.000049
0.000032
0.000018
0.000009
0.000004
0.000003
0.000003
0.000004
0.000007
0.000013
0.000026
0.000046
0.000073
0.000100
0.000114
0.000108
0.000086
0.000060
0.000036
0.000014
-0.000007
-0.000022
-0.000026
-0.000024
-0.000020
-0.000013
-0.000005
0.000002
0.000008
0.000016
0.000026
0.000035
0.000039
0.000043
0.000053
0.000068
0.000080
0.000082
0.000079
0.000078
0.000081
0.000084
0.000082
0.000075
0.000063
0.000049
0.000033
0.000019
0.000011
0.000011
0.000020
0.000031
0.000043
0.000054
0.000067
0.000077
0.000079
0.000072
0.000061
0.000053
0.000049
0.000051
0.000059
0.000073
0.000095
0.000117
0.000132
0.000135
0.000123
0.000096
0.000061
0.000026
0.000003
-0.000002
0.000009
0.000024
0.000029
0.000018
-0.000002
-0.000016
-0.000018
-0.000015
-0.000014
-0.000018
-0.000021
-0.000019
-0.000014
-0.000011
-0.000010
-0.000010
-0.000013
-0.000010
0.000009
0.000051
0.000103
0.000141
0.000148
0.000132
0.000109
0.000093
0.000088
0.000091
0.000096
0.000094
0.000083
0.000071
0.000067
0.000072
0.000077
0.000073
0.000061
0.000048
0.000038
0.000033
0.000029
0.000022
0.000010
-0.000005
-0.000016
-0.000016
-0.000007
0.000007
0.000026
0.000050
0.000075
0.000091
0.000093
0.000088
0.000088
0.000092
0.000091
0.000084
0.000077
0.000079
0.000087
0.000092
0.000085
0.000072
0.000058
0.000051
0.000056
0.000071
0.000087
0.000088
0.000070
0.000039
0.000009
-0.000011
-0.000020
-0.000016
-0.000001
0.000016
0.000021
0.000009
-0.000011
-0.000024
-0.000027
-0.000022
-0.000015
-0.000007
0.000000
0.000006
0.000015
0.000032
0.000055
0.000073
0.000080
0.000083
0.000091
0.000106
0.000122
0.000130
0.000128
0.000114
0.000094
0.000075
0.000063
0.000061
0.000067
0.000075
0.000078
0.000067
0.000048
0.000036
0.000037
0.000048
0.000064
0.000083
0.000105
0.000117
0.000115
0.000104
0.000097
0.000093
0.000084
0.000069
0.000059
0.000059
0.000059
0.000048
0.000028
0.000011
0.000005
0.000011
0.000021
0.000023
0.000015
0.000003
0.000002
0.000016
0.000035
0.000050
0.000062
0.000072
0.000076
0.000066
0.000046
0.000031
0.000027
0.000030
0.000034
0.000034
0.000031
0.000028
0.000027
0.000034
0.000043
0.000047
0.000043
0.000040
0.000042
0.000045
0.000041
0.000030
0.000019
0.000011
0.000006
0.000006
0.000013
0.000029
0.000049
0.000072
0.000099
0.000129
0.000151
0.000155
0.000142
0.000121
0.000101
0.000087
0.000079
0.000076
0.000074
0.000065
0.000051
0.000036
0.000024
0.000010
-0.000007
-0.000019
-0.000021
-0.000018
-0.000017
-0.000018
-0.000015
-0.000006
-0.000000
-0.000004
-0.000013
-0.000020
-0.000021
-0.000019
-0.000018
-0.000018
-0.000021
-0.000028
-0.000033
-0.000029
-0.000015
0.000001
0.000015
0.000028
0.000042
0.000054
0.000059
0.000054
0.000042
0.000030
0.000019
0.000008
-0.000005
-0.000019
-0.000027
-0.000027
-0.000019
-0.000011
-0.000007
-0.000009
-0.000012
-0.000014
-0.000009
0.000005
0.000021
0.000027
0.000017
-0.000003
-0.000017
-0.000019
-0.000015
-0.000016
-0.000025
-0.000037
-0.000044
-0.000044
-0.000041
-0.000035
-0.000025
-0.000009
0.000010
0.000028
0.000045
0.000064
0.000082
0.000092
0.000090
0.000078
0.000060
0.000037
0.000007
-0.000024
-0.000047
-0.000057
-0.000055
-0.000043
-0.000026
-0.000015
-0.000015
-0.000026
-0.000037
-0.000045
-0.000049
-0.000052
-0.000051
-0.000042
-0.000027
-0.000007
0.000015
0.000040
0.000062
0.000079
0.000089
0.000096
0.000103
0.000110
0.000112
0.000106
0.000096
0.000087
0.000081
0.000073
0.000061
0.000050
0.000044
0.000040
0.000032
0.000023
0.000021
0.000024
0.000023
0.000010
-0.000009
-0.000023
-0.000031
-0.000040
-0.000047
-0.000043
-0.000023
0.000004
0.000027
0.000041
0.000048
0.000050
0.000045
0.000037
0.000031
0.000024
0.000013
-0.000005
-0.000020
-0.000027
-0.000030
-0.000033
-0.000039
-0.000042
-0.000039
-0.000032
-0.000028
-0.000028
-0.000026
-0.000014
0.000008
0.000035
0.000055
0.000065
0.000066
0.000060
0.000045
0.000020
-0.000010
-0.000033
-0.000039
-0.000026
0.000001
0.000035
0.000066
0.000089
0.000102
0.000114
0.000128
0.000142
0.000149
0.000143
0.000127
0.000103
0.000069
0.000029
-0.000006
-0.000026
-0.000032
-0.000031
-0.000025
-0.000009
0.000018
0.000052
0.000078
0.000086
0.000076
0.000053
0.000028
0.000008
-0.000009
-0.000028
-0.000047
-0.000059
-0.000056
-0.000034
-0.000000
0.000030
0.000047
0.000046
0.000034
0.000023
0.000023
0.000033
0.000049
0.000063
0.000069
0.000066
0.000061
0.000058
0.000057
0.000056
0.000051
0.000046
0.000043
0.000038
0.000028
0.000016
0.000007
0.000004
-0.000000
-0.000013
-0.000031
-0.000046
-0.000052
-0.000049
-0.000039
-0.000026
-0.000010
0.000003
0.000007
0.000004
0.000001
0.000002
0.000008
0.000016
0.000025
0.000035
0.000046
0.000056
0.000063
0.000061
0.000048
0.000030
0.000024
0.000037
0.000062
0.000081
0.000084
0.000080
0.000080
0.000088
0.000097
0.000098
0.000086
0.000064
0.000041
0.000027
0.000022
0.000023
0.000022
0.000021
0.000020
0.000014
0.000000
-0.000018
-0.000030
-0.000025
-0.000011
-0.000000
-0.000000
-0.000009
-0.000017
-0.000016
0.000001
0.000034
0.000076
0.000112
0.000130
0.000130
0.000126
0.000122
0.000116
0.000102
0.000089
0.000082
0.000078
0.000062
0.000033
0.000008
-0.000001
0.000004
0.000009
0.000008
0.000005
0.000007
0.000015
0.000028
0.000044
0.000059
0.000067
0.000065
0.000059
0.000055
0.000059
0.000072
0.000093
0.000119
0.000140
0.000146
0.000135
0.000116
0.000102
0.000093
0.000084
0.000071
0.000057
0.000045
0.000037
0.000034
0.000031
0.000024
0.000013
0.000007
0.000011
0.000023
0.000039
0.000056
0.000069
0.000074
0.000069
0.000061
0.000058
0.000064
0.000072
0.000082
0.000095
0.000112
0.000123
0.000121
0.000109
0.000096
0.000089
0.000086
0.000089
0.000097
0.000102
0.000094
0.000071
0.000042
0.000019
0.000012
0.000023
0.000044
0.000061
0.000063
0.000052
0.000036
0.000014
-0.000016
-0.000045
-0.000057
-0.000046
-0.000024
-0.000006
0.000005
0.000011
0.000011
-0.000000
-0.000017
-0.000026
-0.000026
-0.000027
-0.000043
-0.000068
-0.000088
-0.000091
-0.000076
-0.000053
-0.000031
-0.000017
-0.000010
-0.000010
-0.000016
-0.000023
-0.000028
-0.000030
-0.000034
-0.000042
-0.000052
-0.000059
-0.000061
-0.000059
-0.000057
-0.000052
-0.000040
-0.000019
0.000010
0.000037
0.000051
0.000051
0.000042
0.000030
0.000012
-0.000009
-0.000021
-0.000016
-0.000007
-0.000010
-0.000030
-0.000050
-0.000055
-0.000049
-0.000041
-0.000035
-0.000031
-0.000029
-0.000028
-0.000023
-0.000013
-0.000001
0.000009
0.000017
0.000026
0.000033
0.000031
0.000020
0.000005
-0.000005
-0.000005
0.000005
0.000019
0.000027
0.000022
0.000008
-0.000008
-0.000018
-0.000021
-0.000018
-0.000013
-0.000008
-0.000004
0.000003
0.000012
0.000017
0.000016
0.000017
0.000027
0.000044
0.000055
0.000056
0.000052
0.000047
0.000042
0.000035
0.000023
0.000002
-0.000025
-0.000051
-0.000067
-0.000068
-0.000056
-0.000037
-0.000017
0.000002
0.000019
0.000034
0.000045
0.000053
0.000057
0.000064
0.000074
0.000077
0.000066
0.000049
0.000041
0.000048
0.000061
0.000069
0.000071
0.000070
0.000067
0.000063
0.000063
0.000068
0.000073
0.000071
0.000063
0.000052
0.000038
0.000021
0.000004
-0.000010
-0.000018
-0.000019
-0.000009
0.000009
0.000028
0.000035
0.000029
0.000020
0.000017
0.000023
0.000033
0.000040
0.000038
0.000023
-0.000003
-0.000026
-0.000034
-0.000028
-0.000015
-0.000003
0.000011
0.000028
0.000049
0.000064
0.000072
0.000080
0.000101
0.000129
0.000150
0.000158
0.000158
0.000155
0.000145
0.000118
0.000081
0.000052
0.000038
0.000036
0.000039
0.000045
0.000049
0.000049
0.000047
0.000049
0.000062
0.000080
0.000091
0.000088
0.000074
0.000057
0.000050
0.000056
0.000068
0.000077
0.000080
0.000076
0.000067
0.000051
0.000029
0.000008
-0.000001
0.000004
0.000018
0.000031
0.000033
0.000022
0.000004
-0.000012
-0.000026
-0.000039
-0.000050
-0.000049
-0.000030
-0.000001
0.000027
0.000046
0.000056
0.000063
0.000066
0.000064
0.000058
0.000050
0.000048
0.000057
0.000074
0.000087
0.000088
0.000076
0.000059
0.000046
0.000040
0.000036
0.000033
0.000031
0.000030
0.000031
0.000030
0.000026
0.000021
0.000020
0.000024
0.000025
0.000018
0.000005
-0.000006
-0.000008
0.000000
0.000013
0.000022
0.000022
0.000020
0.000022
0.000028
0.000029
0.000024
0.000018
0.000017
0.000018
0.000017
0.000019
0.000029
0.000045
0.000061
0.000069
0.000069
0.000061
0.000052
0.000050
0.000057
0.000065
0.000069
0.000072
0.000079
0.000090
0.000101
0.000108
0.000112
0.000108
0.000095
0.000078
0.000064
0.000049
0.000031
0.000013
0.000005
0.000007
0.000007
0.000004
0.000006
0.000016
0.000024
0.000020
0.000011
0.000010
0.000020
0.000033
0.000045
0.000057
0.000066
0.000064
0.000055
0.000050
0.000061
0.000085
0.000112
0.000134
0.000146
0.000146
0.000141
0.000136
0.000132
0.000125
0.000116
0.000115
0.000125
0.000139
0.000144
0.000138
0.000125
0.000114
0.000107
0.000101
0.000093
0.000083
0.000077
0.000078
0.000080
0.000073
0.000058
0.000043
0.000039
0.000042
0.000046
0.000048
0.000050
0.000054
0.000061
0.000072
0.000086
0.000096
0.000096
0.000088
0.000076
0.000067
0.000062
0.000060
0.000060
0.000069
0.000090
0.000124
0.000164
0.000200
0.000222
0.000229
0.000225
0.000215
0.000197
0.000172
0.000146
0.000133
0.000141
0.000154
0.000152
0.000131
0.000107
0.000094
0.000089
0.000080
0.000057
0.000029
0.000003
-0.000016
-0.000028
-0.000032
-0.000025
-0.000010
0.000007
0.000022
0.000033
0.000047
0.000067
0.000094
0.000119
0.000128
0.000118
0.000093
0.000067
0.000047
0.000033
0.000022
0.000008
-0.000005
-0.000012
-0.000012
-0.000011
-0.000015
-0.000019
-0.000019
-0.000017
-0.000025
-0.000043
-0.000063
-0.000073
-0.000069
-0.000053
-0.000032
-0.000014
-0.000007
-0.000006
-0.000000
0.000014
0.000027
0.000032
0.000029
0.000024
0.000019
0.000014
0.000013
0.000019
0.000028
0.000030
0.000024
0.000018
0.000023
0.000036
0.000051
0.000061
0.000063
0.000057
0.000046
0.000039
0.000039
0.000045
0.000053
0.000060
0.000064
0.000061
0.000049
0.000032
0.000014
0.000005
0.000007
0.000020
0.000033
0.000038
0.000034
0.000028
0.000025
0.000028
0.000034
0.000044
0.000056
0.000066
0.000071
0.000071
0.000072
0.000077
0.000085
0.000097
0.000105
0.000102
0.000086
0.000063
0.000041
0.000026
0.000023
0.000030
0.000042
0.000051
0.000057
0.000064
0.000071
0.000073
0.000065
0.000053
0.000045
0.000044
0.000046
0.000052
0.000061
0.000068
0.000072
0.000077
0.000085
0.000091
0.000091
0.000087
0.000085
0.000087
0.000086
0.000078
0.000066
0.000057
0.000055
0.000059
0.000066
0.000073
0.000075
0.000072
0.000070
0.000071
0.000077
0.000083
0.000087
0.000085
0.000077
0.000066
0.000053
0.000039
0.000025
0.000014
0.000011
0.000017
0.000026
0.000035
0.000044
0.000053
0.000060
0.000061
0.000059
0.000058
0.000059
0.000063
0.000069
0.000075
0.000079
0.000079
0.000080
0.000084
0.000087
0.000087
0.000085
0.000083
0.000083
0.000078
0.000067
0.000051
0.000033
0.000016
0.000003
-0.000006
-0.000009
-0.000009
-0.000007
-0.000004
0.000006
0.000026
0.000051
0.000064
0.000054
0.000029
0.000004
-0.000011
-0.000018
-0.000017
-0.000009
0.000007
0.000028
0.000047
0.000062
0.000070
0.000070
0.000064
0.000055
0.000046
0.000040
0.000038
0.000045
0.000056
0.000064
0.000065
0.000061
0.000054
0.000041
0.000021
-0.000000
-0.000015
-0.000021
-0.000023
-0.000019
-0.000001
0.000026
0.000052
0.000066
0.000069
0.000065
0.000057
0.000048
0.000042
0.000043
0.000042
0.000035
0.000022
0.000015
0.000020
0.000035
0.000050
0.000057
0.000052
0.000040
0.000028
0.000027
0.000036
0.000053
0.000068
0.000076
0.000078
0.000076
0.000079
0.000093
0.000109
0.000115
0.000102
0.000078
0.000059
0.000051
0.000051
0.000053
0.000057
0.000069
0.000090
0.000114
0.000130
0.000133
0.000126
0.000120
0.000118
0.000120
0.000119
0.000111
0.000098
0.000086
0.000079
0.000076
0.000077
0.000081
0.000084
0.000085
0.000082
0.000074
0.000063
0.000050
0.000042
0.000044
0.000050
0.000052
0.000046
0.000039
0.000038
0.000041
0.000041
0.000037
0.000032
0.000030
0.000031
0.000034
0.000039
0.000044
0.000051
0.000063
0.000075
0.000078
0.000065
0.000042
0.000020
0.000004
-0.000007
-0.000010
-0.000001
0.000018
0.000038
0.000055
0.000069
0.000076
0.000073
0.000061
0.000052
0.000052
0.000057
0.000061
0.000066
0.000074
0.000079
0.000076
0.000068
0.000066
0.000075
0.000092
0.000114
0.000142
0.000167
0.000179
0.000171
0.000151
0.000136
0.000133
0.000136
0.000140
0.000140
0.000140
0.000141
0.000140
0.000133
0.000120
0.000104
0.000086
0.000066
0.000047
0.000037
0.000038
0.000046
0.000051
0.000051
0.000048
0.000049
0.000055
0.000068
0.000080
0.000082
0.000068
0.000037
0.000002
-0.000028
-0.000043
-0.000036
-0.000008
0.000030
0.000059
0.000068
0.000057
0.000040
0.000028
0.000033
0.000055
0.000082
0.000098
0.000097
0.000083
0.000066
0.000049
0.000038
0.000041
0.000060
0.000086
0.000103
0.000105
0.000102
0.000104
0.000114
0.000123
0.000120
0.000109
0.000098
0.000093
0.000091
0.000085
0.000074
0.000064
0.000059
0.000060
0.000070
0.000085
0.000099
0.000104
0.000099
0.000095
0.000099
0.000110
0.000120
0.000121
0.000112
0.000091
0.000060
0.000026
-0.000002
-0.000018
-0.000018
-0.000005
0.000015
0.000032
0.000037
0.000030
0.000020
0.000013
0.000013
0.000017
0.000021
0.000020
0.000012
-0.000003
-0.000017
-0.000023
-0.000019
-0.000008
0.000001
0.000006
0.000008
0.000012
0.000021
0.000037
0.000056
0.000074
0.000087
0.000094
0.000092
0.000087
0.000080
0.000074
0.000068
0.000063
0.000058
0.000054
0.000049
0.000047
0.000050
0.000059
0.000074
0.000092
0.000106
0.000106
0.000088
0.000059
0.000036
0.000028
0.000034
0.000044
0.000051
0.000054
0.000055
0.000055
0.000058
0.000066
0.000077
0.000084
0.000084
0.000077
0.000070
0.000068
0.000073
0.000084
0.000099
0.000106
0.000104
0.000099
0.000097
0.000093
0.000071
0.000028
-0.000015
-0.000037
-0.000031
-0.000012
0.000007
0.000024
0.000042
0.000058
0.000058
0.000040
0.000013
-0.000009
-0.000019
-0.000025
-0.000031
-0.000032
-0.000024
-0.000007
0.000009
0.000020
0.000023
0.000016
-0.000004
-0.000028
-0.000043
-0.000038
-0.000025
-0.000018
-0.000024
-0.000033
-0.000034
-0.000025
-0.000009
0.000009
0.000025
0.000037
0.000045
0.000051
0.000057
0.000061
0.000064
0.000072
0.000086
0.000101
0.000111
0.000114
0.000112
0.000114
0.000120
0.000130
0.000138
0.000140
0.000134
0.000129
0.000133
0.000149
0.000173
0.000191
0.000196
0.000185
0.000160
0.000128
0.000094
0.000061
0.000038
0.000031
0.000040
0.000054
0.000064
0.000065
0.000059
0.000052
0.000047
0.000043
0.000038
0.000035
0.000037
0.000049
0.000068
0.000084
0.000090
0.000090
0.000096
0.000108
0.000121
0.000125
0.000122
0.000115
0.000107
0.000093
0.000071
0.000045
0.000020
0.000004
-0.000001
-0.000001
0.000002
0.000011
0.000028
0.000044
0.000047
0.000034
0.000018
0.000010
0.000005
-0.000004
-0.000014
-0.000013
0.000006
0.000032
0.000050
0.000051
0.000041
0.000033
0.000035
0.000040
0.000042
0.000041
0.000045
0.000049
0.000044
0.000027
0.000005
-0.000006
-0.000001
0.000016
0.000036
0.000054
0.000069
0.000081
0.000089
0.000087
0.000074
0.000052
0.000028
0.000010
-0.000001
0.000000
0.000012
0.000028
0.000036
0.000034
0.000028
0.000030
0.000040
0.000056
0.000077
0.000106
0.000137
0.000161
0.000171
0.000170
0.000163
0.000152
0.000138
0.000125
0.000117
0.000114
0.000114
0.000115
0.000115
0.000113
0.000107
0.000102
0.000104
0.000116
0.000133
0.000142
0.000134
0.000113
0.000094
0.000092
0.000106
0.000127
0.000141
0.000149
0.000151
0.000148
0.000142
0.000139
0.000144
0.000155
0.000159
0.000150
0.000131
0.000112
0.000095
0.000079
0.000065
0.000054
0.000048
0.000043
0.000040
0.000042
0.000051
0.000059
0.000057
0.000047
0.000040
0.000046
0.000060
0.000071
0.000073
0.000065
0.000054
0.000042
0.000030
0.000025
0.000034
0.000055
0.000077
0.000087
0.000082
0.000067
0.000050
0.000033
0.000018
0.000010
0.000018
0.000044
0.000074
0.000095
0.000101
0.000098
0.000092
0.000083
0.000066
0.000040
0.000014
-0.000004
-0.000007
-0.000002
0.000005
0.000012
0.000022
0.000039
0.000060
0.000081
0.000100
0.000112
0.000115
0.000106
0.000092
0.000082
0.000074
0.000066
0.000059
0.000062
0.000076
0.000092
0.000101
0.000104
0.000109
0.000115
0.000116
0.000101
0.000070
0.000032
-0.000005
-0.000032
-0.000048
-0.000055
-0.000055
-0.000051
-0.000041
-0.000030
-0.000020
-0.000013
-0.000004
0.000014
0.000040
0.000067
0.000087
0.000097
0.000097
0.000088
0.000073
0.000055
0.000041
0.000032
0.000026
0.000024
0.000029
0.000040
0.000054
0.000065
0.000070
0.000069
0.000065
0.000059
0.000052
0.000044
0.000033
0.000020
0.000013
0.000017
0.000032
0.000053
0.000070
0.000074
0.000063
0.000043
0.000025
0.000011
-0.000007
-0.000029
-0.000048
-0.000055
-0.000050
-0.000043
-0.000040
-0.000038
-0.000035
-0.000032
-0.000028
-0.000020
-0.000009
0.000002
0.000010
0.000018
0.000027
0.000038
0.000051
0.000067
0.000083
0.000096
0.000102
0.000103
0.000102
0.000099
0.000094
0.000089
0.000085
0.000082
0.000081
0.000087
0.000098
0.000113
0.000129
0.000142
0.000149
0.000146
0.000136
0.000127
0.000122
0.000117
0.000106
0.000094
0.000090
0.000090
0.000085
0.000072
0.000059
0.000051
0.000044
0.000037
0.000034
0.000044
0.000065
0.000089
0.000107
0.000116
0.000115
0.000106
0.000092
0.000077
0.000063
0.000051
0.000046
0.000048
0.000052
0.000049
0.000036
0.000016
-0.000004
-0.000018
-0.000022
-0.000016
-0.000003
0.000016
0.000038
0.000065
0.000096
0.000125
0.000142
0.000147
0.000145
0.000142
0.000138
0.000132
0.000127
0.000124
0.000125
0.000127
0.000129
0.000129
0.000130
0.000128
0.000126
0.000125
0.000126
0.000126
0.000124
0.000119
0.000116
0.000117
0.000119
0.000124
0.000128
0.000128
0.000120
0.000102
0.000079
0.000059
0.000045
0.000040
0.000044
0.000056
0.000073
0.000087
0.000093
0.000089
0.000083
0.000082
0.000084
0.000079
0.000060
0.000032
0.000008
-0.000001
0.000003
0.000013
0.000023
0.000029
0.000034
0.000039
0.000042
0.000045
0.000047
0.000053
0.000058
0.000058
0.000057
0.000064
0.000081
0.000097
0.000106
0.000110
0.000111
0.000105
0.000084
0.000056
0.000037
0.000039
0.000054
0.000074
0.000091
0.000101
0.000100
0.000092
0.000085
0.000086
0.000095
0.000108
0.000123
0.000134
0.000139
0.000137
0.000136
0.000137
0.000135
0.000126
0.000112
0.000096
0.000079
0.000057
0.000030
0.000003
-0.000018
-0.000029
-0.000028
-0.000017
-0.000006
0.000002
0.000010
0.000021
0.000037
0.000055
0.000075
0.000090
0.000096
0.000092
0.000085
0.000080
0.000072
0.000063
0.000060
0.000066
0.000076
0.000082
0.000082
0.000078
0.000070
0.000055
0.000041
0.000037
0.000043
0.000050
0.000052
0.000052
0.000053
0.000056
0.000063
0.000077
0.000096
0.000113
0.000121
0.000124
0.000125
0.000122
0.000112
0.000094
0.000072
0.000050
0.000031
0.000018
0.000010
0.000004
0.000002
0.000009
0.000024
0.000035
0.000037
0.000028
0.000012
-0.000016
-0.000055
-0.000094
-0.000120
-0.000131
-0.000129
-0.000116
-0.000086
-0.000042
0.000004
0.000038
0.000051
0.000046
0.000032
0.000015
0.000001
-0.000010
-0.000019
-0.000021
-0.000012
0.000006
0.000024
0.000035
0.000040
0.000046
0.000058
0.000071
0.000081
0.000086
0.000089
0.000094
0.000101
0.000104
0.000098
0.000085
0.000074
0.000065
0.000060
0.000059
0.000063
0.000074
0.000090
0.000108
0.000120
0.000122
0.000109
0.000091
0.000078
0.000074
0.000074
0.000071
0.000067
0.000062
0.000058
0.000055
0.000050
0.000046
0.000044
0.000043
0.000037
0.000023
0.000008
0.000006
0.000020
0.000041
0.000055
0.000059
0.000061
0.000063
0.000065
0.000066
0.000069
0.000071
0.000064
0.000049
0.000035
0.000032
0.000034
0.000030
0.000018
0.000006
0.000006
0.000015
0.000022
0.000022
0.000017
0.000011
0.000006
-0.000004
-0.000020
-0.000038
-0.000047
-0.000040
-0.000021
0.000001
0.000015
0.000017
0.000010
0.000005
0.000007
0.000016
0.000026
0.000031
0.000033
0.000036
0.000047
0.000068
0.000092
0.000105
0.000101
0.000087
0.000077
0.000077
0.000079
0.000072
0.000062
0.000060
0.000069
0.000085
0.000102
0.000115
0.000124
0.000133
0.000148
0.000165
0.000167
0.000142
0.000098
0.000058
0.000038
0.000033
0.000036
0.000044
0.000051
0.000050
0.000042
0.000042
0.000061
0.000089
0.000112
0.000121
0.000117
0.000103
0.000082
0.000071
0.000080
0.000099
0.000107
0.000095
0.000073
0.000056
0.000048
0.000046
0.000049
0.000057
0.000064
0.000066
0.000068
0.000077
0.000092
0.000109
0.000121
0.000125
0.000118
0.000096
0.000070
0.000051
0.000046
0.000051
0.000057
0.000059
0.000056
0.000049
0.000043
0.000043
0.000048
0.000051
0.000046
0.000037
0.000030
0.000029
0.000029
0.000027
0.000025
0.000029
0.000044
0.000065
0.000086
0.000099
0.000109
0.000115
0.000114
0.000099
0.000077
0.000062
0.000063
0.000076
0.000093
0.000104
0.000105
0.000094
0.000072
0.000046
0.000023
0.000010
0.000004
0.000003
0.000006
0.000009
0.000013
0.000014
0.000013
0.000012
0.000014
0.000020
0.000026
0.000028
0.000027
0.000028
0.000033
0.000043
0.000062
0.000094
0.000131
0.000158
0.000165
0.000160
0.000156
0.000160
0.000164
0.000160
0.000150
0.000146
0.000149
0.000153
0.000153
0.000151
0.000154
0.000160
0.000159
0.000148
0.000135
0.000129
0.000123
0.000106
0.000080
0.000056
0.000041
0.000030
0.000018
0.000007
-0.000004
-0.000017
-0.000033
-0.000043
-0.000041
-0.000025
-0.000005
0.000012
0.000021
0.000020
0.000013
0.000008
0.000014
0.000029
0.000042
0.000046
0.000044
0.000041
0.000039
0.000034
0.000023
0.000006
-0.000016
-0.000039
-0.000060
-0.000073
-0.000076
-0.000070
-0.000058
-0.000042
-0.000020
0.000007
0.000034
0.000051
0.000051
0.000037
0.000016
-0.000003
-0.000014
-0.000010
0.000010
0.000034
0.000046
0.000045
0.000040
0.000043
0.000051
0.000059
0.000067
0.000074
0.000076
0.000071
0.000061
0.000052
0.000050
0.000055
0.000065
0.000077
0.000083
0.000080
0.000075
0.000077
0.000085
0.000091
0.000088
0.000080
0.000072
0.000069
0.000068
0.000067
0.000063
0.000053
0.000043
0.000046
0.000062
0.000080
0.000089
0.000093
0.000101
0.000113
0.000118
0.000114
0.000109
0.000111
0.000122
0.000135
0.000144
0.000149
0.000148
0.000141
0.000129
0.000115
0.000100
0.000087
0.000073
0.000058
0.000042
0.000029
0.000022
0.000022
0.000025
0.000024
0.000019
0.000013
0.000007
-0.000002
-0.000011
-0.000014
-0.000008
0.000002
0.000015
0.000036
0.000060
0.000078
0.000081
0.000079
0.000086
0.000101
0.000112
0.000117
0.000122
0.000128
0.000127
0.000119
0.000117
0.000124
0.000131
0.000128
0.000117
0.000112
0.000111
0.000107
0.000095
0.000082
0.000075
0.000071
0.000069
0.000069
0.000067
0.000062
0.000055
0.000052
0.000059
0.000069
0.000073
0.000070
0.000068
0.000071
0.000078
0.000084
0.000085
0.000080
0.000071
0.000060
0.000049
0.000044
0.000049
0.000060
0.000067
0.000062
0.000047
0.000030
0.000014
-0.000004
-0.000023
-0.000035
-0.000035
-0.000026
-0.000014
0.000003
0.000025
0.000047
0.000060
0.000064
0.000067
0.000072
0.000075
0.000076
0.000076
0.000080
0.000088
0.000097
0.000105
0.000113
0.000122
0.000131
0.000139
0.000143
0.000147
0.000150
0.000156
0.000161
0.000160
0.000148
0.000125
0.000094
0.000064
0.000045
0.000040
0.000047
0.000057
0.000063
0.000063
0.000058
0.000054
0.000056
0.000061
0.000064
0.000060
0.000048
0.000033
0.000021
0.000013
0.000012
0.000015
0.000016
0.000011
0.000003
0.000001
0.000010
0.000027
0.000039
0.000040
0.000036
0.000035
0.000045
0.000059
0.000069
0.000068
0.000056
0.000038
0.000021
0.000011
0.000008
0.000009
0.000008
0.000004
-0.000003
-0.000008
-0.000006
-0.000000
0.000008
0.000016
0.000026
0.000038
0.000048
0.000050
0.000043
0.000029
0.000017
0.000011
0.000013
0.000021
0.000033
0.000046
0.000053
0.000052
0.000047
0.000046
0.000052
0.000054
0.000044
0.000025
0.000008
0.000002
0.000006
0.000012
0.000014
0.000012
0.000013
0.000018
0.000024
0.000027
0.000031
0.000043
0.000062
0.000081
0.000093
0.000104
0.000123
0.000150
0.000172
0.000176
0.000162
0.000135
0.000103
0.000073
0.000054
0.000051
0.000058
0.000069
0.000078
0.000083
0.000086
0.000085
0.000078
0.000071
0.000064
0.000058
0.000047
0.000034
0.000026
0.000025
0.000030
0.000035
0.000041
0.000052
0.000070
0.000092
0.000113
0.000130
0.000145
0.000154
0.000149
0.000129
0.000109
0.000105
0.000117
0.000127
0.000119
0.000100
0.000087
0.000086
0.000087
0.000078
0.000064
0.000061
0.000072
0.000089
0.000097
0.000093
0.000081
0.000071
0.000066
0.000067
0.000076
0.000094
0.000114
0.000129
0.000128
0.000109
0.000080
0.000055
0.000047
0.000054
0.000067
0.000075
0.000078
0.000085
0.000098
0.000109
0.000104
0.000082
0.000056
0.000037
0.000023
0.000005
-0.000016
-0.000029
-0.000029
-0.000019
-0.000005
0.000013
0.000036
0.000061
0.000076
0.000075
0.000061
0.000044
0.000032
0.000022
0.000011
0.000000
-0.000005
-0.000003
0.000003
0.000014
0.000031
0.000051
0.000069
0.000079
0.000085
0.000097
0.000118
0.000137
0.000147
0.000146
0.000143
0.000143
0.000145
0.000148
0.000149
0.000148
0.000146
0.000141
0.000132
0.000117
0.000097
0.000075
0.000054
0.000031
0.000006
-0.000011
-0.000009
0.000017
0.000054
0.000086
0.000104
0.000109
0.000104
0.000088
0.000067
0.000051
0.000047
0.000054
0.000063
0.000069
0.000071
0.000074
0.000076
0.000077
0.000077
0.000074
0.000069
0.000066
0.000070
0.000079
0.000084
0.000075
0.000058
0.000045
0.000044
0.000052
0.000058
0.000054
0.000044
0.000034
0.000024
0.000014
0.000004
-0.000003
-0.000005
-0.000005
-0.000007
-0.000010
-0.000006
0.000011
0.000040
0.000068
0.000087
0.000095
0.000104
0.000117
0.000132
0.000144
0.000155
0.000167
0.000175
0.000168
0.000141
0.000107
0.000078
0.000059
0.000049
0.000046
0.000054
0.000071
0.000089
0.000099
0.000103
0.000105
0.000111
0.000122
0.000132
0.000140
0.000147
0.000157
0.000172
0.000186
0.000189
0.000181
0.000173
0.000171
0.000175
0.000180
0.000184
0.000187
0.000185
0.000172
0.000150
0.000127
0.000110
0.000102
0.000100
0.000106
0.000118
0.000132
0.000142
0.000145
0.000144
0.000143
0.000141
0.000140
0.000139
0.000135
0.000126
0.000108
0.000085
0.000065
0.000056
0.000060
0.000072
0.000086
0.000097
0.000105
0.000109
0.000107
0.000098
0.000083
0.000068
0.000061
0.000063
0.000075
0.000090
0.000103
0.000107
0.000098
0.000082
0.000074
0.000085
0.000115
0.000145
0.000165
0.000175
0.000186
0.000196
0.000198
0.000186
0.000163
0.000141
0.000127
0.000124
0.000131
0.000145
0.000159
0.000169
0.000171
0.000167
0.000155
0.000137
0.000116
0.000098
0.000087
0.000085
0.000085
0.000083
0.000078
0.000075
0.000081
0.000090
0.000092
0.000082
0.000070
0.000064
0.000062
0.000053
0.000040
0.000033
0.000035
0.000040
0.000038
0.000030
0.000022
0.000017
0.000016
0.000017
0.000018
0.000018
0.000014
0.000008
0.000004
0.000007
0.000011
0.000011
0.000006
0.000002
0.000002
0.000004
0.000001
-0.000007
-0.000013
-0.000008
0.000009
0.000031
0.000050
0.000063
0.000069
0.000071
0.000074
0.000081
0.000091
0.000099
0.000102
0.000102
0.000101
0.000096
0.000083
0.000061
0.000037
0.000025
0.000028
0.000040
0.000053
0.000066
0.000083
0.000103
0.000122
0.000135
0.000140
0.000134
0.000115
0.000083
0.000048
0.000020
0.000001
-0.000010
-0.000013
-0.000008
0.000004
0.000019
0.000032
0.000043
0.000055
0.000071
0.000093
0.000113
0.000120
0.000111
0.000097
0.000089
0.000087
0.000089
0.000093
0.000095
0.000091
0.000076
0.000053
0.000032
0.000023
0.000027
0.000039
0.000051
0.000059
0.000065
0.000074
0.000084
0.000089
0.000087
0.000081
0.000075
0.000064
0.000040
0.000008
-0.000019
-0.000028
-0.000026
-0.000023
-0.000019
-0.000007
0.000018
0.000044
0.000061
0.000069
0.000075
0.000081
0.000081
0.000068
0.000048
0.000034
0.000034
0.000041
0.000041
0.000032
0.000021
0.000015
0.000011
0.000006
0.000005
0.000016
0.000040
0.000069
0.000093
0.000105
0.000106
0.000104
0.000109
0.000121
0.000132
0.000132
0.000124
0.000115
0.000107
0.000095
0.000077
0.000063
0.000059
0.000063
0.000066
0.000062
0.000055
0.000052
0.000051
0.000048
0.000043
0.000043
0.000047
0.000049
0.000043
0.000032
0.000025
0.000021
0.000012
-0.000001
-0.000009
-0.000004
0.000010
0.000024
0.000037
0.000050
0.000065
0.000079
0.000090
0.000104
0.000122
0.000147
0.000175
0.000194
0.000192
0.000171
0.000146
0.000132
0.000123
0.000108
0.000086
0.000067
0.000055
0.000044
0.000029
0.000015
0.000010
0.000019
0.000042
0.000079
0.000118
0.000141
0.000138
0.000116
0.000091
0.000071
0.000057
0.000051
0.000059
0.000078
0.000103
0.000130
0.000157
0.000179
0.000194
0.000200
0.000197
0.000185
0.000169
0.000153
0.000142
0.000132
0.000115
0.000090
0.000066
0.000053
0.000051
0.000054
0.000054
0.000054
0.000055
0.000057
0.000055
0.000040
0.000012
-0.000017
-0.000034
-0.000036
-0.000035
-0.000036
-0.000033
-0.000018
0.000004
0.000025
0.000037
0.000040
0.000041
0.000048
0.000066
0.000090
0.000108
0.000113
0.000107
0.000105
0.000112
0.000123
0.000129
0.000125
0.000111
0.000091
0.000066
0.000040
0.000016
-0.000002
-0.000012
-0.000015
-0.000019
-0.000028
-0.000039
-0.000047
-0.000043
-0.000029
-0.000015
-0.000007
-0.000005
-0.000005
-0.000006
-0.000010
-0.000014
-0.000012
0.000001
0.000025
0.000051
0.000071
0.000078
0.000072
0.000059
0.000053
0.000059
0.000073
0.000083
0.000088
0.000097
0.000117
0.000138
0.000147
0.000135
0.000108
0.000083
0.000073
0.000081
0.000097
0.000104
0.000096
0.000081
0.000073
0.000076
0.000085
0.000093
0.000098
0.000099
0.000098
0.000098
0.000100
0.000104
0.000109
0.000114
0.000119
0.000118
0.000111
0.000099
0.000086
0.000071
0.000047
0.000010
-0.000029
-0.000052
-0.000051
-0.000033
-0.000009
0.000015
0.000041
0.000071
0.000097
0.000112
0.000113
0.000108
0.000111
0.000125
0.000137
0.000133
0.000112
0.000085
0.000061
0.000039
0.000019
0.000007
0.000014
0.000040
0.000076
0.000108
0.000130
0.000138
0.000135
0.000124
0.000110
0.000097
0.000087
0.000078
0.000074
0.000076
0.000081
0.000086
0.000086
0.000082
0.000075
0.000065
0.000052
0.000039
0.000030
0.000025
0.000022
0.000024
0.000037
0.000059
0.000081
0.000092
0.000092
0.000090
0.000093
0.000100
0.000104
0.000099
0.000085
0.000067
0.000052
0.000043
0.000041
0.000043
0.000052
0.000074
0.000105
0.000137
0.000155
0.000152
0.000131
0.000100
0.000074
0.000061
0.000060
0.000063
0.000064
0.000059
0.000048
0.000026
-0.000004
-0.000029
-0.000038
-0.000026
0.000001
0.000036
0.000071
0.000091
0.000091
0.000079
0.000075
0.000092
0.000121
0.000146
0.000160
0.000164
0.000163
0.000160
0.000155
0.000149
0.000142
0.000130
0.000114
0.000099
0.000090
0.000085
0.000082
0.000080
0.000083
0.000088
0.000090
0.000087
0.000083
0.000086
0.000097
0.000108
0.000107
0.000093
0.000075
0.000058
0.000046
0.000038
0.000032
0.000029
0.000026
0.000029
0.000042
0.000067
0.000092
0.000104
0.000104
0.000105
0.000114
0.000122
0.000116
0.000096
0.000078
0.000075
0.000083
0.000096
0.000108
0.000123
0.000138
0.000146
0.000142
0.000133
0.000123
0.000115
0.000106
0.000094
0.000083
0.000075
0.000067
0.000059
0.000055
0.000059
0.000071
0.000089
0.000109
0.000125
0.000127
0.000111
0.000083
0.000058
0.000043
0.000039
0.000041
0.000046
0.000050
0.000051
0.000048
0.000044
0.000040
0.000032
0.000024
0.000020
0.000028
0.000049
0.000078
0.000105
0.000115
0.000101
0.000068
0.000032
0.000010
0.000004
0.000006
0.000008
0.000007
0.000006
0.000009
0.000016
0.000030
0.000048
0.000065
0.000078
0.000085
0.000087
0.000087
0.000091
0.000108
0.000134
0.000157
0.000165
0.000164
0.000165
0.000171
0.000172
0.000158
0.000128
0.000093
0.000063
0.000045
0.000042
0.000050
0.000064
0.000076
0.000080
0.000078
0.000071
0.000062
0.000051
0.000042
0.000038
0.000038
0.000041
0.000042
0.000039
0.000030
0.000016
0.000003
-0.000002
0.000003
0.000013
0.000024
0.000030
0.000031
0.000029
0.000024
0.000020
0.000021
0.000026
0.000031
0.000034
0.000038
0.000043
0.000049
0.000053
0.000056
0.000056
0.000056
0.000056
0.000052
0.000038
0.000016
-0.000002
-0.000003
0.000016
0.000040
0.000058
0.000071
0.000086
0.000100
0.000101
0.000087
0.000068
0.000054
0.000043
0.000033
0.000026
0.000029
0.000043
0.000060
0.000075
0.000083
0.000087
0.000091
0.000094
0.000096
0.000093
0.000084
0.000073
0.000067
0.000067
0.000073
0.000081
0.000089
0.000092
0.000091
0.000092
0.000099
0.000109
0.000111
0.000097
0.000073
0.000050
0.000039
0.000044
0.000059
0.000072
0.000071
0.000061
0.000055
0.000065
0.000089
0.000112
0.000124
0.000125
0.000115
0.000100
0.000083
0.000068
0.000061
0.000062
0.000068
0.000074
0.000077
0.000076
0.000076
0.000079
0.000084
0.000080
0.000063
0.000038
0.000017
0.000014
0.000030
0.000051
0.000065
0.000071
0.000076
0.000084
0.000086
0.000073
0.000052
0.000036
0.000033
0.000036
0.000037
0.000036
0.000035
0.000030
0.000022
0.000012
0.000004
0.000000
0.000000
0.000004
0.000012
0.000023
0.000033
0.000039
0.000041
0.000041
0.000045
0.000056
0.000076
0.000096
0.000108
0.000111
0.000110
0.000109
0.000109
0.000105
0.000095
0.000085
0.000079
0.000077
0.000070
0.000054
0.000035
0.000028
0.000039
0.000057
0.000066
0.000063
0.000053
0.000036
0.000011
-0.000020
-0.000045
-0.000057
-0.000053
-0.000039
-0.000019
-0.000003
0.000004
0.000003
0.000002
0.000006
0.000010
0.000009
0.000003
-0.000001
0.000001
0.000006
0.000009
0.000011
0.000011
0.000005
-0.000005
-0.000012
-0.000012
-0.000010
-0.000013
-0.000022
-0.000027
-0.000019
0.000000
0.000022
0.000040
0.000055
0.000069
0.000078
0.000079
0.000076
0.000075
0.000075
0.000070
0.000055
0.000037
0.000019
0.000004
-0.000013
-0.000029
-0.000039
-0.000035
-0.000016
0.000011
0.000039
0.000061
0.000078
0.000090
0.000096
0.000096
0.000093
0.000093
0.000099
0.000104
0.000104
0.000104
0.000108
0.000116
0.000121
0.000123
0.000127
0.000135
0.000143
0.000147
0.000149
0.000150
0.000151
0.000150
0.000149
0.000150
0.000152
0.000148
0.000134
0.000110
0.000080
0.000049
0.000027
0.000016
0.000016
0.000020
0.000023
0.000030
0.000046
0.000071
0.000096
0.000111
0.000111
0.000099
0.000082
0.000067
0.000054
0.000047
0.000048
0.000055
0.000062
0.000064
0.000065
0.000069
0.000076
0.000080
0.000075
0.000065
0.000052
0.000039
0.000033
0.000041
0.000062
0.000085
0.000097
0.000099
0.000096
0.000090
0.000081
0.000072
0.000065
0.000063
0.000060
0.000057
0.000057
0.000060
0.000064
0.000069
0.000079
0.000089
0.000090
0.000080
0.000074
0.000081
0.000099
0.000113
0.000116
0.000109
0.000098
0.000088
0.000084
0.000092
0.000106
0.000115
0.000114
0.000103
0.000086
0.000065
0.000043
0.000025
0.000019
0.000024
0.000029
0.000028
0.000020
0.000013
0.000011
0.000016
0.000020
0.000017
0.000006
-0.000002
-0.000001
0.000009
0.000023
0.000038
0.000048
0.000049
0.000039
0.000026
0.000019
0.000021
0.000027
0.000026
0.000014
-0.000005
-0.000023
-0.000028
-0.000012
0.000022
0.000063
0.000095
0.000111
0.000115
0.000116
0.000114
0.000105
0.000088
0.000066
0.000048
0.000037
0.000029
0.000025
0.000027
0.000038
0.000053
0.000066
0.000073
0.000071
0.000064
0.000057
0.000060
0.000074
0.000095
0.000111
0.000111
0.000098
0.000077
0.000059
0.000049
0.000050
0.000062
0.000080
0.000090
0.000084
0.000067
0.000052
0.000052
0.000062
0.000070
0.000067
0.000052
0.000030
0.000007
-0.000007
-0.000004
0.000013
0.000031
0.000039
0.000037
0.000033
0.000029
0.000023
0.000017
0.000020
0.000040
0.000071
0.000096
0.000100
0.000079
0.000045
0.000016
0.000002
0.000008
0.000031
0.000064
0.000095
0.000105
0.000090
0.000064
0.000048
0.000051
0.000059
0.000059
0.000050
0.000041
0.000041
0.000047
0.000052
0.000051
0.000049
0.000057
0.000081
0.000116
0.000150
0.000174
0.000192
0.000211
0.000229
0.000236
0.000232
0.000221
0.000211
0.000199
0.000183
0.000167
0.000154
0.000148
0.000150
0.000157
0.000168
0.000174
0.000171
0.000156
0.000133
0.000107
0.000082
0.000062
0.000054
0.000059
0.000069
0.000076
0.000076
0.000075
0.000075
0.000075
0.000073
0.000066
0.000059
0.000060
0.000070
0.000084
0.000090
0.000083
0.000065
0.000045
0.000036
0.000040
0.000055
0.000069
0.000076
0.000073
0.000066
0.000059
0.000048
0.000032
0.000013
0.000002
0.000005
0.000020
0.000041
0.000066
0.000090
0.000111
0.000125
0.000133
0.000135
0.000132
0.000123
0.000111
0.000099
0.000091
0.000085
0.000078
0.000071
0.000071
0.000082
0.000100
0.000121
0.000138
0.000150
0.000160
0.000171
0.000175
0.000167
0.000149
0.000134
0.000124
0.000113
0.000097
0.000081
0.000077
0.000080
0.000083
0.000082
0.000081
0.000082
0.000078
0.000069
0.000061
0.000060
0.000062
0.000060
0.000051
0.000041
0.000035
0.000035
0.000040
0.000045
0.000048
0.000051
0.000055
0.000057
0.000050
0.000039
0.000039
0.000058
0.000086
0.000106
0.000111
0.000111
0.000111
0.000108
0.000097
0.000085
0.000079
0.000079
0.000081
0.000080
0.000076
0.000067
0.000056
0.000051
0.000058
0.000073
0.000083
0.000080
0.000070
0.000063
0.000065
0.000074
0.000088
0.000103
0.000116
0.000119
0.000112
0.000095
0.000073
0.000051
0.000038
0.000034
0.000033
0.000027
0.000014
-0.000002
-0.000010
-0.000007
0.000006
0.000022
0.000034
0.000032
0.000015
-0.000009
-0.000031
-0.000041
-0.000038
-0.000024
-0.000000
0.000026
0.000046
0.000056
0.000060
0.000063
0.000071
0.000079
0.000084
0.000085
0.000082
0.000080
0.000079
0.000080
0.000083
0.000087
0.000087
0.000080
0.000066
0.000051
0.000040
0.000037
0.000043
0.000055
0.000071
0.000084
0.000093
0.000101
0.000109
0.000115
0.000120
0.000129
0.000147
0.000171
0.000190
0.000194
0.000187
0.000181
0.000181
0.000177
0.000161
0.000133
0.000102
0.000074
0.000048
0.000025
0.000011
0.000009
0.000016
0.000020
0.000021
0.000020
0.000023
0.000030
0.000041
0.000053
0.000060
0.000058
0.000054
0.000060
0.000077
0.000093
0.000097
0.000087
0.000074
0.000061
0.000048
0.000031
0.000016
0.000016
0.000037
0.000073
0.000109
0.000133
0.000141
0.000138
0.000127
0.000113
0.000098
0.000085
0.000075
0.000063
0.000047
0.000033
0.000030
0.000040
0.000059
0.000081
0.000099
0.000105
0.000098
0.000087
0.000079
0.000075
0.000071
0.000065
0.000063
0.000069
0.000084
0.000106
0.000131
0.000152
0.000167
0.000174
0.000176
0.000173
0.000162
0.000145
0.000132
0.000127
0.000129
0.000133
0.000136
0.000137
0.000139
0.000140
0.000137
0.000126
0.000107
0.000081
0.000057
0.000043
0.000040
0.000045
0.000054
0.000069
0.000094
0.000123
0.000145
0.000155
0.000159
0.000163
0.000169
0.000174
0.000180
0.000188
0.000199
0.000208
0.000208
0.000204
0.000200
0.000196
0.000190
0.000185
0.000184
0.000186
0.000186
0.000184
0.000181
0.000177
0.000168
0.000152
0.000136
0.000128
0.000130
0.000137
0.000143
0.000146
0.000152
0.000164
0.000178
0.000184
0.000179
0.000170
0.000166
0.000167
0.000160
0.000141
0.000116
0.000091
0.000068
0.000047
0.000036
0.000041
0.000058
0.000073
0.000078
0.000069
0.000049
0.000027
0.000010
-0.000000
-0.000009
-0.000016
-0.000015
0.000003
0.000033
0.000064
0.000092
0.000121
0.000148
0.000165
0.000167
0.000160
0.000153
0.000146
0.000134
0.000118
0.000103
0.000095
0.000093
0.000093
0.000094
0.000097
0.000102
0.000105
0.000106
0.000104
0.000101
0.000101
0.000103
0.000105
0.000105
0.000101
0.000093
0.000081
0.000065
0.000052
0.000045
0.000048
0.000059
0.000071
0.000079
0.000085
0.000087
0.000087
0.000090
0.000103
0.000127
0.000150
0.000158
0.000154
0.000158
0.000183
0.000219
0.000243
0.000241
0.000216
0.000180
0.000145
0.000117
0.000098
0.000084
0.000073
0.000063
0.000059
0.000064
0.000074
0.000082
0.000083
0.000078
0.000072
0.000072
0.000077
0.000077
0.000063
0.000038
0.000017
0.000009
0.000012
0.000016
0.000016
0.000018
0.000027
0.000046
0.000067
0.000086
0.000096
0.000098
0.000095
0.000089
0.000079
0.000068
0.000060
0.000058
0.000061
0.000063
0.000063
0.000066
0.000073
0.000086
0.000099
0.000106
0.000102
0.000088
0.000072
0.000067
0.000078
0.000097
0.000113
0.000117
0.000114
0.000108
0.000107
0.000107
0.000105
0.000098
0.000087
0.000074
0.000059
0.000050
0.000053
0.000071
0.000096
0.000112
0.000111
0.000099
0.000087
0.000083
0.000084
0.000087
0.000089
0.000090
0.000090
0.000088
0.000085
0.000083
0.000086
0.000094
0.000105
0.000120
0.000142
0.000168
0.000191
0.000202
0.000196
0.000177
0.000153
0.000136
0.000127
0.000122
0.000114
0.000105
0.000102
0.000105
0.000107
0.000097
0.000077
0.000057
0.000043
0.000040
0.000050
0.000069
0.000095
0.000124
0.000149
0.000164
0.000160
0.000135
0.000102
0.000078
0.000071
0.000071
0.000072
0.000073
0.000078
0.000088
0.000101
0.000115
0.000125
0.000127
0.000121
0.000116
0.000125
0.000144
0.000162
0.000167
0.000160
0.000151
0.000147
0.000145
0.000138
0.000124
0.000106
0.000092
0.000085
0.000082
0.000077
0.000068
0.000058
0.000051
0.000052
0.000061
0.000074
0.000087
0.000093
0.000094
0.000089
0.000081
0.000071
0.000063
0.000060
0.000061
0.000062
0.000057
0.000045
0.000036
0.000037
0.000050
0.000070
0.000087
0.000099
0.000105
0.000105
0.000100
0.000088
0.000069
0.000042
0.000014
-0.000008
-0.000015
-0.000007
0.000014
0.000043
0.000072
0.000092
0.000100
0.000101
0.000102
0.000108
0.000119
0.000131
0.000143
0.000152
0.000153
0.000147
0.000136
0.000122
0.000106
0.000089
0.000076
0.000069
0.000070
0.000079
0.000097
0.000118
0.000136
0.000146
0.000149
0.000149
0.000148
0.000139
0.000119
0.000094
0.000069
0.000053
0.000045
0.000047
0.000057
0.000066
0.000070
0.000066
0.000063
0.000066
0.000073
0.000078
0.000079
0.000079
0.000077
0.000074
0.000068
0.000062
0.000057
0.000052
0.000050
0.000053
0.000059
0.000062
0.000058
0.000051
0.000045
0.000040
0.000038
0.000045
0.000055
0.000055
0.000039
0.000019
0.000017
0.000040
0.000071
0.000088
0.000088
0.000080
0.000076
0.000075
0.000074
0.000067
0.000059
0.000054
0.000056
0.000062
0.000069
0.000075
0.000081
0.000081
0.000072
0.000058
0.000045
0.000037
0.000029
0.000019
0.000008
-0.000003
-0.000013
-0.000017
-0.000011
-0.000001
0.000002
-0.000004
-0.000005
0.000012
0.000041
0.000069
0.000088
0.000100
0.000107
0.000108
0.000107
0.000110
0.000116
0.000118
0.000111
0.000101
0.000093
0.000085
0.000072
0.000057
0.000041
0.000021
-0.000005
-0.000026
-0.000031
-0.000017
0.000007
0.000030
0.000044
0.000046
0.000042
0.000040
0.000049
0.000064
0.000073
0.000065
0.000046
0.000031
0.000031
0.000046
0.000063
0.000071
0.000069
0.000064
0.000066
0.000078
0.000097
0.000118
0.000135
0.000147
0.000151
0.000143
0.000126
0.000107
0.000093
0.000086
0.000086
0.000090
0.000090
0.000083
0.000068
0.000052
0.000040
0.000031
0.000022
0.000010
0.000001
-0.000000
0.000005
0.000013
0.000020
0.000025
0.000026
0.000024
0.000017
0.000007
-0.000003
-0.000014
-0.000024
-0.000034
-0.000040
-0.000034
-0.000014
0.000016
0.000050
0.000080
0.000103
0.000115
0.000122
0.000132
0.000148
0.000164
0.000166
0.000149
0.000117
0.000080
0.000046
0.000026
0.000027
0.000043
0.000063
0.000081
0.000095
0.000104
0.000102
0.000091
0.000082
0.000088
0.000108
0.000129
0.000139
0.000133
0.000114
0.000087
0.000061
0.000043
0.000036
0.000039
0.000050
0.000064
0.000077
0.000088
0.000095
0.000097
0.000090
0.000074
0.000057
0.000044
0.000038
0.000041
0.000052
0.000070
0.000086
0.000096
0.000110
0.000133
0.000156
0.000162
0.000148
0.000128
0.000117
0.000113
0.000114
0.000121
0.000138
0.000156
0.000166
0.000168
0.000166
0.000160
0.000145
0.000123
0.000102
0.000088
0.000084
0.000085
0.000089
0.000096
0.000107
0.000122
0.000136
0.000147
0.000156
0.000163
0.000162
0.000145
0.000110
0.000068
0.000036
0.000020
0.000016
0.000017
0.000019
0.000019
0.000016
0.000012
0.000013
0.000018
0.000024
0.000030
0.000042
0.000066
0.000098
0.000128
0.000146
0.000147
0.000136
0.000124
0.000115
0.000108
0.000100
0.000097
0.000103
0.000115
0.000128
0.000141
0.000153
0.000158
0.000151
0.000134
0.000119
0.000116
0.000124
0.000135
0.000146
0.000151
0.000147
0.000135
0.000127
0.000131
0.000146
0.000161
0.000167
0.000160
0.000148
0.000136
0.000127
0.000118
0.000105
0.000090
0.000086
0.000092
0.000099
0.000097
0.000092
0.000097
0.000111
0.000121
0.000118
0.000110
0.000109
0.000110
0.000103
0.000085
0.000063
0.000046
0.000037
0.000032
0.000030
0.000035
0.000043
0.000044
0.000032
0.000013
-0.000004
-0.000008
-0.000004
0.000002
0.000011
0.000025
0.000042
0.000055
0.000056
0.000050
0.000047
0.000054
0.000066
0.000081
0.000096
0.000114
0.000132
0.000145
0.000147
0.000137
0.000116
0.000087
0.000060
0.000046
0.000049
0.000067
0.000090
0.000110
0.000121
0.000122
0.000116
0.000110
0.000103
0.000095
0.000088
0.000085
0.000086
0.000084
0.000078
0.000075
0.000081
0.000093
0.000099
0.000093
0.000078
0.000062
0.000048
0.000037
0.000026
0.000016
0.000005
-0.000004
-0.000005
0.000005
0.000019
0.000029
0.000031
0.000035
0.000046
0.000058
0.000060
0.000056
0.000055
0.000063
0.000069
0.000064
0.000054
0.000052
0.000055
0.000049
0.000030
0.000012
0.000010
0.000026
0.000051
0.000075
0.000090
0.000092
0.000085
0.000080
0.000082
0.000084
0.000077
0.000062
0.000046
0.000031
0.000019
0.000017
0.000035
0.000068
0.000096
0.000106
0.000097
0.000080
0.000060
0.000041
0.000023
0.000007
-0.000006
-0.000013
-0.000008
0.000006
0.000025
0.000047
0.000071
0.000091
0.000097
0.000085
0.000064
0.000046
0.000033
0.000021
0.000014
0.000019
0.000037
0.000060
0.000079
0.000091
0.000097
0.000101
0.000106
0.000114
0.000121
0.000122
0.000115
0.000107
0.000106
0.000114
0.000126
0.000133
0.000133
0.000129
0.000131
0.000139
0.000148
0.000152
0.000145
0.000130
0.000111
0.000097
0.000093
0.000091
0.000076
0.000047
0.000023
0.000021
0.000038
0.000053
0.000058
0.000057
0.000056
0.000052
0.000044
0.000035
0.000032
0.000033
0.000034
0.000033
0.000032
0.000029
0.000025
0.000021
0.000020
0.000026
0.000042
0.000060
0.000075
0.000083
0.000091
0.000103
0.000115
0.000117
0.000109
0.000099
0.000094
0.000097
0.000102
0.000108
0.000110
0.000106
0.000094
0.000079
0.000065
0.000055
0.000047
0.000043
0.000043
0.000047
0.000057
0.000072
0.000084
0.000086
0.000079
0.000072
0.000074
0.000085
0.000098
0.000105
0.000099
0.000078
0.000057
0.000053
0.000070
0.000096
0.000116
0.000123
0.000124
0.000124
0.000123
0.000124
0.000125
0.000121
0.000109
0.000093
0.000080
0.000073
0.000075
0.000085
0.000102
0.000119
0.000127
0.000125
0.000116
0.000107
0.000102
0.000098
0.000095
0.000093
0.000093
0.000097
0.000104
0.000113
0.000123
0.000134
0.000140
0.000137
0.000130
0.000127
0.000131
0.000136
0.000134
0.000125
0.000116
0.000110
0.000107
0.000109
0.000118
0.000130
0.000138
0.000141
0.000143
0.000146
0.000142
0.000125
0.000098
0.000072
0.000056
0.000055
0.000066
0.000080
0.000089
0.000093
0.000097
0.000102
0.000100
0.000084
0.000062
0.000047
0.000046
0.000052
0.000057
0.000064
0.000077
0.000093
0.000103
0.000098
0.000081
0.000060
0.000047
0.000047
0.000059
0.000080
0.000106
0.000135
0.000159
0.000172
0.000170
0.000154
0.000131
0.000105
0.000084
0.000072
0.000069
0.000069
0.000068
0.000067
0.000074
0.000092
0.000117
0.000133
0.000130
0.000112
0.000092
0.000081
0.000080
0.000084
0.000089
0.000099
0.000112
0.000123
0.000126
0.000115
0.000097
0.000080
0.000071
0.000069
0.000066
0.000055
0.000041
0.000034
0.000039
0.000052
0.000063
0.000068
0.000072
0.000077
0.000083
0.000089
0.000095
0.000100
0.000100
0.000095
0.000090
0.000092
0.000100
0.000104
0.000101
0.000094
0.000090
0.000091
0.000093
0.000097
0.000105
0.000115
0.000123
0.000127
0.000130
0.000138
0.000152
0.000163
0.000164
0.000156
0.000147
0.000145
0.000146
0.000143
0.000136
0.000133
0.000139
0.000145
0.000146
0.000141
0.000132
0.000121
0.000108
0.000097
0.000091
0.000087
0.000081
0.000073
0.000067
0.000068
0.000069
0.000064
0.000052
0.000035
0.000024
0.000026
0.000046
0.000082
0.000119
0.000140
0.000140
0.000125
0.000108
0.000099
0.000100
0.000109
0.000118
0.000124
0.000129
0.000133
0.000135
0.000129
0.000117
0.000103
0.000090
0.000079
0.000069
0.000063
0.000059
0.000054
0.000048
0.000047
0.000053
0.000060
0.000066
0.000069
0.000072
0.000076
0.000076
0.000074
0.000072
0.000073
0.000076
0.000077
0.000074
0.000065
0.000049
0.000027
0.000006
-0.000011
-0.000021
-0.000023
-0.000014
0.000007
0.000033
0.000057
0.000075
0.000089
0.000105
0.000127
0.000156
0.000188
0.000217
0.000235
0.000238
0.000228
0.000212
0.000193
0.000177
0.000163
0.000152
0.000141
0.000133
0.000130
0.000128
0.000117
0.000101
0.000090
0.000092
0.000105
0.000115
0.000117
0.000117
0.000121
0.000126
0.000125
0.000116
0.000103
0.000095
0.000095
0.000102
0.000114
0.000125
0.000134
0.000138
0.000144
0.000154
0.000166
0.000176
0.000180
0.000178
0.000172
0.000165
0.000157
0.000149
0.000144
0.000142
0.000138
0.000130
0.000121
0.000118
0.000125
0.000142
0.000160
0.000173
0.000174
0.000166
0.000153
0.000135
0.000110
0.000079
0.000054
0.000042
0.000039
0.000030
0.000014
-0.000001
-0.000005
-0.000003
-0.000006
-0.000018
-0.000030
-0.000031
-0.000018
0.000001
0.000019
0.000030
0.000031
0.000027
0.000023
0.000021
0.000020
0.000017
0.000015
0.000016
0.000022
0.000032
0.000048
0.000069
0.000093
0.000116
0.000132
0.000139
0.000136
0.000125
0.000114
0.000110
0.000117
0.000129
0.000135
0.000130
0.000116
0.000096
0.000071
0.000042
0.000012
-0.000012
-0.000023
-0.000018
0.000001
0.000028
0.000053
0.000069
0.000073
0.000068
0.000058
0.000046
0.000036
0.000026
0.000013
0.000003
0.000005
0.000026
0.000059
0.000087
0.000099
0.000100
0.000096
0.000090
0.000083
0.000078
0.000080
0.000088
0.000097
0.000100
0.000098
0.000093
0.000089
0.000086
0.000083
0.000078
0.000073
0.000071
0.000067
0.000055
0.000037
0.000024
0.000021
0.000027
0.000040
0.000058
0.000077
0.000088
0.000082
0.000064
0.000047
0.000036
0.000026
0.000016
0.000007
0.000000
-0.000009
-0.000017
-0.000016
-0.000007
-0.000001
-0.000011
-0.000030
-0.000042
-0.000037
-0.000023
-0.000011
-0.000005
-0.000004
-0.000006
-0.000009
-0.000009
-0.000003
0.000009
0.000025
0.000039
0.000045
0.000041
0.000031
0.000020
0.000013
0.000016
0.000029
0.000046
0.000059
0.000062
0.000061
0.000062
0.000068
0.000075
0.000081
0.000084
0.000080
0.000071
0.000063
0.000065
0.000080
0.000101
0.000116
0.000118
0.000111
0.000106
0.000106
0.000113
0.000120
0.000122
0.000117
0.000103
0.000084
0.000064
0.000052
0.000055
0.000070
0.000085
0.000088
0.000079
0.000065
0.000049
0.000035
0.000024
0.000020
0.000023
0.000028
0.000034
0.000039
0.000046
0.000052
0.000059
0.000067
0.000080
0.000091
0.000099
0.000108
0.000121
0.000134
0.000133
0.000115
0.000092
0.000078
0.000074
0.000076
0.000079
0.000084
0.000087
0.000087
0.000090
0.000101
0.000117
0.000126
0.000123
0.000113
0.000102
0.000089
0.000072
0.000055
0.000044
0.000040
0.000040
0.000041
0.000039
0.000028
0.000009
-0.000014
-0.000029
-0.000030
-0.000018
0.000005
0.000038
0.000075
0.000107
0.000125
0.000128
0.000122
0.000114
0.000105
0.000093
0.000078
0.000066
0.000058
0.000053
0.000044
0.000031
0.000019
0.000016
0.000023
0.000035
0.000043
0.000044
0.000038
0.000025
0.000008
-0.000007
-0.000013
-0.000005
0.000010
0.000021
0.000027
0.000035
0.000049
0.000060
0.000064
0.000069
0.000083
0.000099
0.000105
0.000103
0.000113
0.000135
0.000152
0.000142
0.000112
0.000078
0.000053
0.000035
0.000029
0.000038
0.000054
0.000067
0.000072
0.000076
0.000083
0.000085
0.000077
0.000069
0.000070
0.000080
0.000088
0.000084
0.000074
0.000066
0.000057
0.000040
0.000009
-0.000026
-0.000049
-0.000046
-0.000023
0.000009
0.000034
0.000047
0.000050
0.000046
0.000040
0.000035
0.000031
0.000033
0.000043
0.000059
0.000078
0.000099
0.000127
0.000156
0.000175
0.000179
0.000172
0.000157
0.000134
0.000105
0.000077
0.000060
0.000049
0.000034
0.000015
0.000003
0.000009
0.000033
0.000065
0.000092
0.000107
0.000108
0.000101
0.000096
0.000095
0.000093
0.000086
0.000073
0.000062
0.000055
0.000057
0.000071
0.000093
0.000109
0.000113
0.000111
0.000113
0.000119
0.000123
0.000121
0.000117
0.000113
0.000106
0.000093
0.000079
0.000073
0.000078
0.000088
0.000090
0.000079
0.000060
0.000044
0.000041
0.000051
0.000066
0.000079
0.000086
0.000090
0.000095
0.000103
0.000113
0.000121
0.000127
0.000129
0.000128
0.000122
0.000111
0.000099
0.000090
0.000084
0.000076
0.000066
0.000061
0.000064
0.000073
0.000082
0.000084
0.000084
0.000087
0.000094
0.000091
0.000072
0.000040
0.000008
-0.000015
-0.000028
-0.000030
-0.000021
-0.000007
0.000002
0.000002
0.000004
0.000019
0.000044
0.000067
0.000084
0.000098
0.000108
0.000111
0.000105
0.000100
0.000100
0.000102
0.000099
0.000091
0.000083
0.000080
0.000085
0.000099
0.000118
0.000136
0.000148
0.000152
0.000153
0.000148
0.000133
0.000110
0.000089
0.000081
0.000088
0.000100
0.000109
0.000113
0.000114
0.000114
0.000112
0.000111
0.000117
0.000129
0.000143
0.000152
0.000159
0.000169
0.000181
0.000191
0.000197
0.000200
0.000197
0.000189
0.000180
0.000179
0.000182
0.000180
0.000167
0.000152
0.000147
0.000153
0.000159
0.000157
0.000148
0.000141
0.000143
0.000153
0.000161
0.000159
0.000147
0.000130
0.000117
0.000110
0.000104
0.000092
0.000070
0.000046
0.000028
0.000024
0.000035
0.000054
0.000075
0.000090
0.000095
0.000088
0.000074
0.000057
0.000043
0.000036
0.000039
0.000049
0.000059
0.000062
0.000061
0.000064
0.000073
0.000086
0.000102
0.000119
0.000132
0.000132
0.000121
0.000108
0.000101
0.000095
0.000086
0.000078
0.000077
0.000084
0.000093
0.000096
0.000092
0.000083
0.000074
0.000069
0.000065
0.000062
0.000060
0.000061
0.000066
0.000069
0.000068
0.000066
0.000068
0.000076
0.000086
0.000095
0.000103
0.000110
0.000116
0.000124
0.000128
0.000121
0.000100
0.000076
0.000061
0.000057
0.000055
0.000051
0.000051
0.000060
0.000075
0.000085
0.000083
0.000076
0.000076
0.000087
0.000105
0.000119
0.000125
0.000123
0.000117
0.000113
0.000114
0.000122
0.000132
0.000136
0.000132
0.000126
0.000124
0.000123
0.000119
0.000116
0.000117
0.000118
0.000113
0.000104
0.000097
0.000093
0.000089
0.000082
0.000080
0.000087
0.000096
0.000095
0.000084
0.000071
0.000062
0.000059
0.000060
0.000062
0.000065
0.000068
0.000072
0.000079
0.000088
0.000093
0.000089
0.000075
0.000058
0.000053
0.000065
0.000084
0.000094
0.000089
0.000075
0.000060
0.000048
0.000041
0.000043
0.000050
0.000050
0.000036
0.000015
-0.000000
-0.000006
-0.000004
0.000002
0.000016
0.000035
0.000048
0.000049
0.000041
0.000034
0.000032
0.000034
0.000037
0.000042
0.000055
0.000075
0.000097
0.000113
0.000122
0.000127
0.000128
0.000125
0.000119
0.000117
0.000119
0.000119
0.000114
0.000107
0.000103
0.000099
0.000088
0.000075
0.000069
0.000073
0.000080
0.000086
0.000090
0.000091
0.000086
0.000075
0.000065
0.000061
0.000061
0.000056
0.000040
0.000016
-0.000009
-0.000031
-0.000046
-0.000052
-0.000050
-0.000045
-0.000042
-0.000042
-0.000042
-0.000036
-0.000024
-0.000012
-0.000008
-0.000011
-0.000018
-0.000023
-0.000021
-0.000009
0.000019
0.000054
0.000080
0.000090
0.000087
0.000080
0.000077
0.000081
0.000088
0.000095
0.000102
0.000112
0.000126
0.000132
0.000122
0.000100
0.000086
0.000087
0.000093
0.000094
0.000094
0.000099
0.000106
0.000107
0.000101
0.000095
0.000090
0.000080
0.000064
0.000047
0.000037
0.000038
0.000048
0.000063
0.000074
0.000078
0.000079
0.000083
0.000090
0.000099
0.000109
0.000121
0.000132
0.000132
0.000122
0.000114
0.000116
0.000123
0.000127
0.000126
0.000120
0.000112
0.000104
0.000100
0.000100
0.000100
0.000095
0.000086
0.000078
0.000073
0.000072
0.000076
0.000082
0.000089
0.000094
0.000101
0.000108
0.000112
0.000106
0.000090
0.000069
0.000052
0.000049
0.000061
0.000081
0.000098
0.000112
0.000132
0.000159
0.000184
0.000195
0.000197
0.000197
0.000199
0.000199
0.000197
0.000189
0.000167
0.000130
0.000089
0.000059
0.000046
0.000035
0.000021
0.000005
-0.000004
-0.000008
-0.000005
0.000010
0.000037
0.000066
0.000088
0.000105
0.000122
0.000135
0.000140
0.000136
0.000129
0.000123
0.000117
0.000111
0.000107
0.000102
0.000094
0.000087
0.000089
0.000098
0.000108
0.000113
0.000114
0.000116
0.000115
0.000109
0.000098
0.000088
0.000078
0.000068
0.000061
0.000061
0.000071
0.000084
0.000094
0.000094
0.000081
0.000059
0.000036
0.000021
0.000019
0.000024
0.000028
0.000029
0.000028
0.000029
0.000033
0.000038
0.000045
0.000054
0.000062
0.000060
0.000053
0.000049
0.000054
0.000061
0.000062
0.000056
0.000050
0.000047
0.000040
0.000030
0.000024
0.000025
0.000028
0.000032
0.000042
0.000062
0.000089
0.000112
0.000130
0.000142
0.000145
0.000136
0.000119
0.000104
0.000095
0.000084
0.000067
0.000048
0.000033
0.000019
-0.000004
-0.000037
-0.000068
-0.000082
-0.000074
-0.000049
-0.000014
0.000018
0.000038
0.000040
0.000032
0.000028
0.000035
0.000048
0.000058
0.000060
0.000058
0.000057
0.000056
0.000057
0.000060
0.000068
0.000079
0.000092
0.000102
0.000108
0.000106
0.000095
0.000080
0.000067
0.000063
0.000066
0.000073
0.000081
0.000090
0.000099
0.000102
0.000097
0.000083
0.000070
0.000061
0.000054
0.000042
0.000027
0.000017
0.000017
0.000028
0.000042
0.000054
0.000063
0.000072
0.000084
0.000098
0.000108
0.000113
0.000113
0.000109
0.000102
0.000095
0.000093
0.000100
0.000108
0.000110
0.000107
0.000105
0.000111
0.000118
0.000118
0.000105
0.000085
0.000061
0.000038
0.000017
-0.000003
-0.000022
-0.000038
-0.000048
-0.000045
-0.000029
-0.000006
0.000013
0.000024
0.000028
0.000031
0.000040
0.000058
0.000083
0.000106
0.000115
0.000105
0.000083
0.000061
0.000044
0.000030
0.000021
0.000022
0.000034
0.000047
0.000055
0.000063
0.000076
0.000091
0.000098
0.000091
0.000079
0.000068
0.000063
0.000064
0.000065
0.000066
0.000064
0.000063
0.000067
0.000073
0.000078
0.000080
0.000080
0.000075
0.000060
0.000034
0.000003
-0.000020
-0.000026
-0.000012
0.000018
0.000051
0.000079
0.000097
0.000104
0.000098
0.000075
0.000043
0.000015
0.000002
0.000006
0.000022
0.000044
0.000065
0.000079
0.000086
0.000090
0.000097
0.000106
0.000110
0.000108
0.000102
0.000097
0.000091
0.000084
0.000076
0.000069
0.000064
0.000063
0.000064
0.000063
0.000056
0.000046
0.000038
0.000039
0.000047
0.000061
0.000081
0.000099
0.000108
0.000099
0.000076
0.000049
0.000032
0.000032
0.000043
0.000056
0.000067
0.000078
0.000084
0.000082
0.000073
0.000065
0.000067
0.000075
0.000080
0.000082
0.000082
0.000082
0.000078
0.000071
0.000065
0.000067
0.000078
0.000088
0.000093
0.000092
0.000087
0.000083
0.000082
0.000081
0.000078
0.000069
0.000059
0.000055
0.000064
0.000084
0.000104
0.000113
0.000107
0.000093
0.000077
0.000067
0.000063
0.000065
0.000065
0.000058
0.000047
0.000041
0.000043
0.000048
0.000054
0.000062
0.000070
0.000070
0.000060
0.000051
0.000060
0.000085
0.000108
0.000116
0.000114
0.000112
0.000108
0.000094
0.000070
0.000045
0.000027
0.000015
0.000009
0.000008
0.000011
0.000017
0.000022
0.000029
0.000042
0.000059
0.000075
0.000086
0.000091
0.000094
0.000094
0.000090
0.000080
0.000065
0.000048
0.000034
0.000032
0.000044
0.000065
0.000082
0.000087
0.000084
0.000077
0.000065
0.000049
0.000032
0.000017
0.000003
-0.000015
-0.000031
-0.000030
-0.000008
0.000022
0.000044
0.000059
0.000077
0.000102
0.000122
0.000128
0.000119
0.000103
0.000089
0.000081
0.000080
0.000081
0.000080
0.000072
0.000056
0.000032
0.000007
-0.000005
0.000003
0.000026
0.000051
0.000064
0.000066
0.000061
0.000051
0.000037
0.000022
0.000013
0.000014
0.000022
0.000031
0.000038
0.000042
0.000043
0.000040
0.000038
0.000044
0.000055
0.000059
0.000047
0.000026
0.000011
0.000013
0.000032
0.000057
0.000078
0.000085
0.000073
0.000048
0.000021
0.000004
-0.000003
-0.000004
-0.000005
-0.000008
-0.000014
-0.000020
-0.000018
-0.000005
0.000016
0.000036
0.000047
0.000045
0.000030
0.000011
-0.000002
-0.000004
-0.000000
0.000004
0.000005
0.000007
0.000009
0.000012
0.000013
0.000011
0.000006
0.000003
0.000008
0.000019
0.000028
0.000035
0.000046
0.000067
0.000093
0.000116
0.000131
0.000141
0.000146
0.000142
0.000133
0.000132
0.000144
0.000163
0.000177
0.000179
0.000167
0.000147
0.000128
0.000118
0.000120
0.000131
0.000144
0.000155
0.000159
0.000150
0.000133
0.000117
0.000105
0.000097
0.000088
0.000081
0.000076
0.000072
0.000065
0.000057
0.000048
0.000040
0.000035
0.000038
0.000051
0.000068
0.000082
0.000085
0.000075
0.000053
0.000029
0.000011
0.000004
0.000004
0.000005
0.000005
0.000004
0.000003
0.000006
0.000018
0.000041
0.000066
0.000084
0.000091
0.000089
0.000086
0.000083
0.000083
0.000089
0.000098
0.000107
0.000112
0.000114
0.000115
0.000117
0.000119
0.000120
0.000120
0.000124
0.000133
0.000140
0.000142
0.000139
0.000139
0.000141
0.000140
0.000136
0.000133
0.000132
0.000127
0.000117
0.000108
0.000106
0.000105
0.000104
0.000107
0.000120
0.000137
0.000148
0.000148
0.000142
0.000133
0.000122
0.000113
0.000112
0.000116
0.000117
0.000114
0.000113
0.000118
0.000130
0.000148
0.000167
0.000182
0.000191
0.000194
0.000193
0.000183
0.000162
0.000141
0.000133
0.000138
0.000143
0.000138
0.000126
0.000115
0.000108
0.000102
0.000098
0.000096
0.000091
0.000075
0.000051
0.000024
0.000001
-0.000012
-0.000013
-0.000005
0.000003
0.000006
0.000012
0.000027
0.000050
0.000068
0.000077
0.000077
0.000073
0.000063
0.000045
0.000026
0.000011
0.000005
0.000003
0.000003
0.000004
0.000010
0.000021
0.000036
0.000046
0.000050
0.000055
0.000071
0.000096
0.000118
0.000123
0.000115
0.000105
0.000100
0.000096
0.000086
0.000071
0.000058
0.000055
0.000061
0.000075
0.000097
0.000126
0.000153
0.000164
0.000150
0.000119
0.000089
0.000075
0.000080
0.000095
0.000105
0.000102
0.000095
0.000094
0.000101
0.000107
0.000105
0.000092
0.000075
0.000058
0.000048
0.000043
0.000039
0.000032
0.000026
0.000030
0.000047
0.000069
0.000082
0.000082
0.000076
0.000067
0.000055
0.000040
0.000024
0.000010
-0.000000
-0.000003
0.000003
0.000015
0.000027
0.000033
0.000033
0.000032
0.000037
0.000048
0.000059
0.000063
0.000060
0.000054
0.000047
0.000030
0.000003
-0.000023
-0.000033
-0.000026
-0.000013
-0.000000
0.000012
0.000025
0.000034
0.000033
0.000025
0.000016
0.000012
0.000014
0.000021
0.000030
0.000036
0.000044
0.000061
0.000092
0.000128
0.000159
0.000176
0.000180
0.000174
0.000161
0.000140
0.000116
0.000093
0.000078
0.000069
0.000061
0.000049
0.000035
0.000024
0.000020
0.000020
0.000020
0.000018
0.000018
0.000020
0.000026
0.000040
0.000064
0.000091
0.000110
0.000114
0.000111
0.000106
0.000100
0.000087
0.000065
0.000044
0.000032
0.000034
0.000047
0.000068
0.000088
0.000098
0.000091
0.000072
0.000057
0.000056
0.000063
0.000065
0.000059
0.000048
0.000042
0.000042
0.000045
0.000042
0.000033
0.000020
0.000014
0.000016
0.000021
0.000025
0.000030
0.000041
0.000055
0.000062
0.000064
0.000066
0.000074
0.000084
0.000090
0.000095
0.000103
0.000116
0.000125
0.000130
0.000131
0.000134
0.000139
0.000147
0.000156
0.000165
0.000173
0.000177
0.000178
0.000176
0.000174
0.000175
0.000176
0.000174
0.000168
0.000165
0.000168
0.000169
0.000158
0.000133
0.000106
0.000089
0.000085
0.000088
0.000092
0.000101
0.000119
0.000148
0.000178
0.000201
0.000215
0.000220
0.000214
0.000194
0.000164
0.000132
0.000106
0.000086
0.000067
0.000046
0.000024
0.000006
-0.000004
0.000001
0.000022
0.000047
0.000070
0.000091
0.000113
0.000132
0.000138
0.000129
0.000113
0.000100
0.000093
0.000090
0.000088
0.000084
0.000076
0.000066
0.000059
0.000051
0.000039
0.000025
0.000016
0.000012
0.000004
-0.000012
-0.000028
-0.000036
-0.000036
-0.000035
-0.000037
-0.000040
-0.000038
-0.000028
-0.000011
0.000013
0.000034
0.000046
0.000050
0.000049
0.000042
0.000027
0.000007
-0.000009
-0.000014
-0.000010
-0.000001
0.000013
0.000030
0.000052
0.000073
0.000093
0.000107
0.000110
0.000101
0.000088
0.000081
0.000086
0.000098
0.000108
0.000113
0.000119
0.000126
0.000130
0.000128
0.000127
0.000132
0.000143
0.000146
0.000135
0.000112
0.000086
0.000069
0.000066
0.000078
0.000094
0.000105
0.000109
0.000108
0.000112
0.000122
0.000136
0.000151
0.000167
0.000184
0.000199
0.000206
0.000201
0.000190
0.000176
0.000165
0.000157
0.000155
0.000162
0.000177
0.000197
0.000217
0.000231
0.000235
0.000223
0.000201
0.000178
0.000166
0.000163
0.000164
0.000164
0.000163
0.000160
0.000152
0.000140
0.000129
0.000116
0.000101
0.000085
0.000070
0.000059
0.000052
0.000054
0.000069
0.000093
0.000113
0.000120
0.000117
0.000107
0.000088
0.000055
0.000015
-0.000017
-0.000037
-0.000046
-0.000050
-0.000047
-0.000035
-0.000014
0.000011
0.000031
0.000041
0.000042
0.000045
0.000057
0.000075
0.000087
0.000090
0.000088
0.000083
0.000073
0.000056
0.000040
0.000036
0.000047
0.000065
0.000080
0.000089
0.000093
0.000094
0.000092
0.000085
0.000079
0.000076
0.000079
0.000082
0.000081
0.000076
0.000066
0.000051
0.000035
0.000025
0.000023
0.000020
0.000013
0.000008
0.000013
0.000024
0.000034
0.000040
0.000046
0.000053
0.000058
0.000060
0.000065
0.000077
0.000090
0.000099
0.000107
0.000112
0.000110
0.000097
0.000079
0.000071
0.000079
0.000099
0.000121
0.000140
0.000150
0.000153
0.000151
0.000148
0.000138
0.000119
0.000093
0.000072
0.000059
0.000048
0.000031
0.000012
-0.000007
-0.000022
-0.000034
-0.000038
-0.000027
0.000000
0.000035
0.000064
0.000080
0.000085
0.000088
0.000093
0.000097
0.000093
0.000084
0.000079
0.000085
0.000105
0.000131
0.000153
0.000164
0.000166
0.000171
0.000185
0.000199
0.000197
0.000177
0.000156
0.000146
0.000146
0.000148
0.000145
0.000135
0.000117
0.000093
0.000074
0.000066
0.000068
0.000070
0.000069
0.000071
0.000078
0.000082
0.000078
0.000075
0.000084
0.000105
0.000124
0.000130
0.000119
0.000099
0.000084
0.000082
0.000094
0.000112
0.000127
0.000134
0.000138
0.000138
0.000134
0.000125
0.000113
0.000101
0.000093
0.000091
0.000094
0.000096
0.000093
0.000087
0.000085
0.000088
0.000094
0.000098
0.000098
0.000093
0.000081
0.000069
0.000066
0.000074
0.000082
0.000078
0.000068
0.000065
0.000074
0.000086
0.000098
0.000114
0.000139
0.000161
0.000169
0.000160
0.000150
0.000150
0.000161
0.000167
0.000160
0.000139
0.000117
0.000103
0.000096
0.000090
0.000081
0.000076
0.000076
0.000075
0.000068
0.000059
0.000055
0.000058
0.000059
0.000056
0.000052
0.000050
0.000051
0.000049
0.000040
0.000022
-0.000001
-0.000016
-0.000012
0.000008
0.000028
0.000039
0.000049
0.000068
0.000093
0.000112
0.000119
0.000114
0.000101
0.000087
0.000080
0.000091
0.000122
0.000159
0.000183
0.000184
0.000165
0.000139
0.000121
0.000114
0.000111
0.000104
0.000092
0.000086
0.000090
0.000100
0.000109
0.000117
0.000125
0.000129
0.000127
0.000121
0.000118
0.000121
0.000125
0.000127
0.000127
0.000123
0.000116
0.000105
0.000096
0.000091
0.000089
0.000085
0.000080
0.000074
0.000070
0.000067
0.000062
0.000051
0.000035
0.000025
0.000029
0.000050
0.000073
0.000087
0.000089
0.000086
0.000084
0.000083
0.000081
0.000082
0.000088
0.000100
0.000112
0.000116
0.000110
0.000096
0.000080
0.000067
0.000055
0.000044
0.000033
0.000026
0.000024
0.000024
0.000021
0.000018
0.000017
0.000023
0.000036
0.000058
0.000087
0.000119
0.000145
0.000154
0.000148
0.000134
0.000120
0.000111
0.000111
0.000116
0.000122
0.000124
0.000125
0.000126
0.000123
0.000110
0.000085
0.000053
0.000024
0.000004
-0.000004
-0.000007
-0.000007
-0.000004
0.000003
0.000013
0.000025
0.000038
0.000057
0.000080
0.000097
0.000102
0.000102
0.000113
0.000135
0.000154
0.000162
0.000167
0.000178
0.000186
0.000173
0.000135
0.000089
0.000054
0.000040
0.000040
0.000045
0.000048
0.000042
0.000028
0.000012
0.000006
0.000013
0.000030
0.000048
0.000063
0.000075
0.000084
0.000086
0.000079
0.000065
0.000056
0.000057
0.000067
0.000084
0.000112
0.000152
0.000193
0.000220
0.000232
0.000237
0.000246
0.000255
0.000255
0.000243
0.000226
0.000213
0.000204
0.000197
0.000191
0.000183
0.000173
0.000161
0.000145
0.000129
0.000119
0.000123
0.000139
0.000155
0.000155
0.000140
0.000119
0.000105
0.000102
0.000107
0.000119
0.000131
0.000136
0.000126
0.000108
0.000092
0.000084
0.000085
0.000092
0.000099
0.000103
0.000106
0.000109
0.000114
0.000112
0.000102
0.000087
0.000076
0.000068
0.000054
0.000031
0.000001
-0.000023
-0.000034
-0.000029
-0.000010
0.000018
0.000048
0.000076
0.000098
0.000112
0.000117
0.000118
0.000120
0.000125
0.000130
0.000130
0.000124
0.000115
0.000106
0.000099
0.000093
0.000090
0.000088
0.000089
0.000094
0.000107
0.000124
0.000146
0.000166
0.000179
0.000176
0.000159
0.000141
0.000131
0.000127
0.000118
0.000101
0.000083
0.000068
0.000052
0.000038
0.000033
0.000041
0.000057
0.000070
0.000079
0.000085
0.000086
0.000082
0.000076
0.000076
0.000084
0.000096
0.000104
0.000104
0.000092
0.000072
0.000056
0.000053
0.000058
0.000058
0.000046
0.000030
0.000021
0.000025
0.000037
0.000051
0.000062
0.000070
0.000080
0.000094
0.000105
0.000103
0.000085
0.000063
0.000054
0.000062
0.000080
0.000098
0.000108
0.000109
0.000099
0.000084
0.000071
0.000065
0.000065
0.000066
0.000067
0.000069
0.000078
0.000091
0.000105
0.000115
0.000119
0.000114
0.000107
0.000104
0.000112
0.000124
0.000131
0.000129
0.000125
0.000123
0.000120
0.000114
0.000103
0.000093
0.000087
0.000087
0.000095
0.000109
0.000117
0.000107
0.000084
0.000060
0.000044
0.000034
0.000032
0.000039
0.000050
0.000053
0.000045
0.000039
0.000045
0.000057
0.000067
0.000079
0.000104
0.000138
0.000165
0.000177
0.000178
0.000172
0.000163
0.000151
0.000143
0.000143
0.000146
0.000151
0.000154
0.000150
0.000131
0.000105
0.000087
0.000087
0.000096
0.000099
0.000088
0.000067
0.000046
0.000036
0.000048
0.000078
0.000109
0.000121
0.000113
0.000100
0.000091
0.000084
0.000077
0.000073
0.000073
0.000072
0.000064
0.000052
0.000045
0.000050
0.000064
0.000083
0.000103
0.000115
0.000114
0.000104
0.000096
0.000102
0.000120
0.000142
0.000159
0.000171
0.000183
0.000198
0.000206
0.000195
0.000165
0.000131
0.000112
0.000113
0.000122
0.000127
0.000130
0.000137
0.000149
0.000161
0.000167
0.000168
0.000170
0.000175
0.000182
0.000187
0.000187
0.000184
0.000179
0.000171
0.000159
0.000143
0.000124
0.000106
0.000093
0.000084
0.000075
0.000064
0.000054
0.000052
0.000057
0.000061
0.000055
0.000039
0.000022
0.000012
0.000017
0.000035
0.000061
0.000083
0.000096
0.000105
0.000118
0.000134
0.000142
0.000134
0.000111
0.000085
0.000062
0.000047
0.000044
0.000053
0.000067
0.000075
0.000070
0.000055
0.000039
0.000030
0.000032
0.000045
0.000062
0.000075
0.000082
0.000086
0.000091
0.000095
0.000096
0.000094
0.000095
0.000101
0.000110
0.000123
0.000137
0.000147
0.000143
0.000123
0.000096
0.000075
0.000066
0.000063
0.000061
0.000060
0.000064
0.000076
0.000091
0.000105
0.000113
0.000111
0.000097
0.000078
0.000065
0.000063
0.000069
0.000077
0.000080
0.000076
0.000069
0.000057
0.000044
0.000028
0.000015
0.000009
0.000017
0.000039
0.000065
0.000085
0.000094
0.000094
0.000087
0.000074
0.000061
0.000052
0.000047
0.000041
0.000034
0.000038
0.000057
0.000077
0.000081
0.000068
0.000057
0.000061
0.000078
0.000091
0.000095
0.000092
0.000092
0.000095
0.000098
0.000095
0.000083
0.000064
0.000044
0.000029
0.000018
0.000011
0.000007
0.000004
0.000001
0.000003
0.000014
0.000026
0.000027
0.000013
-0.000004
-0.000009
0.000001
0.000016
0.000029
0.000043
0.000062
0.000083
0.000094
0.000092
0.000080
0.000069
0.000073
0.000096
0.000130
0.000160
0.000177
0.000183
0.000184
0.000181
0.000170
0.000155
0.000143
0.000142
0.000147
0.000149
0.000147
0.000145
0.000144
0.000144
0.000143
0.000143
0.000143
0.000140
0.000130
0.000115
0.000097
0.000077
0.000050
0.000019
-0.000006
-0.000015
-0.000012
-0.000005
0.000003
0.000013
0.000027
0.000039
0.000042
0.000032
0.000015
0.000005
0.000011
0.000032
0.000057
0.000079
0.000097
0.000115
0.000134
0.000149
0.000158
0.000158
0.000146
0.000128
0.000113
0.000105
0.000103
0.000105
0.000110
0.000115
0.000113
0.000096
0.000073
0.000063
0.000074
0.000097
0.000122
0.000141
0.000152
0.000152
0.000143
0.000133
0.000131
0.000132
0.000129
0.000122
0.000119
0.000123
0.000132
0.000138
0.000140
0.000138
0.000131
0.000120
0.000110
0.000107
0.000114
0.000130
0.000148
0.000163
0.000175
0.000186
0.000198
0.000203
0.000197
0.000186
0.000181
0.000188
0.000201
0.000208
0.000203
0.000188
0.000171
0.000157
0.000146
0.000135
0.000119
0.000100
0.000086
0.000079
0.000080
0.000082
0.000081
0.000072
0.000057
0.000042
0.000034
0.000033
0.000033
0.000027
0.000019
0.000018
0.000027
0.000040
0.000051
0.000056
0.000056
0.000054
0.000055
0.000063
0.000074
0.000081
0.000080
0.000077
0.000079
0.000089
0.000104
0.000117
0.000125
0.000121
0.000104
0.000077
0.000051
0.000037
0.000034
0.000035
0.000035
0.000037
0.000041
0.000045
0.000051
0.000061
0.000079
0.000097
0.000102
0.000093
0.000078
0.000070
0.000071
0.000069
0.000060
0.000055
0.000068
0.000098
0.000130
0.000147
0.000146
0.000138
0.000126
0.000111
0.000096
0.000084
0.000077
0.000071
0.000068
0.000074
0.000090
0.000107
0.000111
0.000103
0.000091
0.000078
0.000065
0.000052
0.000038
0.000020
-0.000004
-0.000028
-0.000040
-0.000035
-0.000019
0.000000
0.000020
0.000038
0.000050
0.000056
0.000057
0.000052
0.000038
0.000019
0.000008
0.000018
0.000043
0.000070
0.000090
0.000103
0.000109
0.000109
0.000105
0.000095
0.000079
0.000061
0.000051
0.000055
0.000063
0.000060
0.000047
0.000039
0.000044
0.000055
0.000062
0.000066
0.000075
0.000095
0.000124
0.000155
0.000176
0.000178
0.000159
0.000134
0.000116
0.000110
0.000107
0.000101
0.000097
0.000102
0.000115
0.000126
0.000126
0.000113
0.000088
0.000060
0.000039
0.000029
0.000030
0.000039
0.000053
0.000067
0.000076
0.000078
0.000077
0.000079
0.000086
0.000094
0.000099
0.000100
0.000099
0.000098
0.000096
0.000095
0.000092
0.000081
0.000060
0.000031
0.000006
-0.000006
-0.000001
0.000018
0.000048
0.000079
0.000102
0.000111
0.000112
0.000111
0.000112
0.000108
0.000096
0.000078
0.000060
0.000046
0.000034
0.000022
0.000011
0.000004
0.000001
0.000001
-0.000000
-0.000004
-0.000006
-0.000002
0.000008
0.000018
0.000024
0.000027
0.000034
0.000046
0.000063
0.000081
0.000101
0.000121
0.000139
0.000151
0.000152
0.000146
0.000140
0.000140
0.000146
0.000149
0.000146
0.000145
0.000154
0.000172
0.000183
0.000178
0.000159
0.000133
0.000102
0.000070
0.000050
0.000056
0.000084
0.000111
0.000123
0.000130
0.000144
0.000162
0.000171
0.000162
0.000145
0.000128
0.000111
0.000086
0.000059
0.000039
0.000032
0.000032
0.000034
0.000037
0.000041
0.000046
0.000052
0.000057
0.000060
0.000064
0.000072
0.000090
0.000115
0.000136
0.000140
0.000125
0.000103
0.000085
0.000077
0.000077
0.000087
0.000108
0.000136
0.000163
0.000179
0.000179
0.000171
0.000159
0.000147
0.000138
0.000135
0.000140
0.000147
0.000150
0.000149
0.000143
0.000133
0.000119
0.000107
0.000102
0.000106
0.000115
0.000121
0.000123
0.000122
0.000117
0.000108
0.000093
0.000073
0.000055
0.000049
0.000056
0.000068
0.000076
0.000077
0.000071
0.000058
0.000037
0.000021
0.000024
0.000051
0.000089
0.000121
0.000137
0.000136
0.000124
0.000110
0.000100
0.000090
0.000070
0.000041
0.000016
0.000010
0.000021
0.000035
0.000046
0.000061
0.000081
0.000099
0.000106
0.000104
0.000103
0.000103
0.000104
0.000102
0.000099
0.000092
0.000083
0.000079
0.000088
0.000102
0.000107
0.000096
0.000080
0.000064
0.000047
0.000026
0.000008
0.000005
0.000016
0.000033
0.000044
0.000044
0.000025
-0.000010
-0.000046
-0.000063
-0.000053
-0.000026
0.000003
0.000032
0.000062
0.000088
0.000103
0.000108
0.000110
0.000114
0.000122
0.000131
0.000138
0.000136
0.000125
0.000111
0.000100
0.000092
0.000082
0.000070
0.000060
0.000056
0.000054
0.000052
0.000053
0.000064
0.000083
0.000100
0.000107
0.000102
0.000090
0.000081
0.000078
0.000079
0.000079
0.000079
0.000086
0.000105
0.000138
0.000177
0.000206
0.000213
0.000199
0.000178
0.000158
0.000135
0.000103
0.000066
0.000037
0.000023
0.000023
0.000036
0.000056
0.000074
0.000077
0.000067
0.000057
0.000059
0.000068
0.000076
0.000083
0.000097
0.000116
0.000130
0.000134
0.000133
0.000128
0.000117
0.000100
0.000083
0.000072
0.000065
0.000059
0.000059
0.000067
0.000078
0.000082
0.000070
0.000044
0.000013
-0.000012
-0.000025
-0.000025
-0.000012
0.000011
0.000039
0.000067
0.000087
0.000102
0.000114
0.000118
0.000108
0.000087
0.000071
0.000071
0.000083
0.000094
0.000097
0.000093
0.000086
0.000078
0.000070
0.000066
0.000067
0.000073
0.000083
0.000095
0.000103
0.000105
0.000105
0.000104
0.000098
0.000087
0.000076
0.000073
0.000079
0.000087
0.000094
0.000099
0.000103
0.000103
0.000101
0.000105
0.000115
0.000124
0.000124
0.000119
0.000120
0.000130
0.000143
0.000153
0.000162
0.000171
0.000178
0.000171
0.000145
0.000109
0.000078
0.000064
0.000064
0.000073
0.000083
0.000091
0.000096
0.000095
0.000090
0.000083
0.000074
0.000058
0.000035
0.000017
0.000014
0.000030
0.000049
0.000052
0.000034
0.000006
-0.000011
-0.000011
0.000001
0.000015
0.000028
0.000045
0.000065
0.000085
0.000100
0.000115
0.000134
0.000155
0.000167
0.000156
0.000126
0.000089
0.000061
0.000046
0.000040
0.000040
0.000047
0.000058
0.000066
0.000066
0.000059
0.000054
0.000063
0.000087
0.000123
0.000159
0.000181
0.000182
0.000165
0.000139
0.000116
0.000100
0.000096
0.000108
0.000135
0.000167
0.000191
0.000200
0.000192
0.000170
0.000140
0.000114
0.000102
0.000104
0.000110
0.000106
0.000094
0.000086
0.000091
0.000107
0.000126
0.000144
0.000158
0.000164
0.000157
0.000140
0.000124
0.000115
0.000108
0.000095
0.000079
0.000065
0.000057
0.000049
0.000036
0.000021
0.000006
-0.000009
-0.000031
-0.000052
-0.000060
-0.000044
-0.000008
0.000032
0.000064
0.000080
0.000087
0.000093
0.000105
0.000125
0.000150
0.000172
0.000184
0.000184
0.000176
0.000162
0.000145
0.000128
0.000114
0.000103
0.000094
0.000085
0.000078
0.000074
0.000072
0.000067
0.000059
0.000053
0.000052
0.000054
0.000055
0.000055
0.000059
0.000067
0.000073
0.000070
0.000058
0.000042
0.000035
0.000042
0.000054
0.000060
0.000054
0.000045
0.000035
0.000025
0.000011
0.000001
0.000003
0.000016
0.000031
0.000040
0.000044
0.000046
0.000051
0.000061
0.000076
0.000090
0.000094
0.000088
0.000079
0.000074
0.000074
0.000077
0.000076
0.000069
0.000057
0.000048
0.000048
0.000058
0.000064
0.000054
0.000032
0.000015
0.000015
0.000033
0.000057
0.000074
0.000079
0.000074
0.000061
0.000043
0.000022
0.000003
-0.000005
0.000005
0.000028
0.000052
0.000068
0.000079
0.000088
0.000090
0.000080
0.000063
0.000049
0.000049
0.000060
0.000072
0.000077
0.000070
0.000058
0.000050
0.000050
0.000059
0.000069
0.000078
0.000089
0.000105
0.000121
0.000130
0.000130
0.000124
0.000116
0.000110
0.000107
0.000110
0.000116
0.000125
0.000137
0.000151
0.000163
0.000168
0.000172
0.000181
0.000197
0.000211
0.000213
0.000200
0.000176
0.000150
0.000132
0.000127
0.000129
0.000129
0.000122
0.000110
0.000098
0.000084
0.000072
0.000068
0.000075
0.000085
0.000087
0.000081
0.000075
0.000068
0.000057
0.000041
0.000029
0.000027
0.000030
0.000035
0.000043
0.000054
0.000060
0.000054
0.000045
0.000052
0.000078
0.000110
0.000130
0.000136
0.000134
0.000134
0.000140
0.000148
0.000152
0.000150
0.000142
0.000131
0.000121
0.000112
0.000106
0.000107
0.000114
0.000123
0.000127
0.000120
0.000104
0.000085
0.000068
0.000058
0.000055
0.000056
0.000061
0.000072
0.000087
0.000104
0.000116
0.000115
0.000102
0.000081
0.000059
0.000039
0.000018
-0.000006
-0.000024
-0.000028
-0.000014
0.000010
0.000031
0.000045
0.000052
0.000060
0.000070
0.000082
0.000092
0.000095
0.000087
0.000070
0.000050
0.000031
0.000016
0.000009
0.000013
0.000030
0.000049
0.000057
0.000049
0.000032
0.000022
0.000021
0.000023
0.000023
0.000021
0.000023
0.000028
0.000034
0.000038
0.000041
0.000042
0.000037
0.000026
0.000017
0.000017
0.000027
0.000042
0.000060
0.000078
0.000089
0.000088
0.000081
0.000083
0.000100
0.000127
0.000148
0.000156
0.000153
0.000140
0.000119
0.000094
0.000070
0.000050
0.000036
0.000024
0.000016
0.000007
-0.000007
-0.000025
-0.000039
-0.000041
-0.000029
-0.000006
0.000021
0.000048
0.000067
0.000072
0.000064
0.000055
0.000055
0.000065
0.000082
0.000106
0.000133
0.000155
0.000163
0.000157
0.000149
0.000150
0.000161
0.000180
0.000201
0.000221
0.000236
0.000238
0.000226
0.000201
0.000170
0.000140
0.000116
0.000101
0.000094
0.000094
0.000096
0.000095
0.000091
0.000089
0.000096
0.000113
0.000128
0.000130
0.000116
0.000095
0.000081
0.000082
0.000093
0.000104
0.000110
0.000110
0.000107
0.000104
0.000109
0.000125
0.000143
0.000149
0.000135
0.000107
0.000077
0.000054
0.000041
0.000037
0.000039
0.000043
0.000044
0.000040
0.000036
0.000037
0.000044
0.000056
0.000071
0.000084
0.000093
0.000093
0.000079
0.000048
0.000009
-0.000022
-0.000031
-0.000018
0.000003
0.000020
0.000034
0.000049
0.000063
0.000072
0.000078
0.000083
0.000087
0.000088
0.000085
0.000079
0.000073
0.000064
0.000051
0.000036
0.000021
0.000003
-0.000016
-0.000029
-0.000027
-0.000009
0.000012
0.000026
0.000035
0.000041
0.000046
0.000044
0.000035
0.000029
0.000031
0.000035
0.000037
0.000039
0.000047
0.000059
0.000070
0.000074
0.000071
0.000063
0.000049
0.000036
0.000030
0.000033
0.000040
0.000046
0.000054
0.000066
0.000078
0.000081
0.000074
0.000063
0.000060
0.000067
0.000082
0.000100
0.000119
0.000136
0.000148
0.000150
0.000137
0.000107
0.000068
0.000034
0.000018
0.000018
0.000024
0.000029
0.000033
0.000039
0.000043
0.000042
0.000040
0.000042
0.000046
0.000044
0.000031
0.000013
0.000003
0.000004
0.000016
0.000036
0.000062
0.000087
0.000106
0.000119
0.000130
0.000136
0.000129
0.000107
0.000083
0.000070
0.000071
0.000074
0.000075
0.000077
0.000084
0.000092
0.000095
0.000093
0.000093
0.000097
0.000102
0.000106
0.000109
0.000107
0.000102
0.000102
0.000114
0.000137
0.000159
0.000168
0.000163
0.000149
0.000133
0.000122
0.000117
0.000118
0.000117
0.000114
0.000111
0.000113
0.000115
0.000109
0.000090
0.000069
0.000058
0.000058
0.000063
0.000069
0.000075
0.000079
0.000079
0.000080
0.000087
0.000101
0.000116
0.000131
0.000146
0.000162
0.000172
0.000168
0.000150
0.000127
0.000109
0.000098
0.000090
0.000085
0.000084
0.000088
0.000093
0.000096
0.000098
0.000100
0.000103
0.000104
0.000106
0.000111
0.000118
0.000122
0.000119
0.000118
0.000128
0.000149
0.000171
0.000185
0.000189
0.000185
0.000180
0.000183
0.000198
0.000217
0.000223
0.000206
0.000177
0.000152
0.000142
0.000146
0.000156
0.000167
0.000170
0.000160
0.000142
0.000128
0.000126
0.000128
0.000126
0.000116
0.000105
0.000099
0.000095
0.000093
0.000093
0.000094
0.000095
0.000096
0.000098
0.000105
0.000114
0.000122
0.000129
0.000138
0.000150
0.000159
0.000161
0.000153
0.000137
0.000118
0.000098
0.000079
0.000060
0.000039
0.000020
0.000012
0.000020
0.000038
0.000054
0.000060
0.000057
0.000054
0.000056
0.000066
0.000081
0.000097
0.000110
0.000122
0.000135
0.000145
0.000142
0.000127
0.000110
0.000103
0.000108
0.000120
0.000138
0.000156
0.000169
0.000174
0.000173
0.000175
0.000180
0.000182
0.000177
0.000165
0.000151
0.000136
0.000119
0.000102
0.000090
0.000086
0.000087
0.000085
0.000079
0.000077
0.000082
0.000091
0.000094
0.000088
0.000081
0.000081
0.000083
0.000080
0.000067
0.000051
0.000039
0.000032
0.000027
0.000026
0.000029
0.000037
0.000049
0.000064
0.000083
0.000097
0.000097
0.000083
0.000061
0.000040
0.000023
0.000012
0.000012
0.000027
0.000052
0.000071
0.000074
0.000065
0.000056
0.000052
0.000051
0.000048
0.000047
0.000048
0.000047
0.000043
0.000042
0.000049
0.000062
0.000073
0.000078
0.000076
0.000070
0.000059
0.000048
0.000043
0.000046
0.000051
0.000055
0.000058
0.000058
0.000053
0.000041
0.000029
0.000031
0.000048
0.000068
0.000077
0.000076
0.000076
0.000091
0.000119
0.000149
0.000172
0.000190
0.000205
0.000214
0.000213
0.000205
0.000195
0.000182
0.000160
0.000131
0.000106
0.000088
0.000076
0.000065
0.000056
0.000056
0.000064
0.000074
0.000080
0.000076
0.000068
0.000063
0.000071
0.000088
0.000098
0.000094
0.000084
0.000077
0.000074
0.000064
0.000049
0.000040
0.000041
0.000049
0.000057
0.000062
0.000059
0.000046
0.000026
0.000010
0.000007
0.000013
0.000026
0.000048
0.000076
0.000102
0.000115
0.000116
0.000114
0.000112
0.000110
0.000104
0.000095
0.000086
0.000078
0.000076
0.000078
0.000081
0.000084
0.000091
0.000107
0.000124
0.000128
0.000112
0.000083
0.000058
0.000043
0.000038
0.000037
0.000040
0.000048
0.000062
0.000081
0.000100
0.000110
0.000105
0.000094
0.000089
0.000092
0.000094
0.000083
0.000062
0.000044
0.000037
0.000037
0.000041
0.000045
0.000047
0.000043
0.000031
0.000020
0.000016
0.000020
0.000029
0.000039
0.000050
0.000063
0.000079
0.000103
0.000132
0.000157
0.000170
0.000167
0.000159
0.000155
0.000159
0.000164
0.000163
0.000153
0.000138
0.000124
0.000114
0.000108
0.000103
0.000099
0.000095
0.000092
0.000090
0.000090
0.000094
0.000104
0.000115
0.000123
0.000125
0.000125
0.000126
0.000127
0.000123
0.000111
0.000098
0.000092
0.000098
0.000118
0.000145
0.000167
0.000173
0.000159
0.000136
0.000120
0.000117
0.000121
0.000120
0.000115
0.000110
0.000112
0.000121
0.000133
0.000142
0.000141
0.000129
0.000118
0.000120
0.000136
0.000156
0.000166
0.000164
0.000153
0.000138
0.000118
0.000097
0.000081
0.000069
0.000058
0.000048
0.000042
0.000043
0.000052
0.000066
0.000084
0.000101
0.000106
0.000095
0.000075
0.000055
0.000040
0.000026
0.000014
0.000010
0.000017
0.000032
0.000047
0.000060
0.000068
0.000068
0.000059
0.000046
0.000035
0.000032
0.000034
0.000037
0.000045
0.000063
0.000085
0.000101
0.000103
0.000092
0.000076
0.000059
0.000048
0.000047
0.000054
0.000061
0.000064
0.000065
0.000063
0.000055
0.000039
0.000019
0.000006
0.000004
0.000007
0.000010
0.000012
0.000020
0.000037
0.000059
0.000074
0.000078
0.000075
0.000078
0.000095
0.000118
0.000134
0.000138
0.000132
0.000125
0.000114
0.000098
0.000079
0.000063
0.000053
0.000050
0.000052
0.000052
0.000046
0.000036
0.000029
0.000032
0.000039
0.000041
0.000032
0.000022
0.000024
0.000040
0.000060
0.000077
0.000091
0.000107
0.000125
0.000140
0.000147
0.000148
0.000147
0.000151
0.000154
0.000147
0.000126
0.000099
0.000078
0.000065
0.000056
0.000045
0.000039
0.000046
0.000061
0.000075
0.000083
0.000089
0.000101
0.000113
0.000117
0.000114
0.000109
0.000103
0.000095
0.000085
0.000077
0.000075
0.000079
0.000085
0.000090
0.000095
0.000100
0.000105
0.000111
0.000117
0.000119
0.000114
0.000105
0.000098
0.000098
0.000102
0.000108
0.000117
0.000127
0.000135
0.000132
0.000119
0.000098
0.000074
0.000053
0.000045
0.000054
0.000074
0.000090
0.000091
0.000084
0.000075
0.000070
0.000064
0.000057
0.000055
0.000058
0.000065
0.000072
0.000079
0.000086
0.000091
0.000095
0.000098
0.000101
0.000103
0.000102
0.000108
0.000125
0.000151
0.000171
0.000174
0.000166
0.000155
0.000143
0.000127
0.000112
0.000103
0.000105
0.000108
0.000106
0.000095
0.000078
0.000056
0.000034
0.000019
0.000016
0.000025
0.000038
0.000048
0.000055
0.000062
0.000072
0.000085
0.000097
0.000105
0.000104
0.000095
0.000079
0.000060
0.000047
0.000046
0.000055
0.000069
0.000085
0.000096
0.000101
0.000096
0.000088
0.000084
0.000086
0.000088
0.000089
0.000091
0.000100
0.000116
0.000134
0.000154
0.000175
0.000190
0.000193
0.000183
0.000165
0.000148
0.000134
0.000126
0.000123
0.000117
0.000105
0.000094
0.000096
0.000112
0.000133
0.000149
0.000159
0.000162
0.000156
0.000142
0.000128
0.000125
0.000131
0.000139
0.000143
0.000142
0.000138
0.000130
0.000122
0.000116
0.000109
0.000097
0.000081
0.000064
0.000050
0.000039
0.000034
0.000033
0.000030
0.000019
0.000005
-0.000006
-0.000012
-0.000014
-0.000010
0.000007
0.000031
0.000043
0.000032
0.000004
-0.000028
-0.000055
-0.000073
-0.000078
-0.000070
-0.000056
-0.000039
-0.000021
-0.000004
0.000006
0.000008
0.000018
0.000046
0.000084
0.000112
0.000120
0.000114
0.000103
0.000087
0.000070
0.000058
0.000062
0.000080
0.000098
0.000107
0.000104
0.000093
0.000081
0.000071
0.000064
0.000059
0.000058
0.000062
0.000070
0.000078
0.000088
0.000101
0.000115
0.000124
0.000126
0.000122
0.000115
0.000108
0.000104
0.000103
0.000100
0.000090
0.000076
0.000064
0.000054
0.000042
0.000026
0.000012
0.000004
-0.000002
-0.000006
-0.000002
0.000015
0.000043
0.000073
0.000097
0.000114
0.000124
0.000126
0.000125
0.000128
0.000138
0.000151
0.000159
0.000158
0.000148
0.000134
0.000123
0.000111
0.000096
0.000079
0.000068
0.000066
0.000069
0.000070
0.000072
0.000077
0.000085
0.000090
0.000091
0.000091
0.000093
0.000091
0.000083
0.000070
0.000057
0.000048
0.000046
0.000051
0.000065
0.000086
0.000109
0.000129
0.000136
0.000129
0.000113
0.000097
0.000086
0.000079
0.000071
0.000060
0.000048
0.000039
0.000037
0.000044
0.000054
0.000062
0.000064
0.000060
0.000051
0.000042
0.000036
0.000035
0.000038
0.000043
0.000054
0.000071
0.000091
0.000104
0.000107
0.000104
0.000095
0.000075
0.000046
0.000021
0.000009
0.000007
-0.000001
-0.000022
-0.000049
-0.000067
-0.000069
-0.000061
-0.000048
-0.000033
-0.000015
0.000003
0.000017
0.000028
0.000042
0.000055
0.000060
0.000056
0.000049
0.000050
0.000062
0.000076
0.000082
0.000074
0.000053
0.000028
0.000010
0.000003
0.000005
0.000014
0.000026
0.000034
0.000032
0.000021
0.000015
0.000021
0.000034
0.000046
0.000056
0.000071
0.000088
0.000098
0.000098
0.000097
0.000100
0.000106
0.000113
0.000118
0.000117
0.000105
0.000087
0.000074
0.000069
0.000060
0.000040
0.000018
0.000005
0.000005
0.000015
0.000029
0.000043
0.000048
0.000044
0.000039
0.000043
0.000046
0.000038
0.000018
-0.000003
-0.000017
-0.000029
-0.000040
-0.000046
-0.000039
-0.000023
-0.000005
0.000008
0.000015
0.000020
0.000030
0.000052
0.000081
0.000105
0.000116
0.000115
0.000109
0.000104
0.000107
0.000118
0.000131
0.000132
0.000120
0.000102
0.000088
0.000082
0.000085
0.000096
0.000114
0.000132
0.000142
0.000146
0.000151
0.000160
0.000173
0.000183
0.000181
0.000161
0.000127
0.000093
0.000072
0.000064
0.000062
0.000061
0.000058
0.000055
0.000049
0.000043
0.000040
0.000041
0.000045
0.000051
0.000060
0.000069
0.000078
0.000087
0.000095
0.000101
0.000102
0.000095
0.000088
0.000086
0.000091
0.000098
0.000103
0.000102
0.000096
0.000087
0.000082
0.000082
0.000087
0.000093
0.000097
0.000099
0.000102
0.000103
0.000101
0.000095
0.000085
0.000072
0.000059
0.000052
0.000055
0.000068
0.000085
0.000099
0.000108
0.000116
0.000123
0.000126
0.000127
0.000132
0.000141
0.000147
0.000145
0.000137
0.000133
0.000137
0.000142
0.000138
0.000125
0.000112
0.000107
0.000108
0.000106
0.000095
0.000081
0.000070
0.000066
0.000063
0.000057
0.000048
0.000042
0.000048
0.000067
0.000092
0.000111
0.000116
0.000110
0.000105
0.000104
0.000106
0.000106
0.000103
0.000096
0.000084
0.000072
0.000065
0.000066
0.000068
0.000066
0.000059
0.000053
0.000050
0.000046
0.000041
0.000035
0.000031
0.000031
0.000035
0.000041
0.000042
0.000029
0.000005
-0.000017
-0.000027
-0.000024
-0.000016
-0.000008
-0.000003
-0.000002
-0.000001
0.000005
0.000022
0.000046
0.000067
0.000075
0.000071
0.000064
0.000067
0.000085
0.000112
0.000138
0.000152
0.000148
0.000128
0.000102
0.000080
0.000071
0.000074
0.000077
0.000074
0.000065
0.000056
0.000049
0.000040
0.000029
0.000016
0.000006
0.000004
0.000015
0.000040
0.000074
0.000104
0.000121
0.000127
0.000123
0.000110
0.000087
0.000064
0.000049
0.000047
0.000049
0.000049
0.000049
0.000056
0.000070
0.000087
0.000098
0.000099
0.000093
0.000091
0.000101
0.000121
0.000139
0.000146
0.000146
0.000143
0.000138
0.000128
0.000112
0.000095
0.000080
0.000068
0.000064
0.000076
0.000097
0.000112
0.000114
0.000112
0.000120
0.000134
0.000139
0.000128
0.000109
0.000095
0.000088
0.000082
0.000071
0.000055
0.000034
0.000013
-0.000005
-0.000013
-0.000011
-0.000008
-0.000013
-0.000025
-0.000037
-0.000035
-0.000017
0.000010
0.000035
0.000050
0.000052
0.000047
0.000042
0.000045
0.000056
0.000069
0.000075
0.000075
0.000071
0.000066
0.000060
0.000054
0.000054
0.000059
0.000065
0.000062
0.000049
0.000033
0.000027
0.000031
0.000038
0.000040
0.000035
0.000029
0.000023
0.000014
0.000004
-0.000000
0.000003
0.000006
0.000003
0.000000
0.000006
0.000015
0.000013
-0.000005
-0.000027
-0.000037
-0.000036
-0.000032
-0.000033
-0.000033
-0.000029
-0.000019
-0.000008
0.000001
0.000009
0.000015
0.000018
0.000019
0.000022
0.000027
0.000029
0.000023
0.000010
-0.000004
-0.000012
-0.000014
-0.000014
-0.000014
-0.000013
-0.000008
0.000002
0.000012
0.000021
0.000028
0.000040
0.000059
0.000085
0.000109
0.000127
0.000136
0.000141
0.000137
0.000122
0.000099
0.000083
0.000083
0.000096
0.000112
0.000124
0.000132
0.000136
0.000134
0.000127
0.000116
0.000103
0.000090
0.000076
0.000060
0.000043
0.000032
0.000034
0.000050
0.000076
0.000104
0.000126
0.000136
0.000128
0.000106
0.000085
0.000076
0.000077
0.000079
0.000074
0.000061
0.000042
0.000023
0.000014
0.000020
0.000038
0.000053
0.000059
0.000064
0.000082
0.000111
0.000137
0.000150
0.000147
0.000137
0.000127
0.000117
0.000108
0.000100
0.000088
0.000070
0.000048
0.000030
0.000028
0.000041
0.000054
0.000054
0.000047
0.000046
0.000062
0.000087
0.000109
0.000124
0.000131
0.000130
0.000119
0.000103
0.000092
0.000087
0.000085
0.000082
0.000086
0.000103
0.000132
0.000159
0.000172
0.000167
0.000151
0.000134
0.000120
0.000112
0.000110
0.000114
0.000122
0.000126
0.000122
0.000110
0.000099
0.000094
0.000097
0.000104
0.000110
0.000111
0.000102
0.000082
0.000058
0.000039
0.000035
0.000049
0.000075
0.000105
0.000133
0.000152
0.000164
0.000170
0.000173
0.000171
0.000161
0.000145
0.000128
0.000115
0.000111
0.000116
0.000125
0.000136
0.000150
0.000166
0.000183
0.000195
0.000197
0.000190
0.000175
0.000156
0.000136
0.000119
0.000110
0.000107
0.000103
0.000097
0.000092
0.000090
0.000089
0.000091
0.000099
0.000112
0.000119
0.000113
0.000102
0.000100
0.000110
0.000121
0.000127
0.000128
0.000127
0.000121
0.000107
0.000086
0.000063
0.000042
0.000031
0.000035
0.000049
0.000059
0.000058
0.000057
0.000066
0.000086
0.000105
0.000117
0.000126
0.000138
0.000148
0.000154
0.000157
0.000161
0.000165
0.000164
0.000154
0.000139
0.000127
0.000121
0.000123
0.000132
0.000145
0.000160
0.000172
0.000175
0.000163
0.000140
0.000117
0.000105
0.000110
0.000126
0.000146
0.000157
0.000153
0.000137
0.000117
0.000101
0.000090
0.000082
0.000078
0.000079
0.000084
0.000088
0.000090
0.000090
0.000095
0.000107
0.000121
0.000126
0.000118
0.000104
0.000092
0.000086
0.000080
0.000072
0.000066
0.000064
0.000066
0.000064
0.000057
0.000046
0.000040
0.000042
0.000052
0.000062
0.000066
0.000066
0.000064
0.000062
0.000058
0.000054
0.000055
0.000060
0.000062
0.000055
0.000045
0.000041
0.000047
0.000056
0.000062
0.000066
0.000073
0.000085
0.000100
0.000112
0.000118
0.000119
0.000116
0.000110
0.000102
0.000099
0.000106
0.000118
0.000124
0.000121
0.000117
0.000116
0.000118
0.000116
0.000108
0.000095
0.000076
0.000053
0.000035
0.000027
0.000029
0.000034
0.000041
0.000050
0.000065
0.000085
0.000107
0.000123
0.000128
0.000118
0.000099
0.000081
0.000070
0.000064
0.000063
0.000068
0.000074
0.000077
0.000079
0.000088
0.000106
0.000128
0.000142
0.000145
0.000136
0.000120
0.000098
0.000077
0.000068
0.000078
0.000101
0.000124
0.000133
0.000122
0.000097
0.000068
0.000047
0.000037
0.000034
0.000032
0.000026
0.000021
0.000026
0.000044
0.000067
0.000090
0.000114
0.000139
0.000158
0.000164
0.000159
0.000152
0.000145
0.000134
0.000118
0.000103
0.000087
0.000067
0.000046
0.000038
0.000047
0.000060
0.000063
0.000059
0.000059
0.000065
0.000069
0.000069
0.000072
0.000077
0.000076
0.000062
0.000037
0.000012
-0.000002
0.000001
0.000020
0.000046
0.000074
0.000105
0.000135
0.000157
0.000163
0.000160
0.000160
0.000165
0.000166
0.000159
0.000149
0.000143
0.000141
0.000141
0.000146
0.000162
0.000182
0.000203
0.000222
0.000240
0.000255
0.000261
0.000255
0.000242
0.000226
0.000208
0.000191
0.000176
0.000166
0.000164
0.000169
0.000178
0.000181
0.000173
0.000154
0.000130
0.000104
0.000080
0.000062
0.000050
0.000048
0.000056
0.000071
0.000086
0.000097
0.000103
0.000108
0.000111
0.000108
0.000101
0.000100
0.000109
0.000121
0.000129
0.000131
0.000130
0.000123
0.000112
0.000104
0.000102
0.000100
0.000088
0.000070
0.000054
0.000044
0.000039
0.000038
0.000045
0.000054
0.000059
0.000061
0.000070
0.000085
0.000095
0.000099
0.000106
0.000119
0.000129
0.000127
0.000120
0.000122
0.000130
0.000130
0.000118
0.000105
0.000101
0.000104
0.000107
0.000109
0.000106
0.000096
0.000078
0.000062
0.000054
0.000056
0.000065
0.000077
0.000088
0.000096
0.000102
0.000104
0.000099
0.000088
0.000077
0.000077
0.000086
0.000096
0.000094
0.000081
0.000062
0.000039
0.000013
-0.000011
-0.000028
-0.000033
-0.000029
-0.000020
-0.000006
0.000016
0.000045
0.000071
0.000087
0.000097
0.000106
0.000115
0.000123
0.000130
0.000138
0.000146
0.000148
0.000140
0.000126
0.000116
0.000116
0.000120
0.000124
0.000127
0.000133
0.000137
0.000133
0.000120
0.000106
0.000102
0.000109
0.000120
0.000125
0.000123
0.000119
0.000119
0.000121
0.000121
0.000117
0.000111
0.000104
0.000098
0.000095
0.000098
0.000105
0.000112
0.000114
0.000115
0.000114
0.000112
0.000111
0.000114
0.000122
0.000136
0.000152
0.000166
0.000172
0.000168
0.000154
0.000138
0.000123
0.000111
0.000098
0.000086
0.000081
0.000089
0.000110
0.000135
0.000154
0.000160
0.000155
0.000149
0.000149
0.000156
0.000162
0.000156
0.000139
0.000121
0.000113
0.000119
0.000134
0.000152
0.000166
0.000174
0.000177
0.000177
0.000176
0.000176
0.000174
0.000166
0.000152
0.000135
0.000119
0.000101
0.000084
0.000071
0.000066
0.000071
0.000079
0.000086
0.000087
0.000082
0.000070
0.000053
0.000038
0.000031
0.000036
0.000045
0.000052
0.000051
0.000046
0.000045
0.000051
0.000058
0.000060
0.000054
0.000047
0.000047
0.000055
0.000062
0.000063
0.000059
0.000059
0.000070
0.000096
0.000128
0.000154
0.000166
0.000165
0.000156
0.000140
0.000114
0.000082
0.000058
0.000055
0.000070
0.000090
0.000104
0.000112
0.000117
0.000121
0.000125
0.000128
0.000127
0.000121
0.000110
0.000100
0.000091
0.000077
0.000061
0.000051
0.000052
0.000056
0.000054
0.000049
0.000052
0.000068
0.000085
0.000090
0.000079
0.000056
0.000032
0.000020
0.000024
0.000042
0.000060
0.000068
0.000065
0.000057
0.000047
0.000032
0.000015
0.000006
0.000011
0.000027
0.000046
0.000063
0.000075
0.000080
0.000085
0.000092
0.000102
0.000105
0.000099
0.000092
0.000093
0.000101
0.000108
0.000111
0.000110
0.000106
0.000099
0.000090
0.000079
0.000066
0.000051
0.000039
0.000034
0.000036
0.000043
0.000052
0.000067
0.000090
0.000114
0.000126
0.000116
0.000086
0.000050
0.000021
0.000008
0.000008
0.000014
0.000020
0.000024
0.000028
0.000031
0.000030
0.000024
0.000022
0.000030
0.000044
0.000053
0.000053
0.000053
0.000067
0.000099
0.000136
0.000161
0.000167
0.000158
0.000146
0.000137
0.000129
0.000116
0.000101
0.000088
0.000082
0.000079
0.000071
0.000055
0.000032
0.000013
0.000002
-0.000000
-0.000001
-0.000003
-0.000007
-0.000008
-0.000005
0.000004
0.000018
0.000033
0.000042
0.000041
0.000039
0.000047
0.000067
0.000087
0.000096
0.000099
0.000108
0.000130
0.000159
0.000180
0.000183
0.000167
0.000135
0.000098
0.000068
0.000052
0.000049
0.000051
0.000055
0.000065
0.000087
0.000115
0.000136
0.000138
0.000123
0.000103
0.000090
0.000088
0.000091
0.000094
0.000097
0.000101
0.000104
0.000104
0.000105
0.000114
0.000128
0.000139
0.000139
0.000127
0.000109
0.000095
0.000093
0.000105
0.000130
0.000157
0.000171
0.000167
0.000153
0.000139
0.000133
0.000134
0.000137
0.000140
0.000140
0.000135
0.000125
0.000116
0.000112
0.000110
0.000101
0.000080
0.000052
0.000023
-0.000001
-0.000022
-0.000042
-0.000057
-0.000058
-0.000039
-0.000004
0.000037
0.000077
0.000111
0.000134
0.000144
0.000143
0.000140
0.000143
0.000153
0.000157
0.000149
0.000132
0.000117
0.000110
0.000110
0.000112
0.000114
0.000119
0.000128
0.000137
0.000142
0.000136
0.000120
0.000097
0.000074
0.000059
0.000060
0.000073
0.000085
0.000084
0.000076
0.000075
0.000086
0.000101
0.000104
0.000095
0.000085
0.000083
0.000092
0.000106
0.000120
0.000125
0.000116
0.000095
0.000072
0.000050
0.000031
0.000020
0.000023
0.000038
0.000049
0.000047
0.000034
0.000025
0.000032
0.000049
0.000063
0.000067
0.000065
0.000067
0.000077
0.000096
0.000116
0.000131
0.000137
0.000131
0.000117
0.000101
0.000092
0.000092
0.000095
0.000093
0.000083
0.000070
0.000061
0.000061
0.000071
0.000087
0.000100
0.000100
0.000091
0.000082
0.000079
0.000078
0.000071
0.000059
0.000049
0.000044
0.000042
0.000043
0.000053
0.000072
0.000095
0.000112
0.000121
0.000127
0.000131
0.000130
0.000124
0.000113
0.000103
0.000090
0.000076
0.000065
0.000063
0.000075
0.000097
0.000122
0.000145
0.000162
0.000173
0.000172
0.000156
0.000127
0.000094
0.000068
0.000054
0.000048
0.000046
0.000047
0.000054
0.000068
0.000084
0.000094
0.000096
0.000090
0.000077
0.000062
0.000057
0.000070
0.000096
0.000119
0.000130
0.000129
0.000126
0.000124
0.000118
0.000109
0.000103
0.000106
0.000115
0.000122
0.000123
0.000120
0.000117
0.000117
0.000118
0.000115
0.000106
0.000093
0.000079
0.000066
0.000054
0.000048
0.000051
0.000065
0.000087
0.000110
0.000129
0.000142
0.000150
0.000154
0.000158
0.000163
0.000167
0.000166
0.000152
0.000126
0.000095
0.000069
0.000049
0.000031
0.000016
0.000005
0.000004
0.000012
0.000025
0.000038
0.000049
0.000059
0.000071
0.000084
0.000091
0.000089
0.000084
0.000083
0.000089
0.000098
0.000103
0.000103
0.000097
0.000084
0.000067
0.000050
0.000043
0.000044
0.000052
0.000059
0.000062
0.000059
0.000054
0.000052
0.000055
0.000057
0.000051
0.000040
0.000035
0.000043
0.000061
0.000078
0.000088
0.000091
0.000089
0.000086
0.000082
0.000078
0.000075
0.000072
0.000071
0.000072
0.000077
0.000088
0.000101
0.000115
0.000120
0.000111
0.000086
0.000056
0.000037
0.000042
0.000068
0.000098
0.000112
0.000105
0.000085
0.000066
0.000051
0.000035
0.000020
0.000016
0.000034
0.000070
0.000107
0.000134
0.000152
0.000167
0.000179
0.000185
0.000183
0.000175
0.000163
0.000148
0.000132
0.000120
0.000113
0.000111
0.000113
0.000117
0.000124
0.000130
0.000130
0.000119
0.000100
0.000082
0.000074
0.000073
0.000068
0.000053
0.000030
0.000012
0.000006
0.000009
0.000015
0.000020
0.000023
0.000027
0.000034
0.000046
0.000062
0.000077
0.000088
0.000095
0.000099
0.000101
0.000102
0.000103
0.000107
0.000114
0.000124
0.000137
0.000152
0.000167
0.000176
0.000177
0.000171
0.000161
0.000152
0.000149
0.000153
0.000158
0.000153
0.000135
0.000111
0.000092
0.000083
0.000079
0.000073
0.000066
0.000061
0.000059
0.000059
0.000058
0.000054
0.000050
0.000046
0.000042
0.000041
0.000041
0.000042
0.000039
0.000027
0.000008
-0.000011
-0.000020
-0.000011
0.000014
0.000044
0.000071
0.000089
0.000098
0.000098
0.000089
0.000072
0.000052
0.000038
0.000040
0.000054
0.000075
0.000091
0.000098
0.000099
0.000100
0.000105
0.000115
0.000126
0.000135
0.000140
0.000139
0.000130
0.000113
0.000095
0.000082
0.000079
0.000085
0.000091
0.000095
0.000096
0.000098
0.000101
0.000104
0.000106
0.000104
0.000102
0.000098
0.000089
0.000072
0.000050
0.000031
0.000020
0.000014
0.000005
-0.000002
0.000006
0.000033
0.000068
0.000093
0.000099
0.000091
0.000075
0.000054
0.000034
0.000024
0.000028
0.000043
0.000059
0.000074
0.000090
0.000110
0.000129
0.000142
0.000147
0.000150
0.000155
0.000160
0.000157
0.000142
0.000121
0.000102
0.000088
0.000078
0.000072
0.000074
0.000083
0.000095
0.000105
0.000113
0.000119
0.000123
0.000120
0.000110
0.000094
0.000076
0.000063
0.000062
0.000072
0.000086
0.000093
0.000088
0.000073
0.000052
0.000032
0.000021
0.000021
0.000030
0.000036
0.000031
0.000017
0.000006
0.000007
0.000022
0.000042
0.000060
0.000071
0.000074
0.000069
0.000063
0.000065
0.000077
0.000094
0.000106
0.000106
0.000099
0.000092
0.000092
0.000098
0.000105
0.000108
0.000103
0.000091
0.000079
0.000068
0.000060
0.000058
0.000065
0.000081
0.000100
0.000113
0.000117
0.000113
0.000100
0.000077
0.000049
0.000027
0.000014
0.000009
0.000013
0.000028
0.000049
0.000058
0.000048
0.000030
0.000021
0.000026
0.000035
0.000041
0.000048
0.000056
0.000065
0.000074
0.000081
0.000088
0.000090
0.000083
0.000073
0.000067
0.000069
0.000073
0.000068
0.000049
0.000019
-0.000009
-0.000027
-0.000035
-0.000036
-0.000037
-0.000035
-0.000030
-0.000023
-0.000016
-0.000015
-0.000022
-0.000034
-0.000044
-0.000044
-0.000033
-0.000018
-0.000009
-0.000006
-0.000005
0.000000
0.000009
0.000018
0.000020
0.000014
0.000006
0.000003
0.000010
0.000020
0.000024
0.000020
0.000018
0.000024
0.000034
0.000036
0.000028
0.000023
0.000032
0.000055
0.000083
0.000102
0.000108
0.000104
0.000094
0.000082
0.000076
0.000080
0.000094
0.000111
0.000117
0.000109
0.000095
0.000083
0.000073
0.000066
0.000066
0.000077
0.000089
0.000083
0.000056
0.000027
0.000014
0.000019
0.000030
0.000041
0.000050
0.000055
0.000056
0.000057
0.000069
0.000091
0.000110
0.000116
0.000109
0.000095
0.000080
0.000070
0.000069
0.000081
0.000098
0.000111
0.000114
0.000106
0.000093
0.000083
0.000084
0.000097
0.000114
0.000122
0.000116
0.000099
0.000081
0.000071
0.000068
0.000059
0.000037
0.000006
-0.000017
-0.000021
-0.000014
-0.000007
-0.000001
0.000006
0.000012
0.000014
0.000015
0.000024
0.000042
0.000065
0.000084
0.000093
0.000090
0.000079
0.000069
0.000063
0.000059
0.000051
0.000046
0.000051
0.000067
0.000084
0.000097
0.000112
0.000131
0.000148
0.000151
0.000142
0.000130
0.000120
0.000113
0.000109
0.000107
0.000106
0.000107
0.000113
0.000125
0.000137
0.000139
0.000130
0.000117
0.000109
0.000105
0.000102
0.000099
0.000099
0.000101
0.000103
0.000104
0.000102
0.000098
0.000092
0.000085
0.000077
0.000066
0.000056
0.000054
0.000063
0.000079
0.000095
0.000106
0.000108
0.000101
0.000092
0.000088
0.000089
0.000088
0.000081
0.000072
0.000065
0.000060
0.000054
0.000048
0.000046
0.000050
0.000062
0.000083
0.000113
0.000143
0.000159
0.000153
0.000131
0.000111
0.000103
0.000106
0.000113
0.000117
0.000121
0.000128
0.000137
0.000139
0.000130
0.000114
0.000101
0.000096
0.000095
0.000092
0.000087
0.000083
0.000084
0.000088
0.000095
0.000106
0.000124
0.000144
0.000157
0.000159
0.000154
0.000147
0.000140
0.000129
0.000111
0.000095
0.000088
0.000089
0.000090
0.000086
0.000086
0.000093
0.000100
0.000096
0.000085
0.000080
0.000089
0.000108
0.000125
0.000140
0.000157
0.000173
0.000181
0.000175
0.000161
0.000146
0.000137
0.000135
0.000138
0.000139
0.000137
0.000132
0.000131
0.000133
0.000134
0.000126
0.000111
0.000093
0.000073
0.000057
0.000053
0.000067
0.000091
0.000110
0.000112
0.000103
0.000094
0.000092
0.000095
0.000098
0.000098
0.000094
0.000084
0.000072
0.000062
0.000058
0.000061
0.000072
0.000088
0.000099
0.000097
0.000082
0.000064
0.000051
0.000047
0.000047
0.000046
0.000044
0.000041
0.000034
0.000023
0.000007
-0.000006
-0.000008
0.000003
0.000017
0.000026
0.000032
0.000046
0.000073
0.000104
0.000121
0.000121
0.000109
0.000097
0.000091
0.000090
0.000091
0.000091
0.000092
0.000097
0.000108
0.000121
0.000132
0.000141
0.000154
0.000172
0.000186
0.000187
0.000173
0.000147
0.000115
0.000087
0.000073
0.000077
0.000091
0.000104
0.000109
0.000109
0.000115
0.000133
0.000161
0.000186
0.000197
0.000191
0.000183
0.000182
0.000187
0.000191
0.000185
0.000169
0.000148
0.000126
0.000108
0.000100
0.000103
0.000118
0.000138
0.000154
0.000157
0.000143
0.000122
0.000111
0.000116
0.000129
0.000134
0.000125
0.000106
0.000088
0.000075
0.000067
0.000062
0.000057
0.000054
0.000054
0.000061
0.000075
0.000097
0.000115
0.000116
0.000097
0.000069
0.000055
0.000060
0.000073
0.000081
0.000080
0.000074
0.000066
0.000053
0.000038
0.000025
0.000015
0.000011
0.000015
0.000031
0.000054
0.000074
0.000086
0.000092
0.000089
0.000077
0.000060
0.000046
0.000039
0.000037
0.000036
0.000039
0.000048
0.000061
0.000076
0.000094
0.000113
0.000132
0.000144
0.000150
0.000154
0.000163
0.000176
0.000191
0.000199
0.000195
0.000178
0.000156
0.000131
0.000103
0.000071
0.000041
0.000023
0.000021
0.000029
0.000037
0.000039
0.000034
0.000028
0.000029
0.000041
0.000066
0.000093
0.000111
0.000116
0.000113
0.000111
0.000110
0.000109
0.000103
0.000096
0.000091
0.000085
0.000079
0.000078
0.000088
0.000108
0.000127
0.000137
0.000141
0.000145
0.000152
0.000161
0.000172
0.000182
0.000185
0.000179
0.000168
0.000158
0.000151
0.000147
0.000145
0.000147
0.000151
0.000154
0.000153
0.000150
0.000144
0.000138
0.000133
0.000131
0.000132
0.000135
0.000140
0.000146
0.000150
0.000145
0.000133
0.000123
0.000120
0.000122
0.000126
0.000131
0.000135
0.000130
0.000106
0.000069
0.000038
0.000029
0.000038
0.000049
0.000047
0.000034
0.000023
0.000018
0.000015
0.000007
-0.000003
-0.000005
0.000003
0.000016
0.000026
0.000031
0.000037
0.000049
0.000068
0.000091
0.000111
0.000122
0.000124
0.000121
0.000120
0.000122
0.000127
0.000134
0.000137
0.000129
0.000111
0.000094
0.000086
0.000089
0.000099
0.000111
0.000122
0.000127
0.000127
0.000126
0.000127
0.000131
0.000137
0.000143
0.000148
0.000146
0.000135
0.000119
0.000104
0.000094
0.000087
0.000083
0.000081
0.000084
0.000090
0.000099
0.000108
0.000112
0.000111
0.000108
0.000105
0.000098
0.000086
0.000075
0.000072
0.000076
0.000076
0.000070
0.000066
0.000071
0.000085
0.000103
0.000120
0.000134
0.000143
0.000145
0.000141
0.000132
0.000119
0.000106
0.000096
0.000087
0.000076
0.000068
0.000071
0.000083
0.000090
0.000085
0.000072
0.000066
0.000070
0.000073
0.000071
0.000065
0.000061
0.000058
0.000053
0.000045
0.000037
0.000035
0.000044
0.000060
0.000083
0.000109
0.000139
0.000165
0.000177
0.000171
0.000156
0.000141
0.000130
0.000117
0.000099
0.000077
0.000059
0.000055
0.000069
0.000095
0.000116
0.000125
0.000127
0.000129
0.000132
0.000129
0.000118
0.000102
0.000087
0.000074
0.000064
0.000060
0.000065
0.000080
0.000102
0.000124
0.000132
0.000121
0.000103
0.000099
0.000111
0.000128
0.000135
0.000131
0.000125
0.000122
0.000119
0.000115
0.000116
0.000121
0.000123
0.000118
0.000109
0.000106
0.000115
0.000128
0.000132
0.000124
0.000113
0.000107
0.000105
0.000104
0.000109
0.000117
0.000122
0.000118
0.000114
0.000118
0.000123
0.000118
0.000104
0.000096
0.000099
0.000099
0.000091
0.000089
0.000104
0.000127
0.000140
0.000140
0.000132
0.000120
0.000105
0.000094
0.000100
0.000120
0.000138
0.000145
0.000142
0.000132
0.000118
0.000103
0.000099
0.000109
0.000125
0.000137
0.000144
0.000148
0.000148
0.000146
0.000145
0.000146
0.000146
0.000141
0.000131
0.000115
0.000090
0.000058
0.000026
0.000005
0.000003
0.000021
0.000054
0.000091
0.000117
0.000127
0.000132
0.000142
0.000156
0.000163
0.000158
0.000147
0.000141
0.000149
0.000168
0.000191
0.000207
0.000204
0.000183
0.000156
0.000138
0.000132
0.000131
0.000125
0.000112
0.000098
0.000090
0.000090
0.000092
0.000089
0.000076
0.000060
0.000051
0.000055
0.000066
0.000079
0.000090
0.000103
0.000120
0.000135
0.000143
0.000145
0.000148
0.000149
0.000142
0.000125
0.000108
0.000094
0.000081
0.000069
0.000060
0.000056
0.000055
0.000053
0.000052
0.000054
0.000060
0.000062
0.000058
0.000046
0.000030
0.000017
0.000013
0.000019
0.000027
0.000032
0.000040
0.000055
0.000072
0.000080
0.000079
0.000074
0.000066
0.000053
0.000037
0.000028
0.000032
0.000043
0.000058
0.000078
0.000101
0.000117
0.000118
0.000107
0.000095
0.000086
0.000081
0.000081
0.000086
0.000090
0.000083
0.000065
0.000043
0.000023
0.000007
-0.000003
-0.000006
-0.000004
-0.000001
0.000006
0.000019
0.000039
0.000059
0.000074
0.000086
0.000103
0.000131
0.000167
0.000197
0.000212
0.000210
0.000197
0.000179
0.000159
0.000135
0.000109
0.000084
0.000062
0.000047
0.000041
0.000040
0.000039
0.000037
0.000040
0.000051
0.000064
0.000078
0.000094
0.000114
0.000129
0.000128
0.000111
0.000090
0.000074
0.000059
0.000042
0.000031
0.000041
0.000070
0.000104
0.000127
0.000136
0.000132
0.000118
0.000098
0.000079
0.000070
0.000072
0.000076
0.000069
0.000050
0.000029
0.000024
0.000036
0.000056
0.000077
0.000095
0.000112
0.000124
0.000127
0.000122
0.000114
0.000109
0.000108
0.000110
0.000113
0.000120
0.000129
0.000136
0.000137
0.000133
0.000128
0.000130
0.000137
0.000142
0.000146
0.000151
0.000150
0.000132
0.000098
0.000062
0.000037
0.000026
0.000023
0.000026
0.000035
0.000043
0.000042
0.000032
0.000020
0.000015
0.000018
0.000027
0.000038
0.000051
0.000059
0.000057
0.000043
0.000022
0.000002
-0.000009
-0.000007
-0.000001
-0.000000
-0.000008
-0.000014
-0.000010
0.000007
0.000026
0.000038
0.000041
0.000034
0.000022
0.000016
0.000021
0.000039
0.000059
0.000072
0.000073
0.000068
0.000064
0.000062
0.000060
0.000052
0.000041
0.000031
0.000026
0.000025
0.000027
0.000036
0.000053
0.000066
0.000066
0.000050
0.000029
0.000013
0.000010
0.000022
0.000046
0.000076
0.000099
0.000112
0.000118
0.000126
0.000136
0.000140
0.000130
0.000110
0.000085
0.000063
0.000045
0.000033
0.000027
0.000025
0.000030
0.000044
0.000071
0.000102
0.000126
0.000133
0.000123
0.000099
0.000070
0.000047
0.000042
0.000051
0.000065
0.000072
0.000075
0.000081
0.000086
0.000084
0.000075
0.000070
0.000072
0.000075
0.000071
0.000064
0.000062
0.000064
0.000069
0.000074
0.000077
0.000074
0.000062
0.000046
0.000037
0.000039
0.000049
0.000058
0.000059
0.000050
0.000032
0.000012
0.000002
0.000004
0.000013
0.000026
0.000044
0.000073
0.000108
0.000133
0.000142
0.000138
0.000132
0.000124
0.000111
0.000094
0.000082
0.000077
0.000073
0.000060
0.000040
0.000026
0.000032
0.000057
0.000089
0.000114
0.000121
0.000111
0.000093
0.000079
0.000074
0.000074
0.000067
0.000054
0.000042
0.000036
0.000037
0.000042
0.000051
0.000070
0.000097
0.000123
0.000143
0.000160
0.000177
0.000188
0.000186
0.000167
0.000139
0.000112
0.000098
0.000096
0.000104
0.000120
0.000142
0.000167
0.000189
0.000203
0.000205
0.000194
0.000176
0.000156
0.000140
0.000128
0.000116
0.000100
0.000084
0.000076
0.000081
0.000093
0.000104
0.000107
0.000105
0.000102
0.000099
0.000096
0.000093
0.000097
0.000109
0.000120
0.000121
0.000111
0.000096
0.000087
0.000087
0.000091
0.000092
0.000085
0.000073
0.000062
0.000059
0.000065
0.000076
0.000088
0.000098
0.000096
0.000082
0.000067
0.000070
0.000095
0.000122
0.000131
0.000122
0.000107
0.000096
0.000089
0.000085
0.000083
0.000079
0.000068
0.000051
0.000033
0.000019
0.000011
0.000009
0.000014
0.000026
0.000041
0.000061
0.000089
0.000120
0.000144
0.000152
0.000146
0.000137
0.000131
0.000127
0.000124
0.000121
0.000122
0.000126
0.000130
0.000129
0.000127
0.000130
0.000146
0.000170
0.000191
0.000197
0.000191
0.000173
0.000146
0.000117
0.000100
0.000107
0.000132
0.000158
0.000175
0.000190
0.000203
0.000208
0.000195
0.000171
0.000150
0.000140
0.000134
0.000125
0.000113
0.000104
0.000102
0.000104
0.000107
0.000108
0.000109
0.000110
0.000109
0.000107
0.000104
0.000100
0.000091
0.000076
0.000062
0.000057
0.000063
0.000076
0.000087
0.000094
0.000098
0.000101
0.000101
0.000100
0.000101
0.000106
0.000107
0.000099
0.000084
0.000070
0.000068
0.000078
0.000094
0.000108
0.000117
0.000121
0.000120
0.000113
0.000102
0.000090
0.000079
0.000071
0.000070
0.000075
0.000082
0.000083
0.000081
0.000082
0.000089
0.000093
0.000087
0.000072
0.000058
0.000055
0.000066
0.000089
0.000116
0.000139
0.000149
0.000150
0.000147
0.000145
0.000143
0.000139
0.000137
0.000135
0.000127
0.000110
0.000087
0.000068
0.000054
0.000044
0.000036
0.000031
0.000027
0.000023
0.000024
0.000034
0.000054
0.000071
0.000076
0.000073
0.000076
0.000092
0.000118
0.000142
0.000159
0.000174
0.000191
0.000207
0.000218
0.000224
0.000226
0.000225
0.000220
0.000207
0.000188
0.000165
0.000143
0.000123
0.000110
0.000103
0.000101
0.000106
0.000119
0.000135
0.000148
0.000153
0.000156
0.000162
0.000171
0.000172
0.000159
0.000135
0.000109
0.000087
0.000074
0.000073
0.000082
0.000095
0.000100
0.000093
0.000081
0.000078
0.000089
0.000106
0.000120
0.000126
0.000124
0.000114
0.000094
0.000072
0.000058
0.000063
0.000080
0.000100
0.000116
0.000134
0.000154
0.000166
0.000164
0.000152
0.000144
0.000140
0.000133
0.000119
0.000104
0.000093
0.000085
0.000075
0.000063
0.000055
0.000052
0.000051
0.000053
0.000057
0.000059
0.000049
0.000030
0.000016
0.000013
0.000013
0.000007
-0.000003
-0.000004
0.000009
0.000030
0.000048
0.000060
0.000066
0.000071
0.000079
0.000093
0.000111
0.000128
0.000139
0.000147
0.000156
0.000160
0.000149
0.000121
0.000083
0.000046
0.000017
0.000001
-0.000000
0.000015
0.000040
0.000063
0.000081
0.000092
0.000101
0.000107
0.000106
0.000100
0.000090
0.000076
0.000058
0.000042
0.000038
0.000048
0.000061
0.000063
0.000049
0.000029
0.000011
-0.000004
-0.000014
-0.000020
-0.000015
-0.000001
0.000018
0.000039
0.000061
0.000080
0.000093
0.000096
0.000095
0.000095
0.000098
0.000102
0.000111
0.000124
0.000137
0.000143
0.000142
0.000137
0.000131
0.000125
0.000126
0.000138
0.000155
0.000165
0.000158
0.000139
0.000118
0.000095
0.000071
0.000051
0.000047
0.000062
0.000081
0.000088
0.000080
0.000075
0.000084
0.000105
0.000124
0.000130
0.000119
0.000096
0.000071
0.000054
0.000049
0.000057
0.000068
0.000075
0.000074
0.000069
0.000067
0.000068
0.000069
0.000064
0.000059
0.000061
0.000068
0.000073
0.000075
0.000080
0.000092
0.000103
0.000105
0.000101
0.000103
0.000113
0.000121
0.000120
0.000108
0.000089
0.000067
0.000047
0.000032
0.000025
0.000023
0.000026
0.000032
0.000035
0.000030
0.000020
0.000011
0.000011
0.000021
0.000040
0.000067
0.000096
0.000120
0.000134
0.000139
0.000141
0.000138
0.000129
0.000114
0.000101
0.000091
0.000079
0.000064
0.000048
0.000038
0.000040
0.000057
0.000083
0.000107
0.000117
0.000115
0.000112
0.000116
0.000126
0.000130
0.000123
0.000106
0.000086
0.000071
0.000068
0.000079
0.000099
0.000123
0.000145
0.000160
0.000165
0.000162
0.000157
0.000159
0.000169
0.000184
0.000194
0.000191
0.000175
0.000157
0.000146
0.000143
0.000143
0.000140
0.000135
0.000131
0.000128
0.000127
0.000128
0.000131
0.000134
0.000135
0.000131
0.000118
0.000094
0.000068
0.000052
0.000056
0.000070
0.000082
0.000085
0.000085
0.000093
0.000115
0.000148
0.000180
0.000195
0.000186
0.000158
0.000125
0.000098
0.000080
0.000070
0.000063
0.000059
0.000055
0.000051
0.000048
0.000052
0.000068
0.000094
0.000122
0.000140
0.000139
0.000119
0.000088
0.000063
0.000054
0.000059
0.000065
0.000063
0.000057
0.000053
0.000047
0.000035
0.000022
0.000018
0.000024
0.000024
0.000010
-0.000010
-0.000021
-0.000024
-0.000026
-0.000027
-0.000020
-0.000005
0.000014
0.000030
0.000044
0.000053
0.000050
0.000038
0.000027
0.000026
0.000032
0.000040
0.000043
0.000044
0.000043
0.000041
0.000041
0.000047
0.000061
0.000080
0.000099
0.000112
0.000116
0.000110
0.000098
0.000079
0.000055
0.000032
0.000016
0.000008
0.000009
0.000020
0.000041
0.000062
0.000067
0.000047
0.000014
-0.000013
-0.000025
-0.000025
-0.000021
-0.000015
-0.000004
0.000011
0.000031
0.000052
0.000072
0.000084
0.000085
0.000077
0.000070
0.000076
0.000095
0.000118
0.000129
0.000123
0.000111
0.000104
0.000107
0.000113
0.000118
0.000120
0.000117
0.000109
0.000094
0.000078
0.000068
0.000073
0.000093
0.000118
0.000132
0.000128
0.000113
0.000098
0.000091
0.000091
0.000095
0.000097
0.000096
0.000087
0.000074
0.000064
0.000062
0.000067
0.000071
0.000072
0.000070
0.000069
0.000064
0.000051
0.000034
0.000022
0.000017
0.000012
0.000001
-0.000010
-0.000008
0.000016
0.000051
0.000087
0.000112
0.000124
0.000118
0.000100
0.000076
0.000052
0.000029
0.000004
-0.000022
-0.000046
-0.000064
-0.000074
-0.000077
-0.000076
-0.000079
-0.000084
-0.000083
-0.000070
-0.000049
-0.000027
-0.000007
0.000012
0.000027
0.000033
0.000033
0.000032
0.000033
0.000038
0.000050
0.000067
0.000083
0.000093
0.000098
0.000102
0.000107
0.000110
0.000110
0.000103
0.000088
0.000063
0.000035
0.000015
0.000005
-0.000002
-0.000007
-0.000001
0.000023
0.000055
0.000079
0.000089
0.000094
0.000109
0.000132
0.000153
0.000158
0.000145
0.000121
0.000096
0.000077
0.000067
0.000070
0.000084
0.000099
0.000103
0.000097
0.000089
0.000091
0.000103
0.000119
0.000133
0.000137
0.000130
0.000117
0.000110
0.000113
0.000123
0.000131
0.000133
0.000130
0.000124
0.000116
0.000110
0.000114
0.000123
0.000131
0.000126
0.000108
0.000085
0.000068
0.000067
0.000081
0.000096
0.000100
0.000089
0.000067
0.000045
0.000026
0.000007
-0.000014
-0.000036
-0.000047
-0.000038
-0.000009
0.000023
0.000041
0.000037
0.000019
-0.000002
-0.000013
-0.000010
0.000004
0.000020
0.000032
0.000044
0.000055
0.000066
0.000074
0.000081
0.000094
0.000114
0.000131
0.000140
0.000137
0.000125
0.000110
0.000097
0.000092
0.000096
0.000106
0.000120
0.000138
0.000156
0.000173
0.000186
0.000193
0.000194
0.000191
0.000185
0.000176
0.000160
0.000139
0.000117
0.000099
0.000082
0.000067
0.000057
0.000057
0.000066
0.000079
0.000092
0.000104
0.000111
0.000108
0.000093
0.000071
0.000049
0.000033
0.000024
0.000022
0.000025
0.000031
0.000036
0.000040
0.000045
0.000055
0.000074
0.000104
0.000139
0.000169
0.000194
0.000215
0.000234
0.000252
0.000265
0.000268
0.000257
0.000236
0.000215
0.000202
0.000198
0.000196
0.000191
0.000185
0.000180
0.000174
0.000163
0.000146
0.000124
0.000099
0.000078
0.000064
0.000054
0.000048
0.000045
0.000050
0.000062
0.000079
0.000100
0.000121
0.000137
0.000143
0.000142
0.000144
0.000149
0.000152
0.000152
0.000151
0.000152
0.000153
0.000154
0.000161
0.000174
0.000187
0.000193
0.000195
0.000200
0.000210
0.000220
0.000223
0.000214
0.000192
0.000163
0.000141
0.000136
0.000146
0.000160
0.000169
0.000166
0.000151
0.000128
0.000111
0.000107
0.000115
0.000123
0.000122
0.000110
0.000089
0.000065
0.000045
0.000037
0.000039
0.000049
0.000066
0.000089
0.000108
0.000112
0.000105
0.000103
0.000115
0.000134
0.000146
0.000148
0.000147
0.000153
0.000168
0.000185
0.000195
0.000194
0.000185
0.000174
0.000164
0.000155
0.000152
0.000155
0.000159
0.000155
0.000145
0.000138
0.000143
0.000156
0.000166
0.000169
0.000165
0.000159
0.000154
0.000152
0.000151
0.000147
0.000146
0.000153
0.000167
0.000181
0.000185
0.000175
0.000153
0.000122
0.000090
0.000065
0.000048
0.000036
0.000026
0.000028
0.000048
0.000077
0.000100
0.000105
0.000097
0.000086
0.000077
0.000068
0.000059
0.000054
0.000052
0.000055
0.000062
0.000070
0.000077
0.000082
0.000088
0.000097
0.000107
0.000113
0.000111
0.000106
0.000108
0.000120
0.000133
0.000134
0.000125
0.000114
0.000109
0.000105
0.000099
0.000094
0.000095
0.000098
0.000095
0.000087
0.000080
0.000083
0.000098
0.000119
0.000134
0.000139
0.000137
0.000136
0.000139
0.000139
0.000133
0.000126
0.000124
0.000126
0.000129
0.000132
0.000133
0.000130
0.000128
0.000134
0.000149
0.000165
0.000172
0.000170
0.000165
0.000164
0.000164
0.000161
0.000155
0.000144
0.000127
0.000112
0.000104
0.000104
0.000108
0.000113
0.000127
0.000153
0.000183
0.000202
0.000201
0.000183
0.000162
0.000147
0.000137
0.000126
0.000112
0.000106
0.000118
0.000144
0.000168
0.000179
0.000181
0.000179
0.000175
0.000166
0.000157
0.000150
0.000143
0.000129
0.000111
0.000095
0.000083
0.000073
0.000066
0.000065
0.000074
0.000087
0.000098
0.000102
0.000103
0.000103
0.000108
0.000116
0.000122
0.000119
0.000103
0.000080
0.000065
0.000062
0.000070
0.000083
0.000100
0.000121
0.000140
0.000150
0.000147
0.000138
0.000133
0.000133
0.000132
0.000125
0.000107
0.000083
0.000058
0.000040
0.000034
0.000040
0.000051
0.000059
0.000063
0.000065
0.000069
0.000078
0.000087
0.000092
0.000089
0.000084
0.000080
0.000080
0.000079
0.000075
0.000072
0.000079
0.000097
0.000122
0.000144
0.000153
0.000149
0.000139
0.000133
0.000133
0.000134
0.000129
0.000117
0.000101
0.000088
0.000078
0.000073
0.000075
0.000083
0.000094
0.000102
0.000105
0.000106
0.000109
0.000114
0.000119
0.000118
0.000112
0.000101
0.000088
0.000075
0.000063
0.000054
0.000052
0.000059
0.000072
0.000082
0.000081
0.000068
0.000051
0.000041
0.000042
0.000055
0.000072
0.000085
0.000094
0.000098
0.000101
0.000101
0.000097
0.000096
0.000104
0.000120
0.000130
0.000126
0.000117
0.000116
0.000131
0.000149
0.000157
0.000151
0.000142
0.000138
0.000138
0.000140
0.000141
0.000146
0.000157
0.000173
0.000182
0.000178
0.000163
0.000144
0.000129
0.000118
0.000112
0.000113
0.000122
0.000133
0.000141
0.000150
0.000165
0.000181
0.000188
0.000177
0.000148
0.000113
0.000087
0.000077
0.000082
0.000087
0.000085
0.000079
0.000081
0.000091
0.000106
0.000119
0.000124
0.000120
0.000108
0.000094
0.000083
0.000072
0.000054
0.000032
0.000017
0.000016
0.000023
0.000026
0.000022
0.000019
0.000025
0.000043
0.000066
0.000087
0.000105
0.000124
0.000146
0.000160
0.000160
0.000147
0.000131
0.000118
0.000111
0.000110
0.000119
0.000134
0.000146
0.000146
0.000139
0.000128
0.000114
0.000094
0.000073
0.000058
0.000052
0.000051
0.000053
0.000062
0.000080
0.000096
0.000099
0.000088
0.000067
0.000044
0.000022
0.000002
-0.000014
-0.000024
-0.000025
-0.000018
-0.000003
0.000016
0.000034
0.000048
0.000056
0.000062
0.000067
0.000069
0.000067
0.000063
0.000056
0.000051
0.000049
0.000054
0.000062
0.000066
0.000064
0.000060
0.000054
0.000039
0.000016
-0.000004
-0.000008
0.000007
0.000027
0.000036
0.000033
0.000026
0.000024
0.000027
0.000033
0.000039
0.000041
0.000043
0.000048
0.000059
0.000069
0.000072
0.000067
0.000057
0.000049
0.000049
0.000060
0.000080
0.000104
0.000123
0.000137
0.000142
0.000141
0.000142
0.000155
0.000180
0.000203
0.000205
0.000184
0.000155
0.000127
0.000102
0.000080
0.000064
0.000058
0.000059
0.000061
0.000064
0.000069
0.000073
0.000077
0.000086
0.000104
0.000127
0.000147
0.000159
0.000164
0.000163
0.000156
0.000149
0.000150
0.000159
0.000164
0.000153
0.000131
0.000113
0.000110
0.000120
0.000128
0.000126
0.000117
0.000104
0.000090
0.000076
0.000066
0.000065
0.000071
0.000075
0.000068
0.000048
0.000019
-0.000010
-0.000027
-0.000027
-0.000013
0.000001
0.000007
0.000005
0.000004
0.000003
-0.000006
-0.000021
-0.000031
-0.000024
-0.000004
0.000019
0.000042
0.000068
0.000096
0.000116
0.000122
0.000119
0.000116
0.000115
0.000111
0.000106
0.000103
0.000102
0.000095
0.000080
0.000062
0.000047
0.000033
0.000018
0.000005
-0.000003
-0.000004
-0.000001
0.000005
0.000014
0.000025
0.000035
0.000046
0.000057
0.000066
0.000066
0.000059
0.000050
0.000042
0.000031
0.000016
0.000002
0.000000
0.000016
0.000044
0.000073
0.000092
0.000100
0.000101
0.000100
0.000094
0.000076
0.000049
0.000029
0.000034
0.000061
0.000090
0.000107
0.000110
0.000105
0.000094
0.000079
0.000067
0.000063
0.000062
0.000057
0.000054
0.000064
0.000086
0.000102
0.000102
0.000093
0.000085
0.000079
0.000067
0.000048
0.000031
0.000021
0.000016
0.000013
0.000013
0.000018
0.000028
0.000044
0.000068
0.000100
0.000131
0.000150
0.000156
0.000158
0.000163
0.000166
0.000161
0.000145
0.000125
0.000117
0.000129
0.000156
0.000181
0.000190
0.000182
0.000161
0.000134
0.000109
0.000096
0.000102
0.000119
0.000131
0.000131
0.000124
0.000117
0.000112
0.000106
0.000096
0.000083
0.000068
0.000054
0.000046
0.000048
0.000058
0.000068
0.000070
0.000059
0.000040
0.000021
0.000007
0.000001
0.000001
0.000008
0.000019
0.000026
0.000027
0.000027
0.000032
0.000038
0.000035
0.000022
0.000013
0.000023
0.000045
0.000063
0.000064
0.000054
0.000042
0.000038
0.000043
0.000056
0.000069
0.000072
0.000062
0.000047
0.000042
0.000050
0.000067
0.000088
0.000110
0.000132
0.000150
0.000159
0.000157
0.000147
0.000134
0.000120
0.000104
0.000092
0.000088
0.000090
0.000087
0.000074
0.000058
0.000050
0.000053
0.000058
0.000063
0.000070
0.000083
0.000097
0.000108
0.000115
0.000120
0.000121
0.000121
0.000125
0.000138
0.000158
0.000176
0.000189
0.000199
0.000208
0.000214
0.000215
0.000213
0.000211
0.000208
0.000202
0.000191
0.000175
0.000152
0.000126
0.000106
0.000097
0.000095
0.000093
0.000092
0.000099
0.000115
0.000135
0.000148
0.000150
0.000145
0.000139
0.000133
0.000128
0.000122
0.000113
0.000104
0.000095
0.000092
0.000100
0.000117
0.000131
0.000133
0.000120
0.000104
0.000096
0.000098
0.000104
0.000109
0.000113
0.000117
0.000118
0.000112
0.000099
0.000084
0.000070
0.000061
0.000054
0.000046
0.000033
0.000019
0.000010
0.000010
0.000011
0.000011
0.000007
0.000002
-0.000004
-0.000007
-0.000005
0.000000
0.000006
0.000015
0.000034
0.000064
0.000091
0.000099
0.000087
0.000071
0.000064
0.000065
0.000067
0.000069
0.000076
0.000088
0.000098
0.000096
0.000079
0.000054
0.000032
0.000023
0.000025
0.000033
0.000045
0.000059
0.000070
0.000075
0.000074
0.000071
0.000068
0.000064
0.000063
0.000070
0.000086
0.000102
0.000116
0.000128
0.000137
0.000135
0.000118
0.000096
0.000081
0.000078
0.000082
0.000093
0.000111
0.000133
0.000150
0.000159
0.000161
0.000160
0.000157
0.000152
0.000146
0.000142
0.000140
0.000141
0.000148
0.000164
0.000180
0.000193
0.000197
0.000189
0.000167
0.000138
0.000113
0.000101
0.000095
0.000079
0.000055
0.000037
0.000038
0.000060
0.000092
0.000121
0.000141
0.000149
0.000142
0.000125
0.000105
0.000090
0.000084
0.000086
0.000091
0.000095
0.000097
0.000102
0.000113
0.000123
0.000125
0.000117
0.000104
0.000093
0.000086
0.000083
0.000090
0.000106
0.000127
0.000143
0.000151
0.000150
0.000147
0.000141
0.000132
0.000121
0.000107
0.000091
0.000072
0.000059
0.000060
0.000077
0.000096
0.000103
0.000093
0.000073
0.000051
0.000033
0.000020
0.000014
0.000022
0.000047
0.000087
0.000127
0.000151
0.000153
0.000138
0.000120
0.000103
0.000087
0.000071
0.000061
0.000064
0.000078
0.000095
0.000104
0.000102
0.000098
0.000099
0.000103
0.000103
0.000098
0.000096
0.000101
0.000108
0.000109
0.000105
0.000107
0.000118
0.000135
0.000150
0.000157
0.000149
0.000126
0.000095
0.000070
0.000057
0.000054
0.000058
0.000066
0.000077
0.000087
0.000095
0.000106
0.000122
0.000138
0.000146
0.000147
0.000144
0.000138
0.000132
0.000130
0.000138
0.000154
0.000173
0.000188
0.000196
0.000199
0.000198
0.000197
0.000196
0.000188
0.000172
0.000152
0.000133
0.000114
0.000092
0.000072
0.000059
0.000051
0.000043
0.000037
0.000040
0.000052
0.000067
0.000075
0.000079
0.000079
0.000073
0.000058
0.000036
0.000014
0.000001
-0.000002
0.000002
0.000005
0.000003
0.000005
0.000020
0.000047
0.000067
0.000066
0.000048
0.000027
0.000015
0.000010
0.000005
0.000001
-0.000001
-0.000001
0.000003
0.000013
0.000026
0.000035
0.000041
0.000044
0.000045
0.000045
0.000042
0.000040
0.000040
0.000042
0.000046
0.000055
0.000064
0.000070
0.000073
0.000082
0.000097
0.000105
0.000099
0.000086
0.000077
0.000074
0.000072
0.000068
0.000065
0.000059
0.000040
0.000008
-0.000021
-0.000026
-0.000002
0.000037
0.000076
0.000105
0.000122
0.000126
0.000119
0.000103
0.000092
0.000100
0.000128
0.000162
0.000183
0.000188
0.000182
0.000172
0.000158
0.000142
0.000130
0.000123
0.000117
0.000108
0.000101
0.000098
0.000094
0.000083
0.000068
0.000056
0.000050
0.000049
0.000047
0.000042
0.000037
0.000037
0.000044
0.000052
0.000056
0.000056
0.000065
0.000088
0.000121
0.000152
0.000175
0.000191
0.000205
0.000219
0.000232
0.000237
0.000221
0.000183
0.000134
0.000089
0.000049
0.000010
-0.000025
-0.000044
-0.000041
-0.000020
0.000007
0.000030
0.000043
0.000048
0.000046
0.000041
0.000029
0.000012
0.000001
0.000001
0.000008
0.000011
0.000010
0.000014
0.000027
0.000042
0.000051
0.000059
0.000069
0.000079
0.000084
0.000085
0.000084
0.000081
0.000071
0.000055
0.000039
0.000027
0.000026
0.000039
0.000064
0.000089
0.000103
0.000109
0.000113
0.000112
0.000100
0.000082
0.000070
0.000072
0.000080
0.000087
0.000090
0.000088
0.000077
0.000064
0.000058
0.000066
0.000082
0.000095
0.000101
0.000103
0.000106
0.000109
0.000113
0.000114
0.000105
0.000084
0.000058
0.000041
0.000041
0.000058
0.000086
0.000118
0.000143
0.000154
0.000152
0.000147
0.000148
0.000156
0.000164
0.000162
0.000147
0.000126
0.000109
0.000105
0.000112
0.000119
0.000120
0.000117
0.000115
0.000113
0.000108
0.000101
0.000101
0.000118
0.000147
0.000174
0.000186
0.000185
0.000180
0.000180
0.000183
0.000184
0.000183
0.000186
0.000195
0.000205
0.000204
0.000186
0.000158
0.000129
0.000109
0.000098
0.000094
0.000094
0.000095
0.000096
0.000094
0.000087
0.000077
0.000070
0.000070
0.000079
0.000088
0.000095
0.000101
0.000110
0.000121
0.000122
0.000110
0.000092
0.000077
0.000067
0.000061
0.000065
0.000084
0.000114
0.000138
0.000149
0.000147
0.000140
0.000130
0.000123
0.000122
0.000130
0.000144
0.000158
0.000165
0.000159
0.000137
0.000107
0.000080
0.000065
0.000057
0.000051
0.000051
0.000062
0.000084
0.000107
0.000127
0.000149
0.000176
0.000204
0.000219
0.000211
0.000183
0.000148
0.000116
0.000091
0.000074
0.000068
0.000076
0.000098
0.000121
0.000134
0.000135
0.000133
0.000134
0.000132
0.000124
0.000112
0.000099
0.000085
0.000067
0.000049
0.000042
0.000047
0.000057
0.000060
0.000056
0.000057
0.000068
0.000085
0.000096
0.000098
0.000094
0.000090
0.000084
0.000080
0.000080
0.000087
0.000095
0.000101
0.000103
0.000102
0.000094
0.000080
0.000065
0.000050
0.000036
0.000018
0.000001
-0.000006
0.000003
0.000024
0.000043
0.000055
0.000058
0.000062
0.000072
0.000086
0.000099
0.000111
0.000124
0.000137
0.000146
0.000150
0.000152
0.000155
0.000155
0.000151
0.000150
0.000158
0.000169
0.000171
0.000161
0.000147
0.000134
0.000127
0.000129
0.000142
0.000157
0.000159
0.000141
0.000113
0.000093
0.000091
0.000106
0.000132
0.000162
0.000182
0.000190
0.000193
0.000197
0.000200
0.000193
0.000176
0.000162
0.000158
0.000163
0.000171
0.000178
0.000184
0.000186
0.000182
0.000170
0.000150
0.000122
0.000094
0.000075
0.000072
0.000081
0.000095
0.000107
0.000120
0.000139
0.000166
0.000193
0.000212
0.000223
0.000232
0.000240
0.000235
0.000213
0.000181
0.000150
0.000123
0.000093
0.000059
0.000030
0.000010
-0.000003
-0.000011
-0.000015
-0.000014
-0.000009
-0.000007
-0.000008
-0.000010
-0.000006
0.000004
0.000020
0.000033
0.000042
0.000050
0.000064
0.000080
0.000088
0.000081
0.000067
0.000056
0.000056
0.000067
0.000088
0.000114
0.000133
0.000138
0.000133
0.000128
0.000125
0.000121
0.000108
0.000086
0.000064
0.000052
0.000055
0.000073
0.000096
0.000113
0.000119
0.000117
0.000116
0.000115
0.000108
0.000096
0.000088
0.000091
0.000100
0.000106
0.000107
0.000107
0.000113
0.000121
0.000124
0.000116
0.000099
0.000080
0.000068
0.000064
0.000061
0.000051
0.000034
0.000018
0.000013
0.000019
0.000031
0.000045
0.000060
0.000074
0.000086
0.000098
0.000114
0.000133
0.000146
0.000145
0.000130
0.000104
0.000078
0.000060
0.000056
0.000061
0.000067
0.000070
0.000074
0.000083
0.000096
0.000104
0.000106
0.000104
0.000100
0.000094
0.000087
0.000080
0.000078
0.000081
0.000087
0.000090
0.000089
0.000082
0.000073
0.000064
0.000061
0.000062
0.000062
0.000057
0.000050
0.000050
0.000066
0.000093
0.000121
0.000141
0.000151
0.000151
0.000140
0.000127
0.000122
0.000126
0.000131
0.000125
0.000112
0.000096
0.000083
0.000071
0.000067
0.000076
0.000097
0.000121
0.000143
0.000162
0.000178
0.000188
0.000189
0.000181
0.000168
0.000151
0.000134
0.000117
0.000101
0.000088
0.000083
0.000084
0.000083
0.000070
0.000049
0.000028
0.000014
0.000007
0.000005
0.000013
0.000036
0.000068
0.000101
0.000127
0.000142
0.000142
0.000125
0.000101
0.000083
0.000077
0.000078
0.000079
0.000074
0.000061
0.000049
0.000048
0.000064
0.000089
0.000109
0.000117
0.000119
0.000124
0.000131
0.000134
0.000127
0.000113
0.000095
0.000075
0.000058
0.000044
0.000034
0.000028
0.000027
0.000036
0.000053
0.000073
0.000088
0.000095
0.000094
0.000087
0.000077
0.000069
0.000071
0.000086
0.000110
0.000131
0.000138
0.000135
0.000134
0.000135
0.000128
0.000108
0.000085
0.000074
0.000078
0.000085
0.000086
0.000084
0.000088
0.000098
0.000110
0.000122
0.000133
0.000140
0.000141
0.000139
0.000138
0.000138
0.000137
0.000136
0.000141
0.000154
0.000174
0.000200
0.000226
0.000245
0.000248
0.000236
0.000215
0.000195
0.000184
0.000179
0.000176
0.000173
0.000168
0.000167
0.000172
0.000179
0.000176
0.000158
0.000129
0.000096
0.000066
0.000044
0.000034
0.000034
0.000042
0.000049
0.000051
0.000047
0.000042
0.000042
0.000050
0.000063
0.000070
0.000064
0.000046
0.000026
0.000018
0.000029
0.000057
0.000087
0.000107
0.000118
0.000123
0.000125
0.000123
0.000120
0.000125
0.000136
0.000143
0.000137
0.000123
0.000115
0.000119
0.000126
0.000127
0.000121
0.000111
0.000096
0.000083
0.000079
0.000085
0.000093
0.000097
0.000100
0.000106
0.000115
0.000119
0.000118
0.000119
0.000130
0.000150
0.000163
0.000157
0.000136
0.000110
0.000093
0.000086
0.000085
0.000088
0.000097
0.000111
0.000127
0.000142
0.000153
0.000157
0.000155
0.000149
0.000149
0.000153
0.000157
0.000153
0.000142
0.000128
0.000115
0.000103
0.000095
0.000094
0.000105
0.000126
0.000146
0.000152
0.000143
0.000134
0.000136
0.000144
0.000149
0.000148
0.000148
0.000150
0.000143
0.000122
0.000096
0.000081
0.000082
0.000088
0.000091
0.000088
0.000085
0.000086
0.000094
0.000110
0.000130
0.000151
0.000165
0.000167
0.000153
0.000131
0.000114
0.000107
0.000105
0.000099
0.000090
0.000085
0.000085
0.000084
0.000083
0.000089
0.000100
0.000108
0.000102
0.000088
0.000078
0.000081
0.000095
0.000113
0.000126
0.000131
0.000131
0.000133
0.000141
0.000152
0.000160
0.000164
0.000165
0.000159
0.000142
0.000116
0.000094
0.000086
0.000089
0.000091
0.000085
0.000075
0.000072
0.000079
0.000093
0.000103
0.000099
0.000082
0.000058
0.000032
0.000009
-0.000003
0.000000
0.000016
0.000035
0.000051
0.000066
0.000083
0.000095
0.000094
0.000075
0.000046
0.000020
0.000003
-0.000001
0.000003
0.000012
0.000022
0.000031
0.000043
0.000056
0.000065
0.000062
0.000050
0.000037
0.000036
0.000046
0.000063
0.000082
0.000099
0.000113
0.000124
0.000128
0.000125
0.000117
0.000111
0.000116
0.000133
0.000154
0.000169
0.000172
0.000169
0.000166
0.000162
0.000152
0.000137
0.000123
0.000114
0.000110
0.000111
0.000119
0.000133
0.000149
0.000160
0.000165
0.000168
0.000170
0.000166
0.000153
0.000137
0.000125
0.000123
0.000128
0.000138
0.000151
0.000162
0.000164
0.000154
0.000135
0.000116
0.000100
0.000089
0.000086
0.000090
0.000101
0.000113
0.000118
0.000115
0.000111
0.000113
0.000121
0.000126
0.000121
0.000105
0.000081
0.000055
0.000032
0.000018
0.000013
0.000020
0.000037
0.000065
0.000100
0.000128
0.000137
0.000127
0.000108
0.000095
0.000089
0.000089
0.000096
0.000112
0.000137
0.000161
0.000171
0.000162
0.000141
0.000115
0.000090
0.000070
0.000058
0.000053
0.000055
0.000059
0.000060
0.000060
0.000064
0.000076
0.000094
0.000107
0.000111
0.000107
0.000096
0.000080
0.000063
0.000052
0.000050
0.000054
0.000058
0.000062
0.000068
0.000076
0.000081
0.000083
0.000083
0.000078
0.000070
0.000065
0.000070
0.000083
0.000096
0.000107
0.000114
0.000114
0.000101
0.000083
0.000074
0.000079
0.000089
0.000093
0.000093
0.000098
0.000106
0.000112
0.000113
0.000110
0.000105
0.000093
0.000081
0.000079
0.000089
0.000104
0.000113
0.000116
0.000123
0.000136
0.000149
0.000154
0.000149
0.000136
0.000124
0.000120
0.000125
0.000134
0.000140
0.000141
0.000142
0.000146
0.000151
0.000152
0.000146
0.000139
0.000135
0.000131
0.000127
0.000122
0.000123
0.000129
0.000137
0.000144
0.000145
0.000140
0.000127
0.000112
0.000103
0.000105
0.000111
0.000117
0.000122
0.000128
0.000134
0.000134
0.000130
0.000127
0.000128
0.000130
0.000130
0.000133
0.000141
0.000144
0.000130
0.000101
0.000066
0.000043
0.000035
0.000037
0.000042
0.000044
0.000044
0.000045
0.000050
0.000054
0.000058
0.000062
0.000069
0.000077
0.000082
0.000084
0.000087
0.000092
0.000100
0.000108
0.000116
0.000122
0.000124
0.000125
0.000128
0.000131
0.000132
0.000130
0.000126
0.000123
0.000120
0.000117
0.000119
0.000125
0.000133
0.000137
0.000141
0.000146
0.000152
0.000153
0.000149
0.000145
0.000140
0.000134
0.000124
0.000113
0.000108
0.000109
0.000113
0.000117
0.000120
0.000123
0.000124
0.000124
0.000123
0.000127
0.000138
0.000150
0.000156
0.000150
0.000138
0.000126
0.000120
0.000116
0.000113
0.000112
0.000114
0.000115
0.000113
0.000112
0.000119
0.000133
0.000143
0.000141
0.000130
0.000123
0.000127
0.000140
0.000154
0.000162
0.000165
0.000164
0.000159
0.000150
0.000138
0.000127
0.000117
0.000107
0.000092
0.000078
0.000074
0.000080
0.000087
0.000089
0.000084
0.000081
0.000082
0.000088
0.000098
0.000110
0.000123
0.000135
0.000148
0.000157
0.000157
0.000148
0.000138
0.000136
0.000140
0.000142
0.000139
0.000138
0.000139
0.000135
0.000121
0.000104
0.000091
0.000084
0.000078
0.000074
0.000079
0.000093
0.000108
0.000119
0.000123
0.000124
0.000123
0.000124
0.000128
0.000135
0.000142
0.000146
0.000147
0.000147
0.000144
0.000138
0.000134
0.000135
0.000139
0.000141
0.000139
0.000136
0.000132
0.000131
0.000133
0.000140
0.000145
0.000139
0.000124
0.000109
0.000101
0.000095
0.000085
0.000075
0.000075
0.000087
0.000104
0.000121
0.000141
0.000162
0.000174
0.000173
0.000161
0.000146
0.000133
0.000123
0.000118
0.000123
0.000131
0.000137
0.000137
0.000138
0.000142
0.000146
0.000144
0.000136
0.000128
0.000122
0.000121
0.000123
0.000128
0.000130
0.000126
0.000118
0.000111
0.000104
0.000095
0.000085
0.000081
0.000086
0.000095
0.000101
0.000102
0.000102
0.000105
0.000112
0.000119
0.000121
0.000120
0.000117
0.000118
0.000121
0.000122
0.000121
0.000119
0.000118
0.000119
0.000122
0.000125
0.000125
0.000118
0.000102
0.000089
0.000085
0.000093
0.000104
0.000110
0.000108
0.000097
0.000081
0.000063
0.000049
0.000045
0.000053
0.000069
0.000086
0.000101
0.000113
0.000123
0.000131
0.000136
0.000138
0.000139
0.000138
0.000134
0.000126
0.000119
0.000118
0.000124
0.000133
0.000137
0.000137
0.000135
0.000137
0.000144
0.000155
0.000168
0.000179
0.000186
0.000187
0.000183
0.000175
0.000167
0.000159
0.000154
0.000150
0.000143
0.000131
0.000115
0.000103
0.000099
0.000100
0.000100
0.000096
0.000091
0.000093
0.000102
0.000112
0.000121
0.000129
0.000136
0.000141
0.000144
0.000148
0.000154
0.000158
0.000154
0.000145
0.000134
0.000122
0.000108
0.000090
0.000079
0.000084
0.000101
0.000119
0.000128
0.000132
0.000137
0.000146
0.000151
0.000150
0.000147
0.000148
0.000152
0.000156
0.000157
0.000156
0.000157
0.000158
0.000158
0.000154
0.000145
0.000136
0.000131
0.000131
0.000130
0.000124
0.000112
0.000098
0.000083
0.000069
0.000059
0.000057
0.000063
0.000072
0.000080
0.000091
0.000103
0.000111
0.000111
0.000108
0.000107
0.000111
0.000117
0.000123
0.000133
0.000146
0.000161
0.000174
0.000182
0.000183
0.000178
0.000168
0.000158
0.000150
0.000141
0.000135
0.000132
0.000134
0.000137
0.000138
0.000138
0.000137
0.000133
0.000128
0.000124
0.000122
0.000122
0.000122
0.000122
0.000121
0.000118
0.000112
0.000105
0.000099
0.000094
0.000092
0.000097
0.000105
0.000115
0.000125
0.000137
