0.000308
0.000292
0.000277
0.000263
0.000255
0.000260
0.000278
0.000295
0.000301
0.000291
0.000280
0.000281
0.000294
0.000307
0.000308
0.000300
0.000291
0.000284
0.000274
0.000259
0.000239
0.000217
0.000197
0.000183
0.000179
0.000188
0.000202
0.000210
0.000207
0.000204
0.000211
0.000230
0.000257
0.000284
0.000307
0.000321
0.000323
0.000320
0.000320
0.000324
0.000330
0.000333
0.000331
0.000325
0.000317
0.000313
0.000322
0.000339
0.000350
0.000344
0.000326
0.000307
0.000294
0.000286
0.000285
0.000295
0.000313
0.000324
0.000319
0.000298
0.000275
0.000258
0.000246
0.000232
0.000214
0.000202
0.000206
0.000229
0.000259
0.000284
0.000301
0.000317
0.000335
0.000353
0.000365
0.000369
0.000363
0.000351
0.000335
0.000320
0.000307
0.000296
0.000283
0.000266
0.000246
0.000228
0.000219
0.000225
0.000243
0.000260
0.000269
0.000272
0.000275
0.000281
0.000285
0.000284
0.000279
0.000273
0.000271
0.000278
0.000293
0.000310
0.000325
0.000339
0.000353
0.000365
0.000371
0.000371
0.000367
0.000353
0.000325
0.000290
0.000262
0.000253
0.000257
0.000265
0.000273
0.000281
0.000290
0.000297
0.000300
0.000299
0.000294
0.000290
0.000294
0.000308
0.000327
0.000338
0.000336
0.000330
0.000330
0.000333
0.000330
0.000318
0.000304
0.000296
0.000295
0.000295
0.000291
0.000283
0.000270
0.000253
0.000237
0.000230
0.000234
0.000243
0.000246
0.000246
0.000246
0.000248
0.000251
0.000253
0.000259
0.000267
0.000266
0.000250
0.000224
0.000202
0.000192
0.000195
0.000207
0.000228
0.000250
0.000263
0.000265
0.000262
0.000266
0.000279
0.000296
0.000310
0.000318
0.000318
0.000313
0.000307
0.000304
0.000302
0.000298
0.000297
0.000304
0.000317
0.000322
0.000318
0.000316
0.000325
0.000341
0.000347
0.000340
0.000328
0.000322
0.000322
0.000318
0.000307
0.000298
0.000305
0.000325
0.000343
0.000346
0.000330
0.000308
0.000288
0.000275
0.000270
0.000274
0.000285
0.000295
0.000298
0.000295
0.000290
0.000285
0.000281
0.000276
0.000272
0.000268
0.000264
0.000261
0.000262
0.000265
0.000271
0.000278
0.000288
0.000297
0.000304
0.000304
0.000298
0.000288
0.000280
0.000281
0.000288
0.000294
0.000292
0.000282
0.000275
0.000281
0.000298
0.000313
0.000312
0.000294
0.000274
0.000265
0.000263
0.000255
0.000239
0.000228
0.000233
0.000247
0.000252
0.000244
0.000233
0.000228
0.000230
0.000231
0.000224
0.000209
0.000195
0.000198
0.000225
0.000265
0.000298
0.000313
0.000311
0.000303
0.000295
0.000289
0.000285
0.000282
0.000275
0.000270
0.000274
0.000288
0.000308
0.000331
0.000354
0.000373
0.000377
0.000363
0.000340
0.000319
0.000300
0.000277
0.000251
0.000226
0.000211
0.000209
0.000222
0.000244
0.000269
0.000295
0.000324
0.000356
0.000383
0.000395
0.000388
0.000369
0.000339
0.000303
0.000267
0.000245
0.000244
0.000257
0.000274
0.000290
0.000307
0.000322
0.000331
0.000328
0.000314
0.000295
0.000278
0.000260
0.000240
0.000218
0.000199
0.000187
0.000181
0.000183
0.000194
0.000210
0.000224
0.000233
0.000241
0.000254
0.000272
0.000288
0.000298
0.000300
0.000298
0.000298
0.000306
0.000322
0.000340
0.000351
0.000349
0.000335
0.000318
0.000304
0.000297
0.000293
0.000285
0.000274
0.000268
0.000275
0.000290
0.000304
0.000307
0.000297
0.000286
0.000283
0.000294
0.000307
0.000305
0.000283
0.000254
0.000236
0.000233
0.000239
0.000248
0.000256
0.000264
0.000269
0.000274
0.000280
0.000283
0.000279
0.000271
0.000273
0.000289
0.000310
0.000327
0.000341
0.000356
0.000371
0.000382
0.000385
0.000382
0.000373
0.000359
0.000341
0.000321
0.000300
0.000283
0.000272
0.000267
0.000261
0.000245
0.000226
0.000216
0.000223
0.000241
0.000256
0.000254
0.000236
0.000214
0.000204
0.000211
0.000223
0.000227
0.000215
0.000197
0.000183
0.000184
0.000204
0.000237
0.000272
0.000302
0.000331
0.000367
0.000408
0.000445
0.000469
0.000481
0.000490
0.000497
0.000494
0.000474
0.000441
0.000411
0.000398
0.000399
0.000394
0.000373
0.000342
0.000316
0.000298
0.000280
0.000252
0.000215
0.000182
0.000162
0.000160
0.000172
0.000189
0.000201
0.000203
0.000203
0.000216
0.000245
0.000284
0.000316
0.000325
0.000308
0.000273
0.000235
0.000210
0.000203
0.000210
0.000219
0.000224
0.000226
0.000233
0.000251
0.000281
0.000314
0.000342
0.000359
0.000366
0.000372
0.000380
0.000395
0.000410
0.000418
0.000412
0.000396
0.000381
0.000373
0.000370
0.000365
0.000361
0.000372
0.000398
0.000425
0.000433
0.000420
0.000400
0.000381
0.000360
0.000332
0.000298
0.000267
0.000248
0.000247
0.000260
0.000272
0.000270
0.000260
0.000258
0.000272
0.000291
0.000304
0.000307
0.000306
0.000300
0.000291
0.000281
0.000273
0.000266
0.000262
0.000267
0.000279
0.000291
0.000298
0.000302
0.000308
0.000313
0.000313
0.000317
0.000329
0.000346
0.000357
0.000364
0.000375
0.000392
0.000406
0.000407
0.000400
0.000393
0.000388
0.000387
0.000390
0.000393
0.000390
0.000378
0.000360
0.000334
0.000305
0.000283
0.000278
0.000286
0.000290
0.000288
0.000294
0.000319
0.000347
0.000360
0.000359
0.000357
0.000361
0.000366
0.000365
0.000360
0.000349
0.000338
0.000333
0.000340
0.000353
0.000355
0.000343
0.000328
0.000321
0.000324
0.000332
0.000345
0.000364
0.000387
0.000411
0.000427
0.000430
0.000411
0.000370
0.000317
0.000271
0.000244
0.000240
0.000246
0.000246
0.000234
0.000220
0.000212
0.000210
0.000207
0.000204
0.000208
0.000217
0.000223
0.000218
0.000207
0.000194
0.000180
0.000171
0.000176
0.000203
0.000238
0.000266
0.000279
0.000287
0.000298
0.000308
0.000308
0.000293
0.000271
0.000260
0.000267
0.000287
0.000301
0.000297
0.000281
0.000270
0.000275
0.000296
0.000322
0.000338
0.000337
0.000321
0.000305
0.000301
0.000305
0.000307
0.000303
0.000295
0.000282
0.000265
0.000247
0.000235
0.000225
0.000203
0.000162
0.000119
0.000096
0.000107
0.000143
0.000189
0.000231
0.000262
0.000277
0.000283
0.000292
0.000313
0.000338
0.000353
0.000353
0.000344
0.000332
0.000319
0.000303
0.000289
0.000281
0.000281
0.000286
0.000289
0.000286
0.000277
0.000271
0.000277
0.000295
0.000313
0.000320
0.000315
0.000310
0.000311
0.000318
0.000327
0.000333
0.000332
0.000320
0.000300
0.000280
0.000268
0.000265
0.000269
0.000278
0.000289
0.000297
0.000297
0.000289
0.000276
0.000267
0.000272
0.000296
0.000329
0.000352
0.000348
0.000324
0.000300
0.000292
0.000301
0.000316
0.000326
0.000337
0.000356
0.000384
0.000400
0.000389
0.000353
0.000317
0.000305
0.000319
0.000344
0.000368
0.000384
0.000390
0.000387
0.000377
0.000360
0.000334
0.000304
0.000280
0.000274
0.000284
0.000301
0.000319
0.000330
0.000330
0.000318
0.000303
0.000298
0.000308
0.000329
0.000349
0.000358
0.000347
0.000318
0.000281
0.000249
0.000223
0.000200
0.000184
0.000181
0.000190
0.000201
0.000209
0.000226
0.000262
0.000307
0.000344
0.000359
0.000349
0.000326
0.000307
0.000308
0.000330
0.000352
0.000351
0.000322
0.000280
0.000246
0.000230
0.000231
0.000238
0.000243
0.000242
0.000244
0.000260
0.000288
0.000312
0.000325
0.000337
0.000358
0.000382
0.000392
0.000382
0.000363
0.000345
0.000334
0.000327
0.000321
0.000315
0.000307
0.000300
0.000295
0.000291
0.000285
0.000280
0.000278
0.000279
0.000275
0.000266
0.000265
0.000282
0.000315
0.000351
0.000375
0.000379
0.000360
0.000323
0.000283
0.000256
0.000250
0.000258
0.000271
0.000280
0.000284
0.000281
0.000269
0.000251
0.000238
0.000242
0.000269
0.000310
0.000346
0.000363
0.000359
0.000340
0.000314
0.000284
0.000260
0.000245
0.000242
0.000247
0.000261
0.000288
0.000323
0.000352
0.000365
0.000367
0.000369
0.000369
0.000358
0.000342
0.000336
0.000352
0.000382
0.000407
0.000421
0.000422
0.000410
0.000379
0.000340
0.000308
0.000290
0.000280
0.000267
0.000255
0.000252
0.000256
0.000263
0.000273
0.000286
0.000299
0.000302
0.000297
0.000298
0.000310
0.000321
0.000317
0.000298
0.000272
0.000247
0.000227
0.000219
0.000223
0.000232
0.000238
0.000244
0.000259
0.000281
0.000300
0.000313
0.000327
0.000341
0.000345
0.000336
0.000324
0.000326
0.000342
0.000361
0.000378
0.000391
0.000401
0.000405
0.000402
0.000394
0.000379
0.000358
0.000342
0.000339
0.000347
0.000355
0.000357
0.000361
0.000375
0.000396
0.000411
0.000409
0.000387
0.000350
0.000311
0.000280
0.000264
0.000254
0.000247
0.000247
0.000257
0.000274
0.000285
0.000279
0.000262
0.000248
0.000244
0.000247
0.000247
0.000241
0.000238
0.000243
0.000254
0.000265
0.000276
0.000293
0.000312
0.000321
0.000313
0.000293
0.000273
0.000260
0.000250
0.000247
0.000257
0.000281
0.000310
0.000333
0.000344
0.000343
0.000332
0.000314
0.000302
0.000309
0.000336
0.000365
0.000379
0.000379
0.000381
0.000390
0.000402
0.000404
0.000396
0.000380
0.000364
0.000348
0.000335
0.000321
0.000306
0.000289
0.000276
0.000271
0.000270
0.000277
0.000296
0.000327
0.000351
0.000356
0.000344
0.000333
0.000327
0.000314
0.000287
0.000253
0.000221
0.000194
0.000171
0.000157
0.000150
0.000139
0.000119
0.000098
0.000093
0.000104
0.000117
0.000126
0.000138
0.000162
0.000196
0.000230
0.000263
0.000296
0.000332
0.000365
0.000388
0.000392
0.000378
0.000357
0.000340
0.000327
0.000314
0.000306
0.000314
0.000337
0.000362
0.000375
0.000375
0.000368
0.000358
0.000351
0.000356
0.000376
0.000400
0.000407
0.000388
0.000351
0.000315
0.000289
0.000276
0.000275
0.000278
0.000272
0.000252
0.000230
0.000224
0.000245
0.000285
0.000334
0.000382
0.000418
0.000429
0.000416
0.000393
0.000378
0.000376
0.000378
0.000375
0.000369
0.000364
0.000358
0.000351
0.000344
0.000341
0.000344
0.000349
0.000355
0.000365
0.000376
0.000384
0.000384
0.000379
0.000375
0.000377
0.000378
0.000366
0.000340
0.000311
0.000290
0.000273
0.000251
0.000221
0.000200
0.000203
0.000229
0.000261
0.000289
0.000314
0.000335
0.000348
0.000349
0.000341
0.000330
0.000320
0.000310
0.000302
0.000294
0.000285
0.000273
0.000265
0.000264
0.000267
0.000268
0.000269
0.000276
0.000289
0.000306
0.000325
0.000348
0.000372
0.000386
0.000382
0.000355
0.000315
0.000277
0.000248
0.000230
0.000218
0.000212
0.000211
0.000209
0.000198
0.000174
0.000148
0.000132
0.000135
0.000149
0.000165
0.000176
0.000184
0.000192
0.000210
0.000241
0.000276
0.000302
0.000306
0.000289
0.000262
0.000238
0.000224
0.000225
0.000243
0.000275
0.000309
0.000330
0.000324
0.000288
0.000239
0.000201
0.000186
0.000197
0.000225
0.000263
0.000301
0.000329
0.000344
0.000349
0.000351
0.000349
0.000338
0.000319
0.000301
0.000289
0.000280
0.000269
0.000256
0.000244
0.000234
0.000229
0.000228
0.000227
0.000221
0.000220
0.000235
0.000265
0.000286
0.000275
0.000237
0.000198
0.000182
0.000193
0.000224
0.000266
0.000308
0.000337
0.000352
0.000357
0.000361
0.000359
0.000343
0.000315
0.000288
0.000271
0.000266
0.000264
0.000262
0.000258
0.000250
0.000239
0.000233
0.000235
0.000241
0.000239
0.000230
0.000224
0.000233
0.000250
0.000259
0.000248
0.000226
0.000211
0.000211
0.000221
0.000229
0.000230
0.000224
0.000216
0.000211
0.000209
0.000206
0.000204
0.000204
0.000209
0.000223
0.000241
0.000256
0.000259
0.000250
0.000235
0.000228
0.000233
0.000246
0.000259
0.000264
0.000258
0.000247
0.000243
0.000257
0.000288
0.000322
0.000345
0.000359
0.000367
0.000370
0.000365
0.000350
0.000331
0.000313
0.000297
0.000284
0.000274
0.000259
0.000229
0.000186
0.000140
0.000104
0.000083
0.000080
0.000096
0.000128
0.000169
0.000218
0.000275
0.000329
0.000361
0.000366
0.000367
0.000385
0.000411
0.000414
0.000380
0.000324
0.000269
0.000226
0.000198
0.000193
0.000213
0.000246
0.000275
0.000296
0.000309
0.000314
0.000308
0.000295
0.000280
0.000263
0.000243
0.000222
0.000203
0.000185
0.000171
0.000168
0.000186
0.000222
0.000259
0.000280
0.000280
0.000273
0.000276
0.000290
0.000302
0.000296
0.000274
0.000248
0.000228
0.000212
0.000199
0.000193
0.000197
0.000205
0.000214
0.000228
0.000253
0.000281
0.000297
0.000292
0.000275
0.000258
0.000245
0.000238
0.000236
0.000241
0.000250
0.000261
0.000270
0.000275
0.000281
0.000292
0.000305
0.000315
0.000317
0.000316
0.000310
0.000297
0.000276
0.000255
0.000242
0.000232
0.000217
0.000207
0.000224
0.000271
0.000326
0.000363
0.000372
0.000360
0.000341
0.000325
0.000321
0.000329
0.000337
0.000337
0.000331
0.000328
0.000331
0.000330
0.000319
0.000298
0.000277
0.000267
0.000270
0.000277
0.000280
0.000274
0.000262
0.000247
0.000237
0.000235
0.000241
0.000251
0.000256
0.000251
0.000238
0.000223
0.000212
0.000214
0.000236
0.000274
0.000308
0.000321
0.000308
0.000280
0.000253
0.000236
0.000231
0.000232
0.000237
0.000242
0.000245
0.000252
0.000264
0.000283
0.000300
0.000309
0.000312
0.000315
0.000321
0.000320
0.000305
0.000284
0.000268
0.000258
0.000242
0.000216
0.000190
0.000180
0.000186
0.000201
0.000218
0.000235
0.000248
0.000255
0.000264
0.000282
0.000306
0.000324
0.000334
0.000343
0.000358
0.000372
0.000373
0.000358
0.000337
0.000315
0.000294
0.000273
0.000262
0.000267
0.000279
0.000283
0.000274
0.000269
0.000282
0.000312
0.000336
0.000342
0.000334
0.000319
0.000300
0.000270
0.000230
0.000192
0.000169
0.000164
0.000166
0.000157
0.000133
0.000106
0.000099
0.000120
0.000163
0.000216
0.000269
0.000307
0.000321
0.000316
0.000310
0.000314
0.000323
0.000326
0.000320
0.000311
0.000304
0.000300
0.000302
0.000308
0.000313
0.000307
0.000295
0.000283
0.000278
0.000274
0.000270
0.000271
0.000280
0.000295
0.000303
0.000295
0.000271
0.000248
0.000240
0.000249
0.000259
0.000261
0.000266
0.000284
0.000314
0.000341
0.000357
0.000365
0.000369
0.000366
0.000355
0.000338
0.000315
0.000288
0.000262
0.000249
0.000254
0.000274
0.000304
0.000335
0.000358
0.000366
0.000364
0.000363
0.000370
0.000379
0.000390
0.000408
0.000435
0.000456
0.000457
0.000433
0.000393
0.000356
0.000339
0.000348
0.000372
0.000387
0.000382
0.000366
0.000350
0.000329
0.000297
0.000260
0.000232
0.000226
0.000242
0.000270
0.000297
0.000305
0.000286
0.000251
0.000220
0.000201
0.000195
0.000194
0.000193
0.000186
0.000174
0.000172
0.000192
0.000225
0.000247
0.000247
0.000235
0.000225
0.000220
0.000215
0.000207
0.000203
0.000211
0.000238
0.000282
0.000326
0.000352
0.000353
0.000338
0.000316
0.000290
0.000260
0.000232
0.000213
0.000206
0.000208
0.000226
0.000265
0.000317
0.000362
0.000378
0.000359
0.000315
0.000269
0.000242
0.000242
0.000262
0.000287
0.000303
0.000307
0.000309
0.000320
0.000341
0.000362
0.000371
0.000364
0.000345
0.000319
0.000294
0.000282
0.000291
0.000314
0.000335
0.000338
0.000323
0.000297
0.000270
0.000247
0.000236
0.000241
0.000256
0.000273
0.000281
0.000279
0.000271
0.000266
0.000272
0.000294
0.000328
0.000360
0.000378
0.000379
0.000369
0.000360
0.000363
0.000379
0.000394
0.000391
0.000372
0.000351
0.000343
0.000350
0.000364
0.000379
0.000391
0.000400
0.000402
0.000395
0.000386
0.000382
0.000385
0.000384
0.000370
0.000340
0.000307
0.000284
0.000275
0.000276
0.000276
0.000267
0.000243
0.000206
0.000174
0.000170
0.000198
0.000238
0.000265
0.000271
0.000269
0.000272
0.000280
0.000286
0.000294
0.000310
0.000334
0.000357
0.000377
0.000400
0.000429
0.000454
0.000457
0.000437
0.000406
0.000379
0.000359
0.000343
0.000325
0.000302
0.000273
0.000249
0.000245
0.000261
0.000277
0.000280
0.000273
0.000270
0.000273
0.000272
0.000260
0.000244
0.000233
0.000225
0.000216
0.000206
0.000201
0.000205
0.000214
0.000227
0.000244
0.000258
0.000261
0.000250
0.000234
0.000220
0.000211
0.000205
0.000196
0.000183
0.000170
0.000160
0.000159
0.000164
0.000168
0.000168
0.000171
0.000190
0.000224
0.000263
0.000292
0.000303
0.000297
0.000275
0.000244
0.000216
0.000198
0.000187
0.000168
0.000140
0.000117
0.000118
0.000144
0.000185
0.000233
0.000286
0.000336
0.000365
0.000361
0.000336
0.000311
0.000302
0.000306
0.000321
0.000345
0.000374
0.000399
0.000411
0.000412
0.000408
0.000401
0.000390
0.000377
0.000366
0.000360
0.000358
0.000357
0.000350
0.000331
0.000304
0.000285
0.000291
0.000319
0.000345
0.000348
0.000334
0.000323
0.000325
0.000333
0.000333
0.000322
0.000309
0.000299
0.000289
0.000275
0.000259
0.000247
0.000241
0.000237
0.000229
0.000220
0.000220
0.000227
0.000236
0.000241
0.000247
0.000259
0.000274
0.000283
0.000282
0.000273
0.000262
0.000257
0.000267
0.000293
0.000323
0.000339
0.000335
0.000323
0.000317
0.000316
0.000316
0.000320
0.000332
0.000349
0.000359
0.000358
0.000349
0.000339
0.000334
0.000333
0.000330
0.000318
0.000299
0.000283
0.000284
0.000294
0.000298
0.000287
0.000276
0.000282
0.000304
0.000325
0.000322
0.000295
0.000260
0.000238
0.000235
0.000242
0.000250
0.000257
0.000266
0.000274
0.000275
0.000272
0.000281
0.000313
0.000358
0.000396
0.000415
0.000415
0.000400
0.000376
0.000346
0.000318
0.000301
0.000303
0.000321
0.000344
0.000358
0.000359
0.000357
0.000361
0.000367
0.000368
0.000362
0.000361
0.000370
0.000383
0.000388
0.000374
0.000346
0.000317
0.000306
0.000320
0.000352
0.000389
0.000415
0.000424
0.000417
0.000399
0.000383
0.000374
0.000367
0.000355
0.000334
0.000310
0.000285
0.000260
0.000244
0.000251
0.000281
0.000315
0.000326
0.000310
0.000284
0.000268
0.000265
0.000260
0.000247
0.000234
0.000236
0.000262
0.000304
0.000342
0.000362
0.000367
0.000367
0.000366
0.000363
0.000357
0.000354
0.000355
0.000352
0.000339
0.000318
0.000298
0.000283
0.000272
0.000265
0.000265
0.000272
0.000277
0.000273
0.000264
0.000263
0.000278
0.000305
0.000329
0.000342
0.000347
0.000357
0.000373
0.000384
0.000381
0.000372
0.000364
0.000357
0.000340
0.000312
0.000290
0.000291
0.000313
0.000339
0.000351
0.000345
0.000329
0.000319
0.000325
0.000342
0.000358
0.000364
0.000367
0.000374
0.000381
0.000381
0.000367
0.000340
0.000302
0.000263
0.000237
0.000234
0.000247
0.000263
0.000277
0.000297
0.000324
0.000344
0.000345
0.000329
0.000311
0.000301
0.000304
0.000315
0.000322
0.000319
0.000305
0.000289
0.000276
0.000268
0.000267
0.000276
0.000296
0.000321
0.000343
0.000360
0.000370
0.000366
0.000341
0.000302
0.000270
0.000265
0.000287
0.000322
0.000353
0.000365
0.000359
0.000341
0.000325
0.000322
0.000332
0.000339
0.000329
0.000302
0.000275
0.000261
0.000253
0.000240
0.000221
0.000207
0.000210
0.000228
0.000253
0.000278
0.000296
0.000308
0.000320
0.000347
0.000388
0.000421
0.000421
0.000385
0.000332
0.000283
0.000246
0.000220
0.000204
0.000199
0.000204
0.000212
0.000216
0.000216
0.000218
0.000226
0.000245
0.000275
0.000317
0.000364
0.000398
0.000406
0.000391
0.000367
0.000344
0.000321
0.000294
0.000270
0.000251
0.000232
0.000206
0.000180
0.000168
0.000173
0.000184
0.000196
0.000210
0.000230
0.000249
0.000262
0.000273
0.000285
0.000296
0.000299
0.000296
0.000298
0.000312
0.000335
0.000359
0.000371
0.000366
0.000349
0.000333
0.000326
0.000327
0.000332
0.000339
0.000346
0.000348
0.000339
0.000318
0.000294
0.000279
0.000275
0.000277
0.000279
0.000286
0.000297
0.000303
0.000291
0.000264
0.000241
0.000237
0.000244
0.000247
0.000244
0.000246
0.000258
0.000270
0.000274
0.000276
0.000279
0.000280
0.000273
0.000260
0.000242
0.000214
0.000176
0.000143
0.000130
0.000134
0.000140
0.000143
0.000144
0.000147
0.000148
0.000147
0.000153
0.000163
0.000169
0.000168
0.000167
0.000177
0.000197
0.000218
0.000230
0.000231
0.000222
0.000210
0.000203
0.000201
0.000202
0.000202
0.000204
0.000210
0.000216
0.000220
0.000227
0.000242
0.000258
0.000271
0.000280
0.000293
0.000308
0.000321
0.000328
0.000334
0.000346
0.000361
0.000367
0.000357
0.000331
0.000296
0.000266
0.000253
0.000262
0.000286
0.000312
0.000333
0.000346
0.000348
0.000338
0.000319
0.000302
0.000295
0.000294
0.000285
0.000261
0.000231
0.000215
0.000229
0.000269
0.000320
0.000362
0.000380
0.000370
0.000342
0.000312
0.000292
0.000281
0.000277
0.000282
0.000298
0.000321
0.000340
0.000358
0.000386
0.000434
0.000492
0.000541
0.000560
0.000546
0.000508
0.000459
0.000410
0.000368
0.000336
0.000310
0.000292
0.000283
0.000284
0.000293
0.000306
0.000313
0.000314
0.000313
0.000321
0.000342
0.000367
0.000385
0.000393
0.000393
0.000385
0.000367
0.000340
0.000319
0.000311
0.000309
0.000301
0.000286
0.000280
0.000288
0.000299
0.000299
0.000287
0.000270
0.000254
0.000240
0.000235
0.000245
0.000264
0.000274
0.000267
0.000252
0.000247
0.000251
0.000249
0.000233
0.000211
0.000197
0.000192
0.000187
0.000179
0.000179
0.000195
0.000221
0.000243
0.000251
0.000254
0.000265
0.000289
0.000316
0.000328
0.000316
0.000288
0.000263
0.000258
0.000273
0.000294
0.000305
0.000299
0.000278
0.000248
0.000216
0.000191
0.000177
0.000172
0.000174
0.000182
0.000193
0.000199
0.000195
0.000183
0.000172
0.000166
0.000165
0.000163
0.000160
0.000157
0.000162
0.000187
0.000227
0.000261
0.000263
0.000234
0.000203
0.000196
0.000213
0.000237
0.000252
0.000254
0.000241
0.000222
0.000213
0.000224
0.000249
0.000271
0.000279
0.000280
0.000280
0.000276
0.000266
0.000255
0.000246
0.000236
0.000221
0.000204
0.000200
0.000220
0.000258
0.000295
0.000319
0.000331
0.000335
0.000332
0.000320
0.000310
0.000315
0.000336
0.000357
0.000368
0.000372
0.000383
0.000396
0.000398
0.000382
0.000351
0.000314
0.000276
0.000256
0.000266
0.000300
0.000327
0.000323
0.000291
0.000255
0.000230
0.000217
0.000216
0.000222
0.000225
0.000222
0.000225
0.000251
0.000299
0.000349
0.000375
0.000373
0.000350
0.000314
0.000277
0.000250
0.000238
0.000234
0.000223
0.000203
0.000188
0.000193
0.000219
0.000250
0.000274
0.000293
0.000313
0.000333
0.000339
0.000324
0.000297
0.000275
0.000264
0.000264
0.000272
0.000284
0.000291
0.000281
0.000249
0.000204
0.000163
0.000132
0.000109
0.000094
0.000096
0.000117
0.000152
0.000191
0.000230
0.000267
0.000300
0.000324
0.000333
0.000331
0.000325
0.000320
0.000314
0.000306
0.000301
0.000303
0.000308
0.000306
0.000301
0.000302
0.000312
0.000319
0.000309
0.000286
0.000264
0.000245
0.000220
0.000195
0.000184
0.000197
0.000219
0.000235
0.000248
0.000263
0.000276
0.000276
0.000272
0.000285
0.000315
0.000333
0.000320
0.000285
0.000253
0.000242
0.000251
0.000274
0.000301
0.000322
0.000324
0.000310
0.000289
0.000271
0.000261
0.000262
0.000275
0.000291
0.000296
0.000283
0.000264
0.000253
0.000249
0.000246
0.000235
0.000219
0.000201
0.000185
0.000178
0.000186
0.000213
0.000252
0.000287
0.000306
0.000314
0.000324
0.000343
0.000364
0.000368
0.000350
0.000318
0.000286
0.000262
0.000251
0.000256
0.000281
0.000319
0.000359
0.000385
0.000384
0.000352
0.000301
0.000255
0.000230
0.000223
0.000221
0.000225
0.000241
0.000269
0.000297
0.000320
0.000345
0.000378
0.000410
0.000417
0.000394
0.000351
0.000307
0.000273
0.000258
0.000267
0.000299
0.000344
0.000387
0.000417
0.000426
0.000413
0.000384
0.000357
0.000345
0.000345
0.000341
0.000320
0.000288
0.000259
0.000243
0.000240
0.000247
0.000257
0.000257
0.000243
0.000228
0.000226
0.000244
0.000269
0.000290
0.000306
0.000321
0.000330
0.000325
0.000309
0.000296
0.000296
0.000306
0.000317
0.000318
0.000308
0.000288
0.000267
0.000251
0.000245
0.000248
0.000260
0.000283
0.000313
0.000340
0.000359
0.000366
0.000366
0.000362
0.000357
0.000353
0.000350
0.000338
0.000318
0.000302
0.000306
0.000329
0.000342
0.000323
0.000277
0.000226
0.000189
0.000171
0.000170
0.000183
0.000202
0.000218
0.000226
0.000229
0.000232
0.000235
0.000244
0.000261
0.000285
0.000310
0.000334
0.000361
0.000387
0.000403
0.000398
0.000376
0.000347
0.000324
0.000316
0.000328
0.000346
0.000351
0.000333
0.000304
0.000288
0.000296
0.000322
0.000358
0.000397
0.000426
0.000430
0.000409
0.000373
0.000337
0.000311
0.000302
0.000314
0.000335
0.000347
0.000343
0.000332
0.000324
0.000317
0.000307
0.000297
0.000293
0.000294
0.000298
0.000307
0.000321
0.000333
0.000333
0.000323
0.000312
0.000308
0.000311
0.000317
0.000318
0.000309
0.000289
0.000271
0.000259
0.000250
0.000235
0.000221
0.000225
0.000255
0.000299
0.000338
0.000364
0.000378
0.000385
0.000386
0.000380
0.000359
0.000315
0.000253
0.000191
0.000145
0.000121
0.000119
0.000139
0.000177
0.000215
0.000237
0.000241
0.000237
0.000239
0.000244
0.000242
0.000232
0.000225
0.000230
0.000246
0.000263
0.000281
0.000303
0.000328
0.000340
0.000325
0.000290
0.000259
0.000249
0.000257
0.000266
0.000260
0.000238
0.000215
0.000212
0.000228
0.000244
0.000246
0.000243
0.000254
0.000276
0.000288
0.000285
0.000283
0.000299
0.000322
0.000332
0.000323
0.000300
0.000264
0.000217
0.000174
0.000157
0.000171
0.000197
0.000219
0.000234
0.000248
0.000264
0.000278
0.000283
0.000280
0.000275
0.000276
0.000291
0.000314
0.000338
0.000356
0.000365
0.000361
0.000338
0.000303
0.000271
0.000253
0.000245
0.000236
0.000219
0.000192
0.000165
0.000154
0.000169
0.000207
0.000248
0.000274
0.000281
0.000278
0.000274
0.000276
0.000287
0.000304
0.000321
0.000327
0.000321
0.000312
0.000309
0.000312
0.000316
0.000319
0.000325
0.000336
0.000339
0.000319
0.000275
0.000227
0.000200
0.000202
0.000221
0.000244
0.000260
0.000270
0.000275
0.000280
0.000284
0.000281
0.000262
0.000231
0.000207
0.000204
0.000224
0.000253
0.000279
0.000288
0.000275
0.000247
0.000224
0.000221
0.000236
0.000255
0.000271
0.000287
0.000302
0.000312
0.000315
0.000322
0.000342
0.000370
0.000391
0.000397
0.000390
0.000382
0.000381
0.000390
0.000409
0.000432
0.000455
0.000468
0.000468
0.000459
0.000452
0.000454
0.000450
0.000421
0.000363
0.000297
0.000257
0.000258
0.000286
0.000319
0.000342
0.000352
0.000358
0.000362
0.000365
0.000365
0.000364
0.000360
0.000359
0.000369
0.000390
0.000414
0.000426
0.000419
0.000401
0.000385
0.000379
0.000383
0.000393
0.000398
0.000386
0.000361
0.000340
0.000338
0.000347
0.000349
0.000338
0.000328
0.000333
0.000352
0.000374
0.000392
0.000400
0.000393
0.000377
0.000365
0.000366
0.000371
0.000366
0.000344
0.000313
0.000288
0.000277
0.000286
0.000311
0.000339
0.000356
0.000354
0.000338
0.000320
0.000308
0.000305
0.000305
0.000300
0.000288
0.000277
0.000276
0.000282
0.000281
0.000269
0.000251
0.000237
0.000232
0.000235
0.000241
0.000241
0.000232
0.000213
0.000198
0.000197
0.000215
0.000246
0.000276
0.000291
0.000287
0.000277
0.000277
0.000292
0.000315
0.000338
0.000360
0.000380
0.000395
0.000403
0.000410
0.000416
0.000417
0.000406
0.000390
0.000381
0.000382
0.000383
0.000374
0.000352
0.000318
0.000275
0.000232
0.000196
0.000170
0.000155
0.000155
0.000172
0.000198
0.000216
0.000218
0.000213
0.000219
0.000244
0.000276
0.000295
0.000285
0.000250
0.000209
0.000188
0.000192
0.000208
0.000219
0.000226
0.000239
0.000261
0.000286
0.000306
0.000318
0.000322
0.000317
0.000307
0.000295
0.000281
0.000260
0.000234
0.000213
0.000203
0.000201
0.000202
0.000198
0.000191
0.000184
0.000187
0.000207
0.000238
0.000264
0.000273
0.000268
0.000257
0.000251
0.000253
0.000264
0.000279
0.000288
0.000287
0.000281
0.000278
0.000281
0.000289
0.000299
0.000307
0.000311
0.000312
0.000316
0.000325
0.000335
0.000335
0.000325
0.000309
0.000293
0.000277
0.000258
0.000246
0.000255
0.000284
0.000316
0.000330
0.000324
0.000321
0.000341
0.000374
0.000392
0.000377
0.000334
0.000284
0.000242
0.000215
0.000203
0.000194
0.000177
0.000154
0.000141
0.000154
0.000189
0.000227
0.000259
0.000282
0.000297
0.000304
0.000309
0.000317
0.000325
0.000321
0.000302
0.000283
0.000280
0.000291
0.000301
0.000298
0.000285
0.000273
0.000273
0.000289
0.000318
0.000348
0.000375
0.000399
0.000417
0.000418
0.000399
0.000370
0.000346
0.000329
0.000315
0.000304
0.000303
0.000314
0.000330
0.000341
0.000343
0.000342
0.000347
0.000361
0.000384
0.000408
0.000426
0.000437
0.000436
0.000426
0.000415
0.000410
0.000409
0.000397
0.000367
0.000332
0.000312
0.000311
0.000314
0.000314
0.000311
0.000304
0.000285
0.000256
0.000233
0.000229
0.000238
0.000244
0.000238
0.000224
0.000209
0.000194
0.000187
0.000201
0.000241
0.000290
0.000325
0.000336
0.000329
0.000316
0.000300
0.000279
0.000255
0.000238
0.000233
0.000236
0.000247
0.000269
0.000304
0.000336
0.000346
0.000325
0.000288
0.000255
0.000240
0.000243
0.000260
0.000281
0.000299
0.000306
0.000299
0.000284
0.000272
0.000269
0.000268
0.000260
0.000242
0.000226
0.000223
0.000233
0.000242
0.000235
0.000209
0.000167
0.000120
0.000089
0.000090
0.000117
0.000148
0.000164
0.000168
0.000174
0.000191
0.000214
0.000228
0.000222
0.000198
0.000175
0.000174
0.000209
0.000267
0.000323
0.000352
0.000345
0.000307
0.000259
0.000224
0.000208
0.000195
0.000174
0.000156
0.000165
0.000207
0.000260
0.000298
0.000316
0.000324
0.000330
0.000334
0.000334
0.000326
0.000310
0.000295
0.000294
0.000314
0.000346
0.000370
0.000375
0.000363
0.000345
0.000332
0.000329
0.000331
0.000331
0.000329
0.000335
0.000351
0.000371
0.000385
0.000392
0.000395
0.000388
0.000364
0.000324
0.000288
0.000271
0.000272
0.000280
0.000285
0.000292
0.000304
0.000319
0.000327
0.000322
0.000304
0.000282
0.000269
0.000269
0.000279
0.000286
0.000280
0.000261
0.000236
0.000218
0.000212
0.000218
0.000236
0.000262
0.000288
0.000305
0.000310
0.000311
0.000318
0.000332
0.000349
0.000362
0.000370
0.000374
0.000375
0.000371
0.000364
0.000355
0.000343
0.000331
0.000322
0.000317
0.000315
0.000309
0.000291
0.000263
0.000232
0.000211
0.000201
0.000198
0.000203
0.000226
0.000263
0.000298
0.000312
0.000309
0.000306
0.000310
0.000316
0.000321
0.000327
0.000339
0.000354
0.000372
0.000392
0.000413
0.000427
0.000430
0.000423
0.000404
0.000373
0.000338
0.000306
0.000283
0.000263
0.000244
0.000234
0.000240
0.000259
0.000284
0.000311
0.000335
0.000351
0.000362
0.000379
0.000410
0.000439
0.000443
0.000419
0.000388
0.000375
0.000386
0.000412
0.000433
0.000438
0.000429
0.000418
0.000417
0.000425
0.000431
0.000426
0.000411
0.000390
0.000369
0.000350
0.000332
0.000316
0.000301
0.000288
0.000274
0.000253
0.000225
0.000200
0.000193
0.000209
0.000241
0.000275
0.000297
0.000302
0.000294
0.000288
0.000298
0.000320
0.000341
0.000354
0.000360
0.000366
0.000372
0.000381
0.000395
0.000403
0.000395
0.000375
0.000363
0.000370
0.000390
0.000403
0.000398
0.000375
0.000340
0.000305
0.000281
0.000265
0.000245
0.000214
0.000181
0.000157
0.000139
0.000123
0.000117
0.000131
0.000159
0.000181
0.000188
0.000186
0.000183
0.000183
0.000186
0.000195
0.000209
0.000223
0.000236
0.000249
0.000268
0.000293
0.000321
0.000345
0.000358
0.000360
0.000359
0.000357
0.000346
0.000315
0.000276
0.000252
0.000250
0.000255
0.000248
0.000231
0.000219
0.000218
0.000225
0.000237
0.000252
0.000267
0.000281
0.000296
0.000306
0.000305
0.000294
0.000281
0.000276
0.000278
0.000281
0.000284
0.000287
0.000290
0.000295
0.000308
0.000331
0.000353
0.000361
0.000352
0.000342
0.000339
0.000340
0.000335
0.000314
0.000277
0.000232
0.000197
0.000182
0.000180
0.000175
0.000161
0.000148
0.000146
0.000155
0.000172
0.000194
0.000224
0.000253
0.000273
0.000285
0.000290
0.000290
0.000286
0.000282
0.000286
0.000301
0.000325
0.000352
0.000372
0.000380
0.000378
0.000368
0.000351
0.000327
0.000301
0.000288
0.000298
0.000325
0.000353
0.000366
0.000362
0.000346
0.000324
0.000306
0.000296
0.000297
0.000304
0.000307
0.000300
0.000279
0.000247
0.000214
0.000193
0.000191
0.000203
0.000223
0.000246
0.000269
0.000290
0.000308
0.000325
0.000348
0.000380
0.000418
0.000452
0.000469
0.000466
0.000451
0.000441
0.000439
0.000432
0.000407
0.000367
0.000332
0.000313
0.000307
0.000300
0.000289
0.000281
0.000281
0.000286
0.000291
0.000294
0.000295
0.000296
0.000295
0.000293
0.000291
0.000291
0.000293
0.000296
0.000297
0.000297
0.000297
0.000293
0.000279
0.000255
0.000230
0.000214
0.000207
0.000204
0.000208
0.000222
0.000241
0.000253
0.000249
0.000236
0.000231
0.000244
0.000266
0.000280
0.000278
0.000270
0.000269
0.000273
0.000271
0.000257
0.000244
0.000251
0.000277
0.000299
0.000305
0.000302
0.000304
0.000306
0.000297
0.000279
0.000262
0.000250
0.000236
0.000225
0.000230
0.000252
0.000271
0.000268
0.000253
0.000248
0.000259
0.000279
0.000300
0.000325
0.000353
0.000377
0.000392
0.000401
0.000406
0.000408
0.000408
0.000409
0.000413
0.000407
0.000379
0.000330
0.000272
0.000220
0.000184
0.000164
0.000159
0.000162
0.000166
0.000169
0.000177
0.000196
0.000222
0.000239
0.000238
0.000220
0.000199
0.000190
0.000195
0.000209
0.000226
0.000242
0.000257
0.000272
0.000287
0.000302
0.000314
0.000320
0.000322
0.000324
0.000319
0.000298
0.000260
0.000225
0.000212
0.000224
0.000243
0.000259
0.000268
0.000274
0.000272
0.000261
0.000252
0.000259
0.000284
0.000312
0.000332
0.000341
0.000346
0.000354
0.000364
0.000373
0.000382
0.000384
0.000374
0.000349
0.000321
0.000307
0.000315
0.000327
0.000323
0.000298
0.000268
0.000250
0.000241
0.000229
0.000208
0.000190
0.000185
0.000188
0.000187
0.000177
0.000164
0.000156
0.000158
0.000174
0.000205
0.000242
0.000268
0.000270
0.000250
0.000225
0.000212
0.000209
0.000205
0.000193
0.000179
0.000176
0.000193
0.000224
0.000255
0.000273
0.000274
0.000263
0.000249
0.000244
0.000248
0.000254
0.000257
0.000258
0.000254
0.000240
0.000218
0.000201
0.000207
0.000237
0.000273
0.000297
0.000312
0.000330
0.000354
0.000379
0.000401
0.000420
0.000432
0.000429
0.000412
0.000393
0.000384
0.000386
0.000390
0.000393
0.000392
0.000388
0.000379
0.000361
0.000332
0.000294
0.000257
0.000232
0.000221
0.000214
0.000212
0.000225
0.000259
0.000300
0.000331
0.000346
0.000359
0.000372
0.000370
0.000336
0.000275
0.000210
0.000166
0.000156
0.000179
0.000224
0.000272
0.000302
0.000308
0.000298
0.000293
0.000303
0.000325
0.000349
0.000370
0.000386
0.000395
0.000389
0.000371
0.000358
0.000363
0.000380
0.000389
0.000385
0.000384
0.000396
0.000410
0.000412
0.000403
0.000395
0.000387
0.000366
0.000325
0.000284
0.000265
0.000274
0.000294
0.000310
0.000314
0.000309
0.000298
0.000286
0.000286
0.000303
0.000331
0.000351
0.000351
0.000336
0.000318
0.000302
0.000284
0.000261
0.000241
0.000237
0.000250
0.000272
0.000299
0.000329
0.000358
0.000378
0.000381
0.000365
0.000338
0.000309
0.000290
0.000291
0.000311
0.000335
0.000345
0.000336
0.000315
0.000293
0.000273
0.000255
0.000244
0.000247
0.000266
0.000295
0.000322
0.000340
0.000349
0.000353
0.000358
0.000367
0.000377
0.000382
0.000380
0.000380
0.000390
0.000402
0.000400
0.000377
0.000353
0.000354
0.000382
0.000412
0.000417
0.000396
0.000366
0.000339
0.000315
0.000296
0.000284
0.000283
0.000285
0.000287
0.000289
0.000293
0.000300
0.000309
0.000315
0.000316
0.000312
0.000310
0.000316
0.000325
0.000325
0.000309
0.000289
0.000275
0.000265
0.000251
0.000230
0.000212
0.000200
0.000188
0.000168
0.000148
0.000144
0.000162
0.000192
0.000220
0.000241
0.000260
0.000276
0.000287
0.000292
0.000296
0.000302
0.000298
0.000283
0.000268
0.000270
0.000284
0.000291
0.000280
0.000265
0.000259
0.000260
0.000259
0.000258
0.000266
0.000282
0.000292
0.000283
0.000266
0.000254
0.000256
0.000266
0.000277
0.000287
0.000299
0.000317
0.000345
0.000381
0.000417
0.000439
0.000437
0.000409
0.000367
0.000332
0.000317
0.000321
0.000336
0.000355
0.000372
0.000382
0.000376
0.000359
0.000340
0.000327
0.000317
0.000305
0.000294
0.000291
0.000297
0.000301
0.000299
0.000296
0.000295
0.000299
0.000308
0.000321
0.000335
0.000344
0.000344
0.000337
0.000329
0.000322
0.000317
0.000316
0.000322
0.000328
0.000326
0.000320
0.000324
0.000343
0.000363
0.000368
0.000360
0.000355
0.000362
0.000373
0.000374
0.000363
0.000348
0.000335
0.000328
0.000331
0.000344
0.000362
0.000377
0.000389
0.000396
0.000389
0.000364
0.000330
0.000301
0.000281
0.000258
0.000227
0.000202
0.000200
0.000222
0.000255
0.000296
0.000342
0.000384
0.000408
0.000409
0.000399
0.000390
0.000386
0.000381
0.000369
0.000345
0.000315
0.000288
0.000270
0.000254
0.000235
0.000220
0.000221
0.000238
0.000258
0.000267
0.000267
0.000267
0.000273
0.000285
0.000303
0.000324
0.000343
0.000357
0.000367
0.000377
0.000382
0.000374
0.000354
0.000340
0.000344
0.000363
0.000385
0.000397
0.000398
0.000392
0.000383
0.000379
0.000386
0.000402
0.000421
0.000438
0.000455
0.000472
0.000485
0.000481
0.000463
0.000444
0.000437
0.000437
0.000428
0.000406
0.000387
0.000385
0.000395
0.000397
0.000381
0.000354
0.000326
0.000300
0.000278
0.000269
0.000277
0.000296
0.000306
0.000297
0.000276
0.000259
0.000257
0.000265
0.000276
0.000286
0.000294
0.000298
0.000298
0.000294
0.000291
0.000295
0.000301
0.000298
0.000275
0.000239
0.000205
0.000189
0.000193
0.000217
0.000259
0.000316
0.000369
0.000398
0.000394
0.000366
0.000335
0.000313
0.000300
0.000293
0.000288
0.000284
0.000286
0.000295
0.000312
0.000327
0.000336
0.000336
0.000331
0.000324
0.000313
0.000300
0.000284
0.000264
0.000241
0.000217
0.000202
0.000199
0.000210
0.000231
0.000256
0.000283
0.000308
0.000334
0.000356
0.000370
0.000373
0.000367
0.000362
0.000363
0.000368
0.000377
0.000389
0.000395
0.000390
0.000377
0.000370
0.000370
0.000363
0.000333
0.000290
0.000252
0.000230
0.000216
0.000204
0.000202
0.000220
0.000252
0.000283
0.000300
0.000301
0.000291
0.000275
0.000257
0.000240
0.000231
0.000226
0.000220
0.000209
0.000200
0.000201
0.000209
0.000219
0.000226
0.000235
0.000245
0.000248
0.000244
0.000246
0.000264
0.000289
0.000300
0.000286
0.000260
0.000239
0.000231
0.000232
0.000246
0.000277
0.000326
0.000378
0.000415
0.000433
0.000436
0.000433
0.000428
0.000429
0.000449
0.000486
0.000516
0.000510
0.000470
0.000424
0.000397
0.000386
0.000376
0.000367
0.000373
0.000394
0.000412
0.000411
0.000392
0.000367
0.000344
0.000329
0.000327
0.000338
0.000351
0.000358
0.000358
0.000348
0.000326
0.000299
0.000286
0.000295
0.000305
0.000294
0.000268
0.000248
0.000246
0.000250
0.000248
0.000239
0.000229
0.000223
0.000228
0.000254
0.000301
0.000351
0.000385
0.000394
0.000379
0.000346
0.000311
0.000285
0.000269
0.000250
0.000227
0.000211
0.000210
0.000213
0.000208
0.000202
0.000212
0.000234
0.000249
0.000248
0.000248
0.000262
0.000284
0.000295
0.000288
0.000272
0.000263
0.000270
0.000290
0.000308
0.000310
0.000297
0.000281
0.000272
0.000266
0.000254
0.000235
0.000220
0.000221
0.000242
0.000278
0.000321
0.000356
0.000372
0.000367
0.000354
0.000346
0.000351
0.000356
0.000351
0.000335
0.000320
0.000310
0.000298
0.000277
0.000258
0.000255
0.000265
0.000274
0.000273
0.000264
0.000247
0.000223
0.000201
0.000200
0.000219
0.000237
0.000235
0.000223
0.000220
0.000231
0.000245
0.000254
0.000265
0.000279
0.000287
0.000283
0.000266
0.000248
0.000241
0.000251
0.000277
0.000302
0.000316
0.000319
0.000324
0.000337
0.000357
0.000378
0.000400
0.000420
0.000428
0.000422
0.000410
0.000406
0.000416
0.000437
0.000455
0.000464
0.000466
0.000465
0.000464
0.000459
0.000448
0.000435
0.000424
0.000418
0.000414
0.000408
0.000396
0.000378
0.000358
0.000343
0.000341
0.000352
0.000371
0.000386
0.000387
0.000366
0.000335
0.000320
0.000338
0.000380
0.000414
0.000418
0.000401
0.000382
0.000373
0.000373
0.000380
0.000386
0.000385
0.000376
0.000370
0.000374
0.000381
0.000375
0.000348
0.000310
0.000281
0.000275
0.000289
0.000313
0.000338
0.000355
0.000354
0.000330
0.000293
0.000265
0.000257
0.000257
0.000244
0.000220
0.000206
0.000209
0.000223
0.000238
0.000259
0.000286
0.000306
0.000306
0.000297
0.000295
0.000304
0.000314
0.000316
0.000309
0.000294
0.000276
0.000265
0.000275
0.000302
0.000325
0.000328
0.000314
0.000293
0.000277
0.000275
0.000287
0.000309
0.000332
0.000355
0.000384
0.000418
0.000452
0.000478
0.000488
0.000474
0.000439
0.000400
0.000381
0.000386
0.000400
0.000408
0.000410
0.000407
0.000389
0.000350
0.000302
0.000262
0.000238
0.000219
0.000202
0.000188
0.000178
0.000166
0.000150
0.000140
0.000141
0.000152
0.000160
0.000160
0.000158
0.000162
0.000173
0.000187
0.000198
0.000213
0.000236
0.000264
0.000291
0.000315
0.000342
0.000365
0.000370
0.000351
0.000319
0.000299
0.000300
0.000313
0.000320
0.000317
0.000308
0.000305
0.000308
0.000308
0.000300
0.000289
0.000288
0.000296
0.000298
0.000286
0.000273
0.000275
0.000290
0.000306
0.000317
0.000328
0.000343
0.000349
0.000339
0.000315
0.000290
0.000273
0.000266
0.000268
0.000273
0.000278
0.000280
0.000280
0.000277
0.000271
0.000265
0.000262
0.000263
0.000269
0.000284
0.000310
0.000342
0.000371
0.000396
0.000416
0.000427
0.000419
0.000400
0.000383
0.000378
0.000374
0.000359
0.000333
0.000305
0.000276
0.000245
0.000219
0.000210
0.000223
0.000252
0.000291
0.000331
0.000366
0.000390
0.000404
0.000411
0.000410
0.000401
0.000392
0.000389
0.000394
0.000399
0.000402
0.000402
0.000397
0.000383
0.000365
0.000348
0.000329
0.000309
0.000295
0.000297
0.000311
0.000321
0.000317
0.000302
0.000290
0.000287
0.000298
0.000323
0.000353
0.000375
0.000379
0.000365
0.000340
0.000317
0.000309
0.000318
0.000330
0.000332
0.000328
0.000337
0.000361
0.000382
0.000387
0.000388
0.000396
0.000409
0.000412
0.000404
0.000400
0.000408
0.000422
0.000434
0.000444
0.000460
0.000484
0.000511
0.000530
0.000531
0.000513
0.000486
0.000460
0.000439
0.000418
0.000398
0.000378
0.000361
0.000350
0.000355
0.000374
0.000391
0.000388
0.000364
0.000335
0.000315
0.000308
0.000315
0.000333
0.000350
0.000349
0.000333
0.000314
0.000303
0.000294
0.000290
0.000299
0.000321
0.000336
0.000330
0.000313
0.000302
0.000300
0.000297
0.000299
0.000318
0.000352
0.000382
0.000397
0.000406
0.000414
0.000415
0.000405
0.000391
0.000375
0.000345
0.000295
0.000242
0.000210
0.000210
0.000228
0.000253
0.000282
0.000312
0.000337
0.000354
0.000363
0.000362
0.000345
0.000314
0.000286
0.000278
0.000294
0.000322
0.000352
0.000381
0.000409
0.000429
0.000431
0.000412
0.000383
0.000355
0.000334
0.000322
0.000321
0.000331
0.000344
0.000348
0.000334
0.000310
0.000286
0.000271
0.000264
0.000269
0.000287
0.000318
0.000349
0.000360
0.000347
0.000322
0.000304
0.000303
0.000313
0.000322
0.000325
0.000325
0.000323
0.000320
0.000318
0.000321
0.000332
0.000342
0.000343
0.000339
0.000339
0.000352
0.000376
0.000399
0.000407
0.000392
0.000361
0.000333
0.000324
0.000339
0.000370
0.000402
0.000422
0.000424
0.000412
0.000392
0.000369
0.000344
0.000325
0.000321
0.000329
0.000336
0.000334
0.000330
0.000338
0.000355
0.000371
0.000381
0.000386
0.000387
0.000381
0.000373
0.000371
0.000370
0.000360
0.000339
0.000319
0.000310
0.000305
0.000292
0.000277
0.000273
0.000283
0.000301
0.000318
0.000333
0.000345
0.000349
0.000343
0.000330
0.000315
0.000298
0.000281
0.000263
0.000248
0.000235
0.000227
0.000218
0.000208
0.000199
0.000197
0.000206
0.000220
0.000234
0.000250
0.000268
0.000282
0.000283
0.000270
0.000248
0.000225
0.000206
0.000200
0.000211
0.000232
0.000250
0.000264
0.000279
0.000299
0.000316
0.000327
0.000334
0.000342
0.000351
0.000355
0.000355
0.000352
0.000349
0.000347
0.000349
0.000354
0.000356
0.000355
0.000356
0.000363
0.000371
0.000370
0.000356
0.000340
0.000328
0.000316
0.000290
0.000248
0.000205
0.000180
0.000183
0.000206
0.000231
0.000251
0.000264
0.000269
0.000265
0.000260
0.000258
0.000260
0.000258
0.000250
0.000243
0.000242
0.000242
0.000235
0.000225
0.000223
0.000236
0.000260
0.000287
0.000319
0.000350
0.000370
0.000367
0.000345
0.000320
0.000306
0.000306
0.000312
0.000318
0.000327
0.000341
0.000355
0.000363
0.000362
0.000351
0.000332
0.000306
0.000277
0.000261
0.000266
0.000288
0.000309
0.000318
0.000326
0.000347
0.000381
0.000411
0.000427
0.000430
0.000420
0.000387
0.000330
0.000275
0.000255
0.000269
0.000284
0.000275
0.000253
0.000239
0.000236
0.000232
0.000223
0.000223
0.000235
0.000252
0.000268
0.000283
0.000293
0.000290
0.000280
0.000277
0.000290
0.000313
0.000336
0.000358
0.000376
0.000381
0.000365
0.000335
0.000305
0.000277
0.000248
0.000223
0.000217
0.000234
0.000264
0.000296
0.000324
0.000346
0.000356
0.000351
0.000341
0.000337
0.000339
0.000344
0.000341
0.000327
0.000305
0.000280
0.000257
0.000238
0.000224
0.000218
0.000220
0.000224
0.000219
0.000202
0.000180
0.000160
0.000149
0.000149
0.000167
0.000201
0.000237
0.000256
0.000253
0.000236
0.000221
0.000222
0.000238
0.000263
0.000295
0.000335
0.000383
0.000430
0.000461
0.000469
0.000457
0.000436
0.000418
0.000411
0.000415
0.000421
0.000423
0.000415
0.000399
0.000377
0.000356
0.000345
0.000350
0.000367
0.000391
0.000419
0.000450
0.000473
0.000471
0.000435
0.000380
0.000333
0.000314
0.000324
0.000344
0.000354
0.000347
0.000336
0.000337
0.000350
0.000357
0.000345
0.000320
0.000301
0.000295
0.000292
0.000284
0.000276
0.000274
0.000279
0.000285
0.000291
0.000299
0.000312
0.000329
0.000348
0.000362
0.000366
0.000357
0.000338
0.000321
0.000310
0.000301
0.000285
0.000267
0.000260
0.000271
0.000293
0.000313
0.000326
0.000335
0.000344
0.000347
0.000335
0.000312
0.000287
0.000271
0.000265
0.000267
0.000271
0.000276
0.000286
0.000299
0.000309
0.000308
0.000296
0.000279
0.000264
0.000252
0.000241
0.000234
0.000234
0.000240
0.000250
0.000263
0.000276
0.000285
0.000284
0.000284
0.000300
0.000335
0.000369
0.000379
0.000360
0.000325
0.000283
0.000240
0.000200
0.000177
0.000176
0.000187
0.000192
0.000187
0.000179
0.000172
0.000164
0.000158
0.000166
0.000191
0.000223
0.000247
0.000259
0.000268
0.000280
0.000296
0.000315
0.000334
0.000344
0.000339
0.000323
0.000309
0.000307
0.000315
0.000325
0.000330
0.000329
0.000317
0.000298
0.000283
0.000283
0.000297
0.000316
0.000334
0.000355
0.000378
0.000396
0.000406
0.000412
0.000418
0.000414
0.000392
0.000357
0.000324
0.000301
0.000281
0.000258
0.000239
0.000232
0.000234
0.000234
0.000231
0.000237
0.000261
0.000297
0.000334
0.000362
0.000386
0.000405
0.000417
0.000416
0.000403
0.000379
0.000347
0.000313
0.000283
0.000265
0.000262
0.000272
0.000290
0.000310
0.000330
0.000347
0.000355
0.000348
0.000330
0.000309
0.000285
0.000256
0.000225
0.000203
0.000200
0.000213
0.000234
0.000261
0.000294
0.000325
0.000343
0.000351
0.000358
0.000362
0.000353
0.000334
0.000322
0.000324
0.000324
0.000305
0.000277
0.000262
0.000262
0.000260
0.000242
0.000209
0.000174
0.000151
0.000154
0.000188
0.000241
0.000294
0.000338
0.000372
0.000394
0.000403
0.000405
0.000412
0.000423
0.000422
0.000399
0.000363
0.000332
0.000311
0.000297
0.000280
0.000259
0.000243
0.000245
0.000268
0.000300
0.000323
0.000333
0.000343
0.000358
0.000369
0.000361
0.000333
0.000294
0.000256
0.000233
0.000230
0.000242
0.000252
0.000257
0.000270
0.000300
0.000336
0.000355
0.000351
0.000335
0.000325
0.000323
0.000322
0.000313
0.000297
0.000286
0.000296
0.000336
0.000397
0.000455
0.000488
0.000491
0.000470
0.000435
0.000398
0.000365
0.000342
0.000328
0.000327
0.000340
0.000363
0.000387
0.000408
0.000428
0.000443
0.000445
0.000425
0.000389
0.000349
0.000321
0.000310
0.000319
0.000344
0.000377
0.000408
0.000423
0.000419
0.000401
0.000383
0.000372
0.000365
0.000356
0.000337
0.000307
0.000268
0.000230
0.000201
0.000186
0.000185
0.000200
0.000226
0.000255
0.000275
0.000282
0.000286
0.000293
0.000294
0.000278
0.000254
0.000247
0.000272
0.000324
0.000384
0.000429
0.000448
0.000438
0.000413
0.000391
0.000375
0.000362
0.000350
0.000353
0.000375
0.000400
0.000411
0.000408
0.000399
0.000391
0.000383
0.000378
0.000385
0.000401
0.000416
0.000417
0.000403
0.000378
0.000348
0.000324
0.000318
0.000332
0.000348
0.000347
0.000326
0.000302
0.000288
0.000283
0.000284
0.000293
0.000305
0.000311
0.000302
0.000283
0.000268
0.000258
0.000245
0.000223
0.000202
0.000199
0.000215
0.000243
0.000272
0.000301
0.000327
0.000349
0.000362
0.000365
0.000356
0.000336
0.000306
0.000276
0.000253
0.000241
0.000242
0.000254
0.000277
0.000304
0.000327
0.000341
0.000342
0.000330
0.000309
0.000289
0.000282
0.000294
0.000320
0.000347
0.000368
0.000382
0.000397
0.000414
0.000425
0.000412
0.000372
0.000318
0.000269
0.000233
0.000211
0.000206
0.000222
0.000251
0.000275
0.000287
0.000300
0.000328
0.000368
0.000398
0.000406
0.000398
0.000390
0.000389
0.000393
0.000396
0.000393
0.000384
0.000375
0.000372
0.000373
0.000375
0.000377
0.000387
0.000413
0.000450
0.000483
0.000502
0.000506
0.000507
0.000510
0.000514
0.000515
0.000514
0.000514
0.000521
0.000536
0.000557
0.000575
0.000585
0.000579
0.000556
0.000524
0.000490
0.000463
0.000439
0.000413
0.000382
0.000349
0.000322
0.000305
0.000301
0.000308
0.000320
0.000329
0.000335
0.000342
0.000356
0.000370
0.000371
0.000359
0.000339
0.000319
0.000301
0.000287
0.000285
0.000304
0.000339
0.000370
0.000383
0.000380
0.000376
0.000377
0.000374
0.000363
0.000352
0.000355
0.000369
0.000376
0.000361
0.000334
0.000311
0.000299
0.000293
0.000288
0.000283
0.000275
0.000262
0.000245
0.000234
0.000235
0.000244
0.000255
0.000265
0.000276
0.000292
0.000312
0.000336
0.000361
0.000379
0.000384
0.000375
0.000360
0.000345
0.000334
0.000328
0.000322
0.000316
0.000316
0.000324
0.000334
0.000336
0.000325
0.000306
0.000289
0.000285
0.000298
0.000324
0.000355
0.000384
0.000407
0.000419
0.000415
0.000394
0.000362
0.000325
0.000288
0.000257
0.000237
0.000233
0.000241
0.000254
0.000268
0.000281
0.000291
0.000296
0.000305
0.000330
0.000369
0.000405
0.000421
0.000418
0.000410
0.000409
0.000411
0.000412
0.000407
0.000392
0.000364
0.000326
0.000282
0.000244
0.000218
0.000206
0.000212
0.000233
0.000264
0.000296
0.000320
0.000331
0.000334
0.000333
0.000331
0.000330
0.000333
0.000343
0.000354
0.000354
0.000339
0.000320
0.000304
0.000294
0.000287
0.000288
0.000296
0.000305
0.000311
0.000320
0.000338
0.000359
0.000373
0.000384
0.000399
0.000414
0.000420
0.000412
0.000399
0.000385
0.000368
0.000351
0.000344
0.000357
0.000386
0.000418
0.000444
0.000459
0.000462
0.000457
0.000446
0.000430
0.000403
0.000368
0.000329
0.000294
0.000266
0.000248
0.000241
0.000234
0.000214
0.000183
0.000160
0.000157
0.000167
0.000172
0.000170
0.000173
0.000183
0.000195
0.000203
0.000213
0.000232
0.000261
0.000290
0.000302
0.000291
0.000266
0.000247
0.000245
0.000252
0.000262
0.000278
0.000308
0.000343
0.000368
0.000377
0.000382
0.000393
0.000407
0.000422
0.000442
0.000465
0.000481
0.000481
0.000468
0.000451
0.000433
0.000411
0.000383
0.000357
0.000335
0.000318
0.000302
0.000286
0.000269
0.000257
0.000258
0.000270
0.000281
0.000280
0.000272
0.000271
0.000287
0.000314
0.000341
0.000358
0.000358
0.000341
0.000316
0.000294
0.000287
0.000299
0.000328
0.000364
0.000390
0.000395
0.000386
0.000382
0.000393
0.000420
0.000454
0.000489
0.000518
0.000529
0.000519
0.000496
0.000472
0.000455
0.000445
0.000443
0.000447
0.000448
0.000433
0.000396
0.000348
0.000306
0.000281
0.000272
0.000271
0.000268
0.000263
0.000259
0.000267
0.000288
0.000316
0.000337
0.000343
0.000333
0.000316
0.000304
0.000307
0.000323
0.000340
0.000345
0.000337
0.000325
0.000317
0.000317
0.000327
0.000352
0.000383
0.000403
0.000404
0.000398
0.000404
0.000416
0.000414
0.000384
0.000344
0.000319
0.000317
0.000323
0.000327
0.000323
0.000316
0.000303
0.000284
0.000262
0.000238
0.000210
0.000186
0.000180
0.000202
0.000246
0.000296
0.000338
0.000363
0.000370
0.000359
0.000337
0.000313
0.000292
0.000271
0.000251
0.000232
0.000214
0.000191
0.000164
0.000149
0.000155
0.000174
0.000192
0.000205
0.000222
0.000245
0.000258
0.000251
0.000233
0.000219
0.000215
0.000209
0.000196
0.000184
0.000186
0.000207
0.000242
0.000282
0.000318
0.000338
0.000336
0.000321
0.000307
0.000304
0.000308
0.000315
0.000318
0.000319
0.000314
0.000297
0.000270
0.000245
0.000239
0.000256
0.000285
0.000314
0.000337
0.000355
0.000365
0.000363
0.000347
0.000322
0.000297
0.000279
0.000271
0.000273
0.000275
0.000274
0.000277
0.000295
0.000325
0.000350
0.000358
0.000357
0.000366
0.000392
0.000425
0.000447
0.000451
0.000439
0.000417
0.000391
0.000368
0.000353
0.000353
0.000371
0.000401
0.000429
0.000442
0.000439
0.000427
0.000416
0.000406
0.000392
0.000370
0.000348
0.000336
0.000334
0.000334
0.000332
0.000330
0.000337
0.000348
0.000354
0.000350
0.000346
0.000350
0.000359
0.000365
0.000367
0.000370
0.000373
0.000376
0.000380
0.000386
0.000393
0.000390
0.000376
0.000361
0.000359
0.000366
0.000367
0.000347
0.000304
0.000254
0.000219
0.000210
0.000221
0.000245
0.000279
0.000325
0.000376
0.000411
0.000412
0.000383
0.000343
0.000308
0.000284
0.000271
0.000268
0.000273
0.000282
0.000285
0.000279
0.000268
0.000257
0.000248
0.000241
0.000235
0.000235
0.000247
0.000275
0.000312
0.000345
0.000364
0.000362
0.000346
0.000330
0.000327
0.000335
0.000339
0.000333
0.000324
0.000329
0.000352
0.000387
0.000429
0.000468
0.000492
0.000488
0.000464
0.000435
0.000411
0.000384
0.000348
0.000311
0.000285
0.000276
0.000279
0.000294
0.000325
0.000366
0.000400
0.000413
0.000408
0.000400
0.000406
0.000431
0.000461
0.000482
0.000487
0.000481
0.000466
0.000438
0.000392
0.000340
0.000296
0.000266
0.000246
0.000233
0.000226
0.000224
0.000230
0.000251
0.000288
0.000330
0.000364
0.000389
0.000418
0.000455
0.000488
0.000499
0.000485
0.000451
0.000405
0.000360
0.000330
0.000323
0.000330
0.000335
0.000333
0.000328
0.000321
0.000308
0.000288
0.000266
0.000246
0.000231
0.000227
0.000243
0.000281
0.000329
0.000372
0.000398
0.000407
0.000406
0.000403
0.000404
0.000407
0.000405
0.000402
0.000402
0.000411
0.000425
0.000436
0.000441
0.000445
0.000452
0.000462
0.000462
0.000439
0.000393
0.000348
0.000329
0.000340
0.000357
0.000360
0.000345
0.000324
0.000305
0.000290
0.000278
0.000274
0.000280
0.000290
0.000294
0.000286
0.000272
0.000269
0.000288
0.000318
0.000334
0.000319
0.000279
0.000237
0.000210
0.000199
0.000194
0.000187
0.000178
0.000175
0.000181
0.000188
0.000186
0.000178
0.000173
0.000180
0.000195
0.000209
0.000222
0.000240
0.000267
0.000300
0.000333
0.000359
0.000373
0.000379
0.000380
0.000377
0.000364
0.000345
0.000331
0.000327
0.000330
0.000340
0.000363
0.000396
0.000419
0.000418
0.000400
0.000383
0.000371
0.000350
0.000322
0.000301
0.000296
0.000295
0.000282
0.000260
0.000242
0.000238
0.000252
0.000285
0.000327
0.000359
0.000363
0.000343
0.000314
0.000292
0.000279
0.000271
0.000268
0.000268
0.000267
0.000259
0.000243
0.000225
0.000209
0.000199
0.000199
0.000217
0.000253
0.000295
0.000327
0.000338
0.000330
0.000307
0.000270
0.000224
0.000183
0.000162
0.000162
0.000176
0.000195
0.000214
0.000222
0.000214
0.000199
0.000195
0.000205
0.000218
0.000222
0.000220
0.000220
0.000225
0.000234
0.000250
0.000270
0.000282
0.000279
0.000269
0.000263
0.000260
0.000253
0.000243
0.000237
0.000239
0.000245
0.000255
0.000273
0.000294
0.000301
0.000286
0.000260
0.000248
0.000260
0.000287
0.000319
0.000352
0.000382
0.000400
0.000399
0.000383
0.000365
0.000362
0.000373
0.000388
0.000399
0.000406
0.000407
0.000400
0.000386
0.000376
0.000381
0.000397
0.000404
0.000388
0.000358
0.000332
0.000316
0.000302
0.000277
0.000242
0.000214
0.000209
0.000229
0.000261
0.000288
0.000301
0.000303
0.000299
0.000290
0.000276
0.000258
0.000235
0.000213
0.000199
0.000199
0.000207
0.000214
0.000220
0.000230
0.000247
0.000253
0.000235
0.000200
0.000174
0.000170
0.000181
0.000190
0.000189
0.000184
0.000178
0.000178
0.000191
0.000227
0.000285
0.000344
0.000382
0.000391
0.000380
0.000362
0.000342
0.000324
0.000320
0.000336
0.000363
0.000386
0.000400
0.000415
0.000436
0.000458
0.000467
0.000457
0.000427
0.000380
0.000329
0.000300
0.000309
0.000345
0.000381
0.000397
0.000396
0.000381
0.000351
0.000308
0.000268
0.000245
0.000239
0.000239
0.000236
0.000235
0.000243
0.000260
0.000283
0.000305
0.000317
0.000316
0.000309
0.000306
0.000307
0.000301
0.000288
0.000277
0.000275
0.000279
0.000277
0.000271
0.000271
0.000282
0.000299
0.000311
0.000316
0.000317
0.000315
0.000304
0.000281
0.000246
0.000207
0.000177
0.000163
0.000165
0.000170
0.000172
0.000174
0.000189
0.000227
0.000287
0.000353
0.000404
0.000427
0.000423
0.000398
0.000365
0.000338
0.000327
0.000334
0.000346
0.000356
0.000369
0.000394
0.000425
0.000446
0.000448
0.000443
0.000441
0.000437
0.000420
0.000397
0.000379
0.000369
0.000359
0.000348
0.000343
0.000351
0.000366
0.000383
0.000399
0.000410
0.000407
0.000385
0.000353
0.000323
0.000303
0.000294
0.000294
0.000293
0.000282
0.000263
0.000249
0.000250
0.000260
0.000270
0.000277
0.000284
0.000289
0.000291
0.000304
0.000344
0.000404
0.000457
0.000479
0.000466
0.000429
0.000375
0.000317
0.000275
0.000260
0.000265
0.000273
0.000273
0.000271
0.000272
0.000276
0.000280
0.000282
0.000283
0.000288
0.000300
0.000319
0.000342
0.000362
0.000368
0.000355
0.000324
0.000290
0.000267
0.000262
0.000267
0.000268
0.000262
0.000259
0.000270
0.000291
0.000305
0.000301
0.000288
0.000283
0.000301
0.000333
0.000358
0.000361
0.000346
0.000326
0.000316
0.000317
0.000323
0.000323
0.000313
0.000301
0.000297
0.000304
0.000315
0.000321
0.000323
0.000330
0.000346
0.000361
0.000365
0.000360
0.000356
0.000358
0.000359
0.000358
0.000360
0.000376
0.000402
0.000418
0.000409
0.000381
0.000350
0.000328
0.000312
0.000293
0.000275
0.000266
0.000277
0.000308
0.000351
0.000393
0.000426
0.000443
0.000443
0.000425
0.000391
0.000345
0.000297
0.000263
0.000249
0.000252
0.000257
0.000253
0.000241
0.000229
0.000224
0.000229
0.000244
0.000267
0.000293
0.000318
0.000334
0.000340
0.000337
0.000333
0.000340
0.000362
0.000380
0.000373
0.000338
0.000305
0.000297
0.000311
0.000327
0.000334
0.000338
0.000337
0.000322
0.000294
0.000276
0.000284
0.000306
0.000319
0.000313
0.000300
0.000289
0.000277
0.000264
0.000249
0.000230
0.000203
0.000175
0.000161
0.000172
0.000203
0.000242
0.000280
0.000308
0.000323
0.000326
0.000327
0.000335
0.000349
0.000364
0.000373
0.000373
0.000366
0.000356
0.000352
0.000357
0.000364
0.000368
0.000370
0.000381
0.000398
0.000414
0.000419
0.000414
0.000401
0.000384
0.000371
0.000369
0.000377
0.000389
0.000400
0.000410
0.000420
0.000424
0.000422
0.000414
0.000407
0.000405
0.000409
0.000419
0.000432
0.000438
0.000431
0.000418
0.000411
0.000418
0.000436
0.000456
0.000475
0.000490
0.000497
0.000497
0.000493
0.000493
0.000497
0.000499
0.000496
0.000490
0.000482
0.000471
0.000454
0.000430
0.000399
0.000363
0.000325
0.000295
0.000286
0.000301
0.000329
0.000355
0.000367
0.000366
0.000358
0.000350
0.000346
0.000347
0.000351
0.000353
0.000342
0.000313
0.000277
0.000247
0.000233
0.000227
0.000224
0.000226
0.000244
0.000278
0.000319
0.000357
0.000384
0.000397
0.000394
0.000377
0.000359
0.000345
0.000331
0.000308
0.000282
0.000267
0.000273
0.000294
0.000314
0.000328
0.000347
0.000376
0.000406
0.000416
0.000397
0.000356
0.000310
0.000275
0.000258
0.000256
0.000265
0.000277
0.000290
0.000302
0.000310
0.000318
0.000327
0.000336
0.000339
0.000330
0.000316
0.000302
0.000285
0.000263
0.000245
0.000249
0.000275
0.000301
0.000301
0.000275
0.000250
0.000251
0.000276
0.000308
0.000333
0.000345
0.000347
0.000348
0.000358
0.000377
0.000396
0.000399
0.000384
0.000368
0.000363
0.000371
0.000377
0.000374
0.000360
0.000344
0.000322
0.000287
0.000244
0.000211
0.000208
0.000232
0.000262
0.000281
0.000294
0.000307
0.000323
0.000335
0.000344
0.000361
0.000385
0.000411
0.000425
0.000425
0.000416
0.000406
0.000399
0.000392
0.000373
0.000340
0.000298
0.000262
0.000242
0.000236
0.000239
0.000247
0.000260
0.000271
0.000282
0.000292
0.000301
0.000302
0.000290
0.000264
0.000230
0.000198
0.000183
0.000193
0.000227
0.000266
0.000287
0.000278
0.000250
0.000225
0.000215
0.000216
0.000218
0.000220
0.000230
0.000249
0.000270
0.000283
0.000289
0.000291
0.000289
0.000277
0.000257
0.000233
0.000212
0.000195
0.000190
0.000201
0.000219
0.000231
0.000235
0.000247
0.000278
0.000318
0.000344
0.000349
0.000340
0.000323
0.000300
0.000273
0.000251
0.000238
0.000233
0.000228
0.000224
0.000225
0.000233
0.000246
0.000263
0.000273
0.000270
0.000262
0.000265
0.000286
0.000311
0.000323
0.000322
0.000319
0.000319
0.000323
0.000332
0.000352
0.000383
0.000413
0.000433
0.000441
0.000448
0.000454
0.000453
0.000439
0.000413
0.000388
0.000370
0.000357
0.000340
0.000318
0.000296
0.000283
0.000278
0.000276
0.000274
0.000275
0.000284
0.000299
0.000318
0.000338
0.000358
0.000377
0.000395
0.000409
0.000416
0.000421
0.000434
0.000451
0.000454
0.000426
0.000378
0.000339
0.000331
0.000349
0.000372
0.000384
0.000378
0.000358
0.000335
0.000317
0.000306
0.000292
0.000272
0.000250
0.000233
0.000226
0.000229
0.000240
0.000257
0.000267
0.000268
0.000265
0.000263
0.000257
0.000243
0.000231
0.000232
0.000242
0.000248
0.000249
0.000257
0.000273
0.000289
0.000300
0.000318
0.000347
0.000369
0.000369
0.000350
0.000329
0.000309
0.000284
0.000254
0.000232
0.000228
0.000236
0.000245
0.000257
0.000277
0.000306
0.000335
0.000353
0.000360
0.000361
0.000361
0.000362
0.000369
0.000387
0.000416
0.000440
0.000440
0.000415
0.000381
0.000358
0.000343
0.000325
0.000299
0.000271
0.000253
0.000254
0.000277
0.000315
0.000349
0.000364
0.000366
0.000367
0.000375
0.000378
0.000372
0.000363
0.000359
0.000359
0.000360
0.000364
0.000376
0.000389
0.000401
0.000413
0.000431
0.000446
0.000442
0.000421
0.000400
0.000391
0.000385
0.000370
0.000345
0.000322
0.000308
0.000296
0.000285
0.000273
0.000261
0.000245
0.000221
0.000193
0.000173
0.000172
0.000196
0.000241
0.000290
0.000322
0.000328
0.000314
0.000298
0.000290
0.000286
0.000274
0.000250
0.000218
0.000191
0.000179
0.000187
0.000204
0.000221
0.000231
0.000238
0.000246
0.000254
0.000259
0.000263
0.000271
0.000282
0.000292
0.000305
0.000324
0.000346
0.000356
0.000345
0.000325
0.000315
0.000324
0.000339
0.000347
0.000347
0.000343
0.000334
0.000315
0.000289
0.000267
0.000253
0.000239
0.000217
0.000193
0.000183
0.000199
0.000237
0.000284
0.000323
0.000348
0.000360
0.000360
0.000352
0.000342
0.000339
0.000345
0.000355
0.000359
0.000358
0.000358
0.000364
0.000373
0.000381
0.000380
0.000365
0.000333
0.000289
0.000246
0.000218
0.000211
0.000226
0.000253
0.000280
0.000297
0.000309
0.000325
0.000349
0.000367
0.000366
0.000349
0.000336
0.000338
0.000350
0.000355
0.000350
0.000340
0.000334
0.000330
0.000325
0.000318
0.000316
0.000322
0.000333
0.000340
0.000344
0.000349
0.000361
0.000377
0.000390
0.000397
0.000397
0.000392
0.000392
0.000400
0.000406
0.000391
0.000343
0.000280
0.000230
0.000206
0.000205
0.000218
0.000239
0.000260
0.000277
0.000292
0.000313
0.000335
0.000345
0.000339
0.000331
0.000328
0.000319
0.000295
0.000265
0.000245
0.000229
0.000205
0.000183
0.000184
0.000212
0.000246
0.000270
0.000288
0.000303
0.000310
0.000302
0.000292
0.000299
0.000323
0.000352
0.000377
0.000399
0.000418
0.000433
0.000448
0.000466
0.000483
0.000487
0.000476
0.000455
0.000431
0.000411
0.000401
0.000406
0.000421
0.000429
0.000418
0.000388
0.000350
0.000316
0.000295
0.000287
0.000290
0.000295
0.000294
0.000285
0.000270
0.000253
0.000237
0.000225
0.000222
0.000235
0.000266
0.000306
0.000343
0.000365
0.000369
0.000356
0.000338
0.000329
0.000336
0.000355
0.000372
0.000386
0.000404
0.000431
0.000457
0.000468
0.000465
0.000457
0.000443
0.000417
0.000375
0.000327
0.000289
0.000267
0.000257
0.000254
0.000261
0.000279
0.000307
0.000331
0.000343
0.000343
0.000337
0.000325
0.000301
0.000275
0.000264
0.000271
0.000273
0.000250
0.000217
0.000204
0.000216
0.000231
0.000234
0.000241
0.000269
0.000311
0.000344
0.000355
0.000352
0.000341
0.000324
0.000309
0.000308
0.000320
0.000327
0.000319
0.000304
0.000299
0.000308
0.000319
0.000322
0.000316
0.000304
0.000290
0.000281
0.000278
0.000278
0.000273
0.000261
0.000252
0.000252
0.000260
0.000265
0.000262
0.000258
0.000258
0.000268
0.000282
0.000292
0.000293
0.000285
0.000275
0.000266
0.000259
0.000255
0.000260
0.000277
0.000298
0.000306
0.000295
0.000279
0.000274
0.000283
0.000294
0.000299
0.000297
0.000289
0.000277
0.000266
0.000270
0.000293
0.000322
0.000344
0.000353
0.000345
0.000316
0.000268
0.000220
0.000195
0.000200
0.000225
0.000261
0.000301
0.000333
0.000345
0.000333
0.000310
0.000289
0.000272
0.000259
0.000254
0.000261
0.000269
0.000268
0.000258
0.000248
0.000242
0.000233
0.000224
0.000225
0.000245
0.000271
0.000278
0.000261
0.000229
0.000199
0.000174
0.000155
0.000144
0.000146
0.000162
0.000189
0.000222
0.000258
0.000290
0.000314
0.000333
0.000347
0.000354
0.000350
0.000341
0.000342
0.000361
0.000391
0.000418
0.000436
0.000445
0.000446
0.000437
0.000421
0.000407
0.000397
0.000389
0.000377
0.000363
0.000352
0.000351
0.000359
0.000372
0.000381
0.000381
0.000368
0.000350
0.000331
0.000316
0.000302
0.000289
0.000275
0.000263
0.000261
0.000271
0.000288
0.000299
0.000302
0.000306
0.000319
0.000335
0.000346
0.000352
0.000363
0.000378
0.000390
0.000389
0.000379
0.000366
0.000352
0.000342
0.000344
0.000366
0.000400
0.000427
0.000431
0.000415
0.000391
0.000375
0.000371
0.000378
0.000387
0.000390
0.000380
0.000360
0.000335
0.000311
0.000293
0.000283
0.000283
0.000291
0.000299
0.000297
0.000281
0.000259
0.000245
0.000244
0.000252
0.000265
0.000287
0.000323
0.000371
0.000410
0.000421
0.000397
0.000348
0.000298
0.000264
0.000249
0.000242
0.000231
0.000215
0.000204
0.000206
0.000217
0.000230
0.000246
0.000270
0.000303
0.000335
0.000361
0.000389
0.000427
0.000471
0.000504
0.000515
0.000509
0.000498
0.000490
0.000482
0.000469
0.000449
0.000431
0.000425
0.000427
0.000428
0.000423
0.000415
0.000410
0.000406
0.000400
0.000392
0.000385
0.000380
0.000378
0.000384
0.000402
0.000429
0.000450
0.000458
0.000457
0.000461
0.000477
0.000497
0.000512
0.000512
0.000498
0.000473
0.000442
0.000409
0.000378
0.000352
0.000334
0.000326
0.000328
0.000336
0.000344
0.000344
0.000335
0.000321
0.000314
0.000314
0.000314
0.000307
0.000294
0.000282
0.000272
0.000258
0.000241
0.000230
0.000230
0.000240
0.000252
0.000263
0.000273
0.000282
0.000286
0.000287
0.000288
0.000293
0.000298
0.000298
0.000291
0.000281
0.000273
0.000268
0.000261
0.000250
0.000239
0.000234
0.000240
0.000253
0.000262
0.000264
0.000269
0.000289
0.000321
0.000352
0.000370
0.000382
0.000396
0.000405
0.000396
0.000372
0.000349
0.000335
0.000323
0.000303
0.000280
0.000268
0.000271
0.000283
0.000299
0.000320
0.000341
0.000346
0.000329
0.000301
0.000284
0.000289
0.000308
0.000330
0.000351
0.000375
0.000399
0.000411
0.000399
0.000372
0.000346
0.000336
0.000342
0.000357
0.000379
0.000404
0.000425
0.000437
0.000439
0.000434
0.000422
0.000396
0.000358
0.000323
0.000305
0.000306
0.000312
0.000310
0.000299
0.000285
0.000277
0.000274
0.000271
0.000262
0.000249
0.000241
0.000242
0.000247
0.000249
0.000245
0.000237
0.000227
0.000216
0.000203
0.000192
0.000190
0.000201
0.000224
0.000251
0.000275
0.000286
0.000284
0.000268
0.000241
0.000214
0.000201
0.000208
0.000221
0.000223
0.000209
0.000194
0.000191
0.000202
0.000219
0.000243
0.000278
0.000316
0.000342
0.000345
0.000331
0.000316
0.000309
0.000311
0.000319
0.000326
0.000330
0.000328
0.000323
0.000326
0.000341
0.000370
0.000399
0.000410
0.000396
0.000368
0.000350
0.000351
0.000359
0.000364
0.000362
0.000358
0.000350
0.000331
0.000308
0.000294
0.000295
0.000298
0.000296
0.000293
0.000299
0.000313
0.000324
0.000321
0.000304
0.000281
0.000267
0.000270
0.000286
0.000296
0.000288
0.000267
0.000243
0.000222
0.000206
0.000195
0.000196
0.000207
0.000221
0.000235
0.000246
0.000252
0.000247
0.000234
0.000223
0.000221
0.000222
0.000216
0.000206
0.000201
0.000205
0.000217
0.000234
0.000251
0.000262
0.000267
0.000270
0.000276
0.000280
0.000271
0.000252
0.000237
0.000237
0.000251
0.000267
0.000280
0.000296
0.000322
0.000355
0.000384
0.000402
0.000412
0.000424
0.000437
0.000441
0.000431
0.000409
0.000388
0.000373
0.000361
0.000348
0.000339
0.000340
0.000359
0.000395
0.000433
0.000456
0.000454
0.000439
0.000427
0.000427
0.000425
0.000408
0.000374
0.000340
0.000320
0.000318
0.000325
0.000332
0.000329
0.000318
0.000300
0.000275
0.000251
0.000236
0.000244
0.000278
0.000327
0.000372
0.000398
0.000402
0.000389
0.000373
0.000362
0.000353
0.000335
0.000301
0.000259
0.000221
0.000197
0.000184
0.000179
0.000177
0.000181
0.000195
0.000225
0.000267
0.000306
0.000329
0.000337
0.000339
0.000334
0.000313
0.000276
0.000246
0.000247
0.000279
0.000319
0.000341
0.000342
0.000339
0.000345
0.000356
0.000365
0.000371
0.000380
0.000389
0.000389
0.000374
0.000353
0.000342
0.000347
0.000358
0.000363
0.000353
0.000329
0.000302
0.000291
0.000305
0.000337
0.000369
0.000387
0.000393
0.000397
0.000398
0.000389
0.000371
0.000348
0.000330
0.000319
0.000316
0.000315
0.000313
0.000307
0.000298
0.000290
0.000285
0.000286
0.000292
0.000298
0.000298
0.000295
0.000296
0.000306
0.000321
0.000336
0.000358
0.000389
0.000420
0.000436
0.000433
0.000422
0.000414
0.000415
0.000421
0.000431
0.000438
0.000437
0.000428
0.000421
0.000422
0.000426
0.000426
0.000421
0.000416
0.000409
0.000397
0.000384
0.000378
0.000382
0.000390
0.000393
0.000391
0.000391
0.000396
0.000404
0.000410
0.000415
0.000422
0.000433
0.000445
0.000450
0.000438
0.000409
0.000371
0.000340
0.000324
0.000321
0.000325
0.000332
0.000341
0.000348
0.000344
0.000329
0.000316
0.000323
0.000351
0.000381
0.000398
0.000406
0.000411
0.000407
0.000388
0.000363
0.000348
0.000347
0.000346
0.000340
0.000339
0.000358
0.000390
0.000415
0.000422
0.000414
0.000404
0.000397
0.000394
0.000391
0.000384
0.000376
0.000376
0.000388
0.000411
0.000435
0.000449
0.000448
0.000432
0.000407
0.000382
0.000364
0.000354
0.000348
0.000340
0.000326
0.000311
0.000302
0.000306
0.000315
0.000316
0.000303
0.000285
0.000270
0.000260
0.000252
0.000245
0.000242
0.000242
0.000244
0.000253
0.000274
0.000304
0.000330
0.000340
0.000331
0.000306
0.000274
0.000242
0.000219
0.000211
0.000217
0.000231
0.000244
0.000243
0.000225
0.000202
0.000192
0.000203
0.000226
0.000243
0.000247
0.000247
0.000260
0.000290
0.000317
0.000323
0.000307
0.000290
0.000293
0.000320
0.000362
0.000407
0.000451
0.000483
0.000493
0.000479
0.000448
0.000407
0.000366
0.000332
0.000312
0.000303
0.000296
0.000288
0.000282
0.000282
0.000278
0.000263
0.000239
0.000224
0.000227
0.000246
0.000273
0.000308
0.000352
0.000398
0.000432
0.000450
0.000457
0.000458
0.000455
0.000448
0.000443
0.000446
0.000456
0.000463
0.000464
0.000458
0.000450
0.000442
0.000439
0.000445
0.000450
0.000442
0.000418
0.000390
0.000370
0.000356
0.000337
0.000313
0.000295
0.000293
0.000303
0.000312
0.000317
0.000322
0.000331
0.000343
0.000347
0.000341
0.000334
0.000336
0.000343
0.000336
0.000310
0.000282
0.000277
0.000301
0.000336
0.000364
0.000376
0.000380
0.000381
0.000380
0.000370
0.000345
0.000307
0.000270
0.000245
0.000235
0.000236
0.000249
0.000269
0.000286
0.000294
0.000298
0.000313
0.000334
0.000347
0.000345
0.000343
0.000354
0.000373
0.000384
0.000380
0.000362
0.000335
0.000307
0.000289
0.000288
0.000303
0.000328
0.000363
0.000402
0.000428
0.000431
0.000412
0.000391
0.000382
0.000390
0.000408
0.000419
0.000414
0.000398
0.000390
0.000401
0.000414
0.000403
0.000365
0.000323
0.000298
0.000293
0.000304
0.000326
0.000350
0.000365
0.000364
0.000354
0.000343
0.000334
0.000322
0.000308
0.000296
0.000290
0.000286
0.000279
0.000267
0.000256
0.000252
0.000256
0.000258
0.000249
0.000235
0.000228
0.000237
0.000258
0.000285
0.000307
0.000318
0.000315
0.000308
0.000313
0.000333
0.000358
0.000377
0.000385
0.000387
0.000387
0.000385
0.000378
0.000363
0.000343
0.000323
0.000313
0.000313
0.000317
0.000317
0.000312
0.000305
0.000296
0.000288
0.000283
0.000274
0.000252
0.000222
0.000203
0.000215
0.000253
0.000290
0.000306
0.000297
0.000277
0.000259
0.000251
0.000261
0.000292
0.000340
0.000394
0.000440
0.000473
0.000492
0.000499
0.000490
0.000463
0.000424
0.000387
0.000361
0.000347
0.000341
0.000344
0.000353
0.000359
0.000355
0.000345
0.000339
0.000343
0.000351
0.000353
0.000345
0.000334
0.000332
0.000343
0.000358
0.000361
0.000345
0.000323
0.000312
0.000315
0.000320
0.000312
0.000291
0.000269
0.000254
0.000248
0.000255
0.000275
0.000304
0.000326
0.000334
0.000333
0.000332
0.000330
0.000321
0.000307
0.000296
0.000291
0.000283
0.000266
0.000247
0.000239
0.000247
0.000269
0.000303
0.000340
0.000369
0.000387
0.000401
0.000416
0.000425
0.000421
0.000416
0.000421
0.000426
0.000406
0.000365
0.000338
0.000351
0.000391
0.000426
0.000441
0.000448
0.000459
0.000472
0.000478
0.000480
0.000475
0.000459
0.000433
0.000413
0.000410
0.000422
0.000430
0.000425
0.000414
0.000410
0.000420
0.000433
0.000434
0.000420
0.000401
0.000390
0.000391
0.000399
0.000408
0.000413
0.000412
0.000406
0.000401
0.000400
0.000402
0.000400
0.000392
0.000383
0.000382
0.000391
0.000405
0.000413
0.000409
0.000394
0.000381
0.000375
0.000373
0.000368
0.000355
0.000338
0.000324
0.000323
0.000336
0.000348
0.000339
0.000310
0.000284
0.000279
0.000282
0.000276
0.000261
0.000251
0.000251
0.000249
0.000242
0.000240
0.000250
0.000255
0.000245
0.000228
0.000218
0.000217
0.000216
0.000216
0.000224
0.000242
0.000257
0.000260
0.000255
0.000254
0.000261
0.000275
0.000288
0.000293
0.000290
0.000287
0.000295
0.000319
0.000350
0.000380
0.000400
0.000408
0.000398
0.000369
0.000325
0.000283
0.000259
0.000261
0.000284
0.000311
0.000334
0.000348
0.000355
0.000355
0.000349
0.000337
0.000319
0.000298
0.000279
0.000270
0.000269
0.000267
0.000264
0.000266
0.000282
0.000306
0.000320
0.000315
0.000300
0.000294
0.000308
0.000331
0.000345
0.000342
0.000325
0.000298
0.000260
0.000219
0.000193
0.000199
0.000233
0.000274
0.000310
0.000340
0.000360
0.000362
0.000347
0.000331
0.000322
0.000310
0.000286
0.000257
0.000237
0.000232
0.000231
0.000226
0.000212
0.000196
0.000180
0.000170
0.000162
0.000152
0.000142
0.000146
0.000164
0.000184
0.000193
0.000196
0.000208
0.000225
0.000231
0.000222
0.000212
0.000212
0.000221
0.000233
0.000249
0.000266
0.000280
0.000285
0.000289
0.000299
0.000312
0.000320
0.000321
0.000317
0.000308
0.000298
0.000295
0.000305
0.000323
0.000337
0.000343
0.000345
0.000342
0.000325
0.000290
0.000245
0.000204
0.000178
0.000173
0.000183
0.000204
0.000227
0.000240
0.000235
0.000213
0.000192
0.000186
0.000199
0.000224
0.000255
0.000285
0.000303
0.000302
0.000292
0.000292
0.000311
0.000334
0.000351
0.000362
0.000380
0.000403
0.000419
0.000416
0.000396
0.000371
0.000356
0.000359
0.000375
0.000391
0.000398
0.000400
0.000412
0.000436
0.000461
0.000474
0.000472
0.000457
0.000433
0.000409
0.000390
0.000377
0.000365
0.000351
0.000334
0.000320
0.000312
0.000313
0.000323
0.000341
0.000354
0.000347
0.000313
0.000262
0.000213
0.000178
0.000157
0.000156
0.000185
0.000242
0.000304
0.000338
0.000334
0.000302
0.000256
0.000198
0.000130
0.000069
0.000040
0.000050
0.000084
0.000119
0.000144
0.000160
0.000176
0.000196
0.000216
0.000228
0.000231
0.000234
0.000246
0.000264
0.000283
0.000306
0.000337
0.000369
0.000391
0.000397
0.000390
0.000375
0.000355
0.000339
0.000335
0.000350
0.000374
0.000391
0.000390
0.000364
0.000318
0.000268
0.000237
0.000237
0.000259
0.000281
0.000293
0.000298
0.000305
0.000320
0.000337
0.000345
0.000339
0.000322
0.000307
0.000307
0.000322
0.000342
0.000353
0.000346
0.000322
0.000289
0.000257
0.000232
0.000216
0.000211
0.000220
0.000238
0.000260
0.000280
0.000298
0.000311
0.000319
0.000321
0.000320
0.000316
0.000303
0.000288
0.000284
0.000296
0.000313
0.000318
0.000305
0.000285
0.000268
0.000254
0.000239
0.000224
0.000211
0.000201
0.000191
0.000185
0.000187
0.000198
0.000211
0.000223
0.000238
0.000260
0.000289
0.000316
0.000336
0.000347
0.000353
0.000352
0.000348
0.000346
0.000345
0.000338
0.000322
0.000301
0.000286
0.000275
0.000260
0.000240
0.000225
0.000221
0.000220
0.000213
0.000209
0.000220
0.000247
0.000274
0.000283
0.000270
0.000246
0.000223
0.000210
0.000204
0.000200
0.000196
0.000190
0.000183
0.000178
0.000185
0.000209
0.000244
0.000277
0.000296
0.000302
0.000299
0.000294
0.000292
0.000296
0.000304
0.000310
0.000314
0.000315
0.000313
0.000310
0.000309
0.000312
0.000309
0.000293
0.000267
0.000247
0.000237
0.000228
0.000213
0.000202
0.000204
0.000218
0.000241
0.000277
0.000332
0.000394
0.000443
0.000463
0.000458
0.000434
0.000403
0.000378
0.000367
0.000371
0.000378
0.000384
0.000394
0.000404
0.000410
0.000406
0.000399
0.000393
0.000383
0.000362
0.000335
0.000319
0.000326
0.000355
0.000389
0.000416
0.000437
0.000461
0.000487
0.000499
0.000479
0.000434
0.000388
0.000359
0.000347
0.000346
0.000352
0.000361
0.000361
0.000348
0.000333
0.000328
0.000332
0.000339
0.000345
0.000353
0.000366
0.000378
0.000388
0.000392
0.000385
0.000361
0.000327
0.000299
0.000290
0.000299
0.000313
0.000322
0.000323
0.000319
0.000321
0.000327
0.000330
0.000319
0.000294
0.000268
0.000254
0.000257
0.000275
0.000296
0.000308
0.000305
0.000300
0.000306
0.000325
0.000342
0.000348
0.000347
0.000352
0.000369
0.000398
0.000437
0.000480
0.000516
0.000531
0.000522
0.000493
0.000451
0.000408
0.000375
0.000362
0.000360
0.000359
0.000354
0.000356
0.000365
0.000370
0.000358
0.000333
0.000309
0.000298
0.000299
0.000307
0.000319
0.000332
0.000340
0.000335
0.000315
0.000289
0.000269
0.000267
0.000285
0.000315
0.000339
0.000348
0.000345
0.000336
0.000329
0.000323
0.000321
0.000324
0.000332
0.000342
0.000353
0.000365
0.000373
0.000371
0.000364
0.000367
0.000385
0.000409
0.000420
0.000416
0.000405
0.000391
0.000370
0.000343
0.000318
0.000303
0.000294
0.000279
0.000262
0.000257
0.000272
0.000298
0.000326
0.000350
0.000368
0.000374
0.000367
0.000358
0.000362
0.000380
0.000401
0.000410
0.000400
0.000373
0.000335
0.000293
0.000261
0.000248
0.000251
0.000261
0.000267
0.000266
0.000265
0.000270
0.000274
0.000268
0.000253
0.000243
0.000251
0.000271
0.000281
0.000268
0.000243
0.000227
0.000228
0.000237
0.000240
0.000236
0.000234
0.000239
0.000254
0.000277
0.000309
0.000340
0.000357
0.000351
0.000323
0.000286
0.000250
0.000225
0.000213
0.000213
0.000220
0.000228
0.000234
0.000242
0.000263
0.000299
0.000339
0.000361
0.000349
0.000313
0.000277
0.000261
0.000271
0.000296
0.000320
0.000326
0.000308
0.000269
0.000230
0.000207
0.000200
0.000195
0.000188
0.000190
0.000212
0.000243
0.000262
0.000257
0.000241
0.000225
0.000210
0.000192
0.000180
0.000188
0.000216
0.000249
0.000271
0.000282
0.000291
0.000308
0.000332
0.000357
0.000370
0.000367
0.000353
0.000341
0.000338
0.000341
0.000343
0.000342
0.000333
0.000313
0.000280
0.000247
0.000227
0.000228
0.000243
0.000268
0.000297
0.000323
0.000339
0.000344
0.000350
0.000363
0.000382
0.000400
0.000411
0.000415
0.000409
0.000390
0.000364
0.000344
0.000345
0.000370
0.000405
0.000432
0.000441
0.000436
0.000423
0.000404
0.000379
0.000353
0.000332
0.000319
0.000314
0.000316
0.000323
0.000327
0.000323
0.000314
0.000311
0.000317
0.000318
0.000304
0.000278
0.000253
0.000239
0.000237
0.000244
0.000252
0.000255
0.000250
0.000248
0.000261
0.000293
0.000334
0.000366
0.000380
0.000380
0.000373
0.000365
0.000354
0.000338
0.000319
0.000304
0.000294
0.000289
0.000281
0.000272
0.000262
0.000250
0.000236
0.000222
0.000209
0.000203
0.000204
0.000215
0.000236
0.000265
0.000299
0.000332
0.000358
0.000367
0.000359
0.000343
0.000329
0.000317
0.000300
0.000282
0.000278
0.000295
0.000324
0.000349
0.000367
0.000383
0.000394
0.000391
0.000379
0.000369
0.000365
0.000361
0.000348
0.000337
0.000338
0.000357
0.000389
0.000423
0.000443
0.000441
0.000415
0.000383
0.000360
0.000350
0.000343
0.000334
0.000325
0.000318
0.000307
0.000290
0.000269
0.000253
0.000245
0.000247
0.000261
0.000289
0.000325
0.000358
0.000378
0.000383
0.000375
0.000359
0.000338
0.000312
0.000281
0.000250
0.000230
0.000226
0.000238
0.000258
0.000276
0.000288
0.000292
0.000287
0.000279
0.000277
0.000289
0.000309
0.000325
0.000332
0.000334
0.000334
0.000331
0.000323
0.000318
0.000330
0.000360
0.000397
0.000424
0.000432
0.000423
0.000402
0.000377
0.000358
0.000346
0.000343
0.000351
0.000372
0.000395
0.000400
0.000376
0.000334
0.000296
0.000278
0.000276
0.000282
0.000294
0.000313
0.000334
0.000350
0.000354
0.000343
0.000317
0.000288
0.000273
0.000280
0.000298
0.000305
0.000290
0.000260
0.000228
0.000205
0.000194
0.000198
0.000214
0.000235
0.000252
0.000262
0.000263
0.000257
0.000247
0.000236
0.000224
0.000209
0.000194
0.000184
0.000186
0.000199
0.000217
0.000239
0.000265
0.000298
0.000338
0.000377
0.000405
0.000416
0.000414
0.000403
0.000385
0.000362
0.000343
0.000336
0.000344
0.000354
0.000354
0.000348
0.000349
0.000365
0.000388
0.000408
0.000417
0.000411
0.000391
0.000370
0.000359
0.000363
0.000373
0.000377
0.000372
0.000365
0.000363
0.000372
0.000391
0.000414
0.000436
0.000451
0.000452
0.000432
0.000395
0.000355
0.000330
0.000322
0.000317
0.000306
0.000292
0.000290
0.000305
0.000331
0.000361
0.000393
0.000419
0.000431
0.000427
0.000419
0.000418
0.000429
0.000441
0.000442
0.000428
0.000407
0.000395
0.000401
0.000420
0.000439
0.000448
0.000446
0.000434
0.000411
0.000376
0.000339
0.000317
0.000318
0.000331
0.000347
0.000361
0.000374
0.000381
0.000376
0.000367
0.000368
0.000389
0.000420
0.000446
0.000461
0.000473
0.000486
0.000496
0.000504
0.000510
0.000510
0.000497
0.000470
0.000436
0.000404
0.000374
0.000345
0.000324
0.000315
0.000306
0.000288
0.000260
0.000233
0.000212
0.000197
0.000190
0.000197
0.000219
0.000248
0.000270
0.000285
0.000295
0.000300
0.000297
0.000285
0.000265
0.000245
0.000236
0.000242
0.000259
0.000276
0.000286
0.000292
0.000301
0.000314
0.000328
0.000343
0.000356
0.000363
0.000369
0.000384
0.000407
0.000424
0.000416
0.000389
0.000365
0.000360
0.000376
0.000405
0.000439
0.000465
0.000466
0.000435
0.000380
0.000320
0.000267
0.000227
0.000204
0.000199
0.000204
0.000214
0.000225
0.000240
0.000256
0.000273
0.000298
0.000336
0.000382
0.000419
0.000439
0.000447
0.000445
0.000432
0.000409
0.000383
0.000360
0.000336
0.000309
0.000286
0.000271
0.000258
0.000242
0.000229
0.000227
0.000231
0.000228
0.000219
0.000222
0.000248
0.000281
0.000301
0.000305
0.000307
0.000316
0.000324
0.000330
0.000341
0.000363
0.000388
0.000403
0.000406
0.000403
0.000405
0.000414
0.000430
0.000446
0.000451
0.000446
0.000435
0.000422
0.000406
0.000383
0.000355
0.000332
0.000321
0.000322
0.000331
0.000340
0.000344
0.000336
0.000316
0.000288
0.000259
0.000231
0.000201
0.000167
0.000139
0.000134
0.000160
0.000208
0.000251
0.000270
0.000273
0.000276
0.000287
0.000298
0.000306
0.000315
0.000331
0.000350
0.000364
0.000372
0.000376
0.000375
0.000370
0.000360
0.000348
0.000330
0.000304
0.000279
0.000265
0.000260
0.000254
0.000239
0.000225
0.000220
0.000223
0.000230
0.000241
0.000258
0.000275
0.000279
0.000269
0.000255
0.000250
0.000258
0.000276
0.000296
0.000317
0.000337
0.000355
0.000366
0.000365
0.000351
0.000329
0.000304
0.000278
0.000254
0.000239
0.000236
0.000237
0.000234
0.000223
0.000215
0.000224
0.000249
0.000277
0.000288
0.000274
0.000242
0.000212
0.000197
0.000202
0.000221
0.000245
0.000268
0.000291
0.000314
0.000336
0.000353
0.000363
0.000369
0.000374
0.000380
0.000382
0.000372
0.000348
0.000324
0.000318
0.000334
0.000358
0.000373
0.000376
0.000379
0.000388
0.000399
0.000404
0.000403
0.000399
0.000391
0.000384
0.000384
0.000391
0.000392
0.000378
0.000349
0.000320
0.000298
0.000288
0.000292
0.000311
0.000335
0.000349
0.000350
0.000346
0.000341
0.000336
0.000328
0.000328
0.000342
0.000365
0.000386
0.000401
0.000413
0.000426
0.000437
0.000444
0.000444
0.000431
0.000402
0.000365
0.000336
0.000321
0.000314
0.000313
0.000327
0.000360
0.000406
0.000446
0.000470
0.000480
0.000479
0.000463
0.000427
0.000377
0.000327
0.000287
0.000257
0.000233
0.000219
0.000224
0.000250
0.000281
0.000296
0.000292
0.000287
0.000297
0.000314
0.000321
0.000311
0.000295
0.000281
0.000265
0.000242
0.000222
0.000222
0.000246
0.000277
0.000301
0.000315
0.000326
0.000342
0.000357
0.000361
0.000354
0.000345
0.000338
0.000329
0.000314
0.000301
0.000295
0.000293
0.000282
0.000261
0.000242
0.000239
0.000253
0.000271
0.000281
0.000279
0.000271
0.000269
0.000281
0.000303
0.000318
0.000321
0.000323
0.000337
0.000357
0.000367
0.000360
0.000342
0.000323
0.000305
0.000294
0.000294
0.000301
0.000307
0.000312
0.000327
0.000361
0.000402
0.000425
0.000417
0.000387
0.000353
0.000327
0.000314
0.000309
0.000308
0.000304
0.000293
0.000278
0.000266
0.000260
0.000257
0.000253
0.000247
0.000245
0.000249
0.000250
0.000239
0.000222
0.000218
0.000236
0.000257
0.000256
0.000235
0.000220
0.000228
0.000255
0.000290
0.000329
0.000373
0.000416
0.000447
0.000464
0.000474
0.000484
0.000501
0.000528
0.000556
0.000568
0.000558
0.000539
0.000527
0.000520
0.000505
0.000474
0.000435
0.000405
0.000392
0.000395
0.000408
0.000417
0.000417
0.000406
0.000391
0.000373
0.000353
0.000338
0.000341
0.000365
0.000394
0.000409
0.000404
0.000393
0.000390
0.000392
0.000386
0.000367
0.000340
0.000318
0.000305
0.000296
0.000288
0.000283
0.000285
0.000293
0.000303
0.000315
0.000331
0.000357
0.000393
0.000434
0.000469
0.000484
0.000475
0.000454
0.000442
0.000443
0.000445
0.000443
0.000442
0.000450
0.000458
0.000453
0.000434
0.000416
0.000409
0.000415
0.000425
0.000435
0.000439
0.000438
0.000437
0.000439
0.000437
0.000427
0.000413
0.000408
0.000413
0.000421
0.000421
0.000412
0.000390
0.000353
0.000313
0.000293
0.000306
0.000339
0.000368
0.000381
0.000388
0.000393
0.000391
0.000378
0.000359
0.000341
0.000323
0.000302
0.000278
0.000257
0.000243
0.000241
0.000248
0.000260
0.000269
0.000273
0.000276
0.000284
0.000295
0.000308
0.000321
0.000331
0.000332
0.000318
0.000294
0.000272
0.000264
0.000269
0.000280
0.000286
0.000288
0.000292
0.000306
0.000334
0.000369
0.000404
0.000434
0.000456
0.000462
0.000451
0.000432
0.000419
0.000411
0.000396
0.000367
0.000336
0.000323
0.000333
0.000353
0.000371
0.000383
0.000387
0.000380
0.000365
0.000353
0.000353
0.000360
0.000368
0.000377
0.000386
0.000382
0.000350
0.000296
0.000250
0.000235
0.000245
0.000258
0.000265
0.000275
0.000295
0.000318
0.000325
0.000310
0.000281
0.000256
0.000246
0.000248
0.000257
0.000272
0.000294
0.000311
0.000306
0.000280
0.000251
0.000235
0.000230
0.000228
0.000236
0.000264
0.000307
0.000349
0.000381
0.000405
0.000428
0.000447
0.000453
0.000445
0.000431
0.000419
0.000412
0.000414
0.000424
0.000443
0.000458
0.000457
0.000438
0.000415
0.000407
0.000419
0.000432
0.000427
0.000402
0.000372
0.000347
0.000329
0.000317
0.000312
0.000313
0.000311
0.000298
0.000274
0.000247
0.000231
0.000230
0.000241
0.000257
0.000272
0.000283
0.000290
0.000291
0.000291
0.000293
0.000296
0.000295
0.000294
0.000304
0.000334
0.000372
0.000398
0.000401
0.000388
0.000366
0.000342
0.000325
0.000326
0.000344
0.000363
0.000373
0.000376
0.000378
0.000378
0.000371
0.000364
0.000365
0.000366
0.000353
0.000323
0.000298
0.000294
0.000309
0.000329
0.000345
0.000353
0.000353
0.000346
0.000340
0.000346
0.000369
0.000405
0.000444
0.000475
0.000493
0.000498
0.000484
0.000449
0.000398
0.000349
0.000319
0.000313
0.000320
0.000329
0.000337
0.000351
0.000377
0.000411
0.000441
0.000454
0.000450
0.000440
0.000437
0.000443
0.000447
0.000437
0.000409
0.000371
0.000332
0.000302
0.000287
0.000287
0.000296
0.000306
0.000310
0.000309
0.000306
0.000306
0.000305
0.000299
0.000292
0.000290
0.000294
0.000298
0.000299
0.000306
0.000324
0.000347
0.000364
0.000372
0.000377
0.000383
0.000388
0.000392
0.000396
0.000401
0.000400
0.000392
0.000382
0.000376
0.000373
0.000371
0.000368
0.000365
0.000361
0.000357
0.000359
0.000373
0.000392
0.000406
0.000406
0.000392
0.000372
0.000351
0.000334
0.000322
0.000310
0.000291
0.000265
0.000243
0.000233
0.000231
0.000221
0.000199
0.000176
0.000167
0.000166
0.000160
0.000146
0.000142
0.000159
0.000188
0.000210
0.000214
0.000205
0.000196
0.000195
0.000210
0.000243
0.000280
0.000304
0.000309
0.000300
0.000286
0.000272
0.000261
0.000256
0.000251
0.000235
0.000212
0.000199
0.000201
0.000209
0.000210
0.000208
0.000212
0.000222
0.000234
0.000245
0.000257
0.000261
0.000256
0.000251
0.000259
0.000274
0.000280
0.000274
0.000266
0.000263
0.000265
0.000270
0.000283
0.000304
0.000324
0.000337
0.000346
0.000353
0.000358
0.000363
0.000373
0.000383
0.000385
0.000376
0.000366
0.000359
0.000348
0.000333
0.000325
0.000328
0.000335
0.000330
0.000318
0.000310
0.000308
0.000305
0.000301
0.000304
0.000319
0.000341
0.000358
0.000369
0.000374
0.000378
0.000390
0.000415
0.000447
0.000474
0.000487
0.000488
0.000479
0.000459
0.000425
0.000383
0.000341
0.000302
0.000269
0.000248
0.000241
0.000243
0.000246
0.000250
0.000261
0.000275
0.000284
0.000284
0.000288
0.000305
0.000332
0.000359
0.000379
0.000398
0.000415
0.000426
0.000423
0.000408
0.000395
0.000394
0.000406
0.000428
0.000451
0.000470
0.000485
0.000499
0.000510
0.000511
0.000492
0.000460
0.000430
0.000415
0.000412
0.000412
0.000412
0.000416
0.000425
0.000436
0.000446
0.000452
0.000450
0.000435
0.000406
0.000371
0.000337
0.000310
0.000292
0.000285
0.000291
0.000308
0.000327
0.000340
0.000342
0.000337
0.000331
0.000333
0.000346
0.000370
0.000396
0.000416
0.000423
0.000422
0.000421
0.000421
0.000417
0.000410
0.000406
0.000410
0.000412
0.000406
0.000398
0.000397
0.000399
0.000391
0.000368
0.000339
0.000319
0.000309
0.000306
0.000303
0.000300
0.000295
0.000285
0.000271
0.000252
0.000231
0.000211
0.000198
0.000195
0.000206
0.000231
0.000261
0.000280
0.000282
0.000274
0.000268
0.000265
0.000262
0.000259
0.000256
0.000246
0.000222
0.000193
0.000176
0.000176
0.000184
0.000195
0.000215
0.000248
0.000278
0.000285
0.000269
0.000243
0.000220
0.000206
0.000206
0.000220
0.000243
0.000264
0.000283
0.000302
0.000314
0.000313
0.000301
0.000291
0.000287
0.000283
0.000283
0.000298
0.000330
0.000362
0.000377
0.000373
0.000361
0.000353
0.000356
0.000373
0.000395
0.000413
0.000420
0.000424
0.000433
0.000445
0.000447
0.000436
0.000415
0.000388
0.000360
0.000331
0.000304
0.000282
0.000264
0.000251
0.000243
0.000241
0.000247
0.000261
0.000280
0.000302
0.000329
0.000366
0.000406
0.000430
0.000425
0.000393
0.000349
0.000305
0.000270
0.000252
0.000260
0.000290
0.000332
0.000375
0.000412
0.000438
0.000449
0.000445
0.000434
0.000419
0.000403
0.000381
0.000354
0.000324
0.000300
0.000287
0.000288
0.000293
0.000297
0.000302
0.000315
0.000339
0.000366
0.000389
0.000409
0.000427
0.000438
0.000437
0.000427
0.000418
0.000412
0.000402
0.000381
0.000352
0.000329
0.000317
0.000311
0.000302
0.000288
0.000270
0.000251
0.000237
0.000232
0.000238
0.000250
0.000253
0.000244
0.000232
0.000234
0.000252
0.000277
0.000299
0.000314
0.000322
0.000323
0.000320
0.000317
0.000320
0.000329
0.000341
0.000354
0.000365
0.000376
0.000390
0.000405
0.000413
0.000405
0.000382
0.000359
0.000346
0.000342
0.000340
0.000336
0.000329
0.000313
0.000281
0.000241
0.000215
0.000217
0.000244
0.000280
0.000313
0.000338
0.000354
0.000362
0.000361
0.000356
0.000354
0.000360
0.000370
0.000380
0.000389
0.000399
0.000404
0.000401
0.000391
0.000385
0.000391
0.000403
0.000406
0.000400
0.000402
0.000422
0.000454
0.000480
0.000493
0.000494
0.000490
0.000485
0.000484
0.000488
0.000489
0.000476
0.000452
0.000424
0.000400
0.000384
0.000380
0.000394
0.000419
0.000435
0.000429
0.000408
0.000387
0.000371
0.000361
0.000359
0.000365
0.000368
0.000357
0.000336
0.000327
0.000342
0.000373
0.000400
0.000411
0.000404
0.000384
0.000358
0.000335
0.000318
0.000309
0.000311
0.000331
0.000371
0.000420
0.000459
0.000474
0.000464
0.000441
0.000425
0.000425
0.000431
0.000422
0.000395
0.000368
0.000360
0.000368
0.000381
0.000390
0.000397
0.000406
0.000412
0.000413
0.000411
0.000409
0.000408
0.000412
0.000420
0.000424
0.000410
0.000374
0.000331
0.000302
0.000299
0.000313
0.000333
0.000348
0.000354
0.000355
0.000354
0.000354
0.000356
0.000357
0.000353
0.000341
0.000328
0.000322
0.000324
0.000326
0.000314
0.000291
0.000270
0.000263
0.000266
0.000272
0.000279
0.000290
0.000304
0.000315
0.000324
0.000335
0.000350
0.000364
0.000370
0.000364
0.000349
0.000334
0.000328
0.000332
0.000347
0.000371
0.000401
0.000425
0.000428
0.000408
0.000377
0.000351
0.000331
0.000314
0.000294
0.000273
0.000253
0.000235
0.000217
0.000198
0.000177
0.000161
0.000167
0.000202
0.000249
0.000281
0.000280
0.000260
0.000249
0.000261
0.000287
0.000314
0.000337
0.000355
0.000366
0.000360
0.000338
0.000312
0.000299
0.000305
0.000324
0.000347
0.000365
0.000370
0.000361
0.000351
0.000357
0.000382
0.000411
0.000433
0.000449
0.000460
0.000456
0.000429
0.000395
0.000371
0.000356
0.000333
0.000296
0.000260
0.000244
0.000248
0.000259
0.000265
0.000261
0.000247
0.000230
0.000215
0.000209
0.000214
0.000235
0.000269
0.000301
0.000319
0.000320
0.000319
0.000327
0.000341
0.000353
0.000362
0.000373
0.000388
0.000398
0.000397
0.000384
0.000365
0.000353
0.000349
0.000344
0.000330
0.000310
0.000291
0.000273
0.000250
0.000228
0.000226
0.000246
0.000273
0.000292
0.000302
0.000310
0.000314
0.000305
0.000286
0.000272
0.000266
0.000263
0.000260
0.000261
0.000269
0.000282
0.000298
0.000312
0.000320
0.000320
0.000318
0.000320
0.000324
0.000329
0.000343
0.000375
0.000416
0.000443
0.000449
0.000444
0.000439
0.000431
0.000418
0.000403
0.000389
0.000371
0.000348
0.000331
0.000331
0.000342
0.000347
0.000333
0.000307
0.000283
0.000275
0.000278
0.000280
0.000271
0.000263
0.000278
0.000320
0.000364
0.000378
0.000356
0.000321
0.000296
0.000285
0.000276
0.000268
0.000266
0.000274
0.000282
0.000275
0.000252
0.000237
0.000257
0.000307
0.000360
0.000391
0.000402
0.000404
0.000397
0.000380
0.000357
0.000339
0.000327
0.000315
0.000309
0.000318
0.000344
0.000371
0.000388
0.000403
0.000426
0.000461
0.000497
0.000525
0.000538
0.000536
0.000525
0.000515
0.000508
0.000497
0.000476
0.000454
0.000443
0.000446
0.000454
0.000455
0.000447
0.000437
0.000435
0.000446
0.000465
0.000483
0.000492
0.000494
0.000488
0.000472
0.000444
0.000409
0.000374
0.000340
0.000305
0.000270
0.000237
0.000211
0.000193
0.000182
0.000177
0.000175
0.000171
0.000163
0.000159
0.000166
0.000181
0.000192
0.000195
0.000198
0.000217
0.000255
0.000297
0.000326
0.000339
0.000339
0.000332
0.000326
0.000336
0.000362
0.000391
0.000406
0.000406
0.000397
0.000376
0.000340
0.000301
0.000289
0.000308
0.000330
0.000327
0.000307
0.000296
0.000305
0.000324
0.000344
0.000355
0.000348
0.000314
0.000266
0.000231
0.000230
0.000262
0.000307
0.000340
0.000345
0.000319
0.000283
0.000265
0.000274
0.000292
0.000302
0.000308
0.000319
0.000336
0.000345
0.000337
0.000310
0.000272
0.000232
0.000200
0.000182
0.000176
0.000186
0.000214
0.000258
0.000306
0.000347
0.000378
0.000398
0.000398
0.000372
0.000330
0.000292
0.000268
0.000251
0.000238
0.000232
0.000235
0.000240
0.000242
0.000246
0.000263
0.000293
0.000320
0.000330
0.000326
0.000322
0.000332
0.000354
0.000377
0.000395
0.000408
0.000422
0.000434
0.000437
0.000424
0.000395
0.000361
0.000335
0.000326
0.000330
0.000334
0.000333
0.000331
0.000330
0.000324
0.000308
0.000292
0.000296
0.000326
0.000363
0.000387
0.000392
0.000385
0.000380
0.000382
0.000390
0.000398
0.000402
0.000410
0.000428
0.000449
0.000455
0.000442
0.000421
0.000407
0.000400
0.000392
0.000383
0.000385
0.000397
0.000413
0.000429
0.000445
0.000454
0.000444
0.000412
0.000374
0.000349
0.000340
0.000337
0.000331
0.000322
0.000313
0.000308
0.000311
0.000324
0.000342
0.000357
0.000365
0.000365
0.000363
0.000363
0.000366
0.000366
0.000359
0.000346
0.000333
0.000322
0.000312
0.000305
0.000302
0.000301
0.000296
0.000290
0.000290
0.000300
0.000315
0.000325
0.000326
0.000325
0.000324
0.000322
0.000319
0.000321
0.000334
0.000359
0.000388
0.000417
0.000438
0.000451
0.000454
0.000452
0.000449
0.000445
0.000439
0.000432
0.000422
0.000409
0.000390
0.000370
0.000358
0.000358
0.000360
0.000353
0.000339
0.000336
0.000357
0.000395
0.000430
0.000456
0.000477
0.000496
0.000506
0.000498
0.000477
0.000458
0.000445
0.000442
0.000449
0.000467
0.000487
0.000495
0.000484
0.000465
0.000451
0.000442
0.000427
0.000394
0.000349
0.000308
0.000289
0.000299
0.000332
0.000372
0.000403
0.000420
0.000428
0.000435
0.000438
0.000432
0.000418
0.000403
0.000393
0.000389
0.000382
0.000370
0.000354
0.000336
0.000310
0.000276
0.000244
0.000230
0.000232
0.000240
0.000245
0.000249
0.000257
0.000264
0.000264
0.000259
0.000250
0.000236
0.000216
0.000208
0.000227
0.000262
0.000286
0.000282
0.000265
0.000260
0.000271
0.000284
0.000291
0.000294
0.000304
0.000322
0.000339
0.000347
0.000340
0.000320
0.000301
0.000296
0.000309
0.000327
0.000339
0.000346
0.000357
0.000372
0.000385
0.000387
0.000384
0.000385
0.000392
0.000393
0.000379
0.000354
0.000335
0.000333
0.000346
0.000362
0.000377
0.000388
0.000396
0.000400
0.000401
0.000404
0.000405
0.000399
0.000384
0.000373
0.000375
0.000390
0.000407
0.000413
0.000403
0.000379
0.000352
0.000331
0.000318
0.000309
0.000305
0.000315
0.000344
0.000377
0.000396
0.000397
0.000398
0.000407
0.000423
0.000437
0.000452
0.000466
0.000475
0.000474
0.000468
0.000465
0.000467
0.000465
0.000454
0.000440
0.000433
0.000438
0.000448
0.000459
0.000470
0.000481
0.000488
0.000482
0.000458
0.000423
0.000386
0.000351
0.000324
0.000309
0.000305
0.000307
0.000307
0.000307
0.000312
0.000316
0.000309
0.000294
0.000286
0.000295
0.000315
0.000334
0.000346
0.000359
0.000378
0.000402
0.000421
0.000429
0.000427
0.000422
0.000417
0.000407
0.000382
0.000344
0.000311
0.000296
0.000299
0.000307
0.000318
0.000336
0.000360
0.000376
0.000374
0.000366
0.000370
0.000394
0.000425
0.000444
0.000446
0.000433
0.000418
0.000417
0.000440
0.000486
0.000539
0.000572
0.000573
0.000548
0.000514
0.000477
0.000434
0.000388
0.000347
0.000320
0.000306
0.000298
0.000295
0.000296
0.000302
0.000309
0.000316
0.000320
0.000314
0.000299
0.000287
0.000292
0.000313
0.000331
0.000339
0.000341
0.000343
0.000346
0.000348
0.000358
0.000380
0.000410
0.000435
0.000448
0.000452
0.000452
0.000441
0.000415
0.000375
0.000338
0.000317
0.000313
0.000316
0.000319
0.000320
0.000321
0.000316
0.000299
0.000271
0.000241
0.000223
0.000222
0.000235
0.000253
0.000266
0.000271
0.000278
0.000293
0.000314
0.000331
0.000345
0.000364
0.000390
0.000407
0.000406
0.000394
0.000382
0.000373
0.000366
0.000367
0.000379
0.000396
0.000404
0.000400
0.000390
0.000383
0.000383
0.000390
0.000400
0.000409
0.000419
0.000438
0.000467
0.000493
0.000499
0.000488
0.000470
0.000446
0.000406
0.000359
0.000327
0.000319
0.000324
0.000324
0.000326
0.000337
0.000356
0.000371
0.000377
0.000379
0.000376
0.000366
0.000351
0.000343
0.000343
0.000345
0.000344
0.000341
0.000337
0.000334
0.000334
0.000341
0.000350
0.000353
0.000345
0.000331
0.000314
0.000301
0.000300
0.000321
0.000363
0.000410
0.000447
0.000466
0.000471
0.000466
0.000452
0.000431
0.000410
0.000392
0.000381
0.000376
0.000376
0.000377
0.000380
0.000385
0.000390
0.000395
0.000397
0.000394
0.000386
0.000383
0.000396
0.000425
0.000450
0.000450
0.000424
0.000393
0.000374
0.000371
0.000378
0.000388
0.000398
0.000400
0.000385
0.000354
0.000316
0.000283
0.000259
0.000245
0.000238
0.000237
0.000244
0.000262
0.000290
0.000317
0.000335
0.000346
0.000352
0.000353
0.000345
0.000326
0.000302
0.000281
0.000268
0.000266
0.000278
0.000300
0.000328
0.000356
0.000383
0.000407
0.000423
0.000434
0.000449
0.000475
0.000507
0.000532
0.000538
0.000524
0.000503
0.000485
0.000472
0.000459
0.000444
0.000433
0.000436
0.000451
0.000465
0.000462
0.000436
0.000402
0.000382
0.000393
0.000425
0.000456
0.000471
0.000478
0.000489
0.000505
0.000511
0.000492
0.000451
0.000401
0.000356
0.000323
0.000303
0.000291
0.000287
0.000292
0.000300
0.000306
0.000302
0.000289
0.000273
0.000261
0.000250
0.000238
0.000222
0.000207
0.000198
0.000203
0.000220
0.000241
0.000253
0.000254
0.000251
0.000249
0.000245
0.000238
0.000224
0.000205
0.000178
0.000147
0.000122
0.000114
0.000125
0.000151
0.000188
0.000234
0.000279
0.000313
0.000330
0.000334
0.000336
0.000339
0.000346
0.000353
0.000353
0.000340
0.000319
0.000305
0.000309
0.000329
0.000354
0.000375
0.000391
0.000401
0.000400
0.000383
0.000356
0.000328
0.000307
0.000294
0.000285
0.000269
0.000237
0.000191
0.000151
0.000139
0.000159
0.000198
0.000239
0.000276
0.000307
0.000327
0.000338
0.000350
0.000373
0.000402
0.000422
0.000433
0.000447
0.000476
0.000509
0.000527
0.000520
0.000498
0.000475
0.000460
0.000450
0.000443
0.000440
0.000441
0.000443
0.000441
0.000432
0.000427
0.000443
0.000480
0.000523
0.000551
0.000555
0.000533
0.000488
0.000425
0.000366
0.000331
0.000323
0.000331
0.000341
0.000351
0.000358
0.000359
0.000360
0.000372
0.000396
0.000415
0.000415
0.000402
0.000394
0.000393
0.000389
0.000383
0.000382
0.000388
0.000385
0.000367
0.000342
0.000328
0.000328
0.000334
0.000345
0.000362
0.000388
0.000419
0.000449
0.000473
0.000486
0.000486
0.000480
0.000478
0.000477
0.000467
0.000444
0.000419
0.000407
0.000405
0.000396
0.000369
0.000331
0.000299
0.000284
0.000289
0.000315
0.000356
0.000397
0.000419
0.000412
0.000383
0.000347
0.000322
0.000319
0.000336
0.000361
0.000382
0.000398
0.000416
0.000430
0.000427
0.000398
0.000360
0.000336
0.000332
0.000332
0.000320
0.000301
0.000289
0.000287
0.000288
0.000286
0.000285
0.000291
0.000307
0.000331
0.000358
0.000379
0.000388
0.000389
0.000395
0.000408
0.000415
0.000396
0.000355
0.000315
0.000299
0.000306
0.000320
0.000330
0.000335
0.000338
0.000339
0.000340
0.000345
0.000354
0.000361
0.000363
0.000359
0.000354
0.000351
0.000350
0.000354
0.000360
0.000362
0.000358
0.000349
0.000339
0.000329
0.000318
0.000313
0.000321
0.000341
0.000365
0.000387
0.000407
0.000420
0.000413
0.000380
0.000331
0.000283
0.000244
0.000211
0.000185
0.000170
0.000169
0.000177
0.000183
0.000186
0.000191
0.000203
0.000223
0.000252
0.000289
0.000326
0.000349
0.000345
0.000316
0.000286
0.000277
0.000292
0.000318
0.000336
0.000341
0.000337
0.000332
0.000330
0.000334
0.000344
0.000354
0.000369
0.000401
0.000453
0.000505
0.000531
0.000527
0.000507
0.000489
0.000468
0.000434
0.000393
0.000366
0.000367
0.000388
0.000403
0.000396
0.000365
0.000326
0.000295
0.000288
0.000303
0.000328
0.000348
0.000355
0.000348
0.000333
0.000314
0.000294
0.000280
0.000274
0.000274
0.000281
0.000295
0.000311
0.000319
0.000315
0.000304
0.000298
0.000304
0.000315
0.000322
0.000323
0.000319
0.000307
0.000290
0.000277
0.000274
0.000278
0.000281
0.000285
0.000300
0.000323
0.000344
0.000349
0.000345
0.000341
0.000348
0.000361
0.000369
0.000367
0.000362
0.000367
0.000386
0.000405
0.000408
0.000391
0.000369
0.000353
0.000340
0.000323
0.000310
0.000306
0.000306
0.000302
0.000294
0.000288
0.000281
0.000265
0.000240
0.000217
0.000206
0.000207
0.000212
0.000219
0.000229
0.000246
0.000271
0.000302
0.000333
0.000358
0.000369
0.000367
0.000356
0.000346
0.000345
0.000354
0.000370
0.000388
0.000413
0.000444
0.000475
0.000494
0.000500
0.000500
0.000500
0.000499
0.000490
0.000468
0.000433
0.000390
0.000351
0.000327
0.000317
0.000312
0.000310
0.000314
0.000330
0.000353
0.000371
0.000375
0.000365
0.000350
0.000339
0.000340
0.000349
0.000360
0.000373
0.000388
0.000402
0.000406
0.000394
0.000375
0.000360
0.000356
0.000360
0.000367
0.000373
0.000373
0.000361
0.000336
0.000302
0.000270
0.000250
0.000251
0.000271
0.000303
0.000337
0.000364
0.000374
0.000372
0.000375
0.000399
0.000434
0.000450
0.000435
0.000404
0.000383
0.000371
0.000352
0.000322
0.000296
0.000291
0.000306
0.000333
0.000367
0.000399
0.000418
0.000422
0.000420
0.000416
0.000407
0.000397
0.000397
0.000410
0.000419
0.000407
0.000376
0.000344
0.000323
0.000312
0.000312
0.000327
0.000355
0.000383
0.000405
0.000421
0.000436
0.000445
0.000448
0.000450
0.000454
0.000454
0.000441
0.000416
0.000391
0.000373
0.000360
0.000346
0.000334
0.000329
0.000337
0.000362
0.000401
0.000445
0.000475
0.000478
0.000460
0.000434
0.000404
0.000368
0.000330
0.000301
0.000291
0.000292
0.000294
0.000296
0.000311
0.000339
0.000365
0.000373
0.000357
0.000325
0.000293
0.000275
0.000275
0.000284
0.000289
0.000287
0.000286
0.000295
0.000308
0.000318
0.000324
0.000334
0.000352
0.000369
0.000376
0.000370
0.000360
0.000353
0.000347
0.000341
0.000337
0.000341
0.000354
0.000366
0.000367
0.000355
0.000339
0.000328
0.000324
0.000317
0.000306
0.000297
0.000302
0.000319
0.000337
0.000349
0.000358
0.000372
0.000389
0.000399
0.000403
0.000410
0.000419
0.000419
0.000406
0.000393
0.000398
0.000422
0.000448
0.000461
0.000455
0.000429
0.000382
0.000326
0.000283
0.000263
0.000259
0.000260
0.000269
0.000292
0.000323
0.000346
0.000358
0.000368
0.000384
0.000396
0.000396
0.000384
0.000372
0.000365
0.000367
0.000375
0.000387
0.000399
0.000408
0.000414
0.000418
0.000424
0.000427
0.000422
0.000403
0.000374
0.000349
0.000342
0.000353
0.000370
0.000384
0.000391
0.000395
0.000397
0.000404
0.000421
0.000442
0.000460
0.000470
0.000481
0.000498
0.000514
0.000517
0.000501
0.000476
0.000454
0.000440
0.000434
0.000432
0.000426
0.000408
0.000383
0.000368
0.000371
0.000385
0.000393
0.000394
0.000396
0.000403
0.000412
0.000415
0.000413
0.000408
0.000403
0.000397
0.000395
0.000406
0.000429
0.000457
0.000482
0.000495
0.000493
0.000472
0.000435
0.000383
0.000323
0.000268
0.000231
0.000220
0.000230
0.000248
0.000269
0.000290
0.000309
0.000313
0.000302
0.000287
0.000288
0.000305
0.000328
0.000347
0.000369
0.000399
0.000432
0.000456
0.000462
0.000451
0.000434
0.000423
0.000424
0.000434
0.000437
0.000425
0.000400
0.000371
0.000339
0.000302
0.000272
0.000270
0.000304
0.000352
0.000388
0.000405
0.000409
0.000401
0.000375
0.000334
0.000297
0.000283
0.000295
0.000320
0.000347
0.000368
0.000376
0.000370
0.000352
0.000333
0.000315
0.000291
0.000259
0.000226
0.000211
0.000222
0.000250
0.000278
0.000300
0.000319
0.000345
0.000374
0.000395
0.000396
0.000378
0.000353
0.000329
0.000310
0.000301
0.000300
0.000302
0.000299
0.000296
0.000303
0.000325
0.000351
0.000366
0.000366
0.000354
0.000337
0.000318
0.000307
0.000309
0.000321
0.000329
0.000325
0.000318
0.000326
0.000353
0.000383
0.000398
0.000391
0.000376
0.000363
0.000353
0.000337
0.000309
0.000275
0.000247
0.000228
0.000212
0.000197
0.000188
0.000197
0.000237
0.000302
0.000370
0.000416
0.000433
0.000437
0.000447
0.000460
0.000461
0.000448
0.000437
0.000435
0.000436
0.000425
0.000406
0.000391
0.000379
0.000363
0.000338
0.000312
0.000292
0.000281
0.000283
0.000298
0.000319
0.000341
0.000359
0.000376
0.000386
0.000381
0.000367
0.000355
0.000355
0.000358
0.000354
0.000341
0.000322
0.000299
0.000277
0.000266
0.000273
0.000288
0.000303
0.000323
0.000354
0.000390
0.000417
0.000434
0.000452
0.000482
0.000512
0.000528
0.000525
0.000512
0.000504
0.000508
0.000521
0.000531
0.000525
0.000501
0.000465
0.000429
0.000399
0.000374
0.000353
0.000330
0.000305
0.000281
0.000261
0.000246
0.000230
0.000216
0.000214
0.000229
0.000254
0.000278
0.000298
0.000313
0.000322
0.000323
0.000316
0.000301
0.000274
0.000236
0.000199
0.000176
0.000172
0.000178
0.000181
0.000178
0.000175
0.000180
0.000196
0.000223
0.000253
0.000283
0.000315
0.000354
0.000398
0.000439
0.000463
0.000469
0.000462
0.000452
0.000444
0.000432
0.000413
0.000389
0.000373
0.000372
0.000380
0.000378
0.000358
0.000333
0.000323
0.000330
0.000339
0.000337
0.000327
0.000319
0.000321
0.000330
0.000338
0.000342
0.000345
0.000353
0.000368
0.000385
0.000392
0.000376
0.000338
0.000296
0.000272
0.000273
0.000288
0.000304
0.000318
0.000333
0.000342
0.000332
0.000301
0.000271
0.000264
0.000274
0.000279
0.000267
0.000250
0.000246
0.000256
0.000273
0.000291
0.000305
0.000310
0.000301
0.000283
0.000269
0.000264
0.000260
0.000254
0.000253
0.000265
0.000287
0.000308
0.000320
0.000326
0.000331
0.000337
0.000346
0.000363
0.000395
0.000433
0.000461
0.000464
0.000448
0.000437
0.000445
0.000467
0.000482
0.000473
0.000450
0.000434
0.000437
0.000450
0.000451
0.000429
0.000397
0.000377
0.000377
0.000392
0.000408
0.000417
0.000411
0.000392
0.000373
0.000370
0.000387
0.000413
0.000435
0.000452
0.000468
0.000484
0.000497
0.000497
0.000481
0.000453
0.000428
0.000416
0.000418
0.000421
0.000416
0.000400
0.000382
0.000364
0.000348
0.000332
0.000317
0.000305
0.000304
0.000319
0.000344
0.000365
0.000371
0.000371
0.000374
0.000373
0.000358
0.000331
0.000308
0.000299
0.000296
0.000288
0.000274
0.000260
0.000254
0.000264
0.000297
0.000343
0.000379
0.000386
0.000373
0.000358
0.000355
0.000362
0.000372
0.000379
0.000375
0.000354
0.000322
0.000285
0.000249
0.000219
0.000204
0.000212
0.000235
0.000252
0.000253
0.000248
0.000250
0.000261
0.000276
0.000293
0.000314
0.000333
0.000347
0.000359
0.000374
0.000384
0.000374
0.000343
0.000309
0.000295
0.000307
0.000334
0.000364
0.000389
0.000400
0.000391
0.000372
0.000359
0.000359
0.000359
0.000343
0.000317
0.000301
0.000305
0.000319
0.000330
0.000335
0.000338
0.000336
0.000326
0.000313
0.000308
0.000315
0.000328
0.000339
0.000348
0.000358
0.000372
0.000387
0.000397
0.000394
0.000382
0.000373
0.000373
0.000377
0.000376
0.000369
0.000366
0.000375
0.000387
0.000386
0.000365
0.000333
0.000307
0.000299
0.000305
0.000315
0.000323
0.000332
0.000341
0.000343
0.000333
0.000318
0.000309
0.000306
0.000303
0.000302
0.000318
0.000349
0.000376
0.000384
0.000381
0.000380
0.000381
0.000370
0.000348
0.000323
0.000297
0.000271
0.000254
0.000256
0.000274
0.000293
0.000306
0.000323
0.000350
0.000377
0.000387
0.000378
0.000359
0.000338
0.000324
0.000324
0.000340
0.000364
0.000381
0.000387
0.000390
0.000399
0.000412
0.000427
0.000440
0.000449
0.000453
0.000446
0.000425
0.000395
0.000366
0.000350
0.000348
0.000352
0.000354
0.000357
0.000365
0.000378
0.000390
0.000398
0.000401
0.000400
0.000395
0.000388
0.000379
0.000367
0.000360
0.000363
0.000377
0.000392
0.000397
0.000396
0.000397
0.000402
0.000403
0.000395
0.000383
0.000372
0.000366
0.000367
0.000375
0.000385
0.000389
0.000386
0.000374
0.000352
0.000323
0.000307
0.000324
0.000369
0.000413
0.000428
0.000416
0.000399
0.000394
0.000400
0.000412
0.000423
0.000430
0.000428
0.000416
0.000397
0.000376
0.000357
0.000345
0.000345
0.000356
0.000375
0.000398
0.000419
0.000432
0.000431
0.000418
0.000400
0.000389
0.000388
0.000391
0.000391
0.000389
0.000389
0.000393
0.000396
0.000392
0.000381
0.000368
0.000357
0.000345
0.000331
0.000328
0.000347
0.000383
0.000412
0.000414
0.000391
0.000364
0.000351
0.000355
0.000368
0.000384
0.000404
0.000427
0.000447
0.000449
0.000429
0.000398
0.000372
0.000361
0.000360
0.000364
0.000368
0.000371
0.000376
0.000384
0.000398
0.000417
0.000433
0.000441
0.000439
0.000434
0.000426
0.000412
0.000394
0.000378
0.000375
0.000383
0.000393
0.000394
0.000379
0.000356
0.000337
0.000325
0.000319
0.000311
0.000304
0.000305
0.000319
0.000340
0.000360
0.000375
0.000391
0.000414
0.000435
0.000438
0.000413
0.000373
0.000344
0.000338
0.000345
0.000344
0.000333
0.000322
0.000318
0.000317
0.000314
0.000317
0.000331
0.000352
0.000366
0.000369
0.000368
0.000371
0.000380
0.000385
0.000382
0.000371
0.000361
0.000356
0.000353
0.000347
0.000338
0.000328
0.000328
0.000344
0.000375
0.000407
0.000429
0.000437
0.000437
0.000436
0.000436
0.000435
0.000430
0.000418
0.000396
0.000373
0.000364
0.000378
0.000404
0.000425
0.000428
0.000418
0.000402
0.000390
0.000381
0.000370
0.000354
0.000340
0.000342
0.000362
0.000389
0.000408
0.000415
0.000412
0.000402
0.000390
0.000378
0.000369
0.000355
0.000336
0.000319
0.000316
0.000320
0.000318
0.000310
0.000313
0.000340
0.000379
0.000408
0.000419
0.000418
0.000412
0.000404
0.000393
0.000383
0.000378
0.000377
0.000376
0.000368
0.000355
0.000347
0.000354
0.000375
0.000404
0.000439
0.000474
0.000497
0.000493
0.000462
0.000423
0.000393
0.000371
0.000351
0.000332
0.000320
0.000320
0.000332
0.000351
0.000369
0.000379
0.000380
0.000380
0.000382
0.000380
0.000370
0.000361
0.000367
0.000387
0.000413
0.000440
0.000463
0.000470
0.000448
0.000407
0.000377
0.000373
0.000384
0.000392
0.000396
0.000401
0.000396
0.000372
0.000333
0.000299
0.000279
0.000274
0.000276
0.000283
0.000290
0.000290
0.000280
0.000268
0.000263
0.000271
0.000288
0.000312
0.000339
0.000364
0.000383
0.000393
0.000396
0.000393
0.000392
0.000397
0.000408
0.000417
0.000421
0.000420
0.000411
0.000390
0.000357
0.000322
0.000296
0.000286
0.000294
0.000308
0.000318
0.000315
0.000303
0.000300
0.000314
0.000338
0.000357
0.000362
0.000361
0.000363
0.000376
0.000394
0.000407
0.000405
0.000377
0.000329
0.000280
0.000254
0.000260
0.000287
0.000314
0.000333
0.000344
0.000349
0.000347
0.000339
0.000333
0.000330
0.000326
0.000323
0.000330
0.000348
0.000364
0.000367
0.000366
0.000374
0.000390
0.000402
0.000406
0.000409
0.000412
0.000405
0.000386
0.000365
0.000356
0.000355
0.000355
0.000352
0.000352
0.000361
0.000376
0.000388
0.000386
0.000367
0.000340
0.000318
0.000305
0.000294
0.000284
0.000287
0.000311
0.000346
0.000381
0.000412
0.000446
0.000481
0.000506
0.000517
0.000517
0.000511
0.000502
0.000490
0.000472
0.000438
0.000383
0.000315
0.000257
0.000227
0.000226
0.000252
0.000293
0.000337
0.000368
0.000385
0.000391
0.000379
0.000335
0.000267
0.000209
0.000192
0.000214
0.000251
0.000285
0.000317
0.000347
0.000366
0.000364
0.000343
0.000314
0.000293
0.000289
0.000305
0.000323
0.000327
0.000321
0.000324
0.000344
0.000367
0.000376
0.000367
0.000355
0.000349
0.000342
0.000327
0.000302
0.000281
0.000273
0.000281
0.000296
0.000308
0.000315
0.000318
0.000318
0.000313
0.000306
0.000308
0.000326
0.000353
0.000378
0.000389
0.000382
0.000363
0.000346
0.000348
0.000369
0.000393
0.000407
0.000415
0.000426
0.000441
0.000451
0.000454
0.000458
0.000464
0.000468
0.000464
0.000451
0.000432
0.000411
0.000395
0.000388
0.000389
0.000390
0.000386
0.000381
0.000380
0.000388
0.000404
0.000423
0.000433
0.000427
0.000409
0.000388
0.000370
0.000357
0.000351
0.000362
0.000384
0.000406
0.000421
0.000436
0.000452
0.000458
0.000445
0.000424
0.000413
0.000408
0.000397
0.000380
0.000372
0.000376
0.000379
0.000367
0.000345
0.000325
0.000309
0.000293
0.000278
0.000272
0.000276
0.000282
0.000278
0.000266
0.000255
0.000250
0.000250
0.000254
0.000265
0.000288
0.000317
0.000338
0.000346
0.000346
0.000345
0.000342
0.000339
0.000345
0.000365
0.000392
0.000405
0.000389
0.000344
0.000283
0.000224
0.000190
0.000189
0.000213
0.000245
0.000275
0.000300
0.000322
0.000339
0.000354
0.000374
0.000400
0.000429
0.000459
0.000490
0.000513
0.000519
0.000510
0.000504
0.000506
0.000511
0.000509
0.000508
0.000515
0.000523
0.000521
0.000509
0.000499
0.000496
0.000494
0.000488
0.000481
0.000478
0.000476
0.000466
0.000443
0.000411
0.000382
0.000362
0.000345
0.000324
0.000304
0.000294
0.000300
0.000311
0.000318
0.000329
0.000358
0.000400
0.000431
0.000429
0.000395
0.000347
0.000306
0.000283
0.000277
0.000277
0.000277
0.000280
0.000291
0.000311
0.000338
0.000368
0.000396
0.000411
0.000405
0.000386
0.000371
0.000370
0.000373
0.000367
0.000351
0.000339
0.000341
0.000354
0.000369
0.000377
0.000379
0.000379
0.000376
0.000362
0.000339
0.000319
0.000319
0.000334
0.000343
0.000337
0.000321
0.000305
0.000291
0.000280
0.000275
0.000279
0.000285
0.000285
0.000284
0.000294
0.000318
0.000345
0.000358
0.000355
0.000344
0.000335
0.000329
0.000319
0.000295
0.000257
0.000225
0.000213
0.000222
0.000235
0.000240
0.000242
0.000251
0.000273
0.000304
0.000335
0.000357
0.000366
0.000364
0.000363
0.000368
0.000370
0.000360
0.000341
0.000332
0.000345
0.000366
0.000370
0.000354
0.000336
0.000330
0.000326
0.000309
0.000287
0.000285
0.000310
0.000335
0.000336
0.000317
0.000299
0.000291
0.000290
0.000293
0.000306
0.000329
0.000354
0.000373
0.000387
0.000398
0.000399
0.000382
0.000354
0.000325
0.000306
0.000299
0.000301
0.000309
0.000320
0.000332
0.000345
0.000357
0.000359
0.000342
0.000304
0.000260
0.000225
0.000209
0.000207
0.000211
0.000216
0.000219
0.000222
0.000228
0.000242
0.000264
0.000289
0.000306
0.000310
0.000301
0.000282
0.000263
0.000259
0.000283
0.000332
0.000387
0.000423
0.000435
0.000434
0.000429
0.000419
0.000399
0.000377
0.000370
0.000382
0.000396
0.000395
0.000381
0.000368
0.000362
0.000358
0.000350
0.000346
0.000356
0.000375
0.000392
0.000403
0.000414
0.000425
0.000431
0.000429
0.000421
0.000409
0.000392
0.000374
0.000366
0.000375
0.000389
0.000391
0.000373
0.000344
0.000315
0.000289
0.000267
0.000254
0.000253
0.000262
0.000279
0.000299
0.000318
0.000328
0.000325
0.000320
0.000326
0.000346
0.000373
0.000393
0.000401
0.000395
0.000375
0.000342
0.000303
0.000270
0.000254
0.000254
0.000258
0.000250
0.000228
0.000207
0.000203
0.000218
0.000243
0.000267
0.000285
0.000297
0.000296
0.000277
0.000242
0.000203
0.000175
0.000160
0.000156
0.000162
0.000182
0.000209
0.000232
0.000242
0.000241
0.000234
0.000226
0.000221
0.000226
0.000240
0.000251
0.000250
0.000243
0.000249
0.000281
0.000333
0.000390
0.000439
0.000474
0.000495
0.000500
0.000493
0.000473
0.000444
0.000407
0.000366
0.000330
0.000311
0.000311
0.000321
0.000322
0.000303
0.000271
0.000246
0.000236
0.000238
0.000240
0.000235
0.000220
0.000203
0.000192
0.000197
0.000215
0.000234
0.000247
0.000258
0.000272
0.000284
0.000286
0.000283
0.000286
0.000302
0.000322
0.000339
0.000353
0.000366
0.000368
0.000351
0.000325
0.000308
0.000311
0.000323
0.000326
0.000312
0.000290
0.000272
0.000267
0.000277
0.000299
0.000325
0.000344
0.000350
0.000347
0.000336
0.000322
0.000312
0.000316
0.000337
0.000364
0.000379
0.000378
0.000370
0.000369
0.000380
0.000396
0.000405
0.000399
0.000380
0.000358
0.000342
0.000328
0.000311
0.000291
0.000281
0.000289
0.000304
0.000312
0.000306
0.000291
0.000274
0.000257
0.000243
0.000241
0.000257
0.000286
0.000315
0.000331
0.000330
0.000323
0.000325
0.000342
0.000362
0.000369
0.000354
0.000327
0.000306
0.000298
0.000296
0.000286
0.000266
0.000253
0.000262
0.000290
0.000316
0.000320
0.000304
0.000286
0.000278
0.000284
0.000301
0.000322
0.000342
0.000352
0.000347
0.000333
0.000320
0.000316
0.000317
0.000320
0.000329
0.000352
0.000388
0.000427
0.000458
0.000476
0.000484
0.000490
0.000498
0.000504
0.000505
0.000495
0.000477
0.000459
0.000445
0.000435
0.000424
0.000415
0.000413
0.000412
0.000407
0.000400
0.000400
0.000409
0.000418
0.000418
0.000412
0.000407
0.000411
0.000425
0.000448
0.000474
0.000496
0.000505
0.000502
0.000488
0.000464
0.000433
0.000404
0.000386
0.000376
0.000367
0.000358
0.000362
0.000384
0.000418
0.000453
0.000477
0.000484
0.000471
0.000443
0.000413
0.000395
0.000393
0.000397
0.000395
0.000382
0.000367
0.000360
0.000364
0.000372
0.000379
0.000390
0.000404
0.000412
0.000408
0.000402
0.000409
0.000428
0.000446
0.000453
0.000451
0.000441
0.000420
0.000387
0.000355
0.000339
0.000340
0.000350
0.000365
0.000384
0.000403
0.000415
0.000411
0.000394
0.000370
0.000349
0.000338
0.000338
0.000336
0.000321
0.000297
0.000290
0.000318
0.000366
0.000402
0.000410
0.000402
0.000399
0.000401
0.000399
0.000390
0.000378
0.000366
0.000353
0.000345
0.000352
0.000368
0.000371
0.000353
0.000330
0.000328
0.000348
0.000369
0.000374
0.000362
0.000337
0.000301
0.000265
0.000240
0.000227
0.000217
0.000204
0.000192
0.000181
0.000163
0.000141
0.000132
0.000154
0.000204
0.000264
0.000317
0.000360
0.000391
0.000407
0.000407
0.000389
0.000359
0.000332
0.000319
0.000316
0.000307
0.000289
0.000279
0.000292
0.000317
0.000331
0.000330
0.000326
0.000327
0.000325
0.000315
0.000302
0.000292
0.000286
0.000284
0.000291
0.000306
0.000326
0.000342
0.000353
0.000357
0.000353
0.000338
0.000318
0.000296
0.000277
0.000264
0.000259
0.000257
0.000249
0.000232
0.000217
0.000213
0.000225
0.000246
0.000269
0.000284
0.000282
0.000267
0.000250
0.000243
0.000242
0.000237
0.000227
0.000218
0.000215
0.000214
0.000212
0.000207
0.000204
0.000203
0.000201
0.000192
0.000176
0.000165
0.000171
0.000201
0.000249
0.000301
0.000342
0.000362
0.000356
0.000338
0.000329
0.000339
0.000354
0.000355
0.000338
0.000320
0.000314
0.000322
0.000333
0.000338
0.000333
0.000324
0.000326
0.000344
0.000366
0.000372
0.000357
0.000334
0.000314
0.000296
0.000278
0.000261
0.000250
0.000249
0.000262
0.000298
0.000348
0.000390
0.000401
0.000382
0.000348
0.000314
0.000288
0.000279
0.000295
0.000331
0.000366
0.000389
0.000406
0.000428
0.000455
0.000477
0.000489
0.000492
0.000485
0.000463
0.000435
0.000413
0.000405
0.000403
0.000396
0.000384
0.000377
0.000382
0.000397
0.000411
0.000417
0.000412
0.000404
0.000402
0.000413
0.000437
0.000465
0.000483
0.000482
0.000463
0.000440
0.000429
0.000433
0.000446
0.000454
0.000452
0.000437
0.000415
0.000393
0.000374
0.000358
0.000340
0.000322
0.000311
0.000308
0.000308
0.000307
0.000306
0.000309
0.000318
0.000332
0.000351
0.000367
0.000376
0.000379
0.000382
0.000382
0.000363
0.000319
0.000266
0.000230
0.000219
0.000220
0.000224
0.000232
0.000246
0.000257
0.000255
0.000244
0.000232
0.000229
0.000244
0.000284
0.000336
0.000380
0.000398
0.000395
0.000386
0.000378
0.000365
0.000351
0.000343
0.000347
0.000356
0.000364
0.000369
0.000371
0.000370
0.000370
0.000375
0.000386
0.000400
0.000415
0.000431
0.000446
0.000454
0.000453
0.000453
0.000461
0.000473
0.000478
0.000468
0.000444
0.000414
0.000385
0.000362
0.000348
0.000350
0.000367
0.000387
0.000397
0.000389
0.000371
0.000355
0.000343
0.000329
0.000306
0.000277
0.000249
0.000221
0.000192
0.000168
0.000165
0.000193
0.000246
0.000300
0.000336
0.000345
0.000337
0.000327
0.000324
0.000324
0.000319
0.000303
0.000281
0.000266
0.000265
0.000270
0.000272
0.000270
0.000278
0.000300
0.000327
0.000345
0.000353
0.000365
0.000385
0.000405
0.000405
0.000381
0.000341
0.000301
0.000275
0.000269
0.000282
0.000302
0.000317
0.000322
0.000323
0.000331
0.000350
0.000374
0.000389
0.000388
0.000375
0.000355
0.000333
0.000314
0.000308
0.000319
0.000341
0.000358
0.000362
0.000356
0.000347
0.000339
0.000334
0.000334
0.000337
0.000338
0.000335
0.000338
0.000355
0.000382
0.000407
0.000420
0.000423
0.000422
0.000420
0.000415
0.000404
0.000394
0.000396
0.000410
0.000424
0.000419
0.000394
0.000363
0.000342
0.000333
0.000326
0.000317
0.000310
0.000311
0.000322
0.000338
0.000360
0.000387
0.000419
0.000449
0.000465
0.000461
0.000444
0.000430
0.000429
0.000431
0.000418
0.000387
0.000355
0.000335
0.000329
0.000327
0.000327
0.000329
0.000331
0.000327
0.000318
0.000310
0.000306
0.000303
0.000298
0.000295
0.000301
0.000318
0.000341
0.000361
0.000370
0.000367
0.000359
0.000354
0.000363
0.000381
0.000397
0.000397
0.000379
0.000352
0.000326
0.000307
0.000293
0.000281
0.000272
0.000266
0.000262
0.000257
0.000251
0.000248
0.000251
0.000260
0.000268
0.000267
0.000255
0.000241
0.000233
0.000235
0.000244
0.000258
0.000271
0.000280
0.000283
0.000284
0.000290
0.000304
0.000325
0.000351
0.000378
0.000396
0.000400
0.000393
0.000388
0.000392
0.000402
0.000411
0.000420
0.000433
0.000445
0.000452
0.000460
0.000470
0.000472
0.000452
0.000416
0.000382
0.000358
0.000332
0.000297
0.000265
0.000251
0.000248
0.000240
0.000232
0.000242
0.000277
0.000314
0.000327
0.000310
0.000280
0.000259
0.000260
0.000285
0.000322
0.000352
0.000359
0.000346
0.000332
0.000329
0.000339
0.000355
0.000375
0.000392
0.000402
0.000399
0.000387
0.000374
0.000368
0.000364
0.000354
0.000338
0.000330
0.000337
0.000352
0.000363
0.000370
0.000382
0.000405
0.000429
0.000445
0.000452
0.000451
0.000439
0.000414
0.000387
0.000369
0.000359
0.000349
0.000337
0.000330
0.000329
0.000330
0.000331
0.000342
0.000369
0.000400
0.000419
0.000426
0.000429
0.000430
0.000426
0.000415
0.000408
0.000408
0.000407
0.000393
0.000370
0.000351
0.000342
0.000337
0.000322
0.000297
0.000271
0.000253
0.000246
0.000246
0.000251
0.000255
0.000252
0.000237
0.000217
0.000205
0.000208
0.000229
0.000259
0.000282
0.000285
0.000263
0.000228
0.000197
0.000181
0.000177
0.000183
0.000204
0.000242
0.000286
0.000314
0.000312
0.000289
0.000267
0.000259
0.000264
0.000277
0.000292
0.000308
0.000320
0.000324
0.000325
0.000330
0.000342
0.000353
0.000354
0.000345
0.000336
0.000329
0.000321
0.000309
0.000297
0.000295
0.000309
0.000333
0.000357
0.000374
0.000385
0.000396
0.000414
0.000432
0.000442
0.000444
0.000444
0.000443
0.000431
0.000401
0.000361
0.000330
0.000320
0.000328
0.000340
0.000339
0.000322
0.000294
0.000273
0.000267
0.000277
0.000296
0.000319
0.000336
0.000340
0.000328
0.000309
0.000290
0.000273
0.000258
0.000251
0.000254
0.000263
0.000270
0.000278
0.000302
0.000347
0.000397
0.000432
0.000448
0.000454
0.000463
0.000475
0.000480
0.000468
0.000442
0.000412
0.000387
0.000367
0.000352
0.000342
0.000336
0.000329
0.000318
0.000317
0.000341
0.000385
0.000432
0.000471
0.000504
0.000534
0.000555
0.000563
0.000561
0.000552
0.000537
0.000521
0.000508
0.000499
0.000487
0.000467
0.000447
0.000429
0.000410
0.000388
0.000368
0.000352
0.000338
0.000325
0.000316
0.000310
0.000301
0.000288
0.000284
0.000291
0.000297
0.000287
0.000267
0.000254
0.000255
0.000264
0.000274
0.000281
0.000282
0.000274
0.000263
0.000264
0.000279
0.000296
0.000306
0.000311
0.000318
0.000326
0.000330
0.000330
0.000328
0.000325
0.000320
0.000314
0.000306
0.000292
0.000271
0.000243
0.000213
0.000193
0.000192
0.000214
0.000250
0.000286
0.000308
0.000313
0.000309
0.000310
0.000329
0.000360
0.000380
0.000371
0.000340
0.000312
0.000294
0.000280
0.000260
0.000239
0.000221
0.000206
0.000196
0.000196
0.000212
0.000240
0.000275
0.000317
0.000363
0.000403
0.000428
0.000438
0.000442
0.000439
0.000426
0.000407
0.000397
0.000403
0.000425
0.000450
0.000464
0.000459
0.000437
0.000406
0.000374
0.000347
0.000329
0.000324
0.000336
0.000358
0.000377
0.000382
0.000371
0.000350
0.000329
0.000315
0.000306
0.000297
0.000283
0.000275
0.000280
0.000296
0.000311
0.000320
0.000327
0.000341
0.000357
0.000364
0.000353
0.000331
0.000311
0.000299
0.000292
0.000282
0.000276
0.000280
0.000293
0.000309
0.000330
0.000358
0.000384
0.000394
0.000390
0.000388
0.000403
0.000431
0.000462
0.000494
0.000524
0.000541
0.000538
0.000526
0.000519
0.000514
0.000495
0.000464
0.000433
0.000415
0.000409
0.000411
0.000416
0.000411
0.000389
0.000359
0.000342
0.000344
0.000350
0.000350
0.000349
0.000358
0.000372
0.000380
0.000375
0.000364
0.000347
0.000322
0.000289
0.000254
0.000224
0.000203
0.000190
0.000184
0.000183
0.000192
0.000214
0.000246
0.000272
0.000282
0.000281
0.000278
0.000283
0.000295
0.000318
0.000354
0.000398
0.000440
0.000468
0.000478
0.000472
0.000455
0.000438
0.000427
0.000421
0.000416
0.000409
0.000398
0.000383
0.000366
0.000349
0.000333
0.000315
0.000296
0.000282
0.000280
0.000289
0.000298
0.000301
0.000299
0.000297
0.000296
0.000294
0.000289
0.000283
0.000282
0.000286
0.000287
0.000280
0.000272
0.000278
0.000300
0.000317
0.000310
0.000286
0.000268
0.000269
0.000282
0.000299
0.000323
0.000355
0.000386
0.000406
0.000412
0.000410
0.000404
0.000398
0.000399
0.000414
0.000433
0.000439
0.000421
0.000380
0.000328
0.000278
0.000237
0.000210
0.000202
0.000208
0.000228
0.000264
0.000311
0.000354
0.000376
0.000374
0.000365
0.000369
0.000388
0.000406
0.000411
0.000402
0.000392
0.000391
0.000400
0.000412
0.000414
0.000402
0.000383
0.000373
0.000379
0.000394
0.000408
0.000417
0.000419
0.000409
0.000383
0.000352
0.000330
0.000319
0.000313
0.000307
0.000309
0.000322
0.000340
0.000350
0.000349
0.000345
0.000348
0.000367
0.000402
0.000445
0.000482
0.000495
0.000483
0.000454
0.000423
0.000402
0.000393
0.000385
0.000370
0.000345
0.000321
0.000304
0.000293
0.000284
0.000280
0.000282
0.000283
0.000275
0.000259
0.000247
0.000252
0.000269
0.000283
0.000282
0.000271
0.000268
0.000286
0.000319
0.000348
0.000362
0.000368
0.000376
0.000393
0.000415
0.000439
0.000467
0.000497
0.000522
0.000538
0.000548
0.000557
0.000563
0.000558
0.000538
0.000508
0.000475
0.000447
0.000427
0.000412
0.000397
0.000374
0.000343
0.000313
0.000297
0.000304
0.000328
0.000356
0.000379
0.000395
0.000407
0.000415
0.000413
0.000398
0.000368
0.000326
0.000284
0.000254
0.000245
0.000250
0.000259
0.000268
0.000281
0.000298
0.000311
0.000316
0.000313
0.000310
0.000308
0.000311
0.000316
0.000320
0.000315
0.000305
0.000297
0.000295
0.000293
0.000283
0.000270
0.000265
0.000271
0.000279
0.000281
0.000275
0.000263
0.000252
0.000249
0.000258
0.000275
0.000290
0.000302
0.000312
0.000322
0.000328
0.000329
0.000329
0.000330
0.000326
0.000313
0.000297
0.000289
0.000294
0.000308
0.000322
0.000334
0.000344
0.000355
0.000368
0.000378
0.000379
0.000369
0.000353
0.000340
0.000333
0.000335
0.000345
0.000358
0.000367
0.000367
0.000362
0.000358
0.000354
0.000340
0.000315
0.000292
0.000276
0.000267
0.000261
0.000264
0.000282
0.000312
0.000340
0.000355
0.000349
0.000325
0.000290
0.000256
0.000233
0.000223
0.000221
0.000226
0.000235
0.000247
0.000257
0.000271
0.000296
0.000327
0.000353
0.000373
0.000392
0.000412
0.000424
0.000422
0.000418
0.000423
0.000436
0.000441
0.000428
0.000398
0.000360
0.000322
0.000290
0.000267
0.000248
0.000231
0.000217
0.000214
0.000222
0.000233
0.000238
0.000242
0.000254
0.000279
0.000311
0.000344
0.000373
0.000392
0.000395
0.000380
0.000354
0.000327
0.000306
0.000293
0.000292
0.000302
0.000313
0.000320
0.000323
0.000329
0.000338
0.000335
0.000310
0.000269
0.000225
0.000191
0.000173
0.000177
0.000200
0.000230
0.000252
0.000263
0.000267
0.000268
0.000269
0.000276
0.000296
0.000328
0.000360
0.000380
0.000393
0.000402
0.000405
0.000393
0.000366
0.000327
0.000286
0.000256
0.000244
0.000247
0.000250
0.000240
0.000223
0.000209
0.000201
0.000187
0.000162
0.000133
0.000116
0.000120
0.000146
0.000186
0.000224
0.000246
0.000250
0.000244
0.000237
0.000229
0.000216
0.000196
0.000177
0.000167
0.000169
0.000184
0.000209
0.000244
0.000288
0.000339
0.000381
0.000404
0.000410
0.000412
0.000420
0.000432
0.000444
0.000456
0.000468
0.000469
0.000451
0.000416
0.000374
0.000335
0.000300
0.000276
0.000272
0.000288
0.000310
0.000327
0.000341
0.000359
0.000384
0.000405
0.000412
0.000405
0.000396
0.000394
0.000401
0.000415
0.000426
0.000426
0.000408
0.000381
0.000361
0.000358
0.000369
0.000381
0.000387
0.000383
0.000370
0.000348
0.000324
0.000310
0.000313
0.000325
0.000331
0.000329
0.000326
0.000329
0.000332
0.000326
0.000314
0.000306
0.000309
0.000314
0.000315
0.000313
0.000310
0.000306
0.000301
0.000301
0.000311
0.000326
0.000335
0.000334
0.000327
0.000316
0.000293
0.000255
0.000212
0.000189
0.000201
0.000246
0.000303
0.000342
0.000351
0.000337
0.000317
0.000294
0.000266
0.000242
0.000244
0.000280
0.000324
0.000347
0.000345
0.000339
0.000342
0.000345
0.000340
0.000336
0.000344
0.000356
0.000363
0.000363
0.000365
0.000367
0.000364
0.000355
0.000348
0.000348
0.000347
0.000335
0.000312
0.000284
0.000260
0.000246
0.000240
0.000237
0.000229
0.000211
0.000189
0.000172
0.000170
0.000186
0.000217
0.000250
0.000273
0.000284
0.000290
0.000299
0.000310
0.000316
0.000307
0.000284
0.000260
0.000251
0.000259
0.000275
0.000294
0.000318
0.000343
0.000359
0.000359
0.000349
0.000347
0.000362
0.000392
0.000429
0.000466
0.000497
0.000513
0.000512
0.000495
0.000469
0.000438
0.000408
0.000385
0.000370
0.000360
0.000345
0.000316
0.000274
0.000231
0.000203
0.000196
0.000202
0.000210
0.000217
0.000224
0.000234
0.000242
0.000249
0.000259
0.000273
0.000288
0.000300
0.000308
0.000315
0.000321
0.000322
0.000320
0.000312
0.000304
0.000303
0.000318
0.000346
0.000370
0.000369
0.000342
0.000308
0.000295
0.000318
0.000363
0.000400
0.000404
0.000378
0.000343
0.000315
0.000294
0.000275
0.000260
0.000257
0.000271
0.000300
0.000331
0.000351
0.000350
0.000329
0.000298
0.000268
0.000245
0.000237
0.000247
0.000267
0.000280
0.000276
0.000257
0.000230
0.000204
0.000189
0.000195
0.000220
0.000243
0.000252
0.000250
0.000249
0.000249
0.000247
0.000247
0.000254
0.000264
0.000273
0.000283
0.000301
0.000323
0.000341
0.000355
0.000372
0.000389
0.000398
0.000396
0.000396
0.000397
0.000386
0.000358
0.000325
0.000300
0.000280
0.000257
0.000230
0.000204
0.000182
0.000171
0.000184
0.000227
0.000285
0.000332
0.000361
0.000382
0.000397
0.000402
0.000395
0.000388
0.000391
0.000407
0.000432
0.000461
0.000491
0.000516
0.000530
0.000532
0.000518
0.000487
0.000448
0.000414
0.000389
0.000368
0.000349
0.000340
0.000347
0.000371
0.000402
0.000432
0.000456
0.000467
0.000461
0.000450
0.000449
0.000463
0.000483
0.000496
0.000499
0.000490
0.000466
0.000428
0.000384
0.000350
0.000336
0.000340
0.000352
0.000368
0.000384
0.000397
0.000398
0.000386
0.000373
0.000373
0.000387
0.000405
0.000416
0.000420
0.000414
0.000397
0.000369
0.000342
0.000326
0.000324
0.000332
0.000342
0.000349
0.000347
0.000335
0.000319
0.000302
0.000281
0.000255
0.000235
0.000235
0.000252
0.000274
0.000286
0.000288
0.000286
0.000285
0.000288
0.000294
0.000299
0.000300
0.000303
0.000316
0.000335
0.000342
0.000330
0.000312
0.000307
0.000317
0.000328
0.000329
0.000321
0.000313
0.000309
0.000306
0.000301
0.000295
0.000294
0.000299
0.000311
0.000322
0.000326
0.000327
0.000337
0.000359
0.000388
0.000406
0.000408
0.000397
0.000381
0.000364
0.000346
0.000330
0.000314
0.000293
0.000267
0.000247
0.000247
0.000266
0.000292
0.000315
0.000334
0.000351
0.000360
0.000355
0.000345
0.000343
0.000349
0.000353
0.000353
0.000353
0.000353
0.000340
0.000301
0.000251
0.000215
0.000205
0.000205
0.000197
0.000174
0.000148
0.000136
0.000152
0.000195
0.000251
0.000299
0.000326
0.000329
0.000314
0.000290
0.000269
0.000264
0.000277
0.000302
0.000328
0.000357
0.000389
0.000417
0.000430
0.000423
0.000409
0.000401
0.000400
0.000403
0.000409
0.000424
0.000447
0.000466
0.000466
0.000450
0.000424
0.000393
0.000356
0.000315
0.000279
0.000260
0.000258
0.000267
0.000282
0.000302
0.000321
0.000336
0.000348
0.000367
0.000394
0.000421
0.000432
0.000420
0.000394
0.000365
0.000340
0.000314
0.000289
0.000269
0.000259
0.000254
0.000248
0.000241
0.000238
0.000240
0.000244
0.000251
0.000264
0.000284
0.000306
0.000326
0.000348
0.000373
0.000393
0.000396
0.000383
0.000361
0.000337
0.000316
0.000299
0.000285
0.000264
0.000232
0.000201
0.000184
0.000186
0.000193
0.000196
0.000203
0.000225
0.000260
0.000300
0.000339
0.000371
0.000386
0.000380
0.000359
0.000339
0.000328
0.000320
0.000311
0.000300
0.000285
0.000262
0.000235
0.000222
0.000234
0.000268
0.000305
0.000334
0.000358
0.000383
0.000410
0.000429
0.000439
0.000444
0.000451
0.000455
0.000451
0.000442
0.000434
0.000421
0.000390
0.000332
0.000263
0.000206
0.000179
0.000183
0.000207
0.000242
0.000279
0.000315
0.000346
0.000368
0.000381
0.000392
0.000407
0.000426
0.000436
0.000432
0.000420
0.000406
0.000387
0.000361
0.000337
0.000324
0.000325
0.000338
0.000362
0.000389
0.000404
0.000404
0.000402
0.000413
0.000432
0.000439
0.000431
0.000419
0.000410
0.000394
0.000364
0.000334
0.000318
0.000322
0.000341
0.000373
0.000410
0.000442
0.000462
0.000474
0.000476
0.000459
0.000430
0.000404
0.000391
0.000380
0.000354
0.000318
0.000286
0.000262
0.000242
0.000232
0.000241
0.000269
0.000307
0.000345
0.000378
0.000396
0.000395
0.000386
0.000385
0.000396
0.000403
0.000394
0.000372
0.000347
0.000320
0.000296
0.000285
0.000297
0.000329
0.000365
0.000391
0.000401
0.000401
0.000396
0.000389
0.000378
0.000368
0.000364
0.000367
0.000371
0.000376
0.000391
0.000420
0.000452
0.000472
0.000477
0.000479
0.000478
0.000462
0.000429
0.000392
0.000364
0.000339
0.000308
0.000271
0.000239
0.000219
0.000211
0.000213
0.000229
0.000258
0.000289
0.000311
0.000316
0.000302
0.000279
0.000259
0.000253
0.000270
0.000307
0.000357
0.000398
0.000415
0.000413
0.000413
0.000428
0.000447
0.000449
0.000431
0.000405
0.000384
0.000370
0.000360
0.000348
0.000330
0.000305
0.000282
0.000273
0.000279
0.000289
0.000289
0.000277
0.000260
0.000249
0.000255
0.000276
0.000302
0.000325
0.000344
0.000364
0.000384
0.000399
0.000405
0.000401
0.000390
0.000375
0.000360
0.000351
0.000349
0.000357
0.000374
0.000394
0.000402
0.000393
0.000375
0.000357
0.000339
0.000318
0.000301
0.000297
0.000301
0.000297
0.000280
0.000263
0.000258
0.000266
0.000274
0.000279
0.000286
0.000299
0.000311
0.000313
0.000296
0.000267
0.000240
0.000229
0.000234
0.000245
0.000264
0.000300
0.000347
0.000383
0.000386
0.000363
0.000335
0.000315
0.000302
0.000299
0.000311
0.000338
0.000362
0.000371
0.000365
0.000352
0.000337
0.000321
0.000311
0.000311
0.000315
0.000309
0.000288
0.000259
0.000234
0.000218
0.000211
0.000214
0.000230
0.000261
0.000304
0.000355
0.000404
0.000441
0.000458
0.000458
0.000449
0.000442
0.000437
0.000429
0.000420
0.000414
0.000412
0.000409
0.000404
0.000400
0.000404
0.000417
0.000435
0.000454
0.000468
0.000471
0.000458
0.000431
0.000396
0.000364
0.000335
0.000305
0.000276
0.000257
0.000256
0.000265
0.000274
0.000286
0.000310
0.000348
0.000385
0.000406
0.000409
0.000404
0.000392
0.000367
0.000329
0.000290
0.000269
0.000273
0.000296
0.000329
0.000367
0.000402
0.000421
0.000421
0.000403
0.000378
0.000351
0.000316
0.000270
0.000217
0.000175
0.000155
0.000154
0.000162
0.000172
0.000187
0.000206
0.000226
0.000242
0.000254
0.000263
0.000269
0.000277
0.000293
0.000316
0.000341
0.000366
0.000396
0.000425
0.000439
0.000433
0.000422
0.000428
0.000453
0.000481
0.000499
0.000512
0.000528
0.000553
0.000583
0.000605
0.000601
0.000565
0.000507
0.000454
0.000427
0.000432
0.000461
0.000497
0.000521
0.000522
0.000501
0.000472
0.000441
0.000405
0.000367
0.000337
0.000328
0.000337
0.000350
0.000355
0.000352
0.000344
0.000332
0.000315
0.000295
0.000281
0.000277
0.000283
0.000294
0.000311
0.000330
0.000346
0.000351
0.000354
0.000370
0.000398
0.000416
0.000405
0.000372
0.000339
0.000318
0.000304
0.000293
0.000293
0.000308
0.000328
0.000342
0.000347
0.000341
0.000329
0.000323
0.000341
0.000388
0.000451
0.000513
0.000559
0.000581
0.000577
0.000554
0.000535
0.000531
0.000534
0.000522
0.000484
0.000428
0.000370
0.000328
0.000308
0.000307
0.000313
0.000321
0.000335
0.000362
0.000394
0.000410
0.000403
0.000380
0.000352
0.000322
0.000291
0.000266
0.000251
0.000248
0.000255
0.000276
0.000310
0.000350
0.000382
0.000403
0.000416
0.000428
0.000436
0.000435
0.000422
0.000402
0.000378
0.000348
0.000313
0.000283
0.000269
0.000272
0.000282
0.000290
0.000296
0.000309
0.000330
0.000355
0.000374
0.000383
0.000378
0.000358
0.000330
0.000307
0.000301
0.000310
0.000325
0.000336
0.000341
0.000345
0.000355
0.000368
0.000377
0.000376
0.000373
0.000375
0.000385
0.000402
0.000423
0.000445
0.000463
0.000465
0.000445
0.000407
0.000357
0.000302
0.000253
0.000228
0.000237
0.000273
0.000318
0.000355
0.000379
0.000392
0.000400
0.000408
0.000417
0.000430
0.000447
0.000469
0.000486
0.000490
0.000474
0.000446
0.000414
0.000382
0.000353
0.000329
0.000318
0.000324
0.000336
0.000337
0.000316
0.000280
0.000248
0.000234
0.000238
0.000249
0.000262
0.000275
0.000290
0.000308
0.000323
0.000332
0.000338
0.000345
0.000355
0.000356
0.000338
0.000301
0.000260
0.000235
0.000229
0.000234
0.000246
0.000261
0.000274
0.000276
0.000269
0.000267
0.000285
0.000322
0.000367
0.000407
0.000431
0.000431
0.000408
0.000378
0.000363
0.000376
0.000410
0.000445
0.000462
0.000459
0.000443
0.000427
0.000417
0.000415
0.000416
0.000414
0.000407
0.000398
0.000387
0.000373
0.000359
0.000358
0.000374
0.000393
0.000388
0.000353
0.000308
0.000279
0.000269
0.000264
0.000251
0.000233
0.000219
0.000215
0.000221
0.000232
0.000240
0.000241
0.000240
0.000243
0.000246
0.000242
0.000237
0.000245
0.000270
0.000301
0.000327
0.000346
0.000358
0.000359
0.000351
0.000342
0.000340
0.000337
0.000327
0.000317
0.000319
0.000331
0.000338
0.000333
0.000318
0.000301
0.000288
0.000281
0.000282
0.000291
0.000301
0.000312
0.000324
0.000333
0.000339
0.000348
0.000367
0.000394
0.000420
0.000434
0.000433
0.000426
0.000422
0.000432
0.000452
0.000456
0.000420
0.000344
0.000264
0.000215
0.000207
0.000226
0.000256
0.000288
0.000319
0.000348
0.000375
0.000399
0.000417
0.000427
0.000430
0.000426
0.000416
0.000399
0.000377
0.000355
0.000337
0.000324
0.000317
0.000314
0.000310
0.000303
0.000300
0.000307
0.000326
0.000355
0.000387
0.000420
0.000452
0.000479
0.000493
0.000489
0.000473
0.000453
0.000437
0.000426
0.000419
0.000421
0.000435
0.000448
0.000446
0.000431
0.000412
0.000395
0.000373
0.000348
0.000328
0.000321
0.000324
0.000332
0.000344
0.000358
0.000370
0.000379
0.000388
0.000394
0.000390
0.000379
0.000376
0.000386
0.000389
0.000363
0.000320
0.000290
0.000288
0.000295
0.000291
0.000271
0.000245
0.000224
0.000214
0.000220
0.000239
0.000259
0.000270
0.000270
0.000266
0.000266
0.000275
0.000289
0.000298
0.000291
0.000269
0.000248
0.000239
0.000244
0.000255
0.000270
0.000295
0.000335
0.000385
0.000428
0.000445
0.000432
0.000405
0.000383
0.000375
0.000378
0.000387
0.000399
0.000411
0.000415
0.000402
0.000374
0.000339
0.000310
0.000295
0.000301
0.000324
0.000353
0.000379
0.000402
0.000425
0.000443
0.000446
0.000431
0.000409
0.000392
0.000382
0.000363
0.000330
0.000294
0.000278
0.000284
0.000296
0.000295
0.000285
0.000282
0.000295
0.000314
0.000327
0.000327
0.000321
0.000322
0.000334
0.000348
0.000346
0.000325
0.000301
0.000293
0.000302
0.000320
0.000347
0.000389
0.000437
0.000466
0.000462
0.000438
0.000417
0.000405
0.000393
0.000378
0.000369
0.000370
0.000373
0.000366
0.000344
0.000317
0.000304
0.000314
0.000338
0.000355
0.000353
0.000336
0.000317
0.000305
0.000302
0.000312
0.000330
0.000342
0.000336
0.000315
0.000298
0.000295
0.000304
0.000320
0.000338
0.000351
0.000357
0.000359
0.000364
0.000371
0.000375
0.000381
0.000395
0.000415
0.000426
0.000418
0.000401
0.000391
0.000398
0.000415
0.000434
0.000448
0.000455
0.000460
0.000464
0.000465
0.000462
0.000459
0.000465
0.000482
0.000494
0.000488
0.000467
0.000441
0.000422
0.000414
0.000421
0.000443
0.000468
0.000484
0.000481
0.000454
0.000412
0.000373
0.000357
0.000366
0.000384
0.000397
0.000406
0.000422
0.000437
0.000439
0.000426
0.000413
0.000412
0.000412
0.000395
0.000361
0.000324
0.000296
0.000280
0.000273
0.000278
0.000295
0.000316
0.000326
0.000318
0.000295
0.000272
0.000258
0.000254
0.000259
0.000275
0.000302
0.000331
0.000351
0.000358
0.000364
0.000378
0.000394
0.000400
0.000389
0.000369
0.000357
0.000364
0.000390
0.000422
0.000447
0.000456
0.000454
0.000452
0.000458
0.000468
0.000471
0.000464
0.000451
0.000438
0.000423
0.000397
0.000359
0.000318
0.000286
0.000266
0.000257
0.000259
0.000277
0.000312
0.000355
0.000392
0.000415
0.000424
0.000429
0.000443
0.000465
0.000486
0.000497
0.000497
0.000487
0.000466
0.000432
0.000396
0.000371
0.000356
0.000338
0.000312
0.000293
0.000299
0.000320
0.000336
0.000339
0.000339
0.000344
0.000350
0.000351
0.000353
0.000366
0.000381
0.000383
0.000366
0.000342
0.000326
0.000323
0.000326
0.000330
0.000332
0.000334
0.000342
0.000357
0.000372
0.000377
0.000368
0.000352
0.000341
0.000341
0.000352
0.000367
0.000379
0.000379
0.000367
0.000343
0.000314
0.000289
0.000277
0.000283
0.000305
0.000333
0.000358
0.000378
0.000387
0.000380
0.000357
0.000329
0.000309
0.000301
0.000294
0.000278
0.000255
0.000237
0.000236
0.000258
0.000298
0.000339
0.000362
0.000360
0.000348
0.000338
0.000332
0.000319
0.000301
0.000292
0.000299
0.000320
0.000343
0.000365
0.000395
0.000434
0.000477
0.000505
0.000505
0.000475
0.000430
0.000393
0.000371
0.000356
0.000338
0.000322
0.000317
0.000326
0.000343
0.000363
0.000383
0.000393
0.000385
0.000362
0.000339
0.000327
0.000323
0.000317
0.000308
0.000302
0.000303
0.000307
0.000308
0.000311
0.000319
0.000334
0.000353
0.000370
0.000380
0.000378
0.000366
0.000351
0.000338
0.000325
0.000312
0.000302
0.000300
0.000309
0.000325
0.000341
0.000356
0.000370
0.000380
0.000386
0.000387
0.000387
0.000391
0.000400
0.000413
0.000426
0.000436
0.000444
0.000454
0.000465
0.000473
0.000473
0.000466
0.000457
0.000454
0.000452
0.000441
0.000413
0.000374
0.000339
0.000321
0.000318
0.000322
0.000329
0.000344
0.000372
0.000408
0.000438
0.000446
0.000432
0.000410
0.000396
0.000394
0.000396
0.000396
0.000398
0.000405
0.000414
0.000413
0.000402
0.000388
0.000372
0.000346
0.000308
0.000267
0.000236
0.000219
0.000214
0.000222
0.000248
0.000288
0.000327
0.000354
0.000371
0.000381
0.000385
0.000385
0.000385
0.000388
0.000388
0.000374
0.000346
0.000314
0.000289
0.000278
0.000275
0.000278
0.000287
0.000307
0.000338
0.000369
0.000383
0.000366
0.000316
0.000250
0.000194
0.000169
0.000175
0.000196
0.000215
0.000233
0.000257
0.000291
0.000327
0.000355
0.000367
0.000359
0.000340
0.000329
0.000346
0.000387
0.000425
0.000440
0.000431
0.000412
0.000387
0.000360
0.000331
0.000304
0.000274
0.000240
0.000208
0.000193
0.000198
0.000216
0.000235
0.000249
0.000258
0.000265
0.000277
0.000291
0.000297
0.000292
0.000289
0.000304
0.000331
0.000340
0.000320
0.000290
0.000278
0.000290
0.000312
0.000336
0.000364
0.000393
0.000414
0.000420
0.000412
0.000401
0.000388
0.000375
0.000367
0.000373
0.000389
0.000403
0.000409
0.000409
0.000410
0.000409
0.000394
0.000358
0.000315
0.000279
0.000258
0.000246
0.000237
0.000233
0.000234
0.000238
0.000243
0.000251
0.000262
0.000271
0.000265
0.000241
0.000205
0.000175
0.000167
0.000187
0.000225
0.000264
0.000291
0.000307
0.000312
0.000308
0.000302
0.000303
0.000318
0.000343
0.000365
0.000377
0.000373
0.000358
0.000338
0.000320
0.000302
0.000282
0.000263
0.000254
0.000257
0.000261
0.000258
0.000253
0.000255
0.000266
0.000280
0.000292
0.000302
0.000313
0.000325
0.000339
0.000354
0.000365
0.000374
0.000385
0.000400
0.000417
0.000428
0.000433
0.000435
0.000434
0.000426
0.000414
0.000399
0.000381
0.000360
0.000340
0.000335
0.000347
0.000361
0.000360
0.000342
0.000318
0.000301
0.000295
0.000296
0.000297
0.000295
0.000290
0.000281
0.000261
0.000233
0.000212
0.000210
0.000228
0.000255
0.000287
0.000319
0.000345
0.000352
0.000344
0.000339
0.000352
0.000374
0.000394
0.000408
0.000416
0.000418
0.000410
0.000401
0.000400
0.000407
0.000414
0.000420
0.000428
0.000431
0.000420
0.000398
0.000382
0.000377
0.000380
0.000387
0.000395
0.000403
0.000401
0.000392
0.000383
0.000380
0.000374
0.000364
0.000353
0.000345
0.000330
0.000305
0.000279
0.000265
0.000261
0.000257
0.000251
0.000243
0.000224
0.000191
0.000161
0.000156
0.000177
0.000204
0.000224
0.000240
0.000255
0.000260
0.000255
0.000255
0.000270
0.000288
0.000292
0.000286
0.000289
0.000307
0.000323
0.000324
0.000312
0.000295
0.000272
0.000243
0.000219
0.000211
0.000219
0.000229
0.000232
0.000227
0.000221
0.000216
0.000217
0.000226
0.000242
0.000255
0.000257
0.000246
0.000233
0.000226
0.000226
0.000230
0.000237
0.000256
0.000286
0.000320
0.000347
0.000365
0.000381
0.000394
0.000398
0.000382
0.000348
0.000308
0.000272
0.000249
0.000243
0.000247
0.000252
0.000252
0.000249
0.000245
0.000237
0.000229
0.000234
0.000260
0.000297
0.000326
0.000341
0.000351
0.000364
0.000376
0.000379
0.000375
0.000370
0.000361
0.000342
0.000316
0.000293
0.000282
0.000284
0.000292
0.000300
0.000306
0.000305
0.000300
0.000291
0.000281
0.000271
0.000259
0.000246
0.000235
0.000234
0.000247
0.000271
0.000299
0.000333
0.000377
0.000430
0.000473
0.000492
0.000485
0.000472
0.000461
0.000451
0.000433
0.000401
0.000352
0.000288
0.000228
0.000196
0.000203
0.000232
0.000254
0.000255
0.000236
0.000210
0.000186
0.000176
0.000190
0.000226
0.000267
0.000296
0.000310
0.000321
0.000341
0.000368
0.000391
0.000394
0.000378
0.000358
0.000349
0.000351
0.000354
0.000354
0.000349
0.000337
0.000314
0.000287
0.000274
0.000283
0.000303
0.000319
0.000327
0.000331
0.000327
0.000308
0.000279
0.000255
0.000250
0.000259
0.000271
0.000282
0.000299
0.000329
0.000368
0.000398
0.000406
0.000397
0.000393
0.000403
0.000416
0.000412
0.000390
0.000369
0.000359
0.000355
0.000352
0.000357
0.000378
0.000414
0.000446
0.000464
0.000470
0.000469
0.000464
0.000456
0.000445
0.000432
0.000417
0.000398
0.000382
0.000375
0.000376
0.000377
0.000373
0.000368
0.000371
0.000378
0.000375
0.000362
0.000351
0.000354
0.000366
0.000376
0.000382
0.000395
0.000420
0.000440
0.000442
0.000429
0.000420
0.000427
0.000447
0.000465
0.000474
0.000472
0.000465
0.000457
0.000455
0.000463
0.000483
0.000511
0.000542
0.000567
0.000571
0.000548
0.000504
0.000460
0.000433
0.000426
0.000424
0.000421
0.000422
0.000429
0.000432
0.000415
0.000385
0.000367
0.000374
0.000391
0.000393
0.000378
0.000362
0.000353
0.000346
0.000340
0.000340
0.000351
0.000362
0.000361
0.000346
0.000330
0.000320
0.000317
0.000315
0.000314
0.000315
0.000319
0.000327
0.000335
0.000343
0.000352
0.000362
0.000370
0.000371
0.000363
0.000352
0.000350
0.000360
0.000377
0.000386
0.000378
0.000361
0.000349
0.000355
0.000376
0.000396
0.000406
0.000403
0.000393
0.000384
0.000379
0.000375
0.000370
0.000362
0.000354
0.000351
0.000348
0.000341
0.000333
0.000333
0.000342
0.000351
0.000351
0.000338
0.000324
0.000318
0.000322
0.000333
0.000342
0.000344
0.000339
0.000335
0.000341
0.000360
0.000390
0.000424
0.000453
0.000468
0.000460
0.000429
0.000386
0.000350
0.000336
0.000351
0.000387
0.000428
0.000455
0.000459
0.000446
0.000427
0.000415
0.000411
0.000406
0.000392
0.000376
0.000372
0.000391
0.000421
0.000443
0.000444
0.000429
0.000410
0.000400
0.000397
0.000393
0.000383
0.000371
0.000365
0.000363
0.000358
0.000343
0.000325
0.000313
0.000309
0.000310
0.000311
0.000305
0.000290
0.000274
0.000270
0.000285
0.000311
0.000336
0.000356
0.000366
0.000365
0.000352
0.000337
0.000335
0.000349
0.000373
0.000396
0.000413
0.000421
0.000423
0.000428
0.000441
0.000457
0.000468
0.000467
0.000455
0.000433
0.000400
0.000366
0.000340
0.000320
0.000296
0.000267
0.000246
0.000241
0.000248
0.000266
0.000302
0.000352
0.000397
0.000417
0.000419
0.000423
0.000433
0.000437
0.000436
0.000446
0.000474
0.000505
0.000519
0.000510
0.000487
0.000455
0.000419
0.000392
0.000385
0.000402
0.000430
0.000457
0.000473
0.000474
0.000460
0.000435
0.000413
0.000404
0.000412
0.000434
0.000463
0.000491
0.000509
0.000510
0.000497
0.000481
0.000464
0.000443
0.000415
0.000382
0.000356
0.000343
0.000344
0.000352
0.000362
0.000377
0.000399
0.000426
0.000450
0.000465
0.000467
0.000456
0.000440
0.000429
0.000427
0.000434
0.000443
0.000453
0.000460
0.000465
0.000468
0.000468
0.000463
0.000452
0.000436
0.000419
0.000400
0.000380
0.000362
0.000353
0.000353
0.000357
0.000360
0.000359
0.000353
0.000341
0.000322
0.000302
0.000291
0.000294
0.000313
0.000342
0.000372
0.000398
0.000416
0.000424
0.000421
0.000405
0.000381
0.000362
0.000354
0.000353
0.000358
0.000371
0.000393
0.000415
0.000424
0.000414
0.000389
0.000359
0.000331
0.000315
0.000313
0.000322
0.000333
0.000339
0.000346
0.000358
0.000376
0.000395
0.000416
0.000435
0.000449
0.000455
0.000452
0.000448
0.000446
0.000450
0.000458
0.000466
0.000470
0.000469
0.000467
0.000467
0.000465
0.000455
0.000442
0.000432
0.000430
0.000432
0.000434
0.000437
0.000443
0.000452
0.000458
0.000466
0.000481
0.000503
0.000522
0.000532
0.000531
0.000526
0.000519
0.000510
0.000501
0.000498
0.000503
0.000514
0.000529
0.000545
0.000556
0.000553
0.000535
0.000511
0.000495
0.000484
0.000467
0.000438
0.000410
0.000403
0.000415
0.000432
0.000438
0.000434
0.000431
0.000441
0.000469
0.000509
0.000547
0.000572
0.000581
0.000574
0.000548
0.000497
0.000431
0.000371
0.000337
0.000327
0.000328
0.000333
0.000346
0.000361
0.000364
0.000352
0.000338
0.000339
0.000354
0.000367
0.000365
0.000353
0.000344
0.000343
0.000349
0.000356
0.000356
0.000343
0.000313
0.000271
0.000228
0.000201
0.000199
0.000221
0.000250
0.000269
0.000268
0.000258
0.000253
0.000256
0.000254
0.000242
0.000228
0.000227
0.000242
0.000261
0.000276
0.000298
0.000337
0.000386
0.000424
0.000439
0.000438
0.000433
0.000432
0.000439
0.000459
0.000488
0.000517
0.000537
0.000545
0.000549
0.000550
0.000545
0.000534
0.000519
0.000504
0.000492
0.000486
0.000483
0.000483
0.000487
0.000498
0.000511
0.000517
0.000521
0.000536
0.000566
0.000596
0.000605
0.000594
0.000576
0.000560
0.000538
0.000508
0.000480
0.000465
0.000460
0.000457
0.000460
0.000476
0.000502
0.000524
0.000531
0.000526
0.000517
0.000508
0.000498
0.000486
0.000476
0.000479
0.000496
0.000521
0.000539
0.000541
0.000529
0.000509
0.000491
0.000487
0.000503
0.000532
0.000555
0.000564
0.000563
0.000563
0.000562
0.000556
0.000548
0.000541
0.000536
0.000534
0.000535
0.000542
0.000547
0.000542
0.000528
0.000512
0.000499
0.000488
0.000478
0.000469
0.000464
0.000463
0.000467
0.000470
0.000459
0.000426
0.000379
0.000343
0.000332
0.000346
0.000375
0.000409
0.000440
0.000455
0.000449
0.000429
0.000408
0.000390
0.000371
0.000352
0.000334
0.000321
0.000316
0.000324
0.000344
0.000367
0.000386
0.000403
0.000423
0.000447
0.000466
0.000471
0.000465
0.000456
0.000449
0.000443
0.000431
0.000417
0.000409
0.000413
0.000425
0.000432
0.000426
0.000410
0.000391
0.000374
0.000364
0.000368
0.000387
0.000412
0.000429
0.000430
0.000422
0.000416
0.000412
0.000403
0.000388
0.000370
0.000356
0.000343
0.000323
0.000296
0.000274
0.000271
0.000290
0.000324
0.000358
0.000383
0.000391
0.000379
0.000353
0.000329
0.000317
0.000312
0.000300
0.000275
0.000245
0.000226
0.000231
0.000267
0.000325
0.000382
0.000417
0.000424
0.000419
0.000426
0.000457
0.000507
0.000552
0.000572
0.000564
0.000541
0.000518
0.000499
0.000483
0.000475
0.000485
0.000511
0.000539
0.000557
0.000564
0.000563
0.000555
0.000542
0.000527
0.000510
0.000490
0.000470
0.000461
0.000469
0.000488
0.000506
0.000518
0.000528
0.000537
0.000547
0.000561
0.000587
0.000624
0.000659
0.000674
0.000659
0.000614
0.000554
0.000500
0.000477
0.000494
0.000540
0.000588
0.000615
0.000624
0.000636
0.000672
0.000735
0.000819
0.000918
0.001032
0.001152
0.001263
0.001352
0.001406
0.001412
0.001365
0.001272
0.001147
0.001012
0.000883
0.000780
0.000713
0.000678
0.000659
0.000645
0.000636
0.000630
0.000618
0.000594
0.000566
0.000543
0.000526
0.000508
0.000493
0.000485
0.000476
0.000455
0.000427
0.000407
0.000403
0.000410
0.000419
0.000430
0.000443
0.000453
0.000453
0.000447
0.000443
0.000445
0.000455
0.000478
0.000515
0.000552
0.000576
0.000580
0.000575
0.000572
0.000575
0.000583
0.000590
0.000594
0.000598
0.000607
0.000615
0.000612
0.000592
0.000565
0.000537
0.000511
0.000484
0.000466
0.000466
0.000478
0.000488
0.000486
0.000477
0.000471
0.000470
0.000475
0.000484
0.000496
0.000503
0.000502
0.000491
0.000478
0.000467
0.000466
0.000479
0.000504
0.000534
0.000557
0.000570
0.000570
0.000561
0.000554
0.000558
0.000572
0.000591
0.000611
0.000632
0.000652
0.000659
0.000651
0.000637
0.000625
0.000611
0.000590
0.000563
0.000540
0.000526
0.000517
0.000519
0.000534
0.000557
0.000570
0.000568
0.000566
0.000583
0.000618
0.000658
0.000692
0.000717
0.000730
0.000725
0.000702
0.000672
0.000641
0.000613
0.000593
0.000588
0.000596
0.000606
0.000611
0.000615
0.000620
0.000622
0.000622
0.000631
0.000658
0.000695
0.000721
0.000726
0.000723
0.000724
0.000732
0.000743
0.000758
0.000775
0.000787
0.000786
0.000776
0.000767
0.000761
0.000753
0.000739
0.000723
0.000714
0.000717
0.000730
0.000746
0.000759
0.000766
0.000770
0.000773
0.000776
0.000784
0.000802
0.000832
0.000866
0.000894
0.000915
0.000936
0.000960
0.000975
0.000976
0.000968
0.000960
0.000958
0.000957
0.000963
0.000984
0.001019
0.001052
0.001069
0.001068
0.001060
0.001054
0.001057
0.001074
0.001105
0.001141
0.001168
0.001181
0.001182
0.001181
0.001183
0.001183
0.001179
0.001171
0.001163
0.001155
0.001148
0.001147
0.001160
0.001190
0.001227
0.001258
0.001280
0.001300
0.001318
0.001327
0.001322
0.001317
0.001325
0.001348
0.001372
0.001387
0.001394
0.001400
0.001407
0.001414
0.001420
0.001431
0.001442
0.001450
0.001450
0.001448
0.001452
0.001466
0.001483
0.001488
0.001479
0.001467
0.001468
0.001475
0.001476
0.001469
0.001466
0.001476
0.001492
0.001504
0.001513
0.001518
0.001513
0.001496
0.001477
0.001467
0.001461
0.001447
0.001426
0.001410
0.001401
0.001389
0.001369
0.001351
0.001343
0.001337
0.001324
0.001311
0.001304
0.001297
0.001279
0.001251
0.001232
0.001230
0.001240
0.001248
0.001253
0.001255
0.001250
0.001233
0.001209
0.001185
0.001157
0.001122
0.001084
0.001058
0.001049
0.001048
0.001040
0.001019
0.000991
0.000964
0.000949
0.000950
0.000958
0.000961
0.000955
0.000948
0.000946
0.000939
0.000916
0.000880
0.000842
0.000817
0.000804
0.000799
0.000798
0.000800
0.000807
0.000818
0.000832
0.000843
0.000849
0.000851
0.000847
0.000834
0.000808
0.000769
0.000722
0.000670
0.000625
0.000599
0.000596
0.000602
0.000603
0.000596
0.000595
0.000607
0.000621
0.000632
0.000640
0.000653
0.000663
0.000661
0.000641
0.000607
0.000565
0.000524
0.000496
0.000489
0.000499
0.000516
0.000538
0.000566
0.000597
0.000621
0.000633
0.000636
0.000635
0.000629
0.000619
0.000613
0.000621
0.000636
0.000645
0.000640
0.000622
0.000597
0.000575
0.000562
0.000562
0.000566
0.000562
0.000548
0.000534
0.000530
0.000538
0.000555
0.000575
0.000586
0.000579
0.000560
0.000544
0.000543
0.000546
0.000536
0.000509
0.000481
0.000469
0.000474
0.000481
0.000477
0.000462
0.000440
0.000418
0.000401
0.000387
0.000378
0.000378
0.000397
0.000431
0.000468
0.000490
0.000497
0.000496
0.000487
0.000465
0.000428
0.000392
0.000373
0.000379
0.000404
0.000437
0.000464
0.000473
0.000458
0.000425
0.000389
0.000368
0.000369
0.000386
0.000405
0.000417
0.000428
0.000443
0.000456
0.000457
0.000449
0.000445
0.000451
0.000455
0.000446
0.000436
0.000441
0.000457
0.000471
0.000476
0.000477
0.000473
0.000458
0.000440
0.000436
0.000448
0.000456
0.000445
0.000429
0.000428
0.000445
0.000461
0.000463
0.000450
0.000434
0.000427
0.000435
0.000444
0.000438
0.000418
0.000398
0.000387
0.000377
0.000357
0.000334
0.000328
0.000339
0.000350
0.000354
0.000360
0.000379
0.000407
0.000431
0.000446
0.000448
0.000436
0.000414
0.000396
0.000389
0.000388
0.000384
0.000378
0.000374
0.000372
0.000369
0.000365
0.000361
0.000357
0.000357
0.000367
0.000383
0.000390
0.000378
0.000359
0.000353
0.000363
0.000374
0.000379
0.000379
0.000379
0.000376
0.000373
0.000371
0.000371
0.000365
0.000357
0.000362
0.000391
0.000437
0.000482
0.000512
0.000525
0.000519
0.000500
0.000482
0.000478
0.000485
0.000494
0.000500
0.000504
0.000506
0.000500
0.000485
0.000470
0.000460
0.000451
0.000438
0.000432
0.000448
0.000482
0.000514
0.000527
0.000524
0.000520
0.000520
0.000519
0.000513
0.000504
0.000495
0.000486
0.000475
0.000457
0.000427
0.000389
0.000355
0.000337
0.000341
0.000357
0.000375
0.000390
0.000401
0.000417
0.000448
0.000488
0.000517
0.000514
0.000477
0.000427
0.000381
0.000344
0.000318
0.000313
0.000334
0.000365
0.000388
0.000406
0.000433
0.000468
0.000490
0.000483
0.000454
0.000420
0.000387
0.000355
0.000327
0.000314
0.000321
0.000339
0.000359
0.000379
0.000400
0.000418
0.000431
0.000441
0.000460
0.000495
0.000539
0.000578
0.000599
0.000599
0.000589
0.000581
0.000583
0.000590
0.000591
0.000574
0.000543
0.000509
0.000484
0.000467
0.000451
0.000438
0.000434
0.000446
0.000468
0.000488
0.000497
0.000493
0.000481
0.000468
0.000463
0.000475
0.000507
0.000548
0.000583
0.000598
0.000601
0.000607
0.000623
0.000636
0.000630
0.000609
0.000586
0.000573
0.000563
0.000552
0.000544
0.000546
0.000558
0.000566
0.000559
0.000537
0.000509
0.000484
0.000467
0.000454
0.000443
0.000435
0.000427
0.000415
0.000402
0.000396
0.000405
0.000422
0.000437
0.000446
0.000460
0.000485
0.000512
0.000528
0.000531
0.000532
0.000536
0.000541
0.000538
0.000522
0.000495
0.000463
0.000434
0.000408
0.000385
0.000363
0.000350
0.000350
0.000359
0.000367
0.000371
0.000374
0.000377
0.000375
0.000367
0.000358
0.000360
0.000371
0.000386
0.000400
0.000412
0.000422
0.000421
0.000405
0.000377
0.000354
0.000346
0.000350
0.000360
0.000373
0.000394
0.000416
0.000425
0.000412
0.000387
0.000362
0.000346
0.000337
0.000334
0.000338
0.000340
0.000328
0.000304
0.000286
0.000292
0.000320
0.000351
0.000368
0.000372
0.000369
0.000364
0.000355
0.000337
0.000311
0.000279
0.000252
0.000242
0.000253
0.000287
0.000340
0.000403
0.000460
0.000493
0.000491
0.000465
0.000438
0.000426
0.000431
0.000441
0.000448
0.000447
0.000438
0.000423
0.000409
0.000408
0.000425
0.000450
0.000468
0.000470
0.000458
0.000439
0.000423
0.000410
0.000402
0.000394
0.000387
0.000379
0.000371
0.000364
0.000366
0.000386
0.000418
0.000449
0.000464
0.000461
0.000443
0.000417
0.000394
0.000386
0.000393
0.000397
0.000384
0.000360
0.000350
0.000364
0.000384
0.000387
0.000367
0.000333
0.000298
0.000270
0.000255
0.000252
0.000255
0.000257
0.000261
0.000281
0.000316
0.000349
0.000359
0.000349
0.000339
0.000349
0.000373
0.000396
0.000408
0.000415
0.000423
0.000432
0.000436
0.000430
0.000422
0.000415
0.000411
0.000407
0.000406
0.000410
0.000420
0.000432
0.000445
0.000459
0.000471
0.000480
0.000485
0.000487
0.000490
0.000488
0.000479
0.000466
0.000456
0.000447
0.000434
0.000419
0.000415
0.000433
0.000460
0.000475
0.000468
0.000448
0.000430
0.000420
0.000415
0.000414
0.000420
0.000434
0.000456
0.000481
0.000500
0.000505
0.000496
0.000480
0.000462
0.000442
0.000421
0.000402
0.000390
0.000385
0.000379
0.000374
0.000370
0.000371
0.000374
0.000382
0.000392
0.000399
0.000396
0.000387
0.000383
0.000389
0.000396
0.000393
0.000385
0.000387
0.000408
0.000436
0.000454
0.000455
0.000441
0.000424
0.000416
0.000420
0.000431
0.000436
0.000429
0.000415
0.000403
0.000396
0.000391
0.000389
0.000397
0.000421
0.000449
0.000465
0.000465
0.000467
0.000485
0.000513
0.000531
0.000532
0.000524
0.000517
0.000505
0.000488
0.000470
0.000454
0.000434
0.000405
0.000372
0.000351
0.000348
0.000358
0.000373
0.000385
0.000388
0.000376
0.000351
0.000324
0.000309
0.000318
0.000354
0.000402
0.000439
0.000452
0.000453
0.000461
0.000482
0.000502
0.000513
0.000516
0.000518
0.000512
0.000499
0.000486
0.000486
0.000499
0.000514
0.000519
0.000515
0.000504
0.000488
0.000469
0.000445
0.000415
0.000383
0.000358
0.000349
0.000361
0.000384
0.000403
0.000407
0.000401
0.000400
0.000412
0.000429
0.000436
0.000426
0.000413
0.000410
0.000423
0.000444
0.000463
0.000475
0.000478
0.000481
0.000494
0.000515
0.000530
0.000525
0.000499
0.000466
0.000434
0.000403
0.000372
0.000347
0.000340
0.000357
0.000397
0.000446
0.000487
0.000501
0.000482
0.000440
0.000395
0.000370
0.000374
0.000396
0.000413
0.000411
0.000394
0.000374
0.000362
0.000363
0.000378
0.000402
0.000424
0.000438
0.000447
0.000454
0.000452
0.000435
0.000410
0.000394
0.000394
0.000401
0.000400
0.000382
0.000351
0.000323
0.000315
0.000330
0.000353
0.000366
0.000366
0.000370
0.000390
0.000424
0.000459
0.000490
0.000512
0.000524
0.000524
0.000514
0.000495
0.000464
0.000427
0.000396
0.000386
0.000395
0.000413
0.000433
0.000453
0.000472
0.000482
0.000476
0.000454
0.000424
0.000396
0.000373
0.000357
0.000345
0.000339
0.000338
0.000335
0.000320
0.000296
0.000284
0.000300
0.000337
0.000368
0.000379
0.000379
0.000380
0.000386
0.000392
0.000392
0.000389
0.000386
0.000388
0.000395
0.000405
0.000407
0.000393
0.000366
0.000342
0.000335
0.000345
0.000359
0.000369
0.000384
0.000411
0.000447
0.000474
0.000480
0.000465
0.000442
0.000424
0.000421
0.000434
0.000457
0.000473
0.000476
0.000475
0.000484
0.000503
0.000520
0.000525
0.000519
0.000503
0.000474
0.000434
0.000394
0.000370
0.000372
0.000399
0.000442
0.000486
0.000512
0.000518
0.000516
0.000518
0.000524
0.000522
0.000507
0.000490
0.000483
0.000496
0.000525
0.000562
0.000589
0.000592
0.000569
0.000532
0.000492
0.000455
0.000428
0.000416
0.000416
0.000416
0.000411
0.000409
0.000422
0.000449
0.000475
0.000492
0.000506
0.000515
0.000514
0.000497
0.000475
0.000461
0.000457
0.000458
0.000461
0.000468
0.000478
0.000483
0.000481
0.000482
0.000492
0.000505
0.000509
0.000504
0.000501
0.000507
0.000519
0.000530
0.000536
0.000536
0.000526
0.000511
0.000496
0.000488
0.000486
0.000483
0.000472
0.000459
0.000450
0.000449
0.000454
0.000459
0.000464
0.000471
0.000489
0.000522
0.000561
0.000586
0.000581
0.000539
0.000477
0.000421
0.000393
0.000395
0.000410
0.000419
0.000418
0.000408
0.000385
0.000350
0.000309
0.000278
0.000266
0.000268
0.000280
0.000301
0.000333
0.000364
0.000380
0.000375
0.000355
0.000332
0.000315
0.000309
0.000318
0.000338
0.000354
0.000361
0.000359
0.000353
0.000347
0.000347
0.000360
0.000388
0.000420
0.000443
0.000450
0.000443
0.000429
0.000415
0.000407
0.000405
0.000398
0.000381
0.000364
0.000359
0.000371
0.000385
0.000391
0.000387
0.000384
0.000386
0.000397
0.000417
0.000442
0.000460
0.000462
0.000447
0.000421
0.000389
0.000353
0.000324
0.000319
0.000343
0.000384
0.000424
0.000457
0.000482
0.000499
0.000503
0.000494
0.000479
0.000471
0.000476
0.000488
0.000496
0.000496
0.000495
0.000506
0.000531
0.000564
0.000585
0.000579
0.000551
0.000522
0.000511
0.000515
0.000514
0.000501
0.000491
0.000500
0.000515
0.000510
0.000476
0.000429
0.000391
0.000367
0.000356
0.000354
0.000361
0.000369
0.000373
0.000371
0.000370
0.000379
0.000397
0.000416
0.000421
0.000411
0.000396
0.000391
0.000399
0.000409
0.000411
0.000401
0.000381
0.000362
0.000351
0.000350
0.000352
0.000350
0.000344
0.000342
0.000348
0.000357
0.000366
0.000378
0.000389
0.000383
0.000355
0.000314
0.000283
0.000279
0.000303
0.000346
0.000398
0.000441
0.000466
0.000472
0.000470
0.000467
0.000468
0.000476
0.000491
0.000510
0.000524
0.000532
0.000538
0.000548
0.000558
0.000567
0.000579
0.000601
0.000627
0.000642
0.000637
0.000610
0.000572
0.000532
0.000499
0.000476
0.000460
0.000448
0.000442
0.000441
0.000445
0.000452
0.000461
0.000472
0.000481
0.000488
0.000488
0.000479
0.000458
0.000429
0.000399
0.000377
0.000365
0.000361
0.000367
0.000383
0.000412
0.000450
0.000486
0.000506
0.000502
0.000481
0.000459
0.000452
0.000463
0.000486
0.000513
0.000534
0.000542
0.000538
0.000535
0.000547
0.000569
0.000584
0.000583
0.000575
0.000566
0.000548
0.000520
0.000494
0.000495
0.000524
0.000558
0.000570
0.000553
0.000521
0.000493
0.000476
0.000465
0.000453
0.000439
0.000427
0.000422
0.000422
0.000420
0.000409
0.000386
0.000352
0.000316
0.000291
0.000286
0.000299
0.000318
0.000336
0.000355
0.000377
0.000400
0.000413
0.000413
0.000399
0.000376
0.000350
0.000330
0.000322
0.000327
0.000339
0.000354
0.000368
0.000377
0.000382
0.000385
0.000388
0.000389
0.000385
0.000375
0.000369
0.000368
0.000372
0.000379
0.000388
0.000399
0.000408
0.000412
0.000410
0.000410
0.000410
0.000409
0.000409
0.000415
0.000431
0.000450
0.000464
0.000477
0.000498
0.000529
0.000560
0.000575
0.000566
0.000538
0.000505
0.000480
0.000471
0.000484
0.000516
0.000557
0.000594
0.000622
0.000639
0.000643
0.000631
0.000608
0.000591
0.000595
0.000615
0.000636
0.000655
0.000683
0.000727
0.000774
0.000808
0.000823
0.000831
0.000841
0.000852
0.000866
0.000887
0.000917
0.000943
0.000953
0.000952
0.000960
0.000986
0.001020
0.001043
0.001045
0.001031
0.001009
0.000979
0.000943
0.000910
0.000888
0.000876
0.000872
0.000876
0.000883
0.000877
0.000846
0.000790
0.000733
0.000698
0.000696
0.000719
0.000750
0.000774
0.000785
0.000791
0.000803
0.000828
0.000858
0.000882
0.000897
0.000903
0.000901
0.000897
0.000907
0.000941
0.000995
0.001051
0.001101
0.001150
0.001207
0.001269
0.001338
0.001419
0.001518
0.001630
0.001743
0.001855
0.001972
0.002105
0.002246
0.002378
0.002480
0.002536
0.002544
0.002506
0.002431
0.002330
0.002213
0.002085
0.001952
0.001820
0.001687
0.001555
0.001427
0.001310
0.001206
0.001110
0.001017
0.000935
0.000872
0.000826
0.000787
0.000749
0.000716
0.000683
0.000639
0.000585
0.000541
0.000529
0.000542
0.000555
0.000558
0.000559
0.000566
0.000577
0.000585
0.000587
0.000581
0.000566
0.000551
0.000558
0.000593
0.000640
0.000680
0.000708
0.000733
0.000756
0.000770
0.000775
0.000779
0.000791
0.000810
0.000837
0.000874
0.000919
0.000958
0.000976
0.000964
0.000924
0.000865
0.000796
0.000725
0.000653
0.000582
0.000515
0.000457
0.000417
0.000401
0.000411
0.000443
0.000478
0.000505
0.000522
0.000536
0.000546
0.000545
0.000539
0.000541
0.000551
0.000550
0.000519
0.000467
0.000421
0.000396
0.000389
0.000391
0.000397
0.000410
0.000428
0.000444
0.000455
0.000461
0.000466
0.000473
0.000479
0.000479
0.000474
0.000472
0.000483
0.000503
0.000521
0.000530
0.000533
0.000535
0.000536
0.000535
0.000535
0.000538
0.000543
0.000545
0.000542
0.000536
0.000531
0.000528
0.000530
0.000537
0.000548
0.000554
0.000547
0.000526
0.000495
0.000458
0.000421
0.000392
0.000381
0.000385
0.000389
0.000382
0.000367
0.000355
0.000352
0.000356
0.000362
0.000372
0.000388
0.000408
0.000431
0.000456
0.000481
0.000497
0.000494
0.000478
0.000467
0.000479
0.000516
0.000562
0.000598
0.000613
0.000609
0.000595
0.000582
0.000576
0.000577
0.000587
0.000607
0.000635
0.000660
0.000671
0.000659
0.000627
0.000581
0.000534
0.000503
0.000499
0.000518
0.000548
0.000576
0.000604
0.000636
0.000668
0.000695
0.000717
0.000740
0.000757
0.000757
0.000728
0.000676
0.000618
0.000568
0.000536
0.000518
0.000509
0.000510
0.000524
0.000551
0.000584
0.000611
0.000628
0.000641
0.000649
0.000651
0.000648
0.000653
0.000675
0.000706
0.000736
0.000759
0.000776
0.000782
0.000771
0.000750
0.000729
0.000714
0.000709
0.000725
0.000769
0.000827
0.000869
0.000885
0.000896
0.000937
0.001016
0.001119
0.001238
0.001382
0.001566
0.001785
0.002024
0.002275
0.002548
0.002852
0.003187
0.003539
0.003887
0.004221
0.004540
0.004845
0.005138
0.005415
0.005668
0.005884
0.006053
0.006172
0.006247
0.006280
0.006257
0.006165
0.006004
0.005791
0.005546
0.005280
0.004992
0.004682
0.004350
0.004003
0.003656
0.003320
0.003003
0.002711
0.002448
0.002210
0.001989
0.001780
0.001588
0.001424
0.001288
0.001177
0.001082
0.000994
0.000906
0.000823
0.000761
0.000735
0.000739
0.000746
0.000737
0.000708
0.000665
0.000618
0.000573
0.000543
0.000526
0.000511
0.000489
0.000463
0.000444
0.000437
0.000437
0.000441
0.000451
0.000464
0.000474
0.000472
0.000459
0.000441
0.000419
0.000390
0.000356
0.000327
0.000315
0.000324
0.000341
0.000356
0.000367
0.000384
0.000412
0.000442
0.000463
0.000469
0.000469
0.000472
0.000482
0.000488
0.000475
0.000435
0.000379
0.000333
0.000315
0.000329
0.000365
0.000412
0.000459
0.000494
0.000513
0.000520
0.000522
0.000524
0.000522
0.000516
0.000509
0.000503
0.000498
0.000499
0.000505
0.000511
0.000510
0.000503
0.000497
0.000497
0.000502
0.000511
0.000526
0.000542
0.000548
0.000534
0.000503
0.000469
0.000444
0.000424
0.000395
0.000366
0.000359
0.000386
0.000429
0.000456
0.000457
0.000450
0.000454
0.000469
0.000483
0.000494
0.000503
0.000510
0.000515
0.000525
0.000542
0.000553
0.000540
0.000508
0.000482
0.000477
0.000487
0.000500
0.000516
0.000540
0.000570
0.000594
0.000602
0.000594
0.000573
0.000546
0.000519
0.000494
0.000465
0.000427
0.000388
0.000358
0.000346
0.000350
0.000360
0.000369
0.000378
0.000393
0.000418
0.000445
0.000467
0.000486
0.000513
0.000546
0.000568
0.000566
0.000551
0.000536
0.000523
0.000503
0.000474
0.000442
0.000412
0.000385
0.000362
0.000341
0.000319
0.000291
0.000262
0.000245
0.000244
0.000253
0.000265
0.000279
0.000299
0.000327
0.000360
0.000397
0.000435
0.000469
0.000503
0.000538
0.000569
0.000588
0.000596
0.000602
0.000610
0.000607
0.000581
0.000536
0.000490
0.000452
0.000420
0.000394
0.000384
0.000399
0.000431
0.000465
0.000490
0.000509
0.000524
0.000529
0.000514
0.000486
0.000469
0.000481
0.000508
0.000523
0.000512
0.000489
0.000471
0.000461
0.000455
0.000454
0.000461
0.000473
0.000479
0.000477
0.000473
0.000470
0.000464
0.000456
0.000455
0.000468
0.000494
0.000525
0.000549
0.000561
0.000557
0.000540
0.000517
0.000499
0.000496
0.000511
0.000536
0.000557
0.000566
0.000570
0.000577
0.000583
0.000573
0.000544
0.000515
0.000506
0.000511
0.000509
0.000485
0.000450
0.000420
0.000403
0.000396
0.000393
0.000392
0.000396
0.000402
0.000403
0.000398
0.000388
0.000384
0.000388
0.000398
0.000403
0.000400
0.000397
0.000402
0.000417
0.000434
0.000454
0.000476
0.000493
0.000489
0.000459
0.000413
0.000375
0.000357
0.000356
0.000365
0.000377
0.000389
0.000402
0.000424
0.000457
0.000489
0.000502
0.000493
0.000475
0.000469
0.000483
0.000509
0.000539
0.000567
0.000588
0.000595
0.000584
0.000557
0.000524
0.000503
0.000512
0.000547
0.000585
0.000600
0.000591
0.000576
0.000575
0.000585
0.000592
0.000593
0.000589
0.000584
0.000576
0.000567
0.000560
0.000558
0.000553
0.000534
0.000502
0.000472
0.000460
0.000465
0.000477
0.000487
0.000491
0.000482
0.000456
0.000418
0.000387
0.000377
0.000386
0.000406
0.000437
0.000480
0.000531
0.000580
0.000623
0.000661
0.000688
0.000691
0.000668
0.000630
0.000596
0.000580
0.000588
0.000616
0.000646
0.000659
0.000651
0.000638
0.000627
0.000617
0.000607
0.000606
0.000614
0.000619
0.000603
0.000571
0.000546
0.000543
0.000558
0.000574
0.000587
0.000594
0.000593
0.000580
0.000554
0.000522
0.000492
0.000469
0.000449
0.000426
0.000400
0.000382
0.000380
0.000392
0.000409
0.000426
0.000448
0.000480
0.000512
0.000531
0.000528
0.000506
0.000482
0.000470
0.000473
0.000483
0.000498
0.000523
0.000561
0.000602
0.000634
0.000653
0.000659
0.000647
0.000614
0.000571
0.000538
0.000523
0.000510
0.000489
0.000468
0.000463
0.000473
0.000488
0.000500
0.000512
0.000522
0.000523
0.000520
0.000523
0.000536
0.000546
0.000543
0.000533
0.000525
0.000521
0.000513
0.000502
0.000496
0.000507
0.000528
0.000543
0.000530
0.000492
0.000451
0.000435
0.000447
0.000467
0.000472
0.000466
0.000464
0.000473
0.000485
0.000486
0.000475
0.000464
0.000465
0.000482
0.000503
0.000517
0.000518
0.000514
0.000511
0.000512
0.000518
0.000529
0.000543
0.000559
0.000577
0.000597
0.000614
0.000620
0.000613
0.000604
0.000605
0.000614
0.000618
0.000610
0.000592
0.000568
0.000548
0.000535
0.000530
0.000524
0.000515
0.000513
0.000528
0.000551
0.000568
0.000578
0.000589
0.000595
0.000580
0.000549
0.000525
0.000528
0.000553
0.000584
0.000614
0.000647
0.000684
0.000726
0.000779
0.000853
0.000945
0.001047
0.001161
0.001295
0.001454
0.001635
0.001830
0.002033
0.002244
0.002466
0.002705
0.002960
0.003229
0.003508
0.003801
0.004105
0.004409
0.004707
0.005003
0.005291
0.005545
0.005736
0.005854
0.005912
0.005909
0.005837
0.005694
0.005502
0.005286
0.005055
0.004808
0.004543
0.004260
0.003955
0.003633
0.003307
0.002989
0.002686
0.002407
0.002165
0.001962
0.001784
0.001614
0.001448
0.001293
0.001157
0.001046
0.000970
0.000923
0.000885
0.000839
0.000789
0.000747
0.000712
0.000669
0.000618
0.000574
0.000549
0.000539
0.000537
0.000535
0.000534
0.000532
0.000534
0.000543
0.000556
0.000565
0.000566
0.000568
0.000572
0.000572
0.000565
0.000562
0.000574
0.000593
0.000605
0.000603
0.000594
0.000587
0.000588
0.000600
0.000615
0.000616
0.000596
0.000564
0.000537
0.000518
0.000502
0.000492
0.000494
0.000510
0.000529
0.000551
0.000588
0.000647
0.000728
0.000820
0.000911
0.000993
0.001059
0.001113
0.001164
0.001205
0.001214
0.001173
0.001100
0.001030
0.000977
0.000926
0.000857
0.000776
0.000705
0.000652
0.000613
0.000580
0.000554
0.000529
0.000500
0.000469
0.000450
0.000455
0.000480
0.000514
0.000551
0.000584
0.000604
0.000608
0.000605
0.000609
0.000626
0.000647
0.000660
0.000661
0.000650
0.000637
0.000632
0.000638
0.000648
0.000650
0.000644
0.000641
0.000649
0.000665
0.000681
0.000687
0.000677
0.000650
0.000612
0.000576
0.000547
0.000525
0.000507
0.000493
0.000481
0.000471
0.000469
0.000483
0.000510
0.000534
0.000542
0.000539
0.000537
0.000539
0.000538
0.000531
0.000522
0.000516
0.000512
0.000503
0.000488
0.000474
0.000470
0.000477
0.000486
0.000480
0.000462
0.000449
0.000460
0.000497
0.000547
0.000595
0.000634
0.000653
0.000647
0.000616
0.000570
0.000520
0.000471
0.000431
0.000409
0.000407
0.000416
0.000425
0.000429
0.000428
0.000427
0.000430
0.000441
0.000461
0.000485
0.000516
0.000552
0.000586
0.000605
0.000602
0.000582
0.000556
0.000529
0.000503
0.000478
0.000457
0.000434
0.000408
0.000379
0.000355
0.000345
0.000352
0.000375
0.000405
0.000435
0.000454
0.000462
0.000463
0.000464
0.000471
0.000483
0.000494
0.000506
0.000522
0.000543
0.000565
0.000580
0.000585
0.000583
0.000581
0.000584
0.000591
0.000601
0.000609
0.000612
0.000611
0.000614
0.000622
0.000631
0.000641
0.000655
0.000673
0.000683
0.000674
0.000651
0.000633
0.000629
0.000632
0.000631
0.000625
0.000619
0.000615
0.000608
0.000597
0.000585
0.000581
0.000586
0.000595
0.000596
0.000582
0.000555
0.000528
0.000515
0.000517
0.000522
0.000517
0.000499
0.000478
0.000468
0.000478
0.000503
0.000534
0.000564
0.000592
0.000618
0.000639
0.000651
0.000655
0.000650
0.000638
0.000617
0.000591
0.000572
0.000571
0.000590
0.000626
0.000673
0.000724
0.000769
0.000797
0.000804
0.000795
0.000781
0.000770
0.000767
0.000773
0.000785
0.000791
0.000783
0.000768
0.000761
0.000769
0.000778
0.000766
0.000721
0.000663
0.000619
0.000605
0.000610
0.000615
0.000613
0.000613
0.000625
0.000641
0.000642
0.000618
0.000582
0.000548
0.000521
0.000497
0.000477
0.000469
0.000475
0.000486
0.000491
0.000491
0.000491
0.000494
0.000503
0.000520
0.000539
0.000547
0.000534
0.000508
0.000493
0.000501
0.000524
0.000544
0.000552
0.000557
0.000564
0.000566
0.000551
0.000523
0.000489
0.000457
0.000432
0.000420
0.000430
0.000454
0.000475
0.000488
0.000504
0.000534
0.000568
0.000581
0.000568
0.000549
0.000545
0.000556
0.000570
0.000577
0.000579
0.000575
0.000564
0.000545
0.000528
0.000527
0.000545
0.000574
0.000599
0.000613
0.000620
0.000625
0.000629
0.000628
0.000623
0.000616
0.000609
0.000610
0.000625
0.000657
0.000692
0.000712
0.000715
0.000716
0.000727
0.000742
0.000745
0.000733
0.000717
0.000702
0.000689
0.000678
0.000672
0.000671
0.000671
0.000669
0.000670
0.000674
0.000674
0.000661
0.000637
0.000613
0.000602
0.000611
0.000640
0.000678
0.000712
0.000728
0.000724
0.000704
0.000676
0.000646
0.000622
0.000603
0.000592
0.000589
0.000600
0.000623
0.000645
0.000653
0.000645
0.000633
0.000636
0.000654
0.000674
0.000678
0.000666
0.000654
0.000658
0.000686
0.000731
0.000787
0.000849
0.000913
0.000971
0.001016
0.001046
0.001056
0.001043
0.001002
0.000942
0.000875
0.000816
0.000771
0.000747
0.000745
0.000761
0.000782
0.000790
0.000776
0.000747
0.000719
0.000707
0.000717
0.000746
0.000779
0.000801
0.000801
0.000784
0.000765
0.000751
0.000740
0.000726
0.000719
0.000733
0.000769
0.000814
0.000852
0.000878
0.000895
0.000895
0.000874
0.000839
0.000805
0.000785
0.000780
0.000783
0.000786
0.000780
0.000764
0.000749
0.000748
0.000757
0.000758
0.000745
0.000727
0.000720
0.000722
0.000723
0.000726
0.000746
0.000792
0.000852
0.000905
0.000942
0.000964
0.000975
0.000981
0.000990
0.001005
0.001029
0.001058
0.001091
0.001127
0.001168
0.001218
0.001285
0.001379
0.001506
0.001664
0.001843
0.002030
0.002223
0.002426
0.002641
0.002858
0.003064
0.003258
0.003444
0.003616
0.003753
0.003841
0.003879
0.003876
0.003837
0.003756
0.003633
0.003474
0.003288
0.003085
0.002878
0.002681
0.002502
0.002344
0.002209
0.002110
0.002063
0.002066
0.002102
0.002155
0.002221
0.002307
0.002415
0.002541
0.002674
0.002816
0.002971
0.003140
0.003318
0.003499
0.003677
0.003845
0.003990
0.004100
0.004166
0.004185
0.004158
0.004085
0.003969
0.003815
0.003629
0.003420
0.003202
0.002981
0.002757
0.002531
0.002314
0.002123
0.001961
0.001814
0.001673
0.001545
0.001448
0.001386
0.001344
0.001304
0.001257
0.001211
0.001172
0.001144
0.001123
0.001107
0.001092
0.001085
0.001091
0.001107
0.001120
0.001117
0.001101
0.001083
0.001073
0.001066
0.001056
0.001046
0.001043
0.001049
0.001062
0.001082
0.001112
0.001144
0.001166
0.001169
0.001162
0.001155
0.001146
0.001123
0.001082
0.001039
0.001015
0.001020
0.001049
0.001083
0.001104
0.001109
0.001110
0.001120
0.001130
0.001119
0.001081
0.001045
0.001045
0.001087
0.001155
0.001227
0.001298
0.001375
0.001459
0.001543
0.001610
0.001650
0.001669
0.001685
0.001701
0.001710
0.001699
0.001672
0.001638
0.001603
0.001569
0.001545
0.001542
0.001558
0.001577
0.001582
0.001568
0.001538
0.001493
0.001432
0.001356
0.001272
0.001187
0.001113
0.001054
0.001007
0.000968
0.000934
0.000901
0.000858
0.000801
0.000744
0.000707
0.000698
0.000709
0.000734
0.000768
0.000799
0.000813
0.000816
0.000828
0.000857
0.000881
0.000874
0.000842
0.000809
0.000785
0.000758
0.000722
0.000688
0.000669
0.000667
0.000670
0.000669
0.000663
0.000657
0.000656
0.000661
0.000669
0.000679
0.000689
0.000690
0.000670
0.000627
0.000579
0.000551
0.000555
0.000589
0.000643
0.000702
0.000752
0.000786
0.000813
0.000851
0.000900
0.000946
0.000975
0.000985
0.000989
0.000995
0.001008
0.001027
0.001051
0.001079
0.001112
0.001146
0.001174
0.001189
0.001189
0.001176
0.001146
0.001106
0.001066
0.001041
0.001040
0.001065
0.001119
0.001204
0.001310
0.001430
0.001568
0.001732
0.001922
0.002139
0.002402
0.002739
0.003157
0.003626
0.004096
0.004509
0.004808
0.004955
0.004960
0.004877
0.004759
0.004628
0.004489
0.004359
0.004257
0.004178
0.004101
0.004015
0.003928
0.003842
0.003748
0.003640
0.003526
0.003405
0.003260
0.003072
0.002853
0.002636
0.002447
0.002282
0.002126
0.001970
0.001816
0.001675
0.001551
0.001454
0.001390
0.001361
0.001357
0.001361
0.001363
0.001367
0.001379
0.001406
0.001455
0.001532
0.001638
0.001766
0.001910
0.002072
0.002250
0.002435
0.002611
0.002776
0.002937
0.003094
0.003237
0.003357
0.003464
0.003564
0.003651
0.003708
0.003722
0.003693
0.003621
0.003507
0.003355
0.003178
0.002991
0.002802
0.002615
0.002427
0.002231
0.002027
0.001823
0.001637
0.001484
0.001365
0.001269
0.001182
0.001100
0.001021
0.000951
0.000894
0.000851
0.000819
0.000792
0.000771
0.000761
0.000765
0.000774
0.000776
0.000763
0.000741
0.000721
0.000712
0.000710
0.000700
0.000670
0.000620
0.000571
0.000543
0.000540
0.000550
0.000568
0.000594
0.000629
0.000661
0.000679
0.000685
0.000689
0.000695
0.000700
0.000697
0.000689
0.000678
0.000671
0.000666
0.000660
0.000649
0.000631
0.000616
0.000613
0.000620
0.000625
0.000615
0.000594
0.000570
0.000552
0.000540
0.000536
0.000544
0.000565
0.000594
0.000622
0.000644
0.000660
0.000675
0.000694
0.000717
0.000742
0.000766
0.000781
0.000782
0.000772
0.000765
0.000767
0.000780
0.000792
0.000797
0.000786
0.000757
0.000719
0.000688
0.000680
0.000698
0.000736
0.000785
0.000837
0.000885
0.000919
0.000934
0.000927
0.000904
0.000877
0.000862
0.000868
0.000884
0.000888
0.000877
0.000872
0.000889
0.000924
0.000963
0.001000
0.001042
0.001097
0.001170
0.001271
0.001408
0.001580
0.001769
0.001958
0.002142
0.002324
0.002508
0.002688
0.002858
0.003019
0.003174
0.003326
0.003462
0.003566
0.003626
0.003640
0.003618
0.003567
0.003488
0.003383
0.003261
0.003137
0.003019
0.002906
0.002785
0.002654
0.002519
0.002395
0.002294
0.002232
0.002226
0.002287
0.002412
0.002583
0.002784
0.003002
0.003224
0.003436
0.003637
0.003835
0.004035
0.004235
0.004430
0.004625
0.004821
0.005002
0.005153
0.005268
0.005353
0.005416
0.005467
0.005524
0.005601
0.005687
0.005749
0.005760
0.005721
0.005645
0.005548
0.005436
0.005321
0.005220
0.005140
0.005084
0.005048
0.005025
0.005009
0.004994
0.004973
0.004941
0.004893
0.004827
0.004749
0.004667
0.004594
0.004535
0.004487
0.004440
0.004382
0.004305
0.004203
0.004063
0.003873
0.003637
0.003379
0.003128
0.002900
0.002691
0.002496
0.002304
0.002111
0.001921
0.001742
0.001582
0.001441
0.001314
0.001205
0.001121
0.001062
0.001017
0.000974
0.000928
0.000882
0.000843
0.000814
0.000793
0.000776
0.000758
0.000737
0.000715
0.000698
0.000685
0.000676
0.000671
0.000670
0.000676
0.000692
0.000723
0.000765
0.000804
0.000825
0.000824
0.000815
0.000812
0.000822
0.000839
0.000852
0.000849
0.000826
0.000792
0.000766
0.000762
0.000775
0.000783
0.000776
0.000761
0.000752
0.000746
0.000734
0.000716
0.000705
0.000709
0.000718
0.000720
0.000714
0.000704
0.000691
0.000674
0.000652
0.000625
0.000599
0.000581
0.000577
0.000587
0.000601
0.000610
0.000611
0.000605
0.000593
0.000573
0.000542
0.000505
0.000471
0.000452
0.000457
0.000488
0.000538
0.000598
0.000660
0.000714
0.000750
0.000764
0.000765
0.000766
0.000769
0.000768
0.000760
0.000749
0.000739
0.000734
0.000735
0.000739
0.000739
0.000728
0.000709
0.000690
0.000673
0.000658
0.000652
0.000663
0.000692
0.000725
0.000746
0.000758
0.000770
0.000789
0.000808
0.000824
0.000836
0.000847
0.000859
0.000874
0.000893
0.000907
0.000902
0.000871
0.000829
0.000793
0.000770
0.000749
0.000727
0.000708
0.000700
0.000698
0.000686
0.000656
0.000615
0.000584
0.000571
0.000573
0.000577
0.000575
0.000566
0.000550
0.000533
0.000525
0.000538
0.000568
0.000597
0.000605
0.000598
0.000599
0.000623
0.000664
0.000697
0.000710
0.000713
0.000715
0.000719
0.000721
0.000719
0.000718
0.000723
0.000735
0.000748
0.000761
0.000773
0.000786
0.000798
0.000809
0.000814
0.000814
0.000810
0.000807
0.000807
0.000811
0.000819
0.000832
0.000848
0.000865
0.000883
0.000899
0.000910
0.000913
0.000906
0.000890
0.000867
0.000839
0.000812
0.000799
0.000808
0.000837
0.000877
0.000921
0.000971
0.001027
0.001080
0.001116
0.001128
0.001119
0.001094
0.001058
0.001014
0.000968
0.000925
0.000886
0.000850
0.000821
0.000806
0.000804
0.000803
0.000791
0.000770
0.000751
0.000743
0.000749
0.000766
0.000788
0.000808
0.000818
0.000819
0.000813
0.000810
0.000812
0.000815
0.000816
0.000816
0.000821
0.000832
0.000839
0.000835
0.000829
0.000841
0.000876
0.000914
0.000927
0.000911
0.000884
0.000862
0.000849
0.000842
0.000835
0.000822
0.000797
0.000764
0.000733
0.000710
0.000693
0.000681
0.000672
0.000666
0.000661
0.000657
0.000658
0.000667
0.000678
0.000687
0.000697
0.000710
0.000727
0.000744
0.000761
0.000779
0.000797
0.000820
0.000854
0.000901
0.000952
0.000994
0.001022
0.001032
0.001028
0.001021
0.001024
0.001044
0.001075
0.001104
0.001130
0.001153
0.001174
0.001196
0.001224
0.001254
0.001275
0.001277
0.001262
0.001241
0.001218
0.001190
0.001164
0.001144
0.001120
0.001079
0.001026
0.000977
0.000938
0.000897
0.000847
0.000799
0.000768
0.000753
0.000739
0.000719
0.000695
0.000668
0.000636
0.000600
0.000566
0.000536
0.000512
0.000493
0.000480
0.000479
0.000491
0.000512
0.000534
0.000549
0.000558
0.000566
0.000573
0.000574
0.000572
0.000573
0.000579
0.000584
0.000584
0.000584
0.000585
0.000584
0.000583
0.000586
0.000592
0.000594
0.000590
0.000596
0.000622
0.000652
0.000661
0.000643
0.000615
0.000591
0.000569
0.000546
0.000530
0.000529
0.000548
0.000582
0.000623
0.000659
0.000679
0.000689
0.000707
0.000745
0.000793
0.000832
0.000858
0.000871
0.000875
0.000872
0.000870
0.000879
0.000898
0.000926
0.000967
0.001028
0.001108
0.001195
0.001276
0.001346
0.001398
0.001425
0.001422
0.001394
0.001354
0.001315
0.001287
0.001277
0.001282
0.001292
0.001292
0.001268
0.001221
0.001160
0.001100
0.001048
0.001007
0.000977
0.000956
0.000939
0.000924
0.000922
0.000955
0.001026
0.001123
0.001221
0.001301
0.001351
0.001366
0.001353
0.001328
0.001304
0.001283
0.001261
0.001241
0.001230
0.001225
0.001213
0.001194
0.001177
0.001163
0.001142
0.001105
0.001060
0.001015
0.000964
0.000904
0.000848
0.000813
0.000803
0.000804
0.000806
0.000811
0.000822
0.000831
0.000830
0.000827
0.000836
0.000860
0.000890
0.000913
0.000923
0.000919
0.000902
0.000877
0.000858
0.000856
0.000870
0.000893
0.000913
0.000924
0.000922
0.000917
0.000926
0.000958
0.000997
0.001014
0.000993
0.000944
0.000890
0.000840
0.000800
0.000776
0.000774
0.000788
0.000804
0.000809
0.000802
0.000788
0.000775
0.000763
0.000748
0.000725
0.000693
0.000662
0.000645
0.000644
0.000652
0.000663
0.000677
0.000693
0.000707
0.000716
0.000728
0.000745
0.000765
0.000780
0.000792
0.000804
0.000817
0.000829
0.000841
0.000855
0.000869
0.000875
0.000864
0.000840
0.000814
0.000798
0.000790
0.000777
0.000750
0.000714
0.000689
0.000689
0.000701
0.000705
0.000693
0.000673
0.000655
0.000646
0.000648
0.000659
0.000672
0.000683
0.000696
0.000723
0.000758
0.000782
0.000782
0.000769
0.000766
0.000781
0.000805
0.000826
0.000841
0.000858
0.000883
0.000921
0.000975
0.001053
0.001162
0.001303
0.001454
0.001577
0.001643
0.001643
0.001594
0.001513
0.001412
0.001301
0.001197
0.001111
0.001049
0.001003
0.000966
0.000935
0.000909
0.000891
0.000882
0.000879
0.000878
0.000875
0.000871
0.000866
0.000855
0.000834
0.000806
0.000781
0.000771
0.000776
0.000789
0.000797
0.000796
0.000795
0.000806
0.000827
0.000846
0.000851
0.000843
0.000838
0.000849
0.000880
0.000920
0.000961
0.001007
0.001061
0.001120
0.001174
0.001214
0.001241
0.001267
0.001303
0.001349
0.001395
0.001423
0.001422
0.001399
0.001367
0.001334
0.001300
0.001258
0.001211
0.001170
0.001146
0.001142
0.001152
0.001160
0.001157
0.001146
0.001140
0.001144
0.001153
0.001162
0.001170
0.001180
0.001197
0.001227
0.001270
0.001315
0.001350
0.001365
0.001364
0.001352
0.001333
0.001309
0.001288
0.001271
0.001246
0.001202
0.001149
0.001106
0.001081
0.001065
0.001047
0.001032
0.001026
0.001029
0.001031
0.001031
0.001029
0.001027
0.001022
0.001018
0.001019
0.001023
0.001025
0.001027
0.001034
0.001045
0.001050
0.001045
0.001034
0.001028
0.001034
0.001048
0.001066
0.001084
0.001103
0.001125
0.001155
0.001191
0.001226
0.001256
0.001279
0.001300
0.001324
0.001359
0.001405
0.001451
0.001483
0.001492
0.001481
0.001461
0.001444
0.001436
0.001436
0.001436
0.001425
0.001400
0.001369
0.001340
0.001311
0.001272
0.001224
0.001187
0.001173
0.001175
0.001167
0.001131
0.001073
0.001016
0.000980
0.000970
0.000986
0.001024
0.001075
0.001121
0.001145
0.001147
0.001141
0.001140
0.001150
0.001176
0.001220
0.001278
0.001338
0.001391
0.001431
0.001460
0.001483
0.001509
0.001546
0.001589
0.001628
0.001659
0.001691
0.001724
0.001744
0.001744
0.001736
0.001737
0.001742
0.001729
0.001694
0.001657
0.001637
0.001637
0.001641
0.001636
0.001617
0.001587
0.001550
0.001514
0.001488
0.001472
0.001467
0.001477
0.001500
0.001522
0.001524
0.001502
0.001471
0.001445
0.001431
0.001422
0.001412
0.001406
0.001414
0.001435
0.001459
0.001474
0.001477
0.001477
0.001477
0.001469
0.001443
0.001403
0.001365
0.001342
0.001339
0.001348
0.001357
0.001360
0.001364
0.001379
0.001402
0.001418
0.001416
0.001402
0.001392
0.001383
0.001363
0.001332
0.001308
0.001307
0.001322
0.001336
0.001341
0.001341
0.001344
0.001356
0.001379
0.001411
0.001446
0.001484
0.001528
0.001579
0.001631
0.001675
0.001714
0.001759
0.001815
0.001870
0.001904
0.001902
0.001868
0.001822
0.001791
0.001788
0.001801
0.001810
0.001805
0.001789
0.001770
0.001753
0.001743
0.001746
0.001759
0.001775
0.001787
0.001793
0.001794
0.001790
0.001789
0.001801
0.001826
0.001852
0.001868
0.001873
0.001871
0.001864
0.001856
0.001867
0.001906
0.001965
0.002029
0.002096
0.002182
0.002291
0.002409
0.002527
0.002654
0.002809
0.002996
0.003209
0.003444
0.003701
0.003975
0.004250
0.004507
0.004736
0.004932
0.005088
0.005196
0.005262
0.005300
0.005327
0.005346
0.005344
0.005299
0.005197
0.005043
0.004851
0.004634
0.004405
0.004180
0.003974
0.003795
0.003647
0.003537
0.003474
0.003464
0.003509
0.003591
0.003685
0.003759
0.003798
0.003814
0.003835
0.003877
0.003929
0.003971
0.003993
0.004001
0.004010
0.004029
0.004068
0.004135
0.004226
0.004336
0.004463
0.004618
0.004813
0.005051
0.005318
0.005596
0.005881
0.006172
0.006454
0.006699
0.006889
0.007029
0.007133
0.007205
0.007226
0.007181
0.007070
0.006906
0.006700
0.006466
0.006219
0.005971
0.005729
0.005508
0.005329
0.005204
0.005123
0.005064
0.005021
0.005003
0.005025
0.005085
0.005169
0.005262
0.005354
0.005438
0.005504
0.005540
0.005534
0.005483
0.005399
0.005302
0.005202
0.005107
0.005024
0.004965
0.004946
0.004975
0.005058
0.005197
0.005390
0.005626
0.005898
0.006212
0.006589
0.007046
0.007588
0.008203
0.008865
0.009535
0.010181
0.010796
0.011414
0.012083
0.012822
0.013609
0.014387
0.015089
0.015640
0.015959
0.015987
0.015729
0.015268
0.014734
0.014251
0.013905
0.013749
0.013796
0.014009
0.014295
0.014528
0.014589
0.014394
0.013907
0.013143
0.012157
0.011033
0.009870
0.008766
0.007801
0.007021
0.006427
0.005985
0.005652
0.005397
0.005212
0.005094
0.005034
0.005008
0.004998
0.004999
0.005019
0.005070
0.005155
0.005272
0.005409
0.005542
0.005643
0.005689
0.005666
0.005580
0.005456
0.005334
0.005241
0.005180
0.005143
0.005127
0.005134
0.005150
0.005145
0.005100
0.005026
0.004948
0.004895
0.004884
0.004920
0.004998
0.005107
0.005243
0.005403
0.005579
0.005745
0.005881
0.005984
0.006064
0.006125
0.006161
0.006167
0.006139
0.006079
0.005992
0.005888
0.005775
0.005658
0.005540
0.005430
0.005336
0.005264
0.005216
0.005198
0.005213
0.005262
0.005347
0.005474
0.005641
0.005838
0.006052
0.006281
0.006513
0.006718
0.006852
0.006893
0.006849
0.006739
0.006576
0.006376
0.006172
0.005998
0.005874
0.005803
0.005789
0.005833
0.005936
0.006094
0.006294
0.006519
0.006748
0.006961
0.007148
0.007306
0.007436
0.007546
0.007648
0.007743
0.007822
0.007874
0.007898
0.007896
0.007865
0.007801
0.007705
0.007585
0.007465
0.007372
0.007324
0.007312
0.007305
0.007267
0.007186
0.007061
0.006890
0.006667
0.006400
0.006113
0.005832
0.005575
0.005341
0.005125
0.004922
0.004742
0.004604
0.004517
0.004469
0.004441
0.004431
0.004454
0.004519
0.004617
0.004739
0.004883
0.005055
0.005254
0.005476
0.005725
0.006016
0.006370
0.006798
0.007288
0.007803
0.008295
0.008733
0.009109
0.009423
0.009672
0.009853
0.009967
0.010029
0.010052
0.010048
0.010019
0.009967
0.009900
0.009834
0.009786
0.009761
0.009760
0.009786
0.009842
0.009923
0.010014
0.010098
0.010165
0.010209
0.010231
0.010244
0.010275
0.010355
0.010502
0.010710
0.010948
0.011164
0.011309
0.011356
0.011309
0.011192
0.011038
0.010884
0.010763
0.010693
0.010665
0.010655
0.010644
0.010624
0.010605
0.010598
0.010607
0.010611
0.010582
0.010515
0.010433
0.010369
0.010332
0.010302
0.010249
0.010156
0.010013
0.009812
0.009552
0.009243
0.008906
0.008566
0.008250
0.007988
0.007809
0.007734
0.007769
0.007902
0.008109
0.008368
0.008663
0.008973
0.009279
0.009569
0.009850
0.010138
0.010434
0.010709
0.010922
0.011032
0.011025
0.010911
0.010718
0.010478
0.010224
0.009978
0.009742
0.009502
0.009242
0.008969
0.008704
0.008473
0.008290
0.008173
0.008148
0.008238
0.008441
0.008736
0.009107
0.009539
0.010007
0.010471
0.010888
0.011231
0.011496
0.011696
0.011846
0.011958
0.012040
0.012106
0.012174
0.012258
0.012375
0.012555
0.012812
0.013089
0.013231
0.013059
0.012489
0.011589
0.010510
0.009400
0.008362
0.007465
0.006738
0.006169
0.005723
0.005371
0.005103
0.004913
0.004785
0.004703
0.004655
0.004640
0.004660
0.004724
0.004844
0.005028
0.005281
0.005610
0.006019
0.006505
0.007066
0.007703
0.008423
0.009216
0.010054
0.010899
0.011713
0.012462
0.013106
0.013611
0.013957
0.014140
0.014170
0.014065
0.013844
0.013515
0.013067
0.012490
0.011791
0.010999
0.010148
0.009263
0.008370
0.007508
0.006724
0.006050
0.005491
0.005028
0.004639
0.004310
0.004037
0.003810
0.003622
0.003469
0.003352
0.003269
0.003215
0.003184
0.003170
0.003169
0.003179
0.003200
0.003233
0.003281
0.003347
0.003438
0.003548
0.003668
0.003794
0.003935
0.004106
0.004308
0.004537
0.004791
0.005070
0.005366
0.005654
0.005903
0.006094
0.006224
0.006301
0.006337
0.006340
0.006310
0.006236
0.006101
0.005894
0.005614
0.005277
0.004915
0.004553
0.004204
0.003874
0.003570
0.003303
0.003076
0.002881
0.002715
0.002586
0.002498
0.002449
0.002429
0.002428
0.002439
0.002449
0.002451
0.002448
0.002446
0.002451
0.002464
0.002490
0.002533
0.002597
0.002686
0.002802
0.002944
0.003107
0.003284
0.003470
0.003664
0.003851
0.004012
0.004133
0.004220
0.004285
0.004345
0.004403
0.004451
0.004477
0.004467
0.004417
0.004323
0.004194
0.004045
0.003897
0.003761
0.003636
0.003516
0.003395
0.003271
0.003144
0.003019
0.002899
0.002784
0.002672
0.002568
0.002488
0.002436
0.002396
0.002349
0.002300
0.002265
0.002257
0.002269
0.002289
0.002312
0.002330
0.002343
0.002362
0.002405
0.002473
0.002560
0.002665
0.002803
0.002984
0.003193
0.003403
0.003594
0.003762
0.003904
0.004015
0.004096
0.004153
0.004187
0.004195
0.004174
0.004125
0.004047
0.003932
0.003782
0.003605
0.003416
0.003227
0.003044
0.002880
0.002747
0.002652
0.002597
0.002567
0.002546
0.002520
0.002487
0.002453
0.002422
0.002393
0.002365
0.002339
0.002309
0.002267
0.002207
0.002140
0.002085
0.002045
0.002010
0.001965
0.001914
0.001877
0.001868
0.001879
0.001888
0.001878
0.001854
0.001832
0.001830
0.001851
0.001888
0.001927
0.001951
0.001955
0.001944
0.001931
0.001925
0.001930
0.001942
0.001955
0.001969
0.001988
0.002018
0.002062
0.002110
0.002150
0.002176
0.002191
0.002205
0.002226
0.002255
0.002289
0.002318
0.002340
0.002351
0.002354
0.002345
0.002325
0.002298
0.002274
0.002263
0.002262
0.002263
0.002259
0.002247
0.002226
0.002196
0.002157
0.002121
0.002108
0.002130
0.002183
0.002252
0.002325
0.002398
0.002465
0.002520
0.002566
0.002615
0.002673
0.002720
0.002735
0.002713
0.002676
0.002643
0.002620
0.002602
0.002587
0.002583
0.002597
0.002630
0.002681
0.002739
0.002788
0.002823
0.002855
0.002900
0.002960
0.003017
0.003049
0.003047
0.003023
0.002996
0.002977
0.002961
0.002938
0.002900
0.002851
0.002799
0.002748
0.002695
0.002632
0.002555
0.002462
0.002364
0.002279
0.002220
0.002183
0.002155
0.002126
0.002096
0.002072
0.002058
0.002051
0.002050
0.002050
0.002054
0.002060
0.002062
0.002058
0.002050
0.002051
0.002066
0.002091
0.002110
0.002115
0.002107
0.002092
0.002073
0.002047
0.002015
0.001979
0.001944
0.001912
0.001887
0.001871
0.001861
0.001860
0.001872
0.001899
0.001935
0.001977
0.002028
0.002091
0.002161
0.002226
0.002279
0.002324
0.002362
0.002387
0.002386
0.002361
0.002319
0.002268
0.002210
0.002153
0.002113
0.002101
0.002104
0.002107
0.002110
0.002129
0.002175
0.002236
0.002295
0.002345
0.002386
0.002424
0.002471
0.002543
0.002643
0.002750
0.002839
0.002896
0.002919
0.002906
0.002849
0.002757
0.002659
0.002583
0.002536
0.002507
0.002488
0.002474
0.002465
0.002467
0.002487
0.002531
0.002591
0.002658
0.002726
0.002788
0.002830
0.002841
0.002825
0.002797
0.002769
0.002739
0.002705
0.002663
0.002617
0.002569
0.002526
0.002498
0.002487
0.002487
0.002494
0.002514
0.002548
0.002587
0.002620
0.002649
0.002688
0.002740
0.002795
0.002841
0.002889
0.002961
0.003075
0.003234
0.003433
0.003672
0.003948
0.004250
0.004559
0.004857
0.005133
0.005375
0.005568
0.005704
0.005781
0.005800
0.005763
0.005679
0.005580
0.005514
0.005522
0.005615
0.005780
0.006003
0.006281
0.006604
0.006945
0.007261
0.007524
0.007734
0.007910
0.008060
0.008174
0.008242
0.008259
0.008217
0.008113
0.007954
0.007774
0.007617
0.007513
0.007471
0.007491
0.007580
0.007750
0.008014
0.008371
0.008802
0.009276
0.009763
0.010252
0.010740
0.011214
0.011636
0.011968
0.012186
0.012290
0.012290
0.012201
0.012041
0.011823
0.011549
0.011215
0.010826
0.010396
0.009939
0.009468
0.008994
0.008542
0.008133
0.007779
0.007475
0.007208
0.006966
0.006736
0.006508
0.006282
0.006068
0.005882
0.005740
0.005649
0.005605
0.005595
0.005599
0.005587
0.005534
0.005432
0.005287
0.005112
0.004912
0.004698
0.004488
0.004304
0.004155
0.004035
0.003927
0.003822
0.003714
0.003603
0.003491
0.003382
0.003284
0.003201
0.003131
0.003064
0.003000
0.002948
0.002918
0.002913
0.002923
0.002937
0.002950
0.002956
0.002951
0.002939
0.002934
0.002945
0.002967
0.002991
0.003015
0.003046
0.003081
0.003112
0.003137
0.003168
0.003214
0.003278
0.003351
0.003423
0.003481
0.003515
0.003529
0.003533
0.003539
0.003541
0.003531
0.003505
0.003469
0.003435
0.003407
0.003384
0.003356
0.003319
0.003278
0.003246
0.003228
0.003212
0.003182
0.003134
0.003081
0.003040
0.003015
0.002996
0.002973
0.002944
0.002917
0.002895
0.002879
0.002866
0.002857
0.002854
0.002854
0.002856
0.002860
0.002868
0.002875
0.002873
0.002862
0.002849
0.002839
0.002828
0.002807
0.002781
0.002756
0.002735
0.002716
0.002697
0.002689
0.002698
0.002725
0.002761
0.002797
0.002830
0.002857
0.002875
0.002879
0.002868
0.002852
0.002846
0.002855
0.002865
0.002858
0.002837
0.002823
0.002833
0.002860
0.002892
0.002922
0.002949
0.002968
0.002976
0.002977
0.002988
0.003020
0.003070
0.003124
0.003169
0.003200
0.003223
0.003250
0.003290
0.003338
0.003380
0.003405
0.003409
0.003399
0.003377
0.003346
0.003314
0.003293
0.003292
0.003311
0.003352
0.003420
0.003514
0.003623
0.003726
0.003812
0.003895
0.003996
0.004134
0.004306
0.004495
0.004681
0.004852
0.005008
0.005158
0.005312
0.005475
0.005646
0.005820
0.005992
0.006166
0.006353
0.006569
0.006831
0.007146
0.007512
0.007911
0.008318
0.008696
0.008998
0.009176
0.009191
0.009034
0.008738
0.008361
0.007966
0.007599
0.007288
0.007038
0.006828
0.006623
0.006390
0.006120
0.005821
0.005510
0.005200
0.004902
0.004628
0.004388
0.004191
0.004038
0.003929
0.003851
0.003788
0.003726
0.003662
0.003607
0.003577
0.003577
0.003596
0.003616
0.003625
0.003615
0.003587
0.003539
0.003471
0.003389
0.003298
0.003205
0.003116
0.003042
0.002990
0.002959
0.002947
0.002943
0.002936
0.002912
0.002875
0.002837
0.002813
0.002797
0.002776
0.002754
0.002745
0.002758
0.002784
0.002812
0.002843
0.002883
0.002923
0.002945
0.002940
0.002919
0.002902
0.002910
0.002955
0.003042
0.003177
0.003346
0.003519
0.003658
0.003743
0.003778
0.003775
0.003739
0.003668
0.003577
0.003496
0.003449
0.003435
0.003451
0.003498
0.003580
0.003688
0.003811
0.003946
0.004096
0.004239
0.004337
0.004361
0.004314
0.004215
0.004082
0.003927
0.003761
0.003589
0.003413
0.003241
0.003093
0.002984
0.002912
0.002860
0.002815
0.002778
0.002757
0.002748
0.002739
0.002721
0.002698
0.002675
0.002653
0.002629
0.002606
0.002598
0.002614
0.002652
0.002696
0.002732
0.002752
0.002752
0.002733
0.002705
0.002686
0.002694
0.002730
0.002781
0.002837
0.002892
0.002942
0.002983
0.003016
0.003046
0.003066
0.003066
0.003047
0.003021
0.003002
0.002988
0.002963
0.002923
0.002877
0.002837
0.002807
0.002792
0.002800
0.002837
0.002886
0.002922
0.002934
0.002931
0.002932
0.002946
0.002974
0.003014
0.003065
0.003129
0.003207
0.003300
0.003409
0.003530
0.003653
0.003772
0.003883
0.003983
0.004078
0.004170
0.004259
0.004341
0.004411
0.004475
0.004544
0.004623
0.004712
0.004809
0.004911
0.005009
0.005088
0.005134
0.005144
0.005115
0.005039
0.004909
0.004736
0.004550
0.004384
0.004255
0.004168
0.004114
0.004083
0.004074
0.004091
0.004138
0.004216
0.004318
0.004442
0.004583
0.004735
0.004889
0.005035
0.005174
0.005313
0.005469
0.005661
0.005905
0.006207
0.006555
0.006915
0.007246
0.007511
0.007685
0.007758
0.007729
0.007604
0.007398
0.007132
0.006830
0.006509
0.006188
0.005881
0.005605
0.005361
0.005139
0.004931
0.004742
0.004592
0.004496
0.004457
0.004462
0.004497
0.004547
0.004609
0.004692
0.004807
0.004955
0.005122
0.005293
0.005462
0.005630
0.005798
0.005973
0.006160
0.006353
0.006529
0.006668
0.006772
0.006860
0.006946
0.007018
0.007061
0.007074
0.007063
0.007018
0.006917
0.006756
0.006549
0.006326
0.006101
0.005880
0.005666
0.005462
0.005268
0.005079
0.004895
0.004724
0.004574
0.004450
0.004350
0.004265
0.004188
0.004124
0.004080
0.004058
0.004053
0.004057
0.004070
0.004091
0.004117
0.004139
0.004155
0.004168
0.004187
0.004226
0.004298
0.004408
0.004541
0.004681
0.004813
0.004927
0.005005
0.005033
0.005014
0.004966
0.004904
0.004827
0.004731
0.004622
0.004514
0.004411
0.004300
0.004166
0.004017
0.003882
0.003788
0.003739
0.003718
0.003707
0.003708
0.003730
0.003773
0.003824
0.003877
0.003933
0.003995
0.004058
0.004118
0.004186
0.004271
0.004371
0.004467
0.004547
0.004604
0.004639
0.004649
0.004628
0.004572
0.004482
0.004366
0.004240
0.004113
0.003984
0.003850
0.003723
0.003620
0.003548
0.003499
0.003466
0.003448
0.003446
0.003448
0.003450
0.003459
0.003487
0.003536
0.003602
0.003681
0.003773
0.003866
0.003947
0.004013
0.004074
0.004145
0.004235
0.004353
0.004500
0.004672
0.004856
0.005048
0.005255
0.005480
0.005700
0.005870
0.005947
0.005913
0.005780
0.005577
0.005341
0.005106
0.004898
0.004732
0.004610
0.004523
0.004456
0.004394
0.004327
0.004258
0.004201
0.004172
0.004175
0.004196
0.004227
0.004266
0.004313
0.004358
0.004389
0.004409
0.004426
0.004444
0.004453
0.004454
0.004460
0.004484
0.004526
0.004585
0.004666
0.004767
0.004873
0.004967
0.005054
0.005162
0.005309
0.005492
0.005693
0.005912
0.006169
0.006489
0.006875
0.007289
0.007674
0.007980
0.008188
0.008306
0.008351
0.008345
0.008299
0.008217
0.008102
0.007971
0.007852
0.007763
0.007702
0.007660
0.007640
0.007654
0.007706
0.007789
0.007910
0.008091
0.008342
0.008655
0.009016
0.009416
0.009832
0.010221
0.010542
0.010780
0.010950
0.011085
0.011225
0.011403
0.011628
0.011887
0.012157
0.012427
0.012704
0.012995
0.013317
0.013690
0.014134
0.014655
0.015250
0.015912
0.016617
0.017313
0.017938
0.018443
0.018821
0.019091
0.019285
0.019438
0.019561
0.019630
0.019605
0.019471
0.019259
0.019026
0.018826
0.018703
0.018688
0.018791
0.018980
0.019187
0.019345
0.019414
0.019401
0.019347
0.019307
0.019303
0.019298
0.019216
0.018988
0.018591
0.018047
0.017408
0.016740
0.016114
0.015581
0.015155
0.014808
0.014502
0.014209
0.013915
0.013615
0.013316
0.013043
0.012832
0.012709
0.012677
0.012721
0.012813
0.012924
0.013020
0.013084
0.013121
0.013161
0.013232
0.013355
0.013543
0.013809
0.014158
0.014590
0.015100
0.015684
0.016329
0.017016
0.017717
0.018395
0.018999
0.019465
0.019737
0.019803
0.019708
0.019527
0.019328
0.019159
0.019033
0.018939
0.018838
0.018690
0.018464
0.018152
0.017761
0.017306
0.016814
0.016319
0.015853
0.015442
0.015096
0.014811
0.014571
0.014359
0.014166
0.014001
0.013875
0.013797
0.013779
0.013832
0.013959
0.014150
0.014400
0.014729
0.015182
0.015796
0.016572
0.017473
0.018435
0.019381
0.020233
0.020923
0.021417
0.021731
0.021924
0.022071
0.022220
0.022366
0.022460
0.022444
0.022279
0.021959
0.021494
0.020908
0.020244
0.019565
0.018944
0.018430
0.018040
0.017758
0.017554
0.017398
0.017263
0.017122
0.016963
0.016802
0.016672
0.016598
0.016575
0.016578
0.016591
0.016619
0.016681
0.016795
0.016983
0.017262
0.017625
0.018039
0.018459
0.018854
0.019215
0.019557
0.019913
0.020322
0.020796
0.021298
0.021746
0.022051
0.022156
0.022067
0.021847
0.021570
0.021272
0.020935
0.020519
0.019998
0.019370
0.018650
0.017864
0.017054
0.016270
0.015561
0.014958
0.014476
0.014117
0.013865
0.013703
0.013620
0.013609
0.013652
0.013728
0.013820
0.013921
0.014032
0.014157
0.014313
0.014513
0.014754
0.015009
0.015259
0.015515
0.015814
0.016184
0.016617
0.017062
0.017453
0.017734
0.017890
0.017947
0.017945
0.017909
0.017836
0.017703
0.017479
0.017136
0.016671
0.016118
0.015535
0.014976
0.014461
0.013987
0.013547
0.013147
0.012793
0.012487
0.012229
0.012019
0.011859
0.011749
0.011697
0.011717
0.011824
0.012015
0.012272
0.012579
0.012928
0.013305
0.013679
0.014016
0.014309
0.014580
0.014850
0.015112
0.015341
0.015514
0.015625
0.015678
0.015677
0.015627
0.015540
0.015432
0.015312
0.015177
0.015027
0.014877
0.014744
0.014645
0.014585
0.014566
0.014584
0.014619
0.014635
0.014608
0.014533
0.014429
0.014323
0.014253
0.014263
0.014388
0.014637
0.015005
0.015493
0.016093
0.016757
0.017388
0.017877
0.018151
0.018184
0.017996
0.017647
0.017224
0.016808
0.016450
0.016173
0.015992
0.015908
0.015902
0.015933
0.015975
0.016022
0.016084
0.016159
0.016229
0.016267
0.016256
0.016201
0.016130
0.016075
0.016062
0.016096
0.016166
0.016246
0.016313
0.016355
0.016373
0.016374
0.016360
0.016335
0.016307
0.016284
0.016275
0.016284
0.016313
0.016350
0.016369
0.016348
0.016280
0.016172
0.016037
0.015892
0.015756
0.015635
0.015524
0.015415
0.015312
0.015236
0.015199
0.015202
0.015240
0.015303
0.015385
0.015484
0.015605
0.015746
0.015884
0.015982
0.016011
0.015962
0.015844
0.015676
0.015473
0.015249
0.015010
0.014767
0.014536
0.014334
0.014160
0.013998
0.013833
0.013666
0.013502
0.013335
0.013152
0.012952
0.012748
0.012559
0.012403
0.012280
0.012178
0.012082
0.011992
0.011924
0.011893
0.011898
0.011930
0.011980
0.012049
0.012143
0.012273
0.012452
0.012684
0.012961
0.013263
0.013566
0.013833
0.014024
0.014118
0.014128
0.014094
0.014042
0.013976
0.013898
0.013820
0.013744
0.013652
0.013523
0.013351
0.013163
0.012991
0.012849
0.012731
0.012620
0.012512
0.012412
0.012333
0.012286
0.012273
0.012291
0.012341
0.012421
0.012535
0.012683
0.012857
0.013046
0.013234
0.013410
0.013572
0.013727
0.013890
0.014081
0.014314
0.014597
0.014940
0.015355
0.015859
0.016455
0.017120
0.017807
0.018463
0.019051
0.019559
0.019994
0.020364
0.020669
0.020915
0.021120
0.021309
0.021478
0.021588
0.021583
0.021414
0.021055
0.020509
0.019802
0.018983
0.018121
0.017291
0.016549
0.015925
0.015416
0.015008
0.014686
0.014440
0.014256
0.014115
0.014003
0.013919
0.013869
0.013854
0.013868
0.013906
0.013964
0.014043
0.014143
0.014262
0.014390
0.014509
0.014600
0.014654
0.014682
0.014704
0.014732
0.014758
0.014767
0.014746
0.014693
0.014609
0.014498
0.014368
0.014239
0.014135
0.014078
0.014074
0.014102
0.014126
0.014115
0.014060
0.013973
0.013879
0.013796
0.013740
0.013718
0.013723
0.013743
0.013769
0.013807
0.013856
0.013905
0.013940
0.013966
0.013992
0.014016
0.014017
0.013975
0.013892
0.013785
0.013669
0.013556
0.013462
0.013412
0.013427
0.013506
0.013635
0.013789
0.013936
0.014051
0.014115
0.014121
0.014076
0.013988
0.013866
0.013718
0.013555
0.013392
0.013240
0.013112
0.013017
0.012957
0.012926
0.012905
0.012871
0.012822
0.012779
0.012766
0.012786
0.012815
0.012834
0.012839
0.012848
0.012873
0.012914
0.012966
0.013027
0.013111
0.013235
0.013411
0.013629
0.013858
0.014062
0.014223
0.014336
0.014402
0.014414
0.014365
0.014264
0.014128
0.013974
0.013819
0.013686
0.013598
0.013569
0.013603
0.013703
0.013869
0.014087
0.014321
0.014531
0.014693
0.014805
0.014877
0.014933
0.015003
0.015098
0.015216
0.015350
0.015512
0.015713
0.015950
0.016213
0.016505
0.016842
0.017234
0.017671
0.018129
0.018585
0.019023
0.019446
0.019869
0.020303
0.020724
0.021091
0.021375
0.021577
0.021701
0.021743
0.021698
0.021578
0.021396
0.021158
0.020864
0.020520
0.020137
0.019729
0.019313
0.018909
0.018515
0.018117
0.017714
0.017338
0.017029
0.016797
0.016623
0.016493
0.016410
0.016383
0.016407
0.016472
0.016579
0.016734
0.016939
0.017187
0.017470
0.017780
0.018111
0.018462
0.018830
0.019211
0.019589
0.019953
0.020286
0.020572
0.020796
0.020944
0.021009
0.020982
0.020861
0.020654
0.020378
0.020044
0.019658
0.019223
0.018750
0.018254
0.017749
0.017244
0.016740
0.016224
0.015687
0.015133
0.014576
0.014027
0.013492
0.012975
0.012482
0.012015
0.011571
0.011155
0.010774
0.010439
0.010147
0.009892
0.009662
0.009449
0.009250
0.009069
0.008906
0.008750
0.008589
0.008425
0.008272
0.008137
0.008013
0.007887
0.007757
0.007628
0.007500
0.007377
0.007266
0.007164
0.007066
0.006972
0.006899
0.006860
0.006852
0.006854
0.006856
0.006854
0.006849
0.006848
0.006857
0.006873
0.006872
0.006830
0.006744
0.006633
0.006517
0.006410
0.006317
0.006242
0.006182
0.006128
0.006079
0.006036
0.006000
0.005957
0.005893
0.005806
0.005701
0.005594
0.005500
0.005428
0.005377
0.005336
0.005292
0.005238
0.005175
0.005109
0.005050
0.004998
0.004948
0.004900
0.004862
0.004835
0.004812
0.004782
0.004754
0.004741
0.004743
0.004746
0.004740
0.004733
0.004731
0.004734
0.004746
0.004784
0.004852
0.004939
0.005014
0.005051
0.005034
0.004957
0.004832
0.004684
0.004540
0.004417
0.004318
0.004242
0.004186
0.004143
0.004111
0.004095
0.004102
0.004129
0.004161
0.004183
0.004191
0.004188
0.004182
0.004177
0.004178
0.004183
0.004192
0.004202
0.004210
0.004217
0.004228
0.004247
0.004267
0.004273
0.004263
0.004248
0.004241
0.004240
0.004245
0.004263
0.004301
0.004347
0.004378
0.004382
0.004375
0.004377
0.004399
0.004438
0.004486
0.004530
0.004551
0.004538
0.004498
0.004452
0.004422
0.004420
0.004443
0.004479
0.004521
0.004565
0.004615
0.004673
0.004740
0.004810
0.004874
0.004919
0.004941
0.004953
0.004974
0.005003
0.005021
0.005012
0.004984
0.004962
0.004963
0.004984
0.005013
0.005039
0.005055
0.005057
0.005045
0.005020
0.004986
0.004945
0.004901
0.004851
0.004790
0.004720
0.004652
0.004601
0.004568
0.004550
0.004536
0.004521
0.004506
0.004491
0.004476
0.004464
0.004462
0.004483
0.004530
0.004593
0.004651
0.004690
0.004714
0.004733
0.004751
0.004768
0.004794
0.004833
0.004881
0.004937
0.005012
0.005125
0.005287
0.005496
0.005757
0.006082
0.006480
0.006949
0.007471
0.008022
0.008556
0.009017
0.009354
0.009547
0.009602
0.009531
0.009346
0.009066
0.008720
0.008338
0.007940
0.007538
0.007145
0.006778
0.006458
0.006195
0.005989
0.005829
0.005706
0.005611
0.005537
0.005474
0.005425
0.005398
0.005397
0.005420
0.005463
0.005537
0.005652
0.005807
0.005990
0.006198
0.006434
0.006689
0.006943
0.007182
0.007406
0.007623
0.007833
0.008032
0.008217
0.008375
0.008476
0.008485
0.008390
0.008205
0.007968
0.007714
0.007473
0.007272
0.007129
0.007055
0.007050
0.007101
0.007185
0.007278
0.007369
0.007467
0.007594
0.007769
0.007994
0.008266
0.008592
0.008989
0.009467
0.010018
0.010623
0.011264
0.011936
0.012648
0.013427
0.014327
0.015435
0.016865
0.018725
0.021080
0.023919
0.027125
0.030480
0.033714
0.036594
0.038984
0.040853
0.042223
0.043105
0.043463
0.043241
0.042415
0.041034
0.039228
0.037164
0.034994
0.032828
0.030718
0.028677
0.026693
0.024757
0.022887
0.021135
0.019570
0.018259
0.017252
0.016578
0.016231
0.016171
0.016342
0.016705
0.017264
0.018056
0.019119
0.020455
0.021998
0.023613
0.025140
0.026461
0.027574
0.028608
0.029781
0.031328
0.033424
0.036131
0.039360
0.042851
0.046197
0.048931
0.050670
0.051258
0.050816
0.049663
0.048153
0.046516
0.044790
0.042861
0.040579
0.037872
0.034793
0.031489
0.028142
0.024925
0.021985
0.019420
0.017267
0.015519
0.014154
0.013146
0.012451
0.012001
0.011733
0.011618
0.011647
0.011809
0.012066
0.012356
0.012593
0.012682
0.012554
0.012203
0.011687
0.011098
0.010533
0.010074
0.009787
0.009708
0.009829
0.010089
0.010392
0.010625
0.010686
0.010509
0.010086
0.009470
0.008759
0.008043
0.007378
0.006788
0.006280
0.005857
0.005509
0.005216
0.004964
0.004756
0.004591
0.004456
0.004337
0.004227
0.004130
0.004038
0.003937
0.003824
0.003708
0.003603
0.003513
0.003438
0.003376
0.003323
0.003273
0.003227
0.003193
0.003183
0.003204
0.003255
0.003326
0.003398
0.003457
0.003498
0.003529
0.003560
0.003595
0.003634
0.003675
0.003718
0.003764
0.003813
0.003869
0.003931
0.003996
0.004056
0.004098
0.004112
0.004092
0.004041
0.003968
0.003889
0.003819
0.003772
0.003752
0.003755
0.003774
0.003805
0.003850
0.003913
0.004003
0.004131
0.004296
0.004485
0.004676
0.004852
0.004998
0.005092
0.005114
0.005059
0.004937
0.004760
0.004544
0.004311
0.004089
0.003888
0.003707
0.003549
0.003425
0.003333
0.003251
0.003165
0.003081
0.003018
0.002978
0.002948
0.002916
0.002881
0.002847
0.002823
0.002821
0.002845
0.002880
0.002900
0.002899
0.002892
0.002908
0.002961
0.003049
0.003153
0.003251
0.003332
0.003405
0.003488
0.003585
0.003693
0.003809
0.003935
0.004071
0.004210
0.004338
0.004443
0.004521
0.004585
0.004656
0.004748
0.004859
0.004980
0.005118
0.005298
0.005543
0.005863
0.006262
0.006748
0.007330
0.008011
0.008775
0.009578
0.010344
0.010978
0.011390
0.011535
0.011417
0.011083
0.010601
0.010048
0.009488
0.008961
0.008493
0.008100
0.007785
0.007542
0.007353
0.007205
0.007085
0.006986
0.006906
0.006850
0.006828
0.006842
0.006890
0.006969
0.007071
0.007182
0.007283
0.007365
0.007422
0.007448
0.007429
0.007350
0.007200
0.006977
0.006685
0.006341
0.005979
0.005644
0.005369
0.005163
0.005010
0.004892
0.004799
0.004729
0.004677
0.004635
0.004597
0.004567
0.004551
0.004548
0.004552
0.004555
0.004557
0.004562
0.004577
0.004604
0.004644
0.004701
0.004778
0.004875
0.004989
0.005120
0.005270
0.005434
0.005597
0.005744
0.005871
0.005984
0.006083
0.006161
0.006226
0.006298
0.006400
0.006538
0.006707
0.006894
0.007088
0.007276
0.007437
0.007540
0.007556
0.007466
0.007279
0.007026
0.006739
0.006441
0.006140
0.005849
0.005584
0.005358
0.005174
0.005023
0.004900
0.004801
0.004725
0.004667
0.004620
0.004582
0.004559
0.004551
0.004547
0.004533
0.004504
0.004466
0.004413
0.004339
0.004250
0.004168
0.004105
0.004052
0.003987
0.003903
0.003811
0.003728
0.003662
0.003615
0.003585
0.003564
0.003543
0.003520
0.003502
0.003493
0.003491
0.003485
0.003471
0.003451
0.003439
0.003445
0.003467
0.003498
0.003545
0.003618
0.003722
0.003842
0.003964
0.004084
0.004196
0.004287
0.004334
0.004332
0.004292
0.004240
0.004198
0.004174
0.004162
0.004146
0.004115
0.004075
0.004033
0.003984
0.003922
0.003852
0.003795
0.003770
0.003780
0.003817
0.003875
0.003952
0.004050
0.004175
0.004332
0.004511
0.004698
0.004872
0.005019
0.005127
0.005186
0.005198
0.005169
0.005105
0.005004
0.004864
0.004697
0.004527
0.004375
0.004246
0.004129
0.004013
0.003900
0.003806
0.003742
0.003695
0.003648
0.003600
0.003562
0.003540
0.003524
0.003504
0.003480
0.003456
0.003431
0.003400
0.003364
0.003326
0.003293
0.003267
0.003246
0.003226
0.003211
0.003210
0.003225
0.003250
0.003278
0.003315
0.003366
0.003423
0.003468
0.003492
0.003500
0.003499
0.003495
0.003499
0.003526
0.003588
0.003680
0.003797
0.003934
0.004090
0.004268
0.004483
0.004753
0.005082
0.005450
0.005829
0.006206
0.006576
0.006934
0.007271
0.007566
0.007793
0.007928
0.007967
0.007922
0.007805
0.007609
0.007329
0.006975
0.006574
0.006159
0.005762
0.005418
0.005145
0.004942
0.004799
0.004706
0.004654
0.004627
0.004621
0.004644
0.004714
0.004834
0.004996
0.005187
0.005396
0.005605
0.005786
0.005924
0.006021
0.006091
0.006146
0.006202
0.006281
0.006414
0.006628
0.006928
0.007293
0.007683
0.008068
0.008437
0.008787
0.009116
0.009417
0.009679
0.009882
0.010013
0.010078
0.010098
0.010081
0.010014
0.009881
0.009688
0.009459
0.009220
0.009001
0.008830
0.008725
0.008698
0.008770
0.008970
0.009324
0.009846
0.010558
0.011499
0.012713
0.014251
0.016207
0.018731
0.022002
0.026187
0.031388
0.037515
0.044128
0.050480
0.055826
0.059753
0.062160
0.062950
0.061889
0.058836
0.054041
0.048117
0.041761
0.035530
0.029831
0.024938
0.020956
0.017813
0.015347
0.013412
0.011895
0.010692
0.009722
0.008947
0.008357
0.007929
0.007621
0.007392
0.007212
0.007049
0.006875
0.006677
0.006460
0.006232
0.005997
0.005755
0.005510
0.005275
0.005062
0.004880
0.004722
0.004573
0.004424
0.004278
0.004150
0.004045
0.003963
0.003903
0.003871
0.003868
0.003889
0.003925
0.003969
0.004018
0.004065
0.004104
0.004135
0.004170
0.004224
0.004305
0.004412
0.004539
0.004672
0.004791
0.004877
0.004928
0.004964
0.005006
0.005065
0.005146
0.005248
0.005375
0.005527
0.005707
0.005914
0.006145
0.006387
0.006622
0.006837
0.007012
0.007127
0.007169
0.007139
0.007047
0.006904
0.006735
0.006578
0.006466
0.006400
0.006365
0.006346
0.006341
0.006343
0.006355
0.006390
0.006469
0.006603
0.006801
0.007092
0.007505
0.008037
0.008637
0.009244
0.009828
0.010396
0.010977
0.011584
0.012188
0.012703
0.013027
0.013113
0.013002
0.012778
0.012514
0.012242
0.011968
0.011682
0.011370
0.011026
0.010668
0.010331
0.010042
0.009819
0.009676
0.009617
0.009636
0.009706
0.009803
0.009910
0.010027
0.010167
0.010346
0.010578
0.010871
0.011238
0.011700
0.012264
0.012910
0.013596
0.014278
0.014934
0.015576
0.016265
0.017078
0.018071
0.019247
0.020562
0.021920
0.023160
0.024067
0.024464
0.024300
0.023658
0.022686
0.021541
0.020398
0.019440
0.018798
0.018491
0.018450
0.018589
0.018849
0.019194
0.019593
0.020028
0.020494
0.020982
0.021457
0.021861
0.022133
0.022236
0.022165
0.021936
0.021570
0.021090
0.020525
0.019922
0.019351
0.018901
0.018644
0.018606
0.018742
0.018961
0.019164
0.019293
0.019362
0.019457
0.019674
0.020023
0.020381
0.020552
0.020396
0.019918
0.019246
0.018536
0.017895
0.017350
0.016869
0.016405
0.015949
0.015549
0.015288
0.015246
0.015473
0.015975
0.016710
0.017597
0.018541
0.019464
0.020310
0.021024
0.021535
0.021775
0.021707
0.021348
0.020751
0.019959
0.018994
0.017863
0.016597
0.015253
0.013904
0.012614
0.011437
0.010418
0.009585
0.008938
0.008454
0.008108
0.007874
0.007727
0.007637
0.007571
0.007503
0.007414
0.007300
0.007178
0.007080
0.007033
0.007054
0.007145
0.007299
0.007491
0.007679
0.007813
0.007858
0.007801
0.007654
0.007447
0.007208
0.006954
0.006690
0.006424
0.006164
0.005916
0.005688
0.005484
0.005307
0.005156
0.005029
0.004929
0.004858
0.004813
0.004778
0.004743
0.004709
0.004691
0.004695
0.004715
0.004735
0.004743
0.004739
0.004737
0.004749
0.004772
0.004791
0.004787
0.004753
0.004697
0.004640
0.004594
0.004557
0.004521
0.004487
0.004468
0.004479
0.004512
0.004548
0.004568
0.004565
0.004540
0.004496
0.004433
0.004357
0.004272
0.004186
0.004110
0.004052
0.004012
0.003986
0.003969
0.003963
0.003965
0.003975
0.003999
0.004048
0.004124
0.004222
0.004338
0.004479
0.004650
0.004849
0.005069
0.005312
0.005575
0.005848
0.006107
0.006330
0.006513
0.006662
0.006789
0.006903
0.007003
0.007090
0.007175
0.007276
0.007395
0.007518
0.007633
0.007746
0.007873
0.008019
0.008177
0.008341
0.008500
0.008640
0.008742
0.008801
0.008823
0.008808
0.008752
0.008655
0.008531
0.008386
0.008217
0.008024
0.007817
0.007611
0.007408
0.007208
0.007024
0.006883
0.006806
0.006796
0.006836
0.006901
0.006975
0.007062
0.007169
0.007298
0.007434
0.007562
0.007678
0.007789
0.007910
0.008062
0.008262
0.008517
0.008818
0.009157
0.009529
0.009931
0.010356
0.010798
0.011258
0.011748
0.012286
0.012891
0.013576
0.014341
0.015175
0.016065
0.017009
0.018022
0.019159
0.020525
0.022242
0.024376
0.026860
0.029476
0.031890
0.033746
0.034762
0.034825
0.034014
0.032547
0.030687
0.028691
0.026771
0.025044
0.023491
0.021993
0.020453
0.018872
0.017325
0.015884
0.014600
0.013517
0.012675
0.012077
0.011673
0.011398
0.011211
0.011098
0.011057
0.011096
0.011233
0.011497
0.011929
0.012579
0.013510
0.014772
0.016386
0.018349
0.020637
0.023215
0.026026
0.029004
0.032087
0.035227
0.038369
0.041424
0.044261
0.046695
0.048489
0.049374
0.049123
0.047669
0.045174
0.042008
0.038608
0.035331
0.032380
0.029812
0.027608
0.025721
0.024105
0.022708
0.021448
0.020222
0.018945
0.017604
0.016262
0.015013
0.013934
0.013066
0.012424
0.012004
0.011799
0.011803
0.012013
0.012419
0.012993
0.013708
0.014529
0.015404
0.016250
0.017009
0.017700
0.018426
0.019300
0.020390
0.021701
0.023167
0.024635
0.025875
0.026658
0.026847
0.026414
0.025409
0.023947
0.022214
0.020444
0.018836
0.017497
0.016453
0.015707
0.015260
0.015086
0.015107
0.015191
0.015181
0.014949
0.014458
0.013777
0.013028
0.012314
0.011691
0.011181
0.010782
0.010472
0.010208
0.009958
0.009715
0.009483
0.009265
0.009059
0.008864
0.008681
0.008516
0.008389
0.008325
0.008330
0.008376
0.008427
0.008465
0.008483
0.008474
0.008431
0.008352
0.008239
0.008079
0.007866
0.007615
0.007357
0.007114
0.006879
0.006644
0.006421
0.006247
0.006156
0.006156
0.006231
0.006352
0.006497
0.006655
0.006818
0.006972
0.007108
0.007224
0.007336
0.007456
0.007583
0.007704
0.007801
0.007867
0.007901
0.007904
0.007876
0.007813
0.007719
0.007607
0.007482
0.007339
0.007179
0.007021
0.006896
0.006831
0.006835
0.006910
0.007049
0.007240
0.007464
0.007713
0.007980
0.008239
0.008440
0.008533
0.008505
0.008390
0.008257
0.008178
0.008212
0.008388
0.008708
0.009149
0.009680
0.010271
0.010903
0.011568
0.012255
0.012946
0.013637
0.014366
0.015187
0.016107
0.017065
0.017979
0.018813
0.019563
0.020194
0.020609
0.020718
0.020506
0.020033
0.019361
0.018514
0.017497
0.016342
0.015119
0.013914
0.012816
0.011902
0.011221
0.010771
0.010500
0.010328
0.010184
0.010015
0.009791
0.009509
0.009195
0.008898
0.008670
0.008550
0.008557
0.008687
0.008932
0.009295
0.009786
0.010398
0.011096
0.011843
0.012633
0.013474
0.014357
0.015248
0.016140
0.017076
0.018101
0.019200
0.020299
0.021337
0.022287
0.023120
0.023750
0.024056
0.023960
0.023472
0.022670
0.021634
0.020411
0.019043
0.017594
0.016155
0.014801
0.013573
0.012489
0.011560
0.010789
0.010161
0.009641
0.009200
0.008828
0.008529
0.008314
0.008184
0.008130
0.008124
0.008138
0.008159
0.008185
0.008210
0.008219
0.008200
0.008151
0.008077
0.007985
0.007884
0.007784
0.007692
0.007606
0.007531
0.007480
0.007468
0.007503
0.007584
0.007702
0.007842
0.007986
0.008126
0.008265
0.008405
0.008543
0.008683
0.008845
0.009046
0.009279
0.009532
0.009811
0.010147
0.010569
0.011077
0.011648
0.012244
0.012813
0.013293
0.013629
0.013801
0.013839
0.013805
0.013768
0.013785
0.013886
0.014063
0.014270
0.014429
0.014457
0.014302
0.013960
0.013478
0.012922
0.012359
0.011837
0.011386
0.011020
0.010731
0.010496
0.010287
0.010087
0.009896
0.009725
0.009586
0.009486
0.009435
0.009445
0.009529
0.009695
0.009953
0.010325
0.010831
0.011465
0.012182
0.012908
0.013573
0.014133
0.014592
0.014997
0.015416
0.015900
0.016456
0.017045
0.017608
0.018091
0.018458
0.018697
0.018818
0.018849
0.018811
0.018697
0.018467
0.018077
0.017517
0.016823
0.016065
0.015315
0.014625
0.014024
0.013518
0.013102
0.012767
0.012502
0.012288
0.012098
0.011909
0.011708
0.011495
0.011278
0.011073
0.010902
0.010778
0.010696
0.010635
0.010579
0.010522
0.010456
0.010380
0.010295
0.010216
0.010156
0.010119
0.010099
0.010094
0.010107
0.010146
0.010219
0.010320
0.010434
0.010551
0.010681
0.010849
0.011077
0.011365
0.011697
0.012063
0.012463
0.012905
0.013387
0.013902
0.014443
0.015003
0.015566
0.016105
0.016608
0.017108
0.017699
0.018505
0.019623
0.021077
0.022794
0.024629
0.026409
0.027995
0.029302
0.030289
0.030920
0.031180
0.031111
0.030829
0.030472
0.030139
0.029864
0.029631
0.029396
0.029092
0.028653
0.028046
0.027288
0.026433
0.025559
0.024754
0.024098
0.023636
0.023381
0.023344
0.023551
0.024034
0.024809
0.025869
0.027204
0.028809
0.030669
0.032743
0.034957
0.037227
0.039502
0.041774
0.044051
0.046303
0.048459
0.050447
0.052255
0.053946
0.055612
0.057338
0.059157
0.061008
0.062699
0.063935
0.064444
0.064102
0.062969
0.061206
0.058972
0.056375
0.053496
0.050430
0.047292
0.044193
0.041212
0.038411
0.035854
0.033613
0.031755
0.030324
0.029346
0.028826
0.028736
0.029008
0.029556
0.030288
0.031088
0.031807
0.032320
0.032601
0.032765
0.033013
0.033542
0.034497
0.035968
0.037995
0.040562
0.043566
0.046790
0.049912
0.052580
0.054517
0.055575
0.055685
0.054791
0.052861
0.049975
0.046382
0.042453
0.038558
0.034970
0.031832
0.029178
0.026984
0.025211
0.023823
0.022783
0.022047
0.021558
0.021249
0.021044
0.020893
0.020800
0.020815
0.021005
0.021412
0.022047
0.022870
0.023756
0.024494
0.024849
0.024679
0.023996
0.022935
0.021671
0.020367
0.019146
0.018073
0.017153
0.016346
0.015613
0.014931
0.014299
0.013730
0.013246
0.012880
0.012647
0.012541
0.012539
0.012622
0.012776
0.012979
0.013199
0.013408
0.013602
0.013798
0.014031
0.014336
0.014748
0.015289
0.015951
0.016697
0.017481
0.018277
0.019083
0.019901
0.020706
0.021440
0.022047
0.022511
0.022879
0.023232
0.023641
0.024093
0.024477
0.024611
0.024335
0.023591
0.022451
0.021060
0.019575
0.018125
0.016805
0.015680
0.014772
0.014069
0.013538
0.013149
0.012880
0.012711
0.012635
0.012657
0.012779
0.012980
0.013231
0.013524
0.013872
0.014289
0.014772
0.015316
0.015938
0.016675
0.017560
0.018617
0.019873
0.021356
0.023070
0.024977
0.026996
0.029012
0.030888
0.032501
0.033772
0.034688
0.035278
0.035583
0.035639
0.035478
0.035127
0.034621
0.034009
0.033361
0.032725
0.032091
0.031382
0.030508
0.029418
0.028123
0.026685
0.025202
0.023796
0.022583
0.021647
0.021036
0.020776
0.020876
0.021321
0.022088
0.023166
0.024582
0.026389
0.028642
0.031386
0.034643
0.038404
0.042628
0.047243
0.052150
0.057212
0.062255
0.067084
0.071497
0.075299
0.078300
0.080334
0.081300
0.081197
0.080146
0.078373
0.076174
0.073842
0.071585
0.069461
0.067379
0.065161
0.062628
0.059687
0.056381
0.052894
0.049482
0.046370
0.043689
0.041464
0.039657
0.038198
0.037008
0.036029
0.035244
0.034687
0.034416
0.034483
0.034906
0.035668
0.036711
0.037949
0.039297
0.040715
0.042233
0.043949
0.045997
0.048490
0.051480
0.054932
0.058728
0.062666
0.066468
0.069816
0.072390
0.073908
0.074147
0.072981
0.070459
0.066820
0.062446
0.057744
0.053070
0.048711
0.044863
0.041604
0.038886
0.036576
0.034516
0.032563
0.030621
0.028659
0.026718
0.024872
0.023187
0.021707
0.020456
0.019425
0.018569
0.017827
0.017163
0.016581
0.016098
0.015733
0.015502
0.015401
0.015390
0.015399
0.015376
0.015315
0.015243
0.015178
0.015115
0.015030
0.014905
0.014729
0.014499
0.014220
0.013899
0.013544
0.013175
0.012816
0.012491
0.012201
0.011937
0.011688
0.011449
0.011214
0.010979
0.010742
0.010516
0.010315
0.010152
0.010040
0.009987
0.009987
0.010031
0.010112
0.010238
0.010431
0.010708
0.011072
0.011510
0.011987
0.012467
0.012918
0.013330
0.013701
0.014034
0.014336
0.014626
0.014938
0.015294
0.015684
0.016059
0.016368
0.016582
0.016701
0.016730
0.016673
0.016540
0.016353
0.016135
0.015907
0.015679
0.015458
0.015241
0.015011
0.014747
0.014435
0.014081
0.013711
0.013355
0.013038
0.012767
0.012536
0.012343
0.012189
0.012072
0.011975
0.011863
0.011707
0.011488
0.011204
0.010872
0.010517
0.010172
0.009870
0.009631
0.009463
0.009361
0.009314
0.009315
0.009360
0.009445
0.009566
0.009721
0.009911
0.010134
0.010384
0.010649
0.010922
0.011191
0.011438
0.011648
0.011807
0.011903
0.011916
0.011836
0.011668
0.011437
0.011169
0.010887
0.010617
0.010397
0.010258
0.010215
0.010271
0.010426
0.010685
0.011055
0.011525
0.012063
0.012616
0.013117
0.013510
0.013773
0.013928
0.014026
0.014123
0.014255
0.014432
0.014646
0.014876
0.015089
0.015251
0.015330
0.015311
0.015198
0.015013
0.014786
0.014540
0.014284
0.014018
0.013745
0.013483
0.013261
0.013102
0.013016
0.012997
0.013037
0.013134
0.013283
0.013469
0.013666
0.013850
0.014015
0.014167
0.014300
0.014397
0.014442
0.014438
0.014405
0.014361
0.014315
0.014272
0.014247
0.014259
0.014330
0.014480
0.014732
0.015112
0.015649
0.016382
0.017352
0.018591
0.020096
0.021824
0.023682
0.025540
0.027248
0.028673
0.029741
0.030447
0.030834
0.030955
0.030838
0.030494
0.029944
0.029232
0.028418
0.027559
0.026712
0.025930
0.025253
0.024696
0.024262
0.023963
0.023825
0.023866
0.024087
0.024490
0.025091
0.025911
0.026948
0.028173
0.029527
0.030940
0.032334
0.033643
0.034832
0.035892
0.036850
0.037767
0.038737
0.039852
0.041156
0.042637
0.044243
0.045905
0.047552
0.049108
0.050479
0.051531
0.052098
0.052036
0.051308
0.050015
0.048346
0.046495
0.044597
0.042725
0.040906
0.039139
0.037424
0.035781
0.034242
0.032825
0.031529
0.030359
0.029333
0.028470
0.027768
0.027197
0.026719
0.026294
0.025872
0.025395
0.024808
0.024082
0.023221
0.022269
0.021292
0.020372
0.019581
0.018975
0.018593
0.018460
0.018590
0.018973
0.019569
0.020303
0.021076
0.021778
0.022319
0.022659
0.022808
0.022808
0.022689
0.022445
0.022035
0.021421
0.020602
0.019628
0.018573
0.017503
0.016457
0.015462
0.014542
0.013726
0.013029
0.012437
0.011915
0.011430
0.010970
0.010549
0.010194
0.009912
0.009693
0.009516
0.009365
0.009240
0.009147
0.009094
0.009087
0.009124
0.009194
0.009279
0.009357
0.009407
0.009412
0.009362
0.009265
0.009139
0.008999
0.008852
0.008697
0.008541
0.008399
0.008291
0.008235
0.008243
0.008322
0.008473
0.008691
0.008976
0.009335
0.009784
0.010327
0.010944
0.011594
0.012221
0.012772
0.013198
0.013469
0.013588
0.013593
0.013542
0.013491
0.013488
0.013566
0.013721
0.013895
0.014000
0.013964
0.013762
0.013417
0.012977
0.012504
0.012067
0.011721
0.011510
0.011459
0.011574
0.011831
0.012167
0.012497
0.012754
0.012920
0.013015
0.013082
0.013159
0.013270
0.013425
0.013632
0.013910
0.014288
0.014801
0.015492
0.016408
0.017607
0.019141
0.021041
0.023309
0.025900
0.028695
0.031502
0.034089
0.036244
0.037820
0.038741
0.038999
0.038663
0.037876
0.036817
0.035644
0.034449
0.033273
0.032126
0.031002
0.029879
0.028731
0.027552
0.026366
0.025204
0.024092
0.023047
0.022085
0.021230
0.020512
0.019957
0.019593
0.019439
0.019503
0.019783
0.020278
0.020981
0.021873
0.022926
0.024108
0.025387
0.026727
0.028089
0.029457
0.030848
0.032301
0.033853
0.035529
0.037364
0.039392
0.041630
0.044064
0.046647
0.049287
0.051825
0.054046
0.055744
0.056776
0.057063
0.056554
0.055223
0.053121
0.050406
0.047319
0.044104
0.040960
0.038015
0.035334
0.032924
0.030766
0.028837
0.027111
0.025556
0.024139
0.022840
0.021657
0.020603
0.019689
0.018926
0.018317
0.017865
0.017572
0.017436
0.017447
0.017587
0.017825
0.018128
0.018473
0.018861
0.019316
0.019873
0.020554
0.021362
0.022304
0.023398
0.024646
0.025996
0.027343
0.028574
0.029618
0.030467
0.031138
0.031622
0.031841
0.031669
0.031011
0.029877
0.028392
0.026721
0.025009
0.023349
0.021804
0.020422
0.019229
0.018236
0.017442
0.016828
0.016361
0.016005
0.015734
0.015536
0.015405
0.015339
0.015337
0.015405
0.015543
0.015740
0.015985
0.016275
0.016626
0.017064
0.017612
0.018300
0.019170
0.020249
0.021521
0.022918
0.024362
0.025810
0.027224
0.028520
0.029553
0.030187
0.030370
0.030134
0.029532
0.028597
0.027352
0.025848
0.024182
0.022481
0.020870
0.019449
0.018282
0.017402
0.016815
0.016494
0.016388
0.016454
0.016673
0.017028
0.017466
0.017911
0.018305
0.018633
0.018911
0.019149
0.019350
0.019512
0.019644
0.019768
0.019922
0.020146
0.020457
0.020844
0.021280
0.021742
0.022198
0.022597
0.022885
0.023037
0.023087
0.023106
0.023157
0.023258
0.023381
0.023482
0.023529
0.023504
0.023387
0.023154
0.022796
0.022332
0.021797
0.021231
0.020683
0.020217
0.019902
0.019791
0.019896
0.020196
0.020636
0.021130
0.021579
0.021904
0.022067
0.022071
0.021931
0.021655
0.021248
0.020713
0.020066
0.019339
0.018581
0.017851
0.017215
0.016736
0.016447
0.016342
0.016377
0.016498
0.016654
0.016804
0.016912
0.016948
0.016901
0.016786
0.016640
0.016522
0.016492
0.016603
0.016885
0.017334
0.017906
0.018527
0.019106
0.019566
0.019851
0.019927
0.019783
0.019440
0.018956
0.018414
0.017877
0.017370
0.016882
0.016396
0.015904
0.015415
0.014944
0.014499
0.014078
0.013676
0.013297
0.012962
0.012704
0.012549
0.012505
0.012543
0.012606
0.012621
0.012543
0.012366
0.012119
0.011835
0.011541
0.011263
0.011028
0.010852
0.010721
0.010601
0.010453
0.010265
0.010053
0.009852
0.009702
0.009630
0.009652
0.009775
0.010000
0.010303
0.010628
0.010898
0.011048
0.011056
0.010946
0.010766
0.010553
0.010333
0.010128
0.009972
0.009891
0.009895
0.009968
0.010085
0.010225
0.010370
0.010506
0.010616
0.010688
0.010716
0.010703
0.010650
0.010567
0.010460
0.010344
0.010233
0.010138
0.010057
0.009977
0.009880
0.009759
0.009616
0.009468
0.009324
0.009189
0.009058
0.008937
0.008843
0.008788
0.008770
0.008778
0.008804
0.008854
0.008937
0.009057
0.009211
0.009391
0.009587
0.009792
0.010017
0.010289
0.010633
0.011048
0.011515
0.012018
0.012555
0.013126
0.013721
0.014317
0.014888
0.015419
0.015903
0.016327
0.016665
0.016898
0.017023
0.017049
0.016977
0.016797
0.016510
0.016138
0.015709
0.015232
0.014704
0.014141
0.013571
0.013021
0.012504
0.012029
0.011598
0.011204
0.010832
0.010473
0.010131
0.009815
0.009538
0.009309
0.009133
0.009002
0.008905
0.008833
0.008781
0.008734
0.008667
0.008562
0.008424
0.008265
0.008091
0.007907
0.007726
0.007570
0.007454
0.007382
0.007340
0.007302
0.007238
0.007134
0.006992
0.006831
0.006671
0.006533
0.006427
0.006349
0.006283
0.006227
0.006192
0.006185
0.006200
0.006229
0.006279
0.006365
0.006481
0.006609
0.006729
0.006837
0.006939
0.007035
0.007127
0.007215
0.007295
0.007350
0.007364
0.007329
0.007257
0.007175
0.007110
0.007070
0.007045
0.007033
0.007044
0.007086
0.007149
0.007210
0.007253
0.007271
0.007265
0.007233
0.007176
0.007099
0.007011
0.006928
0.006873
0.006852
0.006840
0.006808
0.006748
0.006677
0.006611
0.006550
0.006495
0.006454
0.006434
0.006428
0.006427
0.006431
0.006444
0.006462
0.006480
0.006502
0.006536
0.006585
0.006646
0.006721
0.006813
0.006924
0.007047
0.007162
0.007244
0.007281
0.007284
0.007277
0.007279
0.007303
0.007361
0.007459
0.007589
0.007734
0.007892
0.008079
0.008302
0.008549
0.008811
0.009100
0.009436
0.009832
0.010291
0.010818
0.011408
0.012032
0.012657
0.013263
0.013849
0.014405
0.014903
0.015305
0.015593
0.015769
0.015850
0.015856
0.015790
0.015633
0.015363
0.014967
0.014439
0.013778
0.013000
0.012158
0.011316
0.010517
0.009774
0.009095
0.008497
0.007988
0.007550
0.007154
0.006789
0.006467
0.006194
0.005968
0.005786
0.005653
0.005574
0.005540
0.005530
0.005525
0.005510
0.005484
0.005452
0.005424
0.005408
0.005409
0.005426
0.005458
0.005499
0.005543
0.005592
0.005652
0.005729
0.005820
0.005911
0.005996
0.006084
0.006198
0.006353
0.006549
0.006772
0.007012
0.007265
0.007529
0.007799
0.008064
0.008318
0.008558
0.008793
0.009036
0.009308
0.009622
0.009982
0.010368
0.010745
0.011074
0.011342
0.011574
0.011824
0.012157
0.012647
0.013371
0.014414
0.015859
0.017789
0.020265
0.023292
0.026766
0.030439
0.033929
0.036785
0.038601
0.039146
0.038434
0.036704
0.034322
0.031664
0.029054
0.026733
0.024836
0.023377
0.022258
0.021313
0.020384
0.019379
0.018294
0.017178
0.016103
0.015127
0.014285
0.013588
0.013027
0.012586
0.012253
0.012013
0.011844
0.011726
0.011668
0.011710
0.011900
0.012263
0.012794
0.013483
0.014314
0.015246
0.016205
0.017107
0.017915
0.018664
0.019445
0.020375
0.021572
0.023130
0.025086
0.027378
0.029825
0.032129
0.033925
0.034860
0.034713
0.033479
0.031358
0.028665
0.025731
0.022844
0.020228
0.018008
0.016213
0.014808
0.013744
0.012966
0.012404
0.011976
0.011622
0.011307
0.011002
0.010674
0.010312
0.009930
0.009552
0.009191
0.008856
0.008562
0.008318
0.008112
0.007910
0.007697
0.007482
0.007285
0.007112
0.006944
0.006762
0.006565
0.006377
0.006226
0.006121
0.006048
0.005997
0.005967
0.005970
0.006013
0.006095
0.006212
0.006360
0.006541
0.006767
0.007043
0.007359
0.007693
0.008035
0.008381
0.008717
0.009011
0.009235
0.009390
0.009490
0.009550
0.009582
0.009595
0.009590
0.009553
0.009469
0.009346
0.009198
0.009033
0.008855
0.008680
0.008530
0.008421
0.008359
0.008360
0.008437
0.008590
0.008800
0.009047
0.009321
0.009620
0.009946
0.010307
0.010702
0.011107
0.011479
0.011774
0.011967
0.012051
0.012030
0.011928
0.011776
0.011613
0.011474
0.011402
0.011434
0.011588
0.011840
0.012147
0.012464
0.012759
0.013013
0.013221
0.013386
0.013516
0.013613
0.013675
0.013696
0.013671
0.013600
0.013487
0.013334
0.013132
0.012872
0.012563
0.012232
0.011906
0.011607
0.011352
0.011158
0.011029
0.010956
0.010932
0.010953
0.011010
0.011085
0.011170
0.011285
0.011450
0.011670
0.011935
0.012232
0.012526
0.012752
0.012845
0.012777
0.012570
0.012267
0.011920
0.011581
0.011294
0.011080
0.010932
0.010848
0.010833
0.010890
0.011007
0.011162
0.011335
0.011510
0.011670
0.011813
0.011935
0.012017
0.012021
0.011919
0.011707
0.011398
0.010990
0.010476
0.009872
0.009229
0.008607
0.008049
0.007575
0.007190
0.006894
0.006676
0.006517
0.006396
0.006298
0.006215
0.006146
0.006088
0.006036
0.005989
0.005948
0.005922
0.005926
0.005967
0.006043
0.006153
0.006307
0.006514
0.006763
0.007014
0.007220
0.007356
0.007432
0.007479
0.007530
0.007614
0.007760
0.008001
0.008372
0.008900
0.009568
0.010297
0.010960
0.011430
0.011632
0.011551
0.011229
0.010735
0.010148
0.009539
0.008972
0.008491
0.008117
0.007842
0.007626
0.007430
0.007236
0.007046
0.006869
0.006713
0.006577
0.006459
0.006352
0.006249
0.006150
0.006074
0.006040
0.006051
0.006093
0.006138
0.006167
0.006180
0.006197
0.006232
0.006282
0.006329
0.006368
0.006406
0.006452
0.006493
0.006508
0.006492
0.006465
0.006451
0.006466
0.006526
0.006652
0.006858
0.007124
0.007401
0.007635
0.007781
0.007806
0.007702
0.007488
0.007213
0.006929
0.006666
0.006437
0.006244
0.006082
0.005944
0.005834
0.005771
0.005765
0.005798
0.005834
0.005843
0.005825
0.005795
0.005770
0.005766
0.005796
0.005876
0.006012
0.006197
0.006410
0.006617
0.006781
0.006879
0.006904
0.006870
0.006793
0.006693
0.006586
0.006485
0.006405
0.006354
0.006332
0.006324
0.006310
0.006273
0.006201
0.006095
0.005959
0.005802
0.005631
0.005455
0.005288
0.005153
0.005069
0.005037
0.005041
0.005063
0.005092
0.005123
0.005160
0.005206
0.005259
0.005302
0.005316
0.005296
0.005259
0.005229
0.005212
0.005204
0.005204
0.005221
0.005257
0.005307
0.005368
0.005439
0.005516
0.005587
0.005638
0.005666
0.005679
0.005690
0.005706
0.005728
0.005744
0.005746
0.005735
0.005731
0.005745
0.005767
0.005771
0.005743
0.005696
0.005645
0.005587
0.005509
0.005409
0.005307
0.005221
0.005156
0.005111
0.005086
0.005077
0.005081
0.005100
0.005140
0.005198
0.005260
0.005313
0.005351
0.005375
0.005383
0.005380
0.005386
0.005414
0.005456
0.005487
0.005491
0.005463
0.005399
0.005299
0.005182
0.005075
0.004997
0.004945
0.004921
0.004949
0.005053
0.005235
0.005480
0.005782
0.006136
0.006522
0.006906
0.007253
0.007533
0.007720
0.007794
0.007754
0.007626
0.007442
0.007233
0.007025
0.006840
0.006689
0.006579
0.006507
0.006468
0.006454
0.006463
0.006495
0.006547
0.006599
0.006630
0.006636
0.006625
0.006613
0.006609
0.006619
0.006647
0.006692
0.006758
0.006858
0.007005
0.007194
0.007399
0.007591
0.007751
0.007869
0.007942
0.007977
0.008002
0.008047
0.008135
0.008281
0.008502
0.008800
0.009157
0.009530
0.009866
0.010116
0.010250
0.010271
0.010205
0.010085
0.009933
0.009770
0.009622
0.009509
0.009434
0.009380
0.009324
0.009251
0.009158
0.009048
0.008937
0.008848
0.008799
0.008793
0.008817
0.008856
0.008903
0.008953
0.008995
0.009012
0.008999
0.008969
0.008945
0.008933
0.008932
0.008952
0.009021
0.009150
0.009311
0.009456
0.009550
0.009593
0.009597
0.009588
0.009605
0.009691
0.009868
0.010117
0.010392
0.010638
0.010804
0.010849
0.010759
0.010551
0.010266
0.009956
0.009666
0.009431
0.009267
0.009173
0.009141
0.009159
0.009205
0.009250
0.009269
0.009254
0.009215
0.009161
0.009097
0.009022
0.008941
0.008861
0.008782
0.008698
0.008601
0.008489
0.008366
0.008238
0.008117
0.008019
0.007971
0.007990
0.008070
0.008180
0.008294
0.008403
0.008525
0.008688
0.008925
0.009262
0.009706
0.010232
0.010776
0.011248
0.011569
0.011690
0.011607
0.011356
0.010991
0.010552
0.010068
0.009565
0.009075
0.008635
0.008264
0.007970
0.007759
0.007646
0.007639
0.007729
0.007889
0.008085
0.008287
0.008462
0.008589
0.008656
0.008667
0.008636
0.008576
0.008500
0.008427
0.008382
0.008387
0.008441
0.008516
0.008575
0.008592
0.008561
0.008496
0.008423
0.008375
0.008383
0.008469
0.008641
0.008897
0.009232
0.009636
0.010096
0.010585
0.011061
0.011464
0.011742
0.011887
0.011952
0.012033
0.012233
0.012628
0.013254
0.014088
0.015030
0.015908
0.016543
0.016828
0.016749
0.016353
0.015716
0.014934
0.014122
0.013383
0.012773
0.012293
0.011908
0.011572
0.011239
0.010881
0.010491
0.010077
0.009650
0.009236
0.008869
0.008582
0.008380
0.008231
0.008102
0.007984
0.007885
0.007813
0.007760
0.007718
0.007694
0.007712
0.007800
0.007977
0.008244
0.008575
0.008927
0.009259
0.009545
0.009773
0.009957
0.010140
0.010386
0.010759
0.011289
0.011974
0.012760
0.013545
0.014182
0.014525
0.014488
0.014076
0.013370
0.012483
0.011522
0.010575
0.009705
0.008957
0.008349
0.007879
0.007534
0.007308
0.007196
0.007181
0.007225
0.007290
0.007355
0.007425
0.007515
0.007639
0.007811
0.008036
0.008294
0.008534
0.008697
0.008747
0.008684
0.008529
0.008315
0.008078
0.007861
0.007706
0.007639
0.007669
0.007787
0.007977
0.008209
0.008446
0.008639
0.008740
0.008710
0.008536
0.008234
0.007840
0.007406
0.006983
0.006609
0.006300
0.006045
0.005826
0.005627
0.005444
0.005275
0.005122
0.004986
0.004872
0.004778
0.004703
0.004645
0.004603
0.004576
0.004561
0.004558
0.004568
0.004595
0.004642
0.004715
0.004810
0.004913
0.005009
0.005088
0.005143
0.005164
0.005139
0.005066
0.004957
0.004837
0.004726
0.004631
0.004550
0.004486
0.004449
0.004448
0.004479
0.004535
0.004609
0.004703
0.004815
0.004941
0.005085
0.005261
0.005475
0.005712
0.005939
0.006128
0.006263
0.006345
0.006389
0.006426
0.006500
0.006639
0.006855
0.007131
0.007430
0.007694
0.007859
0.007885
0.007775
0.007557
0.007272
0.006965
0.006686
0.006479
0.006352
0.006277
0.006211
0.006117
0.005976
0.005786
0.005557
0.005309
0.005061
0.004825
0.004611
0.004427
0.004273
0.004142
0.004026
0.003927
0.003857
0.003827
0.003839
0.003899
0.004012
0.004177
0.004381
0.004602
0.004819
0.005013
0.005165
0.005264
0.005319
0.005353
0.005391
0.005456
0.005571
0.005754
0.005998
0.006270
0.006521
0.006709
0.006805
0.006801
0.006709
0.006556
0.006368
0.006166
0.005974
0.005818
0.005707
0.005625
0.005543
0.005442
0.005314
0.005154
0.004959
0.004746
0.004550
0.004393
0.004266
0.004153
0.004052
0.003979
0.003943
0.003946
0.003987
0.004062
0.004158
0.004254
0.004338
0.004405
0.004457
0.004498
0.004539
0.004592
0.004660
0.004737
0.004816
0.004895
0.004979
0.005059
0.005120
0.005142
0.005109
0.005021
0.004897
0.004764
0.004646
0.004547
0.004458
0.004362
0.004247
0.004119
0.004000
0.003908
0.003849
0.003815
0.003805
0.003822
0.003869
0.003930
0.003988
0.004030
0.004052
0.004056
0.004049
0.004047
0.004058
0.004080
0.004103
0.004124
0.004144
0.004164
0.004178
0.004183
0.004180
0.004171
0.004154
0.004124
0.004081
0.004025
0.003960
0.003888
0.003807
0.003713
0.003610
0.003509
0.003424
0.003360
0.003318
0.003300
0.003306
0.003329
0.003355
0.003378
0.003397
0.003412
0.003420
0.003420
0.003421
0.003428
0.003429
0.003408
0.003364
0.003315
0.003275
0.003247
0.003228
0.003216
0.003205
0.003185
0.003147
0.003094
0.003041
0.003000
0.002973
0.002957
0.002954
0.002968
0.003004
0.003064
0.003142
0.003218
0.003273
0.003296
0.003297
0.003291
0.003282
0.003262
0.003230
0.003200
0.003189
0.003196
0.003211
0.003228
0.003256
0.003296
0.003340
0.003374
0.003396
0.003412
0.003430
0.003452
0.003486
0.003538
0.003605
0.003675
0.003740
0.003801
0.003864
0.003930
0.003993
0.004052
0.004105
0.004143
0.004156
0.004134
0.004082
0.004012
0.003940
0.003871
0.003812
0.003766
0.003736
0.003712
0.003677
0.003612
0.003513
0.003399
0.003298
0.003222
0.003167
0.003119
0.003074
0.003038
0.003016
0.003004
0.002995
0.002981
0.002964
0.002949
0.002935
0.002919
0.002903
0.002895
0.002903
0.002919
0.002928
0.002921
0.002908
0.002905
0.002913
0.002921
0.002920
0.002905
0.002874
0.002824
0.002758
0.002684
0.002612
0.002547
0.002493
0.002455
0.002435
0.002432
0.002441
0.002460
0.002489
0.002525
0.002563
0.002605
0.002653
0.002702
0.002741
0.002761
0.002758
0.002735
0.002700
0.002665
0.002637
0.002612
0.002582
0.002546
0.002512
0.002488
0.002472
0.002459
0.002455
0.002465
0.002487
0.002509
0.002521
0.002528
0.002543
0.002572
0.002605
0.002632
0.002650
0.002669
0.002694
0.002723
0.002750
0.002771
0.002779
0.002773
0.002753
0.002731
0.002714
0.002699
0.002677
0.002642
0.002594
0.002538
0.002478
0.002421
0.002373
0.002333
0.002301
0.002284
0.002292
0.002318
0.002343
0.002357
0.002368
0.002388
0.002405
0.002397
0.002358
0.002311
0.002282
0.002280
0.002293
0.002310
0.002328
0.002349
0.002372
0.002390
0.002404
0.002424
0.002459
0.002504
0.002539
0.002549
0.002539
0.002516
0.002485
0.002449
0.002417
0.002407
0.002425
0.002460
0.002499
0.002538
0.002589
0.002662
0.002755
0.002847
0.002913
0.002940
0.002945
0.002955
0.002982
0.003018
0.003050
0.003075
0.003100
0.003127
0.003150
0.003161
0.003153
0.003126
0.003080
0.003015
0.002931
0.002835
0.002740
0.002658
0.002586
0.002514
0.002436
0.002361
0.002301
0.002269
0.002269
0.002298
0.002337
0.002362
0.002358
0.002324
0.002269
0.002208
0.002157
0.002132
0.002133
0.002149
0.002167
0.002182
0.002196
0.002215
0.002249
0.002307
0.002379
0.002445
0.002493
0.002532
0.002581
0.002642
0.002708
0.002776
0.002847
0.002921
0.002993
0.003070
0.003165
0.003293
0.003468
0.003702
0.004017
0.004426
0.004944
0.005583
0.006361
0.007283
0.008321
0.009403
0.010421
0.011256
0.011810
0.012019
0.011850
0.011313
0.010474
0.009458
0.008402
0.007403
0.006509
0.005747
0.005138
0.004677
0.004323
0.004039
0.003814
0.003655
0.003548
0.003465
0.003393
0.003335
0.003295
0.003264
0.003236
0.003215
0.003209
0.003218
0.003246
0.003307
0.003416
0.003581
0.003814
0.004138
0.004580
0.005154
0.005859
0.006694
0.007653
0.008708
0.009787
0.010774
0.011541
0.011977
0.012011
0.011637
0.010918
0.009973
0.008937
0.007918
0.006986
0.006182
0.005528
0.005020
0.004629
0.004318
0.004065
0.003866
0.003718
0.003614
0.003551
0.003530
0.003550
0.003605
0.003687
0.003806
0.003976
0.004191
0.004414
0.004587
0.004666
0.004641
0.004532
0.004366
0.004169
0.003969
0.003798
0.003684
0.003645
0.003689
0.003823
0.004043
0.004318
0.004602
0.004858
0.005072
0.005244
0.005376
0.005467
0.005510
0.005495
0.005413
0.005271
0.005089
0.004888
0.004675
0.004456
0.004245
0.004059
0.003896
0.003750
0.003621
0.003514
0.003430
0.003364
0.003314
0.003287
0.003281
0.003293
0.003322
0.003375
0.003456
0.003561
0.003688
0.003841
0.004014
0.004177
0.004286
0.004317
0.004272
0.004169
0.004034
0.003897
0.003792
0.003747
0.003769
0.003855
0.003995
0.004184
0.004412
0.004658
0.004888
0.005066
0.005169
0.005204
0.005202
0.005202
0.005234
0.005309
0.005415
0.005521
0.005588
0.005578
0.005472
0.005272
0.005004
0.004707
0.004416
0.004158
0.003943
0.003772
0.003637
0.003529
0.003443
0.003377
0.003321
0.003259
0.003186
0.003115
0.003066
0.003054
0.003079
0.003141
0.003237
0.003364
0.003507
0.003640
0.003740
0.003796
0.003822
0.003839
0.003865
0.003890
0.003893
0.003858
0.003779
0.003669
0.003552
0.003456
0.003407
0.003409
0.003453
0.003521
0.003594
0.003656
0.003687
0.003675
0.003621
0.003534
0.003434
0.003353
0.003315
0.003323
0.003351
0.003369
0.003364
0.003342
0.003327
0.003345
0.003418
0.003543
0.003691
0.003816
0.003885
0.003878
0.003792
0.003641
0.003463
0.003302
0.003190
0.003128
0.003109
0.003125
0.003175
0.003255
0.003353
0.003448
0.003519
0.003543
0.003511
0.003431
0.003319
0.003190
0.003053
0.002922
0.002816
0.002748
0.002721
0.002725
0.002747
0.002777
0.002805
0.002818
0.002806
0.002770
0.002719
0.002666
0.002615
0.002570
0.002541
0.002530
0.002536
0.002550
0.002567
0.002588
0.002615
0.002648
0.002690
0.002747
0.002827
0.002931
0.003046
0.003150
0.003217
0.003235
0.003211
0.003156
0.003074
0.002964
0.002836
0.002701
0.002571
0.002451
0.002348
0.002269
0.002210
0.002162
0.002123
0.002106
0.002125
0.002171
0.002227
0.002276
0.002314
0.002340
0.002354
0.002361
0.002367
0.002374
0.002384
0.002396
0.002410
0.002426
0.002449
0.002490
0.002546
0.002603
0.002646
0.002668
0.002663
0.002623
0.002547
0.002453
0.002367
0.002297
0.002242
0.002203
0.002183
0.002180
0.002181
0.002179
0.002173
0.002160
0.002135
0.002106
0.002088
0.002089
0.002101
0.002110
0.002117
0.002133
0.002164
0.002208
0.002258
0.002306
0.002343
0.002364
0.002376
0.002388
0.002405
0.002427
0.002455
0.002486
0.002516
0.002542
0.002571
0.002612
0.002670
0.002749
0.002856
0.003007
0.003209
0.003454
0.003718
0.003983
0.004240
0.004482
0.004685
0.004814
0.004844
0.004776
0.004632
0.004432
0.004196
0.003944
0.003700
0.003477
0.003269
0.003060
0.002854
0.002665
0.002507
0.002381
0.002284
0.002217
0.002181
0.002167
0.002156
0.002138
0.002115
0.002098
0.002089
0.002081
0.002073
0.002072
0.002090
0.002128
0.002177
0.002225
0.002265
0.002298
0.002335
0.002385
0.002450
0.002522
0.002596
0.002675
0.002766
0.002867
0.002961
0.003031
0.003073
0.003087
0.003075
0.003040
0.002993
0.002951
0.002923
0.002912
0.002914
0.002930
0.002961
0.002997
0.003024
0.003026
0.003007
0.002986
0.002981
0.002994
0.003012
0.003023
0.003023
0.003006
0.002967
0.002909
0.002842
0.002777
0.002709
0.002633
0.002554
0.002481
0.002414
0.002349
0.002281
0.002213
0.002150
0.002101
0.002072
0.002058
0.002046
0.002026
0.002008
0.002010
0.002037
0.002082
0.002131
0.002180
0.002225
0.002269
0.002319
0.002379
0.002443
0.002496
0.002530
0.002545
0.002546
0.002535
0.002510
0.002473
0.002428
0.002382
0.002342
0.002308
0.002276
0.002243
0.002221
0.002220
0.002236
0.002250
0.002252
0.002253
0.002266
0.002293
0.002336
0.002401
0.002503
0.002643
0.002821
0.003044
0.003325
0.003663
0.004023
0.004343
0.004559
0.004638
0.004585
0.004434
0.004222
0.003969
0.003692
0.003417
0.003171
0.002967
0.002807
0.002681
0.002584
0.002506
0.002441
0.002385
0.002342
0.002318
0.002316
0.002337
0.002371
0.002415
0.002471
0.002554
0.002672
0.002821
0.002990
0.003180
0.003392
0.003611
0.003802
0.003933
0.004000
0.004031
0.004062
0.004111
0.004170
0.004214
0.004215
0.004156
0.004033
0.003853
0.003634
0.003400
0.003175
0.002979
0.002825
0.002717
0.002650
0.002614
0.002591
0.002575
0.002567
0.002569
0.002584
0.002605
0.002626
0.002642
0.002650
0.002646
0.002631
0.002607
0.002582
0.002570
0.002581
0.002618
0.002670
0.002725
0.002778
0.002828
0.002880
0.002935
0.002988
0.003038
0.003085
0.003135
0.003196
0.003268
0.003340
0.003396
0.003421
0.003414
0.003384
0.003348
0.003321
0.003315
0.003347
0.003424
0.003536
0.003652
0.003742
0.003801
0.003849
0.003916
0.004028
0.004203
0.004453
0.004796
0.005251
0.005817
0.006433
0.006984
0.007350
0.007483
0.007426
0.007281
0.007164
0.007180
0.007411
0.007902
0.008654
0.009615
0.010660
0.011585
0.012154
0.012202
0.011718
0.010838
0.009747
0.008606
0.007530
0.006601
0.005868
0.005340
0.004992
0.004781
0.004659
0.004576
0.004497
0.004412
0.004320
0.004213
0.004077
0.003915
0.003753
0.003630
0.003572
0.003579
0.003637
0.003737
0.003880
0.004065
0.004281
0.004502
0.004697
0.004840
0.004920
0.004932
0.004866
0.004722
0.004512
0.004267
0.004022
0.003807
0.003641
0.003529
0.003465
0.003431
0.003401
0.003363
0.003316
0.003272
0.003240
0.003219
0.003204
0.003181
0.003145
0.003102
0.003065
0.003047
0.003049
0.003072
0.003121
0.003201
0.003304
0.003412
0.003516
0.003630
0.003772
0.003938
0.004097
0.004206
0.004246
0.004224
0.004166
0.004105
0.004068
0.004081
0.004169
0.004352
0.004630
0.004978
0.005370
0.005805
0.006308
0.006910
0.007626
0.008461
0.009406
0.010395
0.011271
0.011831
0.011922
0.011520
0.010726
0.009702
0.008614
0.007592
0.006711
0.005993
0.005421
0.004966
0.004604
0.004313
0.004070
0.003855
0.003658
0.003480
0.003331
0.003218
0.003137
0.003077
0.003031
0.003009
0.003019
0.003054
0.003098
0.003147
0.003206
0.003284
0.003383
0.003506
0.003655
0.003819
0.003967
0.004064
0.004084
0.004017
0.003876
0.003693
0.003503
0.003331
0.003183
0.003062
0.002972
0.002915
0.002880
0.002851
0.002819
0.002787
0.002764
0.002759
0.002772
0.002797
0.002817
0.002816
0.002784
0.002729
0.002666
0.002615
0.002582
0.002560
0.002537
0.002519
0.002522
0.002552
0.002590
0.002617
0.002630
0.002645
0.002678
0.002735
0.002819
0.002931
0.003066
0.003219
0.003391
0.003584
0.003785
0.003962
0.004080
0.004120
0.004091
0.004011
0.003899
0.003765
0.003616
0.003470
0.003342
0.003245
0.003183
0.003159
0.003171
0.003216
0.003282
0.003359
0.003438
0.003520
0.003601
0.003677
0.003737
0.003775
0.003786
0.003782
0.003786
0.003817
0.003883
0.003983
0.004114
0.004263
0.004394
0.004457
0.004419
0.004282
0.004074
0.003829
0.003581
0.003363
0.003196
0.003077
0.002983
0.002898
0.002823
0.002770
0.002740
0.002727
0.002727
0.002743
0.002771
0.002798
0.002813
0.002815
0.002811
0.002798
0.002768
0.002716
0.002662
0.002630
0.002637
0.002681
0.002753
0.002835
0.002916
0.002990
0.003055
0.003105
0.003129
0.003124
0.003099
0.003069
0.003040
0.003010
0.002981
0.002956
0.002927
0.002881
0.002813
0.002733
0.002656
0.002589
0.002534
0.002493
0.002465
0.002440
0.002409
0.002374
0.002348
0.002344
0.002366
0.002402
0.002434
0.002452
0.002459
0.002470
0.002489
0.002511
0.002528
0.002540
0.002547
0.002543
0.002520
0.002484
0.002454
0.002451
0.002474
0.002508
0.002535
0.002553
0.002574
0.002613
0.002676
0.002766
0.002881
0.003018
0.003173
0.003341
0.003512
0.003663
0.003757
0.003765
0.003688
0.003553
0.003391
0.003224
0.003074
0.002959
0.002890
0.002853
0.002831
0.002814
0.002799
0.002781
0.002753
0.002719
0.002692
0.002680
0.002681
0.002691
0.002701
0.002701
0.002692
0.002695
0.002730
0.002790
0.002853
0.002905
0.002947
0.002983
0.003004
0.003005
0.002999
0.002998
0.003001
0.002997
0.002988
0.002984
0.002984
0.002978
0.002956
0.002923
0.002881
0.002831
0.002777
0.002734
0.002708
0.002693
0.002682
0.002677
0.002684
0.002698
0.002706
0.002703
0.002695
0.002690
0.002682
0.002664
0.002645
0.002640
0.002661
0.002697
0.002731
0.002750
0.002751
0.002741
0.002727
0.002715
0.002707
0.002701
0.002698
0.002702
0.002726
0.002772
0.002835
0.002899
0.002953
0.002990
0.003009
0.003015
0.003022
0.003042
0.003074
0.003105
0.003123
0.003121
0.003096
0.003047
0.002981
0.002913
0.002859
0.002821
0.002795
0.002775
0.002761
0.002761
0.002782
0.002821
0.002864
0.002897
0.002917
0.002932
0.002946
0.002953
0.002951
0.002943
0.002933
0.002914
0.002876
0.002823
0.002769
0.002726
0.002699
0.002688
0.002689
0.002697
0.002702
0.002701
0.002700
0.002705
0.002720
0.002748
0.002786
0.002824
0.002854
0.002873
0.002890
0.002911
0.002933
0.002946
0.002947
0.002939
0.002932
0.002931
0.002937
0.002949
0.002973
0.003018
0.003084
0.003151
0.003199
0.003232
0.003277
0.003357
0.003467
0.003594
0.003729
0.003855
0.003944
0.003968
0.003923
0.003833
0.003726
0.003622
0.003533
0.003467
0.003432
0.003434
0.003478
0.003564
0.003689
0.003853
0.004063
0.004317
0.004589
0.004837
0.005029
0.005152
0.005199
0.005162
0.005048
0.004883
0.004700
0.004524
0.004371
0.004259
0.004189
0.004155
0.004144
0.004157
0.004198
0.004262
0.004345
0.004456
0.004609
0.004802
0.005010
0.005205
0.005361
0.005455
0.005467
0.005387
0.005224
0.004998
0.004735
0.004464
0.004216
0.004010
0.003852
0.003735
0.003637
0.003539
0.003433
0.003328
0.003246
0.003196
0.003181
0.003197
0.003234
0.003274
0.003295
0.003290
0.003267
0.003238
0.003210
0.003189
0.003179
0.003181
0.003188
0.003195
0.003202
0.003208
0.003212
0.003217
0.003230
0.003246
0.003257
0.003262
0.003284
0.003340
0.003429
0.003532
0.003640
0.003748
0.003845
0.003910
0.003926
0.003894
0.003823
0.003730
0.003630
0.003537
0.003450
0.003364
0.003281
0.003216
0.003174
0.003141
0.003106
0.003073
0.003058
0.003065
0.003083
0.003098
0.003104
0.003097
0.003081
0.003065
0.003062
0.003074
0.003084
0.003079
0.003065
0.003064
0.003086
0.003122
0.003153
0.003173
0.003190
0.003217
0.003259
0.003309
0.003355
0.003390
0.003415
0.003431
0.003437
0.003430
0.003416
0.003407
0.003422
0.003466
0.003527
0.003589
0.003636
0.003663
0.003674
0.003680
0.003690
0.003703
0.003713
0.003715
0.003705
0.003690
0.003685
0.003705
0.003752
0.003803
0.003837
0.003850
0.003860
0.003883
0.003915
0.003949
0.003985
0.004026
0.004067
0.004102
0.004139
0.004189
0.004254
0.004315
0.004359
0.004380
0.004381
0.004352
0.004287
0.004195
0.004104
0.004037
0.003991
0.003951
0.003905
0.003864
0.003842
0.003839
0.003843
0.003845
0.003851
0.003866
0.003889
0.003918
0.003956
0.004004
0.004058
0.004113
0.004171
0.004235
0.004302
0.004363
0.004408
0.004430
0.004428
0.004410
0.004395
0.004397
0.004412
0.004427
0.004439
0.004453
0.004473
0.004489
0.004499
0.004515
0.004555
0.004624
0.004714
0.004807
0.004887
0.004941
0.004969
0.004984
0.004994
0.004993
0.004970
0.004928
0.004888
0.004865
0.004871
0.004910
0.004976
0.005054
0.005121
0.005172
0.005218
0.005264
0.005302
0.005318
0.005313
0.005298
0.005281
0.005262
0.005237
0.005197
0.005132
0.005039
0.004931
0.004829
0.004740
0.004656
0.004567
0.004475
0.004383
0.004299
0.004232
0.004195
0.004194
0.004220
0.004260
0.004303
0.004337
0.004350
0.004340
0.004321
0.004311
0.004312
0.004320
0.004340
0.004381
0.004443
0.004513
0.004582
0.004656
0.004735
0.004802
0.004835
0.004834
0.004819
0.004809
0.004803
0.004795
0.004782
0.004758
0.004720
0.004663
0.004595
0.004526
0.004463
0.004407
0.004356
0.004308
0.004266
0.004233
0.004212
0.004205
0.004206
0.004216
0.004234
0.004255
0.004273
0.004286
0.004305
0.004344
0.004403
0.004469
0.004526
0.004572
0.004604
0.004617
0.004601
0.004562
0.004520
0.004495
0.004492
0.004512
0.004558
0.004640
0.004759
0.004906
0.005068
0.005236
0.005401
0.005548
0.005654
0.005707
0.005710
0.005677
0.005624
0.005563
0.005506
0.005464
0.005438
0.005416
0.005382
0.005325
0.005254
0.005182
0.005114
0.005045
0.004976
0.004914
0.004860
0.004808
0.004754
0.004708
0.004682
0.004672
0.004666
0.004661
0.004656
0.004645
0.004611
0.004552
0.004486
0.004432
0.004383
0.004320
0.004235
0.004138
0.004046
0.003965
0.003892
0.003823
0.003760
0.003711
0.003683
0.003672
0.003664
0.003646
0.003618
0.003592
0.003582
0.003592
0.003615
0.003643
0.003675
0.003723
0.003797
0.003897
0.004009
0.004119
0.004222
0.004327
0.004438
0.004553
0.004663
0.004763
0.004847
0.004913
0.004962
0.004999
0.005036
0.005089
0.005171
0.005291
0.005447
0.005624
0.005786
0.005880
0.005863
0.005723
0.005485
0.005189
0.004873
0.004569
0.004304
0.004093
0.003937
0.003822
0.003734
0.003663
0.003608
0.003570
0.003550
0.003542
0.003541
0.003544
0.003553
0.003569
0.003589
0.003611
0.003640
0.003674
0.003709
0.003735
0.003746
0.003740
0.003713
0.003668
0.003610
0.003542
0.003464
0.003379
0.003296
0.003221
0.003152
0.003088
0.003034
0.003001
0.002994
0.003009
0.003028
0.003030
0.003002
0.002955
0.002915
0.002900
0.002907
0.002922
0.002936
0.002945
0.002938
0.002907
0.002862
0.002817
0.002773
0.002718
0.002657
0.002612
0.002594
0.002589
0.002579
0.002561
0.002547
0.002542
0.002549
0.002565
0.002589
0.002611
0.002619
0.002613
0.002599
0.002588
0.002584
0.002590
0.002601
0.002608
0.002606
0.002597
0.002589
0.002589
0.002600
0.002620
0.002641
0.002656
0.002659
0.002653
0.002643
0.002628
0.002613
0.002603
0.002600
0.002601
0.002600
0.002596
0.002587
0.002571
0.002550
0.002535
0.002534
0.002543
0.002550
0.002555
0.002563
0.002569
0.002562
0.002533
0.002492
0.002455
0.002432
0.002426
0.002430
0.002436
0.002430
0.002411
0.002390
0.002384
0.002401
0.002434
0.002472
0.002513
0.002560
0.002608
0.002647
0.002663
0.002660
0.002647
0.002634
0.002623
0.002621
0.002634
0.002664
0.002702
0.002737
0.002766
0.002779
0.002765
0.002720
0.002661
0.002613
0.002584
0.002567
0.002552
0.002544
0.002547
0.002560
0.002578
0.002596
0.002614
0.002632
0.002648
0.002663
0.002683
0.002713
0.002747
0.002775
0.002794
0.002810
0.002830
0.002846
0.002854
0.002871
0.002925
0.003023
0.003140
0.003246
0.003334
0.003405
0.003451
0.003462
0.003443
0.003406
0.003356
0.003289
0.003218
0.003161
0.003127
0.003108
0.003097
0.003092
0.003087
0.003074
0.003058
0.003054
0.003067
0.003083
0.003096
0.003112
0.003135
0.003156
0.003165
0.003167
0.003168
0.003170
0.003172
0.003181
0.003192
0.003189
0.003164
0.003134
0.003123
0.003133
0.003158
0.003199
0.003261
0.003335
0.003401
0.003449
0.003489
0.003530
0.003576
0.003635
0.003709
0.003791
0.003866
0.003931
0.003996
0.004066
0.004133
0.004182
0.004208
0.004205
0.004165
0.004092
0.004000
0.003899
0.003785
0.003654
0.003517
0.003387
0.003274
0.003182
0.003116
0.003078
0.003056
0.003038
0.003025
0.003020
0.003018
0.003007
0.002983
0.002954
0.002929
0.002909
0.002897
0.002904
0.002940
0.002999
0.003063
0.003118
0.003166
0.003222
0.003292
0.003363
0.003421
0.003469
0.003522
0.003585
0.003649
0.003699
0.003731
0.003752
0.003774
0.003802
0.003841
0.003887
0.003935
0.003987
0.004055
0.004145
0.004238
0.004297
0.004295
0.004233
0.004129
0.004006
0.003878
0.003758
0.003660
0.003591
0.003543
0.003499
0.003442
0.003374
0.003305
0.003250
0.003214
0.003196
0.003192
0.003194
0.003190
0.003173
0.003143
0.003112
0.003088
0.003075
0.003071
0.003073
0.003076
0.003078
0.003081
0.003090
0.003107
0.003132
0.003165
0.003205
0.003247
0.003284
0.003303
0.003296
0.003265
0.003228
0.003201
0.003185
0.003168
0.003148
0.003137
0.003147
0.003175
0.003206
0.003231
0.003248
0.003248
0.003220
0.003165
0.003104
0.003058
0.003032
0.003019
0.003011
0.003010
0.003019
0.003040
0.003074
0.003119
0.003163
0.003192
0.003210
0.003239
0.003299
0.003383
0.003469
0.003540
0.003595
0.003630
0.003636
0.003608
0.003561
0.003519
0.003493
0.003474
0.003449
0.003413
0.003371
0.003327
0.003282
0.003237
0.003200
0.003176
0.003169
0.003176
0.003187
0.003191
0.003191
0.003201
0.003232
0.003278
0.003329
0.003384
0.003453
0.003543
0.003649
0.003766
0.003886
0.004002
0.004098
0.004158
0.004177
0.004159
0.004118
0.004075
0.004058
0.004083
0.004144
0.004228
0.004333
0.004464
0.004617
0.004768
0.004894
0.004984
0.005030
0.005031
0.004986
0.004906
0.004800
0.004680
0.004556
0.004443
0.004350
0.004276
0.004214
0.004166
0.004138
0.004128
0.004131
0.004139
0.004148
0.004157
0.004168
0.004188
0.004231
0.004303
0.004404
0.004531
0.004679
0.004834
0.004976
0.005083
0.005144
0.005159
0.005129
0.005052
0.004925
0.004754
0.004560
0.004372
0.004215
0.004092
0.003992
0.003908
0.003848
0.003819
0.003818
0.003827
0.003825
0.003800
0.003751
0.003691
0.003641
0.003618
0.003620
0.003634
0.003650
0.003665
0.003676
0.003680
0.003681
0.003690
0.003710
0.003736
0.003759
0.003782
0.003808
0.003832
0.003850
0.003865
0.003886
0.003910
0.003922
0.003920
0.003916
0.003928
0.003954
0.003985
0.004017
0.004051
0.004085
0.004114
0.004138
0.004162
0.004188
0.004214
0.004240
0.004270
0.004316
0.004388
0.004489
0.004617
0.004764
0.004928
0.005112
0.005332
0.005600
0.005910
0.006235
0.006529
0.006748
0.006864
0.006867
0.006759
0.006560
0.006308
0.006055
0.005835
0.005653
0.005495
0.005355
0.005245
0.005178
0.005153
0.005154
0.005161
0.005168
0.005179
0.005201
0.005232
0.005265
0.005297
0.005336
0.005387
0.005440
0.005484
0.005519
0.005555
0.005595
0.005629
0.005654
0.005679
0.005711
0.005747
0.005783
0.005815
0.005841
0.005859
0.005871
0.005894
0.005935
0.005989
0.006047
0.006111
0.006188
0.006269
0.006332
0.006372
0.006406
0.006450
0.006509
0.006581
0.006669
0.006771
0.006872
0.006957
0.007022
0.007081
0.007146
0.007222
0.007308
0.007405
0.007511
0.007619
0.007727
0.007835
0.007942
0.008052
0.008159
0.008256
0.008337
0.008404
0.008461
0.008512
0.008564
0.008633
0.008729
0.008849
0.008970
0.009078
0.009187
0.009314
0.009458
0.009598
0.009724
0.009844
0.009977
0.010128
0.010291
0.010461
0.010639
0.010831
0.011040
0.011268
0.011509
0.011753
0.011992
0.012231
0.012477
0.012731
0.012981
0.013219
0.013446
0.013671
0.013894
0.014105
0.014305
0.014509
0.014729
0.014963
0.015206
0.015464
0.015759
0.016104
0.016489
0.016898
0.017330
0.017797
0.018302
0.018844
0.019419
0.020026
0.020659
0.021304
0.021951
0.022592
0.023212
0.023788
0.024319
0.024825
0.025336
0.025870
0.026430
0.027025
0.027667
0.028358
0.029092
0.029860
0.030659
0.031489
0.032353
0.033259
0.034210
0.035209
0.036259
0.037358
0.038504
0.039690
0.040911
0.042171
0.043475
0.044822
0.046206
0.047625
0.049071
0.050529
0.051982
0.053434
0.054902
0.056392
0.057889
0.059381
0.060873
0.062376
0.063882
0.065359
0.066769
0.068088
0.069303
0.070418
0.071449
0.072415
0.073318
0.074143
0.074876
0.075514
0.076060
0.076517
0.076885
0.077160
0.077331
0.077372
0.077254
0.076959
0.076490
0.075857
0.075069
0.074136
0.073064
0.071863
0.070550
0.069149
0.067686
0.066172
0.064613
0.063025
0.061434
0.059866
0.058326
0.056807
0.055304
0.053822
0.052368
0.050945
0.049558
0.048218
0.046934
0.045714
0.044554
0.043450
0.042400
0.041404
0.040462
0.039574
0.038741
0.037964
0.037241
0.036559
0.035904
0.035276
0.034687
0.034143
0.033627
0.033108
0.032554
0.031942
0.031247
0.030451
0.029563
0.028625
0.027695
0.026819
0.026024
0.025314
0.024672
0.024063
0.023454
0.022829
0.022189
0.021539
0.020890
0.020258
0.019663
0.019119
0.018631
0.018194
0.017794
0.017412
0.017039
0.016672
0.016321
0.015994
0.015695
0.015421
0.015165
0.014922
0.014697
0.014499
0.014332
0.014192
0.014080
0.014001
0.013952
0.013921
0.013890
0.013863
0.013850
0.013855
0.013869
0.013884
0.013902
0.013924
0.013943
0.013946
0.013926
0.013878
0.013797
0.013683
0.013543
0.013387
0.013219
0.013040
0.012852
0.012659
0.012462
0.012257
0.012043
0.011814
0.011568
0.011309
0.011056
0.010822
0.010617
0.010437
0.010281
0.010147
0.010029
0.009920
0.009819
0.009732
0.009667
0.009624
0.009601
0.009592
0.009598
0.009623
0.009674
0.009756
0.009867
0.009995
0.010119
0.010216
0.010264
0.010251
0.010184
0.010088
0.009988
0.009892
0.009799
0.009700
0.009592
0.009462
0.009298
0.009099
0.008878
0.008652
0.008435
0.008237
0.008073
0.007949
0.007852
0.007759
0.007654
0.007541
0.007426
0.007315
0.007215
0.007140
0.007099
0.007077
0.007058
0.007037
0.007028
0.007038
0.007066
0.007104
0.007145
0.007185
0.007228
0.007289
0.007384
0.007510
0.007647
0.007767
0.007853
0.007893
0.007875
0.007795
0.007666
0.007509
0.007345
0.007192
0.007064
0.006967
0.006893
0.006827
0.006764
0.006711
0.006682
0.006685
0.006710
0.006731
0.006728
0.006699
0.006655
0.006608
0.006557
0.006501
0.006449
0.006411
0.006387
0.006369
0.006354
0.006344
0.006337
0.006324
0.006303
0.006281
0.006271
0.006275
0.006286
0.006296
0.006301
0.006299
0.006293
0.006290
0.006297
0.006313
0.006338
0.006375
0.006425
0.006481
0.006538
0.006592
0.006649
0.006711
0.006768
0.006804
0.006803
0.006768
0.006721
0.006692
0.006689
0.006698
0.006697
0.006678
0.006658
0.006656
0.006674
0.006699
0.006718
0.006723
0.006723
0.006722
0.006721
0.006717
0.006708
0.006697
0.006692
0.006700
0.006725
0.006763
0.006803
0.006834
0.006850
0.006853
0.006844
0.006822
0.006792
0.006772
0.006773
0.006791
0.006802
0.006797
0.006789
0.006801
0.006843
0.006903
0.006971
0.007052
0.007162
0.007313
0.007504
0.007733
0.007984
0.008225
0.008405
0.008487
0.008464
0.008357
0.008192
0.007995
0.007795
0.007617
0.007477
0.007373
0.007298
0.007247
0.007219
0.007214
0.007227
0.007249
0.007270
0.007290
0.007316
0.007358
0.007410
0.007457
0.007486
0.007502
0.007520
0.007550
0.007595
0.007649
0.007709
0.007782
0.007886
0.008037
0.008241
0.008493
0.008789
0.009133
0.009522
0.009940
0.010346
0.010695
0.010941
0.011058
0.011044
0.010928
0.010748
0.010541
0.010328
0.010124
0.009939
0.009779
0.009650
0.009555
0.009497
0.009476
0.009496
0.009560
0.009659
0.009774
0.009886
0.009986
0.010073
0.010146
0.010196
0.010217
0.010203
0.010153
0.010063
0.009937
0.009789
0.009640
0.009506
0.009393
0.009297
0.009213
0.009146
0.009106
0.009097
0.009110
0.009137
0.009176
0.009230
0.009295
0.009357
0.009413
0.009469
0.009537
0.009623
0.009734
0.009878
0.010052
0.010238
0.010408
0.010550
0.010665
0.010755
0.010818
0.010847
0.010847
0.010828
0.010810
0.010807
0.010824
0.010847
0.010864
0.010873
0.010887
0.010917
0.010966
0.011038
0.011138
0.011263
0.011398
0.011533
0.011669
0.011808
0.011934
0.012028
0.012083
0.012105
0.012087
0.012009
0.011862
0.011671
0.011472
0.011282
0.011098
0.010918
0.010750
0.010611
0.010511
0.010454
0.010433
0.010438
0.010459
0.010498
0.010562
0.010645
0.010730
0.010806
0.010879
0.010964
0.011062
0.011160
0.011246
0.011312
0.011357
0.011380
0.011380
0.011362
0.011338
0.011318
0.011306
0.011300
0.011302
0.011318
0.011354
0.011411
0.011477
0.011539
0.011589
0.011631
0.011671
0.011716
0.011774
0.011844
0.011919
0.011991
0.012057
0.012119
0.012171
0.012210
0.012246
0.012294
0.012355
0.012414
0.012457
0.012484
0.012510
0.012550
0.012615
0.012717
0.012857
0.013024
0.013196
0.013355
0.013488
0.013586
0.013650
0.013689
0.013720
0.013753
0.013784
0.013812
0.013843
0.013886
0.013948
0.014035
0.014150
0.014290
0.014436
0.014565
0.014666
0.014758
0.014861
0.014978
0.015087
0.015163
0.015202
0.015222
0.015241
0.015267
0.015292
0.015314
0.015343
0.015388
0.015448
0.015509
0.015562
0.015606
0.015654
0.015711
0.015776
0.015847
0.015924
0.016012
0.016108
0.016206
0.016290
0.016356
0.016417
0.016491
0.016588
0.016697
0.016808
0.016925
0.017051
0.017179
0.017286
0.017361
0.017412
0.017455
0.017499
0.017544
0.017599
0.017680
0.017788
0.017908
0.018019
0.018110
0.018183
0.018247
0.018304
0.018356
0.018400
0.018436
0.018468
0.018500
0.018530
0.018559
0.018593
0.018645
0.018720
0.018812
0.018907
0.018997
0.019080
0.019164
0.019253
0.019355
0.019472
0.019602
0.019730
0.019843
0.019937
0.020023
0.020113
0.020209
0.020310
0.020423
0.020560
0.020722
0.020896
0.021058
0.021189
0.021284
0.021347
0.021392
0.021434
0.021482
0.021541
0.021611
0.021692
0.021775
0.021853
0.021928
0.022018
0.022140
0.022290
0.022450
0.022605
0.022758
0.022914
0.023065
0.023205
0.023333
0.023461
0.023603
0.023767
0.023947
0.024129
0.024304
0.024469
0.024628
0.024787
0.024949
0.025113
0.025277
0.025437
0.025596
0.025763
0.025939
0.026115
0.026276
0.026419
0.026560
0.026711
0.026868
0.027015
0.027147
0.027276
0.027420
0.027582
0.027757
0.027935
0.028108
0.028269
0.028412
0.028543
0.028684
0.028853
0.029047
0.029248
0.029439
0.029617
0.029789
0.029957
0.030127
0.030309
0.030511
0.030725
0.030939
0.031152
0.031377
0.031618
0.031860
0.032092
0.032315
0.032544
0.032782
0.033017
0.033236
0.033438
0.033637
0.033849
0.034077
0.034315
0.034562
0.034823
0.035102
0.035396
0.035699
0.036028
0.036418
0.036894
0.037461
0.038117
0.038860
0.039680
0.040539
0.041371
0.042105
0.042675
0.043020
0.043108
0.042968
0.042678
0.042326
0.041977
0.041667
0.041427
0.041283
0.041242
0.041285
0.041387
0.041529
0.041706
0.041916
0.042155
0.042424
0.042724
0.043053
0.043394
0.043733
0.044073
0.044434
0.044838
0.045299
0.045830
0.046439
0.047130
0.047898
0.048740
0.049662
0.050656
0.051677
0.052645
0.053474
0.054100
0.054492
0.054658
0.054644
0.054525
0.054375
0.054249
0.054176
0.054162
0.054198
0.054275
0.054395
0.054566
0.054788
0.055048
0.055326
0.055615
0.055922
0.056257
0.056626
0.057019
0.057414
0.057796
0.058166
0.058527
0.058871
0.059182
0.059458
0.059716
0.059983
0.060270
0.060575
0.060895
0.061227
0.061579
0.061964
0.062391
0.062850
0.063314
0.063767
0.064211
0.064654
0.065094
0.065530
0.065971
0.066428
0.066895
0.067355
0.067807
0.068265
0.068738
0.069229
0.069735
0.070254
0.070779
0.071303
0.071829
0.072374
0.072950
0.073549
0.074161
0.074784
0.075416
0.076048
0.076674
0.077300
0.077938
0.078581
0.079205
0.079788
0.080328
0.080840
0.081341
0.081844
0.082358
0.082884
0.083419
0.083964
0.084531
0.085134
0.085780
0.086463
0.087171
0.087887
0.088582
0.089224
0.089798
0.090323
0.090836
0.091364
0.091915
0.092482
0.093060
0.093641
0.094215
0.094765
0.095278
0.095751
0.096195
0.096633
0.097083
0.097551
0.098028
0.098504
0.098978
0.099457
0.099942
0.100423
0.100892
0.101353
0.101815
0.102283
0.102760
0.103246
0.103738
0.104234
0.104733
0.105237
0.105745
0.106253
0.106754
0.107243
0.107715
0.108167
0.108604
0.109029
0.109439
0.109828
0.110200
0.110561
0.110917
0.111264
0.111600
0.111926
0.112248
0.112569
0.112889
0.113209
0.113532
0.113861
0.114191
0.114519
0.114854
0.115206
0.115589
0.116010
0.116470
0.116973
0.117532
0.118144
0.118764
0.119298
0.119639
0.119729
0.119579
0.119261
0.118861
0.118452
0.118087
0.117795
0.117580
0.117430
0.117322
0.117240
0.117183
0.117151
0.117128
0.117083
0.116991
0.116854
0.116685
0.116497
0.116287
0.116058
0.115819
0.115580
0.115342
0.115107
0.114879
0.114660
0.114443
0.114225
0.114009
0.113809
0.113636
0.113499
0.113401
0.113344
0.113326
0.113347
0.113415
0.113515
0.113589
0.113543
0.113294
0.112812
0.112133
0.111331
0.110491
0.109675
0.108922
0.108239
0.107618
0.107042
0.106488
0.105938
0.105385
0.104830
0.104274
0.103716
0.103162
0.102614
0.102063
0.101491
0.100891
0.100279
0.099673
0.099078
0.098485
0.097898
0.097335
0.096805
0.096304
0.095820
0.095346
0.094882
0.094426
0.093982
0.093546
0.093099
0.092613
0.092068
0.091467
0.090825
0.090152
0.089457
0.088757
0.088072
0.087417
0.086798
0.086219
0.085678
0.085168
0.084680
0.084205
0.083731
0.083255
0.082779
0.082308
0.081842
0.081379
0.080920
0.080474
0.080039
0.079592
0.079102
0.078560
0.077980
0.077393
0.076829
0.076313
0.075851
0.075437
0.075063
0.074736
0.074468
0.074264
0.074121
0.074044
0.074049
0.074138
0.074275
0.074397
0.074437
0.074339
0.074055
0.073550
0.072816
0.071879
0.070793
0.069631
0.068468
0.067362
0.066338
0.065388
0.064498
0.063667
0.062909
0.062234
0.061639
0.061113
0.060649
0.060243
0.059882
0.059553
0.059257
0.059013
0.058836
0.058737
0.058722
0.058806
0.058989
0.059233
0.059464
0.059599
0.059564
0.059309
0.058813
0.058093
0.057199
0.056196
0.055152
0.054131
0.053181
0.052321
0.051544
0.050838
0.050197
0.049612
0.049068
0.048552
0.048061
0.047599
0.047161
0.046736
0.046318
0.045912
0.045526
0.045166
0.044830
0.044507
0.044190
0.043875
0.043567
0.043275
0.043002
0.042744
0.042495
0.042248
0.041994
0.041728
0.041452
0.041172
0.040892
0.040611
0.040321
0.040014
0.039700
0.039396
0.039114
0.038850
0.038593
0.038341
0.038103
0.037880
0.037664
0.037451
0.037240
0.037025
0.036792
0.036537
0.036273
0.036016
0.035773
0.035536
0.035304
0.035078
0.034864
0.034662
0.034471
0.034290
0.034115
0.033938
0.033745
0.033527
0.033290
0.033053
0.032842
0.032669
0.032529
0.032408
0.032288
0.032156
0.032004
0.031845
0.031706
0.031596
0.031499
0.031390
0.031264
0.031131
0.030996
0.030859
0.030721
0.030589
0.030465
0.030347
0.030228
0.030104
0.029972
0.029838
0.029723
0.029645
0.029603
0.029573
0.029535
0.029491
0.029453
0.029419
0.029379
0.029333
0.029295
0.029276
0.029267
0.029254
0.029232
0.029221
0.029239
0.029278
0.029315
0.029340
0.029362
0.029394
0.029436
0.029486
0.029536
0.029574
0.029588
0.029582
0.029582
0.029609
0.029667
0.029755
0.029890
0.030094
0.030384
0.030779
0.031317
0.032040
0.032983
0.034188
0.035688
0.037427
0.039213
0.040799
0.042041
0.042987
0.043832
0.044828
0.046160
0.047801
0.049403
0.050421
0.050435
0.049425
0.047736
0.045819
0.044006
0.042436
0.041051
0.039660
0.038058
0.036172
0.034093
0.031987
0.029991
0.028192
0.026644
0.025360
0.024305
0.023426
0.022694
0.022089
0.021585
0.021153
0.020777
0.020453
0.020171
0.019918
0.019697
0.019522
0.019394
0.019298
0.019207
0.019104
0.018981
0.018837
0.018682
0.018525
0.018368
0.018216
0.018080
0.017974
0.017900
0.017842
0.017775
0.017691
0.017590
0.017478
0.017350
0.017202
0.017030
0.016846
0.016670
0.016519
0.016398
0.016307
0.016240
0.016188
0.016133
0.016063
0.015987
0.015924
0.015881
0.015847
0.015807
0.015762
0.015723
0.015692
0.015649
0.015582
0.015497
0.015420
0.015367
0.015332
0.015298
0.015254
0.015199
0.015147
0.015111
0.015096
0.015091
0.015081
0.015054
0.015010
0.014947
0.014859
0.014745
0.014615
0.014480
0.014345
0.014220
0.014127
0.014079
0.014059
0.014038
0.014005
0.013968
0.013927
0.013865
0.013776
0.013669
0.013561
0.013454
0.013350
0.013261
0.013199
0.013152
0.013098
0.013025
0.012938
0.012838
0.012721
0.012595
0.012479
0.012389
0.012316
0.012247
0.012181
0.012130
0.012102
0.012092
0.012090
0.012091
0.012094
0.012098
0.012101
0.012100
0.012092
0.012068
0.012022
0.011957
0.011885
0.011814
0.011742
0.011665
0.011590
0.011521
0.011457
0.011387
0.011316
0.011263
0.011242
0.011243
0.011242
0.011223
0.011180
0.011115
0.011032
0.010944
0.010865
0.010805
0.010759
0.010716
0.010663
0.010598
0.010526
0.010461
0.010406
0.010356
0.010300
0.010242
0.010194
0.010164
0.010148
0.010132
0.010107
0.010074
0.010038
0.010008
0.009989
0.009986
0.009998
0.010019
0.010043
0.010062
0.010071
0.010069
0.010054
0.010016
0.009950
0.009862
0.009768
0.009679
0.009598
0.009531
0.009486
0.009466
0.009460
0.009459
0.009464
0.009480
0.009504
0.009532
0.009561
0.009590
0.009614
0.009634
0.009658
0.009699
0.009758
0.009818
0.009862
0.009880
0.009873
0.009841
0.009783
0.009696
0.009580
0.009444
0.009310
0.009200
0.009123
0.009070
0.009029
0.008991
0.008950
0.008901
0.008847
0.008794
0.008743
0.008686
0.008620
0.008561
0.008530
0.008535
0.008563
0.008600
0.008644
0.008703
0.008774
0.008845
0.008901
0.008935
0.008943
0.008927
0.008895
0.008848
0.008784
0.008703
0.008619
0.008548
0.008492
0.008433
0.008363
0.008301
0.008279
0.008315
0.008391
0.008471
0.008529
0.008557
0.008568
0.008587
0.008637
0.008727
0.008855
0.009004
0.009146
0.009253
0.009306
0.009307
0.009265
0.009195
0.009112
0.009035
0.008987
0.008977
0.008996
0.009016
0.009013
0.008972
0.008899
0.008811
0.008731
0.008679
0.008657
0.008662
0.008687
0.008727
0.008782
0.008844
0.008898
0.008931
0.008944
0.008951
0.008964
0.008986
0.009015
0.009056
0.009100
0.009128
0.009120
0.009072
0.008999
0.008922
0.008854
0.008802
0.008766
0.008738
0.008711
0.008687
0.008666
0.008638
0.008585
0.008508
0.008437
0.008406
0.008416
0.008447
0.008483
0.008521
0.008553
0.008563
0.008541
0.008501
0.008462
0.008428
0.008386
0.008333
0.008279
0.008233
0.008187
0.008132
0.008068
0.008000
0.007926
0.007842
0.007753
0.007675
0.007619
0.007584
0.007557
0.007529
0.007503
0.007484
0.007479
0.007485
0.007493
0.007492
0.007479
0.007454
0.007417
0.007368
0.007317
0.007282
0.007278
0.007299
0.007323
0.007337
0.007343
0.007348
0.007356
0.007363
0.007363
0.007351
0.007327
0.007297
0.007269
0.007244
0.007225
0.007213
0.007212
0.007220
0.007232
0.007244
0.007260
0.007286
0.007322
0.007364
0.007400
0.007415
0.007396
0.007346
0.007284
0.007234
0.007210
0.007210
0.007227
0.007248
0.007270
0.007297
0.007340
0.007394
0.007443
0.007472
0.007480
0.007474
0.007447
0.007394
0.007324
0.007262
0.007224
0.007203
0.007189
0.007184
0.007201
0.007241
0.007290
0.007325
0.007329
0.007302
0.007261
0.007237
0.007249
0.007293
0.007355
0.007431
0.007525
0.007632
0.007734
0.007814
0.007869
0.007909
0.007933
0.007937
0.007914
0.007869
0.007813
0.007754
0.007706
0.007677
0.007669
0.007673
0.007676
0.007673
0.007669
0.007670
0.007671
0.007667
0.007656
0.007653
0.007671
0.007708
0.007744
0.007762
0.007760
0.007750
0.007743
0.007743
0.007756
0.007794
0.007863
0.007950
0.008025
0.008062
0.008056
0.008016
0.007961
0.007906
0.007866
0.007843
0.007836
0.007839
0.007845
0.007846
0.007835
0.007818
0.007810
0.007826
0.007866
0.007917
0.007965
0.008003
0.008031
0.008048
0.008057
0.008060
0.008063
0.008066
0.008067
0.008068
0.008073
0.008084
0.008099
0.008114
0.008128
0.008141
0.008143
0.008128
0.008094
0.008048
0.007994
0.007937
0.007877
0.007819
0.007764
0.007712
0.007663
0.007617
0.007568
0.007506
0.007431
0.007356
0.007301
0.007276
0.007274
0.007284
0.007300
0.007329
0.007378
0.007445
0.007519
0.007589
0.007657
0.007726
0.007791
0.007842
0.007867
0.007859
0.007817
0.007747
0.007669
0.007606
0.007569
0.007554
0.007550
0.007556
0.007579
0.007626
0.007696
0.007787
0.007891
0.007997
0.008086
0.008143
0.008159
0.008132
0.008061
0.007953
0.007830
0.007714
0.007625
0.007563
0.007518
0.007478
0.007435
0.007389
0.007355
0.007353
0.007395
0.007464
0.007524
0.007535
0.007484
0.007380
0.007247
0.007109
0.006990
0.006908
0.006865
0.006846
0.006828
0.006797
0.006748
0.006685
0.006615
0.006550
0.006497
0.006456
0.006418
0.006380
0.006348
0.006325
0.006313
0.006313
0.006324
0.006334
0.006331
0.006312
0.006280
0.006236
0.006181
0.006125
0.006077
0.006033
0.005977
0.005905
0.005839
0.005798
0.005783
0.005785
0.005796
0.005807
0.005802
0.005773
0.005736
0.005713
0.005708
0.005711
0.005717
0.005725
0.005734
0.005741
0.005753
0.005780
0.005820
0.005854
0.005872
0.005878
0.005882
0.005888
0.005903
0.005936
0.005985
0.006033
0.006073
0.006117
0.006187
0.006280
0.006370
0.006441
0.006498
0.006559
0.006627
0.006693
0.006750
0.006799
0.006843
0.006884
0.006921
0.006958
0.006996
0.007027
0.007039
0.007028
0.007005
0.006984
0.006974
0.006976
0.006981
0.006980
0.006967
0.006948
0.006934
0.006934
0.006948
0.006968
0.006990
0.007020
0.007065
0.007129
0.007214
0.007319
0.007446
0.007598
0.007776
0.007976
0.008193
0.008424
0.008669
0.008924
0.009182
0.009434
0.009677
0.009905
0.010112
0.010300
0.010480
0.010661
0.010832
0.010973
0.011068
0.011118
0.011127
0.011091
0.011004
0.010860
0.010647
0.010367
0.010042
0.009715
0.009418
0.009157
0.008914
0.008669
0.008417
0.008164
0.007921
0.007706
0.007530
0.007394
0.007288
0.007199
0.007116
0.007035
0.006962
0.006912
0.006892
0.006897
0.006910
0.006920
0.006922
0.006914
0.006893
0.006856
0.006808
0.006761
0.006728
0.006708
0.006692
0.006668
0.006631
0.006589
0.006554
0.006540
0.006554
0.006597
0.006661
0.006734
0.006801
0.006853
0.006880
0.006886
0.006888
0.006906
0.006939
0.006971
0.006990
0.006997
0.006998
0.006989
0.006956
0.006897
0.006814
0.006718
0.006621
0.006539
0.006480
0.006444
0.006432
0.006454
0.006516
0.006606
0.006699
0.006778
0.006834
0.006864
0.006869
0.006869
0.006885
0.006930
0.006995
0.007070
0.007148
0.007227
0.007306
0.007392
0.007491
0.007596
0.007686
0.007744
0.007776
0.007797
0.007815
0.007820
0.007801
0.007754
0.007691
0.007624
0.007564
0.007514
0.007467
0.007416
0.007353
0.007281
0.007215
0.007176
0.007173
0.007192
0.007210
0.007209
0.007183
0.007127
0.007043
0.006945
0.006859
0.006798
0.006764
0.006758
0.006784
0.006836
0.006895
0.006940
0.006964
0.006972
0.006966
0.006944
0.006905
0.006851
0.006786
0.006714
0.006639
0.006567
0.006506
0.006464
0.006447
0.006450
0.006462
0.006482
0.006516
0.006562
0.006600
0.006620
0.006634
0.006667
0.006729
0.006806
0.006888
0.006975
0.007080
0.007210
0.007371
0.007571
0.007811
0.008076
0.008334
0.008553
0.008716
0.008827
0.008900
0.008944
0.008958
0.008947
0.008929
0.008922
0.008924
0.008919
0.008902
0.008895
0.008931
0.009036
0.009225
0.009509
0.009883
0.010321
0.010782
0.011227
0.011641
0.012016
0.012340
0.012573
0.012669
0.012602
0.012378
0.012032
0.011613
0.011179
0.010777
0.010436
0.010158
0.009943
0.009797
0.009740
0.009784
0.009929
0.010170
0.010487
0.010849
0.011219
0.011563
0.011869
0.012144
0.012411
0.012693
0.012980
0.013215
0.013317
0.013240
0.013008
0.012694
0.012364
0.012053
0.011763
0.011488
0.011231
0.011006
0.010829
0.010702
0.010601
0.010492
0.010354
0.010193
0.010037
0.009915
0.009860
0.009905
0.010072
0.010352
0.010703
0.011069
0.011399
0.011665
0.011861
0.012004
0.012125
0.012245
0.012360
0.012446
0.012495
0.012519
0.012529
0.012515
0.012458
0.012348
0.012194
0.011998
0.011754
0.011468
0.011169
0.010905
0.010709
0.010600
0.010585
0.010659
0.010808
0.010998
0.011190
0.011343
0.011424
0.011419
0.011341
0.011229
0.011118
0.011023
0.010939
0.010859
0.010778
0.010692
0.010600
0.010509
0.010445
0.010433
0.010494
0.010633
0.010843
0.011100
0.011363
0.011584
0.011732
0.011797
0.011769
0.011635
0.011398
0.011091
0.010758
0.010427
0.010104
0.009790
0.009494
0.009225
0.008987
0.008779
0.008602
0.008458
0.008343
0.008242
0.008139
0.008030
0.007935
0.007882
0.007885
0.007932
0.008006
0.008107
0.008248
0.008436
0.008664
0.008927
0.009232
0.009584
0.009977
0.010399
0.010844
0.011303
0.011752
0.012165
0.012531
0.012851
0.013127
0.013356
0.013543
0.013710
0.013880
0.014057
0.014231
0.014386
0.014507
0.014585
0.014614
0.014605
0.014582
0.014575
0.014595
0.014634
0.014675
0.014713
0.014752
0.014799
0.014858
0.014929
0.015017
0.015121
0.015243
0.015382
0.015535
0.015694
0.015856
0.016032
0.016252
0.016532
0.016861
0.017207
0.017542
0.017859
0.018166
0.018477
0.018809
0.019186
0.019627
0.020137
0.020706
0.021316
0.021957
0.022628
0.023329
0.024061
0.024829
0.025646
0.026527
0.027483
0.028519
0.029642
0.030863
0.032196
0.033659
0.035275
0.037060
0.039014
0.041127
0.043403
0.045855
0.048492
0.051302
0.054271
0.057414
0.060772
0.064387
0.068294
0.072526
0.077115
0.082083
0.087430
0.093161
0.099303
0.105905
0.113026
0.120720
0.129044
0.138054
0.147810
0.158378
0.169837
0.182280
0.195807
0.210526
0.226559
0.244042
0.263115
0.283912
0.306537
0.331031
0.357334
0.385240
0.414354
0.444041
0.473394
0.501231
0.526129
0.546527
0.560899
0.567972
0.566941
0.557605
0.540406
0.516360
0.486909
0.453715
0.418449
0.382622
0.347480
0.313950
0.282646
0.253902
0.227848
0.204461
0.183610
0.165092
0.148673
0.134123
0.121235
0.109817
0.099682
0.090654
0.082583
0.075357
0.068893
0.063115
0.057950
0.053334
0.049215
0.045547
0.042277
0.039344
0.036703
0.034325
0.032190
0.030271
0.028539
0.026960
0.025503
0.024140
0.022856
0.021656
0.020547
0.019534
0.018618
0.017790
0.017029
0.016304
0.015600
0.014930
0.014320
0.013776
0.013271
0.012776
0.012290
0.011830
0.011410
0.011017
0.010636
0.010265
0.009922
0.009627
0.009372
0.009131
0.008881
0.008627
0.008388
0.008172
0.007973
0.007794
0.007654
0.007565
0.007513
0.007474
0.007436
0.007407
0.007390
0.007376
0.007351
0.007304
0.007226
0.007110
0.006966
0.006816
0.006682
0.006563
0.006449
0.006340
0.006244
0.006172
0.006126
0.006094
0.006065
0.006039
0.006025
0.006038
0.006073
0.006115
0.006149
0.006180
0.006219
0.006269
0.006320
0.006364
0.006399
0.006426
0.006439
0.006428
0.006382
0.006302
0.006199
0.006084
0.005960
0.005823
0.005676
0.005531
0.005398
0.005282
0.005183
0.005102
0.005039
0.004989
0.004953
0.004937
0.004950
0.004989
0.005041
0.005093
0.005133
0.005147
0.005117
0.005037
0.004922
0.004796
0.004671
0.004547
0.004425
0.004311
0.004217
0.004143
0.004084
0.004031
0.003978
0.003925
0.003873
0.003828
0.003799
0.003796
0.003823
0.003877
0.003952
0.004037
0.004116
0.004179
0.004220
0.004247
0.004270
0.004293
0.004314
0.004332
0.004345
0.004352
0.004354
0.004370
0.004425
0.004531
0.004683
0.004860
0.005051
0.005254
0.005466
0.005668
0.005837
0.005950
0.006004
0.006009
0.005988
0.005967
0.005966
0.006006
0.006102
0.006266
0.006507
0.006827
0.007226
0.007684
0.008172
0.008653
0.009099
0.009488
0.009801
0.010015
0.010113
0.010087
0.009942
0.009686
0.009333
0.008903
0.008427
0.007942
0.007478
0.007055
0.006687
0.006387
0.006158
0.005991
0.005871
0.005788
0.005740
0.005720
0.005717
0.005709
0.005675
0.005602
0.005487
0.005342
0.005175
0.004994
0.004806
0.004628
0.004480
0.004370
0.004294
0.004242
0.004210
0.004190
0.004181
0.004193
0.004247
0.004352
0.004505
0.004705
0.004960
0.005284
0.005684
0.006155
0.006677
0.007196
0.007630
0.007899
0.007971
0.007860
0.007597
0.007226
0.006812
0.006418
0.006082
0.005804
0.005575
0.005384
0.005216
0.005046
0.004865
0.004691
0.004548
0.004447
0.004382
0.004357
0.004376
0.004434
0.004513
0.004604
0.004708
0.004819
0.004916
0.004978
0.004996
0.004969
0.004906
0.004829
0.004775
0.004772
0.004823
0.004922
0.005067
0.005271
0.005537
0.005842
0.006140
0.006366
0.006462
0.006402
0.006206
0.005926
0.005623
0.005332
0.005059
0.004795
0.004543
0.004331
0.004190
0.004125
0.004102
0.004081
0.004050
0.004019
0.003993
0.003962
0.003923
0.003889
0.003876
0.003887
0.003912
0.003947
0.003989
0.004033
0.004070
0.004103
0.004139
0.004177
0.004206
0.004219
0.004221
0.004221
0.004220
0.004216
0.004209
0.004203
0.004199
0.004193
0.004184
0.004177
0.004179
0.004200
0.004245
0.004310
0.004387
0.004473
0.004571
0.004684
0.004810
0.004939
0.005059
0.005153
0.005208
0.005219
0.005198
0.005167
0.005143
0.005136
0.005144
0.005154
0.005153
0.005135
0.005102
0.005062
0.005019
0.004982
0.004963
0.004966
0.004989
0.005028
0.005082
0.005159
0.005261
0.005386
0.005525
0.005659
0.005763
0.005825
0.005850
0.005845
0.005808
0.005738
0.005654
0.005578
0.005525
0.005495
0.005494
0.005528
0.005593
0.005677
0.005775
0.005887
0.006006
0.006113
0.006198
0.006266
0.006315
0.006332
0.006310
0.006257
0.006187
0.006102
0.005998
0.005892
0.005814
0.005776
0.005780
0.005822
0.005904
0.006012
0.006120
0.006208
0.006276
0.006335
0.006397
0.006475
0.006569
0.006666
0.006747
0.006808
0.006867
0.006950
0.007068
0.007223
0.007416
0.007651
0.007929
0.008258
0.008650
0.009106
0.009608
0.010130
0.010657
0.011189
0.011731
0.012292
0.012904
0.013630
0.014550
0.015733
0.017213
0.018974
0.020940
0.022975
0.024892
0.026486
0.027584
0.028092
0.028012
0.027432
0.026508
0.025438
0.024440
0.023712
0.023389
0.023526
0.024115
0.025099
0.026377
0.027801
0.029209
0.030459
0.031459
0.032157
0.032517
0.032501
0.032080
0.031263
0.030120
0.028786
0.027447
0.026302
0.025536
0.025282
0.025594
0.026425
0.027626
0.028972
0.030192
0.031006
0.031171
0.030546
0.029140
0.027113
0.024714
0.022200
0.019792
0.017650
0.015868
0.014475
0.013466
0.012824
0.012524
0.012528
0.012775
0.013195
0.013706
0.014209
0.014595
0.014771
0.014681
0.014312
0.013686
0.012860
0.011918
0.010953
0.010041
0.009233
0.008555
0.008014
0.007590
0.007249
0.006953
0.006681
0.006429
0.006207
0.006025
0.005877
0.005754
0.005649
0.005571
0.005527
0.005508
0.005498
0.005492
0.005495
0.005507
0.005515
0.005508
0.005487
0.005464
0.005446
0.005437
0.005443
0.005471
0.005516
0.005567
0.005619
0.005674
0.005732
0.005790
0.005845
0.005897
0.005949
0.005996
0.006035
0.006067
0.006096
0.006124
0.006148
0.006158
0.006140
0.006088
0.006015
0.005939
0.005871
0.005810
0.005756
0.005709
0.005665
0.005622
0.005585
0.005563
0.005555
0.005554
0.005562
0.005596
0.005672
0.005794
0.005963
0.006183
0.006463
0.006808
0.007225
0.007737
0.008358
0.009071
0.009820
0.010540
0.011163
0.011618
0.011839
0.011793
0.011501
0.011023
0.010440
0.009838
0.009289
0.008848
0.008542
0.008389
0.008396
0.008563
0.008892
0.009406
0.010146
0.011147
0.012416
0.013936
0.015670
0.017533
0.019370
0.020964
0.022081
0.022536
0.022245
0.021261
0.019767
0.018008
0.016207
0.014528
0.013080
0.011926
0.011084
0.010535
0.010256
0.010240
0.010500
0.011048
0.011889
0.012998
0.014283
0.015567
0.016622
0.017241
0.017305
0.016809
0.015851
0.014595
0.013224
0.011888
0.010688
0.009673
0.008855
0.008213
0.007711
0.007312
0.006994
0.006753
0.006592
0.006516
0.006527
0.006633
0.006846
0.007176
0.007634
0.008205
0.008826
0.009397
0.009831
0.010108
0.010273
0.010397
0.010538
0.010740
0.011017
0.011324
0.011557
0.011605
0.011429
0.011069
0.010596
0.010062
0.009506
0.008967
0.008478
0.008054
0.007694
0.007399
0.007163
0.006973
0.006811
0.006666
0.006529
0.006400
0.006287
0.006202
0.006147
0.006100
0.006031
0.005931
0.005811
0.005681
0.005547
0.005416
0.005304
0.005224
0.005177
0.005159
0.005170
0.005217
0.005301
0.005411
0.005531
0.005644
0.005747
0.005836
0.005905
0.005946
0.005961
0.005962
0.005958
0.005947
0.005919
0.005877
0.005837
0.005810
0.005795
0.005781
0.005763
0.005741
0.005713
0.005671
0.005612
0.005546
0.005494
0.005466
0.005450
0.005415
0.005341
0.005235
0.005122
0.005022
0.004940
0.004866
0.004791
0.004710
0.004634
0.004577
0.004551
0.004552
0.004566
0.004578
0.004578
0.004567
0.004559
0.004569
0.004605
0.004666
0.004756
0.004879
0.005030
0.005180
0.005297
0.005364
0.005374
0.005323
0.005212
0.005063
0.004905
0.004752
0.004607
0.004478
0.004385
0.004331
0.004295
0.004249
0.004189
0.004137
0.004108
0.004098
0.004099
0.004107
0.004124
0.004148
0.004171
0.004192
0.004216
0.004259
0.004331
0.004435
0.004563
0.004704
0.004849
0.004989
0.005117
0.005235
0.005353
0.005478
0.005603
0.005710
0.005790
0.005838
0.005860
0.005864
0.005854
0.005831
0.005784
0.005707
0.005610
0.005514
0.005434
0.005373
0.005327
0.005298
0.005290
0.005301
0.005325
0.005356
0.005388
0.005411
0.005419
0.005414
0.005400
0.005381
0.005355
0.005320
0.005284
0.005251
0.005219
0.005191
0.005169
0.005159
0.005164
0.005184
0.005230
0.005310
0.005425
0.005562
0.005709
0.005860
0.006016
0.006173
0.006330
0.006478
0.006603
0.006692
0.006745
0.006782
0.006831
0.006905
0.007005
0.007136
0.007315
0.007552
0.007844
0.008173
0.008516
0.008852
0.009161
0.009427
0.009647
0.009816
0.009931
0.009992
0.010004
0.009978
0.009924
0.009839
0.009716
0.009548
0.009333
0.009071
0.008771
0.008442
0.008096
0.007748
0.007421
0.007134
0.006889
0.006681
0.006502
0.006355
0.006250
0.006186
0.006150
0.006131
0.006130
0.006157
0.006220
0.006313
0.006420
0.006526
0.006618
0.006691
0.006744
0.006779
0.006800
0.006812
0.006825
0.006841
0.006860
0.006886
0.006927
0.006985
0.007052
0.007105
0.007128
0.007119
0.007079
0.007009
0.006910
0.006793
0.006673
0.006561
0.006457
0.006356
0.006248
0.006132
0.006011
0.005893
0.005784
0.005692
0.005625
0.005590
0.005580
0.005577
0.005561
0.005526
0.005476
0.005411
0.005336
0.005266
0.005218
0.005195
0.005184
0.005183
0.005201
0.005244
0.005300
0.005358
0.005419
0.005483
0.005539
0.005574
0.005593
0.005613
0.005637
0.005656
0.005663
0.005666
0.005680
0.005717
0.005783
0.005881
0.006003
0.006130
0.006236
0.006304
0.006326
0.006307
0.006257
0.006192
0.006115
0.006024
0.005924
0.005831
0.005760
0.005709
0.005665
0.005624
0.005588
0.005559
0.005542
0.005537
0.005546
0.005565
0.005594
0.005643
0.005718
0.005808
0.005887
0.005940
0.005972
0.005998
0.006026
0.006060
0.006102
0.006146
0.006179
0.006195
0.006214
0.006263
0.006352
0.006472
0.006606
0.006749
0.006889
0.007011
0.007099
0.007157
0.007197
0.007224
0.007235
0.007226
0.007202
0.007173
0.007155
0.007162
0.007208
0.007305
0.007466
0.007709
0.008044
0.008475
0.009016
0.009698
0.010558
0.011616
0.012867
0.014297
0.015871
0.017500
0.019017
0.020211
0.020903
0.021011
0.020563
0.019667
0.018458
0.017074
0.015642
0.014275
0.013052
0.012006
0.011126
0.010395
0.009803
0.009334
0.008957
0.008635
0.008353
0.008116
0.007937
0.007814
0.007739
0.007711
0.007736
0.007816
0.007943
0.008108
0.008311
0.008565
0.008873
0.009228
0.009625
0.010088
0.010669
0.011421
0.012377
0.013547
0.014916
0.016420
0.017925
0.019247
0.020201
0.020652
0.020545
0.019907
0.018830
0.017448
0.015906
0.014342
0.012864
0.011532
0.010358
0.009334
0.008459
0.007738
0.007160
0.006694
0.006314
0.006011
0.005783
0.005616
0.005492
0.005398
0.005332
0.005289
0.005257
0.005223
0.005180
0.005127
0.005064
0.004996
0.004935
0.004897
0.004886
0.004893
0.004900
0.004898
0.004893
0.004888
0.004876
0.004852
0.004822
0.004801
0.004798
0.004804
0.004804
0.004795
0.004783
0.004765
0.004730
0.004663
0.004561
0.004435
0.004306
0.004189
0.004094
0.004023
0.003973
0.003940
0.003922
0.003924
0.003953
0.004008
0.004071
0.004119
0.004146
0.004164
0.004189
0.004228
0.004277
0.004328
0.004376
0.004424
0.004485
0.004575
0.004694
0.004831
0.004969
0.005098
0.005216
0.005318
0.005386
0.005399
0.005345
0.005231
0.005074
0.004894
0.004708
0.004530
0.004374
0.004246
0.004150
0.004089
0.004073
0.004102
0.004158
0.004216
0.004267
0.004318
0.004374
0.004431
0.004484
0.004542
0.004616
0.004714
0.004838
0.004988
0.005164
0.005362
0.005575
0.005792
0.005995
0.006170
0.006321
0.006470
0.006646
0.006870
0.007149
0.007468
0.007770
0.007978
0.008029
0.007917
0.007687
0.007410
0.007149
0.006948
0.006826
0.006769
0.006731
0.006653
0.006486
0.006221
0.005884
0.005527
0.005202
0.004940
0.004747
0.004612
0.004519
0.004459
0.004432
0.004427
0.004423
0.004399
0.004357
0.004315
0.004286
0.004271
0.004281
0.004333
0.004438
0.004588
0.004774
0.005004
0.005286
0.005606
0.005938
0.006261
0.006558
0.006796
0.006931
0.006934
0.006806
0.006574
0.006276
0.005955
0.005646
0.005362
0.005100
0.004862
0.004662
0.004505
0.004376
0.004263
0.004179
0.004144
0.004155
0.004192
0.004232
0.004272
0.004318
0.004376
0.004453
0.004551
0.004667
0.004799
0.004943
0.005098
0.005245
0.005360
0.005423
0.005439
0.005432
0.005428
0.005451
0.005516
0.005639
0.005832
0.006098
0.006429
0.006795
0.007148
0.007436
0.007620
0.007692
0.007673
0.007603
0.007520
0.007449
0.007404
0.007390
0.007411
0.007477
0.007591
0.007749
0.007939
0.008153
0.008379
0.008602
0.008808
0.008987
0.009135
0.009246
0.009313
0.009338
0.009334
0.009314
0.009276
0.009202
0.009068
0.008864
0.008592
0.008269
0.007924
0.007598
0.007327
0.007129
0.007004
0.006943
0.006941
0.006990
0.007069
0.007140
0.007170
0.007140
0.007042
0.006881
0.006674
0.006444
0.006203
0.005954
0.005700
0.005460
0.005263
0.005118
0.005015
0.004940
0.004885
0.004846
0.004814
0.004780
0.004743
0.004704
0.004664
0.004617
0.004560
0.004488
0.004399
0.004298
0.004188
0.004076
0.003966
0.003872
0.003804
0.003756
0.003713
0.003676
0.003659
0.003668
0.003687
0.003695
0.003698
0.003716
0.003755
0.003797
0.003827
0.003842
0.003843
0.003831
0.003810
0.003792
0.003782
0.003775
0.003759
0.003730
0.003689
0.003640
0.003595
0.003570
0.003565
0.003569
0.003567
0.003564
0.003575
0.003611
0.003671
0.003743
0.003809
0.003856
0.003883
0.003897
0.003908
0.003922
0.003945
0.003985
0.004045
0.004118
0.004189
0.004242
0.004267
0.004259
0.004223
0.004172
0.004120
0.004079
0.004051
0.004027
0.004001
0.003976
0.003965
0.003973
0.003993
0.004011
0.004027
0.004042
0.004052
0.004042
0.004006
0.003959
0.003921
0.003900
0.003899
0.003924
0.003976
0.004052
0.004144
0.004246
0.004364
0.004508
0.004690
0.004918
0.005198
0.005527
0.005913
0.006376
0.006950
0.007675
0.008595
0.009747
0.011149
0.012779
0.014563
0.016346
0.017906
0.018986
0.019386
0.019030
0.017992
0.016460
0.014665
0.012821
0.011089
0.009570
0.008316
0.007333
0.006593
0.006050
0.005661
0.005391
0.005205
0.005070
0.004965
0.004887
0.004838
0.004819
0.004824
0.004841
0.004845
0.004813
0.004734
0.004616
0.004475
0.004321
0.004167
0.004024
0.003895
0.003776
0.003667
0.003582
0.003528
0.003504
0.003507
0.003538
0.003592
0.003649
0.003690
0.003708
0.003708
0.003694
0.003666
0.003626
0.003585
0.003552
0.003536
0.003545
0.003574
0.003614
0.003657
0.003706
0.003762
0.003814
0.003850
0.003876
0.003903
0.003934
0.003959
0.003973
0.003978
0.003976
0.003966
0.003949
0.003933
0.003916
0.003896
0.003877
0.003874
0.003895
0.003929
0.003962
0.003981
0.003977
0.003937
0.003859
0.003756
0.003649
0.003558
0.003486
0.003436
0.003404
0.003386
0.003375
0.003366
0.003350
0.003327
0.003307
0.003301
0.003308
0.003317
0.003319
0.003321
0.003333
0.003362
0.003408
0.003471
0.003560
0.003680
0.003822
0.003962
0.004073
0.004148
0.004195
0.004229
0.004253
0.004268
0.004282
0.004300
0.004313
0.004299
0.004245
0.004156
0.004052
0.003951
0.003859
0.003783
0.003728
0.003697
0.003688
0.003690
0.003690
0.003687
0.003685
0.003682
0.003670
0.003649
0.003631
0.003626
0.003636
0.003664
0.003710
0.003766
0.003807
0.003814
0.003790
0.003755
0.003719
0.003686
0.003666
0.003669
0.003693
0.003718
0.003733
0.003741
0.003751
0.003768
0.003793
0.003821
0.003846
0.003864
0.003881
0.003909
0.003947
0.003988
0.004026
0.004066
0.004111
0.004159
0.004203
0.004238
0.004263
0.004282
0.004309
0.004352
0.004407
0.004462
0.004512
0.004557
0.004596
0.004631
0.004670
0.004721
0.004781
0.004849
0.004933
0.005034
0.005134
0.005205
0.005252
0.005304
0.005380
0.005472
0.005564
0.005648
0.005725
0.005793
0.005854
0.005913
0.005965
0.006005
0.006033
0.006061
0.006091
0.006112
0.006113
0.006095
0.006063
0.006017
0.005964
0.005922
0.005897
0.005880
0.005861
0.005845
0.005835
0.005815
0.005771
0.005706
0.005634
0.005560
0.005481
0.005397
0.005313
0.005238
0.005180
0.005146
0.005133
0.005129
0.005127
0.005131
0.005137
0.005136
0.005130
0.005131
0.005149
0.005183
0.005235
0.005311
0.005412
0.005521
0.005625
0.005732
0.005857
0.006005
0.006175
0.006368
0.006591
0.006838
0.007104
0.007384
0.007678
0.007989
0.008328
0.008711
0.009145
0.009619
0.010118
0.010639
0.011176
0.011712
0.012231
0.012736
0.013237
0.013736
0.014237
0.014757
0.015304
0.015861
0.016407
0.016933
0.017442
0.017932
0.018388
0.018806
0.019191
0.019552
0.019895
0.020221
0.020523
0.020791
0.021019
0.021210
0.021354
0.021432
0.021438
0.021395
0.021328
0.021236
0.021100
0.020910
0.020664
0.020364
0.020026
0.019683
0.019359
0.019054
0.018757
0.018479
0.018240
0.018054
0.017938
0.017921
0.018031
0.018278
0.018674
0.019248
0.020034
0.021042
0.022253
0.023650
0.025213
0.026917
0.028754
0.030749
0.032944
0.035371
0.038056
0.041032
0.044320
0.047895
0.051713
0.055743
0.059961
0.064334
0.068822
0.073408
0.078085
0.082829
0.087601
0.092387
0.097183
0.101959
0.106664
0.111263
0.115741
0.120065
0.124177
0.128030
0.131606
0.134905
0.137934
0.140703
0.143211
0.145424
0.147305
0.148857
0.150109
0.151066
0.151708
0.152025
0.152025
0.151708
0.151073
0.150142
0.148962
0.147567
0.145996
0.144305
0.142557
0.140778
0.138990
0.137245
0.135607
0.134096
0.132706
0.131480
0.130495
0.129792
0.129361
0.129203
0.129339
0.129763
0.130441
0.131368
0.132561
0.133993
0.135600
0.137352
0.139265
0.141345
0.143594
0.146086
0.148960
0.152334
0.156297
0.160971
0.166496
0.172949
0.180408
0.189132
0.199619
0.212555
0.228927
0.250261
0.278541
0.315711
0.363248
0.422024
0.492155
0.572659
0.661430
0.755645
0.851855
0.945151
1.028319
1.092461
1.129208
1.133141
1.103188
1.042746
0.958712
0.859614
0.753669
0.647807
0.547740
0.457973
0.381177
0.317705
0.266160
0.224574
0.191133
0.164220
0.142382
0.124464
0.109641
0.097254
0.086744
0.077732
0.070020
0.063432
0.057757
0.052846
0.048637
0.045051
0.041960
0.039275
0.036986
0.035076
0.033480
0.032156
0.031123
0.030383
0.029890
0.029614
0.029570
0.029762
0.030148
0.030706
0.031462
0.032429
0.033571
0.034845
0.036250
0.037789
0.039446
0.041208
0.043083
0.045062
0.047113
0.049216
0.051381
0.053594
0.055803
0.057983
0.060157
0.062338
0.064483
0.066536
0.068473
0.070295
0.071990
0.073549
0.074975
0.076257
0.077357
0.078250
0.078950
0.079469
0.079790
0.079896
0.079809
0.079547
0.079095
0.078424
0.077535
0.076447
0.075165
0.073693
0.072051
0.070264
0.068338
0.066271
0.064077
0.061776
0.059377
0.056894
0.054359
0.051810
0.049261
0.046710
0.044159
0.041613
0.039080
0.036574
0.034117
0.031719
0.029370
0.027067
0.024837
0.022711
0.020690
0.018760
0.016929
0.015223
0.013661
0.012238
0.010938
0.009751
0.008672
0.007721
0.006921
0.006278
0.005773
0.005388
0.005134
0.005029
0.005071
0.005249
0.005558
0.005996
0.006547
0.007188
0.007917
0.008737
0.009644
0.010626
0.011676
0.012790
0.013949
0.015126
0.016297
0.017450
0.018573
0.019663
0.020723
0.021742
0.022698
0.023587
0.024424
0.025223
0.025972
0.026646
0.027233
0.027718
0.028084
0.028324
0.028464
0.028534
0.028533
0.028442
0.028259
0.028003
0.027684
0.027297
0.026840
0.026315
0.025722
0.025057
0.024329
0.023556
0.022747
0.021902
0.021030
0.020141
0.019236
0.018317
0.017392
0.016476
0.015570
0.014673
0.013795
0.012951
0.012139
0.011351
0.010597
0.009899
0.009261
0.008666
0.008106
0.007588
0.007115
0.006677
0.006277
0.005931
0.005652
0.005434
0.005268
0.005160
0.005113
0.005124
0.005191
0.005315
0.005489
0.005695
0.005927
0.006190
0.006492
0.006822
0.007171
0.007535
0.007909
0.008278
0.008639
0.009002
0.009373
0.009748
0.010116
0.010474
0.010816
0.011126
0.011392
0.011618
0.011812
0.011973
0.012106
0.012220
0.012315
0.012381
0.012420
0.012453
0.012496
0.012535
0.012545
0.012518
0.012461
0.012363
0.012201
0.011959
0.011645
0.011282
0.010893
0.010503
0.010130
0.009780
0.009444
0.009105
0.008757
0.008407
0.008070
0.007758
0.007477
0.007221
0.006983
0.006760
0.006557
0.006382
0.006239
0.006119
0.006008
0.005901
0.005811
0.005751
0.005712
0.005666
0.005598
0.005522
0.005455
0.005406
0.005373
0.005362
0.005384
0.005438
0.005517
0.005613
0.005721
0.005837
0.005961
0.006095
0.006229
0.006349
0.006449
0.006540
0.006637
0.006738
0.006836
0.006933
0.007034
0.007129
0.007201
0.007250
0.007294
0.007353
0.007428
0.007507
0.007580
0.007633
0.007660
0.007670
0.007675
0.007680
0.007669
0.007632
0.007583
0.007550
0.007541
0.007539
0.007521
0.007481
0.007424
0.007351
0.007257
0.007140
0.007002
0.006848
0.006683
0.006519
0.006371
0.006241
0.006113
0.005978
0.005844
0.005732
0.005653
0.005594
0.005539
0.005487
0.005446
0.005425
0.005428
0.005454
0.005497
0.005546
0.005593
0.005632
0.005660
0.005676
0.005684
0.005687
0.005691
0.005699
0.005721
0.005769
0.005840
0.005919
0.005995
0.006071
0.006162
0.006275
0.006412
0.006564
0.006718
0.006857
0.006965
0.007034
0.007063
0.007063
0.007040
0.006994
0.006918
0.006818
0.006719
0.006652
0.006627
0.006629
0.006642
0.006663
0.006696
0.006740
0.006793
0.006849
0.006898
0.006932
0.006957
0.006995
0.007060
0.007148
0.007239
0.007329
0.007420
0.007513
0.007600
0.007673
0.007730
0.007769
0.007777
0.007738
0.007644
0.007507
0.007356
0.007215
0.007095
0.006994
0.006912
0.006857
0.006831
0.006823
0.006824
0.006830
0.006840
0.006840
0.006815
0.006758
0.006674
0.006568
0.006454
0.006352
0.006273
0.006208
0.006140
0.006070
0.006011
0.005969
0.005932
0.005893
0.005851
0.005816
0.005798
0.005814
0.005868
0.005945
0.006013
0.006059
0.006099
0.006151
0.006210
0.006253
0.006269
0.006269
0.006274
0.006296
0.006342
0.006422
0.006541
0.006681
0.006810
0.006899
0.006949
0.006979
0.007005
0.007033
0.007070
0.007133
0.007228
0.007337
0.007432
0.007501
0.007546
0.007575
0.007589
0.007596
0.007606
0.007629
0.007677
0.007765
0.007903
0.008087
0.008304
0.008551
0.008840
0.009180
0.009581
0.010055
0.010627
0.011314
0.012111
0.012981
0.013867
0.014693
0.015394
0.015939
0.016341
0.016648
0.016929
0.017272
0.017776
0.018522
0.019542
0.020797
0.022180
0.023543
0.024738
0.025646
0.026182
0.026282
0.025903
0.025058
0.023836
0.022383
0.020860
0.019402
0.018101
0.017003
0.016116
0.015423
0.014902
0.014539
0.014326
0.014250
0.014304
0.014486
0.014800
0.015249
0.015840
0.016587
0.017520
0.018669
0.020038
0.021584
0.023206
0.024770
0.026128
0.027156
0.027769
0.027920
0.027594
0.026802
0.025596
0.024083
0.022409
0.020725
0.019156
0.017781
0.016635
0.015722
0.015023
0.014506
0.014126
0.013827
0.013558
0.013285
0.013001
0.012716
0.012436
0.012161
0.011897
0.011669
0.011507
0.011431
0.011444
0.011537
0.011711
0.011969
0.012305
0.012692
0.013087
0.013445
0.013741
0.013975
0.014167
0.014332
0.014465
0.014552
0.014593
0.014609
0.014619
0.014618
0.014597
0.014569
0.014548
0.014534
0.014514
0.014490
0.014484
0.014520
0.014612
0.014779
0.015037
0.015372
0.015724
0.016018
0.016203
0.016257
0.016181
0.015995
0.015743
0.015481
0.015257
0.015108
0.015055
0.015119
0.015319
0.015693
0.016288
0.017137
0.018248
0.019610
0.021195
0.022912
0.024579
0.025968
0.026930
0.027489
0.027824
0.028183
0.028809
0.029895
0.031513
0.033506
0.035468
0.036868
0.037297
0.036645
0.035097
0.032998
0.030694
0.028453
0.026429
0.024658
0.023101
0.021701
0.020434
0.019308
0.018334
0.017522
0.016883
0.016416
0.016096
0.015874
0.015705
0.015573
0.015484
0.015458
0.015516
0.015673
0.015952
0.016387
0.017027
0.017913
0.019061
0.020458
0.022040
0.023658
0.025077
0.026090
0.026642
0.026884
0.027075
0.027467
0.028246
0.029509
0.031205
0.033057
0.034586
0.035305
0.034946
0.033564
0.031434
0.028895
0.026242
0.023709
0.021460
0.019567
0.018013
0.016744
0.015718
0.014904
0.014266
0.013765
0.013377
0.013084
0.012859
0.012663
0.012473
0.012285
0.012095
0.011895
0.011686
0.011489
0.011321
0.011185
0.011076
0.010998
0.010964
0.010967
0.010990
0.011024
0.011071
0.011134
0.011211
0.011297
0.011399
0.011531
0.011699
0.011903
0.012149
0.012449
0.012817
0.013258
0.013753
0.014260
0.014708
0.015025
0.015160
0.015109
0.014909
0.014620
0.014303
0.014020
0.013820
0.013734
0.013757
0.013857
0.013997
0.014144
0.014266
0.014342
0.014376
0.014399
0.014452
0.014564
0.014755
0.015054
0.015490
0.016083
0.016835
0.017736
0.018755
0.019830
0.020870
0.021785
0.022504
0.022990
0.023234
0.023257
0.023098
0.022785
0.022319
0.021686
0.020893
0.019990
0.019049
0.018129
0.017271
0.016508
0.015861
0.015337
0.014916
0.014577
0.014307
0.014103
0.013962
0.013878
0.013847
0.013859
0.013901
0.013953
0.014008
0.014068
0.014134
0.014200
0.014257
0.014312
0.014379
0.014473
0.014602
0.014765
0.014946
0.015126
0.015292
0.015454
0.015630
0.015835
0.016073
0.016339
0.016635
0.016967
0.017333
0.017715
0.018074
0.018363
0.018545
0.018601
0.018528
0.018344
0.018082
0.017789
0.017517
0.017309
0.017194
0.017178
0.017238
0.017331
0.017400
0.017397
0.017303
0.017125
0.016885
0.016597
0.016262
0.015890
0.015511
0.015164
0.014872
0.014646
0.014492
0.014415
0.014415
0.014484
0.014618
0.014817
0.015095
0.015467
0.015957
0.016589
0.017390
0.018375
0.019547
0.020887
0.022365
0.023965
0.025712
0.027660
0.029870
0.032379
0.035140
0.037941
0.040378
0.041981
0.042425
0.041679
0.039979
0.037690
0.035174
0.032737
0.030588
0.028824
0.027434
0.026337
0.025433
0.024629
0.023856
0.023070
0.022250
0.021381
0.020472
0.019564
0.018720
0.017982
0.017356
0.016830
0.016399
0.016066
0.015825
0.015668
0.015599
0.015623
0.015740
0.015947
0.016251
0.016672
0.017226
0.017941
0.018864
0.020079
0.021677
0.023732
0.026272
0.029226
0.032349
0.035201
0.037267
0.038160
0.037776
0.036292
0.034045
0.031398
0.028675
0.026125
0.023906
0.022081
0.020645
0.019560
0.018781
0.018260
0.017945
0.017786
0.017748
0.017816
0.017977
0.018211
0.018506
0.018885
0.019409
0.020160
0.021206
0.022593
0.024326
0.026302
0.028265
0.029850
0.030742
0.030821
0.030193
0.029109
0.027860
0.026713
0.025878
0.025482
0.025568
0.026107
0.027013
0.028167
0.029431
0.030681
0.031814
0.032754
0.033455
0.033914
0.034168
0.034273
0.034280
0.034214
0.034085
0.033895
0.033650
0.033368
0.033060
0.032726
0.032334
0.031829
0.031146
0.030238
0.029113
0.027852
0.026597
0.025514
0.024756
0.024436
0.024625
0.025329
0.026434
0.027662
0.028625
0.028979
0.028578
0.027502
0.025966
0.024201
0.022405
0.020721
0.019226
0.017932
0.016814
0.015855
0.015053
0.014396
0.013861
0.013431
0.013104
0.012882
0.012759
0.012714
0.012720
0.012744
0.012755
0.012736
0.012687
0.012610
0.012514
0.012412
0.012314
0.012227
0.012152
0.012092
0.012047
0.012012
0.011981
0.011965
0.011978
0.012021
0.012087
0.012173
0.012280
0.012406
0.012544
0.012698
0.012877
0.013079
0.013289
0.013488
0.013666
0.013806
0.013886
0.013903
0.013873
0.013822
0.013772
0.013743
0.013760
0.013834
0.013950
0.014086
0.014226
0.014366
0.014499
0.014616
0.014718
0.014815
0.014921
0.015054
0.015234
0.015475
0.015786
0.016186
0.016715
0.017416
0.018323
0.019470
0.020913
0.022736
0.025035
0.027910
0.031427
0.035522
0.039883
0.043946
0.047061
0.048759
0.048912
0.047723
0.045579
0.042910
0.040116
0.037524
0.035349
0.033675
0.032480
0.031689
0.031218
0.030964
0.030809
0.030656
0.030467
0.030274
0.030140
0.030124
0.030270
0.030613
0.031186
0.031997
0.033003
0.034085
0.035084
0.035860
0.036355
0.036604
0.036706
0.036788
0.036976
0.037385
0.038111
0.039221
0.040744
0.042677
0.045006
0.047690
0.050568
0.053247
0.055131
0.055633
0.054446
0.051679
0.047767
0.043275
0.038723
0.034500
0.030843
0.027840
0.025463
0.023612
0.022177
0.021068
0.020218
0.019562
0.019031
0.018569
0.018156
0.017795
0.017493
0.017250
0.017071
0.016958
0.016894
0.016838
0.016740
0.016567
0.016306
0.015970
0.015592
0.015210
0.014847
0.014505
0.014187
0.013906
0.013678
0.013506
0.013387
0.013317
0.013295
0.013314
0.013368
0.013460
0.013596
0.013769
0.013959
0.014151
0.014350
0.014557
0.014768
0.014976
0.015189
0.015420
0.015676
0.015952
0.016244
0.016562
0.016922
0.017333
0.017796
0.018311
0.018869
0.019454
0.020042
0.020617
0.021169
0.021684
0.022137
0.022511
0.022811
0.023066
0.023302
0.023529
0.023736
0.023896
0.023980
0.023973
0.023877
0.023708
0.023473
0.023176
0.022822
0.022431
0.022025
0.021620
0.021228
0.020866
0.020554
0.020306
0.020119
0.019965
0.019802
0.019602
0.019356
0.019076
0.018778
0.018484
0.018212
0.017976
0.017790
0.017672
0.017647
0.017735
0.017940
0.018248
0.018640
0.019106
0.019637
0.020216
0.020820
0.021434
0.022063
0.022734
0.023489
0.024373
0.025444
0.026774
0.028433
0.030454
0.032815
0.035435
0.038175
0.040834
0.043152
0.044866
0.045771
0.045762
0.044847
0.043145
0.040865
0.038266
0.035612
0.033124
0.030965
0.029215
0.027866
0.026851
0.026085
0.025483
0.024960
0.024444
0.023894
0.023308
0.022715
0.022153
0.021665
0.021278
0.021005
0.020846
0.020811
0.020912
0.021143
0.021473
0.021859
0.022263
0.022653
0.023004
0.023309
0.023575
0.023805
0.023987
0.024107
0.024160
0.024148
0.024068
0.023917
0.023701
0.023431
0.023120
0.022787
0.022463
0.022171
0.021925
0.021741
0.021660
0.021733
0.021992
0.022443
0.023068
0.023829
0.024666
0.025502
0.026250
0.026825
0.027160
0.027242
0.027106
0.026808
0.026398
0.025918
0.025419
0.024938
0.024479
0.024025
0.023575
0.023145
0.022753
0.022410
0.022131
0.021924
0.021783
0.021695
0.021667
0.021737
0.021947
0.022316
0.022838
0.023502
0.024295
0.025197
0.026170
0.027152
0.028052
0.028769
0.029233
0.029433
0.029409
0.029226
0.028949
0.028630
0.028304
0.027994
0.027712
0.027464
0.027249
0.027060
0.026892
0.026738
0.026588
0.026440
0.026307
0.026219
0.026214
0.026324
0.026576
0.026984
0.027542
0.028234
0.029060
0.030039
0.031194
0.032540
0.034094
0.035893
0.037996
0.040465
0.043326
0.046539
0.049966
0.053378
0.056476
0.058940
0.060481
0.060905
0.060161
0.058347
0.055674
0.052421
0.048893
0.045375
0.042083
0.039127
0.036530
0.034260
0.032265
0.030489
0.028893
0.027457
0.026169
0.025018
0.023998
0.023113
0.022366
0.021745
0.021228
0.020801
0.020463
0.020201
0.020002
0.019855
0.019755
0.019685
0.019613
0.019514
0.019382
0.019215
0.019011
0.018770
0.018513
0.018275
0.018089
0.017981
0.017970
0.018055
0.018205
0.018370
0.018513
0.018626
0.018723
0.018816
0.018915
0.019027
0.019156
0.019297
0.019442
0.019595
0.019769
0.019975
0.020218
0.020506
0.020853
0.021269
0.021745
0.022257
0.022777
0.023288
0.023779
0.024233
0.024630
0.024943
0.025147
0.025230
0.025207
0.025118
0.025012
0.024934
0.024912
0.024949
0.025017
0.025075
0.025093
0.025064
0.024989
0.024875
0.024740
0.024621
0.024565
0.024595
0.024708
0.024875
0.025058
0.025210
0.025271
0.025193
0.024963
0.024607
0.024163
0.023665
0.023133
0.022594
0.022080
0.021613
0.021209
0.020874
0.020612
0.020420
0.020297
0.020257
0.020324
0.020511
0.020806
0.021179
0.021608
0.022060
0.022477
0.022780
0.022919
0.022889
0.022728
0.022484
0.022207
0.021944
0.021733
0.021599
0.021550
0.021576
0.021657
0.021790
0.021992
0.022274
0.022604
0.022912
0.023125
0.023200
0.023116
0.022860
0.022446
0.021922
0.021353
0.020798
0.020302
0.019897
0.019591
0.019368
0.019207
0.019115
0.019116
0.019224
0.019439
0.019757
0.020174
0.020682
0.021256
0.021872
0.022500
0.023104
0.023629
0.024024
0.024260
0.024341
0.024288
0.024127
0.023896
0.023647
0.023451
0.023377
0.023480
0.023789
0.024313
0.025029
0.025864
0.026696
0.027394
0.027857
0.028030
0.027905
0.027523
0.026964
0.026322
0.025680
0.025105
0.024648
0.024333
0.024152
0.024082
0.024113
0.024234
0.024393
0.024506
0.024498
0.024349
0.024085
0.023749
0.023386
0.023035
0.022722
0.022441
0.022174
0.021902
0.021609
0.021282
0.020921
0.020544
0.020172
0.019819
0.019490
0.019187
0.018912
0.018667
0.018451
0.018274
0.018155
0.018109
0.018138
0.018226
0.018347
0.018479
0.018604
0.018720
0.018832
0.018950
0.019087
0.019250
0.019435
0.019639
0.019867
0.020129
0.020428
0.020756
0.021106
0.021476
0.021857
0.022219
0.022525
0.022747
0.022861
0.022846
0.022693
0.022414
0.022049
0.021652
0.021282
0.020982
0.020780
0.020678
0.020659
0.020700
0.020771
0.020849
0.020926
0.021011
0.021105
0.021198
0.021271
0.021312
0.021320
0.021302
0.021272
0.021243
0.021227
0.021232
0.021262
0.021315
0.021380
0.021438
0.021485
0.021534
0.021601
0.021696
0.021836
0.022056
0.022381
0.022799
0.023268
0.023743
0.024190
0.024580
0.024886
0.025102
0.025252
0.025372
0.025477
0.025564
0.025620
0.025635
0.025603
0.025511
0.025337
0.025056
0.024663
0.024183
0.023662
0.023146
0.022665
0.022245
0.021908
0.021670
0.021540
0.021528
0.021641
0.021863
0.022155
0.022467
0.022770
0.023062
0.023360
0.023686
0.024061
0.024503
0.025027
0.025633
0.026293
0.026935
0.027461
0.027793
0.027904
0.027824
0.027613
0.027351
0.027116
0.026951
0.026849
0.026774
0.026699
0.026609
0.026499
0.026360
0.026206
0.026072
0.025993
0.025988
0.026058
0.026194
0.026373
0.026548
0.026657
0.026651
0.026515
0.026273
0.025979
0.025694
0.025460
0.025285
0.025153
0.025056
0.025000
0.024993
0.025034
0.025122
0.025254
0.025428
0.025626
0.025829
0.026025
0.026211
0.026384
0.026530
0.026636
0.026693
0.026703
0.026664
0.026577
0.026452
0.026306
0.026162
0.026039
0.025947
0.025897
0.025908
0.026013
0.026254
0.026674
0.027299
0.028119
0.029071
0.030046
0.030922
0.031606
0.032063
0.032300
0.032358
0.032302
0.032213
0.032154
0.032154
0.032184
0.032185
0.032096
0.031884
0.031563
0.031181
0.030807
0.030513
0.030357
0.030368
0.030540
0.030845
0.031239
0.031666
0.032068
0.032398
0.032630
0.032740
0.032686
0.032419
0.031916
0.031202
0.030334
0.029387
0.028444
0.027592
0.026895
0.026370
0.026009
0.025793
0.025696
0.025681
0.025710
0.025771
0.025865
0.025991
0.026144
0.026336
0.026601
0.026967
0.027433
0.027967
0.028518
0.029030
0.029453
0.029763
0.029975
0.030143
0.030354
0.030699
0.031244
0.032014
0.032999
0.034180
0.035522
0.036972
0.038475
0.039982
0.041427
0.042681
0.043556
0.043885
0.043596
0.042736
0.041438
0.039892
0.038313
0.036895
0.035758
0.034944
0.034445
0.034227
0.034238
0.034409
0.034676
0.035017
0.035459
0.036066
0.036916
0.038068
0.039554
0.041391
0.043598
0.046204
0.049245
0.052743
0.056660
0.060821
0.064863
0.068263
0.070477
0.071113
0.070055
0.067501
0.063874
0.059684
0.055397
0.051354
0.047755
0.044670
0.042079
0.039917
0.038118
0.036626
0.035384
0.034346
0.033491
0.032833
0.032396
0.032195
0.032246
0.032579
0.033238
0.034276
0.035736
0.037633
0.039921
0.042443
0.044922
0.046997
0.048319
0.048674
0.048052
0.046642
0.044742
0.042666
0.040685
0.038995
0.037705
0.036851
0.036412
0.036329
0.036493
0.036759
0.036990
0.037107
0.037123
0.037119
0.037192
0.037397
0.037708
0.038024
0.038230
0.038248
0.038067
0.037717
0.037247
0.036708
0.036144
0.035577
0.035012
0.034457
0.033944
0.033513
0.033184
0.032943
0.032752
0.032570
0.032366
0.032130
0.031867
0.031596
0.031342
0.031137
0.031010
0.030961
0.030951
0.030926
0.030853
0.030726
0.030562
0.030385
0.030226
0.030108
0.030030
0.029977
0.029926
0.029864
0.029769
0.029610
0.029372
0.029069
0.028741
0.028433
0.028178
0.027999
0.027896
0.027847
0.027815
0.027761
0.027653
0.027465
0.027189
0.026836
0.026432
0.026009
0.025600
0.025243
0.024977
0.024823
0.024777
0.024797
0.024828
0.024823
0.024780
0.024733
0.024723
0.024757
0.024826
0.024925
0.025068
0.025270
0.025542
0.025888
0.026312
0.026793
0.027278
0.027712
0.028064
0.028348
0.028605
0.028882
0.029219
0.029634
0.030120
0.030637
0.031111
0.031450
0.031578
0.031466
0.031143
0.030666
0.030105
0.029528
0.028989
0.028515
0.028096
0.027708
0.027345
0.027014
0.026720
0.026467
0.026265
0.026125
0.026046
0.026004
0.025970
0.025920
0.025835
0.025705
0.025542
0.025376
0.025246
0.025190
0.025241
0.025425
0.025746
0.026180
0.026693
0.027238
0.027754
0.028157
0.028368
0.028360
0.028168
0.027863
0.027517
0.027182
0.026895
0.026674
0.026517
0.026411
0.026351
0.026345
0.026389
0.026455
0.026499
0.026481
0.026379
0.026187
0.025912
0.025581
0.025239
0.024928
0.024676
0.024496
0.024390
0.024356
0.024386
0.024473
0.024618
0.024821
0.025068
0.025322
0.025538
0.025674
0.025712
0.025664
0.025567
0.025476
0.025446
0.025531
0.025779
0.026215
0.026828
0.027562
0.028334
0.029046
0.029596
0.029891
0.029873
0.029539
0.028948
0.028202
0.027407
0.026638
0.025930
0.025302
0.024774
0.024363
0.024069
0.023880
0.023796
0.023837
0.024021
0.024352
0.024821
0.025407
0.026067
0.026734
0.027322
0.027759
0.028001
0.028046
0.027937
0.027763
0.027618
0.027559
0.027598
0.027714
0.027869
0.028015
0.028091
0.028045
0.027862
0.027573
0.027233
0.026891
0.026580
0.026325
0.026149
0.026046
0.025983
0.025922
0.025850
0.025790
0.025769
0.025797
0.025874
0.026000
0.026169
0.026366
0.026571
0.026770
0.026946
0.027079
0.027146
0.027135
0.027045
0.026887
0.026680
0.026450
0.026228
0.026032
0.025870
0.025740
0.025635
0.025541
0.025440
0.025321
0.025175
0.025008
0.024831
0.024661
0.024503
0.024355
0.024216
0.024097
0.024024
0.024028
0.024135
0.024362
0.024711
0.025171
0.025724
0.026333
0.026950
0.027531
0.028055
0.028529
0.028965
0.029367
0.029738
0.030081
0.030394
0.030665
0.030899
0.031137
0.031435
0.031827
0.032311
0.032851
0.033390
0.033854
0.034175
0.034327
0.034326
0.034211
0.034013
0.033756
0.033459
0.033142
0.032816
0.032490
0.032178
0.031901
0.031693
0.031584
0.031584
0.031674
0.031811
0.031955
0.032076
0.032149
0.032163
0.032123
0.032058
0.032006
0.031997
0.032040
0.032136
0.032282
0.032480
0.032727
0.033017
0.033344
0.033716
0.034142
0.034611
0.035087
0.035524
0.035891
0.036173
0.036366
0.036479
0.036537
0.036577
0.036639
0.036766
0.036995
0.037338
0.037772
0.038252
0.038734
0.039178
0.039528
0.039738
0.039788
0.039685
0.039452
0.039120
0.038740
0.038374
0.038052
0.037771
0.037530
0.037364
0.037328
0.037473
0.037836
0.038434
0.039243
0.040179
0.041135
0.042013
0.042757
0.043336
0.043739
0.043958
0.043974
0.043761
0.043321
0.042698
0.041973
0.041226
0.040537
0.039978
0.039589
0.039374
0.039311
0.039381
0.039560
0.039806
0.040075
0.040355
0.040670
0.041045
0.041484
0.041992
0.042599
0.043361
0.044342
0.045602
0.047184
0.049098
0.051301
0.053684
0.056067
0.058211
0.059866
0.060851
0.061111
0.060726
0.059877
0.058796
0.057701
0.056732
0.055915
0.055198
0.054512
0.053837
0.053222
0.052757
0.052520
0.052548
0.052843
0.053410
0.054269
0.055440
0.056942
0.058817
0.061146
0.064020
0.067469
0.071417
0.075673
0.079934
0.083801
0.086818
0.088554
0.088724
0.087298
0.084514
0.080794
0.076616
0.072394
0.068435
0.064919
0.061921
0.059445
0.057472
0.055984
0.054958
0.054350
0.054085
0.054071
0.054223
0.054473
0.054779
0.055139
0.055598
0.056252
0.057223
0.058616
0.060480
0.062774
0.065328
0.067826
0.069868
0.071112
0.071420
0.070893
0.069800
0.068477
0.067248
0.066377
0.066041
0.066352
0.067377
0.069153
0.071677
0.074922
0.078856
0.083427
0.088520
0.093947
0.099409
0.104422
0.108272
0.110175
0.109629
0.106681
0.101898
0.096082
0.090021
0.084355
0.079532
0.075770
0.073072
0.071311
0.070315
0.069928
0.070046
0.070640
0.071737
0.073369
0.075546
0.078255
0.081443
0.084993
0.088734
0.092509
0.096229
0.099866
0.103426
0.106870
0.109985
0.112291
0.113146
0.112088
0.109134
0.104778
0.099728
0.094634
0.089971
0.086018
0.082853
0.080387
0.078453
0.076906
0.075641
0.074573
0.073635
0.072810
0.072129
0.071633
0.071327
0.071170
0.071094
0.071036
0.070967
0.070905
0.070911
0.071050
0.071340
0.071728
0.072108
0.072394
0.072566
0.072652
0.072689
0.072700
0.072721
0.072811
0.073020
0.073363
0.073816
0.074331
0.074834
0.075227
0.075410
0.075310
0.074892
0.074155
0.073136
0.071943
0.070757
0.069795
0.069263
0.069299
0.069936
0.071068
0.072457
0.073780
0.074736
0.075131
0.074941
0.074298
0.073446
0.072658
0.072166
0.072099
0.072470
0.073199
0.074151
0.075175
0.076129
0.076921
0.077529
0.077975
0.078245
0.078236
0.077810
0.076917
0.075649
0.074174
0.072627
0.071077
0.069553
0.068061
0.066564
0.064993
0.063307
0.061550
0.059845
0.058342
0.057181
0.056483
0.056325
0.056723
0.057613
0.058831
0.060111
0.061110
0.061525
0.061231
0.060334
0.059098
0.057825
0.056778
0.056137
0.055950
0.056107
0.056372
0.056490
0.056269
0.055607
0.054480
0.052948
0.051155
0.049305
0.047598
0.046183
0.045155
0.044581
0.044501
0.044912
0.045736
0.046798
0.047854
0.048661
0.049057
0.048988
0.048501
0.047703
0.046738
0.045762
0.044912
0.044291
0.043959
0.043942
0.044226
0.044743
0.045375
0.045989
0.046478
0.046802
0.046980
0.047077
0.047168
0.047321
0.047581
0.047958
0.048414
0.048883
0.049321
0.049731
0.050143
0.050566
0.050977
0.051365
0.051760
0.052242
0.052928
0.053953
0.055429
0.057382
0.059697
0.062128
0.064335
0.065945
0.066640
0.066268
0.064914
0.062852
0.060437
0.058013
0.055872
0.054228
0.053178
0.052699
0.052674
0.052926
0.053250
0.053456
0.053428
0.053136
0.052601
0.051855
0.050933
0.049894
0.048821
0.047808
0.046959
0.046376
0.046116
0.046160
0.046424
0.046814
0.047251
0.047675
0.048041
0.048324
0.048511
0.048590
0.048548
0.048379
0.048097
0.047734
0.047340
0.046980
0.046714
0.046581
0.046606
0.046814
0.047225
0.047841
0.048633
0.049546
0.050516
0.051479
0.052386
0.053213
0.053961
0.054652
0.055311
0.055956
0.056600
0.057275
0.058048
0.059000
0.060189
0.061626
0.063306
0.065226
0.067405
0.069892
0.072807
0.076329
0.080644
0.085904
0.092268
0.099954
0.109270
0.120653
0.134762
0.152529
0.175086
0.203530
0.238593
0.280170
0.326732
0.374961
0.419999
0.456364
0.479155
0.485126
0.473417
0.445818
0.406359
0.360232
0.312510
0.267227
0.227014
0.193118
0.165626
0.143856
0.126805
0.113484
0.103036
0.094756
0.088102
0.082700
0.078289
0.074666
0.071673
0.069203
0.067174
0.065500
0.064089
0.062863
0.061771
0.060788
0.059935
0.059273
0.058869
0.058761
0.058954
0.059420
0.060089
0.060870
0.061702
0.062575
0.063500
0.064482
0.065524
0.066659
0.067925
0.069337
0.070875
0.072502
0.074169
0.075803
0.077321
0.078648
0.079726
0.080522
0.081039
0.081322
0.081435
0.081438
0.081377
0.081295
0.081223
0.081166
0.081115
0.081085
0.081111
0.081218
0.081398
0.081604
0.081786
0.081913
0.081996
0.082098
0.082312
0.082715
0.083347
0.084203
0.085246
0.086432
0.087732
0.089160
0.090748
0.092514
0.094431
0.096409
0.098302
0.099911
0.101014
0.101414
0.100993
0.099751
0.097828
0.095489
0.093063
0.090865
0.089154
0.088106
0.087803
0.088226
0.089265
0.090759
0.092531
0.094410
0.096255
0.097989
0.099615
0.101195
0.102806
0.104507
0.106310
0.108157
0.109905
0.111352
0.112319
0.112728
0.112638
0.112223
0.111725
0.111399
0.111456
0.111987
0.112939
0.114133
0.115298
0.116101
0.116173
0.115214
0.113136
0.110127
0.106581
0.102919
0.099453
0.096357
0.093691
0.091440
0.089551
0.087968
0.086650
0.085561
0.084635
0.083744
0.082720
0.081408
0.079735
0.077737
0.075536
0.073287
0.071138
0.069201
0.067534
0.066143
0.065002
0.064074
0.063317
0.062687
0.062148
0.061677
0.061253
0.060839
0.060395
0.059916
0.059437
0.059002
0.058623
0.058264
0.057873
0.057411
0.056880
0.056310
0.055741
0.055207
0.054744
0.054388
0.054168
0.054075
0.054065
0.054083
0.054080
0.054032
0.053940
0.053822
0.053695
0.053557
0.053399
0.053221
0.053040
0.052877
0.052755
0.052699
0.052723
0.052812
0.052942
0.053112
0.053355
0.053703
0.054172
0.054777
0.055560
0.056589
0.057944
0.059699
0.061884
0.064443
0.067186
0.069814
0.071982
0.073394
0.073902
0.073561
0.072583
0.071223
0.069677
0.068060
0.066455
0.064944
0.063607
0.062495
0.061615
0.060939
0.060420
0.060016
0.059705
0.059483
0.059365
0.059380
0.059561
0.059906
0.060377
0.060923
0.061517
0.062142
0.062757
0.063285
0.063643
0.063770
0.063648
0.063294
0.062761
0.062121
0.061449
0.060813
0.060253
0.059776
0.059363
0.058994
0.058641
0.058276
0.057890
0.057532
0.057302
0.057308
0.057636
0.058356
0.059527
0.061186
0.063342
0.066009
0.069223
0.073005
0.077313
0.081994
0.086739
0.091046
0.094280
0.095892
0.095670
0.093819
0.090836
0.087308
0.083758
0.080578
0.078011
0.076173
0.075089
0.074737
0.075090
0.076143
0.077903
0.080335
0.083352
0.086895
0.091012
0.095796
0.101250
0.107251
0.113658
0.120359
0.127136
0.133497
0.138748
0.142294
0.143899
0.143705
0.142004
0.139013
0.134805
0.129447
0.123169
0.116395
0.109626
0.103291
0.097688
0.092981
0.089213
0.086299
0.084074
0.082365
0.081038
0.080000
0.079183
0.078557
0.078143
0.077998
0.078183
0.078757
0.079813
0.081482
0.083813
0.086578
0.089226
0.091123
0.091936
0.091816
0.091247
0.090734
0.090602
0.090952
0.091690
0.092598
0.093461
0.094189
0.094838
0.095522
0.096351
0.097419
0.098803
0.100546
0.102648
0.105074
0.107715
0.110310
0.112453
0.113747
0.113982
0.113191
0.111574
0.109389
0.106919
0.104482
0.102411
0.101001
0.100469
0.100933
0.102377
0.104593
0.107170
0.109608
0.111508
0.112673
0.113076
0.112765
0.111830
0.110422
0.108726
0.106889
0.104986
0.103039
0.101036
0.098941
0.096712
0.094356
0.091972
0.089739
0.087864
0.086521
0.085789
0.085628
0.085922
0.086571
0.087540
0.088869
0.090659
0.093067
0.096277
0.100471
0.105805
0.112409
0.120355
0.129645
0.140250
0.152234
0.165883
0.181833
0.201151
0.225312
0.256000
0.294711
0.342116
0.397089
0.455634
0.510554
0.552814
0.574484
0.571701
0.545843
0.502455
0.448987
0.392694
0.339327
0.292546
0.253909
0.223341
0.199851
0.182146
0.168964
0.159169
0.151786
0.146067
0.141545
0.138027
0.135497
0.133974
0.133424
0.133748
0.134821
0.136534
0.138799
0.141470
0.144154
0.146081
0.146257
0.143896
0.138846
0.131647
0.123238
0.114588
0.106454
0.099307
0.093333
0.088499
0.084666
0.081681
0.079422
0.077815
0.076854
0.076581
0.077045
0.078277
0.080295
0.083093
0.086586
0.090568
0.094735
0.098749
0.102269
0.104962
0.106539
0.106836
0.105890
0.103942
0.101393
0.098728
0.096424
0.094858
0.094252
0.094659
0.095975
0.097952
0.100238
0.102471
0.104383
0.105889
0.107087
0.108196
0.109476
0.111143
0.113298
0.115844
0.118458
0.120672
0.122066
0.122413
0.121704
0.120055
0.117649
0.114730
0.111581
0.108449
0.105477
0.102730
0.100270
0.098184
0.096543
0.095352
0.094564
0.094119
0.093971
0.094089
0.094422
0.094851
0.095182
0.095213
0.094838
0.094093
0.093106
0.092040
0.091062
0.090341
0.090013
0.090155
0.090778
0.091879
0.093474
0.095596
0.098266
0.101450
0.105039
0.108873
0.112814
0.116830
0.121068
0.125856
0.131658
0.138965
0.148113
0.159045
0.171097
0.182938
0.192811
0.199030
0.200551
0.197342
0.190374
0.181258
0.171747
0.163282
0.156729
0.152299
0.149598
0.147779
0.145806
0.142808
0.138384
0.132685
0.126247
0.119716
0.113648
0.108436
0.104304
0.101330
0.099492
0.098729
0.098991
0.100241
0.102397
0.105247
0.108396
0.111342
0.113681
0.115283
0.116318
0.117111
0.117967
0.119049
0.120364
0.121807
0.123236
0.124502
0.125409
0.125705
0.125153
0.123671
0.121375
0.118503
0.115318
0.112087
0.109080
0.106547
0.104666
0.103543
0.103233
0.103739
0.105010
0.106929
0.109289
0.111767
0.113965
0.115566
0.116497
0.116933
0.117094
0.117037
0.116605
0.115550
0.113713
0.111117
0.107941
0.104439
0.100850
0.097371
0.094169
0.091399
0.089189
0.087638
0.086811
0.086760
0.087518
0.089097
0.091474
0.094585
0.098315
0.102480
0.106816
0.110983
0.114602
0.117333
0.118973
0.119510
0.119095
0.117959
0.116316
0.114322
0.112089
0.109728
0.107381
0.105207
0.103362
0.101982
0.101182
0.101074
0.101759
0.103316
0.105777
0.109112
0.113208
0.117830
0.122566
0.126819
0.129953
0.131540
0.131534
0.130252
0.128194
0.125846
0.123569
0.121545
0.119767
0.118099
0.116402
0.114630
0.112857
0.111225
0.109885
0.108928
0.108330
0.107977
0.107758
0.107646
0.107686
0.107921
0.108351
0.108973
0.109805
0.110874
0.112163
0.113590
0.115029
0.116354
0.117486
0.118418
0.119170
0.119728
0.120038
0.120078
0.119930
0.119761
0.119748
0.120025
0.120670
0.121710
0.123087
0.124660
0.126263
0.127780
0.129193
0.130563
0.131972
0.133453
0.134944
0.136284
0.137281
0.137790
0.137737
0.137104
0.135933
0.134377
0.132714
0.131293
0.130431
0.130342
0.131108
0.132647
0.134711
0.136934
0.138947
0.140463
0.141306
0.141392
0.140708
0.139302
0.137280
0.134819
0.132164
0.129603
0.127405
0.125793
0.124913
0.124798
0.125290
0.126056
0.126718
0.127035
0.126977
0.126656
0.126223
0.125818
0.125553
0.125478
0.125549
0.125611
0.125461
0.124940
0.124015
0.122803
0.121525
0.120427
0.119703
0.119414
0.119433
0.119479
0.119255
0.118606
0.117566
0.116295
0.114990
0.113859
0.113093
0.112829
0.113116
0.113936
0.115259
0.117077
0.119409
0.122259
0.125502
0.128764
0.131417
0.132815
0.132590
0.130814
0.127924
0.124533
0.121264
0.118644
0.117046
0.116674
0.117562
0.119582
0.122472
0.125943
0.129751
0.133665
0.137346
0.140346
0.142298
0.143148
0.143184
0.142859
0.142581
0.142617
0.143081
0.143915
0.144867
0.145534
0.145498
0.144505
0.142572
0.139965
0.137071
0.134253
0.131776
0.129764
0.128171
0.126802
0.125425
0.123916
0.122315
0.120772
0.119428
0.118313
0.117315
0.116224
0.114843
0.113103
0.111067
0.108826
0.106419
0.103864
0.101228
0.098633
0.096194
0.093971
0.091996
0.090315
0.088967
0.087944
0.087174
0.086573
0.086109
0.085810
0.085738
0.085945
0.086473
0.087367
0.088689
0.090496
0.092803
0.095559
0.098630
0.101833
0.105003
0.108055
0.111021
0.114036
0.117279
0.120924
0.125146
0.130167
0.136315
0.144006
0.153662
0.165590
0.179794
0.195662
0.211667
0.225445
0.234498
0.237191
0.233363
0.224195
0.211586
0.197531
0.183740
0.171404
0.161094
0.152852
0.146447
0.141592
0.138005
0.135381
0.133426
0.131940
0.130884
0.130353
0.130504
0.131475
0.133360
0.136206
0.139980
0.144489
0.149319
0.153876
0.157516
0.159673
0.159970
0.158315
0.154970
0.150496
0.145569
0.140789
0.136588
0.133218
0.130747
0.129073
0.127991
0.127281
0.126769
0.126345
0.125982
0.125729
0.125677
0.125901
0.126437
0.127285
0.128421
0.129815
0.131450
0.133326
0.135403
0.137537
0.139499
0.141070
0.142142
0.142767
0.143153
0.143633
0.144560
0.146176
0.148530
0.151530
0.155077
0.159180
0.163968
0.169618
0.176208
0.183563
0.191180
0.198307
0.204137
0.208018
0.209574
0.208726
0.205649
0.200698
0.194352
0.187159
0.179676
0.172413
0.165766
0.159964
0.155046
0.150877
0.147225
0.143864
0.140685
0.137727
0.135155
0.133200
0.132099
0.132038
0.133090
0.135155
0.137950
0.141080
0.144180
0.147052
0.149698
0.152250
0.154842
0.157550
0.160427
0.163597
0.167288
0.171747
0.177058
0.182948
0.188741
0.193508
0.196383
0.196886
0.195073
0.191472
0.186889
0.182190
0.178150
0.175342
0.174080
0.174415
0.176195
0.179149
0.182992
0.187520
0.192679
0.198543
0.205226
0.212783
0.221190
0.230323
0.239879
0.249237
0.257431
0.263374
0.266268
0.265963
0.263042
0.258578
0.253705
0.249202
0.245287
0.241672
0.237823
0.233266
0.227779
0.221444
0.214563
0.207527
0.200673
0.194220
0.188277
0.182885
0.178072
0.173886
0.170403
0.167693
0.165715
0.164250
0.162940
0.161466
0.159702
0.157747
0.155834
0.154226
0.153181
0.152940
0.153705
0.155574
0.158455
0.161972
0.165453
0.168077
0.169144
0.168319
0.165703
0.161734
0.157003
0.152068
0.147297
0.142798
0.138489
0.134244
0.130030
0.125945
0.122185
0.118989
0.116589
0.115150
0.114736
0.115320
0.116822
0.119093
0.121851
0.124643
0.126955
0.128423
0.129004
0.128956
0.128651
0.128387
0.128300
0.128411
0.128702
0.129182
0.129914
0.131000
0.132514
0.134421
0.136506
0.138394
0.139644
0.139883
0.138928
0.136841
0.133903
0.130524
0.127124
0.124037
0.121490
0.119624
0.118516
0.118123
0.118197
0.118312
0.118041
0.117182
0.115841
0.114324
0.112958
0.112004
0.111659
0.112093
0.113442
0.115790
0.119101
0.123132
0.127361
0.131060
0.133527
0.134369
0.133642
0.131741
0.129147
0.126236
0.123247
0.120371
0.117821
0.115799
0.114430
0.113727
0.113629
0.114063
0.114979
0.116370
0.118259
0.120652
0.123453
0.126394
0.129043
0.130951
0.131822
0.131610
0.130512
0.128902
0.127244
0.125946
0.125183
0.124804
0.124427
0.123647
0.122218
0.120094
0.117394
0.114340
0.111178
0.108084
0.105119
0.102273
0.099555
0.097028
0.094777
0.092858
0.091289
0.090047
0.089082
0.088324
0.087705
0.087181
0.086740
0.086387
0.086133
0.085992
0.085981
0.086133
0.086502
0.087143
0.088090
0.089312
0.090707
0.092110
0.093348
0.094309
0.094986
0.095464
0.095876
0.096337
0.096910
0.097591
0.098334
0.099083
0.099811
0.100535
0.101311
0.102199
0.103216
0.104294
0.105288
0.106030
0.106391
0.106297
0.105737
0.104773
0.103554
0.102281
0.101116
0.100140
0.099384
0.098919
0.098891
0.099482
0.100842
0.103061
0.106154
0.110021
0.114376
0.118755
0.122642
0.125672
0.127767
0.129086
0.129849
0.130161
0.129993
0.129288
0.128122
0.126763
0.125624
0.125135
0.125615
0.127166
0.129649
0.132752
0.136146
0.139627
0.143127
0.146628
0.150044
0.153197
0.155897
0.158056
0.159744
0.161149
0.162480
0.163905
0.165519
0.167304
0.169067
0.170430
0.170974
0.170474
0.169027
0.166970
0.164707
0.162602
0.161002
0.160246
0.160635
0.162399
0.165707
0.170675
0.177313
0.185479
0.194915
0.205347
0.216542
0.228260
0.240128
0.251568
0.261807
0.269975
0.275250
0.277022
0.275032
0.269467
0.260950
0.250429
0.238967
0.227520
0.216792
0.207187
0.198813
0.191520
0.184992
0.178896
0.173001
0.167200
0.161443
0.155708
0.150058
0.144683
0.139847
0.135767
0.132528
0.130082
0.128319
0.127149
0.126568
0.126636
0.127373
0.128621
0.130031
0.131185
0.131795
0.131797
0.131343
0.130696
0.130131
0.129863
0.130022
0.130640
0.131660
0.132958
0.134400
0.135858
0.137167
0.138070
0.138289
0.137694
0.136433
0.134899
0.133556
0.132777
0.132730
0.133341
0.134333
0.135371
0.136232
0.136885
0.137481
0.138290
0.139623
0.141695
0.144481
0.147696
0.150926
0.153784
0.155984
0.157352
0.157895
0.157851
0.157606
0.157466
0.157495
0.157573
0.157615
0.157686
0.157931
0.158428
0.159133
0.159963
0.160881
0.161894
0.162994
0.164129
0.165248
0.166359
0.167551
0.168936
0.170586
0.172483
0.174538
0.176682
0.179007
0.181806
0.185372
0.189601
0.193702
0.196382
0.196468
0.193540
0.188078
0.181135
0.173867
0.167259
0.161996
0.158372
0.156253
0.155193
0.154646
0.154163
0.153516
0.152762
0.152202
0.152186
0.152831
0.153904
0.154942
0.155517
0.155432
0.154751
0.153695
0.152517
0.151431
0.150614
0.150197
0.150181
0.150351
0.150346
0.149876
0.148876
0.147489
0.145927
0.144412
0.143175
0.142425
0.142276
0.142724
0.143715
0.145195
0.147065
0.149077
0.150806
0.151757
0.151548
0.150027
0.147298
0.143667
0.139585
0.135585
0.132193
0.129817
0.128664
0.128681
0.129558
0.130810
0.131977
0.132818
0.133356
0.133733
0.134056
0.134381
0.134789
0.135384
0.136197
0.137083
0.137739
0.137826
0.137124
0.135621
0.133524
0.131186
0.128978
0.127181
0.125952
0.125343
0.125374
0.126047
0.127300
0.128937
0.130664
0.132224
0.133524
0.134643
0.135741
0.136962
0.138409
0.140140
0.142152
0.144337
0.146446
0.148084
0.148794
0.148203
0.146168
0.142823
0.138519
0.133685
0.128684
0.123732
0.118920
0.114299
0.109947
0.105983
0.102550
0.099803
0.097881
0.096853
0.096684
0.097266
0.098461
0.100095
0.101958
0.103833
0.105549
0.106990
0.108082
0.108809
0.109246
0.109530
0.109806
0.110187
0.110709
0.111267
0.111615
0.111484
0.110751
0.109495
0.107897
0.106135
0.104368
0.102726
0.101277
0.100002
0.098852
0.097832
0.097021
0.096538
0.096500
0.096991
0.098041
0.099632
0.101670
0.103930
0.106033
0.107558
0.108256
0.108167
0.107557
0.106776
0.106187
0.106134
0.106894
0.108630
0.111373
0.115067
0.119647
0.125135
0.131630
0.139038
0.146665
0.153112
0.156769
0.156606
0.152629
0.145726
0.137180
0.128264
0.120030
0.113194
0.108089
0.104733
0.102967
0.102543
0.103122
0.104274
0.105549
0.106597
0.107250
0.107509
0.107442
0.107101
0.106499
0.105637
0.104507
0.103098
0.101409
0.099498
0.097519
0.095692
0.094259
0.093419
0.093295
0.093885
0.095019
0.096343
0.097365
0.097613
0.096828
0.095055
0.092558
0.089657
0.086623
0.083657
0.080892
0.078400
0.076203
0.074307
0.072713
0.071408
0.070374
0.069617
0.069153
0.068967
0.069008
0.069212
0.069530
0.069921
0.070344
0.070778
0.071234
0.071755
0.072419
0.073341
0.074650
0.076436
0.078697
0.081296
0.083934
0.086177
0.087601
0.087951
0.087220
0.085598
0.083390
0.080951
0.078615
0.076624
0.075114
0.074156
0.073767
0.073877
0.074323
0.074925
0.075572
0.076234
0.076928
0.077678
0.078464
0.079169
0.079611
0.079655
0.079294
0.078622
0.077779
0.076945
0.076331
0.076121
0.076451
0.077462
0.079340
0.082281
0.086461
0.092012
0.098826
0.106159
0.112486
0.116049
0.115805
0.111933
0.105501
0.097778
0.089831
0.082475
0.076253
0.071351
0.067649
0.064919
0.062969
0.061640
0.060771
0.060219
0.059871
0.059618
0.059350
0.059018
0.058663
0.058368
0.058185
0.058137
0.058228
0.058437
0.058721
0.059039
0.059376
0.059705
0.059962
0.060057
0.059934
0.059603
0.059127
0.058603
0.058141
0.057851
0.057815
0.058056
0.058518
0.059084
0.059632
0.060101
0.060491
0.060809
0.061019
0.061058
0.060895
0.060551
0.060092
0.059597
0.059138
0.058750
0.058442
0.058234
0.058180
0.058341
0.058743
0.059339
0.060019
0.060625
0.060978
0.060924
0.060397
0.059436
0.058149
0.056681
0.055180
0.053791
0.052630
0.051775
0.051271
0.051153
0.051441
0.052119
0.053130
0.054390
0.055821
0.057359
0.058922
0.060384
0.061590
0.062417
0.062826
0.062874
0.062678
0.062395
0.062181
0.062154
0.062356
0.062758
0.063306
0.063945
0.064619
0.065269
0.065857
0.066413
0.067020
0.067750
0.068584
0.069384
0.069959
0.070188
0.070109
0.069925
0.069932
0.070426
0.071645
0.073732
0.076694
0.080351
0.084323
0.088061
0.090957
0.092510
0.092470
0.090910
0.088157
0.084675
0.080955
0.077449
0.074511
0.072353
0.071044
0.070555
0.070777
0.071506
0.072463
0.073406
0.074251
0.075052
0.075851
0.076557
0.076980
0.076975
0.076519
0.075654
0.074408
0.072797
0.070903
0.068913
0.067052
0.065501
0.064381
0.063783
0.063793
0.064459
0.065783
0.067764
0.070448
0.073917
0.078219
0.083287
0.088893
0.094615
0.099864
0.104012
0.106590
0.107439
0.106718
0.104797
0.102151
0.099288
0.096664
0.094541
0.092891
0.091463
0.089973
0.088292
0.086473
0.084655
0.082947
0.081373
0.079893
0.078466
0.077117
0.075965
0.075183
0.074888
0.075046
0.075442
0.075755
0.075685
0.075063
0.073897
0.072338
0.070567
0.068685
0.066669
0.064435
0.061959
0.059343
0.056785
0.054498
0.052641
0.051307
0.050530
0.050306
0.050617
0.051465
0.052872
0.054837
0.057260
0.059917
0.062528
0.064879
0.066896
0.068592
0.069940
0.070794
0.070968
0.070389
0.069197
0.067703
0.066266
0.065214
0.064816
0.065286
0.066740
0.069139
0.072236
0.075594
0.078678
0.080982
0.082140
0.081980
0.080543
0.078058
0.074860
0.071275
0.067541
0.063806
0.060182
0.056771
0.053658
0.050910
0.048587
0.046737
0.045335
0.044253
0.043287
0.042259
0.041090
0.039823
0.038571
0.037463
0.036599
0.036052
0.035862
0.036018
0.036453
0.037068
0.037788
0.038582
0.039443
0.040378
0.041397
0.042494
0.043595
0.044546
0.045181
0.045419
0.045290
0.044899
0.044371
0.043829
0.043371
0.043040
0.042826
0.042717
0.042736
0.042915
0.043213
0.043490
0.043553
0.043248
0.042520
0.041402
0.039989
0.038423
0.036862
0.035440
0.034233
0.033270
0.032556
0.032096
0.031886
0.031904
0.032112
0.032460
0.032901
0.033399
0.033922
0.034424
0.034839
0.035111
0.035236
0.035257
0.035223
0.035164
0.035119
0.035150
0.035308
0.035603
0.036009
0.036489
0.037004
0.037514
0.037996
0.038473
0.039006
0.039659
0.040481
0.041501
0.042716
0.044060
0.045382
0.046487
0.047189
0.047379
0.047062
0.046354
0.045427
0.044444
0.043532
0.042793
0.042301
0.042072
0.042048
0.042128
0.042216
0.042251
0.042224
0.042172
0.042162
0.042275
0.042570
0.043077
0.043792
0.044698
0.045783
0.047044
0.048476
0.050044
0.051682
0.053294
0.054774
0.056017
0.056947
0.057548
0.057860
0.057960
0.057940
0.057912
0.058008
0.058364
0.059105
0.060331
0.062095
0.064374
0.067032
0.069829
0.072443
0.074525
0.075783
0.076080
0.075503
0.074339
0.072985
0.071829
0.071163
0.071139
0.071760
0.072899
0.074347
0.075860
0.077202
0.078142
0.078445
0.077889
0.076343
0.073838
0.070571
0.066844
0.062996
0.059352
0.056178
0.053641
0.051798
0.050608
0.049966
0.049717
0.049673
0.049659
0.049552
0.049305
0.048933
0.048474
0.047957
0.047391
0.046799
0.046237
0.045778
0.045474
0.045355
0.045473
0.045941
0.046902
0.048480
0.050774
0.053857
0.057720
0.062158
0.066698
0.070660
0.073353
0.074319
0.073495
0.071209
0.068029
0.064557
0.061279
0.058506
0.056357
0.054792
0.053666
0.052800
0.052028
0.051221
0.050304
0.049262
0.048133
0.046971
0.045820
0.044712
0.043667
0.042697
0.041805
0.041013
0.040363
0.039908
0.039698
0.039769
0.040150
0.040871
0.041963
0.043458
0.045355
0.047585
0.049964
0.052213
0.054030
0.055201
0.055666
0.055529
0.055007
0.054376
0.053911
0.053825
0.054217
0.055046
0.056154
0.057297
0.058188
0.058550
0.058177
0.057002
0.055114
0.052723
0.050091
0.047468
0.045044
0.042941
0.041220
0.039894
0.038931
0.038269
0.037845
0.037607
0.037513
0.037520
0.037601
0.037757
0.038017
0.038394
0.038832
0.039195
0.039309
0.039021
0.038264
0.037070
0.035561
0.033903
0.032262
0.030778
0.029550
0.028628
0.028016
0.027686
0.027594
0.027707
0.028017
0.028539
0.029290
0.030284
0.031529
0.033038
0.034821
0.036860
0.039061
0.041205
0.042988
0.044134
0.044513
0.044160
0.043193
0.041746
0.039964
0.038023
0.036106
0.034360
0.032887
0.031743
0.030946
0.030455
0.030201
0.030115
0.030145
0.030236
0.030315
0.030299
0.030121
0.029740
0.029163
0.028441
0.027648
0.026849
0.026097
0.025433
0.024876
0.024418
0.024041
0.023744
0.023525
0.023354
0.023182
0.022989
0.022793
0.022616
0.022453
0.022281
0.022091
0.021889
0.021681
0.021473
0.021273
0.021106
0.021011
0.021034
0.021208
0.021550
0.022057
0.022713
0.023470
0.024244
0.024945
0.025531
0.026036
0.026528
0.027070
0.027685
0.028332
0.028905
0.029262
0.029305
0.029026
0.028497
0.027818
0.027082
0.026357
0.025685
0.025079
0.024539
0.024063
0.023651
0.023298
0.023000
0.022753
0.022551
0.022388
0.022273
0.022226
0.022267
0.022400
0.022611
0.022871
0.023125
0.023295
0.023306
0.023120
0.022743
0.022213
0.021584
0.020917
0.020270
0.019683
0.019174
0.018744
0.018382
0.018077
0.017821
0.017612
0.017448
0.017325
0.017246
0.017224
0.017256
0.017321
0.017399
0.017492
0.017620
0.017790
0.017997
0.018224
0.018447
0.018634
0.018752
0.018790
0.018753
0.018661
0.018530
0.018384
0.018252
0.018162
0.018133
0.018163
0.018234
0.018322
0.018410
0.018501
0.018609
0.018752
0.018935
0.019154
0.019395
0.019651
0.019926
0.020240
0.020608
0.021038
0.021534
0.022101
0.022727
0.023369
0.023959
0.024417
0.024679
0.024712
0.024534
0.024207
0.023812
0.023434
0.023143
0.022979
0.022931
0.022930
0.022898
0.022799
0.022659
0.022527
0.022439
0.022413
0.022467
0.022639
0.022964
0.023468
0.024172
0.025108
0.026320
0.027842
0.029702
0.031930
0.034569
0.037677
0.041321
0.045506
0.049990
0.054133
0.057030
0.057952
0.056749
0.053860
0.049985
0.045776
0.041750
0.038292
0.035612
0.033722
0.032531
0.031945
0.031884
0.032231
0.032842
0.033584
0.034341
0.034992
0.035427
0.035580
0.035414
0.034890
0.033983
0.032734
0.031244
0.029637
0.028027
0.026528
0.025242
0.024234
0.023536
0.023177
0.023184
0.023566
0.024325
0.025478
0.027036
0.028921
0.030915
0.032685
0.033885
0.034275
0.033817
0.032673
0.031116
0.029411
0.027764
0.026322
0.025157
0.024256
0.023562
0.023024
0.022614
0.022294
0.022017
0.021753
0.021499
0.021264
0.021053
0.020889
0.020805
0.020814
0.020903
0.021050
0.021240
0.021464
0.021731
0.022079
0.022548
0.023135
0.023793
0.024469
0.025106
0.025620
0.025915
0.025946
0.025746
0.025385
0.024923
0.024421
0.023956
0.023597
0.023382
0.023326
0.023427
0.023662
0.024004
0.024440
0.024985
0.025658
0.026485
0.027522
0.028860
0.030591
0.032756
0.035323
0.038148
0.040967
0.043484
0.045506
0.046984
0.047925
0.048295
0.048043
0.047190
0.045859
0.044236
0.042502
0.040792
0.039162
0.037593
0.036042
0.034494
0.032978
0.031554
0.030301
0.029302
0.028616
0.028250
0.028185
0.028383
0.028789
0.029331
0.029956
0.030643
0.031379
0.032138
0.032881
0.033573
0.034166
0.034594
0.034797
0.034742
0.034414
0.033805
0.032935
0.031870
0.030700
0.029514
0.028395
0.027416
0.026626
0.026034
0.025638
0.025442
0.025444
0.025632
0.025999
0.026560
0.027327
0.028292
0.029456
0.030857
0.032557
0.034623
0.037131
0.040171
0.043791
0.047927
0.052347
0.056664
0.060428
0.063309
0.065259
0.066516
0.067432
0.068311
0.069343
0.070598
0.071981
0.073232
0.074024
0.074076
0.073201
0.071313
0.068469
0.064887
0.060861
0.056673
0.052573
0.048795
0.045515
0.042794
0.040591
0.038831
0.037429
0.036281
0.035296
0.034443
0.033720
0.033124
0.032653
0.032338
0.032217
0.032304
0.032610
0.033174
0.034024
0.035138
0.036486
0.038088
0.039973
0.042075
0.044252
0.046372
0.048341
0.050041
0.051324
0.052069
0.052218
0.051761
0.050730
0.049211
0.047321
0.045182
0.042936
0.040766
0.038833
0.037209
0.035912
0.034977
0.034432
0.034237
0.034323
0.034662
0.035234
0.035940
0.036624
0.037191
0.037620
0.037905
0.038050
0.038139
0.038310
0.038670
0.039275
0.040191
0.041448
0.042938
0.044441
0.045755
0.046750
0.047330
0.047469
0.047302
0.047062
0.046920
0.046959
0.047272
0.047925
0.048859
0.049951
0.051179
0.052594
0.054136
0.055646
0.057094
0.058629
0.060396
0.062510
0.065213
0.068846
0.073636
0.079712
0.087387
0.097201
0.109721
0.125679
0.146384
0.173683
0.209433
0.255282
0.312354
0.379221
0.448718
0.507619
0.541899
0.544209
0.516999
0.469279
0.411350
0.352000
0.298007
0.253589
0.219704
0.194682
0.176031
0.161663
0.149901
0.139315
0.128988
0.118653
0.108373
0.098263
0.088561
0.079640
0.071762
0.064941
0.059130
0.054363
0.050619
0.047729
0.045503
0.043840
0.042647
0.041789
0.041205
0.040947
0.041057
0.041470
0.042103
0.042907
0.043786
0.044576
0.045168
0.045597
0.045945
0.046247
0.046522
0.046798
0.047034
0.047092
0.046862
0.046364
0.045693
0.044944
0.044242
0.043763
0.043648
0.043926
0.044543
0.045396
0.046297
0.046976
0.047222
0.047023
0.046525
0.045904
0.045319
0.044890
0.044646
0.044489
0.044290
0.044023
0.043778
0.043697
0.043935
0.044642
0.045885
0.047534
0.049266
0.050686
0.051499
0.051621
0.051214
0.050589
0.050067
0.049866
0.050086
0.050693
0.051490
0.052158
0.052406
0.052100
0.051256
0.049978
0.048429
0.046810
0.045274
0.043867
0.042571
0.041384
0.040327
0.039406
0.038616
0.037980
0.037524
0.037248
0.037127
0.037159
0.037359
0.037738
0.038290
0.038986
0.039744
0.040454
0.041063
0.041639
0.042318
0.043223
0.044439
0.046013
0.047874
0.049768
0.051353
0.052418
0.053009
0.053388
0.053902
0.054864
0.056425
0.058479
0.060707
0.062730
0.064254
0.065117
0.065262
0.064709
0.063536
0.061851
0.059786
0.057502
0.055155
0.052834
0.050554
0.048297
0.046057
0.043837
0.041650
0.039544
0.037598
0.035885
0.034443
0.033294
0.032450
0.031902
0.031613
0.031535
0.031628
0.031851
0.032152
0.032495
0.032872
0.033301
0.033820
0.034469
0.035270
0.036213
0.037274
0.038439
0.039707
0.041060
0.042446
0.043761
0.044816
0.045346
0.045118
0.044082
0.042409
0.040383
0.038273
0.036288
0.034581
0.033237
0.032264
0.031620
0.031255
0.031118
0.031155
0.031312
0.031558
0.031880
0.032278
0.032758
0.033316
0.033905
0.034432
0.034786
0.034894
0.034728
0.034301
0.033669
0.032922
0.032152
0.031424
0.030768
0.030196
0.029715
0.029328
0.029030
0.028815
0.028671
0.028587
0.028564
0.028623
0.028787
0.029072
0.029491
0.030048
0.030734
0.031509
0.032318
0.033114
0.033866
0.034554
0.035159
0.035671
0.036087
0.036419
0.036674
0.036842
0.036877
0.036712
0.036302
0.035643
0.034778
0.033784
0.032769
0.031844
0.031095
0.030566
0.030272
0.030200
0.030315
0.030563
0.030905
0.031315
0.031760
0.032188
0.032539
0.032770
0.032855
0.032788
0.032600
0.032351
0.032102
0.031879
0.031691
0.031553
0.031483
0.031483
0.031544
0.031661
0.031843
0.032100
0.032437
0.032841
0.033268
0.033641
0.033879
0.033921
0.033731
0.033288
0.032589
0.031665
0.030570
0.029381
0.028184
0.027062
0.026071
0.025243
0.024598
0.024159
0.023927
0.023869
0.023952
0.024165
0.024496
0.024907
0.025340
0.025747
0.026081
0.026285
0.026315
0.026174
0.025909
0.025576
0.025229
0.024942
0.024788
0.024802
0.024973
0.025283
0.025724
0.026284
0.026927
0.027606
0.028263
0.028828
0.029222
0.029391
0.029317
0.029011
0.028506
0.027866
0.027179
0.026542
0.026045
0.025776
0.025810
0.026199
0.026976
0.028135
0.029568
0.031007
0.032084
0.032507
0.032209
0.031334
0.030128
0.028837
0.027660
0.026726
0.026082
0.025699
0.025493
0.025352
0.025187
0.024971
0.024724
0.024469
0.024210
0.023950
0.023706
0.023494
0.023323
0.023209
0.023179
0.023243
0.023394
0.023636
0.023998
0.024525
0.025280
0.026369
0.027937
0.030117
0.032990
0.036518
0.040405
0.044002
0.046473
0.047225
0.046222
0.043916
0.040911
0.037739
0.034821
0.032458
0.030779
0.029758
0.029310
0.029371
0.029876
0.030752
0.031946
0.033452
0.035294
0.037531
0.040281
0.043687
0.047833
0.052716
0.058223
0.063959
0.069080
0.072459
0.073270
0.071482
0.067794
0.063144
0.058325
0.053945
0.050465
0.048114
0.046760
0.045974
0.045249
0.044208
0.042700
0.040784
0.038657
0.036552
0.034659
0.033096
0.031912
0.031088
0.030559
0.030251
0.030104
0.030077
0.030140
0.030265
0.030411
0.030522
0.030554
0.030499
0.030383
0.030225
0.030022
0.029768
0.029477
0.029174
0.028880
0.028603
0.028348
0.028112
0.027887
0.027675
0.027491
0.027357
0.027300
0.027350
0.027530
0.027856
0.028339
0.029001
0.029866
0.030950
0.032272
0.033855
0.035685
0.037674
0.039666
0.041508
0.043118
0.044513
0.045804
0.047160
0.048753
0.050700
0.053033
0.055679
0.058449
0.061052
0.063155
0.064473
0.064824
0.064159
0.062587
0.060372
0.057867
0.055408
0.053241
0.051487
0.050137
0.049089
0.048227
0.047494
0.046888
0.046407
0.046032
0.045755
0.045583
0.045522
0.045600
0.045908
0.046589
0.047792
0.049667
0.052420
0.056297
0.061516
0.068220
0.076422
0.085803
0.095485
0.104130
0.110516
0.114192
0.115650
0.115973
0.116240
0.117020
0.118056
0.118348
0.116698
0.112431
0.105736
0.097434
0.088530
0.079924
0.072303
0.066072
0.061311
0.057865
0.055506
0.054010
0.053154
0.052719
0.052536
0.052496
0.052519
0.052557
0.052602
0.052681
0.052811
0.053001
0.053284
0.053730
0.054411
0.055384
0.056695
0.058382
0.060456
0.062905
0.065705
0.068827
0.072202
0.075691
0.079095
0.082181
0.084708
0.086453
0.087252
0.087039
0.085868
0.083921
0.081475
0.078838
0.076266
0.073927
0.071906
0.070230
0.068878
0.067796
0.066908
0.066139
0.065422
0.064706
0.063958
0.063159
0.062301
0.061397
0.060492
0.059658
0.058983
0.058558
0.058471
0.058793
0.059566
0.060809
0.062535
0.064759
0.067474
0.070637
0.074180
0.078044
0.082166
0.086443
0.090696
0.094693
0.098204
0.101064
0.103216
0.104693
0.105568
0.105895
0.105684
0.104941
0.103704
0.102050
0.100057
0.097780
0.095260
0.092542
0.089683
0.086737
0.083755
0.080793
0.077920
0.075221
0.072794
0.070749
0.069198
0.068234
0.067915
0.068279
0.069354
0.071172
0.073760
0.077135
0.081294
0.086200
0.091766
0.097840
0.104181
0.110461
0.116298
0.121310
0.125183
0.127698
0.128749
0.128328
0.126513
0.123447
0.119320
0.114344
0.108749
0.102769
0.096638
0.090563
0.084716
0.079224
0.074166
0.069579
0.065463
0.061804
0.058592
0.055817
0.053465
0.051513
0.049950
0.048782
0.048024
0.047680
0.047748
0.048233
0.049146
0.050495
0.052256
0.054371
0.056731
0.059193
0.061597
0.063805
0.065712
0.067239
0.068317
0.068877
0.068858
0.068229
0.067011
0.065292
0.063197
0.060855
0.058384
0.055890
0.053473
0.051217
0.049193
0.047457
0.046040
0.044936
0.044104
0.043492
0.043044
0.042712
0.042456
0.042246
0.042068
0.041912
0.041785
0.041711
0.041710
0.041785
0.041923
0.042106
0.042316
0.042535
0.042749
0.042949
0.043119
0.043229
0.043246
0.043162
0.042985
0.042726
0.042400
0.042039
0.041675
0.041322
0.040975
0.040639
0.040327
0.040054
0.039832
0.039685
0.039644
0.039731
0.039952
0.040305
0.040787
0.041380
0.042063
0.042833
0.043690
0.044623
0.045602
0.046605
0.047624
0.048653
0.049681
0.050709
0.051746
0.052805
0.053916
0.055124
0.056479
0.058015
0.059755
0.061717
0.063891
0.066218
0.068611
0.071000
0.073352
0.075667
0.077997
0.080474
0.083274
0.086572
0.090526
0.095294
0.101048
0.107985
0.116373
0.126600
0.139175
0.154756
0.174242
0.198872
0.230271
0.270459
0.321749
0.386215
0.464635
0.555321
0.653446
0.751168
0.838526
0.905189
0.942857
0.947387
0.919555
0.864317
0.789443
0.704136
0.617517
0.537038
0.467570
0.411599
0.369969
0.342483
0.328470
0.327538
0.340122
0.367357
0.410497
0.469985
0.543482
0.623104
0.694585
0.741170
0.750896
0.721880
0.661744
0.582776
0.497208
0.414862
0.342284
0.282386
0.234901
0.197832
0.168936
0.146336
0.128495
0.114212
0.102679
0.093351
0.085753
0.079487
0.074336
0.070209
0.067011
0.064649
0.063106
0.062386
0.062402
0.062971
0.063915
0.065093
0.066380
0.067709
0.069135
0.070820
0.072953
0.075760
0.079580
0.084849
0.091989
0.101348
0.113125
0.127037
0.141786
0.154905
0.163496
0.165524
0.160684
0.150261
0.136327
0.121014
0.106139
0.092996
0.082208
0.073794
0.067456
0.062839
0.059599
0.057391
0.055930
0.055033
0.054590
0.054519
0.054791
0.055457
0.056584
0.058213
0.060379
0.063126
0.066482
0.070473
0.075192
0.080853
0.087783
0.096491
0.107750
0.122521
0.141741
0.166118
0.195710
0.228920
0.261510
0.287134
0.299948
0.297503
0.281515
0.256247
0.226389
0.195978
0.168096
0.144568
0.125800
0.111219
0.100017
0.091526
0.085164
0.080384
0.076757
0.073971
0.071740
0.069837
0.068195
0.066881
0.065962
0.065471
0.065458
0.065953
0.066925
0.068355
0.070343
0.073100
0.076877
0.081994
0.088880
0.097972
0.109581
0.123769
0.140016
0.156657
0.170770
0.179149
0.179868
0.173103
0.160656
0.144903
0.128093
0.112073
0.098078
0.086579
0.077420
0.070160
0.064326
0.059500
0.055372
0.051790
0.048708
0.046090
0.043898
0.042139
0.040849
0.040029
0.039643
0.039657
0.040047
0.040734
0.041566
0.042345
0.042861
0.042951
0.042560
0.041777
0.040768
0.039685
0.038643
0.037739
0.037054
0.036632
0.036484
0.036616
0.037022
0.037652
0.038411
0.039188
0.039889
0.040457
0.040909
0.041330
0.041831
0.042487
0.043314
0.044256
0.045176
0.045869
0.046145
0.045926
0.045266
0.044305
0.043213
0.042145
0.041185
0.040339
0.039571
0.038868
0.038248
0.037718
0.037251
0.036800
0.036300
0.035676
0.034872
0.033887
0.032771
0.031603
0.030459
0.029410
0.028512
0.027788
0.027218
0.026750
0.026331
0.025932
0.025559
0.025244
0.025023
0.024933
0.025012
0.025286
0.025745
0.026360
0.027101
0.027928
0.028752
0.029442
0.029888
0.030054
0.029962
0.029645
0.029145
0.028514
0.027801
0.027038
0.026247
0.025457
0.024690
0.023955
0.023255
0.022612
0.022057
0.021615
0.021302
0.021130
0.021105
0.021231
0.021538
0.022079
0.022889
0.023952
0.025181
0.026420
0.027447
0.028053
0.028148
0.027806
0.027164
0.026322
0.025345
0.024325
0.023380
0.022597
0.022016
0.021676
0.021618
0.021853
0.022345
0.023035
0.023847
0.024662
0.025319
0.025669
0.025624
0.025178
0.024404
0.023445
0.022464
0.021578
0.020829
0.020211
0.019696
0.019245
0.018819
0.018400
0.017999
0.017640
0.017349
0.017148
0.017056
0.017071
0.017172
0.017330
0.017520
0.017712
0.017885
0.018047
0.018229
0.018472
0.018816
0.019287
0.019864
0.020457
0.020950
0.021267
0.021390
0.021325
0.021075
0.020669
0.020164
0.019614
0.019053
0.018511
0.018019
0.017589
0.017203
0.016843
0.016517
0.016244
0.016037
0.015900
0.015841
0.015859
0.015937
0.016063
0.016238
0.016456
0.016694
0.016937
0.017190
0.017466
0.017762
0.018058
0.018335
0.018580
0.018779
0.018925
0.019022
0.019077
0.019092
0.019061
0.018982
0.018845
0.018650
0.018420
0.018195
0.018002
0.017844
0.017730
0.017686
0.017733
0.017867
0.018081
0.018389
0.018805
0.019323
0.019932
0.020637
0.021464
0.022457
0.023718
0.025412
0.027719
0.030784
0.034696
0.039427
0.044634
0.049523
0.053044
0.054390
0.053402
0.050560
0.046642
0.042398
0.038423
0.035128
0.032727
0.031218
0.030431
0.030104
0.029954
0.029738
0.029305
0.028614
0.027699
0.026621
0.025438
0.024216
0.023020
0.021908
0.020912
0.020057
0.019361
0.018837
0.018482
0.018278
0.018203
0.018241
0.018377
0.018599
0.018905
0.019303
0.019794
0.020349
0.020895
0.021329
0.021568
0.021590
0.021442
0.021218
0.021011
0.020900
0.020930
0.021103
0.021373
0.021676
0.021961
0.022189
0.022322
0.022322
0.022173
0.021904
0.021566
0.021213
0.020885
0.020608
0.020389
0.020224
0.020110
0.020051
0.020045
0.020070
0.020089
0.020065
0.019972
0.019812
0.019612
0.019413
0.019239
0.019100
0.019009
0.018991
0.019064
0.019227
0.019473
0.019804
0.020226
0.020733
0.021314
0.021956
0.022637
0.023312
0.023932
0.024467
0.024913
0.025291
0.025644
0.026038
0.026536
0.027161
0.027879
0.028605
0.029214
0.029581
0.029627
0.029351
0.028821
0.028122
0.027337
0.026531
0.025753
0.025012
0.024300
0.023622
0.023012
0.022514
0.022153
0.021929
0.021821
0.021797
0.021814
0.021840
0.021850
0.021833
0.021795
0.021756
0.021743
0.021769
0.021828
0.021910
0.022007
0.022110
0.022213
0.022320
0.022443
0.022592
0.022768
0.022968
0.023194
0.023447
0.023730
0.024059
0.024458
0.024934
0.025460
0.025971
0.026391
0.026661
0.026768
0.026751
0.026667
0.026547
0.026372
0.026093
0.025670
0.025100
0.024421
0.023703
0.023025
0.022460
0.022057
0.021836
0.021786
0.021863
0.022015
0.022195
0.022352
0.022437
0.022421
0.022309
0.022130
0.021913
0.021670
0.021411
0.021143
0.020865
0.020567
0.020248
0.019921
0.019602
0.019309
0.019062
0.018876
0.018749
0.018665
0.018604
0.018557
0.018510
0.018443
0.018344
0.018216
0.018071
0.017919
0.017762
0.017608
0.017462
0.017326
0.017202
0.017092
0.017007
0.016967
0.016994
0.017096
0.017264
0.017489
0.017779
0.018144
0.018568
0.019023
0.019493
0.019982
0.020493
0.021013
0.021530
0.022046
0.022559
0.023053
0.023502
0.023880
0.024155
0.024301
0.024305
0.024176
0.023924
0.023558
0.023101
0.022590
0.022050
0.021484
0.020892
0.020304
0.019755
0.019259
0.018800
0.018359
0.017927
0.017497
0.017070
0.016665
0.016307
0.016012
0.015780
0.015615
0.015521
0.015497
0.015529
0.015607
0.015731
0.015908
0.016148
0.016460
0.016854
0.017336
0.017903
0.018550
0.019251
0.019951
0.020575
0.021049
0.021318
0.021357
0.021180
0.020837
0.020397
0.019908
0.019392
0.018854
0.018307
0.017774
0.017284
0.016863
0.016526
0.016279
0.016116
0.016026
0.015989
0.015982
0.015988
0.016006
0.016040
0.016087
0.016139
0.016199
0.016281
0.016401
0.016570
0.016796
0.017076
0.017403
0.017767
0.018167
0.018594
0.019024
0.019416
0.019726
0.019923
0.019990
0.019934
0.019784
0.019569
0.019312
0.019033
0.018768
0.018549
0.018386
0.018265
0.018172
0.018107
0.018071
0.018065
0.018091
0.018150
0.018223
0.018263
0.018222
0.018087
0.017883
0.017649
0.017424
0.017236
0.017099
0.017017
0.016992
0.017023
0.017102
0.017206
0.017317
0.017439
0.017591
0.017786
0.018031
0.018334
0.018701
0.019141
0.019664
0.020291
0.021048
0.021948
0.022992
0.024174
0.025493
0.026929
0.028443
0.029982
0.031507
0.033014
0.034530
0.036107
0.037821
0.039766
0.042041
0.044729
0.047838
0.051202
0.054426
0.056976
0.058405
0.058549
0.057534
0.055617
0.053057
0.050099
0.046991
0.043950
0.041100
0.038487
0.036132
0.034062
0.032287
0.030788
0.029524
0.028447
0.027497
0.026614
0.025759
0.024919
0.024093
0.023286
0.022521
0.021831
0.021237
0.020735
0.020320
0.019992
0.019752
0.019588
0.019484
0.019431
0.019419
0.019429
0.019448
0.019469
0.019489
0.019495
0.019465
0.019386
0.019254
0.019074
0.018855
0.018612
0.018371
0.018161
0.018003
0.017902
0.017843
0.017804
0.017775
0.017756
0.017737
0.017695
0.017612
0.017488
0.017329
0.017149
0.016969
0.016815
0.016709
0.016666
0.016697
0.016814
0.017018
0.017303
0.017657
0.018053
0.018443
0.018777
0.019046
0.019272
0.019475
0.019651
0.019802
0.019951
0.020124
0.020309
0.020490
0.020675
0.020908
0.021240
0.021713
0.022365
0.023205
0.024152
0.025031
0.025648
0.025894
0.025790
0.025436
0.024938
0.024376
0.023817
0.023324
0.022937
0.022662
0.022483
0.022382
0.022340
0.022326
0.022318
0.022321
0.022366
0.022479
0.022666
0.022924
0.023252
0.023634
0.024051
0.024493
0.024972
0.025496
0.026058
0.026639
0.027214
0.027741
0.028171
0.028499
0.028787
0.029141
0.029642
0.030317
0.031130
0.031992
0.032774
0.033346
0.033630
0.033622
0.033397
0.033082
0.032835
0.032795
0.033051
0.033624
0.034464
0.035429
0.036304
0.036867
0.036986
0.036663
0.036011
0.035187
0.034340
0.033575
0.032949
0.032484
0.032183
0.032037
0.032038
0.032187
0.032503
0.032987
0.033594
0.034241
0.034836
0.035315
0.035671
0.035980
0.036386
0.037048
0.038065
0.039443
0.041073
0.042733
0.044136
0.045046
0.045368
0.045143
0.044472
0.043468
0.042243
0.040892
0.039462
0.037959
0.036396
0.034821
0.033295
0.031870
0.030590
0.029494
0.028604
0.027915
0.027407
0.027043
0.026775
0.026565
0.026404
0.026306
0.026279
0.026318
0.026426
0.026619
0.026908
0.027295
0.027781
0.028381
0.029114
0.030007
0.031111
0.032484
0.034153
0.036075
0.038128
0.040119
0.041802
0.042938
0.043376
0.043088
0.042161
0.040769
0.039122
0.037408
0.035738
0.034161
0.032717
0.031445
0.030367
0.029472
0.028758
0.028247
0.027965
0.027935
0.028176
0.028701
0.029480
0.030421
0.031389
0.032261
0.032970
0.033542
0.034095
0.034805
0.035834
0.037271
0.039058
0.040934
0.042480
0.043313
0.043289
0.042521
0.041237
0.039657
0.037968
0.036334
0.034848
0.033519
0.032315
0.031212
0.030183
0.029191
0.028218
0.027291
0.026442
0.025680
0.025017
0.024492
0.024137
0.023949
0.023908
0.024006
0.024237
0.024583
0.025027
0.025562
0.026148
0.026705
0.027187
0.027626
0.028089
0.028617
0.029245
0.030052
0.031120
0.032434
0.033830
0.035032
0.035769
0.035915
0.035561
0.034951
0.034307
0.033719
0.033172
0.032617
0.031999
0.031264
0.030425
0.029577
0.028818
0.028187
0.027691
0.027344
0.027128
0.026974
0.026828
0.026709
0.026664
0.026691
0.026770
0.026910
0.027123
0.027375
0.027628
0.027898
0.028215
0.028573
0.028967
0.029446
0.030050
0.030736
0.031432
0.032112
0.032767
0.033364
0.033907
0.034502
0.035257
0.036191
0.037305
0.038687
0.040434
0.042548
0.045030
0.048018
0.051676
0.056052
0.061180
0.067264
0.074595
0.083424
0.094138
0.107474
0.124316
0.145418
0.171540
0.203203
0.239051
0.273981
0.299975
0.310227
0.303121
0.282361
0.253840
0.222826
0.193277
0.168028
0.148520
0.134628
0.125369
0.119848
0.117478
0.117712
0.120052
0.124300
0.130520
0.138794
0.149198
0.161938
0.177300
0.195421
0.216235
0.239518
0.264760
0.290926
0.316405
0.339182
0.357075
0.368058
0.370765
0.364925
0.351381
0.331717
0.307868
0.281834
0.255410
0.229941
0.206272
0.184867
0.165918
0.149373
0.135025
0.122633
0.111966
0.102762
0.094749
0.087723
0.081556
0.076120
0.071289
0.067006
0.063269
0.060046
0.057260
0.054855
0.052821
0.051131
0.049730
0.048580
0.047666
0.046930
0.046269
0.045614
0.044965
0.044350
0.043789
0.043315
0.042980
0.042810
0.042803
0.042970
0.043332
0.043876
0.044550
0.045327
0.046226
0.047241
0.048304
0.049333
0.050299
0.051218
0.052133
0.053114
0.054240
0.055549
0.057032
0.058691
0.060574
0.062751
0.065271
0.068192
0.071593
0.075536
0.080031
0.085055
0.090609
0.096729
0.103511
0.111128
0.119825
0.129870
0.141528
0.155080
0.170850
0.189185
0.210435
0.234947
0.263025
0.294792
0.330022
0.367963
0.407179
0.445438
0.479781
0.506923
0.523899
0.528738
0.520924
0.501487
0.472701
0.437506
0.398922
0.359607
0.321606
0.286262
0.254274
0.225881
0.201037
0.179521
0.161000
0.145094
0.131441
0.119723
0.109658
0.101006
0.093570
0.087176
0.081662
0.076895
0.072767
0.069174
0.066006
0.063164
0.060580
0.058200
0.055974
0.053876
0.051919
0.050112
0.048425
0.046807
0.045233
0.043718
0.042286
0.040967
0.039813
0.038880
0.038209
0.037823
0.037733
0.037907
0.038251
0.038637
0.038977
0.039237
0.039384
0.039338
0.039003
0.038331
0.037366
0.036233
0.035102
0.034124
0.033405
0.033011
0.032977
0.033296
0.033898
0.034662
0.035460
0.036183
0.036736
0.037040
0.037055
0.036794
0.036326
0.035744
0.035138
0.034553
0.033969
0.033323
0.032553
0.031636
0.030604
0.029523
0.028478
0.027537
0.026734
0.026079
0.025582
0.025244
0.025048
0.024956
0.024938
0.024984
0.025084
0.025229
0.025410
0.025624
0.025873
0.026145
0.026421
0.026677
0.026891
0.027053
0.027167
0.027249
0.027329
0.027449
0.027657
0.027989
0.028458
0.029059
0.029745
0.030419
0.030949
0.031237
0.031268
0.031091
0.030783
0.030424
0.030098
0.029875
0.029787
0.029830
0.029974
0.030167
0.030343
0.030441
0.030423
0.030260
0.029916
0.029365
0.028640
0.027824
0.027008
0.026259
0.025634
0.025182
0.024938
0.024895
0.025014
0.025232
0.025485
0.025724
0.025924
0.026076
0.026169
0.026200
0.026174
0.026109
0.026014
0.025909
0.025826
0.025799
0.025831
0.025904
0.026004
0.026130
0.026289
0.026488
0.026750
0.027110
0.027607
0.028281
0.029193
0.030421
0.032006
0.033876
0.035800
0.037406
0.038312
0.038287
0.037358
0.035762
0.033812
0.031793
0.029928
0.028369
0.027179
0.026349
0.025831
0.025564
0.025464
0.025439
0.025433
0.025428
0.025426
0.025422
0.025420
0.025423
0.025421
0.025386
0.025319
0.025249
0.025204
0.025183
0.025174
0.025170
0.025155
0.025090
0.024953
0.024761
0.024553
0.024353
0.024172
0.024038
0.023987
0.024038
0.024192
0.024448
0.024807
0.025256
0.025773
0.026336
0.026923
0.027512
0.028079
0.028597
0.029012
0.029249
0.029251
0.029015
0.028581
0.027998
0.027322
0.026627
0.025986
0.025435
0.024965
0.024542
0.024138
0.023736
0.023343
0.023000
0.022759
0.022662
0.022737
0.023003
0.023457
0.024056
0.024729
0.025419
0.026097
0.026747
0.027344
0.027858
0.028246
0.028461
0.028464
0.028260
0.027896
0.027439
0.026954
0.026505
0.026160
0.025973
0.025963
0.026110
0.026356
0.026639
0.026937
0.027298
0.027812
0.028557
0.029589
0.030952
0.032646
0.034522
0.036239
0.037374
0.037651
0.037078
0.035902
0.034437
0.032950
0.031624
0.030565
0.029803
0.029284
0.028910
0.028583
0.028245
0.027887
0.027546
0.027275
0.027096
0.026971
0.026840
0.026676
0.026491
0.026300
0.026107
0.025934
0.025837
0.025870
0.026042
0.026328
0.026700
0.027124
0.027535
0.027859
0.028061
0.028155
0.028179
0.028173
0.028183
0.028259
0.028441
0.028751
0.029207
0.029815
0.030565
0.031426
0.032361
0.033314
0.034198
0.034915
0.035402
0.035656
0.035715
0.035622
0.035435
0.035228
0.035067
0.034990
0.035010
0.035137
0.035379
0.035731
0.036180
0.036717
0.037347
0.038083
0.038931
0.039888
0.040947
0.042096
0.043326
0.044626
0.045979
0.047359
0.048752
0.050156
0.051582
0.053053
0.054614
0.056329
0.058258
0.060440
0.062902
0.065669
0.068774
0.072256
0.076188
0.080690
0.085907
0.091974
0.099002
0.107101
0.116401
0.127064
0.139315
0.153492
0.170086
0.189740
0.213250
0.241541
0.275566
0.316121
0.363542
0.417273
0.475230
0.533184
0.584780
0.622757
0.641119
0.637154
0.612127
0.570453
0.518096
0.461069
0.404434
0.351771
0.305068
0.264990
0.231339
0.203463
0.180504
0.161554
0.145772
0.132444
0.120997
0.110982
0.102084
0.094105
0.086929
0.080497
0.074788
0.069786
0.065459
0.061763
0.058660
0.056104
0.054015
0.052290
0.050836
0.049592
0.048509
0.047544
0.046686
0.045965
0.045423
0.045094
0.045004
0.045176
0.045598
0.046205
0.046903
0.047597
0.048199
0.048632
0.048862
0.048908
0.048838
0.048736
0.048697
0.048810
0.049129
0.049657
0.050362
0.051198
0.052125
0.053125
0.054223
0.055468
0.056897
0.058519
0.060344
0.062411
0.064768
0.067450
0.070497
0.073969
0.077938
0.082476
0.087669
0.093637
0.100520
0.108475
0.117722
0.128599
0.141572
0.157221
0.176252
0.199464
0.227594
0.261068
0.299683
0.342158
0.385620
0.425420
0.455885
0.471999
0.471180
0.454071
0.423986
0.385598
0.343643
0.302075
0.263646
0.229843
0.201113
0.177255
0.157779
0.142102
0.129620
0.119761
0.112031
0.106037
0.101458
0.098013
0.095406
0.093290
0.091252
0.088882
0.085881
0.082152
0.077813
0.073129
0.068424
0.063993
0.060040
0.056665
0.053876
0.051645
0.049943
0.048764
0.048114
0.047993
0.048364
0.049142
0.050185
0.051301
0.052256
0.052822
0.052835
0.052233
0.051065
0.049462
0.047602
0.045651
0.043719
0.041852
0.040066
0.038385
0.036836
0.035455
0.034276
0.033337
0.032656
0.032219
0.031987
0.031903
0.031910
0.031961
0.032032
0.032130
0.032273
0.032478
0.032769
0.033172
0.033692
0.034293
0.034905
0.035459
0.035926
0.036326
0.036725
0.037208
0.037834
0.038616
0.039533
0.040538
0.041553
0.042473
0.043183
0.043587
0.043630
0.043307
0.042658
0.041742
0.040609
0.039298
0.037864
0.036384
0.034921
0.033514
0.032210
0.031067
0.030118
0.029344
0.028698
0.028152
0.027704
0.027352
0.027092
0.026919
0.026820
0.026754
0.026669
0.026537
0.026348
0.026108
0.025832
0.025558
0.025327
0.025167
0.025106
0.025185
0.025436
0.025853
0.026388
0.026986
0.027580
0.028078
0.028394
0.028486
0.028358
0.028026
0.027524
0.026919
0.026312
0.025781
0.025364
0.025077
0.024932
0.024927
0.025028
0.025184
0.025337
0.025421
0.025393
0.025250
0.025031
0.024772
0.024496
0.024239
0.024053
0.023988
0.024066
0.024305
0.024719
0.025305
0.026044
0.026925
0.027962
0.029167
0.030504
0.031880
0.033167
0.034226
0.034955
0.035329
0.035399
0.035242
0.034932
0.034539
0.034140
0.033803
0.033580
0.033528
0.033701
0.034128
0.034795
0.035656
0.036653
0.037726
0.038825
0.039922
0.041001
0.042008
0.042851
0.043431
0.043687
0.043591
0.043164
0.042496
0.041738
0.041045
0.040523
0.040227
0.040166
0.040296
0.040541
0.040849
0.041216
0.041654
0.042152
0.042689
0.043273
0.043927
0.044639
0.045359
0.046040
0.046670
0.047275
0.047910
0.048637
0.049488
0.050440
0.051419
0.052328
0.053082
0.053633
0.053987
0.054192
0.054284
0.054271
0.054153
0.053950
0.053697
0.053436
0.053234
0.053190
0.053377
0.053763
0.054184
0.054399
0.054200
0.053517
0.052439
0.051165
0.049899
0.048800
0.047980
0.047505
0.047382
0.047565
0.047986
0.048572
0.049233
0.049869
0.050411
0.050834
0.051124
0.051265
0.051256
0.051118
0.050873
0.050535
0.050143
0.049755
0.049403
0.049069
0.048745
0.048454
0.048213
0.047993
0.047753
0.047497
0.047257
0.047068
0.046973
0.047043
0.047345
0.047906
0.048723
0.049772
0.050992
0.052288
0.053586
0.054857
0.056076
0.057207
0.058254
0.059291
0.060414
0.061721
0.063356
0.065537
0.068522
0.072606
0.078188
0.085772
0.095860
0.108814
0.124606
0.142300
0.159568
0.173059
0.179835
0.178842
0.171133
0.158891
0.144372
0.129493
0.115745
0.104027
0.094574
0.087187
0.081547
0.077326
0.074181
0.071826
0.070077
0.068794
0.067829
0.067113
0.066682
0.066591
0.066854
0.067522
0.068720
0.070555
0.073102
0.076519
0.081100
0.087192
0.095223
0.105870
0.120049
0.138668
0.162444
0.191676
0.225312
0.259602
0.288091
0.304078
0.304031
0.289028
0.263333
0.232005
0.199502
0.169286
0.143534
0.122903
0.106878
0.094557
0.085136
0.077934
0.072352
0.067984
0.064626
0.062135
0.060363
0.059223
0.058708
0.058785
0.059376
0.060426
0.061924
0.063837
0.066103
0.068715
0.071758
0.075393
0.079874
0.085592
0.093026
0.102614
0.114629
0.128894
0.144245
0.158223
0.167682
0.170227
0.165363
0.154452
0.139745
0.123484
0.107532
0.093237
0.081293
0.071762
0.064358
0.058766
0.054710
0.051912
0.050111
0.049131
0.048842
0.049065
0.049565
0.050124
0.050599
0.050930
0.051146
0.051341
0.051594
0.051883
0.052095
0.052099
0.051786
0.051079
0.049986
0.048643
0.047248
0.045959
0.044863
0.044042
0.043584
0.043524
0.043833
0.044452
0.045313
0.046307
0.047294
0.048158
0.048807
0.049145
0.049099
0.048707
0.048115
0.047473
0.046893
0.046489
0.046357
0.046483
0.046754
0.047100
0.047560
0.048204
0.049093
0.050358
0.052178
0.054647
0.057761
0.061597
0.066383
0.072378
0.079889
0.089509
0.102179
0.118907
0.140579
0.167904
0.200602
0.235728
0.266979
0.286911
0.290912
0.279434
0.256704
0.227865
0.197289
0.168382
0.143495
0.123530
0.108072
0.096235
0.087320
0.080773
0.075959
0.072254
0.069203
0.066472
0.063764
0.060921
0.057987
0.055069
0.052212
0.049457
0.046923
0.044714
0.042847
0.041302
0.040096
0.039222
0.038594
0.038119
0.037761
0.037482
0.037188
0.036808
0.036367
0.035929
0.035523
0.035169
0.034939
0.034909
0.035110
0.035539
0.036194
0.037023
0.037875
0.038586
0.039073
0.039343
0.039444
0.039472
0.039563
0.039821
0.040258
0.040838
0.041567
0.042459
0.043452
0.044410
0.045204
0.045743
0.045951
0.045766
0.045189
0.044289
0.043165
0.041913
0.040624
0.039369
0.038174
0.037048
0.036014
0.035099
0.034314
0.033659
0.033142
0.032775
0.032561
0.032515
0.032674
0.033064
0.033670
0.034470
0.035464
0.036634
0.037885
0.039057
0.040001
0.040625
0.040908
0.040913
0.040788
0.040718
0.040862
0.041311
0.042085
0.043099
0.044181
0.045166
0.046001
0.046742
0.047470
0.048238
0.049065
0.049888
0.050514
0.050675
0.050198
0.049112
0.047613
0.045948
0.044345
0.042971
0.041912
0.041166
0.040682
0.040389
0.040212
0.040082
0.039977
0.039929
0.039995
0.040226
0.040655
0.041267
0.041962
0.042559
0.042883
0.042858
0.042528
0.042017
0.041464
0.040983
0.040634
0.040427
0.040347
0.040358
0.040407
0.040434
0.040398
0.040281
0.040076
0.039775
0.039391
0.038959
0.038521
0.038096
0.037689
0.037312
0.036981
0.036714
0.036537
0.036481
0.036562
0.036763
0.037045
0.037372
0.037718
0.038078
0.038475
0.038967
0.039610
0.040441
0.041470
0.042699
0.044131
0.045753
0.047528
0.049378
0.051181
0.052786
0.054047
0.054855
0.055165
0.055009
0.054488
0.053730
0.052829
0.051828
0.050751
0.049648
0.048593
0.047671
0.046965
0.046560
0.046507
0.046787
0.047320
0.048013
0.048802
0.049641
0.050469
0.051204
0.051766
0.052105
0.052213
0.052110
0.051834
0.051428
0.050932
0.050384
0.049831
0.049341
0.048994
0.048856
0.048971
0.049372
0.050107
0.051222
0.052716
0.054517
0.056481
0.058432
0.060215
0.061746
0.063039
0.064151
0.065124
0.065955
0.066612
0.067059
0.067238
0.067062
0.066443
0.065344
0.063820
0.062010
0.060081
0.058170
0.056361
0.054702
0.053223
0.051936
0.050825
0.049875
0.049094
0.048506
0.048121
0.047934
0.047941
0.048141
0.048502
0.048965
0.049480
0.050038
0.050648
0.051314
0.052034
0.052832
0.053748
0.054820
0.056074
0.057533
0.059211
0.061077
0.063031
0.064900
0.066484
0.067647
0.068378
0.068780
0.069006
0.069208
0.069534
0.070127
0.071089
0.072447
0.074159
0.076132
0.078200
0.080121
0.081631
0.082530
0.082723
0.082206
0.081035
0.079323
0.077216
0.074844
0.072307
0.069697
0.067126
0.064718
0.062578
0.060790
0.059414
0.058470
0.057924
0.057702
0.057733
0.057973
0.058380
0.058881
0.059380
0.059788
0.060059
0.060186
0.060190
0.060108
0.059996
0.059909
0.059879
0.059895
0.059896
0.059782
0.059442
0.058803
0.057870
0.056728
0.055491
0.054234
0.052984
0.051742
0.050518
0.049340
0.048251
0.047293
0.046500
0.045902
0.045514
0.045328
0.045321
0.045460
0.045724
0.046101
0.046581
0.047153
0.047808
0.048539
0.049327
0.050122
0.050847
0.051413
0.051756
0.051860
0.051762
0.051508
0.051114
0.050562
0.049856
0.049038
0.048171
0.047314
0.046533
0.045914
0.045545
0.045476
0.045704
0.046175
0.046810
0.047529
0.048300
0.049154
0.050167
0.051406
0.052916
0.054730
0.056883
0.059426
0.062428
0.065995
0.070254
0.075335
0.081343
0.088336
0.096285
0.105026
0.114248
0.123521
0.132332
0.140095
0.146177
0.149970
0.151006
0.149078
0.144313
0.137157
0.128292
0.118517
0.108627
0.099312
0.091055
0.084086
0.078386
0.073771
0.069974
0.066724
0.063798
0.061031
0.058325
0.055634
0.052977
0.050425
0.048077
0.046019
0.044312
0.042994
0.042072
0.041522
0.041307
0.041407
0.041816
0.042503
0.043394
0.044374
0.045309
0.046068
0.046561
0.046776
0.046784
0.046709
0.046679
0.046798
0.047117
0.047616
0.048206
0.048761
0.049166
0.049363
0.049371
0.049291
0.049275
0.049454
0.049879
0.050513
0.051252
0.051955
0.052471
0.052671
0.052473
0.051857
0.050870
0.049620
0.048249
0.046884
0.045607
0.044460
0.043473
0.042670
0.042066
0.041673
0.041500
0.041531
0.041711
0.041958
0.042200
0.042377
0.042431
0.042299
0.041939
0.041360
0.040622
0.039812
0.039023
0.038339
0.037824
0.037519
0.037448
0.037626
0.038067
0.038774
0.039724
0.040869
0.042126
0.043382
0.044509
0.045388
0.045929
0.046084
0.045854
0.045297
0.044528
0.043678
0.042855
0.042125
0.041530
0.041105
0.040876
0.040851
0.041020
0.041361
0.041810
0.042247
0.042535
0.042589
0.042406
0.042037
0.041553
0.041032
0.040555
0.040182
0.039928
0.039778
0.039718
0.039747
0.039853
0.039992
0.040101
0.040116
0.039996
0.039739
0.039388
0.039019
0.038705
0.038487
0.038372
0.038358
0.038444
0.038635
0.038941
0.039382
0.039987
0.040786
0.041790
0.042992
0.044367
0.045889
0.047547
0.049349
0.051321
0.053455
0.055661
0.057748
0.059476
0.060650
0.061167
0.061017
0.060255
0.058991
0.057377
0.055577
0.053731
0.051935
0.050246
0.048702
0.047317
0.046084
0.044994
0.044049
0.043273
0.042681
0.042271
0.042030
0.041958
0.042078
0.042413
0.042972
0.043756
0.044768
0.046004
0.047432
0.048994
0.050651
0.052420
0.054377
0.056630
0.059291
0.062434
0.066044
0.069969
0.073935
0.077611
0.080705
0.083012
0.084426
0.084923
0.084563
0.083482
0.081873
0.079944
0.077868
0.075757
0.073673
0.071650
0.069727
0.067952
0.066368
0.064997
0.063841
0.062901
0.062169
0.061613
0.061158
0.060728
0.060296
0.059890
0.059565
0.059360
0.059287
0.059336
0.059483
0.059703
0.059990
0.060382
0.060943
0.061733
0.062776
0.064039
0.065449
0.066927
0.068427
0.069931
0.071397
0.072743
0.073869
0.074721
0.075312
0.075715
0.076043
0.076432
0.077026
0.077935
0.079191
0.080740
0.082485
0.084334
0.086220
0.088076
0.089804
0.091292
0.092454
0.093262
0.093740
0.093917
0.093783
0.093260
0.092240
0.090647
0.088513
0.085975
0.083232
0.080489
0.077933
0.075719
0.073951
0.072685
0.071957
0.071802
0.072247
0.073289
0.074905
0.077066
0.079749
0.082948
0.086665
0.090845
0.095261
0.099456
0.102866
0.105045
0.105832
0.105368
0.104006
0.102188
0.100312
0.098606
0.097085
0.095600
0.093954
0.092002
0.089700
0.087103
0.084342
0.081569
0.078931
0.076556
0.074539
0.072927
0.071703
0.070791
0.070088
0.069497
0.068965
0.068501
0.068180
0.068116
0.068418
0.069153
0.070312
0.071808
0.073495
0.075198
0.076721
0.077872
0.078518
0.078635
0.078300
0.077630
0.076723
0.075642
0.074434
0.073145
0.071834
0.070595
0.069539
0.068766
0.068327
0.068211
0.068352
0.068639
0.068943
0.069173
0.069300
0.069358
0.069428
0.069619
0.070039
0.070731
0.071628
0.072573
0.073396
0.073992
0.074349
0.074543
0.074703
0.074955
0.075364
0.075889
0.076408
0.076766
0.076846
0.076607
0.076096
0.075427
0.074739
0.074144
0.073693
0.073371
0.073110
0.072801
0.072306
0.071503
0.070339
0.068868
0.067223
0.065566
0.064043
0.062773
0.061841
0.061299
0.061167
0.061451
0.062141
0.063209
0.064602
0.066257
0.068093
0.070000
0.071846
0.073505
0.074875
0.075897
0.076561
0.076930
0.077123
0.077262
0.077404
0.077522
0.077520
0.077284
0.076726
0.075825
0.074630
0.073223
0.071689
0.070099
0.068516
0.066989
0.065539
0.064159
0.062812
0.061431
0.059931
0.058255
0.056409
0.054475
0.052577
0.050850
0.049415
0.048363
0.047743
0.047566
0.047806
0.048388
0.049192
0.050080
0.050934
0.051678
0.052279
0.052724
0.052994
0.053065
0.052944
0.052703
0.052471
0.052377
0.052492
0.052823
0.053320
0.053870
0.054306
0.054459
0.054234
0.053627
0.052697
0.051525
0.050212
0.048850
0.047487
0.046118
0.044727
0.043333
0.041988
0.040752
0.039675
0.038802
0.038163
0.037781
0.037661
0.037789
0.038116
0.038549
0.038979
0.039311
0.039481
0.039477
0.039345
0.039179
0.039085
0.039143
0.039394
0.039850
0.040483
0.041227
0.041984
0.042662
0.043200
0.043562
0.043724
0.043676
0.043442
0.043081
0.042669
0.042263
0.041899
0.041607
0.041417
0.041345
0.041380
0.041490
0.041637
0.041788
0.041909
0.041971
0.041960
0.041893
0.041818
0.041796
0.041875
0.042072
0.042375
0.042741
0.043113
0.043425
0.043623
0.043692
0.043665
0.043614
0.043616
0.043739
0.044027
0.044495
0.045113
0.045820
0.046551
0.047256
0.047914
0.048534
0.049147
0.049789
0.050480
0.051223
0.052012
0.052835
0.053668
0.054469
0.055180
0.055711
0.055961
0.055852
0.055390
0.054661
0.053788
0.052867
0.051942
0.051006
0.050020
0.048939
0.047744
0.046452
0.045112
0.043794
0.042584
0.041564
0.040775
0.040212
0.039853
0.039680
0.039679
0.039814
0.040039
0.040340
0.040756
0.041358
0.042213
0.043346
0.044732
0.046286
0.047850
0.049213
0.050172
0.050619
0.050564
0.050090
0.049269
0.048156
0.046821
0.045373
0.043919
0.042529
0.041241
0.040099
0.039146
0.038394
0.037822
0.037397
0.037088
0.036863
0.036690
0.036547
0.036427
0.036330
0.036261
0.036239
0.036294
0.036451
0.036718
0.037080
0.037492
0.037881
0.038168
0.038310
0.038317
0.038228
0.038087
0.037933
0.037813
0.037765
0.037815
0.037967
0.038213
0.038524
0.038853
0.039151
0.039396
0.039597
0.039774
0.039936
0.040072
0.040175
0.040249
0.040302
0.040327
0.040297
0.040185
0.039979
0.039681
0.039310
0.038903
0.038510
0.038180
0.037931
0.037752
0.037629
0.037564
0.037563
0.037623
0.037728
0.037868
0.038047
0.038278
0.038574
0.038938
0.039354
0.039793
0.040232
0.040659
0.041069
0.041456
0.041804
0.042108
0.042384
0.042667
0.043003
0.043430
0.043979
0.044687
0.045596
0.046733
0.048076
0.049531
0.050965
0.052230
0.053192
0.053738
0.053803
0.053409
0.052670
0.051755
0.050840
0.050080
0.049597
0.049470
0.049735
0.050406
0.051482
0.052913
0.054563
0.056214
0.057638
0.058653
0.059130
0.058991
0.058233
0.056963
0.055365
0.053640
0.051950
0.050418
0.049119
0.048065
0.047196
0.046434
0.045733
0.045094
0.044540
0.044085
0.043743
0.043524
0.043422
0.043415
0.043474
0.043576
0.043708
0.043849
0.043975
0.044076
0.044177
0.044324
0.044565
0.044929
0.045430
0.046061
0.046786
0.047541
0.048262
0.048920
0.049527
0.050115
0.050711
0.051328
0.051960
0.052587
0.053169
0.053661
0.054032
0.054270
0.054383
0.054398
0.054355
0.054304
0.054302
0.054411
0.054697
0.055214
0.055974
0.056918
0.057903
0.058750
0.059310
0.059526
0.059425
0.059086
0.058598
0.058051
0.057529
0.057106
0.056850
0.056832
0.057123
0.057782
0.058831
0.060252
0.061989
0.063965
0.066091
0.068272
0.070393
0.072330
0.073976
0.075287
0.076283
0.077013
0.077533
0.077910
0.078226
0.078558
0.078970
0.079507
0.080205
0.081082
0.082127
0.083321
0.084641
0.086057
0.087520
0.088987
0.090450
0.091950
0.093563
0.095394
0.097567
0.100210
0.103431
0.107321
0.111936
0.117263
0.123158
0.129350
0.135486
0.141185
0.146043
0.149652
0.151683
0.152009
0.150761
0.148266
0.144924
0.141103
0.137076
0.132993
0.128871
0.124633
0.120206
0.115593
0.110904
0.106314
0.102006
0.098133
0.094784
0.091990
0.089725
0.087934
0.086544
0.085471
0.084641
0.083997
0.083503
0.083128
0.082845
0.082646
0.082531
0.082501
0.082546
0.082653
0.082817
0.083024
0.083265
0.083542
0.083862
0.084229
0.084639
0.085104
0.085666
0.086370
0.087248
0.088324
0.089620
0.091150
0.092912
0.094893
0.097069
0.099388
0.101774
0.104157
0.106486
0.108718
0.110802
0.112696
0.114393
0.115927
0.117384
0.118915
0.120712
0.122972
0.125893
0.129708
0.134689
0.141092
0.149072
0.158618
0.169483
0.181166
0.193011
0.204402
0.214880
0.224154
0.232141
0.239114
0.245764
0.253024
0.261852
0.273193
0.288062
0.307557
0.332761
0.364520
0.402920
0.446501
0.491846
0.534182
0.568613
0.590967
0.597983
0.587634
0.560047
0.518193
0.467240
0.412857
0.359759
0.311230
0.269203
0.234349
0.206260
0.183912
0.166175
0.152030
0.140567
0.131037
0.122935
0.115964
0.109913
0.104608
0.099925
0.095766
0.092016
0.088559
0.085342
0.082368
0.079645
0.077179
0.075001
0.073158
0.071670
0.070533
0.069743
0.069271
0.069037
0.068926
0.068834
0.068672
0.068333
0.067718
0.066803
0.065653
0.064363
0.063005
0.061625
0.060262
0.058957
0.057754
0.056705
0.055861
0.055250
0.054870
0.054700
0.054695
0.054772
0.054841
0.054837
0.054734
0.054521
0.054191
0.053752
0.053226
0.052652
0.052088
0.051625
0.051376
0.051442
0.051907
0.052840
0.054286
0.056253
0.058719
0.061631
0.064877
0.068239
0.071412
0.074096
0.076063
0.077176
0.077367
0.076649
0.075140
0.073039
0.070580
0.067989
0.065453
0.063106
0.061035
0.059289
0.057895
0.056865
0.056213
0.055973
0.056170
0.056771
0.057647
0.058601
0.059417
0.059897
0.059887
0.059306
0.058178
0.056621
0.054816
0.052973
0.051307
0.050000
0.049168
0.048846
0.048978
0.049426
0.050005
0.050551
0.050967
0.051212
0.051255
0.051071
0.050675
0.050146
0.049591
0.049102
0.048743
0.048574
0.048651
0.049024
0.049724
0.050781
0.052254
0.054256
0.056947
0.060509
0.065106
0.070869
0.077838
0.085886
0.094681
0.103782
0.112780
0.121322
0.128988
0.135227
0.139508
0.141552
0.141391
0.139219
0.135265
0.129837
0.123397
0.116477
0.109517
0.102792
0.096467
0.090666
0.085464
0.080886
0.076941
0.073639
0.070954
0.068790
0.067005
0.065461
0.064029
0.062572
0.060955
0.059088
0.056951
0.054602
0.052151
0.049732
0.047464
0.045430
0.043677
0.042227
0.041066
0.040151
0.039417
0.038806
0.038269
0.037758
0.037233
0.036673
0.036075
0.035458
0.034866
0.034353
0.033951
0.033647
0.033397
0.033163
0.032927
0.032679
0.032415
0.032142
0.031884
0.031668
0.031510
0.031428
0.031440
0.031561
0.031783
0.032071
0.032375
0.032661
0.032927
0.033185
0.033435
0.033655
0.033822
0.033925
0.033960
0.033933
0.033865
0.033794
0.033741
0.033685
0.033595
0.033462
0.033304
0.033131
0.032944
0.032755
0.032585
0.032455
0.032376
0.032372
0.032464
0.032643
0.032864
0.033078
0.033261
0.033409
0.033521
0.033594
0.033631
0.033633
0.033596
0.033526
0.033442
0.033363
0.033289
0.033219
0.033167
0.033153
0.033178
0.033220
0.033247
0.033233
0.033157
0.033011
0.032800
0.032539
0.032250
0.031958
0.031681
0.031427
0.031205
0.031032
0.030924
0.030885
0.030902
0.030970
0.031089
0.031247
0.031400
0.031502
0.031532
0.031488
0.031368
0.031168
0.030896
0.030582
0.030264
0.029977
0.029746
0.029582
0.029482
0.029446
0.029488
0.029623
0.029856
0.030181
0.030577
0.031011
0.031435
0.031801
0.032080
0.032265
0.032369
0.032426
0.032489
0.032602
0.032781
0.033013
0.033263
0.033493
0.033665
0.033747
0.033724
0.033604
0.033408
0.033173
0.032928
0.032679
0.032404
0.032078
0.031710
0.031341
0.031025
0.030812
0.030739
0.030820
0.031043
0.031384
0.031819
0.032313
0.032817
0.033283
0.033692
0.034049
0.034356
0.034612
0.034821
0.035001
0.035156
0.035270
0.035331
0.035349
0.035352
0.035366
0.035403
0.035448
0.035453
0.035360
0.035146
0.034823
0.034421
0.033965
0.033501
0.033096
0.032811
0.032658
0.032619
0.032673
0.032806
0.033003
0.033245
0.033520
0.033825
0.034174
0.034606
0.035185
0.035983
0.037057
0.038464
0.040235
0.042269
0.044239
0.045674
0.046190
0.045694
0.044377
0.042552
0.040523
0.038553
0.036843
0.035504
0.034538
0.033880
0.033454
0.033198
0.033050
0.032954
0.032871
0.032788
0.032699
0.032596
0.032460
0.032271
0.032015
0.031697
0.031345
0.030992
0.030661
0.030364
0.030108
0.029899
0.029733
0.029603
0.029492
0.029384
0.029261
0.029115
0.028955
0.028801
0.028677
0.028595
0.028560
0.028573
0.028634
0.028744
0.028903
0.029107
0.029336
0.029560
0.029758
0.029931
0.030088
0.030228
0.030344
0.030441
0.030533
0.030627
0.030717
0.030799
0.030879
0.030964
0.031052
0.031134
0.031208
0.031284
0.031374
0.031490
0.031640
0.031809
0.031961
0.032045
0.032032
0.031929
0.031774
0.031608
0.031466
0.031372
0.031322
0.031291
0.031244
0.031162
0.031058
0.030956
0.030876
0.030826
0.030804
0.030801
0.030804
0.030796
0.030768
0.030705
0.030586
0.030388
0.030109
0.029761
0.029359
0.028918
0.028467
0.028044
0.027673
0.027358
0.027093
0.026876
0.026701
0.026547
0.026390
0.026221
0.026050
0.025888
0.025743
0.025613
0.025495
0.025388
0.025295
0.025220
0.025159
0.025108
0.025078
0.025089
0.025156
0.025271
0.025433
0.025657
0.025967
0.026364
0.026835
0.027383
0.028041
0.028850
0.029822
0.030913
0.032022
0.033010
0.033751
0.034187
0.034343
0.034304
0.034174
0.034060
0.034028
0.034074
0.034111
0.034029
0.033750
0.033264
0.032616
0.031889
0.031179
0.030565
0.030099
0.029811
0.029716
0.029804
0.030042
0.030396
0.030840
0.031350
0.031884
0.032392
0.032848
0.033258
0.033638
0.034004
0.034360
0.034710
0.035056
0.035404
0.035756
0.036089
0.036345
0.036451
0.036369
0.036127
0.035806
0.035504
0.035300
0.035231
0.035269
0.035317
0.035241
0.034936
0.034372
0.033598
0.032699
0.031762
0.030850
0.030008
0.029272
0.028667
0.028208
0.027892
0.027704
0.027619
0.027608
0.027646
0.027701
0.027747
0.027764
0.027741
0.027681
0.027596
0.027513
0.027455
0.027435
0.027440
0.027453
0.027461
0.027455
0.027420
0.027354
0.027277
0.027217
0.027184
0.027167
0.027159
0.027170
0.027211
0.027281
0.027375
0.027502
0.027668
0.027866
0.028078
0.028299
0.028542
0.028825
0.029170
0.029609
0.030163
0.030832
0.031591
0.032404
0.033238
0.034062
0.034852
0.035589
0.036258
0.036853
0.037376
0.037842
0.038258
0.038614
0.038890
0.039060
0.039095
0.038959
0.038632
0.038135
0.037524
0.036858
0.036178
0.035518
0.034911
0.034384
0.033946
0.033591
0.033308
0.033091
0.032941
0.032861
0.032843
0.032858
0.032877
0.032894
0.032940
0.033049
0.033246
0.033544
0.033959
0.034506
0.035182
0.035956
0.036771
0.037552
0.038211
0.038678
0.038920
0.038956
0.038848
0.038660
0.038444
0.038223
0.038003
0.037780
0.037553
0.037320
0.037092
0.036877
0.036676
0.036479
0.036282
0.036089
0.035904
0.035717
0.035522
0.035335
0.035184
0.035080
0.035024
0.035026
0.035114
0.035312
0.035629
0.036066
0.036628
0.037317
0.038122
0.039020
0.039986
0.040988
0.041987
0.042941
0.043796
0.044492
0.044962
0.045156
0.045065
0.044722
0.044186
0.043529
0.042824
0.042128
0.041471
0.040873
0.040350
0.039912
0.039560
0.039288
0.039088
0.038952
0.038868
0.038842
0.038894
0.039055
0.039346
0.039781
0.040368
0.041098
0.041937
0.042843
0.043769
0.044648
0.045380
0.045869
0.046080
0.046070
0.045954
0.045851
0.045841
0.045925
0.046025
0.046022
0.045826
0.045435
0.044917
0.044367
0.043870
0.043502
0.043315
0.043325
0.043503
0.043794
0.044136
0.044461
0.044702
0.044805
0.044762
0.044599
0.044359
0.044082
0.043806
0.043576
0.043431
0.043386
0.043432
0.043539
0.043668
0.043768
0.043781
0.043665
0.043412
0.043054
0.042646
0.042258
0.041959
0.041803
0.041819
0.041996
0.042279
0.042580
0.042813
0.042916
0.042872
0.042706
0.042471
0.042243
0.042100
0.042097
0.042259
0.042579
0.043028
0.043549
0.044067
0.044520
0.044887
0.045190
0.045469
0.045769
0.046142
0.046638
0.047289
0.048076
0.048922
0.049706
0.050290
0.050556
0.050442
0.049955
0.049178
0.048237
0.047270
0.046391
0.045678
0.045172
0.044884
0.044798
0.044868
0.045037
0.045243
0.045434
0.045576
0.045663
0.045726
0.045815
0.045973
0.046220
0.046548
0.046921
0.047291
0.047602
0.047816
0.047916
0.047908
0.047816
0.047684
0.047582
0.047607
0.047871
0.048468
0.049441
0.050765
0.052355
0.054077
0.055752
0.057175
0.058161
0.058610
0.058537
0.058045
0.057281
0.056387
0.055462
0.054546
0.053628
0.052683
0.051707
0.050721
0.049770
0.048916
0.048224
0.047745
0.047507
0.047519
0.047780
0.048281
0.048998
0.049881
0.050852
0.051823
0.052705
0.053430
0.053953
0.054251
0.054331
0.054242
0.054072
0.053909
0.053811
0.053780
0.053775
0.053729
0.053583
0.053297
0.052853
0.052250
0.051512
0.050693
0.049871
0.049119
0.048489
0.048013
0.047693
0.047484
0.047296
0.047017
0.046560
0.045895
0.045051
0.044100
0.043125
0.042197
0.041356
0.040609
0.039935
0.039300
0.038678
0.038068
0.037480
0.036931
0.036443
0.036062
0.035856
0.035872
0.036123
0.036587
0.037236
0.038025
0.038890
0.039745
0.040499
0.041056
0.041326
0.041256
0.040853
0.040175
0.039291
0.038256
0.037123
0.035958
0.034826
0.033770
0.032816
0.031986
0.031300
0.030761
0.030345
0.030020
0.029755
0.029532
0.029337
0.029166
0.029023
0.028916
0.028845
0.028802
0.028768
0.028727
0.028667
0.028595
0.028532
0.028506
0.028538
0.028631
0.028774
0.028948
0.029130
0.029293
0.029417
0.029508
0.029587
0.029670
0.029750
0.029812
0.029845
0.029851
0.029836
0.029817
0.029820
0.029859
0.029922
0.029990
0.030055
0.030120
0.030182
0.030223
0.030232
0.030220
0.030203
0.030180
0.030148
0.030107
0.030066
0.030028
0.029992
0.029963
0.029956
0.029988
0.030064
0.030173
0.030300
0.030433
0.030564
0.030689
0.030804
0.030914
0.031043
0.031231
0.031510
0.031890
0.032368
0.032942
0.033606
0.034342
0.035105
0.035845
0.036528
0.037154
0.037743
0.038316
0.038860
0.039334
0.039690
0.039900
0.039971
0.039926
0.039792
0.039589
0.039328
0.039020
0.038683
0.038336
0.038000
0.037698
0.037452
0.037273
0.037150
0.037067
0.037012
0.036978
0.036953
0.036919
0.036868
0.036817
0.036783
0.036778
0.036806
0.036881
0.037029
0.037275
0.037636
0.038119
0.038707
0.039340
0.039921
0.040355
0.040584
0.040607
0.040468
0.040240
0.040000
0.039817
0.039729
0.039737
0.039815
0.039923
0.040024
0.040099
0.040150
0.040179
0.040180
0.040143
0.040073
0.039984
0.039875
0.039725
0.039515
0.039258
0.038984
0.038719
0.038471
0.038246
0.038051
0.037895
0.037782
0.037718
0.037709
0.037757
0.037857
0.038023
0.038288
0.038682
0.039203
0.039827
0.040520
0.041223
0.041838
0.042248
0.042387
0.042270
0.041973
0.041586
0.041179
0.040808
0.040513
0.040312
0.040208
0.040191
0.040240
0.040322
0.040411
0.040497
0.040590
0.040711
0.040879
0.041099
0.041362
0.041641
0.041914
0.042170
0.042411
0.042647
0.042897
0.043186
0.043545
0.043992
0.044544
0.045212
0.046003
0.046901
0.047872
0.048878
0.049877
0.050819
0.051646
0.052302
0.052748
0.052972
0.052981
0.052807
0.052499
0.052104
0.051668
0.051228
0.050814
0.050451
0.050156
0.049937
0.049789
0.049690
0.049605
0.049499
0.049352
0.049165
0.048956
0.048752
0.048578
0.048452
0.048394
0.048431
0.048597
0.048918
0.049400
0.050036
0.050803
0.051654
0.052517
0.053307
0.053954
0.054418
0.054694
0.054814
0.054842
0.054869
0.054989
0.055287
0.055819
0.056594
0.057580
0.058697
0.059836
0.060854
0.061596
0.061928
0.061777
0.061147
0.060113
0.058786
0.057297
0.055768
0.054311
0.053006
0.051896
0.050987
0.050281
0.049791
0.049535
0.049511
0.049693
0.050047
0.050556
0.051203
0.051955
0.052779
0.053668
0.054648
0.055752
0.056992
0.058359
0.059844
0.061444
0.063148
0.064926
0.066712
0.068401
0.069864
0.070960
0.071575
0.071659
0.071258
0.070495
0.069528
0.068490
0.067473
0.066542
0.065743
0.065096
0.064585
0.064167
0.063800
0.063440
0.063039
0.062548
0.061937
0.061212
0.060412
0.059601
0.058841
0.058168
0.057575
0.057033
0.056510
0.055993
0.055470
0.054929
0.054373
0.053836
0.053377
0.053053
0.052907
0.052977
0.053297
0.053892
0.054769
0.055909
0.057268
0.058776
0.060339
0.061847
0.063195
0.064296
0.065083
0.065502
0.065504
0.065055
0.064150
0.062821
0.061144
0.059231
0.057223
0.055267
0.053481
0.051944
0.050693
0.049742
0.049079
0.048677
0.048512
0.048572
0.048845
0.049294
0.049866
0.050518
0.051238
0.052033
0.052911
0.053868
0.054880
0.055882
0.056768
0.057418
0.057732
0.057657
0.057188
0.056379
0.055333
0.054177
0.053024
0.051956
0.051034
0.050299
0.049766
0.049416
0.049217
0.049143
0.049171
0.049265
0.049382
0.049484
0.049544
0.049527
0.049385
0.049087
0.048654
0.048146
0.047628
0.047133
0.046676
0.046276
0.045955
0.045732
0.045607
0.045574
0.045625
0.045756
0.045962
0.046241
0.046592
0.047015
0.047510
0.048089
0.048773
0.049572
0.050452
0.051330
0.052091
0.052638
0.052912
0.052897
0.052598
0.052034
0.051240
0.050275
0.049212
0.048106
0.046992
0.045904
0.044883
0.043980
0.043229
0.042648
0.042249
0.042036
0.042007
0.042143
0.042421
0.042806
0.043271
0.043803
0.044409
0.045086
0.045811
0.046551
0.047295
0.048046
0.048801
0.049545
0.050279
0.051032
0.051836
0.052701
0.053621
0.054585
0.055547
0.056397
0.056962
0.057075
0.056650
0.055710
0.054375
0.052811
0.051187
0.049646
0.048292
0.047184
0.046337
0.045729
0.045326
0.045098
0.045018
0.045042
0.045116
0.045196
0.045255
0.045282
0.045274
0.045245
0.045234
0.045292
0.045449
0.045707
0.046050
0.046466
0.046962
0.047550
0.048246
0.049052
0.049963
0.050960
0.052026
0.053143
0.054289
0.055431
0.056522
0.057483
0.058199
0.058525
0.058334
0.057577
0.056320
0.054724
0.052977
0.051251
0.049678
0.048350
0.047306
0.046535
0.045991
0.045622
0.045371
0.045175
0.044974
0.044726
0.044409
0.044019
0.043572
0.043110
0.042697
0.042391
0.042228
0.042222
0.042379
0.042694
0.043146
0.043695
0.044297
0.044906
0.045487
0.046024
0.046520
0.046992
0.047465
0.047965
0.048515
0.049119
0.049739
0.050292
0.050690
0.050880
0.050872
0.050725
0.050528
0.050378
0.050372
0.050596
0.051125
0.052008
0.053234
0.054671
0.056042
0.056984
0.057208
0.056643
0.055444
0.053880
0.052207
0.050619
0.049259
0.048215
0.047506
0.047082
0.046859
0.046760
0.046731
0.046735
0.046748
0.046761
0.046769
0.046775
0.046795
0.046857
0.046993
0.047211
0.047485
0.047765
0.048005
0.048173
0.048249
0.048209
0.048021
0.047672
0.047182
0.046606
0.045995
0.045382
0.044787
0.044231
0.043744
0.043349
0.043045
0.042820
0.042655
0.042539
0.042462
0.042416
0.042391
0.042387
0.042416
0.042492
0.042626
0.042812
0.043036
0.043284
0.043545
0.043809
0.044066
0.044304
0.044523
0.044728
0.044937
0.045177
0.045479
0.045853
0.046278
0.046705
0.047073
0.047338
0.047487
0.047527
0.047483
0.047386
0.047272
0.047175
0.047117
0.047109
0.047151
0.047243
0.047389
0.047591
0.047851
0.048162
0.048509
0.048878
0.049266
0.049672
0.050090
0.050495
0.050873
0.051245
0.051653
0.052125
0.052654
0.053214
0.053778
0.054319
0.054809
0.055234
0.055604
0.055947
0.056301
0.056709
0.057209
0.057821
0.058524
0.059250
0.059911
0.060411
0.060673
0.060664
0.060401
0.059939
0.059346
0.058691
0.058049
0.057489
0.057058
0.056776
0.056650
0.056673
0.056825
0.057073
0.057383
0.057720
0.058046
0.058322
0.058533
0.058694
0.058837
0.058983
0.059147
0.059347
0.059598
0.059905
0.060260
0.060655
0.061073
0.061488
0.061875
0.062235
0.062599
0.063012
0.063516
0.064121
0.064786
0.065412
0.065879
0.066095
0.066023
0.065682
0.065129
0.064448
0.063722
0.063016
0.062384
0.061875
0.061530
0.061361
0.061342
0.061429
0.061579
0.061755
0.061914
0.062013
0.062021
0.061915
0.061688
0.061345
0.060906
0.060398
0.059849
0.059283
0.058722
0.058186
0.057692
0.057248
0.056848
0.056473
0.056098
0.055717
0.055344
0.055007
0.054733
0.054542
0.054439
0.054403
0.054402
0.054407
0.054404
0.054372
0.054280
0.054090
0.053784
0.053362
0.052844
0.052266
0.051672
0.051104
0.050591
0.050147
0.049771
0.049453
0.049168
0.048898
0.048632
0.048373
0.048127
0.047912
0.047756
0.047679
0.047686
0.047761
0.047888
0.048046
0.048209
0.048349
0.048451
0.048514
0.048555
0.048597
0.048666
0.048779
0.048928
0.049100
0.049292
0.049526
0.049824
0.050186
0.050588
0.050997
0.051375
0.051683
0.051882
0.051950
0.051887
0.051720
0.051495
0.051258
0.051041
0.050858
0.050713
0.050606
0.050526
0.050456
0.050383
0.050316
0.050275
0.050277
0.050330
0.050433
0.050579
0.050759
0.050961
0.051189
0.051455
0.051769
0.052132
0.052548
0.053026
0.053572
0.054183
0.054840
0.055523
0.056206
0.056848
0.057409
0.057868
0.058233
0.058521
0.058731
0.058836
0.058804
0.058623
0.058310
0.057902
0.057445
0.056982
0.056542
0.056131
0.055731
0.055322
0.054894
0.054454
0.054022
0.053626
0.053293
0.053058
0.052948
0.052972
0.053125
0.053402
0.053810
0.054359
0.055052
0.055878
0.056827
0.057903
0.059113
0.060461
0.061939
0.063520
0.065157
0.066783
0.068329
0.069740
0.070980
0.072028
0.072870
0.073495
0.073885
0.074029
0.073927
0.073594
0.073051
0.072314
0.071401
0.070337
0.069163
0.067916
0.066638
0.065374
0.064179
0.063104
0.062195
0.061490
0.061005
0.060723
0.060598
0.060586
0.060657
0.060806
0.061043
0.061393
0.061884
0.062535
0.063351
0.064322
0.065427
0.066626
0.067870
0.069114
0.070336
0.071527
0.072686
0.073812
0.074919
0.076044
0.077227
0.078502
0.079874
0.081319
0.082764
0.084060
0.084953
0.085141
0.084390
0.082659
0.080117
0.077059
0.073796
0.070602
0.067684
0.065159
0.063053
0.061337
0.059959
0.058857
0.057954
0.057183
0.056518
0.055985
0.055623
0.055447
0.055440
0.055564
0.055773
0.056020
0.056278
0.056541
0.056821
0.057131
0.057480
0.057870
0.058297
0.058764
0.059275
0.059836
0.060436
0.061058
0.061690
0.062319
0.062895
0.063286
0.063275
0.062651
0.061308
0.059320
0.056899
0.054303
0.051751
0.049392
0.047317
0.045554
0.044083
0.042860
0.041851
0.041041
0.040414
0.039944
0.039606
0.039383
0.039268
0.039255
0.039341
0.039518
0.039761
0.040038
0.040325
0.040620
0.040920
0.041206
0.041447
0.041615
0.041692
0.041661
0.041503
0.041201
0.040742
0.040125
0.039366
0.038501
0.037581
0.036661
0.035787
0.034982
0.034252
0.033589
0.032990
0.032457
0.031996
0.031611
0.031313
0.031109
0.030989
0.030924
0.030889
0.030872
0.030865
0.030849
0.030808
0.030753
0.030715
0.030728
0.030804
0.030951
0.031176
0.031492
0.031914
0.032440
0.033040
0.033643
0.034168
0.034547
0.034736
0.034695
0.034399
0.033857
0.033130
0.032302
0.031454
0.030652
0.029939
0.029340
0.028848
0.028444
0.028110
0.027841
0.027643
0.027522
0.027468
0.027465
0.027487
0.027517
0.027549
0.027582
0.027618
0.027663
0.027716
0.027767
0.027794
0.027785
0.027753
0.027725
0.027714
0.027715
0.027728
0.027766
0.027849
0.027974
0.028107
0.028201
0.028223
0.028161
0.028013
0.027787
0.027506
0.027206
0.026928
0.026695
0.026511
0.026374
0.026287
0.026251
0.026257
0.026294
0.026358
0.026456
0.026596
0.026781
0.027007
0.027266
0.027547
0.027832
0.028096
0.028325
0.028522
0.028707
0.028895
0.029084
0.029267
0.029450
0.029654
0.029907
0.030234
0.030648
0.031145
0.031693
0.032226
0.032659
0.032911
0.032923
0.032681
0.032227
0.031646
0.031034
0.030463
0.029984
0.029629
0.029415
0.029330
0.029342
0.029421
0.029546
0.029698
0.029853
0.029991
0.030092
0.030142
0.030140
0.030103
0.030059
0.030035
0.030045
0.030099
0.030206
0.030369
0.030577
0.030812
0.031057
0.031290
0.031479
0.031597
0.031641
0.031635
0.031610
0.031588
0.031576
0.031573
0.031571
0.031560
0.031523
0.031447
0.031326
0.031160
0.030960
0.030741
0.030515
0.030299
0.030108
0.029961
0.029876
0.029858
0.029899
0.029975
0.030053
0.030105
0.030113
0.030070
0.029989
0.029897
0.029832
0.029822
0.029880
0.030012
0.030221
0.030510
0.030874
0.031296
0.031743
0.032159
0.032476
0.032644
0.032662
0.032574
0.032450
0.032371
0.032417
0.032651
0.033108
0.033777
0.034584
0.035373
0.035932
0.036092
0.035809
0.035170
0.034310
0.033346
0.032374
0.031483
0.030740
0.030169
0.029760
0.029497
0.029355
0.029287
0.029243
0.029198
0.029159
0.029137
0.029143
0.029196
0.029332
0.029583
0.029964
0.030471
0.031087
0.031760
0.032409
0.032952
0.033354
0.033647
0.033911
0.034231
0.034666
0.035234
0.035935
0.036764
0.037693
0.038631
0.039413
0.039870
0.039916
0.039585
0.038994
0.038273
0.037527
0.036815
0.036160
0.035559
0.035003
0.034488
0.034027
0.033640
0.033338
0.033112
0.032934
0.032778
0.032633
0.032507
0.032424
0.032415
0.032517
0.032754
0.033133
0.033631
0.034208
0.034820
0.035440
0.036071
0.036740
0.037475
0.038298
0.039213
0.040201
0.041212
0.042169
0.043000
0.043656
0.044123
0.044426
0.044632
0.044820
0.045044
0.045308
0.045583
0.045847
0.046082
0.046266
0.046355
0.046301
0.046068
0.045641
0.045034
0.044301
0.043511
0.042728
0.042002
0.041393
0.040962
0.040756
0.040793
0.041072
0.041588
0.042320
0.043223
0.044236
0.045317
0.046446
0.047606
0.048775
0.049934
0.051082
0.052227
0.053383
0.054561
0.055771
0.057019
0.058302
0.059610
0.060933
0.062270
0.063629
0.065023
0.066464
0.067945
0.069430
0.070858
0.072161
0.073278
0.074162
0.074774
0.075088
0.075106
0.074865
0.074427
0.073860
0.073222
0.072574
0.071970
0.071461
0.071082
0.070854
0.070799
0.070952
0.071372
0.072122
0.073213
0.074541
0.075903
0.077096
0.078045
0.078841
0.079650
0.080573
0.081581
0.082539
0.083312
0.083829
0.084092
0.084146
0.084040
0.083825
0.083551
0.083272
0.083034
0.082879
0.082840
0.082938
0.083174
0.083524
0.083941
0.084349
0.084659
0.084783
0.084658
0.084255
0.083577
0.082650
0.081516
0.080212
0.078770
0.077226
0.075629
0.074046
0.072549
0.071207
0.070086
0.069251
0.068753
0.068612
0.068797
0.069215
0.069728
0.070186
0.070466
0.070492
0.070251
0.069793
0.069219
0.068637
0.068137
0.067774
0.067583
0.067564
0.067687
0.067893
0.068128
0.068353
0.068542
0.068682
0.068772
0.068826
0.068877
0.068979
0.069207
0.069638
0.070327
0.071316
0.072652
0.074396
0.076606
0.079311
0.082446
0.085735
0.088634
0.090461
0.090705
0.089260
0.086423
0.082695
0.078587
0.074522
0.070793
0.067531
0.064728
0.062316
0.060250
0.058518
0.057117
0.056023
0.055193
0.054563
0.054067
0.053665
0.053347
0.053121
0.052995
0.052977
0.053081
0.053330
0.053755
0.054407
0.055363
0.056707
0.058519
0.060863
0.063767
0.067211
0.071124
0.075359
0.079614
0.083352
0.085897
0.086718
0.085704
0.083189
0.079734
0.075906
0.072187
0.068956
0.066460
0.064791
0.063935
0.063838
0.064429
0.065595
0.067166
0.068936
0.070686
0.072217
0.073405
0.074262
0.074927
0.075618
0.076554
0.077896
0.079662
0.081667
0.083550
0.084910
0.085471
0.085167
0.084110
0.082499
0.080552
0.078466
0.076410
0.074500
0.072788
0.071271
0.069932
0.068776
0.067825
0.067091
0.066562
0.066218
0.066055
0.066069
0.066248
0.066564
0.066998
0.067545
0.068210
0.068991
0.069893
0.070933
0.072141
0.073533
0.075096
0.076790
0.078566
0.080386
0.082241
0.084152
0.086153
0.088236
0.090280
0.092031
0.093157
0.093377
0.092567
0.090805
0.088343
0.085519
0.082675
0.080080
0.077902
0.076209
0.074988
0.074157
0.073590
0.073158
0.072765
0.072353
0.071876
0.071292
0.070568
0.069710
0.068752
0.067725
0.066637
0.065497
0.064333
0.063199
0.062145
0.061200
0.060369
0.059643
0.059004
0.058425
0.057885
0.057360
0.056820
0.056227
0.055559
0.054817
0.054021
0.053199
0.052383
0.051614
0.050925
0.050332
0.049839
0.049454
0.049190
0.049051
0.049014
0.049039
0.049083
0.049116
0.049120
0.049084
0.049000
0.048850
0.048607
0.048252
0.047778
0.047192
0.046509
0.045756
0.044971
0.044196
0.043464
0.042785
0.042150
0.041541
0.040953
0.040386
0.039838
0.039300
0.038765
0.038227
0.037680
0.037111
0.036512
0.035896
0.035284
0.034691
0.034128
0.033615
0.033177
0.032833
0.032578
0.032398
0.032273
0.032178
0.032075
0.031936
0.031758
0.031564
0.031385
0.031251
0.031173
0.031134
0.031082
0.030963
0.030756
0.030480
0.030172
0.029864
0.029585
0.029353
0.029168
0.029013
0.028875
0.028752
0.028660
0.028626
0.028690
0.028892
0.029247
0.029726
0.030253
0.030722
0.031021
0.031074
0.030879
0.030508
0.030069
0.029671
0.029403
0.029329
0.029481
0.029854
0.030402
0.031055
0.031712
0.032243
0.032513
0.032429
0.031981
0.031237
0.030300
0.029271
0.028226
0.027225
0.026305
0.025489
0.024785
0.024203
0.023757
0.023455
0.023291
0.023255
0.023337
0.023536
0.023849
0.024266
0.024781
0.025394
0.026104
0.026888
0.027694
0.028458
0.029134
0.029712
0.030224
0.030736
0.031336
0.032118
0.033172
0.034565
0.036332
0.038481
0.041003
0.043895
0.047175
0.050861
0.054856
0.058802
0.062050
0.063875
0.063807
0.061842
0.058389
0.054067
0.049500
0.045203
0.041524
0.038616
0.036473
0.034994
0.034042
0.033469
0.033142
0.032969
0.032910
0.032971
0.033178
0.033579
0.034228
0.035138
0.036228
0.037338
0.038310
0.039067
0.039650
0.040205
0.040949
0.042122
0.043925
0.046468
0.049742
0.053605
0.057710
0.061458
0.064093
0.064963
0.063807
0.060848
0.056635
0.051814
0.046962
0.042512
0.038721
0.035671
0.033320
0.031579
0.030359
0.029589
0.029211
0.029182
0.029458
0.029988
0.030721
0.031597
0.032501
0.033240
0.033597
0.033447
0.032810
0.031816
0.030626
0.029393
0.028238
0.027238
0.026410
0.025727
0.025163
0.024715
0.024403
0.024240
0.024210
0.024256
0.024294
0.024242
0.024051
0.023711
0.023255
0.022747
0.022254
0.021826
0.021481
0.021217
0.021035
0.020932
0.020906
0.020952
0.021070
0.021263
0.021529
0.021858
0.022229
0.022610
0.022965
0.023262
0.023479
0.023600
0.023619
0.023556
0.023465
0.023401
0.023402
0.023485
0.023660
0.023930
0.024283
0.024691
0.025121
0.025542
0.025916
0.026206
0.026397
0.026505
0.026564
0.026617
0.026710
0.026884
0.027160
0.027549
0.028054
0.028685
0.029445
0.030333
0.031349
0.032504
0.033806
0.035257
0.036852
0.038554
0.040234
0.041643
0.042485
0.042558
0.041848
0.040518
0.038808
0.036955
0.035154
0.033553
0.032242
0.031249
0.030571
0.030208
0.030191
0.030569
0.031385
0.032656
0.034390
0.036568
0.039092
0.041705
0.043994
0.045527
0.046035
0.045527
0.044246
0.042545
0.040777
0.039234
0.038115
0.037517
0.037458
0.037935
0.038941
0.040423
0.042228
0.044083
0.045651
0.046634
0.046855
0.046294
0.045063
0.043356
0.041417
0.039496
0.037811
0.036503
0.035655
0.035329
0.035589
0.036492
0.038062
0.040290
0.043088
0.046213
0.049220
0.051552
0.052744
0.052599
0.051224
0.048933
0.046114
0.043122
0.040220
0.037564
0.035230
0.033246
0.031629
0.030388
0.029524
0.029032
0.028891
0.029056
0.029448
0.029936
0.030347
0.030518
0.030357
0.029879
0.029184
0.028394
0.027609
0.026899
0.026312
0.025881
0.025628
0.025567
0.025713
0.026086
0.026697
0.027513
0.028436
0.029313
0.029988
0.030367
0.030439
0.030250
0.029849
0.029267
0.028528
0.027671
0.026758
0.025849
0.024989
0.024208
0.023525
0.022947
0.022467
0.022072
0.021761
0.021541
0.021429
0.021434
0.021545
0.021724
0.021909
0.022039
0.022070
0.021986
0.021791
0.021501
0.021145
0.020754
0.020362
0.020001
0.019694
0.019454
0.019270
0.019128
0.019018
0.018934
0.018867
0.018808
0.018760
0.018742
0.018775
0.018869
0.019021
0.019226
0.019480
0.019780
0.020117
0.020483
0.020871
0.021282
0.021723
0.022206
0.022731
0.023279
0.023802
0.024243
0.024558
0.024732
0.024758
0.024616
0.024279
0.023742
0.023050
0.022276
0.021493
0.020761
0.020127
0.019610
0.019191
0.018835
0.018527
0.018280
0.018099
0.017959
0.017812
0.017627
0.017400
0.017152
0.016906
0.016684
0.016486
0.016302
0.016126
0.015968
0.015839
0.015749
0.015704
0.015718
0.015802
0.015947
0.016113
0.016250
0.016310
0.016257
0.016071
0.015757
0.015351
0.014906
0.014476
0.014105
0.013820
0.013630
0.013534
0.013516
0.013542
0.013581
0.013619
0.013663
0.013710
0.013732
0.013689
0.013569
0.013407
0.013258
0.013170
0.013169
0.013262
0.013442
0.013696
0.014000
0.014308
0.014551
0.014665
0.014623
0.014452
0.014209
0.013947
0.013697
0.013474
0.013280
0.013104
0.012919
0.012698
0.012429
0.012128
0.011822
0.011537
0.011290
0.011096
0.010960
0.010871
0.010809
0.010761
0.010736
0.010750
0.010807
0.010904
0.011046
0.011234
0.011451
0.011670
0.011894
0.012160
0.012513
0.012975
0.013536
0.014172
0.014849
0.015549
0.016277
0.017034
0.017778
0.018410
0.018839
0.019050
0.019090
0.019008
0.018802
0.018435
0.017876
0.017119
0.016190
0.015151
0.014093
0.013110
0.012262
0.011565
0.011001
0.010530
0.010118
0.009745
0.009410
0.009119
0.008872
0.008666
0.008498
0.008371
0.008291
0.008264
0.008295
0.008382
0.008524
0.008724
0.008995
0.009358
0.009838
0.010461
0.011223
0.012061
0.012833
0.013363
0.013521
0.013292
0.012765
0.012077
0.011353
0.010680
0.010111
0.009666
0.009351
0.009168
0.009120
0.009205
0.009412
0.009734
0.010161
0.010660
0.011148
0.011521
0.011704
0.011687
0.011497
0.011164
0.010726
0.010232
0.009737
0.009274
0.008850
0.008462
0.008115
0.007822
0.007589
0.007418
0.007310
0.007260
0.007256
0.007292
0.007376
0.007517
0.007709
0.007946
0.008242
0.008627
0.009137
0.009793
0.010610
0.011597
0.012728
0.013910
0.014987
0.015796
0.016236
0.016308
0.016096
0.015719
0.015266
0.014776
0.014247
0.013665
0.013030
0.012355
0.011665
0.010985
0.010338
0.009738
0.009190
0.008700
0.008280
0.007939
0.007673
0.007479
0.007359
0.007320
0.007361
0.007467
0.007627
0.007844
0.008147
0.008567
0.009127
0.009836
0.010695
0.011685
0.012739
0.013720
0.014447
0.014768
0.014642
0.014148
0.013441
0.012682
0.011998
0.011479
0.011172
0.011071
0.011112
0.011202
0.011244
0.011174
0.010969
0.010640
0.010221
0.009753
0.009274
0.008818
0.008410
0.008069
0.007803
0.007615
0.007490
0.007398
0.007312
0.007218
0.007121
0.007030
0.006944
0.006860
0.006783
0.006719
0.006678
0.006670
0.006707
0.006787
0.006887
0.006983
0.007071
0.007173
0.007314
0.007510
0.007773
0.008118
0.008552
0.009054
0.009579
0.010068
0.010457
0.010683
0.010709
0.010545
0.010252
0.009915
0.009600
0.009353
0.009194
0.009133
0.009169
0.009298
0.009516
0.009807
0.010126
0.010393
0.010525
0.010474
0.010248
0.009903
0.009500
0.009086
0.008695
0.008354
0.008087
0.007896
0.007757
0.007644
0.007542
0.007453
0.007379
0.007321
0.007280
0.007261
0.007264
0.007283
0.007312
0.007349
0.007396
0.007454
0.007524
0.007609
0.007713
0.007836
0.007973
0.008111
0.008245
0.008386
0.008556
0.008772
0.009041
0.009369
0.009751
0.010153
0.010496
0.010696
0.010704
0.010533
0.010232
0.009861
0.009478
0.009130
0.008838
0.008596
0.008397
0.008249
0.008163
0.008136
0.008154
0.008215
0.008333
0.008527
0.008809
0.009176
0.009610
0.010072
0.010516
0.010896
0.011181
0.011353
0.011409
0.011378
0.011301
0.011214
0.011138
0.011093
0.011109
0.011212
0.011415
0.011723
0.012141
0.012661
0.013249
0.013839
0.014344
0.014678
0.014783
0.014657
0.014355
0.013965
0.013569
0.013219
0.012943
0.012763
0.012696
0.012749
0.012905
0.013126
0.013361
0.013574
0.013752
0.013897
0.014014
0.014115
0.014215
0.014315
0.014388
0.014396
0.014317
0.014155
0.013925
0.013655
0.013383
0.013161
0.013027
0.012992
0.013051
0.013209
0.013471
0.013817
0.014176
0.014451
0.014554
0.014441
0.014124
0.013652
0.013099
0.012541
0.012042
0.011645
0.011370
0.011215
0.011168
0.011209
0.011315
0.011456
0.011588
0.011653
0.011605
0.011434
0.011169
0.010856
0.010534
0.010221
0.009930
0.009671
0.009450
0.009269
0.009126
0.009017
0.008940
0.008888
0.008854
0.008835
0.008827
0.008826
0.008844
0.008897
0.008988
0.009100
0.009208
0.009299
0.009374
0.009433
0.009472
0.009489
0.009495
0.009501
0.009507
0.009501
0.009473
0.009428
0.009375
0.009326
0.009292
0.009278
0.009280
0.009288
0.009293
0.009292
0.009288
0.009284
0.009279
0.009271
0.009270
0.009290
0.009330
0.009373
0.009393
0.009376
0.009329
0.009269
0.009213
0.009171
0.009152
0.009159
0.009189
0.009246
0.009339
0.009474
0.009646
0.009840
0.010044
0.010245
0.010418
0.010529
0.010559
0.010512
0.010408
0.010260
0.010088
0.009915
0.009766
0.009655
0.009589
0.009569
0.009593
0.009648
0.009716
0.009783
0.009839
0.009876
0.009883
0.009857
0.009800
0.009717
0.009611
0.009493
0.009384
0.009302
0.009251
0.009231
0.009245
0.009295
0.009378
0.009485
0.009615
0.009773
0.009961
0.010167
0.010367
0.010529
0.010633
0.010674
0.010663
0.010619
0.010559
0.010504
0.010473
0.010481
0.010529
0.010614
0.010732
0.010881
0.011060
0.011266
0.011499
0.011751
0.012008
0.012260
0.012512
0.012784
0.013104
0.013489
0.013942
0.014451
0.014992
0.015532
0.016031
0.016442
0.016733
0.016902
0.016974
0.016970
0.016888
0.016710
0.016435
0.016083
0.015678
0.015230
0.014744
0.014240
0.013750
0.013306
0.012929
0.012629
0.012405
0.012244
0.012123
0.012019
0.011922
0.011836
0.011761
0.011694
0.011636
0.011595
0.011587
0.011617
0.011683
0.011783
0.011928
0.012136
0.012420
0.012780
0.013196
0.013626
0.013998
0.014234
0.014292
0.014177
0.013935
0.013620
0.013279
0.012951
0.012668
0.012448
0.012299
0.012220
0.012207
0.012250
0.012328
0.012418
0.012498
0.012554
0.012581
0.012585
0.012579
0.012578
0.012592
0.012620
0.012665
0.012733
0.012832
0.012967
0.013139
0.013353
0.013613
0.013918
0.014260
0.014633
0.015043
0.015496
0.015996
0.016539
0.017116
0.017715
0.018311
0.018866
0.019339
0.019701
0.019947
0.020088
0.020140
0.020118
0.020027
0.019880
0.019692
0.019477
0.019239
0.018982
0.018712
0.018442
0.018195
0.017993
0.017856
0.017787
0.017769
0.017785
0.017827
0.017890
0.017966
0.018054
0.018171
0.018340
0.018562
0.018816
0.019083
0.019365
0.019670
0.019999
0.020346
0.020705
0.021062
0.021394
0.021681
0.021910
0.022074
0.022166
0.022183
0.022138
0.022067
0.022020
0.022047
0.022188
0.022454
0.022829
0.023280
0.023760
0.024203
0.024543
0.024746
0.024829
0.024837
0.024813
0.024789
0.024793
0.024844
0.024947
0.025097
0.025293
0.025542
0.025850
0.026212
0.026620
0.027066
0.027541
0.028042
0.028560
0.029083
0.029592
0.030063
0.030465
0.030755
0.030900
0.030901
0.030801
0.030656
0.030520
0.030449
0.030514
0.030774
0.031267
0.032026
0.033104
0.034562
0.036431
0.038712
0.041389
0.044419
0.047718
0.051186
0.054751
0.058312
0.061590
0.064084
0.065252
0.064792
0.062781
0.059587
0.055708
0.051642
0.047814
0.044512
0.041846
0.039785
0.038242
0.037123
0.036345
0.035830
0.035525
0.035411
0.035495
0.035784
0.036273
0.036956
0.037844
0.038974
0.040405
0.042223
0.044536
0.047474
0.051167
0.055722
0.061167
0.067406
0.074230
0.081415
0.088802
0.096221
0.103267
0.109171
0.112966
0.113914
0.111825
0.107080
0.100400
0.092600
0.084437
0.076525
0.069273
0.062872
0.057357
0.052680
0.048765
0.045516
0.042829
0.040600
0.038732
0.037154
0.035833
0.034766
0.033955
0.033373
0.032991
0.032804
0.032837
0.033129
0.033728
0.034698
0.036115
0.038045
0.040540
0.043629
0.047222
0.050963
0.054210
0.056272
0.056758
0.055758
0.053712
0.051143
0.048470
0.045964
0.043752
0.041823
0.040080
0.038415
0.036781
0.035179
0.033635
0.032176
0.030827
0.029607
0.028522
0.027581
0.026796
0.026182
0.025742
0.025478
0.025398
0.025513
0.025817
0.026278
0.026849
0.027485
0.028150
0.028836
0.029567
0.030393
0.031375
0.032556
0.033963
0.035587
0.037365
0.039134
0.040628
0.041545
0.041670
0.040981
0.039650
0.037955
0.036163
0.034466
0.032964
0.031682
0.030598
0.029670
0.028865
0.028159
0.027537
0.027001
0.026566
0.026252
0.026073
0.026032
0.026122
0.026333
0.026648
0.027044
0.027493
0.027958
0.028410
0.028849
0.029318
0.029880
0.030584
0.031449
0.032452
0.033531
0.034577
0.035477
0.036154
0.036608
0.036906
0.037157
0.037496
0.038061
0.038982
0.040371
0.042333
0.044959
0.048316
0.052396
0.057069
0.062016
0.066711
0.070485
0.072707
0.072986
0.071296
0.067960
0.063526
0.058613
0.053763
0.049358
0.045597
0.042528
0.040097
0.038203
0.036737
0.035619
0.034801
0.034269
0.034027
0.034096
0.034495
0.035217
0.036230
0.037470
0.038840
0.040196
0.041362
0.042194
0.042643
0.042754
0.042612
0.042290
0.041821
0.041216
0.040474
0.039604
0.038638
0.037632
0.036657
0.035778
0.035047
0.034498
0.034151
0.034002
0.034023
0.034161
0.034354
0.034547
0.034716
0.034857
0.034977
0.035092
0.035223
0.035404
0.035666
0.036027
0.036488
0.037054
0.037732
0.038527
0.039417
0.040327
0.041133
0.041706
0.041970
0.041915
0.041563
0.040937
0.040059
0.038986
0.037808
0.036605
0.035427
0.034304
0.033267
0.032351
0.031581
0.030967
0.030509
0.030199
0.030013
0.029914
0.029853
0.029782
0.029653
0.029431
0.029110
0.028712
0.028281
0.027862
0.027490
0.027195
0.026989
0.026873
0.026840
0.026876
0.026960
0.027050
0.027093
0.027057
0.026944
0.026779
0.026587
0.026384
0.026178
0.025969
0.025732
0.025412
0.024947
0.024305
0.023491
0.022547
0.021538
0.020536
0.019610
0.018799
0.018121
0.017577
0.017162
0.016860
0.016645
0.016490
0.016374
0.016272
0.016141
0.015946
0.015678
0.015359
0.015017
0.014668
0.014317
0.013969
0.013624
0.013270
0.012892
0.012495
0.012105
0.011746
0.011416
0.011106
0.010818
0.010573
0.010391
0.010267
0.010180
0.010108
0.010036
0.009953
0.009849
0.009719
0.009558
0.009363
0.009136
0.008902
0.008700
0.008567
0.008513
0.008523
0.008571
0.008634
0.008691
0.008725
0.008728
0.008692
0.008616
0.008512
0.008407
0.008327
0.008270
0.008217
0.008148
0.008065
0.007976
0.007888
0.007807
0.007739
0.007686
0.007644
0.007609
0.007577
0.007543
0.007493
0.007420
0.007344
0.007293
0.007285
0.007312
0.007353
0.007382
0.007370
0.007295
0.007151
0.006952
0.006718
0.006466
0.006207
0.005955
0.005729
0.005541
0.005388
0.005262
0.005156
0.005066
0.004994
0.004949
0.004941
0.004975
0.005045
0.005143
0.005263
0.005408
0.005579
0.005772
0.005971
0.006148
0.006280
0.006359
0.006387
0.006379
0.006355
0.006354
0.006411
0.006539
0.006710
0.006881
0.007016
0.007098
0.007115
0.007056
0.006914
0.006702
0.006439
0.006146
0.005841
0.005545
0.005273
0.005030
0.004817
0.004637
0.004493
0.004377
0.004276
0.004180
0.004094
0.004022
0.003966
0.003925
0.003892
0.003866
0.003854
0.003869
0.003917
0.003983
0.004035
0.004056
0.004054
0.004040
0.004015
0.003973
0.003924
0.003883
0.003861
0.003855
0.003866
0.003895
0.003937
0.003980
0.004004
0.004000
0.003964
0.003897
0.003808
0.003713
0.003634
0.003580
0.003547
0.003525
0.003508
0.003491
0.003469
0.003441
0.003414
0.003410
0.003447
0.003522
0.003608
0.003678
0.003727
0.003765
0.003804
0.003846
0.003894
0.003949
0.004013
0.004081
0.004151
0.004220
0.004288
0.004356
0.004418
0.004465
0.004485
0.004476
0.004449
0.004418
0.004387
0.004349
0.004306
0.004265
0.004229
0.004190
0.004141
0.004081
0.004015
0.003944
0.003869
0.003803
0.003757
0.003731
0.003715
0.003707
0.003713
0.003734
0.003756
0.003770
0.003780
0.003804
0.003852
0.003919
0.003999
0.004084
0.004163
0.004225
0.004263
0.004281
0.004289
0.004293
0.004294
0.004291
0.004284
0.004278
0.004275
0.004277
0.004281
0.004291
0.004320
0.004383
0.004487
0.004623
0.004772
0.004916
0.005048
0.005169
0.005288
0.005411
0.005534
0.005645
0.005739
0.005820
0.005898
0.005977
0.006056
0.006128
0.006197
0.006275
0.006379
0.006518
0.006690
0.006885
0.007100
0.007342
0.007620
0.007943
0.008316
0.008751
0.009275
0.009915
0.010687
0.011591
0.012620
0.013757
0.014968
0.016187
0.017324
0.018276
0.018944
0.019254
0.019175
0.018732
0.017999
0.017071
0.016045
0.015011
0.014043
0.013198
0.012503
0.011963
0.011575
0.011329
0.011208
0.011194
0.011276
0.011458
0.011753
0.012180
0.012756
0.013497
0.014415
0.015518
0.016817
0.018325
0.020045
0.021939
0.023904
0.025782
0.027376
0.028488
0.028965
0.028736
0.027828
0.026361
0.024507
0.022450
0.020357
0.018355
0.016529
0.014928
0.013559
0.012399
0.011410
0.010555
0.009813
0.009170
0.008619
0.008145
0.007739
0.007392
0.007102
0.006863
0.006665
0.006495
0.006343
0.006209
0.006090
0.005977
0.005860
0.005739
0.005627
0.005538
0.005476
0.005431
0.005389
0.005344
0.005300
0.005263
0.005240
0.005239
0.005274
0.005354
0.005475
0.005619
0.005757
0.005868
0.005939
0.005969
0.005956
0.005896
0.005793
0.005660
0.005518
0.005383
0.005254
0.005118
0.004961
0.004776
0.004564
0.004328
0.004080
0.003843
0.003638
0.003466
0.003316
0.003183
0.003070
0.002982
0.002910
0.002845
0.002791
0.002754
0.002731
0.002710
0.002689
0.002675
0.002679
0.002696
0.002719
0.002738
0.002747
0.002737
0.002699
0.002636
0.002564
0.002501
0.002455
0.002424
0.002405
0.002394
0.002391
0.002398
0.002415
0.002437
0.002459
0.002479
0.002495
0.002509
0.002518
0.002516
0.002497
0.002468
0.002444
0.002437
0.002443
0.002453
0.002467
0.002496
0.002549
0.002625
0.002714
0.002807
0.002897
0.002971
0.003016
0.003031
0.003028
0.003010
0.002969
0.002892
0.002787
0.002677
0.002585
0.002520
0.002478
0.002447
0.002415
0.002375
0.002333
0.002299
0.002277
0.002258
0.002234
0.002208
0.002184
0.002161
0.002134
0.002101
0.002063
0.002012
0.001938
0.001850
0.001779
0.001747
0.001740
0.001735
0.001728
0.001740
0.001784
0.001841
0.001885
0.001906
0.001915
0.001919
0.001922
0.001928
0.001941
0.001960
0.001973
0.001967
0.001941
0.001907
0.001876
0.001852
0.001832
0.001812
0.001789
0.001763
0.001732
0.001696
0.001662
0.001640
0.001634
0.001642
0.001654
0.001662
0.001660
0.001653
0.001659
0.001695
0.001763
0.001844
0.001919
0.001974
0.002007
0.002030
0.002051
0.002078
0.002102
0.002114
0.002108
0.002091
0.002070
0.002047
0.002020
0.001986
0.001943
0.001885
0.001810
0.001729
0.001656
0.001591
0.001524
0.001452
0.001391
0.001350
0.001323
0.001296
0.001266
0.001245
0.001242
0.001253
0.001261
0.001254
0.001232
0.001211
0.001198
0.001188
0.001174
0.001159
0.001157
0.001173
0.001196
0.001210
0.001209
0.001203
0.001199
0.001202
0.001213
0.001231
0.001251
0.001263
0.001269
0.001283
0.001317
0.001370
0.001422
0.001463
0.001497
0.001534
0.001578
0.001627
0.001676
0.001712
0.001718
0.001684
0.001627
0.001575
0.001545
0.001527
0.001506
0.001476
0.001446
0.001417
0.001384
0.001346
0.001305
0.001263
0.001214
0.001160
0.001110
0.001075
0.001048
0.001020
0.000986
0.000960
0.000955
0.000973
0.000998
0.001014
0.001014
0.001005
0.000992
0.000976
0.000957
0.000942
0.000942
0.000959
0.000978
0.000986
0.000981
0.000974
0.000973
0.000980
0.000994
0.001014
0.001033
0.001045
0.001048
0.001041
0.001030
0.001022
0.001027
0.001046
0.001074
0.001103
0.001131
0.001163
0.001200
0.001238
0.001276
0.001318
0.001357
0.001382
0.001382
0.001361
0.001331
0.001301
0.001274
0.001251
0.001232
0.001214
0.001197
0.001184
0.001179
0.001179
0.001179
0.001177
0.001181
0.001193
0.001207
0.001211
0.001209
0.001213
0.001227
0.001244
0.001257
0.001269
0.001292
0.001319
0.001336
0.001334
0.001328
0.001333
0.001352
0.001380
0.001410
0.001437
0.001456
0.001465
0.001471
0.001483
0.001498
0.001501
0.001478
0.001426
0.001357
0.001283
0.001220
0.001172
0.001133
0.001096
0.001065
0.001048
0.001046
0.001048
0.001046
0.001041
0.001039
0.001041
0.001048
0.001066
0.001097
0.001126
0.001132
0.001105
0.001061
0.001017
0.000979
0.000942
0.000906
0.000881
0.000873
0.000880
0.000889
0.000892
0.000893
0.000902
0.000916
0.000926
0.000929
0.000936
0.000954
0.000975
0.000984
0.000974
0.000955
0.000938
0.000925
0.000916
0.000917
0.000935
0.000969
0.001001
0.001011
0.000998
0.000978
0.000971
0.000975
0.000978
0.000971
0.000962
0.000956
0.000948
0.000929
0.000906
0.000889
0.000882
0.000880
0.000884
0.000898
0.000920
0.000945
0.000971
0.000999
0.001026
0.001041
0.001039
0.001024
0.001002
0.000979
0.000960
0.000948
0.000943
0.000935
0.000918
0.000890
0.000860
0.000835
0.000824
0.000830
0.000846
0.000860
0.000865
0.000863
0.000864
0.000868
0.000873
0.000880
0.000891
0.000906
0.000925
0.000943
0.000959
0.000974
0.000995
0.001022
0.001046
0.001056
0.001052
0.001041
0.001030
0.001015
0.000997
0.000989
0.000997
0.001009
0.001003
0.000973
0.000931
0.000894
0.000864
0.000835
0.000805
0.000780
0.000768
0.000772
0.000790
0.000812
0.000836
0.000859
0.000878
0.000885
0.000872
0.000849
0.000843
0.000873
0.000933
0.000998
0.001049
0.001085
0.001115
0.001153
0.001208
0.001282
0.001378
0.001493
0.001626
0.001774
0.001936
0.002117
0.002325
0.002562
0.002820
0.003079
0.003312
0.003488
0.003584
0.003593
0.003525
0.003393
0.003212
0.002999
0.002766
0.002519
0.002261
0.002008
0.001780
0.001590
0.001428
0.001286
0.001165
0.001074
0.001014
0.000974
0.000945
0.000918
0.000887
0.000860
0.000857
0.000891
0.000948
0.000995
0.001024
0.001050
0.001086
0.001124
0.001154
0.001186
0.001245
0.001339
0.001451
0.001565
0.001675
0.001779
0.001858
0.001893
0.001877
0.001827
0.001763
0.001693
0.001619
0.001547
0.001491
0.001457
0.001431
0.001398
0.001354
0.001309
0.001274
0.001243
0.001208
0.001165
0.001115
0.001064
0.001016
0.000977
0.000953
0.000936
0.000913
0.000879
0.000844
0.000821
0.000815
0.000815
0.000810
0.000796
0.000774
0.000747
0.000710
0.000664
0.000627
0.000619
0.000649
0.000693
0.000724
0.000730
0.000718
0.000695
0.000666
0.000634
0.000602
0.000570
0.000534
0.000500
0.000483
0.000488
0.000502
0.000506
0.000497
0.000484
0.000478
0.000489
0.000524
0.000586
0.000659
0.000720
0.000756
0.000772
0.000773
0.000762
0.000737
0.000702
0.000664
0.000629
0.000601
0.000584
0.000579
0.000584
0.000589
0.000587
0.000570
0.000541
0.000510
0.000493
0.000496
0.000515
0.000539
0.000557
0.000559
0.000543
0.000517
0.000502
0.000509
0.000529
0.000540
0.000523
0.000486
0.000452
0.000438
0.000447
0.000464
0.000482
0.000506
0.000540
0.000577
0.000603
0.000615
0.000619
0.000609
0.000573
0.000514
0.000457
0.000425
0.000415
0.000412
0.000414
0.000424
0.000445
0.000467
0.000481
0.000490
0.000494
0.000494
0.000496
0.000501
0.000499
0.000477
0.000438
0.000411
0.000421
0.000454
0.000477
0.000470
0.000450
0.000445
0.000467
0.000500
0.000525
0.000532
0.000527
0.000524
0.000524
0.000516
0.000493
0.000463
0.000447
0.000453
0.000474
0.000497
0.000513
0.000518
0.000506
0.000480
0.000452
0.000430
0.000407
0.000368
0.000315
0.000275
0.000268
0.000290
0.000316
0.000325
0.000313
0.000289
0.000270
0.000269
0.000285
0.000302
0.000307
0.000303
0.000304
0.000316
0.000333
0.000353
0.000386
0.000432
0.000476
0.000502
0.000508
0.000507
0.000505
0.000500
0.000489
0.000475
0.000458
0.000435
0.000414
0.000400
0.000393
0.000386
0.000377
0.000374
0.000385
0.000404
0.000421
0.000429
0.000423
0.000403
0.000376
0.000355
0.000351
0.000366
0.000397
0.000433
0.000457
0.000451
0.000416
0.000370
0.000327
0.000292
0.000267
0.000263
0.000278
0.000293
0.000294
0.000289
0.000294
0.000307
0.000312
0.000302
0.000290
0.000282
0.000280
0.000286
0.000305
0.000332
0.000349
0.000351
0.000349
0.000351
0.000351
0.000337
0.000317
0.000302
0.000296
0.000291
0.000280
0.000259
0.000230
0.000201
0.000187
0.000194
0.000211
0.000223
0.000227
0.000227
0.000215
0.000182
0.000139
0.000115
0.000126
0.000165
0.000214
0.000264
0.000306
0.000329
0.000329
0.000317
0.000305
0.000293
0.000272
0.000247
0.000227
0.000219
0.000216
0.000208
0.000200
0.000197
0.000201
0.000206
0.000204
0.000189
0.000167
0.000154
0.000161
0.000184
0.000204
0.000205
0.000193
0.000186
0.000195
0.000215
0.000233
0.000238
0.000233
0.000225
0.000222
0.000226
0.000234
0.000239
0.000237
0.000228
0.000221
0.000217
0.000210
0.000187
0.000143
0.000092
0.000047
0.000015
-0.000008
-0.000024
-0.000027
-0.000014
0.000015
0.000052
0.000088
0.000113
0.000127
0.000139
0.000163
0.000201
0.000237
0.000261
0.000275
0.000289
0.000304
0.000315
0.000315
0.000307
0.000299
0.000294
0.000290
0.000282
0.000269
0.000253
0.000238
0.000224
0.000208
0.000192
0.000184
0.000192
0.000208
0.000218
0.000211
0.000198
0.000192
0.000192
0.000195
0.000202
0.000223
0.000251
0.000262
0.000245
0.000211
0.000183
0.000174
0.000178
0.000183
0.000185
0.000183
0.000179
0.000180
0.000190
0.000205
0.000212
0.000208
0.000199
0.000196
0.000200
0.000208
0.000210
0.000202
0.000186
0.000172
0.000164
0.000161
0.000159
0.000157
0.000159
0.000167
0.000176
0.000186
0.000198
0.000208
0.000207
0.000192
0.000178
0.000179
0.000190
0.000198
0.000191
0.000174
0.000155
0.000140
0.000139
0.000155
0.000181
0.000199
0.000201
0.000194
0.000187
0.000174
0.000144
0.000102
0.000071
0.000066
0.000077
0.000081
0.000070
0.000060
0.000067
0.000091
0.000120
0.000150
0.000182
0.000205
0.000204
0.000178
0.000151
0.000140
0.000142
0.000141
0.000134
0.000132
0.000139
0.000146
0.000145
0.000138
0.000131
0.000122
0.000112
0.000103
0.000096
0.000082
0.000055
0.000029
0.000024
0.000047
0.000083
0.000113
0.000130
0.000139
0.000147
0.000155
0.000161
0.000160
0.000150
0.000136
0.000130
0.000138
0.000154
0.000169
0.000178
0.000185
0.000198
0.000214
0.000226
0.000224
0.000207
0.000171
0.000116
0.000057
0.000017
0.000012
0.000032
0.000056
0.000070
0.000083
0.000104
0.000132
0.000158
0.000175
0.000186
0.000185
0.000166
0.000134
0.000105
0.000091
0.000096
0.000113
0.000136
0.000159
0.000179
0.000199
0.000217
0.000228
0.000228
0.000226
0.000231
0.000245
0.000253
0.000244
0.000226
0.000213
0.000208
0.000205
0.000194
0.000178
0.000158
0.000137
0.000115
0.000097
0.000092
0.000100
0.000113
0.000124
0.000130
0.000132
0.000130
0.000124
0.000117
0.000109
0.000098
0.000082
0.000070
0.000082
0.000126
0.000185
0.000232
0.000254
0.000259
0.000258
0.000254
0.000249
0.000251
0.000261
0.000273
0.000280
0.000288
0.000308
0.000333
0.000346
0.000341
0.000328
0.000324
0.000326
0.000318
0.000295
0.000264
0.000242
0.000232
0.000227
0.000218
0.000205
0.000196
0.000196
0.000207
0.000221
0.000222
0.000201
0.000160
0.000115
0.000092
0.000100
0.000126
0.000148
0.000159
0.000166
0.000176
0.000189
0.000204
0.000224
0.000247
0.000264
0.000263
0.000251
0.000245
0.000256
0.000279
0.000300
0.000313
0.000318
0.000314
0.000302
0.000286
0.000271
0.000260
0.000254
0.000260
0.000284
0.000322
0.000351
0.000354
0.000331
0.000299
0.000272
0.000259
0.000254
0.000250
0.000233
0.000200
0.000158
0.000124
0.000108
0.000110
0.000115
0.000117
0.000114
0.000115
0.000119
0.000121
0.000117
0.000109
0.000108
0.000126
0.000170
0.000235
0.000313
0.000392
0.000465
0.000525
0.000571
0.000600
0.000618
0.000632
0.000644
0.000647
0.000631
0.000599
0.000567
0.000546
0.000536
0.000526
0.000513
0.000499
0.000492
0.000501
0.000534
0.000581
0.000627
0.000660
0.000686
0.000714
0.000741
0.000755
0.000753
0.000741
0.000726
0.000711
0.000702
0.000704
0.000711
0.000705
0.000676
0.000639
0.000613
0.000605
0.000608
0.000615
0.000630
0.000656
0.000690
0.000726
0.000758
0.000785
0.000813
0.000847
0.000889
0.000929
0.000954
0.000956
0.000938
0.000910
0.000877
0.000837
0.000784
0.000717
0.000644
0.000579
0.000529
0.000502
0.000497
0.000510
0.000529
0.000543
0.000554
0.000567
0.000579
0.000586
0.000593
0.000608
0.000632
0.000649
0.000654
0.000655
0.000657
0.000653
0.000633
0.000603
0.000573
0.000541
0.000498
0.000448
0.000406
0.000378
0.000356
0.000340
0.000340
0.000360
0.000390
0.000426
0.000475
0.000534
0.000588
0.000621
0.000632
0.000631
0.000616
0.000582
0.000531
0.000477
0.000426
0.000385
0.000360
0.000354
0.000358
0.000352
0.000334
0.000318
0.000311
0.000307
0.000297
0.000283
0.000277
0.000281
0.000284
0.000281
0.000272
0.000259
0.000237
0.000206
0.000173
0.000152
0.000150
0.000160
0.000165
0.000162
0.000158
0.000160
0.000164
0.000157
0.000131
0.000098
0.000080
0.000085
0.000100
0.000112
0.000118
0.000131
0.000154
0.000179
0.000194
0.000200
0.000207
0.000216
0.000222
0.000225
0.000236
0.000255
0.000268
0.000262
0.000243
0.000224
0.000206
0.000181
0.000148
0.000119
0.000108
0.000109
0.000109
0.000100
0.000087
0.000080
0.000086
0.000101
0.000115
0.000122
0.000126
0.000136
0.000154
0.000170
0.000175
0.000170
0.000158
0.000141
0.000119
0.000102
0.000102
0.000123
0.000159
0.000188
0.000196
0.000186
0.000173
0.000171
0.000176
0.000178
0.000174
0.000168
0.000168
0.000172
0.000170
0.000158
0.000142
0.000138
0.000152
0.000176
0.000194
0.000204
0.000213
0.000227
0.000239
0.000240
0.000232
0.000216
0.000190
0.000161
0.000149
0.000167
0.000201
0.000220
0.000214
0.000202
0.000210
0.000236
0.000265
0.000286
0.000300
0.000308
0.000308
0.000303
0.000300
0.000295
0.000283
0.000261
0.000237
0.000221
0.000212
0.000205
0.000198
0.000192
0.000193
0.000199
0.000198
0.000178
0.000142
0.000112
0.000107
0.000123
0.000138
0.000139
0.000130
0.000121
0.000121
0.000127
0.000137
0.000142
0.000136
0.000123
0.000110
0.000110
0.000123
0.000142
0.000157
0.000161
0.000151
0.000136
0.000126
0.000129
0.000148
0.000180
0.000214
0.000233
0.000232
0.000219
0.000206
0.000198
0.000192
0.000189
0.000197
0.000212
0.000222
0.000213
0.000189
0.000158
0.000130
0.000109
0.000100
0.000105
0.000119
0.000134
0.000145
0.000153
0.000164
0.000183
0.000211
0.000242
0.000266
0.000273
0.000264
0.000247
0.000232
0.000225
0.000225
0.000225
0.000222
0.000220
0.000226
0.000240
0.000260
0.000279
0.000289
0.000288
0.000280
0.000269
0.000253
0.000236
0.000224
0.000228
0.000245
0.000261
0.000265
0.000263
0.000267
0.000282
0.000299
0.000308
0.000307
0.000294
0.000270
0.000243
0.000224
0.000217
0.000212
0.000199
0.000179
0.000168
0.000176
0.000205
0.000240
0.000262
0.000263
0.000247
0.000217
0.000175
0.000124
0.000078
0.000055
0.000056
0.000073
0.000097
0.000130
0.000166
0.000195
0.000208
0.000214
0.000221
0.000228
0.000227
0.000223
0.000228
0.000257
0.000307
0.000359
0.000390
0.000387
0.000364
0.000346
0.000343
0.000346
0.000347
0.000352
0.000363
0.000366
0.000347
0.000313
0.000284
0.000271
0.000273
0.000288
0.000320
0.000360
0.000389
0.000398
0.000391
0.000375
0.000355
0.000339
0.000339
0.000356
0.000380
0.000402
0.000423
0.000438
0.000434
0.000408
0.000379
0.000371
0.000382
0.000391
0.000385
0.000372
0.000365
0.000368
0.000376
0.000386
0.000402
0.000419
0.000430
0.000431
0.000423
0.000413
0.000406
0.000399
0.000392
0.000380
0.000359
0.000327
0.000288
0.000258
0.000251
0.000265
0.000289
0.000310
0.000326
0.000337
0.000339
0.000330
0.000318
0.000312
0.000314
0.000316
0.000314
0.000312
0.000320
0.000335
0.000345
0.000342
0.000331
0.000328
0.000344
0.000366
0.000381
0.000385
0.000388
0.000394
0.000400
0.000405
0.000412
0.000417
0.000407
0.000379
0.000351
0.000340
0.000338
0.000326
0.000295
0.000258
0.000226
0.000199
0.000179
0.000171
0.000176
0.000182
0.000180
0.000174
0.000172
0.000171
0.000166
0.000162
0.000169
0.000185
0.000203
0.000214
0.000221
0.000226
0.000233
0.000244
0.000257
0.000264
0.000256
0.000239
0.000231
0.000238
0.000248
0.000247
0.000239
0.000240
0.000253
0.000265
0.000269
0.000265
0.000255
0.000244
0.000240
0.000249
0.000265
0.000273
0.000266
0.000257
0.000261
0.000271
0.000276
0.000278
0.000294
0.000327
0.000356
0.000363
0.000349
0.000329
0.000313
0.000307
0.000305
0.000298
0.000281
0.000254
0.000230
0.000216
0.000216
0.000228
0.000247
0.000267
0.000275
0.000267
0.000253
0.000247
0.000256
0.000276
0.000294
0.000303
0.000307
0.000313
0.000327
0.000338
0.000333
0.000308
0.000276
0.000248
0.000227
0.000211
0.000198
0.000187
0.000176
0.000165
0.000158
0.000159
0.000167
0.000180
0.000196
0.000207
0.000205
0.000191
0.000177
0.000178
0.000193
0.000217
0.000241
0.000263
0.000277
0.000279
0.000268
0.000250
0.000225
0.000192
0.000158
0.000130
0.000112
0.000101
0.000103
0.000123
0.000155
0.000181
0.000188
0.000180
0.000165
0.000146
0.000129
0.000126
0.000148
0.000190
0.000232
0.000256
0.000257
0.000242
0.000223
0.000207
0.000190
0.000164
0.000126
0.000083
0.000044
0.000012
-0.000013
-0.000028
-0.000030
-0.000021
-0.000003
0.000017
0.000031
0.000039
0.000042
0.000036
0.000017
-0.000012
-0.000038
-0.000044
-0.000032
-0.000019
-0.000013
-0.000004
0.000019
0.000050
0.000075
0.000085
0.000087
0.000084
0.000074
0.000055
0.000036
0.000034
0.000059
0.000106
0.000152
0.000174
0.000163
0.000127
0.000086
0.000059
0.000054
0.000065
0.000077
0.000080
0.000080
0.000087
0.000097
0.000097
0.000084
0.000075
0.000081
0.000097
0.000111
0.000122
0.000130
0.000134
0.000130
0.000125
0.000129
0.000141
0.000150
0.000156
0.000173
0.000214
0.000266
0.000306
0.000324
0.000324
0.000313
0.000293
0.000262
0.000228
0.000202
0.000191
0.000191
0.000195
0.000199
0.000207
0.000221
0.000236
0.000248
0.000256
0.000262
0.000268
0.000271
0.000272
0.000271
0.000260
0.000235
0.000199
0.000162
0.000131
0.000105
0.000086
0.000080
0.000091
0.000114
0.000141
0.000168
0.000197
0.000227
0.000253
0.000273
0.000290
0.000307
0.000315
0.000307
0.000289
0.000270
0.000258
0.000250
0.000242
0.000234
0.000230
0.000231
0.000229
0.000214
0.000186
0.000158
0.000144
0.000145
0.000152
0.000157
0.000158
0.000160
0.000159
0.000151
0.000136
0.000123
0.000118
0.000125
0.000148
0.000186
0.000228
0.000253
0.000250
0.000225
0.000198
0.000185
0.000189
0.000205
0.000225
0.000239
0.000234
0.000210
0.000179
0.000155
0.000140
0.000125
0.000100
0.000063
0.000028
0.000009
0.000014
0.000035
0.000057
0.000070
0.000072
0.000073
0.000077
0.000085
0.000100
0.000120
0.000143
0.000163
0.000173
0.000175
0.000169
0.000161
0.000152
0.000142
0.000132
0.000127
0.000129
0.000136
0.000142
0.000141
0.000133
0.000117
0.000097
0.000078
0.000060
0.000038
0.000005
-0.000035
-0.000072
-0.000102
-0.000129
-0.000145
-0.000140
-0.000115
-0.000087
-0.000070
-0.000056
-0.000029
0.000011
0.000049
0.000077
0.000097
0.000108
0.000104
0.000084
0.000064
0.000060
0.000072
0.000090
0.000105
0.000111
0.000103
0.000082
0.000058
0.000046
0.000055
0.000075
0.000088
0.000085
0.000073
0.000069
0.000088
0.000126
0.000167
0.000197
0.000214
0.000226
0.000239
0.000247
0.000242
0.000224
0.000205
0.000199
0.000210
0.000228
0.000245
0.000256
0.000258
0.000250
0.000240
0.000232
0.000220
0.000192
0.000150
0.000116
0.000105
0.000113
0.000123
0.000131
0.000141
0.000160
0.000187
0.000222
0.000265
0.000305
0.000327
0.000332
0.000331
0.000336
0.000354
0.000392
0.000453
0.000534
0.000614
0.000673
0.000699
0.000691
0.000656
0.000605
0.000544
0.000476
0.000404
0.000348
0.000323
0.000327
0.000340
0.000348
0.000347
0.000340
0.000327
0.000310
0.000301
0.000305
0.000312
0.000306
0.000282
0.000246
0.000209
0.000181
0.000170
0.000175
0.000186
0.000196
0.000205
0.000217
0.000229
0.000243
0.000264
0.000285
0.000291
0.000277
0.000257
0.000245
0.000237
0.000228
0.000226
0.000243
0.000268
0.000278
0.000268
0.000249
0.000231
0.000209
0.000178
0.000143
0.000116
0.000105
0.000104
0.000106
0.000100
0.000088
0.000080
0.000083
0.000094
0.000107
0.000119
0.000136
0.000157
0.000172
0.000178
0.000182
0.000192
0.000209
0.000226
0.000236
0.000239
0.000242
0.000253
0.000266
0.000266
0.000244
0.000210
0.000178
0.000150
0.000124
0.000109
0.000119
0.000151
0.000185
0.000200
0.000197
0.000181
0.000162
0.000153
0.000166
0.000196
0.000224
0.000238
0.000239
0.000237
0.000229
0.000210
0.000184
0.000155
0.000127
0.000101
0.000087
0.000094
0.000117
0.000140
0.000150
0.000148
0.000139
0.000132
0.000130
0.000136
0.000149
0.000166
0.000182
0.000189
0.000184
0.000167
0.000144
0.000121
0.000106
0.000106
0.000124
0.000154
0.000190
0.000234
0.000286
0.000330
0.000347
0.000330
0.000291
0.000248
0.000215
0.000202
0.000211
0.000230
0.000243
0.000248
0.000257
0.000284
0.000320
0.000347
0.000359
0.000358
0.000344
0.000319
0.000286
0.000260
0.000250
0.000255
0.000264
0.000270
0.000272
0.000272
0.000267
0.000262
0.000267
0.000291
0.000322
0.000334
0.000312
0.000271
0.000239
0.000225
0.000217
0.000205
0.000186
0.000161
0.000135
0.000120
0.000135
0.000178
0.000232
0.000278
0.000313
0.000337
0.000348
0.000346
0.000337
0.000323
0.000296
0.000260
0.000230
0.000213
0.000200
0.000180
0.000160
0.000155
0.000167
0.000181
0.000190
0.000194
0.000190
0.000180
0.000172
0.000183
0.000217
0.000256
0.000278
0.000271
0.000239
0.000197
0.000168
0.000165
0.000180
0.000194
0.000200
0.000206
0.000220
0.000238
0.000248
0.000250
0.000254
0.000269
0.000295
0.000320
0.000330
0.000328
0.000329
0.000345
0.000370
0.000390
0.000401
0.000413
0.000433
0.000459
0.000499
0.000569
0.000687
0.000843
0.001007
0.001144
0.001235
0.001277
0.001273
0.001223
0.001134
0.001019
0.000895
0.000773
0.000662
0.000570
0.000500
0.000438
0.000374
0.000314
0.000275
0.000259
0.000250
0.000241
0.000243
0.000268
0.000300
0.000312
0.000295
0.000259
0.000216
0.000173
0.000142
0.000138
0.000164
0.000206
0.000250
0.000281
0.000298
0.000307
0.000322
0.000346
0.000364
0.000355
0.000321
0.000282
0.000254
0.000234
0.000213
0.000191
0.000169
0.000149
0.000136
0.000134
0.000142
0.000152
0.000154
0.000148
0.000145
0.000156
0.000186
0.000222
0.000245
0.000251
0.000257
0.000283
0.000323
0.000358
0.000380
0.000394
0.000407
0.000419
0.000434
0.000455
0.000472
0.000469
0.000441
0.000405
0.000378
0.000366
0.000365
0.000370
0.000369
0.000352
0.000321
0.000291
0.000274
0.000271
0.000282
0.000310
0.000346
0.000370
0.000364
0.000333
0.000293
0.000260
0.000242
0.000237
0.000241
0.000246
0.000245
0.000235
0.000217
0.000197
0.000188
0.000195
0.000212
0.000231
0.000252
0.000278
0.000300
0.000299
0.000275
0.000244
0.000213
0.000183
0.000153
0.000134
0.000131
0.000137
0.000146
0.000157
0.000162
0.000154
0.000142
0.000146
0.000172
0.000204
0.000228
0.000250
0.000273
0.000288
0.000285
0.000271
0.000258
0.000244
0.000226
0.000212
0.000217
0.000239
0.000262
0.000278
0.000281
0.000274
0.000263
0.000261
0.000270
0.000277
0.000281
0.000294
0.000326
0.000361
0.000382
0.000393
0.000404
0.000415
0.000419
0.000419
0.000423
0.000428
0.000426
0.000420
0.000420
0.000420
0.000407
0.000382
0.000360
0.000344
0.000331
0.000319
0.000314
0.000312
0.000311
0.000313
0.000331
0.000365
0.000412
0.000469
0.000529
0.000571
0.000581
0.000564
0.000540
0.000516
0.000483
0.000441
0.000405
0.000385
0.000377
0.000373
0.000373
0.000375
0.000377
0.000374
0.000366
0.000353
0.000339
0.000333
0.000339
0.000349
0.000359
0.000373
0.000397
0.000417
0.000419
0.000404
0.000390
0.000389
0.000400
0.000415
0.000427
0.000431
0.000426
0.000424
0.000434
0.000448
0.000450
0.000440
0.000429
0.000422
0.000422
0.000437
0.000468
0.000498
0.000509
0.000501
0.000492
0.000487
0.000478
0.000467
0.000468
0.000486
0.000508
0.000520
0.000522
0.000521
0.000527
0.000558
0.000615
0.000676
0.000709
0.000709
0.000693
0.000678
0.000673
0.000687
0.000726
0.000777
0.000815
0.000835
0.000849
0.000865
0.000876
0.000880
0.000884
0.000888
0.000888
0.000891
0.000915
0.000958
0.000999
0.001026
0.001042
0.001051
0.001051
0.001053
0.001077
0.001124
0.001180
0.001236
0.001300
0.001374
0.001450
0.001525
0.001599
0.001663
0.001706
0.001737
0.001778
0.001828
0.001868
0.001903
0.001958
0.002040
0.002126
0.002213
0.002316
0.002443
0.002575
0.002708
0.002858
0.003028
0.003204
0.003394
0.003623
0.003899
0.004215
0.004589
0.005053
0.005605
0.006220
0.006919
0.007755
0.008749
0.009863
0.011062
0.012298
0.013470
0.014482
0.015383
0.016365
0.017597
0.019186
0.021297
0.024191
0.028111
0.033293
0.040164
0.049364
0.061502
0.077044
0.096344
0.119080
0.142991
0.163445
0.175200
0.175359
0.164790
0.146909
0.125493
0.103557
0.083344
0.066303
0.052841
0.042483
0.034523
0.028460
0.023918
0.020512
0.017939
0.016053
0.014720
0.013694
0.012727
0.011706
0.010620
0.009479
0.008317
0.007219
0.006258
0.005444
0.004760
0.004207
0.003780
0.003444
0.003172
0.002966
0.002819
0.002697
0.002580
0.002480
0.002408
0.002351
0.002303
0.002279
0.002274
0.002248
0.002179
0.002090
0.002006
0.001911
0.001784
0.001644
0.001520
0.001413
0.001310
0.001212
0.001129
0.001059
0.001003
0.000968
0.000951
0.000931
0.000903
0.000885
0.000894
0.000922
0.000962
0.001020
0.001096
0.001167
0.001214
0.001245
0.001271
0.001283
0.001271
0.001244
0.001215
0.001178
0.001128
0.001076
0.001024
0.000956
0.000864
0.000773
0.000709
0.000671
0.000638
0.000609
0.000589
0.000570
0.000535
0.000492
0.000464
0.000463
0.000482
0.000504
0.000519
0.000518
0.000511
0.000516
0.000542
0.000575
0.000602
0.000627
0.000648
0.000637
0.000580
0.000499
0.000438
0.000405
0.000378
0.000346
0.000316
0.000293
0.000271
0.000251
0.000247
0.000262
0.000281
0.000289
0.000284
0.000270
0.000253
0.000242
0.000242
0.000244
0.000236
0.000222
0.000217
0.000226
0.000238
0.000241
0.000238
0.000230
0.000220
0.000216
0.000234
0.000280
0.000337
0.000380
0.000389
0.000362
0.000315
0.000278
0.000270
0.000281
0.000284
0.000263
0.000226
0.000188
0.000158
0.000136
0.000119
0.000099
0.000075
0.000060
0.000062
0.000074
0.000083
0.000088
0.000094
0.000100
0.000100
0.000103
0.000128
0.000167
0.000191
0.000184
0.000166
0.000168
0.000197
0.000230
0.000247
0.000244
0.000228
0.000209
0.000197
0.000190
0.000175
0.000146
0.000114
0.000094
0.000089
0.000091
0.000091
0.000089
0.000089
0.000096
0.000112
0.000135
0.000153
0.000157
0.000148
0.000135
0.000121
0.000100
0.000073
0.000050
0.000039
0.000033
0.000023
0.000004
-0.000017
-0.000038
-0.000059
-0.000077
-0.000077
-0.000054
-0.000020
0.000007
0.000023
0.000043
0.000071
0.000098
0.000109
0.000110
0.000119
0.000144
0.000174
0.000199
0.000214
0.000220
0.000221
0.000222
0.000223
0.000223
0.000217
0.000208
0.000198
0.000190
0.000182
0.000170
0.000155
0.000139
0.000130
0.000135
0.000143
0.000141
0.000133
0.000138
0.000162
0.000190
0.000200
0.000197
0.000197
0.000204
0.000206
0.000197
0.000185
0.000174
0.000163
0.000154
0.000155
0.000171
0.000193
0.000206
0.000203
0.000185
0.000156
0.000121
0.000088
0.000065
0.000058
0.000069
0.000097
0.000129
0.000154
0.000164
0.000161
0.000146
0.000130
0.000125
0.000130
0.000128
0.000109
0.000089
0.000097
0.000131
0.000159
0.000165
0.000163
0.000170
0.000184
0.000194
0.000205
0.000222
0.000234
0.000230
0.000216
0.000208
0.000207
0.000202
0.000185
0.000165
0.000155
0.000163
0.000187
0.000210
0.000216
0.000202
0.000186
0.000185
0.000198
0.000216
0.000236
0.000262
0.000283
0.000284
0.000264
0.000241
0.000231
0.000241
0.000265
0.000299
0.000333
0.000356
0.000360
0.000345
0.000324
0.000309
0.000308
0.000321
0.000344
0.000375
0.000419
0.000483
0.000570
0.000678
0.000803
0.000939
0.001071
0.001180
0.001254
0.001288
0.001281
0.001234
0.001153
0.001052
0.000949
0.000860
0.000784
0.000707
0.000616
0.000511
0.000408
0.000328
0.000277
0.000255
0.000254
0.000261
0.000264
0.000259
0.000252
0.000249
0.000247
0.000242
0.000239
0.000246
0.000262
0.000282
0.000312
0.000354
0.000401
0.000431
0.000435
0.000427
0.000425
0.000433
0.000432
0.000402
0.000341
0.000279
0.000247
0.000257
0.000289
0.000315
0.000325
0.000328
0.000331
0.000326
0.000301
0.000258
0.000214
0.000192
0.000198
0.000221
0.000245
0.000266
0.000294
0.000327
0.000348
0.000343
0.000317
0.000289
0.000269
0.000252
0.000239
0.000232
0.000228
0.000222
0.000214
0.000212
0.000219
0.000231
0.000242
0.000250
0.000251
0.000238
0.000215
0.000195
0.000188
0.000194
0.000203
0.000209
0.000208
0.000201
0.000197
0.000200
0.000209
0.000219
0.000224
0.000232
0.000246
0.000264
0.000280
0.000289
0.000287
0.000277
0.000264
0.000252
0.000235
0.000207
0.000165
0.000121
0.000089
0.000073
0.000064
0.000051
0.000027
-0.000003
-0.000025
-0.000029
-0.000016
0.000008
0.000036
0.000063
0.000082
0.000085
0.000081
0.000087
0.000110
0.000138
0.000156
0.000157
0.000142
0.000121
0.000104
0.000104
0.000119
0.000132
0.000128
0.000106
0.000073
0.000043
0.000022
0.000014
0.000015
0.000022
0.000030
0.000043
0.000060
0.000080
0.000096
0.000108
0.000115
0.000120
0.000126
0.000134
0.000139
0.000137
0.000136
0.000146
0.000164
0.000179
0.000184
0.000184
0.000183
0.000176
0.000162
0.000157
0.000180
0.000228
0.000278
0.000310
0.000313
0.000293
0.000258
0.000223
0.000200
0.000195
0.000204
0.000211
0.000198
0.000160
0.000111
0.000073
0.000057
0.000061
0.000075
0.000091
0.000098
0.000090
0.000073
0.000064
0.000068
0.000076
0.000075
0.000065
0.000051
0.000033
0.000014
0.000007
0.000016
0.000030
0.000034
0.000034
0.000047
0.000078
0.000112
0.000133
0.000138
0.000126
0.000099
0.000063
0.000028
-0.000000
-0.000023
-0.000035
-0.000028
-0.000002
0.000034
0.000073
0.000110
0.000136
0.000137
0.000117
0.000097
0.000090
0.000093
0.000096
0.000098
0.000105
0.000115
0.000119
0.000115
0.000107
0.000103
0.000108
0.000124
0.000145
0.000166
0.000182
0.000189
0.000187
0.000170
0.000140
0.000111
0.000093
0.000085
0.000080
0.000072
0.000067
0.000070
0.000079
0.000094
0.000111
0.000129
0.000141
0.000142
0.000136
0.000132
0.000139
0.000159
0.000184
0.000203
0.000208
0.000198
0.000177
0.000155
0.000145
0.000152
0.000171
0.000186
0.000193
0.000194
0.000194
0.000188
0.000171
0.000142
0.000113
0.000093
0.000085
0.000085
0.000087
0.000090
0.000097
0.000107
0.000117
0.000124
0.000127
0.000129
0.000130
0.000126
0.000117
0.000107
0.000096
0.000087
0.000085
0.000093
0.000113
0.000140
0.000172
0.000205
0.000232
0.000244
0.000242
0.000228
0.000209
0.000183
0.000154
0.000131
0.000119
0.000117
0.000124
0.000133
0.000140
0.000144
0.000145
0.000151
0.000161
0.000168
0.000165
0.000156
0.000144
0.000133
0.000122
0.000110
0.000096
0.000073
0.000044
0.000019
0.000007
0.000009
0.000016
0.000021
0.000027
0.000035
0.000045
0.000058
0.000072
0.000081
0.000077
0.000056
0.000026
0.000001
-0.000015
-0.000020
-0.000019
-0.000010
0.000010
0.000034
0.000051
0.000055
0.000055
0.000061
0.000071
0.000071
0.000054
0.000030
0.000011
-0.000003
-0.000013
-0.000016
-0.000010
0.000001
0.000007
0.000013
0.000034
0.000076
0.000124
0.000157
0.000163
0.000149
0.000128
0.000109
0.000093
0.000076
0.000054
0.000029
0.000010
0.000008
0.000022
0.000043
0.000063
0.000082
0.000104
0.000130
0.000150
0.000163
0.000174
0.000189
0.000204
0.000205
0.000188
0.000160
0.000131
0.000105
0.000085
0.000069
0.000053
0.000032
0.000010
-0.000004
-0.000004
0.000003
0.000011
0.000020
0.000026
0.000020
0.000002
-0.000019
-0.000024
-0.000010
0.000018
0.000050
0.000081
0.000103
0.000108
0.000098
0.000073
0.000033
-0.000015
-0.000051
-0.000051
-0.000018
0.000020
0.000045
0.000064
0.000094
0.000129
0.000151
0.000152
0.000141
0.000124
0.000099
0.000063
0.000026
0.000002
-0.000005
-0.000002
0.000007
0.000023
0.000047
0.000072
0.000083
0.000071
0.000034
-0.000012
-0.000051
-0.000072
-0.000077
-0.000073
-0.000063
-0.000048
-0.000029
-0.000005
0.000024
0.000057
0.000087
0.000106
0.000114
0.000122
0.000135
0.000148
0.000148
0.000127
0.000090
0.000051
0.000025
0.000021
0.000032
0.000040
0.000037
0.000032
0.000037
0.000049
0.000057
0.000058
0.000056
0.000054
0.000049
0.000044
0.000046
0.000062
0.000084
0.000106
0.000129
0.000154
0.000175
0.000185
0.000187
0.000185
0.000178
0.000166
0.000164
0.000182
0.000210
0.000227
0.000225
0.000215
0.000211
0.000216
0.000225
0.000233
0.000239
0.000238
0.000228
0.000207
0.000177
0.000142
0.000110
0.000083
0.000062
0.000046
0.000039
0.000041
0.000049
0.000058
0.000073
0.000098
0.000125
0.000139
0.000142
0.000145
0.000151
0.000148
0.000133
0.000116
0.000113
0.000121
0.000130
0.000132
0.000130
0.000129
0.000129
0.000131
0.000131
0.000127
0.000119
0.000114
0.000113
0.000111
0.000106
0.000103
0.000110
0.000128
0.000156
0.000192
0.000226
0.000237
0.000217
0.000183
0.000155
0.000143
0.000138
0.000141
0.000160
0.000196
0.000229
0.000240
0.000230
0.000215
0.000203
0.000192
0.000173
0.000141
0.000105
0.000079
0.000076
0.000096
0.000126
0.000151
0.000161
0.000158
0.000153
0.000152
0.000152
0.000138
0.000105
0.000066
0.000038
0.000032
0.000049
0.000085
0.000133
0.000179
0.000206
0.000208
0.000190
0.000162
0.000131
0.000102
0.000082
0.000077
0.000091
0.000117
0.000143
0.000156
0.000153
0.000143
0.000132
0.000114
0.000080
0.000029
-0.000025
-0.000068
-0.000092
-0.000095
-0.000083
-0.000065
-0.000046
-0.000024
0.000011
0.000059
0.000106
0.000142
0.000168
0.000186
0.000197
0.000196
0.000184
0.000165
0.000145
0.000125
0.000113
0.000112
0.000122
0.000133
0.000139
0.000133
0.000111
0.000076
0.000045
0.000036
0.000043
0.000054
0.000066
0.000087
0.000121
0.000147
0.000149
0.000133
0.000118
0.000108
0.000091
0.000060
0.000033
0.000034
0.000065
0.000104
0.000127
0.000134
0.000138
0.000150
0.000170
0.000188
0.000196
0.000194
0.000191
0.000190
0.000187
0.000173
0.000146
0.000121
0.000110
0.000116
0.000126
0.000131
0.000127
0.000118
0.000105
0.000095
0.000086
0.000076
0.000063
0.000050
0.000046
0.000053
0.000064
0.000073
0.000086
0.000107
0.000129
0.000135
0.000125
0.000118
0.000128
0.000152
0.000176
0.000196
0.000215
0.000230
0.000232
0.000217
0.000191
0.000163
0.000136
0.000113
0.000100
0.000098
0.000099
0.000093
0.000080
0.000071
0.000080
0.000110
0.000149
0.000178
0.000181
0.000161
0.000138
0.000128
0.000129
0.000133
0.000137
0.000141
0.000141
0.000127
0.000101
0.000076
0.000067
0.000066
0.000055
0.000027
-0.000008
-0.000033
-0.000042
-0.000038
-0.000027
-0.000014
-0.000003
0.000004
0.000003
-0.000008
-0.000024
-0.000038
-0.000037
-0.000022
-0.000000
0.000015
0.000017
0.000009
-0.000002
-0.000004
0.000009
0.000035
0.000062
0.000080
0.000086
0.000088
0.000090
0.000096
0.000103
0.000106
0.000102
0.000095
0.000090
0.000089
0.000083
0.000067
0.000046
0.000030
0.000026
0.000032
0.000044
0.000059
0.000075
0.000088
0.000095
0.000093
0.000087
0.000093
0.000121
0.000164
0.000202
0.000218
0.000210
0.000182
0.000137
0.000083
0.000037
0.000016
0.000023
0.000050
0.000084
0.000113
0.000127
0.000123
0.000108
0.000097
0.000092
0.000092
0.000095
0.000105
0.000122
0.000137
0.000138
0.000120
0.000091
0.000069
0.000073
0.000100
0.000132
0.000146
0.000141
0.000133
0.000134
0.000145
0.000158
0.000168
0.000171
0.000165
0.000154
0.000146
0.000145
0.000149
0.000152
0.000155
0.000157
0.000157
0.000154
0.000153
0.000154
0.000149
0.000129
0.000100
0.000081
0.000079
0.000086
0.000085
0.000069
0.000048
0.000036
0.000040
0.000060
0.000090
0.000117
0.000130
0.000125
0.000105
0.000075
0.000039
0.000008
-0.000009
-0.000009
-0.000004
-0.000002
0.000007
0.000041
0.000098
0.000151
0.000173
0.000156
0.000118
0.000075
0.000034
-0.000004
-0.000035
-0.000050
-0.000043
-0.000015
0.000026
0.000066
0.000095
0.000113
0.000123
0.000125
0.000116
0.000102
0.000094
0.000099
0.000113
0.000127
0.000141
0.000153
0.000156
0.000144
0.000121
0.000104
0.000102
0.000114
0.000133
0.000155
0.000174
0.000184
0.000184
0.000177
0.000167
0.000156
0.000139
0.000117
0.000094
0.000080
0.000077
0.000077
0.000070
0.000057
0.000044
0.000035
0.000027
0.000017
0.000007
0.000002
0.000002
0.000010
0.000032
0.000069
0.000114
0.000151
0.000171
0.000178
0.000178
0.000176
0.000175
0.000179
0.000185
0.000191
0.000194
0.000198
0.000202
0.000204
0.000200
0.000192
0.000181
0.000166
0.000151
0.000133
0.000107
0.000072
0.000042
0.000042
0.000073
0.000112
0.000132
0.000125
0.000104
0.000080
0.000061
0.000056
0.000063
0.000068
0.000060
0.000048
0.000047
0.000057
0.000062
0.000056
0.000051
0.000057
0.000070
0.000075
0.000069
0.000056
0.000041
0.000029
0.000025
0.000025
0.000021
0.000012
0.000009
0.000021
0.000052
0.000101
0.000159
0.000212
0.000241
0.000241
0.000228
0.000220
0.000217
0.000209
0.000193
0.000170
0.000144
0.000117
0.000100
0.000107
0.000138
0.000176
0.000205
0.000216
0.000206
0.000174
0.000129
0.000092
0.000085
0.000108
0.000147
0.000188
0.000222
0.000235
0.000219
0.000180
0.000137
0.000107
0.000098
0.000106
0.000123
0.000138
0.000148
0.000153
0.000154
0.000146
0.000125
0.000096
0.000073
0.000067
0.000075
0.000085
0.000088
0.000080
0.000061
0.000034
-0.000002
-0.000037
-0.000060
-0.000057
-0.000031
-0.000003
0.000007
-0.000005
-0.000023
-0.000031
-0.000030
-0.000027
-0.000022
-0.000009
0.000008
0.000018
0.000009
-0.000013
-0.000042
-0.000073
-0.000106
-0.000131
-0.000137
-0.000122
-0.000100
-0.000087
-0.000087
-0.000090
-0.000083
-0.000063
-0.000036
-0.000008
0.000014
0.000028
0.000033
0.000031
0.000030
0.000039
0.000065
0.000104
0.000149
0.000189
0.000213
0.000215
0.000201
0.000188
0.000188
0.000203
0.000223
0.000236
0.000235
0.000223
0.000208
0.000202
0.000210
0.000222
0.000226
0.000215
0.000196
0.000178
0.000164
0.000154
0.000147
0.000141
0.000134
0.000118
0.000092
0.000062
0.000040
0.000041
0.000073
0.000128
0.000181
0.000211
0.000214
0.000202
0.000183
0.000163
0.000148
0.000145
0.000148
0.000146
0.000137
0.000135
0.000154
0.000187
0.000216
0.000231
0.000239
0.000244
0.000242
0.000223
0.000186
0.000140
0.000103
0.000093
0.000109
0.000133
0.000152
0.000170
0.000195
0.000217
0.000221
0.000206
0.000199
0.000218
0.000255
0.000286
0.000301
0.000298
0.000284
0.000258
0.000221
0.000179
0.000139
0.000110
0.000094
0.000084
0.000071
0.000057
0.000058
0.000076
0.000100
0.000116
0.000126
0.000143
0.000170
0.000194
0.000208
0.000213
0.000215
0.000211
0.000201
0.000187
0.000172
0.000159
0.000153
0.000155
0.000162
0.000170
0.000173
0.000172
0.000165
0.000151
0.000138
0.000135
0.000142
0.000155
0.000173
0.000195
0.000216
0.000226
0.000218
0.000192
0.000156
0.000119
0.000090
0.000080
0.000087
0.000101
0.000108
0.000104
0.000092
0.000072
0.000043
0.000010
-0.000017
-0.000039
-0.000057
-0.000072
-0.000075
-0.000060
-0.000034
-0.000011
0.000003
0.000012
0.000023
0.000040
0.000061
0.000083
0.000105
0.000122
0.000127
0.000119
0.000108
0.000104
0.000111
0.000119
0.000125
0.000128
0.000134
0.000144
0.000154
0.000156
0.000145
0.000121
0.000098
0.000093
0.000105
0.000120
0.000121
0.000111
0.000100
0.000098
0.000104
0.000116
0.000134
0.000149
0.000150
0.000131
0.000096
0.000061
0.000037
0.000032
0.000041
0.000062
0.000090
0.000125
0.000164
0.000197
0.000219
0.000235
0.000253
0.000278
0.000307
0.000333
0.000346
0.000334
0.000299
0.000258
0.000233
0.000234
0.000249
0.000263
0.000270
0.000272
0.000276
0.000283
0.000287
0.000282
0.000270
0.000260
0.000257
0.000255
0.000250
0.000246
0.000252
0.000267
0.000284
0.000301
0.000320
0.000341
0.000362
0.000386
0.000413
0.000435
0.000435
0.000411
0.000384
0.000373
0.000368
0.000345
0.000299
0.000249
0.000218
0.000206
0.000202
0.000194
0.000181
0.000160
0.000133
0.000106
0.000086
0.000076
0.000074
0.000076
0.000080
0.000087
0.000103
0.000137
0.000188
0.000241
0.000278
0.000293
0.000294
0.000292
0.000289
0.000283
0.000277
0.000276
0.000279
0.000274
0.000255
0.000227
0.000206
0.000197
0.000195
0.000191
0.000186
0.000183
0.000179
0.000162
0.000131
0.000092
0.000062
0.000049
0.000052
0.000062
0.000069
0.000071
0.000070
0.000070
0.000069
0.000062
0.000051
0.000043
0.000046
0.000054
0.000062
0.000069
0.000077
0.000088
0.000095
0.000096
0.000089
0.000082
0.000080
0.000088
0.000101
0.000112
0.000114
0.000107
0.000096
0.000086
0.000080
0.000078
0.000079
0.000086
0.000099
0.000114
0.000124
0.000124
0.000121
0.000130
0.000155
0.000184
0.000194
0.000177
0.000144
0.000115
0.000104
0.000112
0.000124
0.000129
0.000119
0.000099
0.000080
0.000064
0.000049
0.000035
0.000031
0.000039
0.000050
0.000058
0.000064
0.000075
0.000088
0.000098
0.000106
0.000118
0.000132
0.000131
0.000107
0.000072
0.000049
0.000049
0.000067
0.000089
0.000102
0.000103
0.000095
0.000084
0.000070
0.000050
0.000029
0.000020
0.000034
0.000064
0.000097
0.000127
0.000160
0.000196
0.000226
0.000238
0.000237
0.000233
0.000224
0.000204
0.000173
0.000144
0.000131
0.000134
0.000148
0.000167
0.000189
0.000214
0.000238
0.000259
0.000270
0.000263
0.000232
0.000190
0.000154
0.000130
0.000109
0.000080
0.000051
0.000041
0.000062
0.000103
0.000142
0.000166
0.000173
0.000172
0.000169
0.000164
0.000159
0.000158
0.000167
0.000180
0.000190
0.000193
0.000193
0.000196
0.000201
0.000209
0.000224
0.000241
0.000242
0.000217
0.000178
0.000146
0.000129
0.000114
0.000096
0.000080
0.000075
0.000077
0.000080
0.000081
0.000077
0.000067
0.000049
0.000037
0.000042
0.000063
0.000084
0.000096
0.000099
0.000095
0.000090
0.000092
0.000110
0.000139
0.000163
0.000169
0.000158
0.000144
0.000140
0.000145
0.000152
0.000156
0.000153
0.000139
0.000119
0.000100
0.000089
0.000087
0.000090
0.000088
0.000080
0.000075
0.000086
0.000110
0.000127
0.000121
0.000096
0.000075
0.000072
0.000082
0.000097
0.000115
0.000135
0.000142
0.000121
0.000081
0.000049
0.000049
0.000074
0.000102
0.000116
0.000118
0.000117
0.000124
0.000141
0.000164
0.000184
0.000194
0.000191
0.000178
0.000158
0.000128
0.000094
0.000072
0.000071
0.000085
0.000102
0.000116
0.000129
0.000143
0.000149
0.000143
0.000135
0.000142
0.000169
0.000206
0.000237
0.000256
0.000266
0.000274
0.000281
0.000283
0.000276
0.000258
0.000234
0.000213
0.000204
0.000209
0.000223
0.000236
0.000239
0.000224
0.000190
0.000152
0.000124
0.000111
0.000108
0.000103
0.000094
0.000080
0.000062
0.000046
0.000037
0.000036
0.000038
0.000050
0.000081
0.000134
0.000189
0.000225
0.000240
0.000248
0.000260
0.000273
0.000283
0.000292
0.000304
0.000313
0.000311
0.000302
0.000294
0.000292
0.000294
0.000295
0.000291
0.000276
0.000251
0.000222
0.000198
0.000178
0.000162
0.000154
0.000158
0.000170
0.000184
0.000199
0.000213
0.000217
0.000208
0.000193
0.000182
0.000171
0.000149
0.000119
0.000100
0.000106
0.000126
0.000137
0.000133
0.000120
0.000107
0.000098
0.000097
0.000112
0.000135
0.000152
0.000151
0.000138
0.000127
0.000120
0.000111
0.000098
0.000087
0.000086
0.000095
0.000109
0.000119
0.000125
0.000126
0.000126
0.000130
0.000149
0.000183
0.000222
0.000251
0.000259
0.000252
0.000235
0.000213
0.000185
0.000160
0.000141
0.000127
0.000109
0.000088
0.000070
0.000065
0.000072
0.000084
0.000094
0.000097
0.000093
0.000083
0.000069
0.000055
0.000043
0.000036
0.000033
0.000031
0.000022
0.000007
-0.000008
-0.000014
-0.000011
-0.000006
-0.000004
-0.000003
-0.000001
-0.000001
-0.000010
-0.000025
-0.000038
-0.000036
-0.000021
0.000002
0.000030
0.000064
0.000101
0.000130
0.000141
0.000130
0.000112
0.000103
0.000111
0.000134
0.000168
0.000210
0.000251
0.000281
0.000292
0.000291
0.000289
0.000293
0.000298
0.000297
0.000289
0.000273
0.000251
0.000229
0.000218
0.000227
0.000249
0.000270
0.000281
0.000284
0.000281
0.000268
0.000246
0.000221
0.000201
0.000189
0.000182
0.000183
0.000194
0.000212
0.000227
0.000234
0.000231
0.000220
0.000201
0.000180
0.000172
0.000188
0.000222
0.000255
0.000266
0.000249
0.000212
0.000173
0.000146
0.000131
0.000121
0.000109
0.000096
0.000089
0.000088
0.000084
0.000075
0.000069
0.000081
0.000110
0.000139
0.000150
0.000145
0.000135
0.000128
0.000115
0.000085
0.000040
-0.000006
-0.000039
-0.000048
-0.000036
-0.000012
0.000011
0.000023
0.000024
0.000021
0.000016
0.000006
-0.000009
-0.000016
-0.000002
0.000033
0.000074
0.000098
0.000093
0.000062
0.000023
-0.000006
-0.000011
0.000009
0.000038
0.000056
0.000055
0.000044
0.000041
0.000052
0.000067
0.000079
0.000086
0.000091
0.000097
0.000101
0.000107
0.000118
0.000129
0.000130
0.000116
0.000089
0.000061
0.000040
0.000030
0.000032
0.000039
0.000045
0.000045
0.000044
0.000045
0.000045
0.000039
0.000029
0.000017
0.000009
0.000004
0.000005
0.000017
0.000035
0.000048
0.000043
0.000021
-0.000003
-0.000020
-0.000031
-0.000039
-0.000040
-0.000026
0.000001
0.000028
0.000042
0.000045
0.000051
0.000068
0.000099
0.000140
0.000185
0.000222
0.000243
0.000247
0.000241
0.000231
0.000218
0.000205
0.000195
0.000183
0.000166
0.000143
0.000126
0.000119
0.000117
0.000110
0.000098
0.000087
0.000079
0.000074
0.000071
0.000069
0.000067
0.000060
0.000053
0.000054
0.000068
0.000089
0.000102
0.000099
0.000085
0.000073
0.000078
0.000106
0.000150
0.000183
0.000187
0.000161
0.000133
0.000125
0.000136
0.000147
0.000143
0.000135
0.000133
0.000140
0.000143
0.000141
0.000140
0.000148
0.000163
0.000180
0.000195
0.000204
0.000199
0.000180
0.000157
0.000145
0.000147
0.000155
0.000165
0.000177
0.000196
0.000220
0.000242
0.000260
0.000276
0.000296
0.000314
0.000320
0.000306
0.000282
0.000268
0.000276
0.000299
0.000321
0.000329
0.000320
0.000302
0.000290
0.000291
0.000300
0.000307
0.000309
0.000313
0.000322
0.000327
0.000322
0.000308
0.000294
0.000279
0.000263
0.000253
0.000253
0.000262
0.000268
0.000264
0.000251
0.000236
0.000228
0.000226
0.000217
0.000190
0.000145
0.000102
0.000080
0.000076
0.000081
0.000092
0.000110
0.000128
0.000132
0.000123
0.000110
0.000100
0.000093
0.000088
0.000090
0.000101
0.000118
0.000136
0.000158
0.000178
0.000185
0.000172
0.000158
0.000160
0.000176
0.000188
0.000187
0.000180
0.000179
0.000183
0.000188
0.000195
0.000208
0.000224
0.000230
0.000218
0.000192
0.000170
0.000160
0.000158
0.000151
0.000138
0.000128
0.000130
0.000141
0.000158
0.000175
0.000186
0.000182
0.000163
0.000144
0.000136
0.000138
0.000141
0.000138
0.000136
0.000139
0.000144
0.000154
0.000172
0.000190
0.000192
0.000169
0.000131
0.000096
0.000072
0.000057
0.000048
0.000048
0.000060
0.000079
0.000098
0.000112
0.000119
0.000120
0.000119
0.000120
0.000120
0.000112
0.000094
0.000074
0.000062
0.000062
0.000066
0.000072
0.000080
0.000089
0.000092
0.000079
0.000056
0.000036
0.000028
0.000031
0.000037
0.000039
0.000035
0.000031
0.000033
0.000045
0.000061
0.000071
0.000070
0.000063
0.000063
0.000074
0.000086
0.000089
0.000080
0.000061
0.000041
0.000025
0.000017
0.000018
0.000025
0.000032
0.000040
0.000059
0.000091
0.000128
0.000155
0.000167
0.000169
0.000168
0.000167
0.000167
0.000168
0.000172
0.000179
0.000188
0.000197
0.000199
0.000191
0.000176
0.000160
0.000138
0.000101
0.000055
0.000024
0.000025
0.000049
0.000073
0.000090
0.000102
0.000105
0.000090
0.000066
0.000057
0.000073
0.000098
0.000109
0.000103
0.000095
0.000095
0.000103
0.000116
0.000133
0.000144
0.000139
0.000120
0.000101
0.000090
0.000083
0.000074
0.000068
0.000071
0.000080
0.000088
0.000098
0.000113
0.000128
0.000131
0.000118
0.000102
0.000098
0.000110
0.000132
0.000151
0.000160
0.000158
0.000148
0.000135
0.000124
0.000115
0.000107
0.000097
0.000085
0.000072
0.000054
0.000027
0.000001
-0.000010
0.000001
0.000028
0.000059
0.000089
0.000119
0.000147
0.000166
0.000171
0.000166
0.000158
0.000157
0.000163
0.000167
0.000167
0.000168
0.000177
0.000191
0.000193
0.000176
0.000148
0.000123
0.000103
0.000084
0.000064
0.000048
0.000036
0.000026
0.000021
0.000028
0.000039
0.000044
0.000039
0.000030
0.000025
0.000033
0.000063
0.000121
0.000189
0.000238
0.000255
0.000254
0.000253
0.000255
0.000252
0.000241
0.000230
0.000224
0.000219
0.000211
0.000196
0.000169
0.000136
0.000108
0.000098
0.000103
0.000106
0.000100
0.000091
0.000089
0.000091
0.000089
0.000079
0.000063
0.000046
0.000030
0.000011
-0.000010
-0.000026
-0.000025
-0.000002
0.000034
0.000063
0.000075
0.000072
0.000064
0.000060
0.000065
0.000077
0.000090
0.000095
0.000088
0.000076
0.000069
0.000071
0.000077
0.000082
0.000087
0.000094
0.000105
0.000120
0.000141
0.000165
0.000182
0.000182
0.000166
0.000147
0.000136
0.000133
0.000132
0.000132
0.000137
0.000141
0.000137
0.000123
0.000110
0.000114
0.000132
0.000149
0.000150
0.000137
0.000123
0.000121
0.000128
0.000130
0.000120
0.000110
0.000121
0.000159
0.000210
0.000254
0.000281
0.000291
0.000286
0.000272
0.000249
0.000220
0.000191
0.000169
0.000157
0.000155
0.000158
0.000161
0.000164
0.000166
0.000166
0.000172
0.000190
0.000215
0.000227
0.000216
0.000190
0.000170
0.000164
0.000171
0.000184
0.000197
0.000199
0.000186
0.000165
0.000150
0.000149
0.000155
0.000159
0.000162
0.000170
0.000184
0.000199
0.000207
0.000206
0.000198
0.000187
0.000174
0.000160
0.000154
0.000162
0.000178
0.000191
0.000197
0.000200
0.000203
0.000198
0.000178
0.000145
0.000110
0.000086
0.000077
0.000085
0.000104
0.000126
0.000143
0.000153
0.000149
0.000127
0.000095
0.000070
0.000064
0.000063
0.000056
0.000044
0.000042
0.000049
0.000052
0.000045
0.000035
0.000028
0.000021
0.000009
-0.000005
-0.000017
-0.000027
-0.000034
-0.000033
-0.000018
0.000006
0.000034
0.000059
0.000073
0.000072
0.000056
0.000032
0.000012
0.000007
0.000024
0.000061
0.000108
0.000150
0.000178
0.000190
0.000190
0.000184
0.000181
0.000177
0.000162
0.000127
0.000085
0.000060
0.000070
0.000106
0.000145
0.000170
0.000177
0.000173
0.000168
0.000168
0.000166
0.000156
0.000137
0.000115
0.000094
0.000078
0.000076
0.000093
0.000119
0.000132
0.000125
0.000114
0.000115
0.000123
0.000127
0.000128
0.000132
0.000137
0.000132
0.000122
0.000124
0.000147
0.000180
0.000210
0.000234
0.000260
0.000293
0.000322
0.000332
0.000317
0.000290
0.000268
0.000256
0.000248
0.000236
0.000221
0.000206
0.000190
0.000179
0.000183
0.000198
0.000206
0.000190
0.000161
0.000140
0.000133
0.000123
0.000106
0.000094
0.000101
0.000124
0.000155
0.000184
0.000206
0.000217
0.000217
0.000212
0.000207
0.000198
0.000186
0.000175
0.000173
0.000181
0.000194
0.000203
0.000202
0.000187
0.000169
0.000159
0.000161
0.000166
0.000162
0.000149
0.000136
0.000132
0.000142
0.000164
0.000186
0.000197
0.000196
0.000190
0.000182
0.000166
0.000145
0.000130
0.000129
0.000138
0.000150
0.000164
0.000181
0.000196
0.000194
0.000171
0.000133
0.000094
0.000068
0.000062
0.000074
0.000091
0.000096
0.000086
0.000071
0.000065
0.000069
0.000071
0.000061
0.000040
0.000020
0.000017
0.000028
0.000039
0.000036
0.000018
-0.000004
-0.000022
-0.000032
-0.000033
-0.000028
-0.000021
-0.000020
-0.000025
-0.000026
-0.000016
0.000002
0.000020
0.000033
0.000041
0.000052
0.000070
0.000093
0.000115
0.000129
0.000142
0.000164
0.000198
0.000232
0.000245
0.000230
0.000206
0.000191
0.000196
0.000215
0.000239
0.000261
0.000271
0.000261
0.000238
0.000220
0.000220
0.000231
0.000235
0.000229
0.000227
0.000239
0.000256
0.000261
0.000245
0.000209
0.000159
0.000102
0.000052
0.000019
0.000009
0.000018
0.000040
0.000066
0.000083
0.000084
0.000081
0.000087
0.000106
0.000131
0.000157
0.000177
0.000183
0.000169
0.000143
0.000122
0.000119
0.000129
0.000138
0.000141
0.000137
0.000125
0.000111
0.000102
0.000107
0.000127
0.000155
0.000185
0.000211
0.000229
0.000239
0.000248
0.000254
0.000250
0.000228
0.000193
0.000159
0.000138
0.000131
0.000139
0.000166
0.000205
0.000246
0.000274
0.000292
0.000304
0.000312
0.000313
0.000303
0.000283
0.000258
0.000232
0.000213
0.000201
0.000189
0.000167
0.000137
0.000115
0.000113
0.000123
0.000132
0.000130
0.000125
0.000128
0.000139
0.000152
0.000160
0.000165
0.000171
0.000179
0.000186
0.000189
0.000190
0.000190
0.000183
0.000163
0.000131
0.000102
0.000090
0.000097
0.000112
0.000129
0.000148
0.000168
0.000182
0.000183
0.000177
0.000175
0.000180
0.000188
0.000197
0.000212
0.000229
0.000236
0.000223
0.000197
0.000174
0.000166
0.000169
0.000170
0.000167
0.000161
0.000161
0.000166
0.000178
0.000192
0.000205
0.000209
0.000199
0.000176
0.000152
0.000136
0.000126
0.000121
0.000117
0.000120
0.000128
0.000134
0.000133
0.000131
0.000137
0.000147
0.000150
0.000145
0.000141
0.000152
0.000176
0.000205
0.000234
0.000259
0.000272
0.000265
0.000236
0.000199
0.000164
0.000135
0.000107
0.000079
0.000052
0.000027
0.000007
-0.000001
0.000009
0.000033
0.000058
0.000074
0.000081
0.000084
0.000082
0.000071
0.000054
0.000032
0.000015
0.000012
0.000031
0.000073
0.000126
0.000179
0.000218
0.000233
0.000218
0.000181
0.000144
0.000122
0.000112
0.000097
0.000071
0.000041
0.000019
0.000014
0.000026
0.000050
0.000075
0.000097
0.000118
0.000142
0.000166
0.000185
0.000193
0.000192
0.000180
0.000158
0.000140
0.000146
0.000176
0.000214
0.000242
0.000259
0.000271
0.000280
0.000282
0.000274
0.000259
0.000237
0.000205
0.000167
0.000133
0.000111
0.000104
0.000113
0.000133
0.000153
0.000169
0.000185
0.000209
0.000240
0.000262
0.000265
0.000251
0.000229
0.000208
0.000191
0.000182
0.000184
0.000187
0.000178
0.000153
0.000125
0.000111
0.000109
0.000104
0.000085
0.000063
0.000055
0.000061
0.000072
0.000081
0.000090
0.000100
0.000105
0.000105
0.000104
0.000111
0.000125
0.000141
0.000156
0.000166
0.000166
0.000155
0.000140
0.000132
0.000128
0.000124
0.000117
0.000115
0.000123
0.000136
0.000151
0.000161
0.000166
0.000170
0.000178
0.000193
0.000212
0.000229
0.000236
0.000233
0.000223
0.000209
0.000198
0.000194
0.000193
0.000189
0.000184
0.000183
0.000192
0.000204
0.000211
0.000212
0.000206
0.000192
0.000168
0.000136
0.000107
0.000094
0.000102
0.000124
0.000146
0.000156
0.000152
0.000141
0.000127
0.000107
0.000082
0.000059
0.000050
0.000055
0.000066
0.000076
0.000082
0.000086
0.000092
0.000103
0.000116
0.000125
0.000121
0.000107
0.000098
0.000106
0.000127
0.000146
0.000150
0.000140
0.000126
0.000122
0.000139
0.000185
0.000250
0.000311
0.000343
0.000336
0.000304
0.000273
0.000259
0.000256
0.000251
0.000239
0.000221
0.000204
0.000184
0.000157
0.000129
0.000107
0.000100
0.000105
0.000117
0.000128
0.000132
0.000123
0.000107
0.000095
0.000100
0.000123
0.000156
0.000185
0.000199
0.000197
0.000184
0.000164
0.000142
0.000123
0.000115
0.000123
0.000144
0.000165
0.000169
0.000152
0.000122
0.000093
0.000082
0.000096
0.000127
0.000162
0.000185
0.000194
0.000192
0.000180
0.000162
0.000145
0.000141
0.000155
0.000184
0.000218
0.000247
0.000262
0.000257
0.000241
0.000225
0.000224
0.000242
0.000277
0.000316
0.000345
0.000354
0.000342
0.000314
0.000276
0.000232
0.000192
0.000164
0.000153
0.000150
0.000148
0.000149
0.000159
0.000175
0.000188
0.000193
0.000193
0.000186
0.000168
0.000135
0.000095
0.000063
0.000046
0.000042
0.000049
0.000065
0.000093
0.000129
0.000166
0.000194
0.000212
0.000217
0.000209
0.000191
0.000170
0.000153
0.000137
0.000120
0.000104
0.000098
0.000100
0.000097
0.000083
0.000071
0.000073
0.000090
0.000108
0.000114
0.000115
0.000120
0.000132
0.000143
0.000149
0.000154
0.000167
0.000190
0.000212
0.000223
0.000220
0.000209
0.000198
0.000187
0.000181
0.000185
0.000201
0.000219
0.000227
0.000229
0.000236
0.000255
0.000277
0.000288
0.000286
0.000274
0.000262
0.000256
0.000257
0.000257
0.000245
0.000223
0.000200
0.000183
0.000174
0.000175
0.000185
0.000198
0.000204
0.000200
0.000194
0.000194
0.000198
0.000194
0.000177
0.000156
0.000138
0.000130
0.000135
0.000152
0.000176
0.000190
0.000185
0.000161
0.000135
0.000127
0.000141
0.000167
0.000187
0.000190
0.000176
0.000152
0.000127
0.000117
0.000128
0.000153
0.000167
0.000157
0.000132
0.000111
0.000102
0.000103
0.000113
0.000132
0.000154
0.000163
0.000150
0.000122
0.000094
0.000074
0.000064
0.000062
0.000063
0.000063
0.000065
0.000082
0.000115
0.000147
0.000154
0.000134
0.000100
0.000071
0.000059
0.000067
0.000096
0.000137
0.000173
0.000190
0.000188
0.000186
0.000192
0.000202
0.000205
0.000194
0.000176
0.000156
0.000138
0.000124
0.000116
0.000117
0.000126
0.000142
0.000159
0.000179
0.000202
0.000223
0.000234
0.000234
0.000235
0.000244
0.000253
0.000238
0.000198
0.000158
0.000150
0.000176
0.000207
0.000219
0.000214
0.000213
0.000224
0.000234
0.000226
0.000197
0.000157
0.000121
0.000102
0.000097
0.000097
0.000098
0.000105
0.000122
0.000148
0.000174
0.000190
0.000193
0.000185
0.000172
0.000165
0.000169
0.000179
0.000178
0.000156
0.000122
0.000093
0.000088
0.000108
0.000140
0.000161
0.000159
0.000135
0.000103
0.000078
0.000069
0.000074
0.000078
0.000071
0.000057
0.000054
0.000069
0.000088
0.000089
0.000075
0.000066
0.000072
0.000080
0.000077
0.000069
0.000064
0.000060
0.000045
0.000018
-0.000004
-0.000008
-0.000002
0.000002
0.000001
0.000007
0.000024
0.000052
0.000084
0.000119
0.000157
0.000194
0.000220
0.000222
0.000204
0.000181
0.000169
0.000171
0.000182
0.000196
0.000206
0.000201
0.000176
0.000137
0.000105
0.000100
0.000121
0.000153
0.000180
0.000198
0.000207
0.000200
0.000167
0.000110
0.000050
0.000016
0.000016
0.000038
0.000063
0.000089
0.000118
0.000142
0.000149
0.000139
0.000121
0.000105
0.000094
0.000090
0.000095
0.000105
0.000110
0.000102
0.000087
0.000079
0.000083
0.000098
0.000121
0.000146
0.000163
0.000163
0.000148
0.000130
0.000122
0.000129
0.000152
0.000184
0.000216
0.000235
0.000238
0.000233
0.000231
0.000232
0.000227
0.000213
0.000190
0.000157
0.000116
0.000076
0.000051
0.000050
0.000065
0.000079
0.000081
0.000073
0.000070
0.000087
0.000126
0.000168
0.000196
0.000203
0.000196
0.000182
0.000163
0.000146
0.000143
0.000162
0.000194
0.000226
0.000250
0.000268
0.000275
0.000265
0.000240
0.000207
0.000175
0.000146
0.000126
0.000119
0.000123
0.000126
0.000118
0.000101
0.000087
0.000076
0.000062
0.000046
0.000034
0.000028
0.000022
0.000014
0.000014
0.000033
0.000073
0.000120
0.000155
0.000173
0.000181
0.000189
0.000201
0.000213
0.000216
0.000204
0.000181
0.000160
0.000157
0.000171
0.000184
0.000175
0.000142
0.000102
0.000075
0.000063
0.000062
0.000064
0.000067
0.000067
0.000066
0.000075
0.000099
0.000131
0.000161
0.000185
0.000208
0.000226
0.000229
0.000219
0.000206
0.000200
0.000200
0.000198
0.000193
0.000185
0.000172
0.000149
0.000118
0.000095
0.000091
0.000111
0.000147
0.000185
0.000212
0.000219
0.000215
0.000213
0.000220
0.000228
0.000219
0.000191
0.000156
0.000137
0.000139
0.000150
0.000154
0.000142
0.000115
0.000081
0.000050
0.000036
0.000043
0.000066
0.000099
0.000134
0.000166
0.000190
0.000202
0.000206
0.000209
0.000213
0.000215
0.000216
0.000219
0.000222
0.000220
0.000214
0.000215
0.000223
0.000226
0.000212
0.000191
0.000182
0.000188
0.000200
0.000215
0.000238
0.000265
0.000278
0.000267
0.000241
0.000216
0.000200
0.000195
0.000204
0.000227
0.000254
0.000272
0.000274
0.000258
0.000225
0.000178
0.000132
0.000101
0.000089
0.000087
0.000088
0.000089
0.000089
0.000083
0.000079
0.000085
0.000098
0.000109
0.000116
0.000125
0.000143
0.000157
0.000150
0.000125
0.000100
0.000091
0.000095
0.000099
0.000096
0.000086
0.000076
0.000076
0.000092
0.000119
0.000141
0.000148
0.000144
0.000143
0.000156
0.000183
0.000212
0.000225
0.000219
0.000203
0.000195
0.000206
0.000226
0.000239
0.000238
0.000231
0.000232
0.000243
0.000252
0.000241
0.000211
0.000173
0.000143
0.000119
0.000098
0.000082
0.000081
0.000095
0.000109
0.000112
0.000109
0.000108
0.000111
0.000108
0.000099
0.000096
0.000111
0.000142
0.000177
0.000207
0.000227
0.000237
0.000236
0.000225
0.000211
0.000198
0.000189
0.000179
0.000157
0.000121
0.000082
0.000054
0.000046
0.000052
0.000063
0.000071
0.000073
0.000072
0.000079
0.000106
0.000150
0.000191
0.000209
0.000197
0.000170
0.000148
0.000149
0.000172
0.000194
0.000191
0.000160
0.000124
0.000105
0.000101
0.000090
0.000062
0.000029
0.000008
-0.000002
-0.000009
-0.000017
-0.000018
-0.000006
0.000015
0.000040
0.000066
0.000093
0.000118
0.000140
0.000159
0.000175
0.000180
0.000171
0.000160
0.000167
0.000194
0.000224
0.000239
0.000234
0.000216
0.000191
0.000165
0.000141
0.000127
0.000126
0.000137
0.000161
0.000197
0.000232
0.000253
0.000256
0.000251
0.000245
0.000241
0.000239
0.000237
0.000231
0.000218
0.000205
0.000207
0.000226
0.000252
0.000274
0.000288
0.000293
0.000282
0.000254
0.000223
0.000205
0.000199
0.000194
0.000190
0.000193
0.000199
0.000198
0.000184
0.000167
0.000163
0.000173
0.000186
0.000191
0.000187
0.000182
0.000188
0.000208
0.000233
0.000250
0.000256
0.000255
0.000254
0.000256
0.000262
0.000271
0.000274
0.000266
0.000250
0.000237
0.000229
0.000221
0.000209
0.000203
0.000210
0.000225
0.000229
0.000213
0.000184
0.000158
0.000147
0.000157
0.000182
0.000204
0.000209
0.000197
0.000181
0.000173
0.000173
0.000169
0.000157
0.000141
0.000131
0.000131
0.000140
0.000153
0.000169
0.000190
0.000224
0.000272
0.000319
0.000344
0.000342
0.000330
0.000331
0.000342
0.000345
0.000329
0.000308
0.000298
0.000291
0.000277
0.000260
0.000255
0.000263
0.000269
0.000262
0.000244
0.000225
0.000212
0.000207
0.000209
0.000209
0.000193
0.000157
0.000116
0.000089
0.000085
0.000099
0.000124
0.000151
0.000172
0.000183
0.000187
0.000190
0.000194
0.000195
0.000192
0.000179
0.000156
0.000129
0.000110
0.000107
0.000114
0.000121
0.000130
0.000147
0.000173
0.000199
0.000217
0.000229
0.000240
0.000245
0.000236
0.000217
0.000204
0.000211
0.000237
0.000264
0.000275
0.000267
0.000248
0.000227
0.000205
0.000189
0.000192
0.000217
0.000253
0.000284
0.000303
0.000310
0.000302
0.000271
0.000218
0.000161
0.000121
0.000105
0.000104
0.000108
0.000111
0.000114
0.000117
0.000121
0.000123
0.000120
0.000116
0.000113
0.000110
0.000099
0.000079
0.000053
0.000033
0.000021
0.000015
0.000010
0.000007
0.000016
0.000042
0.000080
0.000115
0.000139
0.000160
0.000186
0.000209
0.000209
0.000181
0.000146
0.000129
0.000136
0.000152
0.000160
0.000160
0.000164
0.000180
0.000198
0.000205
0.000198
0.000183
0.000166
0.000143
0.000113
0.000086
0.000070
0.000064
0.000058
0.000050
0.000039
0.000026
0.000017
0.000024
0.000054
0.000095
0.000122
0.000122
0.000108
0.000106
0.000119
0.000135
0.000146
0.000154
0.000159
0.000157
0.000151
0.000158
0.000186
0.000226
0.000260
0.000274
0.000269
0.000251
0.000224
0.000197
0.000176
0.000162
0.000149
0.000133
0.000119
0.000116
0.000125
0.000138
0.000149
0.000167
0.000196
0.000228
0.000244
0.000242
0.000235
0.000235
0.000243
0.000248
0.000245
0.000238
0.000234
0.000235
0.000241
0.000253
0.000269
0.000287
0.000305
0.000320
0.000327
0.000323
0.000303
0.000266
0.000218
0.000168
0.000124
0.000092
0.000076
0.000078
0.000094
0.000115
0.000127
0.000132
0.000142
0.000166
0.000195
0.000211
0.000207
0.000195
0.000197
0.000219
0.000255
0.000290
0.000313
0.000316
0.000300
0.000268
0.000231
0.000199
0.000182
0.000181
0.000192
0.000205
0.000213
0.000214
0.000210
0.000201
0.000185
0.000160
0.000131
0.000108
0.000102
0.000112
0.000130
0.000141
0.000138
0.000124
0.000109
0.000106
0.000125
0.000163
0.000205
0.000234
0.000246
0.000249
0.000249
0.000247
0.000244
0.000245
0.000248
0.000246
0.000231
0.000209
0.000192
0.000181
0.000170
0.000158
0.000152
0.000155
0.000158
0.000153
0.000145
0.000146
0.000157
0.000167
0.000163
0.000150
0.000139
0.000133
0.000135
0.000144
0.000158
0.000169
0.000169
0.000164
0.000168
0.000183
0.000199
0.000203
0.000199
0.000194
0.000195
0.000198
0.000201
0.000202
0.000200
0.000195
0.000191
0.000188
0.000183
0.000177
0.000175
0.000178
0.000182
0.000182
0.000186
0.000202
0.000228
0.000248
0.000254
0.000249
0.000236
0.000216
0.000193
0.000170
0.000152
0.000135
0.000117
0.000107
0.000117
0.000141
0.000163
0.000165
0.000143
0.000108
0.000074
0.000050
0.000039
0.000041
0.000055
0.000074
0.000083
0.000074
0.000053
0.000032
0.000017
0.000003
-0.000011
-0.000014
0.000002
0.000034
0.000066
0.000090
0.000104
0.000106
0.000100
0.000092
0.000091
0.000102
0.000120
0.000140
0.000161
0.000185
0.000213
0.000240
0.000260
0.000269
0.000264
0.000247
0.000225
0.000205
0.000192
0.000184
0.000174
0.000155
0.000125
0.000099
0.000095
0.000120
0.000159
0.000189
0.000200
0.000195
0.000187
0.000183
0.000185
0.000191
0.000197
0.000201
0.000204
0.000209
0.000215
0.000213
0.000195
0.000166
0.000137
0.000114
0.000101
0.000096
0.000103
0.000122
0.000141
0.000148
0.000139
0.000121
0.000105
0.000095
0.000088
0.000078
0.000066
0.000056
0.000051
0.000048
0.000039
0.000018
-0.000007
-0.000022
-0.000016
0.000005
0.000028
0.000045
0.000057
0.000067
0.000073
0.000068
0.000055
0.000040
0.000037
0.000056
0.000100
0.000154
0.000199
0.000222
0.000226
0.000221
0.000218
0.000221
0.000225
0.000215
0.000182
0.000132
0.000088
0.000067
0.000071
0.000085
0.000101
0.000117
0.000133
0.000142
0.000141
0.000134
0.000120
0.000098
0.000065
0.000027
-0.000005
-0.000021
-0.000019
-0.000001
0.000031
0.000073
0.000114
0.000142
0.000146
0.000127
0.000097
0.000076
0.000072
0.000071
0.000057
0.000033
0.000020
0.000025
0.000035
0.000031
0.000016
0.000009
0.000026
0.000064
0.000111
0.000157
0.000194
0.000218
0.000232
0.000242
0.000252
0.000256
0.000245
0.000218
0.000188
0.000161
0.000138
0.000115
0.000093
0.000076
0.000058
0.000033
0.000002
-0.000027
-0.000039
-0.000030
-0.000006
0.000024
0.000055
0.000086
0.000113
0.000131
0.000136
0.000130
0.000122
0.000121
0.000132
0.000155
0.000187
0.000220
0.000242
0.000244
0.000231
0.000218
0.000210
0.000202
0.000189
0.000178
0.000180
0.000191
0.000196
0.000186
0.000171
0.000168
0.000179
0.000201
0.000227
0.000249
0.000256
0.000249
0.000247
0.000267
0.000304
0.000333
0.000335
0.000313
0.000284
0.000262
0.000254
0.000260
0.000270
0.000268
0.000249
0.000218
0.000190
0.000174
0.000166
0.000157
0.000138
0.000113
0.000094
0.000094
0.000109
0.000125
0.000134
0.000143
0.000158
0.000177
0.000193
0.000203
0.000206
0.000201
0.000185
0.000166
0.000154
0.000150
0.000143
0.000126
0.000105
0.000089
0.000083
0.000083
0.000083
0.000079
0.000073
0.000073
0.000086
0.000106
0.000118
0.000109
0.000086
0.000067
0.000067
0.000084
0.000108
0.000135
0.000170
0.000218
0.000271
0.000312
0.000328
0.000315
0.000286
0.000251
0.000222
0.000206
0.000208
0.000229
0.000258
0.000282
0.000290
0.000284
0.000271
0.000257
0.000247
0.000241
0.000243
0.000253
0.000271
0.000288
0.000297
0.000289
0.000259
0.000218
0.000184
0.000172
0.000177
0.000180
0.000176
0.000178
0.000197
0.000220
0.000227
0.000209
0.000177
0.000153
0.000153
0.000183
0.000231
0.000275
0.000295
0.000290
0.000275
0.000258
0.000241
0.000222
0.000198
0.000160
0.000108
0.000057
0.000028
0.000025
0.000035
0.000045
0.000058
0.000077
0.000099
0.000113
0.000118
0.000120
0.000119
0.000111
0.000100
0.000094
0.000104
0.000128
0.000157
0.000180
0.000194
0.000204
0.000219
0.000235
0.000246
0.000248
0.000247
0.000249
0.000250
0.000246
0.000233
0.000218
0.000206
0.000202
0.000210
0.000225
0.000240
0.000244
0.000242
0.000238
0.000232
0.000224
0.000213
0.000207
0.000210
0.000220
0.000227
0.000221
0.000192
0.000145
0.000099
0.000071
0.000066
0.000069
0.000069
0.000064
0.000057
0.000050
0.000045
0.000041
0.000043
0.000055
0.000081
0.000112
0.000130
0.000123
0.000102
0.000087
0.000091
0.000108
0.000125
0.000131
0.000126
0.000122
0.000139
0.000178
0.000222
0.000244
0.000243
0.000238
0.000238
0.000235
0.000221
0.000205
0.000203
0.000220
0.000250
0.000284
0.000312
0.000321
0.000310
0.000291
0.000276
0.000264
0.000248
0.000229
0.000217
0.000215
0.000219
0.000229
0.000252
0.000283
0.000312
0.000330
0.000339
0.000335
0.000310
0.000254
0.000178
0.000105
0.000055
0.000036
0.000046
0.000077
0.000115
0.000141
0.000146
0.000137
0.000131
0.000141
0.000163
0.000185
0.000199
0.000208
0.000217
0.000227
0.000233
0.000230
0.000220
0.000206
0.000190
0.000176
0.000168
0.000161
0.000146
0.000122
0.000099
0.000090
0.000096
0.000111
0.000132
0.000159
0.000183
0.000196
0.000199
0.000198
0.000192
0.000173
0.000138
0.000105
0.000092
0.000098
0.000105
0.000103
0.000102
0.000111
0.000126
0.000137
0.000142
0.000142
0.000138
0.000127
0.000113
0.000103
0.000096
0.000091
0.000087
0.000094
0.000120
0.000161
0.000207
0.000244
0.000262
0.000261
0.000250
0.000239
0.000230
0.000218
0.000204
0.000197
0.000199
0.000202
0.000198
0.000190
0.000188
0.000195
0.000210
0.000229
0.000255
0.000284
0.000304
0.000305
0.000292
0.000284
0.000287
0.000290
0.000272
0.000231
0.000190
0.000175
0.000187
0.000201
0.000193
0.000162
0.000131
0.000116
0.000122
0.000141
0.000166
0.000189
0.000202
0.000202
0.000194
0.000184
0.000179
0.000181
0.000186
0.000188
0.000184
0.000176
0.000166
0.000153
0.000136
0.000120
0.000112
0.000109
0.000101
0.000079
0.000048
0.000022
0.000010
0.000013
0.000030
0.000056
0.000080
0.000090
0.000084
0.000070
0.000055
0.000037
0.000013
-0.000010
-0.000026
-0.000032
-0.000037
-0.000041
-0.000038
-0.000024
-0.000006
0.000008
0.000021
0.000043
0.000073
0.000099
0.000111
0.000113
0.000111
0.000097
0.000069
0.000035
0.000014
0.000012
0.000022
0.000043
0.000083
0.000142
0.000204
0.000243
0.000248
0.000231
0.000211
0.000200
0.000201
0.000208
0.000210
0.000197
0.000169
0.000138
0.000117
0.000114
0.000128
0.000151
0.000169
0.000171
0.000157
0.000143
0.000144
0.000162
0.000189
0.000212
0.000224
0.000220
0.000203
0.000183
0.000174
0.000183
0.000203
0.000222
0.000232
0.000237
0.000239
0.000233
0.000209
0.000169
0.000124
0.000086
0.000063
0.000051
0.000048
0.000048
0.000050
0.000054
0.000065
0.000086
0.000107
0.000112
0.000094
0.000064
0.000038
0.000020
0.000006
-0.000008
-0.000015
-0.000013
-0.000008
-0.000003
0.000008
0.000029
0.000050
0.000059
0.000059
0.000068
0.000094
0.000126
0.000144
0.000144
0.000145
0.000163
0.000193
0.000216
0.000217
0.000203
0.000186
0.000172
0.000162
0.000154
0.000151
0.000151
0.000152
0.000159
0.000175
0.000202
0.000231
0.000257
0.000281
0.000299
0.000300
0.000279
0.000250
0.000230
0.000220
0.000199
0.000153
0.000097
0.000062
0.000061
0.000083
0.000107
0.000121
0.000128
0.000136
0.000143
0.000142
0.000130
0.000116
0.000112
0.000123
0.000138
0.000148
0.000153
0.000164
0.000185
0.000212
0.000239
0.000262
0.000282
0.000294
0.000296
0.000292
0.000290
0.000295
0.000305
0.000313
0.000316
0.000313
0.000307
0.000305
0.000312
0.000326
0.000340
0.000346
0.000340
0.000330
0.000326
0.000326
0.000320
0.000298
0.000264
0.000234
0.000214
0.000200
0.000184
0.000167
0.000155
0.000151
0.000149
0.000146
0.000148
0.000165
0.000194
0.000224
0.000241
0.000242
0.000232
0.000217
0.000200
0.000190
0.000200
0.000229
0.000262
0.000274
0.000259
0.000228
0.000203
0.000194
0.000202
0.000221
0.000239
0.000251
0.000262
0.000280
0.000302
0.000313
0.000304
0.000282
0.000266
0.000263
0.000269
0.000276
0.000279
0.000278
0.000271
0.000264
0.000261
0.000262
0.000259
0.000241
0.000210
0.000176
0.000152
0.000138
0.000125
0.000107
0.000087
0.000077
0.000083
0.000103
0.000128
0.000150
0.000155
0.000135
0.000097
0.000062
0.000046
0.000047
0.000054
0.000069
0.000098
0.000137
0.000167
0.000178
0.000175
0.000169
0.000162
0.000148
0.000136
0.000142
0.000168
0.000201
0.000227
0.000240
0.000242
0.000227
0.000196
0.000162
0.000141
0.000138
0.000141
0.000137
0.000121
0.000097
0.000069
0.000040
0.000021
0.000015
0.000015
0.000014
0.000015
0.000027
0.000053
0.000080
0.000095
0.000101
0.000112
0.000138
0.000177
0.000216
0.000240
0.000238
0.000220
0.000205
0.000207
0.000216
0.000218
0.000209
0.000194
0.000179
0.000163
0.000153
0.000159
0.000175
0.000187
0.000189
0.000188
0.000187
0.000177
0.000150
0.000116
0.000100
0.000117
0.000161
0.000214
0.000251
0.000253
0.000224
0.000195
0.000192
0.000207
0.000212
0.000197
0.000185
0.000205
0.000249
0.000288
0.000294
0.000270
0.000234
0.000205
0.000188
0.000181
0.000179
0.000183
0.000195
0.000211
0.000225
0.000236
0.000248
0.000265
0.000280
0.000287
0.000281
0.000261
0.000232
0.000204
0.000184
0.000171
0.000153
0.000127
0.000107
0.000106
0.000120
0.000143
0.000172
0.000209
0.000247
0.000273
0.000283
0.000287
0.000292
0.000294
0.000284
0.000261
0.000230
0.000196
0.000166
0.000146
0.000136
0.000127
0.000111
0.000089
0.000073
0.000075
0.000093
0.000121
0.000149
0.000174
0.000193
0.000201
0.000193
0.000176
0.000160
0.000148
0.000132
0.000108
0.000084
0.000067
0.000056
0.000045
0.000040
0.000053
0.000083
0.000112
0.000132
0.000154
0.000187
0.000225
0.000249
0.000258
0.000260
0.000257
0.000246
0.000229
0.000216
0.000214
0.000219
0.000225
0.000233
0.000247
0.000266
0.000278
0.000273
0.000248
0.000214
0.000188
0.000181
0.000187
0.000190
0.000182
0.000167
0.000152
0.000145
0.000148
0.000163
0.000186
0.000210
0.000229
0.000240
0.000238
0.000220
0.000187
0.000157
0.000143
0.000146
0.000157
0.000168
0.000182
0.000196
0.000202
0.000199
0.000199
0.000213
0.000239
0.000265
0.000281
0.000280
0.000260
0.000222
0.000180
0.000149
0.000136
0.000131
0.000125
0.000123
0.000134
0.000152
0.000158
0.000148
0.000134
0.000135
0.000147
0.000153
0.000145
0.000131
0.000116
0.000100
0.000077
0.000054
0.000044
0.000053
0.000072
0.000093
0.000112
0.000132
0.000155
0.000174
0.000185
0.000187
0.000186
0.000188
0.000187
0.000180
0.000165
0.000146
0.000124
0.000097
0.000070
0.000054
0.000051
0.000053
0.000050
0.000043
0.000038
0.000039
0.000041
0.000044
0.000047
0.000046
0.000038
0.000025
0.000018
0.000024
0.000038
0.000055
0.000072
0.000087
0.000092
0.000079
0.000057
0.000044
0.000056
0.000087
0.000120
0.000139
0.000142
0.000138
0.000128
0.000109
0.000079
0.000045
0.000018
0.000006
0.000017
0.000061
0.000132
0.000210
0.000263
0.000275
0.000264
0.000259
0.000275
0.000300
0.000313
0.000301
0.000271
0.000239
0.000217
0.000208
0.000200
0.000183
0.000158
0.000143
0.000151
0.000177
0.000202
0.000214
0.000216
0.000217
0.000221
0.000224
0.000231
0.000246
0.000264
0.000271
0.000262
0.000248
0.000239
0.000237
0.000243
0.000259
0.000282
0.000295
0.000291
0.000273
0.000255
0.000239
0.000227
0.000222
0.000221
0.000209
0.000174
0.000132
0.000115
0.000131
0.000158
0.000173
0.000175
0.000172
0.000169
0.000170
0.000189
0.000226
0.000260
0.000267
0.000251
0.000235
0.000228
0.000221
0.000213
0.000213
0.000229
0.000250
0.000259
0.000248
0.000223
0.000194
0.000170
0.000158
0.000155
0.000157
0.000165
0.000182
0.000210
0.000235
0.000250
0.000255
0.000254
0.000248
0.000234
0.000221
0.000215
0.000217
0.000220
0.000217
0.000214
0.000216
0.000225
0.000239
0.000254
0.000264
0.000265
0.000254
0.000235
0.000212
0.000198
0.000194
0.000191
0.000182
0.000167
0.000159
0.000161
0.000163
0.000156
0.000146
0.000144
0.000150
0.000152
0.000142
0.000130
0.000127
0.000130
0.000134
0.000137
0.000143
0.000153
0.000165
0.000178
0.000189
0.000193
0.000183
0.000162
0.000143
0.000132
0.000124
0.000108
0.000091
0.000091
0.000119
0.000164
0.000206
0.000233
0.000245
0.000245
0.000233
0.000210
0.000187
0.000176
0.000184
0.000204
0.000220
0.000218
0.000199
0.000180
0.000175
0.000184
0.000189
0.000181
0.000163
0.000148
0.000142
0.000149
0.000166
0.000185
0.000200
0.000214
0.000233
0.000256
0.000274
0.000278
0.000271
0.000264
0.000261
0.000263
0.000273
0.000297
0.000321
0.000326
0.000304
0.000273
0.000255
0.000253
0.000254
0.000249
0.000242
0.000243
0.000253
0.000260
0.000252
0.000232
0.000212
0.000200
0.000193
0.000183
0.000175
0.000179
0.000192
0.000193
0.000169
0.000128
0.000090
0.000066
0.000053
0.000050
0.000059
0.000074
0.000086
0.000093
0.000100
0.000109
0.000115
0.000113
0.000109
0.000113
0.000123
0.000133
0.000138
0.000142
0.000150
0.000160
0.000164
0.000161
0.000149
0.000136
0.000129
0.000128
0.000130
0.000133
0.000145
0.000168
0.000192
0.000203
0.000202
0.000206
0.000222
0.000241
0.000246
0.000242
0.000243
0.000259
0.000281
0.000298
0.000309
0.000317
0.000324
0.000324
0.000306
0.000264
0.000212
0.000171
0.000148
0.000135
0.000119
0.000104
0.000098
0.000099
0.000102
0.000113
0.000145
0.000192
0.000229
0.000236
0.000218
0.000197
0.000186
0.000187
0.000193
0.000198
0.000195
0.000179
0.000163
0.000167
0.000193
0.000219
0.000221
0.000198
0.000169
0.000156
0.000164
0.000185
0.000207
0.000221
0.000226
0.000221
0.000206
0.000183
0.000160
0.000151
0.000162
0.000187
0.000209
0.000213
0.000202
0.000187
0.000174
0.000167
0.000166
0.000178
0.000200
0.000217
0.000214
0.000194
0.000175
0.000169
0.000173
0.000181
0.000193
0.000209
0.000222
0.000220
0.000200
0.000169
0.000138
0.000113
0.000105
0.000117
0.000144
0.000178
0.000214
0.000253
0.000288
0.000306
0.000305
0.000295
0.000287
0.000278
0.000264
0.000247
0.000236
0.000225
0.000201
0.000164
0.000133
0.000124
0.000128
0.000123
0.000101
0.000077
0.000066
0.000069
0.000074
0.000079
0.000094
0.000120
0.000144
0.000155
0.000155
0.000153
0.000156
0.000161
0.000166
0.000167
0.000160
0.000147
0.000140
0.000152
0.000181
0.000208
0.000218
0.000212
0.000198
0.000181
0.000166
0.000157
0.000152
0.000137
0.000106
0.000070
0.000049
0.000049
0.000059
0.000069
0.000081
0.000095
0.000107
0.000110
0.000111
0.000115
0.000120
0.000121
0.000117
0.000117
0.000124
0.000130
0.000123
0.000098
0.000061
0.000023
-0.000002
0.000000
0.000031
0.000079
0.000124
0.000160
0.000192
0.000229
0.000263
0.000278
0.000274
0.000266
0.000271
0.000283
0.000285
0.000272
0.000253
0.000237
0.000220
0.000195
0.000161
0.000128
0.000106
0.000093
0.000083
0.000072
0.000057
0.000047
0.000051
0.000073
0.000107
0.000142
0.000169
0.000186
0.000191
0.000180
0.000155
0.000131
0.000127
0.000151
0.000185
0.000209
0.000220
0.000229
0.000240
0.000243
0.000233
0.000221
0.000221
0.000228
0.000227
0.000212
0.000194
0.000186
0.000188
0.000195
0.000197
0.000193
0.000184
0.000176
0.000175
0.000185
0.000205
0.000232
0.000261
0.000275
0.000260
0.000214
0.000158
0.000113
0.000086
0.000068
0.000049
0.000025
0.000003
-0.000011
-0.000012
-0.000001
0.000016
0.000037
0.000062
0.000090
0.000118
0.000137
0.000150
0.000159
0.000162
0.000150
0.000126
0.000103
0.000096
0.000105
0.000118
0.000128
0.000136
0.000139
0.000134
0.000119
0.000100
0.000091
0.000091
0.000093
0.000086
0.000072
0.000054
0.000039
0.000033
0.000040
0.000059
0.000078
0.000088
0.000087
0.000084
0.000081
0.000075
0.000064
0.000053
0.000043
0.000036
0.000034
0.000043
0.000066
0.000098
0.000135
0.000176
0.000219
0.000256
0.000280
0.000289
0.000290
0.000289
0.000288
0.000293
0.000309
0.000334
0.000363
0.000387
0.000401
0.000402
0.000385
0.000352
0.000307
0.000264
0.000234
0.000224
0.000226
0.000224
0.000209
0.000189
0.000179
0.000187
0.000210
0.000243
0.000276
0.000301
0.000312
0.000310
0.000304
0.000304
0.000316
0.000337
0.000357
0.000358
0.000333
0.000296
0.000269
0.000256
0.000240
0.000212
0.000182
0.000167
0.000171
0.000183
0.000190
0.000188
0.000172
0.000146
0.000122
0.000116
0.000128
0.000139
0.000130
0.000102
0.000071
0.000053
0.000050
0.000058
0.000067
0.000075
0.000084
0.000097
0.000114
0.000128
0.000141
0.000155
0.000171
0.000186
0.000194
0.000199
0.000210
0.000228
0.000252
0.000276
0.000293
0.000296
0.000285
0.000272
0.000264
0.000262
0.000257
0.000250
0.000250
0.000263
0.000281
0.000290
0.000286
0.000279
0.000278
0.000278
0.000269
0.000245
0.000219
0.000207
0.000212
0.000228
0.000244
0.000254
0.000260
0.000259
0.000247
0.000223
0.000187
0.000151
0.000126
0.000122
0.000134
0.000154
0.000173
0.000189
0.000199
0.000196
0.000177
0.000150
0.000120
0.000092
0.000067
0.000054
0.000064
0.000094
0.000127
0.000148
0.000152
0.000145
0.000139
0.000141
0.000153
0.000165
0.000164
0.000152
0.000145
0.000161
0.000192
0.000215
0.000220
0.000215
0.000211
0.000207
0.000200
0.000192
0.000189
0.000192
0.000190
0.000180
0.000164
0.000152
0.000148
0.000151
0.000158
0.000168
0.000182
0.000196
0.000201
0.000188
0.000158
0.000123
0.000099
0.000093
0.000100
0.000106
0.000099
0.000074
0.000035
-0.000006
-0.000032
-0.000031
-0.000006
0.000028
0.000063
0.000101
0.000145
0.000187
0.000213
0.000217
0.000204
0.000180
0.000147
0.000109
0.000073
0.000041
0.000008
-0.000021
-0.000030
-0.000009
0.000034
0.000074
0.000098
0.000110
0.000121
0.000139
0.000170
0.000213
0.000252
0.000268
0.000259
0.000242
0.000232
0.000233
0.000237
0.000239
0.000236
0.000228
0.000221
0.000219
0.000226
0.000236
0.000244
0.000251
0.000262
0.000276
0.000285
0.000291
0.000295
0.000291
0.000273
0.000246
0.000224
0.000213
0.000207
0.000200
0.000188
0.000173
0.000160
0.000160
0.000181
0.000215
0.000233
0.000219
0.000190
0.000173
0.000176
0.000181
0.000171
0.000154
0.000150
0.000170
0.000204
0.000236
0.000255
0.000257
0.000250
0.000245
0.000249
0.000260
0.000266
0.000254
0.000229
0.000207
0.000206
0.000223
0.000241
0.000249
0.000251
0.000253
0.000252
0.000238
0.000209
0.000171
0.000135
0.000105
0.000079
0.000051
0.000025
0.000010
0.000016
0.000039
0.000060
0.000067
0.000064
0.000066
0.000084
0.000114
0.000147
0.000171
0.000175
0.000159
0.000135
0.000114
0.000099
0.000080
0.000061
0.000057
0.000073
0.000098
0.000123
0.000148
0.000182
0.000223
0.000261
0.000285
0.000294
0.000296
0.000301
0.000314
0.000330
0.000339
0.000338
0.000330
0.000317
0.000300
0.000278
0.000263
0.000260
0.000263
0.000257
0.000243
0.000231
0.000227
0.000222
0.000214
0.000207
0.000211
0.000215
0.000206
0.000178
0.000146
0.000127
0.000130
0.000146
0.000158
0.000153
0.000133
0.000107
0.000083
0.000064
0.000052
0.000049
0.000059
0.000079
0.000101
0.000118
0.000126
0.000121
0.000105
0.000085
0.000075
0.000077
0.000083
0.000083
0.000079
0.000077
0.000081
0.000084
0.000084
0.000084
0.000087
0.000095
0.000104
0.000113
0.000127
0.000145
0.000162
0.000173
0.000184
0.000205
0.000240
0.000272
0.000283
0.000272
0.000255
0.000249
0.000250
0.000243
0.000221
0.000198
0.000186
0.000184
0.000187
0.000190
0.000194
0.000200
0.000202
0.000203
0.000208
0.000217
0.000221
0.000213
0.000197
0.000180
0.000163
0.000142
0.000119
0.000100
0.000087
0.000076
0.000064
0.000057
0.000057
0.000063
0.000072
0.000084
0.000099
0.000107
0.000102
0.000091
0.000085
0.000085
0.000083
0.000074
0.000064
0.000059
0.000053
0.000045
0.000045
0.000067
0.000098
0.000113
0.000105
0.000091
0.000093
0.000108
0.000120
0.000121
0.000112
0.000099
0.000084
0.000073
0.000073
0.000090
0.000116
0.000143
0.000162
0.000169
0.000165
0.000157
0.000160
0.000181
0.000209
0.000228
0.000230
0.000219
0.000203
0.000186
0.000171
0.000164
0.000167
0.000175
0.000174
0.000155
0.000124
0.000090
0.000059
0.000027
-0.000005
-0.000025
-0.000018
0.000016
0.000067
0.000114
0.000147
0.000167
0.000176
0.000174
0.000164
0.000153
0.000155
0.000173
0.000200
0.000218
0.000223
0.000221
0.000221
0.000216
0.000197
0.000161
0.000118
0.000078
0.000042
0.000008
-0.000017
-0.000026
-0.000021
-0.000007
0.000012
0.000039
0.000071
0.000104
0.000134
0.000155
0.000165
0.000165
0.000167
0.000179
0.000199
0.000211
0.000208
0.000193
0.000173
0.000150
0.000124
0.000101
0.000092
0.000096
0.000107
0.000112
0.000107
0.000096
0.000090
0.000094
0.000104
0.000108
0.000102
0.000089
0.000082
0.000092
0.000117
0.000150
0.000178
0.000190
0.000187
0.000174
0.000159
0.000146
0.000140
0.000143
0.000149
0.000143
0.000121
0.000096
0.000089
0.000102
0.000118
0.000124
0.000118
0.000105
0.000086
0.000067
0.000058
0.000069
0.000087
0.000096
0.000089
0.000077
0.000069
0.000061
0.000044
0.000020
0.000003
0.000003
0.000022
0.000052
0.000083
0.000106
0.000115
0.000111
0.000099
0.000092
0.000103
0.000130
0.000157
0.000170
0.000170
0.000169
0.000172
0.000173
0.000171
0.000172
0.000172
0.000159
0.000125
0.000087
0.000069
0.000076
0.000089
0.000092
0.000091
0.000101
0.000126
0.000157
0.000178
0.000174
0.000147
0.000111
0.000087
0.000083
0.000095
0.000110
0.000123
0.000132
0.000137
0.000144
0.000160
0.000185
0.000211
0.000227
0.000231
0.000226
0.000217
0.000205
0.000194
0.000183
0.000172
0.000163
0.000157
0.000154
0.000149
0.000144
0.000141
0.000140
0.000135
0.000123
0.000115
0.000122
0.000137
0.000145
0.000134
0.000110
0.000083
0.000057
0.000031
0.000008
-0.000006
-0.000002
0.000027
0.000078
0.000139
0.000187
0.000204
0.000187
0.000153
0.000129
0.000126
0.000135
0.000136
0.000119
0.000096
0.000078
0.000071
0.000073
0.000084
0.000101
0.000112
0.000109
0.000103
0.000113
0.000137
0.000149
0.000137
0.000118
0.000119
0.000143
0.000168
0.000183
0.000196
0.000209
0.000216
0.000213
0.000206
0.000202
0.000200
0.000194
0.000184
0.000173
0.000159
0.000139
0.000119
0.000114
0.000121
0.000130
0.000134
0.000139
0.000152
0.000166
0.000168
0.000160
0.000151
0.000149
0.000149
0.000147
0.000154
0.000178
0.000207
0.000220
0.000207
0.000180
0.000156
0.000143
0.000139
0.000145
0.000162
0.000185
0.000206
0.000213
0.000203
0.000175
0.000137
0.000103
0.000084
0.000083
0.000095
0.000111
0.000123
0.000127
0.000125
0.000133
0.000159
0.000204
0.000253
0.000291
0.000306
0.000291
0.000253
0.000213
0.000186
0.000171
0.000154
0.000136
0.000128
0.000131
0.000130
0.000117
0.000101
0.000097
0.000106
0.000121
0.000139
0.000161
0.000183
0.000199
0.000211
0.000231
0.000261
0.000288
0.000296
0.000283
0.000257
0.000225
0.000192
0.000161
0.000133
0.000109
0.000096
0.000103
0.000133
0.000174
0.000204
0.000215
0.000214
0.000216
0.000226
0.000238
0.000253
0.000269
0.000283
0.000287
0.000278
0.000268
0.000263
0.000258
0.000243
0.000221
0.000211
0.000218
0.000226
0.000215
0.000188
0.000163
0.000147
0.000132
0.000114
0.000100
0.000102
0.000119
0.000136
0.000141
0.000131
0.000118
0.000112
0.000113
0.000106
0.000080
0.000046
0.000024
0.000022
0.000024
0.000017
0.000010
0.000024
0.000066
0.000116
0.000145
0.000142
0.000122
0.000103
0.000091
0.000084
0.000081
0.000085
0.000095
0.000102
0.000098
0.000083
0.000072
0.000072
0.000082
0.000096
0.000115
0.000139
0.000161
0.000170
0.000166
0.000162
0.000169
0.000183
0.000194
0.000200
0.000211
0.000232
0.000257
0.000274
0.000273
0.000257
0.000234
0.000212
0.000199
0.000200
0.000212
0.000227
0.000239
0.000246
0.000253
0.000261
0.000264
0.000259
0.000252
0.000252
0.000262
0.000266
0.000249
0.000207
0.000161
0.000132
0.000126
0.000131
0.000138
0.000146
0.000156
0.000166
0.000174
0.000184
0.000202
0.000225
0.000243
0.000251
0.000249
0.000238
0.000219
0.000204
0.000199
0.000201
0.000198
0.000182
0.000155
0.000124
0.000092
0.000070
0.000075
0.000113
0.000166
0.000211
0.000237
0.000248
0.000251
0.000244
0.000229
0.000211
0.000193
0.000172
0.000148
0.000133
0.000136
0.000154
0.000172
0.000176
0.000163
0.000139
0.000117
0.000104
0.000105
0.000114
0.000130
0.000153
0.000182
0.000210
0.000228
0.000236
0.000242
0.000252
0.000265
0.000275
0.000277
0.000268
0.000252
0.000232
0.000209
0.000183
0.000159
0.000150
0.000158
0.000167
0.000161
0.000143
0.000128
0.000124
0.000119
0.000099
0.000072
0.000053
0.000052
0.000067
0.000090
0.000119
0.000144
0.000157
0.000154
0.000143
0.000135
0.000134
0.000142
0.000149
0.000143
0.000117
0.000080
0.000051
0.000038
0.000041
0.000056
0.000081
0.000103
0.000105
0.000080
0.000043
0.000013
-0.000000
0.000000
0.000010
0.000030
0.000059
0.000092
0.000125
0.000151
0.000163
0.000162
0.000159
0.000161
0.000162
0.000153
0.000136
0.000127
0.000136
0.000156
0.000174
0.000189
0.000203
0.000215
0.000223
0.000229
0.000238
0.000248
0.000251
0.000245
0.000231
0.000211
0.000185
0.000159
0.000141
0.000135
0.000136
0.000140
0.000142
0.000137
0.000121
0.000095
0.000073
0.000068
0.000079
0.000100
0.000124
0.000146
0.000163
0.000176
0.000188
0.000201
0.000213
0.000219
0.000216
0.000206
0.000186
0.000155
0.000121
0.000101
0.000100
0.000111
0.000120
0.000123
0.000125
0.000126
0.000122
0.000116
0.000121
0.000145
0.000179
0.000202
0.000204
0.000196
0.000198
0.000219
0.000250
0.000275
0.000283
0.000273
0.000256
0.000238
0.000217
0.000191
0.000164
0.000147
0.000149
0.000162
0.000170
0.000167
0.000157
0.000155
0.000171
0.000206
0.000253
0.000296
0.000318
0.000318
0.000303
0.000288
0.000278
0.000272
0.000264
0.000246
0.000216
0.000179
0.000151
0.000139
0.000140
0.000142
0.000144
0.000145
0.000144
0.000139
0.000136
0.000145
0.000163
0.000179
0.000181
0.000173
0.000163
0.000156
0.000151
0.000152
0.000163
0.000182
0.000203
0.000213
0.000203
0.000178
0.000154
0.000139
0.000131
0.000124
0.000125
0.000140
0.000164
0.000185
0.000199
0.000216
0.000237
0.000251
0.000254
0.000256
0.000266
0.000274
0.000266
0.000242
0.000214
0.000187
0.000157
0.000127
0.000108
0.000103
0.000102
0.000103
0.000107
0.000117
0.000121
0.000110
0.000092
0.000082
0.000084
0.000092
0.000102
0.000109
0.000107
0.000094
0.000081
0.000081
0.000092
0.000099
0.000093
0.000079
0.000077
0.000093
0.000119
0.000141
0.000153
0.000163
0.000174
0.000182
0.000177
0.000164
0.000157
0.000162
0.000169
0.000166
0.000157
0.000155
0.000166
0.000179
0.000182
0.000177
0.000172
0.000171
0.000169
0.000162
0.000148
0.000132
0.000120
0.000112
0.000106
0.000107
0.000119
0.000141
0.000160
0.000164
0.000152
0.000138
0.000125
0.000111
0.000100
0.000106
0.000131
0.000160
0.000171
0.000161
0.000147
0.000140
0.000143
0.000150
0.000155
0.000162
0.000172
0.000185
0.000197
0.000202
0.000201
0.000200
0.000206
0.000216
0.000222
0.000217
0.000206
0.000198
0.000195
0.000195
0.000193
0.000190
0.000190
0.000197
0.000214
0.000236
0.000254
0.000263
0.000265
0.000262
0.000252
0.000231
0.000200
0.000170
0.000148
0.000134
0.000124
0.000119
0.000118
0.000114
0.000097
0.000069
0.000047
0.000038
0.000039
0.000044
0.000054
0.000071
0.000090
0.000103
0.000116
0.000142
0.000181
0.000218
0.000236
0.000229
0.000210
0.000199
0.000210
0.000234
0.000252
0.000249
0.000235
0.000234
0.000255
0.000282
0.000296
0.000291
0.000270
0.000235
0.000193
0.000154
0.000130
0.000121
0.000124
0.000140
0.000164
0.000188
0.000204
0.000203
0.000180
0.000131
0.000071
0.000029
0.000032
0.000072
0.000121
0.000155
0.000172
0.000177
0.000170
0.000156
0.000144
0.000141
0.000142
0.000143
0.000149
0.000167
0.000190
0.000201
0.000190
0.000163
0.000130
0.000098
0.000072
0.000056
0.000056
0.000070
0.000093
0.000118
0.000134
0.000135
0.000122
0.000108
0.000107
0.000123
0.000152
0.000187
0.000218
0.000237
0.000245
0.000249
0.000257
0.000263
0.000253
0.000218
0.000167
0.000115
0.000074
0.000048
0.000042
0.000058
0.000090
0.000126
0.000155
0.000176
0.000194
0.000211
0.000229
0.000241
0.000238
0.000216
0.000189
0.000178
0.000193
0.000219
0.000233
0.000232
0.000227
0.000222
0.000214
0.000203
0.000198
0.000206
0.000221
0.000231
0.000240
0.000252
0.000263
0.000261
0.000245
0.000227
0.000216
0.000208
0.000191
0.000162
0.000126
0.000096
0.000083
0.000092
0.000111
0.000124
0.000118
0.000097
0.000074
0.000059
0.000052
0.000050
0.000046
0.000031
0.000008
-0.000015
-0.000022
-0.000009
0.000014
0.000034
0.000046
0.000059
0.000081
0.000111
0.000136
0.000147
0.000148
0.000150
0.000158
0.000171
0.000184
0.000189
0.000180
0.000157
0.000129
0.000106
0.000093
0.000085
0.000082
0.000085
0.000096
0.000108
0.000121
0.000133
0.000143
0.000148
0.000150
0.000157
0.000170
0.000179
0.000176
0.000161
0.000144
0.000135
0.000136
0.000144
0.000153
0.000155
0.000154
0.000159
0.000175
0.000195
0.000203
0.000198
0.000193
0.000197
0.000209
0.000223
0.000233
0.000234
0.000227
0.000218
0.000218
0.000232
0.000248
0.000252
0.000242
0.000222
0.000203
0.000193
0.000195
0.000201
0.000201
0.000195
0.000188
0.000184
0.000179
0.000167
0.000154
0.000147
0.000141
0.000131
0.000118
0.000113
0.000116
0.000117
0.000107
0.000094
0.000095
0.000114
0.000135
0.000141
0.000127
0.000106
0.000096
0.000102
0.000113
0.000119
0.000124
0.000136
0.000156
0.000174
0.000183
0.000181
0.000173
0.000165
0.000164
0.000172
0.000184
0.000185
0.000169
0.000145
0.000127
0.000122
0.000125
0.000133
0.000141
0.000140
0.000121
0.000090
0.000073
0.000093
0.000142
0.000189
0.000208
0.000201
0.000180
0.000156
0.000134
0.000123
0.000131
0.000152
0.000168
0.000171
0.000173
0.000189
0.000218
0.000243
0.000253
0.000252
0.000253
0.000263
0.000281
0.000299
0.000311
0.000315
0.000315
0.000317
0.000321
0.000321
0.000310
0.000283
0.000247
0.000216
0.000200
0.000201
0.000211
0.000219
0.000228
0.000243
0.000257
0.000255
0.000231
0.000195
0.000162
0.000134
0.000106
0.000076
0.000054
0.000043
0.000039
0.000035
0.000033
0.000033
0.000033
0.000029
0.000023
0.000029
0.000062
0.000117
0.000174
0.000205
0.000204
0.000188
0.000178
0.000180
0.000190
0.000210
0.000243
0.000284
0.000317
0.000331
0.000326
0.000309
0.000282
0.000250
0.000227
0.000221
0.000229
0.000238
0.000242
0.000238
0.000226
0.000207
0.000190
0.000186
0.000196
0.000207
0.000214
0.000224
0.000243
0.000263
0.000274
0.000273
0.000267
0.000260
0.000245
0.000210
0.000156
0.000098
0.000060
0.000056
0.000078
0.000103
0.000121
0.000140
0.000170
0.000207
0.000236
0.000248
0.000249
0.000242
0.000232
0.000232
0.000254
0.000293
0.000320
0.000316
0.000289
0.000258
0.000229
0.000204
0.000184
0.000179
0.000186
0.000193
0.000199
0.000204
0.000206
0.000195
0.000175
0.000159
0.000157
0.000156
0.000137
0.000102
0.000064
0.000035
0.000014
-0.000005
-0.000024
-0.000037
-0.000037
-0.000017
0.000019
0.000052
0.000069
0.000078
0.000092
0.000113
0.000129
0.000130
0.000126
0.000134
0.000155
0.000178
0.000193
0.000200
0.000203
0.000204
0.000205
0.000203
0.000197
0.000188
0.000177
0.000167
0.000162
0.000171
0.000191
0.000212
0.000218
0.000210
0.000203
0.000207
0.000211
0.000203
0.000181
0.000159
0.000149
0.000156
0.000178
0.000211
0.000248
0.000286
0.000318
0.000334
0.000329
0.000301
0.000262
0.000225
0.000198
0.000181
0.000171
0.000162
0.000151
0.000137
0.000126
0.000121
0.000115
0.000097
0.000066
0.000037
0.000024
0.000029
0.000042
0.000048
0.000039
0.000020
0.000007
0.000015
0.000047
0.000087
0.000113
0.000120
0.000120
0.000125
0.000137
0.000150
0.000158
0.000162
0.000162
0.000161
0.000164
0.000174
0.000190
0.000205
0.000212
0.000214
0.000216
0.000219
0.000217
0.000198
0.000166
0.000133
0.000112
0.000102
0.000093
0.000086
0.000090
0.000110
0.000136
0.000159
0.000179
0.000199
0.000216
0.000218
0.000201
0.000175
0.000153
0.000137
0.000130
0.000139
0.000171
0.000211
0.000238
0.000246
0.000247
0.000258
0.000277
0.000289
0.000290
0.000280
0.000262
0.000235
0.000200
0.000163
0.000135
0.000123
0.000135
0.000167
0.000208
0.000244
0.000271
0.000287
0.000291
0.000283
0.000271
0.000263
0.000254
0.000236
0.000208
0.000179
0.000157
0.000148
0.000160
0.000196
0.000241
0.000272
0.000279
0.000270
0.000253
0.000227
0.000190
0.000154
0.000132
0.000121
0.000108
0.000092
0.000082
0.000080
0.000083
0.000091
0.000111
0.000146
0.000184
0.000215
0.000232
0.000233
0.000215
0.000186
0.000155
0.000128
0.000109
0.000104
0.000122
0.000159
0.000193
0.000201
0.000185
0.000168
0.000170
0.000186
0.000203
0.000218
0.000241
0.000278
0.000317
0.000340
0.000341
0.000332
0.000325
0.000318
0.000309
0.000304
0.000313
0.000330
0.000334
0.000315
0.000284
0.000256
0.000234
0.000211
0.000188
0.000176
0.000177
0.000182
0.000182
0.000179
0.000178
0.000180
0.000184
0.000187
0.000188
0.000182
0.000169
0.000155
0.000138
0.000114
0.000083
0.000058
0.000051
0.000055
0.000052
0.000034
0.000007
-0.000013
-0.000019
-0.000012
0.000007
0.000037
0.000072
0.000104
0.000124
0.000131
0.000129
0.000123
0.000113
0.000098
0.000087
0.000094
0.000127
0.000176
0.000219
0.000236
0.000225
0.000198
0.000176
0.000172
0.000188
0.000206
0.000208
0.000194
0.000182
0.000183
0.000192
0.000200
0.000207
0.000213
0.000213
0.000201
0.000180
0.000161
0.000141
0.000114
0.000081
0.000053
0.000039
0.000039
0.000051
0.000071
0.000093
0.000104
0.000106
0.000117
0.000144
0.000176
0.000188
0.000177
0.000156
0.000136
0.000120
0.000110
0.000113
0.000133
0.000158
0.000182
0.000206
0.000234
0.000260
0.000268
0.000255
0.000228
0.000199
0.000179
0.000173
0.000174
0.000167
0.000139
0.000099
0.000067
0.000055
0.000053
0.000050
0.000039
0.000025
0.000012
0.000004
0.000003
0.000012
0.000032
0.000059
0.000093
0.000126
0.000151
0.000160
0.000160
0.000158
0.000162
0.000171
0.000181
0.000186
0.000186
0.000179
0.000165
0.000148
0.000139
0.000145
0.000163
0.000180
0.000186
0.000185
0.000193
0.000216
0.000246
0.000265
0.000264
0.000253
0.000244
0.000244
0.000248
0.000245
0.000230
0.000206
0.000184
0.000172
0.000170
0.000167
0.000160
0.000146
0.000132
0.000121
0.000124
0.000142
0.000165
0.000175
0.000165
0.000150
0.000145
0.000145
0.000137
0.000117
0.000100
0.000100
0.000117
0.000144
0.000173
0.000196
0.000206
0.000203
0.000201
0.000208
0.000218
0.000216
0.000196
0.000164
0.000136
0.000126
0.000130
0.000139
0.000138
0.000128
0.000117
0.000115
0.000122
0.000135
0.000151
0.000165
0.000169
0.000164
0.000156
0.000150
0.000144
0.000134
0.000125
0.000120
0.000117
0.000111
0.000099
0.000089
0.000082
0.000074
0.000065
0.000058
0.000058
0.000058
0.000052
0.000047
0.000050
0.000066
0.000090
0.000118
0.000140
0.000150
0.000145
0.000135
0.000137
0.000156
0.000186
0.000213
0.000230
0.000233
0.000220
0.000190
0.000143
0.000093
0.000061
0.000064
0.000099
0.000142
0.000172
0.000190
0.000208
0.000231
0.000251
0.000259
0.000254
0.000244
0.000240
0.000248
0.000264
0.000279
0.000284
0.000280
0.000270
0.000259
0.000252
0.000252
0.000258
0.000261
0.000253
0.000234
0.000210
0.000184
0.000162
0.000152
0.000157
0.000166
0.000167
0.000161
0.000163
0.000180
0.000200
0.000210
0.000210
0.000209
0.000213
0.000215
0.000212
0.000205
0.000205
0.000220
0.000249
0.000274
0.000276
0.000250
0.000215
0.000188
0.000168
0.000144
0.000114
0.000089
0.000077
0.000078
0.000086
0.000098
0.000112
0.000122
0.000127
0.000124
0.000114
0.000092
0.000061
0.000033
0.000019
0.000021
0.000028
0.000030
0.000020
0.000006
-0.000004
-0.000003
0.000004
0.000012
0.000020
0.000031
0.000050
0.000075
0.000103
0.000132
0.000157
0.000180
0.000206
0.000236
0.000261
0.000270
0.000261
0.000250
0.000252
0.000263
0.000268
0.000266
0.000267
0.000269
0.000260
0.000232
0.000198
0.000179
0.000185
0.000206
0.000223
0.000223
0.000207
0.000188
0.000180
0.000186
0.000201
0.000213
0.000219
0.000222
0.000227
0.000235
0.000240
0.000234
0.000217
0.000198
0.000191
0.000195
0.000200
0.000196
0.000189
0.000192
0.000203
0.000213
0.000211
0.000201
0.000191
0.000186
0.000185
0.000183
0.000175
0.000161
0.000147
0.000140
0.000145
0.000158
0.000173
0.000184
0.000186
0.000181
0.000173
0.000168
0.000164
0.000158
0.000147
0.000137
0.000132
0.000135
0.000145
0.000160
0.000181
0.000201
0.000215
0.000217
0.000209
0.000193
0.000175
0.000161
0.000154
0.000156
0.000165
0.000184
0.000206
0.000221
0.000219
0.000202
0.000182
0.000173
0.000177
0.000189
0.000194
0.000178
0.000147
0.000121
0.000122
0.000151
0.000194
0.000236
0.000266
0.000277
0.000266
0.000244
0.000234
0.000241
0.000255
0.000264
0.000267
0.000268
0.000259
0.000235
0.000204
0.000182
0.000169
0.000155
0.000135
0.000111
0.000090
0.000075
0.000070
0.000079
0.000098
0.000116
0.000123
0.000123
0.000123
0.000124
0.000126
0.000129
0.000134
0.000142
0.000147
0.000146
0.000144
0.000145
0.000148
0.000148
0.000144
0.000137
0.000134
0.000133
0.000136
0.000150
0.000178
0.000209
0.000221
0.000207
0.000185
0.000174
0.000178
0.000184
0.000186
0.000186
0.000184
0.000177
0.000165
0.000158
0.000167
0.000184
0.000194
0.000192
0.000182
0.000175
0.000169
0.000160
0.000144
0.000124
0.000105
0.000092
0.000093
0.000114
0.000148
0.000180
0.000203
0.000221
0.000244
0.000271
0.000285
0.000279
0.000258
0.000237
0.000221
0.000213
0.000215
0.000229
0.000243
0.000242
0.000214
0.000168
0.000118
0.000084
0.000075
0.000089
0.000112
0.000128
0.000133
0.000128
0.000120
0.000111
0.000102
0.000095
0.000090
0.000083
0.000075
0.000073
0.000083
0.000105
0.000132
0.000157
0.000174
0.000180
0.000179
0.000178
0.000187
0.000210
0.000239
0.000260
0.000268
0.000266
0.000259
0.000244
0.000220
0.000195
0.000183
0.000186
0.000187
0.000179
0.000172
0.000179
0.000196
0.000207
0.000212
0.000224
0.000245
0.000264
0.000272
0.000271
0.000264
0.000243
0.000212
0.000184
0.000170
0.000165
0.000163
0.000168
0.000187
0.000211
0.000234
0.000255
0.000273
0.000279
0.000269
0.000253
0.000245
0.000248
0.000252
0.000261
0.000282
0.000313
0.000342
0.000364
0.000374
0.000362
0.000321
0.000266
0.000227
0.000213
0.000211
0.000205
0.000195
0.000183
0.000171
0.000164
0.000173
0.000203
0.000239
0.000270
0.000293
0.000308
0.000307
0.000289
0.000266
0.000250
0.000243
0.000242
0.000256
0.000289
0.000320
0.000323
0.000296
0.000264
0.000251
0.000257
0.000266
0.000264
0.000246
0.000218
0.000193
0.000181
0.000182
0.000186
0.000184
0.000174
0.000163
0.000160
0.000165
0.000170
0.000160
0.000133
0.000102
0.000084
0.000083
0.000089
0.000093
0.000097
0.000102
0.000108
0.000117
0.000137
0.000164
0.000190
0.000206
0.000216
0.000222
0.000227
0.000230
0.000236
0.000243
0.000246
0.000241
0.000234
0.000234
0.000239
0.000242
0.000238
0.000234
0.000235
0.000241
0.000243
0.000241
0.000237
0.000235
0.000232
0.000227
0.000218
0.000206
0.000188
0.000165
0.000142
0.000127
0.000123
0.000129
0.000135
0.000137
0.000129
0.000109
0.000078
0.000042
0.000015
0.000008
0.000020
0.000043
0.000061
0.000067
0.000065
0.000061
0.000062
0.000066
0.000072
0.000083
0.000101
0.000123
0.000140
0.000149
0.000158
0.000173
0.000190
0.000200
0.000195
0.000182
0.000175
0.000181
0.000196
0.000210
0.000215
0.000215
0.000222
0.000240
0.000266
0.000286
0.000294
0.000292
0.000284
0.000272
0.000253
0.000228
0.000202
0.000182
0.000171
0.000166
0.000161
0.000153
0.000142
0.000134
0.000136
0.000149
0.000169
0.000190
0.000209
0.000224
0.000232
0.000226
0.000206
0.000182
0.000163
0.000151
0.000139
0.000117
0.000088
0.000062
0.000045
0.000039
0.000041
0.000052
0.000074
0.000104
0.000133
0.000152
0.000157
0.000147
0.000126
0.000100
0.000081
0.000078
0.000080
0.000075
0.000064
0.000061
0.000078
0.000109
0.000143
0.000176
0.000214
0.000251
0.000277
0.000280
0.000262
0.000236
0.000220
0.000222
0.000236
0.000247
0.000247
0.000244
0.000245
0.000238
0.000211
0.000167
0.000129
0.000114
0.000120
0.000135
0.000150
0.000158
0.000156
0.000145
0.000134
0.000133
0.000141
0.000150
0.000158
0.000176
0.000215
0.000268
0.000317
0.000345
0.000350
0.000348
0.000347
0.000343
0.000331
0.000313
0.000293
0.000270
0.000246
0.000232
0.000245
0.000280
0.000311
0.000316
0.000301
0.000284
0.000268
0.000245
0.000208
0.000166
0.000132
0.000113
0.000111
0.000121
0.000137
0.000156
0.000180
0.000212
0.000246
0.000270
0.000272
0.000248
0.000206
0.000168
0.000156
0.000174
0.000204
0.000227
0.000234
0.000233
0.000229
0.000223
0.000213
0.000201
0.000186
0.000167
0.000149
0.000136
0.000125
0.000114
0.000105
0.000099
0.000092
0.000087
0.000097
0.000130
0.000174
0.000203
0.000211
0.000218
0.000238
0.000262
0.000276
0.000283
0.000295
0.000310
0.000314
0.000302
0.000280
0.000255
0.000228
0.000198
0.000171
0.000153
0.000155
0.000181
0.000225
0.000269
0.000295
0.000301
0.000297
0.000284
0.000263
0.000244
0.000239
0.000245
0.000242
0.000220
0.000185
0.000153
0.000127
0.000109
0.000105
0.000118
0.000140
0.000156
0.000165
0.000175
0.000192
0.000216
0.000240
0.000253
0.000253
0.000242
0.000231
0.000227
0.000230
0.000239
0.000255
0.000273
0.000280
0.000264
0.000225
0.000181
0.000148
0.000135
0.000143
0.000166
0.000192
0.000213
0.000228
0.000236
0.000235
0.000221
0.000200
0.000185
0.000185
0.000199
0.000219
0.000234
0.000232
0.000218
0.000210
0.000218
0.000233
0.000233
0.000216
0.000199
0.000201
0.000215
0.000221
0.000209
0.000184
0.000156
0.000134
0.000123
0.000124
0.000128
0.000127
0.000121
0.000118
0.000122
0.000125
0.000124
0.000121
0.000118
0.000112
0.000099
0.000080
0.000062
0.000052
0.000051
0.000060
0.000078
0.000100
0.000118
0.000132
0.000148
0.000171
0.000195
0.000204
0.000196
0.000187
0.000195
0.000216
0.000232
0.000231
0.000221
0.000222
0.000241
0.000272
0.000296
0.000294
0.000264
0.000218
0.000182
0.000166
0.000165
0.000168
0.000174
0.000192
0.000220
0.000245
0.000262
0.000275
0.000292
0.000309
0.000315
0.000306
0.000286
0.000269
0.000262
0.000260
0.000255
0.000241
0.000221
0.000203
0.000191
0.000186
0.000190
0.000201
0.000209
0.000201
0.000177
0.000148
0.000124
0.000108
0.000098
0.000097
0.000111
0.000132
0.000153
0.000168
0.000178
0.000184
0.000182
0.000171
0.000157
0.000146
0.000145
0.000159
0.000187
0.000224
0.000261
0.000291
0.000314
0.000332
0.000345
0.000345
0.000324
0.000283
0.000238
0.000206
0.000190
0.000182
0.000174
0.000168
0.000171
0.000180
0.000188
0.000191
0.000192
0.000191
0.000191
0.000193
0.000194
0.000188
0.000175
0.000166
0.000170
0.000185
0.000196
0.000196
0.000190
0.000188
0.000193
0.000199
0.000200
0.000191
0.000171
0.000145
0.000116
0.000089
0.000067
0.000050
0.000048
0.000066
0.000106
0.000155
0.000197
0.000222
0.000234
0.000236
0.000229
0.000210
0.000185
0.000164
0.000155
0.000152
0.000144
0.000127
0.000114
0.000120
0.000144
0.000167
0.000170
0.000150
0.000124
0.000108
0.000104
0.000102
0.000103
0.000106
0.000110
0.000110
0.000113
0.000129
0.000151
0.000158
0.000137
0.000104
0.000086
0.000088
0.000095
0.000096
0.000100
0.000121
0.000155
0.000187
0.000207
0.000216
0.000219
0.000218
0.000208
0.000186
0.000156
0.000127
0.000103
0.000087
0.000082
0.000089
0.000100
0.000109
0.000120
0.000142
0.000175
0.000201
0.000208
0.000202
0.000197
0.000194
0.000187
0.000179
0.000174
0.000168
0.000157
0.000155
0.000175
0.000206
0.000217
0.000204
0.000198
0.000221
0.000263
0.000298
0.000318
0.000336
0.000361
0.000384
0.000400
0.000403
0.000392
0.000366
0.000336
0.000314
0.000302
0.000294
0.000290
0.000292
0.000296
0.000295
0.000285
0.000267
0.000242
0.000212
0.000186
0.000176
0.000183
0.000191
0.000185
0.000163
0.000135
0.000109
0.000087
0.000072
0.000066
0.000070
0.000082
0.000099
0.000113
0.000120
0.000123
0.000124
0.000127
0.000133
0.000145
0.000166
0.000193
0.000221
0.000238
0.000240
0.000225
0.000199
0.000174
0.000157
0.000149
0.000145
0.000143
0.000150
0.000163
0.000176
0.000188
0.000205
0.000235
0.000267
0.000287
0.000289
0.000289
0.000301
0.000329
0.000355
0.000365
0.000356
0.000342
0.000335
0.000335
0.000330
0.000310
0.000278
0.000247
0.000233
0.000231
0.000228
0.000215
0.000198
0.000192
0.000202
0.000221
0.000241
0.000257
0.000266
0.000267
0.000263
0.000267
0.000285
0.000307
0.000310
0.000285
0.000245
0.000212
0.000199
0.000203
0.000210
0.000211
0.000211
0.000215
0.000221
0.000213
0.000177
0.000122
0.000069
0.000039
0.000034
0.000048
0.000071
0.000094
0.000108
0.000113
0.000113
0.000116
0.000122
0.000131
0.000141
0.000147
0.000149
0.000150
0.000155
0.000164
0.000167
0.000160
0.000153
0.000155
0.000168
0.000189
0.000211
0.000229
0.000235
0.000222
0.000195
0.000169
0.000160
0.000178
0.000221
0.000272
0.000308
0.000312
0.000286
0.000247
0.000212
0.000190
0.000176
0.000168
0.000168
0.000175
0.000186
0.000197
0.000203
0.000201
0.000190
0.000174
0.000164
0.000170
0.000191
0.000208
0.000205
0.000178
0.000142
0.000116
0.000105
0.000102
0.000097
0.000083
0.000062
0.000043
0.000036
0.000048
0.000075
0.000097
0.000102
0.000089
0.000076
0.000078
0.000096
0.000120
0.000147
0.000175
0.000199
0.000214
0.000216
0.000214
0.000212
0.000208
0.000203
0.000204
0.000220
0.000246
0.000271
0.000289
0.000299
0.000300
0.000293
0.000289
0.000299
0.000317
0.000325
0.000308
0.000267
0.000213
0.000161
0.000125
0.000111
0.000114
0.000117
0.000114
0.000114
0.000125
0.000141
0.000157
0.000176
0.000202
0.000231
0.000256
0.000269
0.000271
0.000262
0.000245
0.000229
0.000224
0.000224
0.000222
0.000215
0.000215
0.000231
0.000260
0.000286
0.000294
0.000282
0.000258
0.000237
0.000227
0.000224
0.000216
0.000200
0.000182
0.000173
0.000181
0.000204
0.000224
0.000228
0.000214
0.000187
0.000152
0.000114
0.000088
0.000089
0.000114
0.000135
0.000133
0.000119
0.000115
0.000123
0.000130
0.000126
0.000115
0.000105
0.000098
0.000099
0.000115
0.000140
0.000158
0.000158
0.000142
0.000118
0.000092
0.000072
0.000066
0.000074
0.000088
0.000105
0.000124
0.000143
0.000158
0.000166
0.000171
0.000175
0.000181
0.000199
0.000236
0.000284
0.000319
0.000325
0.000303
0.000267
0.000229
0.000198
0.000180
0.000177
0.000181
0.000180
0.000171
0.000157
0.000142
0.000129
0.000125
0.000130
0.000140
0.000147
0.000152
0.000157
0.000163
0.000171
0.000185
0.000202
0.000219
0.000229
0.000232
0.000231
0.000227
0.000219
0.000207
0.000190
0.000169
0.000149
0.000138
0.000137
0.000144
0.000156
0.000166
0.000170
0.000165
0.000161
0.000171
0.000189
0.000196
0.000181
0.000154
0.000125
0.000091
0.000054
0.000026
0.000021
0.000038
0.000064
0.000093
0.000123
0.000146
0.000157
0.000164
0.000182
0.000212
0.000238
0.000247
0.000245
0.000246
0.000254
0.000263
0.000268
0.000269
0.000262
0.000242
0.000207
0.000165
0.000130
0.000112
0.000115
0.000130
0.000146
0.000158
0.000164
0.000167
0.000169
0.000167
0.000157
0.000140
0.000136
0.000162
0.000212
0.000255
0.000269
0.000257
0.000236
0.000209
0.000175
0.000146
0.000137
0.000146
0.000159
0.000171
0.000190
0.000213
0.000224
0.000210
0.000178
0.000146
0.000121
0.000105
0.000101
0.000115
0.000146
0.000181
0.000204
0.000204
0.000189
0.000177
0.000182
0.000196
0.000201
0.000190
0.000175
0.000164
0.000149
0.000124
0.000096
0.000079
0.000078
0.000089
0.000105
0.000118
0.000123
0.000122
0.000120
0.000117
0.000110
0.000104
0.000113
0.000141
0.000177
0.000205
0.000226
0.000244
0.000258
0.000263
0.000266
0.000275
0.000286
0.000289
0.000283
0.000278
0.000280
0.000282
0.000280
0.000275
0.000269
0.000259
0.000241
0.000222
0.000207
0.000196
0.000186
0.000178
0.000177
0.000188
0.000205
0.000215
0.000203
0.000172
0.000139
0.000122
0.000120
0.000121
0.000118
0.000121
0.000135
0.000156
0.000172
0.000177
0.000176
0.000176
0.000179
0.000183
0.000184
0.000189
0.000203
0.000225
0.000238
0.000229
0.000198
0.000161
0.000133
0.000116
0.000111
0.000117
0.000129
0.000135
0.000131
0.000125
0.000125
0.000133
0.000141
0.000144
0.000145
0.000148
0.000157
0.000175
0.000199
0.000220
0.000225
0.000207
0.000170
0.000126
0.000081
0.000045
0.000024
0.000024
0.000042
0.000072
0.000101
0.000117
0.000122
0.000127
0.000145
0.000176
0.000205
0.000221
0.000222
0.000214
0.000202
0.000188
0.000178
0.000181
0.000197
0.000211
0.000212
0.000199
0.000179
0.000152
0.000115
0.000067
0.000015
-0.000030
-0.000057
-0.000063
-0.000047
-0.000018
0.000015
0.000047
0.000077
0.000100
0.000112
0.000115
0.000111
0.000104
0.000091
0.000078
0.000081
0.000107
0.000143
0.000169
0.000187
0.000205
0.000225
0.000234
0.000227
0.000216
0.000212
0.000217
0.000222
0.000227
0.000233
0.000235
0.000222
0.000195
0.000166
0.000147
0.000141
0.000144
0.000154
0.000166
0.000181
0.000197
0.000215
0.000240
0.000271
0.000300
0.000320
0.000328
0.000330
0.000326
0.000308
0.000271
0.000225
0.000182
0.000148
0.000128
0.000127
0.000152
0.000192
0.000222
0.000226
0.000213
0.000200
0.000198
0.000208
0.000229
0.000260
0.000290
0.000301
0.000286
0.000252
0.000216
0.000197
0.000198
0.000208
0.000210
0.000199
0.000186
0.000183
0.000190
0.000201
0.000211
0.000217
0.000216
0.000210
0.000208
0.000218
0.000238
0.000257
0.000278
0.000302
0.000316
0.000300
0.000252
0.000200
0.000171
0.000165
0.000163
0.000155
0.000148
0.000150
0.000161
0.000174
0.000188
0.000199
0.000202
0.000196
0.000184
0.000171
0.000162
0.000159
0.000160
0.000162
0.000161
0.000163
0.000177
0.000202
0.000224
0.000230
0.000222
0.000213
0.000212
0.000219
0.000225
0.000226
0.000222
0.000215
0.000210
0.000208
0.000208
0.000210
0.000218
0.000233
0.000250
0.000259
0.000254
0.000243
0.000234
0.000231
0.000231
0.000231
0.000233
0.000234
0.000227
0.000211
0.000198
0.000200
0.000213
0.000222
0.000216
0.000204
0.000197
0.000196
0.000191
0.000176
0.000154
0.000136
0.000131
0.000140
0.000156
0.000170
0.000182
0.000193
0.000201
0.000200
0.000192
0.000186
0.000185
0.000184
0.000178
0.000171
0.000169
0.000167
0.000154
0.000133
0.000119
0.000124
0.000143
0.000165
0.000183
0.000193
0.000187
0.000163
0.000132
0.000112
0.000113
0.000132
0.000157
0.000180
0.000198
0.000216
0.000240
0.000271
0.000299
0.000312
0.000313
0.000318
0.000329
0.000333
0.000323
0.000310
0.000310
0.000323
0.000335
0.000337
0.000338
0.000341
0.000342
0.000333
0.000312
0.000281
0.000242
0.000201
0.000166
0.000139
0.000119
0.000106
0.000102
0.000107
0.000120
0.000140
0.000167
0.000195
0.000208
0.000199
0.000175
0.000153
0.000145
0.000158
0.000190
0.000224
0.000241
0.000238
0.000232
0.000237
0.000238
0.000211
0.000156
0.000107
0.000093
0.000120
0.000166
0.000207
0.000227
0.000226
0.000214
0.000209
0.000215
0.000229
0.000247
0.000276
0.000318
0.000358
0.000377
0.000370
0.000347
0.000317
0.000285
0.000253
0.000226
0.000211
0.000206
0.000201
0.000191
0.000172
0.000150
0.000129
0.000119
0.000121
0.000137
0.000162
0.000191
0.000218
0.000250
0.000287
0.000323
0.000345
0.000345
0.000329
0.000311
0.000297
0.000288
0.000280
0.000271
0.000259
0.000245
0.000228
0.000209
0.000187
0.000160
0.000128
0.000097
0.000076
0.000074
0.000093
0.000127
0.000169
0.000213
0.000253
0.000268
0.000247
0.000199
0.000155
0.000136
0.000136
0.000143
0.000154
0.000174
0.000199
0.000212
0.000207
0.000194
0.000186
0.000187
0.000190
0.000183
0.000166
0.000145
0.000134
0.000138
0.000151
0.000163
0.000176
0.000194
0.000214
0.000228
0.000234
0.000237
0.000238
0.000236
0.000229
0.000218
0.000201
0.000175
0.000142
0.000115
0.000100
0.000095
0.000095
0.000098
0.000099
0.000090
0.000071
0.000050
0.000035
0.000035
0.000053
0.000087
0.000126
0.000153
0.000160
0.000156
0.000151
0.000149
0.000146
0.000142
0.000142
0.000144
0.000145
0.000142
0.000136
0.000130
0.000126
0.000126
0.000130
0.000128
0.000119
0.000113
0.000119
0.000133
0.000144
0.000148
0.000154
0.000167
0.000179
0.000180
0.000172
0.000165
0.000165
0.000171
0.000176
0.000180
0.000185
0.000191
0.000195
0.000193
0.000181
0.000161
0.000132
0.000101
0.000075
0.000061
0.000065
0.000085
0.000114
0.000143
0.000165
0.000176
0.000179
0.000179
0.000186
0.000204
0.000231
0.000257
0.000276
0.000290
0.000300
0.000309
0.000313
0.000310
0.000301
0.000287
0.000269
0.000250
0.000241
0.000249
0.000268
0.000284
0.000290
0.000294
0.000303
0.000316
0.000320
0.000308
0.000283
0.000254
0.000228
0.000210
0.000195
0.000178
0.000164
0.000160
0.000169
0.000182
0.000188
0.000185
0.000180
0.000180
0.000180
0.000176
0.000166
0.000152
0.000138
0.000127
0.000129
0.000147
0.000175
0.000199
0.000207
0.000195
0.000173
0.000156
0.000152
0.000159
0.000163
0.000155
0.000141
0.000135
0.000148
0.000177
0.000205
0.000219
0.000217
0.000210
0.000210
0.000220
0.000234
0.000250
0.000266
0.000277
0.000282
0.000280
0.000276
0.000276
0.000280
0.000282
0.000277
0.000265
0.000254
0.000252
0.000252
0.000240
0.000210
0.000172
0.000144
0.000132
0.000130
0.000135
0.000145
0.000158
0.000169
0.000172
0.000167
0.000156
0.000142
0.000129
0.000123
0.000125
0.000130
0.000136
0.000148
0.000166
0.000182
0.000187
0.000182
0.000173
0.000166
0.000162
0.000160
0.000160
0.000160
0.000158
0.000160
0.000168
0.000179
0.000182
0.000175
0.000169
0.000171
0.000171
0.000159
0.000135
0.000113
0.000108
0.000119
0.000139
0.000164
0.000193
0.000224
0.000244
0.000245
0.000232
0.000222
0.000229
0.000250
0.000274
0.000286
0.000283
0.000268
0.000252
0.000240
0.000229
0.000213
0.000194
0.000175
0.000158
0.000142
0.000126
0.000118
0.000117
0.000120
0.000121
0.000123
0.000128
0.000135
0.000136
0.000130
0.000123
0.000119
0.000120
0.000126
0.000137
0.000147
0.000152
0.000150
0.000142
0.000131
0.000123
0.000121
0.000126
0.000132
0.000135
0.000137
0.000139
0.000142
0.000147
0.000154
0.000160
0.000160
0.000149
0.000136
0.000136
0.000157
0.000189
0.000212
0.000217
0.000209
0.000202
0.000207
0.000221
0.000233
0.000233
0.000220
0.000199
0.000176
0.000155
0.000146
0.000155
0.000180
0.000207
0.000226
0.000240
0.000253
0.000263
0.000263
0.000251
0.000235
0.000226
0.000225
0.000227
0.000228
0.000226
0.000225
0.000227
0.000227
0.000216
0.000194
0.000173
0.000170
0.000190
0.000221
0.000244
0.000248
0.000242
0.000235
0.000230
0.000215
0.000187
0.000150
0.000116
0.000092
0.000080
0.000078
0.000084
0.000095
0.000108
0.000121
0.000131
0.000133
0.000127
0.000123
0.000130
0.000146
0.000166
0.000195
0.000237
0.000276
0.000288
0.000263
0.000224
0.000199
0.000191
0.000189
0.000184
0.000178
0.000175
0.000179
0.000193
0.000215
0.000236
0.000249
0.000258
0.000269
0.000277
0.000276
0.000266
0.000253
0.000237
0.000213
0.000186
0.000170
0.000173
0.000184
0.000192
0.000193
0.000191
0.000181
0.000163
0.000140
0.000120
0.000101
0.000085
0.000078
0.000091
0.000123
0.000158
0.000183
0.000195
0.000196
0.000190
0.000179
0.000160
0.000131
0.000094
0.000059
0.000036
0.000026
0.000031
0.000058
0.000105
0.000161
0.000203
0.000224
0.000234
0.000237
0.000224
0.000189
0.000147
0.000116
0.000097
0.000073
0.000037
0.000002
-0.000014
-0.000004
0.000025
0.000063
0.000102
0.000137
0.000161
0.000176
0.000179
0.000172
0.000160
0.000152
0.000154
0.000157
0.000151
0.000135
0.000116
0.000099
0.000087
0.000082
0.000089
0.000110
0.000132
0.000140
0.000129
0.000107
0.000092
0.000091
0.000101
0.000109
0.000112
0.000117
0.000129
0.000142
0.000146
0.000139
0.000127
0.000121
0.000123
0.000131
0.000146
0.000162
0.000171
0.000172
0.000168
0.000161
0.000149
0.000138
0.000141
0.000167
0.000199
0.000214
0.000206
0.000190
0.000184
0.000194
0.000212
0.000228
0.000234
0.000226
0.000207
0.000185
0.000166
0.000148
0.000135
0.000130
0.000132
0.000130
0.000121
0.000113
0.000112
0.000109
0.000090
0.000056
0.000031
0.000036
0.000067
0.000103
0.000128
0.000139
0.000140
0.000134
0.000122
0.000111
0.000109
0.000116
0.000126
0.000138
0.000157
0.000187
0.000220
0.000243
0.000247
0.000232
0.000204
0.000170
0.000144
0.000137
0.000145
0.000148
0.000141
0.000139
0.000165
0.000216
0.000270
0.000307
0.000320
0.000310
0.000277
0.000228
0.000184
0.000160
0.000159
0.000169
0.000178
0.000181
0.000184
0.000188
0.000191
0.000189
0.000178
0.000166
0.000157
0.000148
0.000135
0.000122
0.000113
0.000105
0.000091
0.000070
0.000051
0.000046
0.000053
0.000060
0.000059
0.000051
0.000039
0.000031
0.000037
0.000066
0.000108
0.000139
0.000142
0.000121
0.000096
0.000087
0.000099
0.000126
0.000159
0.000190
0.000212
0.000215
0.000202
0.000182
0.000172
0.000178
0.000198
0.000226
0.000252
0.000271
0.000280
0.000282
0.000277
0.000265
0.000247
0.000228
0.000210
0.000195
0.000184
0.000178
0.000177
0.000175
0.000169
0.000162
0.000160
0.000166
0.000178
0.000185
0.000181
0.000161
0.000137
0.000124
0.000125
0.000131
0.000129
0.000122
0.000118
0.000123
0.000130
0.000139
0.000153
0.000173
0.000182
0.000170
0.000140
0.000110
0.000088
0.000071
0.000057
0.000054
0.000066
0.000091
0.000113
0.000121
0.000111
0.000089
0.000067
0.000055
0.000052
0.000056
0.000068
0.000086
0.000106
0.000125
0.000141
0.000157
0.000171
0.000172
0.000153
0.000121
0.000095
0.000086
0.000090
0.000102
0.000119
0.000140
0.000160
0.000170
0.000166
0.000154
0.000142
0.000132
0.000129
0.000137
0.000155
0.000171
0.000172
0.000164
0.000164
0.000178
0.000193
0.000199
0.000198
0.000194
0.000181
0.000158
0.000136
0.000127
0.000131
0.000136
0.000141
0.000152
0.000168
0.000173
0.000161
0.000142
0.000126
0.000117
0.000111
0.000108
0.000110
0.000115
0.000123
0.000133
0.000147
0.000157
0.000159
0.000151
0.000138
0.000123
0.000114
0.000118
0.000136
0.000158
0.000174
0.000187
0.000199
0.000204
0.000196
0.000183
0.000176
0.000177
0.000177
0.000173
0.000175
0.000193
0.000218
0.000235
0.000239
0.000240
0.000245
0.000256
0.000269
0.000280
0.000285
0.000283
0.000271
0.000252
0.000231
0.000220
0.000224
0.000244
0.000273
0.000307
0.000337
0.000347
0.000325
0.000280
0.000237
0.000217
0.000219
0.000229
0.000235
0.000237
0.000238
0.000236
0.000225
0.000209
0.000192
0.000181
0.000175
0.000173
0.000170
0.000166
0.000160
0.000149
0.000131
0.000115
0.000116
0.000132
0.000148
0.000144
0.000120
0.000097
0.000089
0.000099
0.000113
0.000121
0.000125
0.000138
0.000166
0.000203
0.000227
0.000223
0.000194
0.000157
0.000127
0.000114
0.000116
0.000132
0.000153
0.000173
0.000190
0.000200
0.000202
0.000195
0.000183
0.000175
0.000177
0.000189
0.000205
0.000218
0.000225
0.000219
0.000202
0.000177
0.000154
0.000142
0.000142
0.000149
0.000152
0.000143
0.000127
0.000120
0.000127
0.000137
0.000135
0.000118
0.000100
0.000091
0.000090
0.000088
0.000084
0.000083
0.000093
0.000114
0.000136
0.000149
0.000148
0.000141
0.000137
0.000139
0.000144
0.000142
0.000131
0.000115
0.000099
0.000088
0.000083
0.000087
0.000096
0.000107
0.000117
0.000123
0.000119
0.000102
0.000077
0.000061
0.000064
0.000083
0.000101
0.000111
0.000117
0.000134
0.000166
0.000201
0.000217
0.000206
0.000177
0.000151
0.000140
0.000140
0.000144
0.000148
0.000151
0.000149
0.000144
0.000146
0.000167
0.000201
0.000232
0.000243
0.000235
0.000217
0.000193
0.000170
0.000156
0.000158
0.000163
0.000160
0.000147
0.000136
0.000136
0.000145
0.000154
0.000162
0.000172
0.000184
0.000198
0.000219
0.000252
0.000289
0.000318
0.000331
0.000328
0.000313
0.000290
0.000261
0.000235
0.000216
0.000203
0.000198
0.000206
0.000231
0.000266
0.000296
0.000312
0.000320
0.000324
0.000322
0.000313
0.000299
0.000281
0.000259
0.000232
0.000204
0.000178
0.000151
0.000122
0.000098
0.000094
0.000112
0.000141
0.000173
0.000202
0.000225
0.000234
0.000231
0.000232
0.000245
0.000261
0.000266
0.000256
0.000241
0.000227
0.000219
0.000220
0.000231
0.000236
0.000222
0.000191
0.000160
0.000145
0.000142
0.000142
0.000141
0.000137
0.000126
0.000112
0.000106
0.000106
0.000098
0.000079
0.000068
0.000086
0.000131
0.000180
0.000221
0.000253
0.000275
0.000277
0.000259
0.000233
0.000208
0.000182
0.000157
0.000144
0.000150
0.000167
0.000179
0.000183
0.000190
0.000205
0.000218
0.000221
0.000213
0.000203
0.000189
0.000164
0.000123
0.000080
0.000060
0.000079
0.000123
0.000165
0.000188
0.000195
0.000196
0.000193
0.000191
0.000198
0.000214
0.000225
0.000222
0.000212
0.000212
0.000217
0.000212
0.000189
0.000158
0.000132
0.000115
0.000111
0.000126
0.000154
0.000180
0.000192
0.000193
0.000193
0.000188
0.000176
0.000161
0.000154
0.000156
0.000165
0.000184
0.000216
0.000251
0.000267
0.000255
0.000229
0.000210
0.000207
0.000211
0.000211
0.000202
0.000192
0.000188
0.000189
0.000188
0.000184
0.000180
0.000179
0.000176
0.000164
0.000148
0.000138
0.000136
0.000131
0.000121
0.000112
0.000120
0.000146
0.000179
0.000206
0.000220
0.000217
0.000203
0.000184
0.000171
0.000173
0.000185
0.000199
0.000207
0.000204
0.000182
0.000140
0.000084
0.000029
-0.000007
-0.000021
-0.000016
0.000003
0.000034
0.000071
0.000104
0.000130
0.000152
0.000170
0.000177
0.000164
0.000133
0.000101
0.000085
0.000091
0.000108
0.000120
0.000116
0.000104
0.000101
0.000115
0.000138
0.000159
0.000171
0.000177
0.000178
0.000176
0.000170
0.000165
0.000161
0.000167
0.000187
0.000224
0.000259
0.000270
0.000243
0.000189
0.000138
0.000115
0.000131
0.000175
0.000218
0.000235
0.000226
0.000211
0.000210
0.000226
0.000246
0.000257
0.000251
0.000228
0.000194
0.000165
0.000157
0.000169
0.000191
0.000209
0.000220
0.000227
0.000231
0.000232
0.000228
0.000218
0.000209
0.000206
0.000209
0.000208
0.000190
0.000158
0.000127
0.000108
0.000102
0.000106
0.000120
0.000141
0.000161
0.000170
0.000168
0.000165
0.000162
0.000154
0.000135
0.000110
0.000094
0.000098
0.000118
0.000147
0.000177
0.000202
0.000215
0.000212
0.000197
0.000182
0.000177
0.000180
0.000183
0.000181
0.000174
0.000166
0.000167
0.000182
0.000203
0.000211
0.000193
0.000156
0.000124
0.000110
0.000111
0.000121
0.000134
0.000145
0.000145
0.000132
0.000127
0.000146
0.000186
0.000216
0.000215
0.000189
0.000167
0.000163
0.000169
0.000167
0.000158
0.000156
0.000175
0.000208
0.000240
0.000256
0.000261
0.000262
0.000259
0.000246
0.000229
0.000223
0.000240
0.000279
0.000320
0.000344
0.000342
0.000317
0.000280
0.000246
0.000224
0.000213
0.000208
0.000209
0.000214
0.000224
0.000235
0.000244
0.000249
0.000249
0.000245
0.000241
0.000237
0.000231
0.000216
0.000190
0.000158
0.000130
0.000114
0.000113
0.000122
0.000136
0.000149
0.000156
0.000153
0.000143
0.000127
0.000112
0.000101
0.000094
0.000087
0.000080
0.000076
0.000074
0.000075
0.000077
0.000082
0.000093
0.000103
0.000107
0.000108
0.000118
0.000140
0.000163
0.000176
0.000180
0.000188
0.000203
0.000216
0.000224
0.000230
0.000238
0.000237
0.000219
0.000195
0.000187
0.000200
0.000218
0.000218
0.000195
0.000163
0.000139
0.000130
0.000135
0.000145
0.000149
0.000142
0.000134
0.000137
0.000153
0.000169
0.000179
0.000186
0.000200
0.000221
0.000237
0.000239
0.000230
0.000222
0.000223
0.000226
0.000223
0.000210
0.000195
0.000185
0.000185
0.000187
0.000183
0.000175
0.000170
0.000172
0.000179
0.000183
0.000185
0.000187
0.000192
0.000198
0.000198
0.000188
0.000169
0.000149
0.000134
0.000130
0.000137
0.000150
0.000160
0.000158
0.000143
0.000122
0.000098
0.000069
0.000037
0.000017
0.000019
0.000036
0.000047
0.000043
0.000035
0.000042
0.000065
0.000091
0.000110
0.000123
0.000130
0.000126
0.000112
0.000094
0.000082
0.000079
0.000087
0.000106
0.000135
0.000170
0.000202
0.000232
0.000260
0.000281
0.000278
0.000247
0.000207
0.000186
0.000195
0.000215
0.000220
0.000203
0.000181
0.000167
0.000157
0.000141
0.000118
0.000100
0.000092
0.000094
0.000102
0.000116
0.000133
0.000144
0.000144
0.000135
0.000123
0.000112
0.000104
0.000100
0.000101
0.000099
0.000088
0.000073
0.000067
0.000076
0.000092
0.000103
0.000101
0.000088
0.000072
0.000063
0.000065
0.000073
0.000076
0.000065
0.000047
0.000037
0.000048
0.000075
0.000104
0.000126
0.000139
0.000144
0.000138
0.000124
0.000107
0.000095
0.000090
0.000092
0.000102
0.000118
0.000133
0.000138
0.000132
0.000127
0.000132
0.000147
0.000163
0.000175
0.000181
0.000182
0.000189
0.000210
0.000242
0.000276
0.000308
0.000335
0.000352
0.000347
0.000318
0.000281
0.000248
0.000222
0.000196
0.000174
0.000162
0.000157
0.000148
0.000134
0.000127
0.000136
0.000150
0.000156
0.000153
0.000145
0.000137
0.000127
0.000118
0.000112
0.000110
0.000109
0.000102
0.000091
0.000083
0.000085
0.000100
0.000124
0.000148
0.000169
0.000183
0.000188
0.000180
0.000160
0.000133
0.000103
0.000076
0.000050
0.000026
0.000010
0.000009
0.000021
0.000031
0.000028
0.000020
0.000028
0.000057
0.000083
0.000084
0.000063
0.000042
0.000035
0.000043
0.000070
0.000124
0.000193
0.000244
0.000260
0.000255
0.000256
0.000266
0.000271
0.000266
0.000255
0.000241
0.000229
0.000230
0.000252
0.000290
0.000327
0.000352
0.000371
0.000390
0.000406
0.000412
0.000402
0.000378
0.000345
0.000308
0.000272
0.000235
0.000197
0.000164
0.000146
0.000145
0.000149
0.000148
0.000140
0.000130
0.000120
0.000108
0.000092
0.000076
0.000070
0.000080
0.000102
0.000126
0.000142
0.000143
0.000128
0.000101
0.000074
0.000062
0.000071
0.000086
0.000096
0.000103
0.000117
0.000134
0.000145
0.000149
0.000157
0.000171
0.000179
0.000166
0.000134
0.000092
0.000051
0.000021
0.000009
0.000008
0.000004
-0.000011
-0.000028
-0.000038
-0.000039
-0.000031
-0.000015
0.000007
0.000021
0.000024
0.000026
0.000038
0.000056
0.000064
0.000060
0.000054
0.000049
0.000046
0.000047
0.000058
0.000072
0.000077
0.000077
0.000092
0.000132
0.000177
0.000199
0.000192
0.000175
0.000166
0.000163
0.000157
0.000143
0.000125
0.000107
0.000093
0.000085
0.000088
0.000104
0.000130
0.000152
0.000158
0.000145
0.000122
0.000103
0.000104
0.000125
0.000150
0.000157
0.000139
0.000108
0.000086
0.000083
0.000088
0.000088
0.000079
0.000073
0.000078
0.000087
0.000083
0.000061
0.000041
0.000045
0.000076
0.000115
0.000145
0.000165
0.000180
0.000189
0.000191
0.000193
0.000202
0.000213
0.000215
0.000205
0.000192
0.000184
0.000185
0.000193
0.000205
0.000207
0.000188
0.000148
0.000107
0.000084
0.000085
0.000103
0.000124
0.000135
0.000131
0.000121
0.000117
0.000124
0.000133
0.000138
0.000147
0.000170
0.000202
0.000231
0.000247
0.000251
0.000244
0.000231
0.000216
0.000205
0.000200
0.000205
0.000218
0.000241
0.000268
0.000293
0.000310
0.000309
0.000284
0.000241
0.000199
0.000179
0.000187
0.000220
0.000266
0.000309
0.000336
0.000345
0.000347
0.000351
0.000350
0.000336
0.000310
0.000279
0.000248
0.000220
0.000206
0.000210
0.000221
0.000218
0.000195
0.000169
0.000155
0.000150
0.000148
0.000154
0.000174
0.000200
0.000221
0.000238
0.000259
0.000283
0.000298
0.000296
0.000284
0.000267
0.000249
0.000232
0.000228
0.000245
0.000277
0.000308
0.000326
0.000332
0.000327
0.000307
0.000272
0.000234
0.000210
0.000206
0.000218
0.000234
0.000248
0.000258
0.000261
0.000255
0.000245
0.000239
0.000244
0.000259
0.000276
0.000291
0.000307
0.000327
0.000349
0.000363
0.000364
0.000361
0.000363
0.000367
0.000365
0.000353
0.000342
0.000338
0.000339
0.000335
0.000324
0.000308
0.000288
0.000266
0.000253
0.000258
0.000279
0.000295
0.000288
0.000260
0.000228
0.000200
0.000179
0.000166
0.000162
0.000161
0.000161
0.000161
0.000166
0.000171
0.000170
0.000162
0.000155
0.000158
0.000165
0.000168
0.000171
0.000177
0.000182
0.000177
0.000166
0.000159
0.000162
0.000168
0.000171
0.000167
0.000159
0.000146
0.000132
0.000121
0.000116
0.000116
0.000121
0.000136
0.000164
0.000199
0.000227
0.000244
0.000258
0.000274
0.000283
0.000267
0.000225
0.000177
0.000145
0.000131
0.000123
0.000108
0.000087
0.000063
0.000034
0.000008
0.000005
0.000038
0.000097
0.000153
0.000189
0.000207
0.000209
0.000195
0.000172
0.000158
0.000170
0.000196
0.000216
0.000226
0.000237
0.000258
0.000282
0.000302
0.000313
0.000311
0.000289
0.000250
0.000212
0.000195
0.000199
0.000210
0.000216
0.000213
0.000199
0.000182
0.000174
0.000182
0.000195
0.000196
0.000183
0.000170
0.000162
0.000156
0.000149
0.000140
0.000131
0.000115
0.000091
0.000067
0.000050
0.000046
0.000054
0.000078
0.000114
0.000150
0.000177
0.000193
0.000201
0.000203
0.000205
0.000213
0.000226
0.000234
0.000227
0.000205
0.000179
0.000159
0.000151
0.000156
0.000168
0.000176
0.000169
0.000148
0.000124
0.000102
0.000084
0.000070
0.000064
0.000065
0.000067
0.000068
0.000074
0.000092
0.000120
0.000148
0.000174
0.000202
0.000233
0.000256
0.000257
0.000239
0.000213
0.000196
0.000195
0.000207
0.000223
0.000236
0.000239
0.000227
0.000208
0.000191
0.000181
0.000172
0.000162
0.000152
0.000151
0.000154
0.000147
0.000124
0.000095
0.000072
0.000055
0.000041
0.000030
0.000031
0.000047
0.000074
0.000103
0.000127
0.000148
0.000169
0.000193
0.000214
0.000224
0.000221
0.000215
0.000215
0.000212
0.000198
0.000178
0.000167
0.000171
0.000180
0.000186
0.000197
0.000218
0.000238
0.000247
0.000248
0.000252
0.000254
0.000243
0.000219
0.000197
0.000187
0.000182
0.000176
0.000171
0.000171
0.000174
0.000179
0.000190
0.000205
0.000212
0.000207
0.000202
0.000215
0.000243
0.000263
0.000267
0.000262
0.000257
0.000252
0.000242
0.000236
0.000242
0.000256
0.000274
0.000295
0.000320
0.000339
0.000346
0.000346
0.000352
0.000358
0.000346
0.000311
0.000266
0.000227
0.000196
0.000164
0.000132
0.000106
0.000094
0.000092
0.000099
0.000109
0.000122
0.000132
0.000138
0.000140
0.000136
0.000127
0.000117
0.000111
0.000113
0.000116
0.000114
0.000100
0.000080
0.000064
0.000060
0.000065
0.000070
0.000067
0.000060
0.000056
0.000056
0.000057
0.000056
0.000058
0.000064
0.000067
0.000061
0.000048
0.000036
0.000029
0.000023
0.000015
0.000010
0.000012
0.000022
0.000034
0.000045
0.000057
0.000076
0.000101
0.000128
0.000157
0.000191
0.000223
0.000241
0.000233
0.000204
0.000166
0.000132
0.000112
0.000109
0.000121
0.000134
0.000133
0.000111
0.000076
0.000043
0.000023
0.000023
0.000036
0.000052
0.000059
0.000058
0.000056
0.000060
0.000070
0.000076
0.000071
0.000061
0.000058
0.000071
0.000092
0.000108
0.000112
0.000109
0.000112
0.000123
0.000133
0.000139
0.000145
0.000153
0.000158
0.000155
0.000149
0.000148
0.000152
0.000157
0.000162
0.000167
0.000169
0.000161
0.000145
0.000126
0.000108
0.000091
0.000077
0.000073
0.000083
0.000101
0.000118
0.000133
0.000145
0.000156
0.000170
0.000188
0.000211
0.000232
0.000246
0.000252
0.000251
0.000241
0.000217
0.000182
0.000150
0.000129
0.000119
0.000112
0.000103
0.000088
0.000070
0.000053
0.000048
0.000057
0.000070
0.000075
0.000070
0.000065
0.000070
0.000089
0.000117
0.000147
0.000170
0.000182
0.000184
0.000181
0.000179
0.000178
0.000173
0.000163
0.000147
0.000131
0.000118
0.000109
0.000097
0.000081
0.000072
0.000085
0.000121
0.000157
0.000174
0.000176
0.000181
0.000193
0.000200
0.000198
0.000194
0.000197
0.000202
0.000200
0.000190
0.000180
0.000173
0.000171
0.000173
0.000173
0.000163
0.000143
0.000128
0.000127
0.000135
0.000140
0.000138
0.000137
0.000139
0.000138
0.000135
0.000133
0.000136
0.000142
0.000152
0.000169
0.000187
0.000194
0.000189
0.000181
0.000175
0.000165
0.000149
0.000136
0.000140
0.000158
0.000185
0.000214
0.000241
0.000261
0.000265
0.000254
0.000234
0.000210
0.000189
0.000176
0.000169
0.000155
0.000133
0.000118
0.000128
0.000159
0.000194
0.000219
0.000232
0.000234
0.000225
0.000214
0.000209
0.000209
0.000208
0.000207
0.000214
0.000228
0.000236
0.000233
0.000225
0.000220
0.000213
0.000199
0.000180
0.000158
0.000137
0.000121
0.000115
0.000120
0.000138
0.000169
0.000209
0.000245
0.000263
0.000265
0.000261
0.000256
0.000243
0.000222
0.000201
0.000189
0.000181
0.000170
0.000155
0.000141
0.000132
0.000129
0.000138
0.000157
0.000182
0.000202
0.000216
0.000225
0.000230
0.000234
0.000239
0.000239
0.000229
0.000210
0.000190
0.000170
0.000143
0.000106
0.000075
0.000065
0.000072
0.000084
0.000099
0.000120
0.000142
0.000159
0.000171
0.000186
0.000203
0.000210
0.000202
0.000190
0.000193
0.000220
0.000260
0.000290
0.000297
0.000288
0.000287
0.000299
0.000308
0.000294
0.000267
0.000245
0.000235
0.000226
0.000219
0.000229
0.000261
0.000302
0.000331
0.000339
0.000330
0.000312
0.000294
0.000278
0.000258
0.000234
0.000218
0.000222
0.000240
0.000252
0.000245
0.000229
0.000213
0.000198
0.000185
0.000190
0.000214
0.000239
0.000245
0.000236
0.000228
0.000226
0.000217
0.000199
0.000180
0.000173
0.000181
0.000201
0.000228
0.000254
0.000270
0.000272
0.000270
0.000270
0.000275
0.000277
0.000271
0.000263
0.000268
0.000293
0.000326
0.000350
0.000359
0.000359
0.000359
0.000361
0.000365
0.000374
0.000390
0.000402
0.000400
0.000381
0.000356
0.000330
0.000307
0.000284
0.000255
0.000214
0.000162
0.000114
0.000083
0.000071
0.000075
0.000090
0.000102
0.000097
0.000073
0.000050
0.000052
0.000081
0.000121
0.000156
0.000184
0.000203
0.000215
0.000223
0.000230
0.000232
0.000227
0.000213
0.000191
0.000159
0.000127
0.000116
0.000137
0.000177
0.000205
0.000211
0.000209
0.000206
0.000196
0.000174
0.000145
0.000124
0.000121
0.000136
0.000157
0.000168
0.000159
0.000147
0.000155
0.000182
0.000202
0.000200
0.000189
0.000190
0.000205
0.000217
0.000219
0.000209
0.000184
0.000148
0.000113
0.000091
0.000073
0.000046
0.000014
-0.000002
0.000009
0.000033
0.000051
0.000061
0.000070
0.000079
0.000084
0.000087
0.000096
0.000118
0.000153
0.000196
0.000241
0.000281
0.000309
0.000323
0.000326
0.000324
0.000321
0.000311
0.000288
0.000256
0.000223
0.000189
0.000153
0.000120
0.000103
0.000104
0.000112
0.000116
0.000117
0.000119
0.000120
0.000116
0.000111
0.000113
0.000123
0.000128
0.000126
0.000124
0.000133
0.000153
0.000173
0.000186
0.000186
0.000178
0.000169
0.000164
0.000167
0.000178
0.000193
0.000197
0.000182
0.000156
0.000142
0.000150
0.000165
0.000163
0.000148
0.000139
0.000150
0.000170
0.000186
0.000194
0.000200
0.000204
0.000203
0.000197
0.000189
0.000183
0.000180
0.000178
0.000173
0.000164
0.000156
0.000150
0.000137
0.000112
0.000088
0.000087
0.000116
0.000155
0.000173
0.000160
0.000125
0.000087
0.000062
0.000058
0.000073
0.000099
0.000129
0.000157
0.000174
0.000176
0.000171
0.000173
0.000186
0.000199
0.000206
0.000216
0.000237
0.000255
0.000259
0.000252
0.000249
0.000254
0.000258
0.000260
0.000266
0.000273
0.000266
0.000241
0.000215
0.000207
0.000214
0.000222
0.000222
0.000220
0.000220
0.000220
0.000213
0.000195
0.000163
0.000125
0.000094
0.000086
0.000102
0.000128
0.000145
0.000150
0.000151
0.000159
0.000175
0.000195
0.000213
0.000223
0.000220
0.000207
0.000197
0.000202
0.000219
0.000233
0.000230
0.000216
0.000202
0.000195
0.000193
0.000190
0.000176
0.000144
0.000097
0.000057
0.000048
0.000065
0.000085
0.000086
0.000076
0.000079
0.000109
0.000154
0.000198
0.000227
0.000239
0.000237
0.000222
0.000201
0.000183
0.000171
0.000167
0.000166
0.000163
0.000154
0.000138
0.000117
0.000093
0.000071
0.000059
0.000064
0.000085
0.000109
0.000126
0.000134
0.000142
0.000153
0.000162
0.000166
0.000173
0.000191
0.000215
0.000227
0.000220
0.000202
0.000183
0.000167
0.000152
0.000137
0.000129
0.000126
0.000129
0.000138
0.000154
0.000171
0.000183
0.000188
0.000193
0.000202
0.000211
0.000209
0.000197
0.000183
0.000175
0.000177
0.000181
0.000181
0.000175
0.000168
0.000165
0.000170
0.000177
0.000178
0.000166
0.000144
0.000121
0.000113
0.000126
0.000154
0.000184
0.000207
0.000219
0.000216
0.000200
0.000177
0.000155
0.000139
0.000127
0.000116
0.000107
0.000101
0.000096
0.000090
0.000090
0.000100
0.000120
0.000144
0.000169
0.000194
0.000222
0.000249
0.000268
0.000272
0.000264
0.000254
0.000249
0.000249
0.000247
0.000242
0.000234
0.000223
0.000210
0.000194
0.000177
0.000165
0.000163
0.000165
0.000167
0.000162
0.000156
0.000152
0.000148
0.000137
0.000122
0.000118
0.000130
0.000151
0.000163
0.000159
0.000146
0.000134
0.000125
0.000118
0.000115
0.000121
0.000140
0.000168
0.000200
0.000228
0.000239
0.000230
0.000210
0.000194
0.000193
0.000205
0.000224
0.000248
0.000280
0.000315
0.000337
0.000329
0.000292
0.000243
0.000201
0.000166
0.000133
0.000108
0.000105
0.000128
0.000161
0.000182
0.000183
0.000171
0.000158
0.000152
0.000157
0.000172
0.000190
0.000205
0.000220
0.000239
0.000259
0.000264
0.000247
0.000215
0.000181
0.000156
0.000145
0.000148
0.000159
0.000167
0.000166
0.000154
0.000139
0.000135
0.000151
0.000186
0.000224
0.000250
0.000261
0.000266
0.000267
0.000254
0.000223
0.000190
0.000171
0.000166
0.000159
0.000146
0.000140
0.000148
0.000156
0.000150
0.000136
0.000132
0.000142
0.000150
0.000145
0.000128
0.000111
0.000099
0.000092
0.000083
0.000069
0.000053
0.000048
0.000062
0.000089
0.000108
0.000111
0.000108
0.000108
0.000108
0.000099
0.000084
0.000074
0.000074
0.000082
0.000091
0.000097
0.000096
0.000082
0.000063
0.000052
0.000055
0.000064
0.000068
0.000067
0.000068
0.000071
0.000076
0.000079
0.000083
0.000089
0.000102
0.000124
0.000153
0.000177
0.000184
0.000171
0.000148
0.000126
0.000115
0.000121
0.000144
0.000173
0.000197
0.000216
0.000235
0.000254
0.000262
0.000248
0.000211
0.000162
0.000114
0.000077
0.000057
0.000050
0.000050
0.000058
0.000081
0.000116
0.000152
0.000179
0.000199
0.000217
0.000227
0.000221
0.000199
0.000178
0.000172
0.000181
0.000192
0.000194
0.000185
0.000171
0.000156
0.000140
0.000121
0.000108
0.000113
0.000138
0.000168
0.000186
0.000189
0.000186
0.000189
0.000194
0.000195
0.000188
0.000181
0.000178
0.000177
0.000179
0.000184
0.000190
0.000196
0.000197
0.000193
0.000189
0.000183
0.000172
0.000158
0.000145
0.000139
0.000136
0.000135
0.000137
0.000150
0.000168
0.000179
0.000174
0.000157
0.000137
0.000122
0.000114
0.000109
0.000103
0.000095
0.000088
0.000092
0.000112
0.000139
0.000159
0.000166
0.000160
0.000148
0.000141
0.000149
0.000176
0.000214
0.000250
0.000277
0.000296
0.000303
0.000292
0.000272
0.000261
0.000268
0.000279
0.000278
0.000262
0.000244
0.000232
0.000220
0.000196
0.000156
0.000100
0.000044
0.000011
0.000018
0.000057
0.000099
0.000127
0.000146
0.000168
0.000193
0.000209
0.000208
0.000199
0.000189
0.000183
0.000186
0.000200
0.000223
0.000246
0.000265
0.000285
0.000303
0.000303
0.000273
0.000227
0.000193
0.000188
0.000197
0.000200
0.000190
0.000179
0.000179
0.000190
0.000204
0.000215
0.000220
0.000222
0.000218
0.000204
0.000184
0.000166
0.000161
0.000161
0.000148
0.000119
0.000091
0.000085
0.000104
0.000136
0.000168
0.000194
0.000205
0.000196
0.000174
0.000151
0.000136
0.000124
0.000114
0.000113
0.000131
0.000159
0.000178
0.000175
0.000154
0.000125
0.000098
0.000080
0.000075
0.000085
0.000104
0.000125
0.000150
0.000182
0.000219
0.000249
0.000257
0.000246
0.000230
0.000223
0.000231
0.000248
0.000264
0.000275
0.000278
0.000274
0.000273
0.000278
0.000283
0.000282
0.000274
0.000268
0.000264
0.000254
0.000236
0.000223
0.000223
0.000226
0.000215
0.000185
0.000152
0.000134
0.000136
0.000155
0.000188
0.000225
0.000252
0.000260
0.000252
0.000243
0.000236
0.000227
0.000207
0.000181
0.000158
0.000142
0.000126
0.000107
0.000090
0.000085
0.000088
0.000090
0.000083
0.000076
0.000076
0.000078
0.000076
0.000080
0.000102
0.000140
0.000174
0.000193
0.000204
0.000220
0.000238
0.000248
0.000245
0.000236
0.000227
0.000224
0.000226
0.000229
0.000224
0.000211
0.000197
0.000195
0.000207
0.000224
0.000237
0.000242
0.000238
0.000230
0.000222
0.000223
0.000238
0.000260
0.000278
0.000281
0.000263
0.000229
0.000192
0.000163
0.000150
0.000150
0.000160
0.000174
0.000181
0.000178
0.000172
0.000174
0.000189
0.000213
0.000233
0.000245
0.000246
0.000240
0.000235
0.000238
0.000246
0.000249
0.000247
0.000242
0.000232
0.000213
0.000183
0.000149
0.000123
0.000114
0.000124
0.000150
0.000180
0.000200
0.000205
0.000202
0.000197
0.000192
0.000188
0.000195
0.000213
0.000232
0.000241
0.000234
0.000220
0.000209
0.000209
0.000222
0.000239
0.000242
0.000226
0.000204
0.000197
0.000210
0.000230
0.000248
0.000263
0.000277
0.000286
0.000286
0.000278
0.000268
0.000259
0.000252
0.000245
0.000236
0.000228
0.000227
0.000237
0.000249
0.000246
0.000227
0.000199
0.000176
0.000161
0.000155
0.000161
0.000178
0.000194
0.000196
0.000184
0.000168
0.000155
0.000139
0.000116
0.000092
0.000082
0.000090
0.000106
0.000112
0.000107
0.000103
0.000114
0.000142
0.000176
0.000205
0.000224
0.000232
0.000230
0.000218
0.000200
0.000182
0.000173
0.000178
0.000191
0.000201
0.000202
0.000202
0.000215
0.000241
0.000268
0.000285
0.000290
0.000282
0.000261
0.000224
0.000176
0.000127
0.000092
0.000076
0.000076
0.000082
0.000085
0.000086
0.000093
0.000108
0.000126
0.000142
0.000161
0.000189
0.000223
0.000254
0.000273
0.000281
0.000278
0.000263
0.000234
0.000196
0.000162
0.000144
0.000147
0.000167
0.000193
0.000216
0.000226
0.000218
0.000195
0.000177
0.000177
0.000193
0.000205
0.000198
0.000178
0.000158
0.000145
0.000141
0.000154
0.000181
0.000208
0.000218
0.000219
0.000227
0.000250
0.000276
0.000295
0.000313
0.000339
0.000365
0.000373
0.000355
0.000316
0.000270
0.000228
0.000193
0.000164
0.000142
0.000130
0.000134
0.000149
0.000165
0.000174
0.000170
0.000155
0.000136
0.000121
0.000115
0.000114
0.000112
0.000107
0.000102
0.000100
0.000102
0.000107
0.000121
0.000146
0.000178
0.000206
0.000224
0.000230
0.000228
0.000218
0.000209
0.000211
0.000230
0.000259
0.000279
0.000278
0.000259
0.000230
0.000195
0.000160
0.000135
0.000126
0.000129
0.000133
0.000126
0.000110
0.000088
0.000065
0.000045
0.000038
0.000047
0.000067
0.000090
0.000113
0.000136
0.000159
0.000172
0.000174
0.000175
0.000187
0.000212
0.000233
0.000239
0.000233
0.000226
0.000224
0.000214
0.000186
0.000152
0.000129
0.000122
0.000117
0.000104
0.000087
0.000074
0.000059
0.000035
0.000010
-0.000004
-0.000011
-0.000019
-0.000029
-0.000026
-0.000003
0.000033
0.000066
0.000089
0.000101
0.000100
0.000090
0.000082
0.000087
0.000101
0.000114
0.000120
0.000118
0.000104
0.000079
0.000051
0.000030
0.000018
0.000008
0.000001
0.000004
0.000023
0.000053
0.000087
0.000118
0.000148
0.000177
0.000202
0.000216
0.000218
0.000208
0.000192
0.000171
0.000146
0.000123
0.000105
0.000095
0.000090
0.000089
0.000092
0.000102
0.000120
0.000149
0.000186
0.000224
0.000255
0.000277
0.000292
0.000301
0.000304
0.000307
0.000317
0.000330
0.000330
0.000308
0.000274
0.000242
0.000217
0.000195
0.000179
0.000175
0.000183
0.000194
0.000202
0.000206
0.000200
0.000185
0.000166
0.000151
0.000144
0.000143
0.000144
0.000150
0.000164
0.000186
0.000215
0.000243
0.000262
0.000263
0.000247
0.000223
0.000202
0.000193
0.000200
0.000215
0.000227
0.000226
0.000219
0.000213
0.000209
0.000199
0.000180
0.000161
0.000148
0.000142
0.000150
0.000176
0.000215
0.000248
0.000269
0.000287
0.000308
0.000318
0.000296
0.000244
0.000188
0.000150
0.000131
0.000120
0.000116
0.000120
0.000132
0.000142
0.000142
0.000128
0.000107
0.000087
0.000076
0.000073
0.000075
0.000076
0.000070
0.000058
0.000048
0.000052
0.000071
0.000094
0.000109
0.000112
0.000108
0.000103
0.000102
0.000104
0.000099
0.000087
0.000075
0.000071
0.000075
0.000079
0.000086
0.000107
0.000143
0.000176
0.000189
0.000185
0.000179
0.000176
0.000168
0.000154
0.000146
0.000154
0.000175
0.000204
0.000233
0.000252
0.000258
0.000252
0.000242
0.000233
0.000224
0.000218
0.000220
0.000229
0.000238
0.000238
0.000228
0.000212
0.000197
0.000187
0.000184
0.000182
0.000177
0.000176
0.000187
0.000209
0.000224
0.000212
0.000177
0.000142
0.000130
0.000146
0.000180
0.000218
0.000250
0.000279
0.000306
0.000327
0.000332
0.000318
0.000297
0.000288
0.000301
0.000325
0.000340
0.000329
0.000293
0.000245
0.000205
0.000180
0.000163
0.000148
0.000133
0.000125
0.000126
0.000134
0.000147
0.000166
0.000185
0.000192
0.000182
0.000161
0.000140
0.000134
0.000143
0.000160
0.000167
0.000154
0.000132
0.000121
0.000130
0.000149
0.000162
0.000168
0.000177
0.000192
0.000202
0.000194
0.000170
0.000146
0.000141
0.000158
0.000183
0.000201
0.000203
0.000200
0.000208
0.000233
0.000262
0.000282
0.000292
0.000300
0.000311
0.000321
0.000322
0.000312
0.000291
0.000262
0.000226
0.000191
0.000167
0.000163
0.000178
0.000207
0.000241
0.000273
0.000294
0.000299
0.000290
0.000268
0.000239
0.000205
0.000173
0.000151
0.000142
0.000137
0.000127
0.000110
0.000093
0.000084
0.000084
0.000093
0.000114
0.000145
0.000174
0.000193
0.000204
0.000214
0.000217
0.000198
0.000159
0.000126
0.000118
0.000130
0.000143
0.000149
0.000151
0.000146
0.000128
0.000108
0.000104
0.000124
0.000151
0.000168
0.000172
0.000171
0.000171
0.000171
0.000171
0.000173
0.000172
0.000159
0.000136
0.000115
0.000106
0.000110
0.000118
0.000124
0.000128
0.000134
0.000139
0.000138
0.000132
0.000126
0.000128
0.000129
0.000121
0.000104
0.000094
0.000102
0.000121
0.000132
0.000129
0.000116
0.000101
0.000083
0.000063
0.000049
0.000050
0.000069
0.000097
0.000123
0.000141
0.000150
0.000157
0.000161
0.000159
0.000146
0.000127
0.000118
0.000127
0.000149
0.000171
0.000184
0.000194
0.000209
0.000229
0.000240
0.000231
0.000206
0.000179
0.000160
0.000150
0.000147
0.000154
0.000172
0.000198
0.000221
0.000235
0.000236
0.000219
0.000187
0.000154
0.000132
0.000123
0.000120
0.000125
0.000147
0.000184
0.000221
0.000240
0.000237
0.000215
0.000181
0.000139
0.000100
0.000076
0.000075
0.000089
0.000110
0.000137
0.000173
0.000212
0.000244
0.000256
0.000252
0.000242
0.000239
0.000238
0.000229
0.000206
0.000176
0.000153
0.000143
0.000139
0.000126
0.000097
0.000060
0.000034
0.000033
0.000054
0.000086
0.000113
0.000126
0.000128
0.000126
0.000129
0.000134
0.000136
0.000130
0.000123
0.000119
0.000117
0.000109
0.000097
0.000087
0.000082
0.000081
0.000088
0.000103
0.000118
0.000118
0.000107
0.000104
0.000121
0.000146
0.000161
0.000163
0.000158
0.000145
0.000118
0.000084
0.000064
0.000071
0.000098
0.000129
0.000154
0.000167
0.000164
0.000152
0.000144
0.000147
0.000151
0.000139
0.000115
0.000094
0.000087
0.000086
0.000081
0.000077
0.000081
0.000086
0.000084
0.000075
0.000072
0.000080
0.000091
0.000101
0.000114
0.000132
0.000149
0.000157
0.000158
0.000163
0.000176
0.000186
0.000181
0.000158
0.000128
0.000107
0.000105
0.000120
0.000140
0.000162
0.000189
0.000223
0.000251
0.000258
0.000237
0.000205
0.000184
0.000184
0.000192
0.000191
0.000175
0.000153
0.000136
0.000128
0.000123
0.000121
0.000135
0.000171
0.000215
0.000247
0.000256
0.000252
0.000244
0.000233
0.000216
0.000199
0.000189
0.000190
0.000197
0.000209
0.000226
0.000242
0.000251
0.000248
0.000234
0.000213
0.000189
0.000167
0.000153
0.000145
0.000138
0.000134
0.000142
0.000169
0.000208
0.000240
0.000254
0.000249
0.000238
0.000227
0.000219
0.000214
0.000217
0.000223
0.000225
0.000216
0.000201
0.000188
0.000178
0.000171
0.000163
0.000155
0.000143
0.000129
0.000119
0.000121
0.000132
0.000144
0.000151
0.000158
0.000162
0.000161
0.000159
0.000167
0.000189
0.000212
0.000222
0.000216
0.000205
0.000197
0.000193
0.000196
0.000207
0.000225
0.000243
0.000254
0.000259
0.000259
0.000258
0.000260
0.000274
0.000297
0.000316
0.000314
0.000290
0.000259
0.000238
0.000234
0.000239
0.000247
0.000253
0.000261
0.000264
0.000257
0.000238
0.000223
0.000217
0.000212
0.000197
0.000180
0.000181
0.000207
0.000244
0.000274
0.000295
0.000310
0.000320
0.000322
0.000317
0.000306
0.000287
0.000259
0.000230
0.000214
0.000215
0.000230
0.000255
0.000291
0.000336
0.000380
0.000408
0.000405
0.000373
0.000327
0.000289
0.000269
0.000260
0.000248
0.000231
0.000218
0.000215
0.000220
0.000223
0.000223
0.000231
0.000250
0.000273
0.000284
0.000279
0.000266
0.000256
0.000253
0.000259
0.000278
0.000308
0.000328
0.000314
0.000265
0.000215
0.000197
0.000212
0.000230
0.000225
0.000198
0.000166
0.000137
0.000114
0.000096
0.000095
0.000120
0.000162
0.000201
0.000215
0.000202
0.000178
0.000167
0.000174
0.000192
0.000210
0.000224
0.000239
0.000257
0.000273
0.000281
0.000278
0.000261
0.000238
0.000218
0.000204
0.000191
0.000175
0.000156
0.000138
0.000123
0.000114
0.000114
0.000126
0.000150
0.000182
0.000212
0.000226
0.000213
0.000169
0.000113
0.000072
0.000061
0.000074
0.000093
0.000107
0.000115
0.000123
0.000131
0.000140
0.000146
0.000141
0.000120
0.000087
0.000062
0.000061
0.000081
0.000104
0.000114
0.000104
0.000083
0.000059
0.000042
0.000037
0.000049
0.000070
0.000089
0.000096
0.000095
0.000098
0.000113
0.000134
0.000150
0.000153
0.000140
0.000118
0.000097
0.000091
0.000104
0.000129
0.000149
0.000160
0.000167
0.000176
0.000188
0.000194
0.000191
0.000179
0.000160
0.000137
0.000117
0.000104
0.000095
0.000087
0.000083
0.000084
0.000090
0.000093
0.000089
0.000085
0.000092
0.000118
0.000158
0.000196
0.000221
0.000231
0.000236
0.000245
0.000249
0.000239
0.000215
0.000189
0.000174
0.000166
0.000159
0.000153
0.000148
0.000147
0.000147
0.000154
0.000169
0.000185
0.000198
0.000206
0.000214
0.000223
0.000226
0.000222
0.000210
0.000190
0.000168
0.000152
0.000152
0.000169
0.000191
0.000208
0.000218
0.000222
0.000221
0.000217
0.000213
0.000213
0.000216
0.000217
0.000211
0.000191
0.000153
0.000104
0.000065
0.000050
0.000059
0.000079
0.000102
0.000129
0.000160
0.000195
0.000233
0.000274
0.000318
0.000362
0.000396
0.000411
0.000400
0.000366
0.000324
0.000295
0.000293
0.000315
0.000346
0.000369
0.000377
0.000370
0.000352
0.000327
0.000302
0.000280
0.000261
0.000243
0.000220
0.000193
0.000169
0.000155
0.000149
0.000150
0.000157
0.000174
0.000195
0.000206
0.000199
0.000182
0.000170
0.000175
0.000188
0.000198
0.000201
0.000202
0.000207
0.000212
0.000210
0.000203
0.000191
0.000173
0.000147
0.000121
0.000113
0.000130
0.000158
0.000179
0.000185
0.000187
0.000190
0.000194
0.000199
0.000212
0.000231
0.000243
0.000236
0.000219
0.000209
0.000216
0.000236
0.000260
0.000281
0.000296
0.000306
0.000311
0.000313
0.000308
0.000293
0.000274
0.000263
0.000264
0.000266
0.000260
0.000248
0.000236
0.000224
0.000206
0.000179
0.000152
0.000135
0.000130
0.000138
0.000158
0.000190
0.000223
0.000241
0.000240
0.000226
0.000218
0.000225
0.000246
0.000265
0.000262
0.000229
0.000173
0.000121
0.000095
0.000097
0.000106
0.000104
0.000090
0.000071
0.000050
0.000028
0.000015
0.000030
0.000079
0.000143
0.000194
0.000219
0.000218
0.000202
0.000183
0.000172
0.000179
0.000203
0.000232
0.000252
0.000255
0.000240
0.000218
0.000206
0.000213
0.000228
0.000233
0.000218
0.000188
0.000152
0.000120
0.000096
0.000080
0.000066
0.000051
0.000038
0.000033
0.000033
0.000030
0.000021
0.000022
0.000045
0.000087
0.000137
0.000184
0.000222
0.000239
0.000224
0.000183
0.000136
0.000103
0.000090
0.000090
0.000093
0.000097
0.000100
0.000102
0.000099
0.000091
0.000081
0.000080
0.000095
0.000119
0.000142
0.000153
0.000154
0.000152
0.000155
0.000168
0.000185
0.000196
0.000195
0.000187
0.000178
0.000172
0.000172
0.000187
0.000226
0.000282
0.000334
0.000368
0.000381
0.000381
0.000371
0.000352
0.000331
0.000315
0.000309
0.000311
0.000316
0.000319
0.000313
0.000299
0.000279
0.000258
0.000237
0.000217
0.000197
0.000179
0.000169
0.000169
0.000180
0.000194
0.000199
0.000193
0.000186
0.000189
0.000202
0.000210
0.000205
0.000196
0.000190
0.000192
0.000194
0.000197
0.000206
0.000223
0.000241
0.000254
0.000262
0.000272
0.000283
0.000290
0.000288
0.000285
0.000288
0.000297
0.000307
0.000317
0.000322
0.000320
0.000311
0.000298
0.000284
0.000263
0.000230
0.000194
0.000169
0.000160
0.000151
0.000132
0.000103
0.000073
0.000044
0.000014
-0.000006
-0.000005
0.000021
0.000061
0.000102
0.000135
0.000156
0.000162
0.000154
0.000140
0.000135
0.000147
0.000177
0.000213
0.000240
0.000251
0.000249
0.000240
0.000226
0.000209
0.000193
0.000188
0.000196
0.000205
0.000201
0.000179
0.000152
0.000132
0.000121
0.000117
0.000115
0.000115
0.000120
0.000129
0.000134
0.000131
0.000122
0.000115
0.000119
0.000142
0.000184
0.000231
0.000261
0.000263
0.000249
0.000238
0.000236
0.000232
0.000220
0.000204
0.000191
0.000181
0.000176
0.000180
0.000192
0.000200
0.000196
0.000183
0.000172
0.000171
0.000179
0.000197
0.000220
0.000233
0.000228
0.000210
0.000199
0.000208
0.000225
0.000234
0.000233
0.000235
0.000250
0.000272
0.000285
0.000286
0.000280
0.000272
0.000257
0.000234
0.000210
0.000199
0.000206
0.000227
0.000249
0.000258
0.000247
0.000224
0.000209
0.000213
0.000227
0.000237
0.000242
0.000252
0.000272
0.000285
0.000279
0.000258
0.000239
0.000223
0.000200
0.000162
0.000117
0.000078
0.000053
0.000051
0.000074
0.000119
0.000171
0.000213
0.000240
0.000256
0.000269
0.000278
0.000280
0.000267
0.000237
0.000189
0.000132
0.000077
0.000036
0.000014
0.000008
0.000016
0.000028
0.000040
0.000048
0.000054
0.000065
0.000082
0.000108
0.000141
0.000176
0.000199
0.000198
0.000179
0.000163
0.000166
0.000183
0.000202
0.000220
0.000234
0.000239
0.000228
0.000213
0.000208
0.000215
0.000218
0.000212
0.000206
0.000213
0.000224
0.000228
0.000228
0.000233
0.000241
0.000237
0.000217
0.000192
0.000175
0.000162
0.000151
0.000150
0.000163
0.000180
0.000190
0.000197
0.000210
0.000227
0.000240
0.000245
0.000250
0.000261
0.000273
0.000279
0.000279
0.000274
0.000261
0.000240
0.000215
0.000195
0.000182
0.000174
0.000169
0.000165
0.000159
0.000154
0.000154
0.000162
0.000173
0.000175
0.000168
0.000162
0.000169
0.000186
0.000201
0.000204
0.000189
0.000158
0.000117
0.000078
0.000052
0.000038
0.000031
0.000028
0.000028
0.000031
0.000032
0.000034
0.000040
0.000055
0.000075
0.000101
0.000134
0.000172
0.000203
0.000211
0.000191
0.000152
0.000108
0.000068
0.000041
0.000031
0.000034
0.000043
0.000052
0.000063
0.000080
0.000102
0.000127
0.000146
0.000157
0.000158
0.000154
0.000148
0.000143
0.000144
0.000152
0.000169
0.000191
0.000211
0.000225
0.000234
0.000238
0.000237
0.000230
0.000225
0.000230
0.000250
0.000278
0.000303
0.000314
0.000317
0.000325
0.000337
0.000340
0.000322
0.000288
0.000256
0.000234
0.000218
0.000203
0.000193
0.000190
0.000189
0.000189
0.000196
0.000215
0.000237
0.000243
0.000227
0.000204
0.000190
0.000185
0.000174
0.000143
0.000095
0.000048
0.000011
-0.000014
-0.000033
-0.000051
-0.000068
-0.000082
-0.000093
-0.000092
-0.000072
-0.000033
0.000017
0.000065
0.000108
0.000145
0.000175
0.000199
0.000219
0.000236
0.000254
0.000272
0.000290
0.000301
0.000298
0.000279
0.000259
0.000253
0.000259
0.000265
0.000263
0.000258
0.000255
0.000251
0.000242
0.000231
0.000222
0.000214
0.000202
0.000188
0.000180
0.000181
0.000188
0.000193
0.000190
0.000183
0.000182
0.000193
0.000213
0.000230
0.000235
0.000234
0.000234
0.000239
0.000249
0.000261
0.000273
0.000279
0.000276
0.000268
0.000267
0.000274
0.000279
0.000276
0.000270
0.000269
0.000270
0.000263
0.000246
0.000227
0.000216
0.000219
0.000233
0.000246
0.000246
0.000222
0.000178
0.000133
0.000103
0.000094
0.000104
0.000128
0.000165
0.000209
0.000249
0.000272
0.000273
0.000256
0.000232
0.000210
0.000198
0.000194
0.000190
0.000183
0.000176
0.000179
0.000190
0.000199
0.000197
0.000189
0.000186
0.000193
0.000205
0.000208
0.000198
0.000174
0.000140
0.000101
0.000068
0.000052
0.000057
0.000079
0.000105
0.000124
0.000128
0.000119
0.000108
0.000106
0.000118
0.000141
0.000167
0.000185
0.000184
0.000165
0.000135
0.000107
0.000090
0.000083
0.000082
0.000082
0.000082
0.000084
0.000091
0.000094
0.000083
0.000063
0.000054
0.000071
0.000100
0.000116
0.000113
0.000110
0.000125
0.000149
0.000165
0.000163
0.000148
0.000127
0.000107
0.000092
0.000081
0.000066
0.000048
0.000042
0.000057
0.000082
0.000097
0.000097
0.000097
0.000106
0.000117
0.000124
0.000132
0.000141
0.000143
0.000132
0.000119
0.000118
0.000131
0.000144
0.000150
0.000153
0.000162
0.000171
0.000170
0.000156
0.000143
0.000153
0.000192
0.000244
0.000283
0.000301
0.000309
0.000313
0.000309
0.000295
0.000278
0.000264
0.000245
0.000210
0.000166
0.000135
0.000124
0.000123
0.000117
0.000108
0.000110
0.000126
0.000149
0.000168
0.000177
0.000180
0.000185
0.000198
0.000220
0.000243
0.000266
0.000289
0.000309
0.000317
0.000312
0.000304
0.000301
0.000302
0.000295
0.000268
0.000224
0.000175
0.000132
0.000102
0.000081
0.000066
0.000056
0.000056
0.000070
0.000094
0.000117
0.000129
0.000131
0.000129
0.000134
0.000145
0.000162
0.000184
0.000210
0.000234
0.000245
0.000242
0.000235
0.000238
0.000255
0.000275
0.000285
0.000279
0.000260
0.000237
0.000222
0.000224
0.000239
0.000260
0.000276
0.000282
0.000277
0.000263
0.000252
0.000252
0.000263
0.000270
0.000262
0.000242
0.000225
0.000217
0.000213
0.000206
0.000199
0.000195
0.000192
0.000185
0.000173
0.000166
0.000175
0.000202
0.000237
0.000265
0.000279
0.000281
0.000274
0.000266
0.000264
0.000272
0.000280
0.000277
0.000257
0.000227
0.000201
0.000187
0.000189
0.000202
0.000216
0.000218
0.000206
0.000186
0.000165
0.000145
0.000130
0.000125
0.000127
0.000125
0.000111
0.000096
0.000095
0.000110
0.000123
0.000122
0.000103
0.000071
0.000035
0.000007
-0.000005
-0.000003
0.000005
0.000013
0.000028
0.000052
0.000080
0.000103
0.000121
0.000139
0.000158
0.000175
0.000190
0.000201
0.000207
0.000206
0.000198
0.000184
0.000172
0.000171
0.000189
0.000220
0.000246
0.000250
0.000232
0.000207
0.000190
0.000186
0.000195
0.000214
0.000235
0.000244
0.000238
0.000226
0.000216
0.000211
0.000208
0.000212
0.000223
0.000236
0.000241
0.000234
0.000217
0.000195
0.000169
0.000147
0.000134
0.000128
0.000120
0.000107
0.000096
0.000095
0.000104
0.000113
0.000119
0.000125
0.000133
0.000140
0.000149
0.000166
0.000194
0.000227
0.000252
0.000263
0.000261
0.000253
0.000247
0.000244
0.000243
0.000238
0.000231
0.000221
0.000207
0.000188
0.000173
0.000171
0.000184
0.000203
0.000219
0.000229
0.000232
0.000224
0.000207
0.000191
0.000192
0.000206
0.000222
0.000231
0.000234
0.000236
0.000232
0.000217
0.000195
0.000175
0.000163
0.000154
0.000148
0.000145
0.000145
0.000141
0.000129
0.000110
0.000097
0.000095
0.000104
0.000113
0.000110
0.000090
0.000058
0.000023
-0.000005
-0.000024
-0.000033
-0.000029
-0.000009
0.000019
0.000044
0.000060
0.000074
0.000089
0.000102
0.000104
0.000100
0.000106
0.000127
0.000155
0.000175
0.000183
0.000178
0.000161
0.000133
0.000099
0.000069
0.000052
0.000053
0.000071
0.000093
0.000109
0.000119
0.000134
0.000160
0.000182
0.000183
0.000163
0.000138
0.000128
0.000140
0.000166
0.000191
0.000201
0.000197
0.000188
0.000180
0.000171
0.000167
0.000183
0.000220
0.000262
0.000284
0.000288
0.000282
0.000267
0.000234
0.000188
0.000149
0.000124
0.000098
0.000065
0.000040
0.000039
0.000056
0.000074
0.000091
0.000115
0.000143
0.000161
0.000160
0.000149
0.000143
0.000147
0.000161
0.000179
0.000186
0.000178
0.000163
0.000157
0.000168
0.000191
0.000216
0.000230
0.000224
0.000198
0.000168
0.000155
0.000166
0.000192
0.000221
0.000246
0.000261
0.000258
0.000234
0.000202
0.000173
0.000155
0.000147
0.000150
0.000158
0.000163
0.000156
0.000139
0.000121
0.000108
0.000095
0.000084
0.000079
0.000084
0.000100
0.000124
0.000152
0.000177
0.000191
0.000185
0.000164
0.000137
0.000113
0.000091
0.000069
0.000055
0.000065
0.000101
0.000148
0.000181
0.000190
0.000182
0.000167
0.000152
0.000141
0.000129
0.000118
0.000108
0.000111
0.000131
0.000159
0.000180
0.000191
0.000200
0.000217
0.000234
0.000238
0.000229
0.000213
0.000195
0.000178
0.000162
0.000152
0.000147
0.000139
0.000124
0.000104
0.000088
0.000089
0.000112
0.000156
0.000208
0.000250
0.000271
0.000273
0.000273
0.000282
0.000296
0.000296
0.000273
0.000230
0.000182
0.000144
0.000125
0.000128
0.000152
0.000185
0.000218
0.000244
0.000258
0.000261
0.000255
0.000244
0.000231
0.000212
0.000188
0.000167
0.000155
0.000151
0.000145
0.000137
0.000135
0.000144
0.000158
0.000170
0.000183
0.000202
0.000229
0.000255
0.000274
0.000280
0.000270
0.000251
0.000237
0.000238
0.000248
0.000250
0.000235
0.000210
0.000188
0.000176
0.000167
0.000150
0.000119
0.000080
0.000053
0.000052
0.000081
0.000123
0.000158
0.000172
0.000173
0.000175
0.000188
0.000204
0.000207
0.000196
0.000181
0.000176
0.000181
0.000188
0.000194
0.000205
0.000228
0.000258
0.000281
0.000284
0.000262
0.000225
0.000184
0.000139
0.000086
0.000035
0.000005
0.000010
0.000040
0.000075
0.000109
0.000142
0.000174
0.000192
0.000193
0.000190
0.000200
0.000222
0.000240
0.000245
0.000240
0.000240
0.000247
0.000252
0.000246
0.000237
0.000235
0.000242
0.000245
0.000238
0.000226
0.000220
0.000222
0.000226
0.000224
0.000219
0.000213
0.000209
0.000206
0.000200
0.000195
0.000201
0.000226
0.000259
0.000274
0.000257
0.000215
0.000172
0.000144
0.000129
0.000122
0.000119
0.000120
0.000124
0.000130
0.000135
0.000134
0.000125
0.000110
0.000095
0.000079
0.000065
0.000053
0.000049
0.000054
0.000065
0.000080
0.000098
0.000118
0.000133
0.000136
0.000122
0.000096
0.000072
0.000061
0.000061
0.000067
0.000079
0.000097
0.000120
0.000138
0.000146
0.000155
0.000172
0.000187
0.000187
0.000176
0.000168
0.000174
0.000190
0.000211
0.000241
0.000278
0.000306
0.000310
0.000298
0.000282
0.000265
0.000242
0.000216
0.000203
0.000209
0.000224
0.000230
0.000220
0.000196
0.000168
0.000145
0.000131
0.000129
0.000135
0.000142
0.000141
0.000128
0.000109
0.000100
0.000114
0.000151
0.000196
0.000233
0.000260
0.000280
0.000297
0.000307
0.000299
0.000268
0.000220
0.000168
0.000129
0.000109
0.000113
0.000137
0.000169
0.000190
0.000187
0.000166
0.000146
0.000142
0.000150
0.000160
0.000171
0.000186
0.000201
0.000205
0.000192
0.000174
0.000170
0.000182
0.000197
0.000208
0.000225
0.000262
0.000307
0.000337
0.000336
0.000312
0.000281
0.000253
0.000234
0.000223
0.000209
0.000183
0.000144
0.000112
0.000103
0.000115
0.000131
0.000142
0.000150
0.000158
0.000165
0.000168
0.000176
0.000196
0.000220
0.000232
0.000222
0.000197
0.000172
0.000155
0.000143
0.000135
0.000131
0.000131
0.000135
0.000147
0.000174
0.000214
0.000255
0.000283
0.000294
0.000290
0.000270
0.000238
0.000205
0.000187
0.000186
0.000193
0.000201
0.000211
0.000224
0.000235
0.000237
0.000237
0.000247
0.000269
0.000295
0.000314
0.000316
0.000296
0.000257
0.000211
0.000177
0.000160
0.000154
0.000144
0.000122
0.000091
0.000065
0.000056
0.000064
0.000080
0.000091
0.000094
0.000090
0.000084
0.000081
0.000084
0.000090
0.000088
0.000074
0.000057
0.000054
0.000069
0.000093
0.000114
0.000121
0.000114
0.000104
0.000100
0.000107
0.000124
0.000148
0.000182
0.000213
0.000225
0.000208
0.000180
0.000162
0.000155
0.000150
0.000141
0.000129
0.000118
0.000109
0.000109
0.000124
0.000146
0.000159
0.000163
0.000170
0.000189
0.000211
0.000225
0.000225
0.000215
0.000200
0.000189
0.000191
0.000197
0.000197
0.000185
0.000165
0.000144
0.000124
0.000116
0.000131
0.000158
0.000172
0.000161
0.000144
0.000140
0.000146
0.000145
0.000132
0.000110
0.000087
0.000069
0.000069
0.000088
0.000114
0.000135
0.000152
0.000174
0.000194
0.000197
0.000186
0.000175
0.000169
0.000163
0.000153
0.000145
0.000137
0.000120
0.000095
0.000081
0.000090
0.000113
0.000123
0.000111
0.000085
0.000060
0.000045
0.000041
0.000040
0.000035
0.000022
0.000009
0.000005
0.000013
0.000031
0.000052
0.000072
0.000087
0.000099
0.000107
0.000111
0.000114
0.000123
0.000139
0.000152
0.000148
0.000132
0.000123
0.000131
0.000150
0.000160
0.000158
0.000151
0.000154
0.000167
0.000186
0.000200
0.000207
0.000210
0.000214
0.000219
0.000220
0.000215
0.000206
0.000193
0.000177
0.000162
0.000155
0.000161
0.000173
0.000180
0.000182
0.000185
0.000188
0.000184
0.000170
0.000151
0.000137
0.000135
0.000140
0.000146
0.000150
0.000156
0.000166
0.000171
0.000154
0.000113
0.000063
0.000026
0.000008
0.000000
-0.000008
-0.000016
-0.000017
-0.000003
0.000023
0.000046
0.000051
0.000040
0.000031
0.000038
0.000052
0.000058
0.000051
0.000038
0.000023
0.000002
-0.000026
-0.000052
-0.000063
-0.000051
-0.000019
0.000019
0.000047
0.000056
0.000051
0.000041
0.000038
0.000045
0.000066
0.000099
0.000135
0.000161
0.000166
0.000151
0.000128
0.000111
0.000111
0.000127
0.000143
0.000147
0.000142
0.000145
0.000158
0.000170
0.000172
0.000174
0.000190
0.000220
0.000247
0.000261
0.000266
0.000267
0.000264
0.000248
0.000217
0.000183
0.000162
0.000166
0.000190
0.000216
0.000224
0.000214
0.000198
0.000189
0.000183
0.000172
0.000157
0.000145
0.000143
0.000148
0.000157
0.000165
0.000169
0.000169
0.000167
0.000168
0.000175
0.000186
0.000198
0.000204
0.000206
0.000201
0.000189
0.000173
0.000162
0.000164
0.000176
0.000181
0.000162
0.000122
0.000082
0.000064
0.000071
0.000097
0.000135
0.000174
0.000201
0.000208
0.000202
0.000195
0.000191
0.000182
0.000159
0.000125
0.000092
0.000070
0.000066
0.000080
0.000104
0.000126
0.000137
0.000144
0.000155
0.000169
0.000183
0.000201
0.000228
0.000252
0.000256
0.000238
0.000215
0.000206
0.000212
0.000215
0.000207
0.000193
0.000186
0.000197
0.000222
0.000249
0.000263
0.000263
0.000255
0.000248
0.000243
0.000240
0.000241
0.000251
0.000262
0.000266
0.000264
0.000262
0.000262
0.000262
0.000258
0.000252
0.000239
0.000216
0.000190
0.000179
0.000189
0.000211
0.000231
0.000246
0.000256
0.000255
0.000235
0.000207
0.000187
0.000179
0.000167
0.000143
0.000113
0.000085
0.000062
0.000044
0.000036
0.000032
0.000020
0.000001
-0.000007
0.000010
0.000043
0.000073
0.000093
0.000109
0.000116
0.000107
0.000083
0.000062
0.000054
0.000051
0.000045
0.000041
0.000041
0.000044
0.000043
0.000046
0.000062
0.000089
0.000116
0.000136
0.000146
0.000146
0.000132
0.000109
0.000091
0.000092
0.000112
0.000139
0.000157
0.000158
0.000150
0.000144
0.000146
0.000152
0.000156
0.000154
0.000147
0.000133
0.000111
0.000089
0.000076
0.000075
0.000081
0.000095
0.000121
0.000154
0.000181
0.000191
0.000185
0.000171
0.000160
0.000159
0.000172
0.000198
0.000222
0.000230
0.000222
0.000205
0.000186
0.000165
0.000142
0.000124
0.000118
0.000126
0.000143
0.000165
0.000190
0.000217
0.000236
0.000236
0.000211
0.000174
0.000146
0.000131
0.000124
0.000118
0.000122
0.000143
0.000174
0.000196
0.000204
0.000206
0.000211
0.000216
0.000209
0.000194
0.000181
0.000176
0.000175
0.000177
0.000185
0.000199
0.000210
0.000206
0.000190
0.000177
0.000178
0.000192
0.000207
0.000215
0.000213
0.000204
0.000194
0.000191
0.000192
0.000182
0.000151
0.000109
0.000079
0.000072
0.000078
0.000086
0.000093
0.000104
0.000120
0.000138
0.000148
0.000145
0.000131
0.000114
0.000111
0.000123
0.000142
0.000159
0.000172
0.000180
0.000177
0.000163
0.000152
0.000156
0.000172
0.000189
0.000197
0.000192
0.000170
0.000134
0.000097
0.000076
0.000076
0.000082
0.000080
0.000079
0.000099
0.000144
0.000193
0.000217
0.000205
0.000176
0.000165
0.000185
0.000223
0.000257
0.000277
0.000286
0.000283
0.000264
0.000237
0.000213
0.000197
0.000183
0.000167
0.000157
0.000162
0.000180
0.000197
0.000203
0.000196
0.000186
0.000183
0.000191
0.000206
0.000217
0.000219
0.000214
0.000199
0.000173
0.000143
0.000123
0.000120
0.000126
0.000129
0.000126
0.000117
0.000105
0.000091
0.000078
0.000071
0.000066
0.000057
0.000048
0.000047
0.000059
0.000077
0.000094
0.000102
0.000107
0.000113
0.000123
0.000140
0.000166
0.000202
0.000241
0.000265
0.000261
0.000237
0.000215
0.000208
0.000208
0.000199
0.000174
0.000137
0.000093
0.000055
0.000039
0.000053
0.000086
0.000117
0.000135
0.000143
0.000150
0.000158
0.000167
0.000177
0.000185
0.000187
0.000181
0.000169
0.000155
0.000145
0.000142
0.000149
0.000156
0.000155
0.000148
0.000142
0.000141
0.000139
0.000133
0.000126
0.000125
0.000124
0.000118
0.000106
0.000093
0.000086
0.000085
0.000090
0.000095
0.000096
0.000096
0.000104
0.000116
0.000115
0.000094
0.000071
0.000076
0.000110
0.000153
0.000182
0.000197
0.000206
0.000216
0.000222
0.000226
0.000228
0.000224
0.000203
0.000164
0.000118
0.000082
0.000064
0.000060
0.000063
0.000070
0.000081
0.000100
0.000128
0.000160
0.000191
0.000215
0.000229
0.000235
0.000237
0.000238
0.000235
0.000219
0.000186
0.000147
0.000118
0.000111
0.000124
0.000148
0.000177
0.000204
0.000222
0.000227
0.000229
0.000240
0.000263
0.000289
0.000305
0.000308
0.000306
0.000307
0.000310
0.000305
0.000283
0.000243
0.000198
0.000164
0.000146
0.000140
0.000145
0.000163
0.000187
0.000200
0.000195
0.000177
0.000161
0.000150
0.000139
0.000128
0.000116
0.000095
0.000065
0.000034
0.000021
0.000034
0.000059
0.000082
0.000098
0.000109
0.000118
0.000124
0.000131
0.000142
0.000153
0.000162
0.000171
0.000183
0.000197
0.000207
0.000210
0.000204
0.000188
0.000166
0.000149
0.000146
0.000157
0.000175
0.000192
0.000204
0.000206
0.000197
0.000186
0.000179
0.000174
0.000165
0.000152
0.000142
0.000139
0.000139
0.000138
0.000135
0.000129
0.000117
0.000100
0.000083
0.000070
0.000065
0.000080
0.000120
0.000176
0.000223
0.000246
0.000249
0.000239
0.000217
0.000189
0.000170
0.000176
0.000199
0.000216
0.000216
0.000205
0.000192
0.000180
0.000169
0.000159
0.000146
0.000124
0.000095
0.000079
0.000091
0.000127
0.000168
0.000201
0.000221
0.000225
0.000214
0.000197
0.000184
0.000178
0.000173
0.000167
0.000168
0.000180
0.000192
0.000192
0.000179
0.000166
0.000168
0.000187
0.000214
0.000239
0.000257
0.000269
0.000276
0.000280
0.000281
0.000280
0.000275
0.000261
0.000232
0.000194
0.000163
0.000152
0.000155
0.000157
0.000150
0.000141
0.000139
0.000142
0.000143
0.000138
0.000136
0.000145
0.000160
0.000167
0.000154
0.000123
0.000090
0.000070
0.000072
0.000094
0.000124
0.000152
0.000172
0.000186
0.000198
0.000210
0.000219
0.000221
0.000215
0.000206
0.000200
0.000201
0.000206
0.000203
0.000185
0.000157
0.000133
0.000124
0.000126
0.000128
0.000125
0.000122
0.000122
0.000124
0.000126
0.000129
0.000123
0.000099
0.000059
0.000026
0.000024
0.000059
0.000112
0.000163
0.000203
0.000227
0.000231
0.000216
0.000189
0.000160
0.000138
0.000129
0.000133
0.000150
0.000176
0.000203
0.000224
0.000231
0.000221
0.000198
0.000172
0.000160
0.000167
0.000182
0.000191
0.000191
0.000190
0.000196
0.000202
0.000198
0.000179
0.000154
0.000133
0.000121
0.000120
0.000133
0.000161
0.000202
0.000245
0.000277
0.000289
0.000281
0.000266
0.000257
0.000260
0.000262
0.000250
0.000223
0.000198
0.000193
0.000204
0.000216
0.000217
0.000217
0.000226
0.000241
0.000245
0.000228
0.000196
0.000168
0.000158
0.000166
0.000185
0.000201
0.000208
0.000205
0.000197
0.000185
0.000168
0.000150
0.000136
0.000123
0.000097
0.000048
-0.000008
-0.000044
-0.000053
-0.000045
-0.000034
-0.000018
0.000009
0.000045
0.000084
0.000127
0.000166
0.000185
0.000173
0.000139
0.000099
0.000062
0.000027
-0.000002
-0.000016
-0.000012
0.000002
0.000021
0.000046
0.000072
0.000090
0.000098
0.000101
0.000106
0.000117
0.000131
0.000144
0.000150
0.000144
0.000132
0.000130
0.000140
0.000149
0.000140
0.000113
0.000080
0.000057
0.000056
0.000076
0.000108
0.000140
0.000172
0.000207
0.000243
0.000264
0.000261
0.000242
0.000227
0.000224
0.000226
0.000222
0.000210
0.000197
0.000190
0.000194
0.000205
0.000214
0.000217
0.000220
0.000231
0.000243
0.000240
0.000212
0.000174
0.000152
0.000157
0.000178
0.000193
0.000190
0.000179
0.000166
0.000145
0.000106
0.000058
0.000026
0.000024
0.000042
0.000068
0.000095
0.000121
0.000140
0.000146
0.000146
0.000149
0.000152
0.000146
0.000129
0.000105
0.000079
0.000053
0.000033
0.000026
0.000028
0.000034
0.000042
0.000060
0.000093
0.000137
0.000182
0.000224
0.000255
0.000266
0.000250
0.000216
0.000182
0.000165
0.000165
0.000174
0.000181
0.000184
0.000187
0.000195
0.000209
0.000226
0.000244
0.000252
0.000235
0.000191
0.000140
0.000104
0.000091
0.000098
0.000117
0.000145
0.000169
0.000177
0.000167
0.000154
0.000145
0.000136
0.000125
0.000121
0.000129
0.000136
0.000131
0.000115
0.000103
0.000102
0.000107
0.000114
0.000121
0.000126
0.000122
0.000108
0.000084
0.000057
0.000032
0.000020
0.000023
0.000033
0.000041
0.000048
0.000059
0.000075
0.000091
0.000099
0.000099
0.000096
0.000100
0.000118
0.000147
0.000171
0.000179
0.000177
0.000178
0.000183
0.000185
0.000184
0.000184
0.000190
0.000199
0.000208
0.000216
0.000216
0.000203
0.000179
0.000151
0.000127
0.000107
0.000095
0.000099
0.000117
0.000139
0.000153
0.000163
0.000176
0.000192
0.000209
0.000225
0.000234
0.000229
0.000207
0.000171
0.000131
0.000097
0.000079
0.000080
0.000096
0.000112
0.000123
0.000139
0.000168
0.000203
0.000227
0.000233
0.000222
0.000202
0.000176
0.000151
0.000127
0.000111
0.000109
0.000131
0.000167
0.000192
0.000192
0.000181
0.000185
0.000208
0.000223
0.000213
0.000184
0.000159
0.000147
0.000142
0.000139
0.000134
0.000132
0.000137
0.000155
0.000178
0.000195
0.000202
0.000207
0.000220
0.000232
0.000225
0.000196
0.000160
0.000133
0.000119
0.000111
0.000100
0.000086
0.000075
0.000072
0.000079
0.000093
0.000113
0.000143
0.000184
0.000226
0.000254
0.000256
0.000230
0.000188
0.000148
0.000128
0.000136
0.000160
0.000177
0.000174
0.000153
0.000128
0.000115
0.000121
0.000144
0.000166
0.000168
0.000145
0.000115
0.000097
0.000096
0.000107
0.000122
0.000139
0.000154
0.000165
0.000178
0.000201
0.000229
0.000246
0.000244
0.000229
0.000214
0.000208
0.000210
0.000220
0.000235
0.000245
0.000237
0.000207
0.000163
0.000116
0.000077
0.000056
0.000055
0.000064
0.000069
0.000063
0.000055
0.000061
0.000085
0.000120
0.000156
0.000185
0.000202
0.000208
0.000209
0.000212
0.000211
0.000195
0.000160
0.000122
0.000102
0.000101
0.000104
0.000101
0.000099
0.000109
0.000131
0.000156
0.000176
0.000194
0.000210
0.000219
0.000218
0.000206
0.000187
0.000161
0.000132
0.000104
0.000085
0.000077
0.000077
0.000079
0.000077
0.000073
0.000071
0.000081
0.000103
0.000126
0.000143
0.000156
0.000172
0.000185
0.000184
0.000164
0.000137
0.000115
0.000101
0.000094
0.000100
0.000125
0.000164
0.000200
0.000222
0.000230
0.000230
0.000224
0.000214
0.000204
0.000200
0.000200
0.000199
0.000196
0.000195
0.000195
0.000192
0.000179
0.000157
0.000132
0.000112
0.000096
0.000082
0.000069
0.000058
0.000051
0.000051
0.000059
0.000070
0.000080
0.000085
0.000087
0.000088
0.000093
0.000103
0.000120
0.000142
0.000160
0.000167
0.000168
0.000173
0.000184
0.000203
0.000229
0.000262
0.000295
0.000314
0.000311
0.000292
0.000267
0.000240
0.000214
0.000195
0.000187
0.000187
0.000191
0.000197
0.000204
0.000205
0.000190
0.000157
0.000114
0.000074
0.000048
0.000041
0.000052
0.000069
0.000083
0.000097
0.000118
0.000143
0.000162
0.000171
0.000171
0.000163
0.000146
0.000125
0.000117
0.000126
0.000140
0.000145
0.000144
0.000150
0.000167
0.000191
0.000221
0.000254
0.000282
0.000291
0.000283
0.000278
0.000288
0.000305
0.000308
0.000289
0.000255
0.000225
0.000214
0.000218
0.000220
0.000206
0.000180
0.000166
0.000176
0.000202
0.000229
0.000254
0.000278
0.000294
0.000287
0.000259
0.000227
0.000208
0.000205
0.000208
0.000211
0.000219
0.000235
0.000249
0.000250
0.000239
0.000225
0.000217
0.000210
0.000200
0.000185
0.000177
0.000183
0.000200
0.000217
0.000227
0.000228
0.000225
0.000224
0.000225
0.000222
0.000212
0.000199
0.000186
0.000177
0.000172
0.000173
0.000179
0.000188
0.000197
0.000203
0.000204
0.000198
0.000190
0.000190
0.000207
0.000233
0.000249
0.000242
0.000218
0.000191
0.000166
0.000143
0.000129
0.000137
0.000169
0.000212
0.000247
0.000268
0.000278
0.000286
0.000289
0.000280
0.000255
0.000219
0.000191
0.000184
0.000195
0.000209
0.000217
0.000222
0.000231
0.000241
0.000249
0.000261
0.000281
0.000299
0.000299
0.000278
0.000248
0.000221
0.000198
0.000174
0.000149
0.000126
0.000100
0.000073
0.000055
0.000059
0.000085
0.000123
0.000160
0.000187
0.000203
0.000208
0.000209
0.000214
0.000225
0.000237
0.000243
0.000244
0.000241
0.000237
0.000229
0.000221
0.000214
0.000202
0.000177
0.000138
0.000098
0.000075
0.000081
0.000110
0.000146
0.000176
0.000191
0.000193
0.000186
0.000178
0.000172
0.000176
0.000189
0.000209
0.000226
0.000234
0.000232
0.000222
0.000207
0.000188
0.000168
0.000156
0.000157
0.000166
0.000182
0.000208
0.000246
0.000285
0.000305
0.000299
0.000285
0.000280
0.000283
0.000277
0.000247
0.000198
0.000144
0.000097
0.000062
0.000045
0.000048
0.000070
0.000107
0.000151
0.000191
0.000215
0.000225
0.000228
0.000237
0.000247
0.000248
0.000230
0.000204
0.000189
0.000197
0.000221
0.000248
0.000269
0.000284
0.000294
0.000297
0.000286
0.000263
0.000236
0.000213
0.000195
0.000176
0.000152
0.000124
0.000101
0.000091
0.000102
0.000132
0.000172
0.000214
0.000250
0.000276
0.000288
0.000286
0.000266
0.000234
0.000202
0.000181
0.000176
0.000179
0.000178
0.000174
0.000176
0.000192
0.000217
0.000243
0.000264
0.000274
0.000272
0.000258
0.000240
0.000223
0.000208
0.000193
0.000181
0.000178
0.000189
0.000217
0.000255
0.000292
0.000315
0.000319
0.000306
0.000281
0.000252
0.000223
0.000198
0.000178
0.000161
0.000148
0.000145
0.000154
0.000170
0.000183
0.000187
0.000182
0.000174
0.000169
0.000173
0.000183
0.000192
0.000193
0.000193
0.000203
0.000224
0.000245
0.000262
0.000280
0.000305
0.000331
0.000343
0.000337
0.000321
0.000303
0.000284
0.000266
0.000253
0.000246
0.000242
0.000235
0.000229
0.000230
0.000237
0.000240
0.000233
0.000219
0.000206
0.000199
0.000205
0.000225
0.000259
0.000294
0.000320
0.000331
0.000331
0.000322
0.000304
0.000285
0.000277
0.000285
0.000303
0.000320
0.000331
0.000341
0.000358
0.000377
0.000391
0.000399
0.000403
0.000404
0.000399
0.000388
0.000375
0.000364
0.000351
0.000334
0.000317
0.000311
0.000318
0.000329
0.000336
0.000340
0.000342
0.000341
0.000330
0.000311
0.000289
0.000267
0.000245
0.000221
0.000197
0.000180
0.000177
0.000186
0.000201
0.000210
0.000208
0.000201
0.000200
0.000205
0.000211
0.000212
0.000210
0.000206
0.000197
0.000182
0.000169
0.000166
0.000172
0.000179
0.000185
0.000189
0.000193
0.000194
0.000190
0.000186
0.000188
0.000193
0.000194
0.000183
0.000163
0.000150
0.000154
0.000168
0.000180
0.000181
0.000179
0.000178
0.000180
0.000182
0.000184
0.000189
0.000193
0.000194
0.000193
0.000198
0.000209
0.000221
0.000229
0.000233
0.000230
0.000217
0.000197
0.000177
0.000159
0.000144
0.000136
0.000141
0.000160
0.000183
0.000202
0.000215
0.000225
0.000225
0.000214
0.000199
0.000191
0.000190
0.000197
0.000215
0.000242
0.000266
0.000276
0.000274
0.000268
0.000264
0.000256
0.000244
0.000231
0.000223
0.000219
0.000217
0.000221
0.000226
0.000226
0.000221
0.000219
0.000224
0.000236
0.000252
0.000267
0.000280
0.000283
0.000277
0.000274
0.000285
0.000305
0.000322
0.000333
0.000347
0.000365
0.000377
0.000375
0.000367
0.000362
0.000359
0.000349
0.000328
0.000303
0.000282
0.000266
0.000251
0.000230
0.000205
0.000179
0.000163
0.000162
0.000176
0.000196
0.000216
0.000230
0.000241
0.000253
0.000270
0.000292
0.000309
0.000312
0.000299
0.000281
0.000270
0.000274
0.000287
0.000295
0.000288
0.000265
0.000242
0.000234
0.000246
0.000264
0.000271
0.000264
0.000253
0.000249
0.000258
0.000276
0.000299
0.000314
0.000310
0.000288
0.000262
0.000248
0.000244
0.000235
0.000218
0.000205
0.000209
0.000226
0.000237
0.000231
0.000217
0.000207
0.000206
0.000211
0.000215
0.000220
0.000227
0.000234
0.000239
0.000243
0.000246
0.000250
0.000257
0.000269
0.000283
0.000295
0.000301
0.000302
0.000304
0.000314
0.000335
0.000362
0.000382
0.000385
0.000372
0.000353
0.000341
0.000337
0.000334
0.000328
0.000323
0.000328
0.000346
0.000368
0.000383
0.000377
0.000354
0.000323
0.000291
0.000258
0.000227
0.000209
0.000211
0.000224
0.000232
0.000228
0.000222
0.000223
0.000231
0.000239
0.000252
0.000272
0.000295
0.000316
0.000331
0.000344
0.000356
0.000368
0.000385
0.000408
0.000427
0.000425
0.000400
0.000364
0.000330
0.000299
0.000269
0.000248
0.000244
0.000260
0.000288
0.000317
0.000342
0.000354
0.000349
0.000330
0.000310
0.000300
0.000304
0.000312
0.000313
0.000304
0.000287
0.000266
0.000245
0.000225
0.000210
0.000202
0.000201
0.000199
0.000195
0.000187
0.000179
0.000174
0.000174
0.000178
0.000181
0.000182
0.000186
0.000197
0.000210
0.000218
0.000219
0.000216
0.000215
0.000215
0.000214
0.000213
0.000215
0.000216
0.000215
0.000217
0.000224
0.000232
0.000236
0.000234
0.000229
0.000221
0.000207
0.000191
0.000185
0.000199
0.000234
0.000275
0.000302
0.000305
0.000291
0.000272
0.000256
0.000243
0.000235
0.000235
0.000245
0.000256
0.000261
0.000261
0.000256
0.000244
0.000222
0.000198
0.000186
0.000191
0.000209
0.000233
0.000261
0.000281
0.000284
0.000272
0.000261
0.000259
0.000263
0.000268
0.000270
0.000266
0.000251
0.000229
0.000215
0.000221
0.000238
0.000251
0.000261
0.000279
0.000307
0.000330
0.000335
0.000322
